ISO-10303-21;
HEADER;
/* Generated by software containing ST-Developer
 * from STEP Tools, Inc. (www.steptools.com) 
 */
/* OPTION: using custom renumber hook */

FILE_DESCRIPTION(
/* description */ ('STEP AP242 Edition 2',
'CAx-IF Rec.Pracs.---Representation and Presentation of Product Manufa
cturing Information (PMI)---4.0---2014-10-13',
'CAx-IF Rec.Pracs.---3D Tessellated Geometry---0.4---2014-09-14','2;1',
'CAx-IF Rec.Pracs.---User Defined Attributes---1.5---2016-08-15'),
/* implementation_level */ '2;1');

FILE_NAME(
/* name */ 'Main chassis - Part 56',
/* time_stamp */ '2026-06-20T13:43:42Z',
/* author */ (''),
/* organization */ (''),
/* preprocessor_version */ 'ST-DEVELOPER v20',
/* originating_system */ 'ONSHAPE BY PTC INC, 1.216',
/* authorisation */ '  ');

FILE_SCHEMA (('AP242_MANAGED_MODEL_BASED_3D_ENGINEERING_MIM_LF { 1 0 10303 442 3 1 4 }'));
ENDSEC;

DATA;
#10=SHAPE_REPRESENTATION_RELATIONSHIP('','',#690,#11);
#11=ADVANCED_BREP_SHAPE_REPRESENTATION('',(#688),#2951);
#12=CYLINDRICAL_SURFACE('',#702,0.000500044495384812);
#13=CYLINDRICAL_SURFACE('',#722,0.001075);
#14=CYLINDRICAL_SURFACE('',#725,0.001075);
#15=CIRCLE('',#693,0.000500044495384812);
#16=CIRCLE('',#695,0.0005);
#17=CIRCLE('',#697,0.0005);
#18=CIRCLE('',#700,0.0005);
#19=CIRCLE('',#701,0.0005);
#20=CIRCLE('',#703,0.0005);
#21=CIRCLE('',#705,0.0005);
#22=CIRCLE('',#706,0.0005);
#23=CIRCLE('',#708,0.0005);
#24=CIRCLE('',#709,0.0005);
#25=CIRCLE('',#720,0.001075);
#26=CIRCLE('',#726,0.001075);
#27=PLANE('',#692);
#28=PLANE('',#694);
#29=PLANE('',#696);
#30=PLANE('',#698);
#31=PLANE('',#699);
#32=PLANE('',#704);
#33=PLANE('',#707);
#34=PLANE('',#710);
#35=PLANE('',#711);
#36=PLANE('',#712);
#37=PLANE('',#713);
#38=PLANE('',#714);
#39=PLANE('',#715);
#40=PLANE('',#716);
#41=PLANE('',#717);
#42=PLANE('',#718);
#43=PLANE('',#719);
#44=PLANE('',#721);
#45=PLANE('',#723);
#46=PLANE('',#724);
#47=PLANE('',#727);
#48=PLANE('',#728);
#49=LINE('',#881,#96);
#50=LINE('',#898,#97);
#51=LINE('',#946,#98);
#52=LINE('',#948,#99);
#53=LINE('',#952,#100);
#54=LINE('',#975,#101);
#55=LINE('',#976,#102);
#56=LINE('',#979,#103);
#57=LINE('',#981,#104);
#58=LINE('',#983,#105);
#59=LINE('',#984,#106);
#60=LINE('',#987,#107);
#61=LINE('',#989,#108);
#62=LINE('',#991,#109);
#63=LINE('',#1083,#110);
#64=LINE('',#1086,#111);
#65=LINE('',#1088,#112);
#66=LINE('',#1090,#113);
#67=LINE('',#1161,#114);
#68=LINE('',#1164,#115);
#69=LINE('',#1166,#116);
#70=LINE('',#1168,#117);
#71=LINE('',#1220,#118);
#72=LINE('',#1279,#119);
#73=LINE('',#1286,#120);
#74=LINE('',#1306,#121);
#75=LINE('',#1312,#122);
#76=LINE('',#1316,#123);
#77=LINE('',#1318,#124);
#78=LINE('',#2911,#125);
#79=LINE('',#2912,#126);
#80=LINE('',#2914,#127);
#81=LINE('',#2916,#128);
#82=LINE('',#2919,#129);
#83=LINE('',#2920,#130);
#84=LINE('',#2922,#131);
#85=LINE('',#2923,#132);
#86=LINE('',#2925,#133);
#87=LINE('',#2927,#134);
#88=LINE('',#2932,#135);
#89=LINE('',#2933,#136);
#90=LINE('',#2935,#137);
#91=LINE('',#2938,#138);
#92=LINE('',#2940,#139);
#93=LINE('',#2942,#140);
#94=LINE('',#2944,#141);
#95=LINE('',#2948,#142);
#96=VECTOR('',#731,1.);
#97=VECTOR('',#732,1.);
#98=VECTOR('',#735,1.);
#99=VECTOR('',#736,1.);
#100=VECTOR('',#739,1.);
#101=VECTOR('',#740,1.);
#102=VECTOR('',#741,1.);
#103=VECTOR('',#742,1.);
#104=VECTOR('',#743,1.);
#105=VECTOR('',#744,1.);
#106=VECTOR('',#745,1.);
#107=VECTOR('',#746,1.);
#108=VECTOR('',#747,1.);
#109=VECTOR('',#748,1.);
#110=VECTOR('',#753,1.);
#111=VECTOR('',#754,1.);
#112=VECTOR('',#755,1.);
#113=VECTOR('',#756,1.);
#114=VECTOR('',#761,1.);
#115=VECTOR('',#762,1.);
#116=VECTOR('',#763,1.);
#117=VECTOR('',#764,1.);
#118=VECTOR('',#765,1.);
#119=VECTOR('',#768,1.);
#120=VECTOR('',#769,1.);
#121=VECTOR('',#772,1.);
#122=VECTOR('',#777,1.);
#123=VECTOR('',#782,1.);
#124=VECTOR('',#785,1.);
#125=VECTOR('',#798,1.);
#126=VECTOR('',#799,1.);
#127=VECTOR('',#802,1.);
#128=VECTOR('',#805,1.);
#129=VECTOR('',#810,1.);
#130=VECTOR('',#811,1.);
#131=VECTOR('',#814,1.);
#132=VECTOR('',#815,1.);
#133=VECTOR('',#818,1.);
#134=VECTOR('',#821,1.);
#135=VECTOR('',#830,1.);
#136=VECTOR('',#831,1.);
#137=VECTOR('',#834,1.);
#138=VECTOR('',#839,1.);
#139=VECTOR('',#840,1.);
#140=VECTOR('',#841,1.);
#141=VECTOR('',#844,1.);
#142=VECTOR('',#849,1.);
#143=ORIENTED_EDGE('',*,*,#343,.F.);
#144=ORIENTED_EDGE('',*,*,#344,.F.);
#145=ORIENTED_EDGE('',*,*,#345,.T.);
#146=ORIENTED_EDGE('',*,*,#346,.F.);
#147=ORIENTED_EDGE('',*,*,#347,.F.);
#148=ORIENTED_EDGE('',*,*,#348,.F.);
#149=ORIENTED_EDGE('',*,*,#349,.F.);
#150=ORIENTED_EDGE('',*,*,#350,.T.);
#151=ORIENTED_EDGE('',*,*,#351,.T.);
#152=ORIENTED_EDGE('',*,*,#352,.T.);
#153=ORIENTED_EDGE('',*,*,#353,.T.);
#154=ORIENTED_EDGE('',*,*,#354,.T.);
#155=ORIENTED_EDGE('',*,*,#355,.T.);
#156=ORIENTED_EDGE('',*,*,#348,.T.);
#157=ORIENTED_EDGE('',*,*,#356,.T.);
#158=ORIENTED_EDGE('',*,*,#357,.T.);
#159=ORIENTED_EDGE('',*,*,#358,.T.);
#160=ORIENTED_EDGE('',*,*,#359,.F.);
#161=ORIENTED_EDGE('',*,*,#360,.T.);
#162=ORIENTED_EDGE('',*,*,#361,.F.);
#163=ORIENTED_EDGE('',*,*,#362,.T.);
#164=ORIENTED_EDGE('',*,*,#363,.T.);
#165=ORIENTED_EDGE('',*,*,#364,.F.);
#166=ORIENTED_EDGE('',*,*,#365,.F.);
#167=ORIENTED_EDGE('',*,*,#366,.T.);
#168=ORIENTED_EDGE('',*,*,#367,.T.);
#169=ORIENTED_EDGE('',*,*,#368,.F.);
#170=ORIENTED_EDGE('',*,*,#369,.F.);
#171=ORIENTED_EDGE('',*,*,#370,.F.);
#172=ORIENTED_EDGE('',*,*,#371,.F.);
#173=ORIENTED_EDGE('',*,*,#372,.F.);
#174=ORIENTED_EDGE('',*,*,#373,.F.);
#175=ORIENTED_EDGE('',*,*,#374,.F.);
#176=ORIENTED_EDGE('',*,*,#375,.T.);
#177=ORIENTED_EDGE('',*,*,#376,.T.);
#178=ORIENTED_EDGE('',*,*,#377,.F.);
#179=ORIENTED_EDGE('',*,*,#378,.F.);
#180=ORIENTED_EDGE('',*,*,#379,.F.);
#181=ORIENTED_EDGE('',*,*,#380,.F.);
#182=ORIENTED_EDGE('',*,*,#381,.F.);
#183=ORIENTED_EDGE('',*,*,#382,.T.);
#184=ORIENTED_EDGE('',*,*,#383,.T.);
#185=ORIENTED_EDGE('',*,*,#356,.F.);
#186=ORIENTED_EDGE('',*,*,#347,.T.);
#187=ORIENTED_EDGE('',*,*,#384,.T.);
#188=ORIENTED_EDGE('',*,*,#385,.F.);
#189=ORIENTED_EDGE('',*,*,#386,.T.);
#190=ORIENTED_EDGE('',*,*,#387,.T.);
#191=ORIENTED_EDGE('',*,*,#388,.F.);
#192=ORIENTED_EDGE('',*,*,#389,.F.);
#193=ORIENTED_EDGE('',*,*,#351,.F.);
#194=ORIENTED_EDGE('',*,*,#390,.T.);
#195=ORIENTED_EDGE('',*,*,#391,.F.);
#196=ORIENTED_EDGE('',*,*,#360,.F.);
#197=ORIENTED_EDGE('',*,*,#392,.F.);
#198=ORIENTED_EDGE('',*,*,#393,.F.);
#199=ORIENTED_EDGE('',*,*,#394,.F.);
#200=ORIENTED_EDGE('',*,*,#395,.F.);
#201=ORIENTED_EDGE('',*,*,#396,.T.);
#202=ORIENTED_EDGE('',*,*,#361,.T.);
#203=ORIENTED_EDGE('',*,*,#394,.T.);
#204=ORIENTED_EDGE('',*,*,#397,.F.);
#205=ORIENTED_EDGE('',*,*,#398,.F.);
#206=ORIENTED_EDGE('',*,*,#349,.T.);
#207=ORIENTED_EDGE('',*,*,#355,.F.);
#208=ORIENTED_EDGE('',*,*,#396,.F.);
#209=ORIENTED_EDGE('',*,*,#384,.F.);
#210=ORIENTED_EDGE('',*,*,#346,.T.);
#211=ORIENTED_EDGE('',*,*,#391,.T.);
#212=ORIENTED_EDGE('',*,*,#399,.T.);
#213=ORIENTED_EDGE('',*,*,#400,.T.);
#214=ORIENTED_EDGE('',*,*,#401,.T.);
#215=ORIENTED_EDGE('',*,*,#402,.F.);
#216=ORIENTED_EDGE('',*,*,#357,.F.);
#217=ORIENTED_EDGE('',*,*,#402,.T.);
#218=ORIENTED_EDGE('',*,*,#403,.T.);
#219=ORIENTED_EDGE('',*,*,#404,.T.);
#220=ORIENTED_EDGE('',*,*,#358,.F.);
#221=ORIENTED_EDGE('',*,*,#405,.F.);
#222=ORIENTED_EDGE('',*,*,#392,.T.);
#223=ORIENTED_EDGE('',*,*,#359,.T.);
#224=ORIENTED_EDGE('',*,*,#404,.F.);
#225=ORIENTED_EDGE('',*,*,#406,.T.);
#226=ORIENTED_EDGE('',*,*,#379,.T.);
#227=ORIENTED_EDGE('',*,*,#378,.T.);
#228=ORIENTED_EDGE('',*,*,#407,.T.);
#229=ORIENTED_EDGE('',*,*,#408,.F.);
#230=ORIENTED_EDGE('',*,*,#409,.F.);
#231=ORIENTED_EDGE('',*,*,#410,.F.);
#232=ORIENTED_EDGE('',*,*,#411,.F.);
#233=ORIENTED_EDGE('',*,*,#411,.T.);
#234=ORIENTED_EDGE('',*,*,#412,.F.);
#235=ORIENTED_EDGE('',*,*,#407,.F.);
#236=ORIENTED_EDGE('',*,*,#377,.T.);
#237=ORIENTED_EDGE('',*,*,#350,.F.);
#238=ORIENTED_EDGE('',*,*,#398,.T.);
#239=ORIENTED_EDGE('',*,*,#395,.T.);
#240=ORIENTED_EDGE('',*,*,#408,.T.);
#241=ORIENTED_EDGE('',*,*,#412,.T.);
#242=ORIENTED_EDGE('',*,*,#410,.T.);
#243=ORIENTED_EDGE('',*,*,#409,.T.);
#244=ORIENTED_EDGE('',*,*,#397,.T.);
#245=ORIENTED_EDGE('',*,*,#393,.T.);
#246=ORIENTED_EDGE('',*,*,#405,.T.);
#247=ORIENTED_EDGE('',*,*,#413,.T.);
#248=ORIENTED_EDGE('',*,*,#414,.T.);
#249=ORIENTED_EDGE('',*,*,#415,.T.);
#250=ORIENTED_EDGE('',*,*,#416,.T.);
#251=ORIENTED_EDGE('',*,*,#399,.F.);
#252=ORIENTED_EDGE('',*,*,#390,.F.);
#253=ORIENTED_EDGE('',*,*,#372,.T.);
#254=ORIENTED_EDGE('',*,*,#371,.T.);
#255=ORIENTED_EDGE('',*,*,#417,.T.);
#256=ORIENTED_EDGE('',*,*,#414,.F.);
#257=ORIENTED_EDGE('',*,*,#413,.F.);
#258=ORIENTED_EDGE('',*,*,#406,.F.);
#259=ORIENTED_EDGE('',*,*,#403,.F.);
#260=ORIENTED_EDGE('',*,*,#401,.F.);
#261=ORIENTED_EDGE('',*,*,#400,.F.);
#262=ORIENTED_EDGE('',*,*,#416,.F.);
#263=ORIENTED_EDGE('',*,*,#418,.F.);
#264=ORIENTED_EDGE('',*,*,#419,.F.);
#265=ORIENTED_EDGE('',*,*,#420,.F.);
#266=ORIENTED_EDGE('',*,*,#421,.T.);
#267=ORIENTED_EDGE('',*,*,#422,.F.);
#268=ORIENTED_EDGE('',*,*,#418,.T.);
#269=ORIENTED_EDGE('',*,*,#415,.F.);
#270=ORIENTED_EDGE('',*,*,#417,.F.);
#271=ORIENTED_EDGE('',*,*,#370,.T.);
#272=ORIENTED_EDGE('',*,*,#423,.T.);
#273=ORIENTED_EDGE('',*,*,#380,.T.);
#274=ORIENTED_EDGE('',*,*,#424,.F.);
#275=ORIENTED_EDGE('',*,*,#363,.F.);
#276=ORIENTED_EDGE('',*,*,#364,.T.);
#277=ORIENTED_EDGE('',*,*,#424,.T.);
#278=ORIENTED_EDGE('',*,*,#383,.F.);
#279=ORIENTED_EDGE('',*,*,#425,.F.);
#280=ORIENTED_EDGE('',*,*,#365,.T.);
#281=ORIENTED_EDGE('',*,*,#425,.T.);
#282=ORIENTED_EDGE('',*,*,#382,.F.);
#283=ORIENTED_EDGE('',*,*,#426,.F.);
#284=ORIENTED_EDGE('',*,*,#426,.T.);
#285=ORIENTED_EDGE('',*,*,#381,.T.);
#286=ORIENTED_EDGE('',*,*,#423,.F.);
#287=ORIENTED_EDGE('',*,*,#362,.F.);
#288=ORIENTED_EDGE('',*,*,#427,.T.);
#289=ORIENTED_EDGE('',*,*,#373,.T.);
#290=ORIENTED_EDGE('',*,*,#428,.F.);
#291=ORIENTED_EDGE('',*,*,#367,.F.);
#292=ORIENTED_EDGE('',*,*,#368,.T.);
#293=ORIENTED_EDGE('',*,*,#428,.T.);
#294=ORIENTED_EDGE('',*,*,#376,.F.);
#295=ORIENTED_EDGE('',*,*,#429,.F.);
#296=ORIENTED_EDGE('',*,*,#419,.T.);
#297=ORIENTED_EDGE('',*,*,#430,.F.);
#298=ORIENTED_EDGE('',*,*,#369,.T.);
#299=ORIENTED_EDGE('',*,*,#430,.T.);
#300=ORIENTED_EDGE('',*,*,#422,.T.);
#301=ORIENTED_EDGE('',*,*,#431,.F.);
#302=ORIENTED_EDGE('',*,*,#420,.T.);
#303=ORIENTED_EDGE('',*,*,#429,.T.);
#304=ORIENTED_EDGE('',*,*,#375,.F.);
#305=ORIENTED_EDGE('',*,*,#432,.F.);
#306=ORIENTED_EDGE('',*,*,#431,.T.);
#307=ORIENTED_EDGE('',*,*,#421,.F.);
#308=ORIENTED_EDGE('',*,*,#432,.T.);
#309=ORIENTED_EDGE('',*,*,#374,.T.);
#310=ORIENTED_EDGE('',*,*,#427,.F.);
#311=ORIENTED_EDGE('',*,*,#366,.F.);
#312=ORIENTED_EDGE('',*,*,#389,.T.);
#313=ORIENTED_EDGE('',*,*,#433,.T.);
#314=ORIENTED_EDGE('',*,*,#434,.F.);
#315=ORIENTED_EDGE('',*,*,#343,.T.);
#316=ORIENTED_EDGE('',*,*,#435,.T.);
#317=ORIENTED_EDGE('',*,*,#387,.F.);
#318=ORIENTED_EDGE('',*,*,#388,.T.);
#319=ORIENTED_EDGE('',*,*,#435,.F.);
#320=ORIENTED_EDGE('',*,*,#345,.F.);
#321=ORIENTED_EDGE('',*,*,#436,.T.);
#322=ORIENTED_EDGE('',*,*,#385,.T.);
#323=ORIENTED_EDGE('',*,*,#433,.F.);
#324=ORIENTED_EDGE('',*,*,#436,.F.);
#325=ORIENTED_EDGE('',*,*,#344,.T.);
#326=ORIENTED_EDGE('',*,*,#434,.T.);
#327=ORIENTED_EDGE('',*,*,#386,.F.);
#328=ORIENTED_EDGE('',*,*,#437,.T.);
#329=ORIENTED_EDGE('',*,*,#438,.F.);
#330=ORIENTED_EDGE('',*,*,#439,.F.);
#331=ORIENTED_EDGE('',*,*,#353,.F.);
#332=ORIENTED_EDGE('',*,*,#440,.T.);
#333=ORIENTED_EDGE('',*,*,#441,.F.);
#334=ORIENTED_EDGE('',*,*,#437,.F.);
#335=ORIENTED_EDGE('',*,*,#352,.F.);
#336=ORIENTED_EDGE('',*,*,#439,.T.);
#337=ORIENTED_EDGE('',*,*,#442,.F.);
#338=ORIENTED_EDGE('',*,*,#440,.F.);
#339=ORIENTED_EDGE('',*,*,#354,.F.);
#340=ORIENTED_EDGE('',*,*,#438,.T.);
#341=ORIENTED_EDGE('',*,*,#441,.T.);
#342=ORIENTED_EDGE('',*,*,#442,.T.);
#343=EDGE_CURVE('',#443,#444,#511,.T.);
#344=EDGE_CURVE('',#445,#443,#512,.T.);
#345=EDGE_CURVE('',#445,#444,#513,.T.);
#346=EDGE_CURVE('',#446,#447,#49,.F.);
#347=EDGE_CURVE('',#448,#446,#514,.T.);
#348=EDGE_CURVE('',#449,#448,#515,.T.);
#349=EDGE_CURVE('',#450,#449,#50,.F.);
#350=EDGE_CURVE('',#450,#451,#516,.T.);
#351=EDGE_CURVE('',#451,#447,#517,.T.);
#352=EDGE_CURVE('',#452,#453,#518,.T.);
#353=EDGE_CURVE('',#453,#454,#519,.T.);
#354=EDGE_CURVE('',#454,#452,#520,.T.);
#355=EDGE_CURVE('',#455,#449,#521,.T.);
#356=EDGE_CURVE('',#448,#456,#51,.T.);
#357=EDGE_CURVE('',#456,#457,#52,.T.);
#358=EDGE_CURVE('',#457,#458,#15,.T.);
#359=EDGE_CURVE('',#459,#458,#53,.T.);
#360=EDGE_CURVE('',#459,#460,#522,.T.);
#361=EDGE_CURVE('',#455,#460,#54,.T.);
#362=EDGE_CURVE('',#461,#462,#55,.T.);
#363=EDGE_CURVE('',#462,#463,#56,.T.);
#364=EDGE_CURVE('',#464,#463,#57,.T.);
#365=EDGE_CURVE('',#461,#464,#58,.T.);
#366=EDGE_CURVE('',#465,#466,#59,.T.);
#367=EDGE_CURVE('',#466,#467,#60,.T.);
#368=EDGE_CURVE('',#468,#467,#61,.T.);
#369=EDGE_CURVE('',#465,#468,#62,.T.);
#370=EDGE_CURVE('',#469,#470,#523,.F.);
#371=EDGE_CURVE('',#471,#469,#524,.F.);
#372=EDGE_CURVE('',#470,#471,#16,.F.);
#373=EDGE_CURVE('',#472,#473,#63,.T.);
#374=EDGE_CURVE('',#474,#472,#64,.T.);
#375=EDGE_CURVE('',#474,#475,#65,.T.);
#376=EDGE_CURVE('',#475,#473,#66,.T.);
#377=EDGE_CURVE('',#476,#477,#525,.F.);
#378=EDGE_CURVE('',#478,#476,#526,.F.);
#379=EDGE_CURVE('',#477,#478,#17,.T.);
#380=EDGE_CURVE('',#479,#480,#67,.T.);
#381=EDGE_CURVE('',#481,#479,#68,.T.);
#382=EDGE_CURVE('',#481,#482,#69,.T.);
#383=EDGE_CURVE('',#482,#480,#70,.T.);
#384=EDGE_CURVE('',#446,#456,#527,.T.);
#385=EDGE_CURVE('',#483,#484,#528,.T.);
#386=EDGE_CURVE('',#483,#485,#529,.T.);
#387=EDGE_CURVE('',#485,#486,#530,.T.);
#388=EDGE_CURVE('',#487,#486,#531,.T.);
#389=EDGE_CURVE('',#484,#487,#532,.T.);
#390=EDGE_CURVE('',#451,#488,#71,.T.);
#391=EDGE_CURVE('',#447,#488,#533,.T.);
#392=EDGE_CURVE('',#489,#459,#534,.T.);
#393=EDGE_CURVE('',#490,#489,#535,.T.);
#394=EDGE_CURVE('',#460,#490,#536,.T.);
#395=EDGE_CURVE('',#491,#492,#72,.T.);
#396=EDGE_CURVE('',#491,#455,#537,.T.);
#397=EDGE_CURVE('',#492,#490,#73,.T.);
#398=EDGE_CURVE('',#450,#491,#538,.T.);
#399=EDGE_CURVE('',#488,#493,#74,.T.);
#400=EDGE_CURVE('',#493,#494,#18,.F.);
#401=EDGE_CURVE('',#494,#495,#19,.F.);
#402=EDGE_CURVE('',#457,#495,#75,.T.);
#403=EDGE_CURVE('',#495,#496,#20,.F.);
#404=EDGE_CURVE('',#496,#458,#76,.F.);
#405=EDGE_CURVE('',#489,#497,#77,.T.);
#406=EDGE_CURVE('',#496,#497,#21,.F.);
#407=EDGE_CURVE('',#476,#498,#539,.T.);
#408=EDGE_CURVE('',#492,#498,#540,.F.);
#409=EDGE_CURVE('',#499,#492,#541,.F.);
#410=EDGE_CURVE('',#500,#499,#22,.F.);
#411=EDGE_CURVE('',#477,#500,#542,.T.);
#412=EDGE_CURVE('',#498,#500,#543,.F.);
#413=EDGE_CURVE('',#497,#501,#23,.F.);
#414=EDGE_CURVE('',#501,#502,#544,.F.);
#415=EDGE_CURVE('',#502,#503,#545,.F.);
#416=EDGE_CURVE('',#503,#493,#24,.F.);
#417=EDGE_CURVE('',#469,#502,#546,.T.);
#418=EDGE_CURVE('',#470,#503,#547,.T.);
#419=EDGE_CURVE('',#504,#505,#548,.T.);
#420=EDGE_CURVE('',#506,#504,#549,.T.);
#421=EDGE_CURVE('',#506,#507,#550,.T.);
#422=EDGE_CURVE('',#505,#507,#551,.T.);
#423=EDGE_CURVE('',#462,#479,#78,.T.);
#424=EDGE_CURVE('',#463,#480,#79,.T.);
#425=EDGE_CURVE('',#464,#482,#80,.T.);
#426=EDGE_CURVE('',#461,#481,#81,.T.);
#427=EDGE_CURVE('',#466,#472,#82,.T.);
#428=EDGE_CURVE('',#467,#473,#83,.T.);
#429=EDGE_CURVE('',#504,#475,#84,.T.);
#430=EDGE_CURVE('',#468,#505,#85,.T.);
#431=EDGE_CURVE('',#465,#507,#86,.T.);
#432=EDGE_CURVE('',#506,#474,#87,.T.);
#433=EDGE_CURVE('',#487,#484,#25,.T.);
#434=EDGE_CURVE('',#443,#485,#88,.T.);
#435=EDGE_CURVE('',#444,#486,#89,.T.);
#436=EDGE_CURVE('',#445,#483,#90,.T.);
#437=EDGE_CURVE('',#453,#508,#91,.T.);
#438=EDGE_CURVE('',#509,#508,#92,.T.);
#439=EDGE_CURVE('',#454,#509,#93,.T.);
#440=EDGE_CURVE('',#452,#510,#94,.T.);
#441=EDGE_CURVE('',#508,#510,#26,.T.);
#442=EDGE_CURVE('',#510,#509,#95,.T.);
#443=VERTEX_POINT('',#865);
#444=VERTEX_POINT('',#866);
#445=VERTEX_POINT('',#871);
#446=VERTEX_POINT('',#882);
#447=VERTEX_POINT('',#883);
#448=VERTEX_POINT('',#891);
#449=VERTEX_POINT('',#897);
#450=VERTEX_POINT('',#899);
#451=VERTEX_POINT('',#905);
#452=VERTEX_POINT('',#929);
#453=VERTEX_POINT('',#930);
#454=VERTEX_POINT('',#935);
#455=VERTEX_POINT('',#945);
#456=VERTEX_POINT('',#947);
#457=VERTEX_POINT('',#949);
#458=VERTEX_POINT('',#951);
#459=VERTEX_POINT('',#953);
#460=VERTEX_POINT('',#974);
#461=VERTEX_POINT('',#977);
#462=VERTEX_POINT('',#978);
#463=VERTEX_POINT('',#980);
#464=VERTEX_POINT('',#982);
#465=VERTEX_POINT('',#985);
#466=VERTEX_POINT('',#986);
#467=VERTEX_POINT('',#988);
#468=VERTEX_POINT('',#990);
#469=VERTEX_POINT('',#1041);
#470=VERTEX_POINT('',#1042);
#471=VERTEX_POINT('',#1081);
#472=VERTEX_POINT('',#1084);
#473=VERTEX_POINT('',#1085);
#474=VERTEX_POINT('',#1087);
#475=VERTEX_POINT('',#1089);
#476=VERTEX_POINT('',#1128);
#477=VERTEX_POINT('',#1129);
#478=VERTEX_POINT('',#1159);
#479=VERTEX_POINT('',#1162);
#480=VERTEX_POINT('',#1163);
#481=VERTEX_POINT('',#1165);
#482=VERTEX_POINT('',#1167);
#483=VERTEX_POINT('',#1199);
#484=VERTEX_POINT('',#1200);
#485=VERTEX_POINT('',#1205);
#486=VERTEX_POINT('',#1210);
#487=VERTEX_POINT('',#1215);
#488=VERTEX_POINT('',#1221);
#489=VERTEX_POINT('',#1252);
#490=VERTEX_POINT('',#1273);
#491=VERTEX_POINT('',#1280);
#492=VERTEX_POINT('',#1281);
#493=VERTEX_POINT('',#1307);
#494=VERTEX_POINT('',#1309);
#495=VERTEX_POINT('',#1311);
#496=VERTEX_POINT('',#1315);
#497=VERTEX_POINT('',#1319);
#498=VERTEX_POINT('',#1716);
#499=VERTEX_POINT('',#1793);
#500=VERTEX_POINT('',#1795);
#501=VERTEX_POINT('',#2171);
#502=VERTEX_POINT('',#2210);
#503=VERTEX_POINT('',#2259);
#504=VERTEX_POINT('',#2888);
#505=VERTEX_POINT('',#2889);
#506=VERTEX_POINT('',#2895);
#507=VERTEX_POINT('',#2904);
#508=VERTEX_POINT('',#2939);
#509=VERTEX_POINT('',#2941);
#510=VERTEX_POINT('',#2945);
#511=B_SPLINE_CURVE_WITH_KNOTS('',3,(#861,#862,#863,#864),.UNSPECIFIED.,
 .F.,.F.,(4,4),(0.000394235850077307,0.00129627699057266),.UNSPECIFIED.);
#512=B_SPLINE_CURVE_WITH_KNOTS('',3,(#867,#868,#869,#870),.UNSPECIFIED.,
 .F.,.F.,(4,4),(0.000394814489031167,0.00129685496595035),.UNSPECIFIED.);
#513=B_SPLINE_CURVE_WITH_KNOTS('',3,(#872,#873,#874,#875,#876,#877,#878,
#879,#880),.UNSPECIFIED.,.F.,.F.,(4,1,1,1,1,1,4),(0.,0.00130683030377181,
0.00196024545565772,0.00261366060754362,0.00326707575942953,0.00392049091131543,
0.00522732121508724),.UNSPECIFIED.);
#514=B_SPLINE_CURVE_WITH_KNOTS('',3,(#884,#885,#886,#887,#888,#889,#890),
 .UNSPECIFIED.,.F.,.F.,(4,1,1,1,4),(0.,0.0111453586629277,0.0222907173258554,
0.0334360759887831,0.0445814346517108),.UNSPECIFIED.);
#515=B_SPLINE_CURVE_WITH_KNOTS('',3,(#892,#893,#894,#895,#896),
 .UNSPECIFIED.,.F.,.F.,(4,1,4),(0.,0.417556514703487,1.),.UNSPECIFIED.);
#516=B_SPLINE_CURVE_WITH_KNOTS('',3,(#900,#901,#902,#903,#904),
 .UNSPECIFIED.,.F.,.F.,(4,1,4),(0.,0.417556514703487,1.),.UNSPECIFIED.);
#517=B_SPLINE_CURVE_WITH_KNOTS('',3,(#906,#907,#908,#909,#910,#911,#912,
#913,#914,#915,#916,#917,#918,#919),.UNSPECIFIED.,.F.,.F.,(4,1,1,1,1,1,
1,1,1,1,1,4),(0.,0.00651666765038772,0.0130333353007754,0.0195500029511632,
0.0260666706015509,0.0293250044267447,0.0325833382519386,0.0358416720771325,
0.0391000059023263,0.0423583397275202,0.045616673552714,0.0521333412031018),
 .UNSPECIFIED.);
#518=B_SPLINE_CURVE_WITH_KNOTS('',3,(#920,#921,#922,#923,#924,#925,#926,
#927,#928),.UNSPECIFIED.,.F.,.F.,(4,1,1,1,1,1,4),(0.,0.00130683418006152,
0.00196025127009227,0.00261366836012303,0.00326708545015379,0.00392050254018455,
0.00522733672024606),.UNSPECIFIED.);
#519=B_SPLINE_CURVE_WITH_KNOTS('',3,(#931,#932,#933,#934),.UNSPECIFIED.,
 .F.,.F.,(4,4),(0.000384758040526813,0.0012868022597993),.UNSPECIFIED.);
#520=B_SPLINE_CURVE_WITH_KNOTS('',3,(#936,#937,#938,#939),.UNSPECIFIED.,
 .F.,.F.,(4,4),(0.000385454998752237,0.00128750010531867),.UNSPECIFIED.);
#521=B_SPLINE_CURVE_WITH_KNOTS('',3,(#941,#942,#943,#944),.UNSPECIFIED.,
 .F.,.F.,(4,4),(0.,0.988330636451563),.UNSPECIFIED.);
#522=B_SPLINE_CURVE_WITH_KNOTS('',3,(#954,#955,#956,#957,#958,#959,#960,
#961,#962,#963,#964,#965,#966,#967,#968,#969,#970,#971,#972,#973),
 .UNSPECIFIED.,.F.,.F.,(4,1,1,1,1,1,1,1,1,1,1,1,1,1,1,1,1,4),(0.,0.0625,
0.125,0.140625,0.15625,0.1875,0.25,0.375,0.5,0.625,0.75,0.8125,0.84375,
0.875,0.890625,0.90625,0.9375,1.),.UNSPECIFIED.);
#523=B_SPLINE_CURVE_WITH_KNOTS('',3,(#993,#994,#995,#996,#997,#998,#999,
#1000,#1001,#1002,#1003,#1004,#1005,#1006,#1007,#1008,#1009,#1010,#1011,
#1012,#1013,#1014,#1015,#1016,#1017,#1018,#1019,#1020,#1021,#1022,#1023,
#1024,#1025,#1026,#1027,#1028,#1029,#1030,#1031,#1032,#1033,#1034,#1035,
#1036,#1037,#1038,#1039,#1040),.UNSPECIFIED.,.F.,.F.,(4,1,1,1,1,1,1,1,1,
1,1,1,1,1,1,1,1,1,1,1,1,1,1,1,1,1,1,1,1,1,1,1,1,1,1,1,1,1,1,1,1,1,1,1,1,
4),(0.,0.00672962585173112,0.0178376968233269,0.0311517851037176,0.0457528176068041,
0.0615967067403593,0.0789658809241297,0.0978707979548252,0.118148413507263,
0.139683832868063,0.162359439168931,0.186064718006029,0.210700360070209,
0.2361645469061,0.262361334970584,0.289198093793041,0.316578974992611,0.344415769406313,
0.372619180962907,0.40110561757456,0.429777306746551,0.458539175039861,
0.487278129308014,0.51586956998488,0.544186836834413,0.572126502053736,
0.599600103333379,0.626544185068048,0.652871565556637,0.678520393200673,
0.703579924942385,0.728129442891042,0.752184496697564,0.775738687907978,
0.798726773687283,0.821086757254932,0.842777409121162,0.863739599639986,
0.883915536484563,0.903242623112671,0.92163867796428,0.93906013743044,0.955615191824294,
0.97133583810785,0.986159771983942,1.),.UNSPECIFIED.);
#524=B_SPLINE_CURVE_WITH_KNOTS('',3,(#1043,#1044,#1045,#1046,#1047,#1048,
#1049,#1050,#1051,#1052,#1053,#1054,#1055,#1056,#1057,#1058,#1059,#1060,
#1061,#1062,#1063,#1064,#1065,#1066,#1067,#1068,#1069,#1070,#1071,#1072,
#1073,#1074,#1075,#1076,#1077,#1078,#1079,#1080),.UNSPECIFIED.,.F.,.F.,
(4,1,1,1,1,1,1,1,1,1,1,1,1,1,1,1,1,1,1,1,1,1,1,1,1,1,1,1,1,1,1,1,1,1,1,
4),(0.,0.0150118796375755,0.0285373348641075,0.0421462760664399,0.059039227592798,
0.0788474019023358,0.101070984186222,0.125365803388214,0.151455191065231,
0.179103988590355,0.208104731066395,0.238458851039186,0.270295478107638,
0.303524833209794,0.337983147252923,0.37349327677994,0.409896341484962,
0.447012656598327,0.484676953776066,0.522703994113774,0.560920974908214,
0.599143541353627,0.637178538257149,0.674833221208013,0.711907676777061,
0.748194161888293,0.783476947101294,0.817520124837814,0.850089085719801,
0.880902291995076,0.909663335793179,0.935935814171301,0.958941234116851,
0.977843568026798,0.992014478448023,1.),.UNSPECIFIED.);
#525=B_SPLINE_CURVE_WITH_KNOTS('',3,(#1092,#1093,#1094,#1095,#1096,#1097,
#1098,#1099,#1100,#1101,#1102,#1103,#1104,#1105,#1106,#1107,#1108,#1109,
#1110,#1111,#1112,#1113,#1114,#1115,#1116,#1117,#1118,#1119,#1120,#1121,
#1122,#1123,#1124,#1125,#1126,#1127),.UNSPECIFIED.,.F.,.F.,(4,1,1,1,1,1,
1,1,1,1,1,1,1,1,1,1,1,1,1,1,1,1,1,1,1,1,1,1,1,1,1,1,1,4),(0.232068748843814,
0.2361645469061,0.262361334970584,0.28919809379304,0.316578974992611,0.344415769406313,
0.372619180962907,0.40110561757456,0.429777306746551,0.458539175039861,
0.487278129308014,0.51586956998488,0.544186836834413,0.572126502053736,
0.599600103333378,0.626544185068047,0.652871565556637,0.678520393200672,
0.703579924942385,0.728129442891042,0.752184496697564,0.775738687907978,
0.798726773687283,0.821086757254932,0.842777409121162,0.863739599639986,
0.883915536484563,0.903242623112671,0.92163867796428,0.93906013743044,0.955615191824294,
0.97133583810785,0.986159771983942,1.),.UNSPECIFIED.);
#526=B_SPLINE_CURVE_WITH_KNOTS('',3,(#1130,#1131,#1132,#1133,#1134,#1135,
#1136,#1137,#1138,#1139,#1140,#1141,#1142,#1143,#1144,#1145,#1146,#1147,
#1148,#1149,#1150,#1151,#1152,#1153,#1154,#1155,#1156,#1157,#1158),
 .UNSPECIFIED.,.F.,.F.,(4,1,1,1,1,1,1,1,1,1,1,1,1,1,1,1,1,1,1,1,1,1,1,1,
1,1,4),(0.,0.0150118796375756,0.0285373348641076,0.04214627606644,0.059039227592798,
0.0788474019023358,0.101070984186222,0.125365803388214,0.151455191065231,
0.179103988590355,0.208104731066395,0.238458851039186,0.270295478107638,
0.303524833209794,0.337983147252923,0.37349327677994,0.409896341484962,
0.447012656598327,0.484676953776066,0.522703994113774,0.560920974908214,
0.599143541353627,0.637178538257149,0.674833221208013,0.711907676777061,
0.748194161888293,0.77322614125149),.UNSPECIFIED.);
#527=B_SPLINE_CURVE_WITH_KNOTS('',3,(#1177,#1178,#1179,#1180,#1181,#1182,
#1183),.UNSPECIFIED.,.F.,.F.,(4,1,1,1,4),(0.0608092111643297,0.0635527765667327,
0.0662963419691357,0.0690399073715386,0.0717834727739416),.UNSPECIFIED.);
#528=B_SPLINE_CURVE_WITH_KNOTS('',3,(#1194,#1195,#1196,#1197,#1198),
 .UNSPECIFIED.,.F.,.F.,(4,1,4),(0.,0.00108209279346816,0.00216418558693632),
 .UNSPECIFIED.);
#529=B_SPLINE_CURVE_WITH_KNOTS('',3,(#1201,#1202,#1203,#1204),
 .UNSPECIFIED.,.F.,.F.,(4,4),(0.000652408257274836,0.00155829857029834),
 .UNSPECIFIED.);
#530=B_SPLINE_CURVE_WITH_KNOTS('',3,(#1206,#1207,#1208,#1209),
 .UNSPECIFIED.,.F.,.F.,(4,4),(0.000630046318145612,0.00160016179367373),
 .UNSPECIFIED.);
#531=B_SPLINE_CURVE_WITH_KNOTS('',3,(#1211,#1212,#1213,#1214),
 .UNSPECIFIED.,.F.,.F.,(4,4),(4.38854183572088E-17,0.00138528831305928),
 .UNSPECIFIED.);
#532=B_SPLINE_CURVE_WITH_KNOTS('',3,(#1216,#1217,#1218,#1219),
 .UNSPECIFIED.,.F.,.F.,(4,4),(0.000501353201122385,0.00223377409249411),
 .UNSPECIFIED.);
#533=B_SPLINE_CURVE_WITH_KNOTS('',3,(#1222,#1223,#1224,#1225,#1226,#1227,
#1228,#1229,#1230,#1231),.UNSPECIFIED.,.F.,.F.,(4,1,1,1,1,1,1,4),(0.0471894259108932,
0.0533436093759429,0.0564207011084677,0.0594977928409925,0.0625748845735174,
0.0656519763060422,0.0687290680385671,0.0718061597710919),.UNSPECIFIED.);
#534=B_SPLINE_CURVE_WITH_KNOTS('',3,(#1248,#1249,#1250,#1251),
 .UNSPECIFIED.,.F.,.F.,(4,4),(0.,1.),.UNSPECIFIED.);
#535=B_SPLINE_CURVE_WITH_KNOTS('',3,(#1253,#1254,#1255,#1256,#1257,#1258,
#1259,#1260,#1261,#1262,#1263,#1264,#1265,#1266,#1267,#1268,#1269,#1270,
#1271,#1272),.UNSPECIFIED.,.F.,.F.,(4,1,1,1,1,1,1,1,1,1,1,1,1,1,1,1,1,4),
(0.,0.0625,0.125,0.140625,0.15625,0.1875,0.25,0.375,0.5,0.625,0.75,0.8125,
0.84375,0.875,0.890625,0.90625,0.9375,1.),.UNSPECIFIED.);
#536=B_SPLINE_CURVE_WITH_KNOTS('',3,(#1274,#1275,#1276,#1277),
 .UNSPECIFIED.,.F.,.F.,(4,4),(0.,1.),.UNSPECIFIED.);
#537=B_SPLINE_CURVE_WITH_KNOTS('',3,(#1282,#1283,#1284,#1285),
 .UNSPECIFIED.,.F.,.F.,(4,4),(0.,1.),.UNSPECIFIED.);
#538=B_SPLINE_CURVE_WITH_KNOTS('',3,(#1301,#1302,#1303,#1304),
 .UNSPECIFIED.,.F.,.F.,(4,4),(0.0116693638927734,1.),.UNSPECIFIED.);
#539=B_SPLINE_CURVE_WITH_KNOTS('',3,(#1711,#1712,#1713,#1714,#1715),
 .UNSPECIFIED.,.F.,.F.,(4,1,4),(0.,0.705880895448057,1.),.UNSPECIFIED.);
#540=B_SPLINE_CURVE_WITH_KNOTS('',3,(#1717,#1718,#1719,#1720,#1721,#1722,
#1723,#1724,#1725,#1726,#1727,#1728,#1729,#1730,#1731,#1732,#1733,#1734,
#1735,#1736,#1737,#1738,#1739,#1740,#1741,#1742,#1743,#1744,#1745,#1746,
#1747,#1748,#1749,#1750,#1751,#1752,#1753,#1754),.UNSPECIFIED.,.F.,.F.,
(4,1,1,1,1,1,1,1,1,1,1,1,1,1,1,1,1,1,1,1,1,1,1,1,1,1,1,1,1,1,1,1,1,1,1,
4),(0.,0.0150118796375756,0.0285373348641076,0.04214627606644,0.059039227592798,
0.0788474019023358,0.101070984186222,0.125365803388214,0.151455191065231,
0.179103988590355,0.208104731066395,0.238458851039186,0.270295478107638,
0.303524833209794,0.337983147252923,0.37349327677994,0.409896341484962,
0.447012656598327,0.484676953776066,0.522703994113774,0.560920974908214,
0.599143541353627,0.637178538257149,0.674833221208013,0.711907676777061,
0.748194161888293,0.783476947101294,0.817520124837814,0.850089085719801,
0.880902291995076,0.909663335793179,0.9359358141713,0.95894123411685,0.977843568026798,
0.992014478448023,1.),.UNSPECIFIED.);
#541=B_SPLINE_CURVE_WITH_KNOTS('',3,(#1755,#1756,#1757,#1758,#1759,#1760,
#1761,#1762,#1763,#1764,#1765,#1766,#1767,#1768,#1769,#1770,#1771,#1772,
#1773,#1774,#1775,#1776,#1777,#1778,#1779,#1780,#1781,#1782,#1783,#1784,
#1785,#1786,#1787,#1788,#1789,#1790,#1791,#1792),.UNSPECIFIED.,.F.,.F.,
(4,1,1,1,1,1,1,1,1,1,1,1,1,1,1,1,1,1,1,1,1,1,1,1,1,1,1,1,1,1,1,1,1,1,1,
4),(0.,0.0150118796375756,0.0285373348641076,0.04214627606644,0.059039227592798,
0.0788474019023358,0.101070984186222,0.125365803388214,0.151455191065231,
0.179103988590355,0.208104731066395,0.238458851039186,0.270295478107638,
0.303524833209794,0.337983147252923,0.37349327677994,0.409896341484962,
0.447012656598327,0.484676953776066,0.522703994113774,0.560920974908214,
0.599143541353627,0.637178538257149,0.674833221208013,0.711907676777061,
0.748194161888293,0.783476947101294,0.817520124837814,0.850089085719801,
0.880902291995076,0.909663335793179,0.9359358141713,0.95894123411685,0.977843568026798,
0.992014478448023,1.),.UNSPECIFIED.);
#542=B_SPLINE_CURVE_WITH_KNOTS('',3,(#1796,#1797,#1798,#1799,#1800),
 .UNSPECIFIED.,.F.,.F.,(4,1,4),(0.,0.705880895448057,1.),.UNSPECIFIED.);
#543=B_SPLINE_CURVE_WITH_KNOTS('',3,(#2121,#2122,#2123,#2124,#2125,#2126,
#2127,#2128,#2129,#2130,#2131,#2132,#2133,#2134,#2135,#2136,#2137,#2138,
#2139,#2140,#2141,#2142,#2143,#2144,#2145,#2146,#2147,#2148,#2149,#2150,
#2151,#2152,#2153,#2154,#2155,#2156,#2157,#2158,#2159,#2160,#2161,#2162,
#2163,#2164,#2165,#2166,#2167,#2168),.UNSPECIFIED.,.F.,.F.,(4,1,1,1,1,1,
1,1,1,1,1,1,1,1,1,1,1,1,1,1,1,1,1,1,1,1,1,1,1,1,1,1,1,1,1,1,1,1,1,1,1,1,
1,1,1,4),(0.,0.00672962585173102,0.0178376968233269,0.0311517851037175,
0.0457528176068041,0.0615967067403593,0.0789658809241296,0.0978707979548252,
0.118148413507263,0.139683832868063,0.162359439168931,0.186064718006029,
0.210700360070209,0.2361645469061,0.262361334970584,0.28919809379304,0.316578974992611,
0.344415769406313,0.372619180962907,0.40110561757456,0.429777306746551,
0.458539175039861,0.487278129308014,0.51586956998488,0.544186836834413,
0.572126502053736,0.599600103333378,0.626544185068047,0.652871565556637,
0.678520393200672,0.703579924942385,0.728129442891042,0.752184496697564,
0.775738687907978,0.798726773687283,0.821086757254932,0.842777409121162,
0.863739599639986,0.883915536484563,0.903242623112671,0.92163867796428,
0.93906013743044,0.955615191824294,0.97133583810785,0.986159771983942,1.),
 .UNSPECIFIED.);
#544=B_SPLINE_CURVE_WITH_KNOTS('',3,(#2172,#2173,#2174,#2175,#2176,#2177,
#2178,#2179,#2180,#2181,#2182,#2183,#2184,#2185,#2186,#2187,#2188,#2189,
#2190,#2191,#2192,#2193,#2194,#2195,#2196,#2197,#2198,#2199,#2200,#2201,
#2202,#2203,#2204,#2205,#2206,#2207,#2208,#2209),.UNSPECIFIED.,.F.,.F.,
(4,1,1,1,1,1,1,1,1,1,1,1,1,1,1,1,1,1,1,1,1,1,1,1,1,1,1,1,1,1,1,1,1,1,1,
4),(0.,0.0150118796375755,0.0285373348641075,0.0421462760664399,0.059039227592798,
0.0788474019023358,0.101070984186222,0.125365803388214,0.151455191065231,
0.179103988590355,0.208104731066395,0.238458851039186,0.270295478107638,
0.303524833209794,0.337983147252923,0.37349327677994,0.409896341484962,
0.447012656598327,0.484676953776066,0.522703994113774,0.560920974908214,
0.599143541353627,0.637178538257149,0.674833221208013,0.711907676777061,
0.748194161888293,0.783476947101294,0.817520124837814,0.850089085719801,
0.880902291995076,0.909663335793179,0.935935814171301,0.958941234116851,
0.977843568026798,0.992014478448023,1.),.UNSPECIFIED.);
#545=B_SPLINE_CURVE_WITH_KNOTS('',3,(#2211,#2212,#2213,#2214,#2215,#2216,
#2217,#2218,#2219,#2220,#2221,#2222,#2223,#2224,#2225,#2226,#2227,#2228,
#2229,#2230,#2231,#2232,#2233,#2234,#2235,#2236,#2237,#2238,#2239,#2240,
#2241,#2242,#2243,#2244,#2245,#2246,#2247,#2248,#2249,#2250,#2251,#2252,
#2253,#2254,#2255,#2256,#2257,#2258),.UNSPECIFIED.,.F.,.F.,(4,1,1,1,1,1,
1,1,1,1,1,1,1,1,1,1,1,1,1,1,1,1,1,1,1,1,1,1,1,1,1,1,1,1,1,1,1,1,1,1,1,1,
1,1,1,4),(0.,0.00672962585173112,0.0178376968233269,0.0311517851037176,
0.0457528176068041,0.0615967067403593,0.0789658809241297,0.0978707979548252,
0.118148413507263,0.139683832868063,0.162359439168931,0.186064718006029,
0.210700360070209,0.2361645469061,0.262361334970584,0.289198093793041,0.316578974992611,
0.344415769406313,0.372619180962907,0.40110561757456,0.429777306746551,
0.458539175039861,0.487278129308014,0.51586956998488,0.544186836834413,
0.572126502053736,0.599600103333379,0.626544185068048,0.652871565556637,
0.678520393200673,0.703579924942385,0.728129442891042,0.752184496697564,
0.775738687907978,0.798726773687283,0.821086757254932,0.842777409121162,
0.863739599639986,0.883915536484563,0.903242623112671,0.92163867796428,
0.93906013743044,0.955615191824294,0.97133583810785,0.986159771983942,1.),
 .UNSPECIFIED.);
#546=B_SPLINE_CURVE_WITH_KNOTS('',3,(#2601,#2602,#2603,#2604,#2605),
 .UNSPECIFIED.,.F.,.F.,(4,1,4),(0.,0.704645147961381,1.),.UNSPECIFIED.);
#547=B_SPLINE_CURVE_WITH_KNOTS('',3,(#2606,#2607,#2608,#2609,#2610),
 .UNSPECIFIED.,.F.,.F.,(4,1,4),(0.,0.704645147961381,1.),.UNSPECIFIED.);
#548=B_SPLINE_CURVE_WITH_KNOTS('',3,(#2881,#2882,#2883,#2884,#2885,#2886,
#2887),.UNSPECIFIED.,.F.,.F.,(4,1,1,1,4),(0.,0.0157456653112452,0.0314913306224903,
0.0472369959337355,0.0629826612449807),.UNSPECIFIED.);
#549=B_SPLINE_CURVE_WITH_KNOTS('',3,(#2890,#2891,#2892,#2893,#2894),
 .UNSPECIFIED.,.F.,.F.,(4,1,4),(3.40051157744845E-16,0.00307021739843717,
0.00614043479687401),.UNSPECIFIED.);
#550=B_SPLINE_CURVE_WITH_KNOTS('',3,(#2896,#2897,#2898,#2899,#2900,#2901,
#2902,#2903),.UNSPECIFIED.,.F.,.F.,(4,1,1,1,1,4),(1.04083408558608E-17,
0.018267107655203,0.036534215310406,0.0456677691380075,0.054801322965609,
0.073068430620812),.UNSPECIFIED.);
#551=B_SPLINE_CURVE_WITH_KNOTS('',3,(#2905,#2906,#2907,#2908,#2909),
 .UNSPECIFIED.,.F.,.F.,(4,1,4),(0.,0.00242767554091,0.00485535108182),
 .UNSPECIFIED.);
#552=EDGE_LOOP('',(#143,#144,#145));
#553=EDGE_LOOP('',(#146,#147,#148,#149,#150,#151));
#554=EDGE_LOOP('',(#152,#153,#154));
#555=EDGE_LOOP('',(#155,#156,#157,#158,#159,#160,#161,#162));
#556=EDGE_LOOP('',(#163,#164,#165,#166));
#557=EDGE_LOOP('',(#167,#168,#169,#170));
#558=EDGE_LOOP('',(#171,#172,#173));
#559=EDGE_LOOP('',(#174,#175,#176,#177));
#560=EDGE_LOOP('',(#178,#179,#180));
#561=EDGE_LOOP('',(#181,#182,#183,#184));
#562=EDGE_LOOP('',(#185,#186,#187));
#563=EDGE_LOOP('',(#188,#189,#190,#191,#192));
#564=EDGE_LOOP('',(#193,#194,#195));
#565=EDGE_LOOP('',(#196,#197,#198,#199));
#566=EDGE_LOOP('',(#200,#201,#202,#203,#204));
#567=EDGE_LOOP('',(#205,#206,#207,#208));
#568=EDGE_LOOP('',(#209,#210,#211,#212,#213,#214,#215,#216));
#569=EDGE_LOOP('',(#217,#218,#219,#220));
#570=EDGE_LOOP('',(#221,#222,#223,#224,#225));
#571=EDGE_LOOP('',(#226,#227,#228,#229,#230,#231,#232));
#572=EDGE_LOOP('',(#233,#234,#235,#236));
#573=EDGE_LOOP('',(#237,#238,#239,#240,#241,#242,#243,#244,#245,#246,#247,
#248,#249,#250,#251,#252));
#574=EDGE_LOOP('',(#253,#254,#255,#256,#257,#258,#259,#260,#261,#262,#263));
#575=EDGE_LOOP('',(#264,#265,#266,#267));
#576=EDGE_LOOP('',(#268,#269,#270,#271));
#577=EDGE_LOOP('',(#272,#273,#274,#275));
#578=EDGE_LOOP('',(#276,#277,#278,#279));
#579=EDGE_LOOP('',(#280,#281,#282,#283));
#580=EDGE_LOOP('',(#284,#285,#286,#287));
#581=EDGE_LOOP('',(#288,#289,#290,#291));
#582=EDGE_LOOP('',(#292,#293,#294,#295,#296,#297));
#583=EDGE_LOOP('',(#298,#299,#300,#301));
#584=EDGE_LOOP('',(#302,#303,#304,#305));
#585=EDGE_LOOP('',(#306,#307,#308,#309,#310,#311));
#586=EDGE_LOOP('',(#312,#313));
#587=EDGE_LOOP('',(#314,#315,#316,#317));
#588=EDGE_LOOP('',(#318,#319,#320,#321,#322,#323));
#589=EDGE_LOOP('',(#324,#325,#326,#327));
#590=EDGE_LOOP('',(#328,#329,#330,#331));
#591=EDGE_LOOP('',(#332,#333,#334,#335));
#592=EDGE_LOOP('',(#336,#337,#338,#339));
#593=EDGE_LOOP('',(#340,#341,#342));
#594=FACE_BOUND('',#552,.T.);
#595=FACE_BOUND('',#553,.T.);
#596=FACE_BOUND('',#554,.T.);
#597=FACE_BOUND('',#555,.T.);
#598=FACE_BOUND('',#556,.T.);
#599=FACE_BOUND('',#557,.T.);
#600=FACE_BOUND('',#558,.T.);
#601=FACE_BOUND('',#559,.T.);
#602=FACE_BOUND('',#560,.T.);
#603=FACE_BOUND('',#561,.T.);
#604=FACE_BOUND('',#562,.T.);
#605=FACE_BOUND('',#563,.T.);
#606=FACE_BOUND('',#564,.T.);
#607=FACE_BOUND('',#565,.T.);
#608=FACE_BOUND('',#566,.T.);
#609=FACE_BOUND('',#567,.T.);
#610=FACE_BOUND('',#568,.T.);
#611=FACE_BOUND('',#569,.T.);
#612=FACE_BOUND('',#570,.T.);
#613=FACE_BOUND('',#571,.T.);
#614=FACE_BOUND('',#572,.T.);
#615=FACE_BOUND('',#573,.T.);
#616=FACE_BOUND('',#574,.T.);
#617=FACE_BOUND('',#575,.T.);
#618=FACE_BOUND('',#576,.T.);
#619=FACE_BOUND('',#577,.T.);
#620=FACE_BOUND('',#578,.T.);
#621=FACE_BOUND('',#579,.T.);
#622=FACE_BOUND('',#580,.T.);
#623=FACE_BOUND('',#581,.T.);
#624=FACE_BOUND('',#582,.T.);
#625=FACE_BOUND('',#583,.T.);
#626=FACE_BOUND('',#584,.T.);
#627=FACE_BOUND('',#585,.T.);
#628=FACE_BOUND('',#586,.T.);
#629=FACE_BOUND('',#587,.T.);
#630=FACE_BOUND('',#588,.T.);
#631=FACE_BOUND('',#589,.T.);
#632=FACE_BOUND('',#590,.T.);
#633=FACE_BOUND('',#591,.T.);
#634=FACE_BOUND('',#592,.T.);
#635=FACE_BOUND('',#593,.T.);
#636=B_SPLINE_SURFACE_WITH_KNOTS('',3,1,((#853,#854),(#855,#856),(#857,
#858),(#859,#860)),.SURF_OF_LINEAR_EXTRUSION.,.F.,.F.,.F.,(4,4),(2,2),(0.647270378233818,
0.842023026195454),(0.,1.),.PIECEWISE_BEZIER_KNOTS.);
#637=B_SPLINE_SURFACE_WITH_KNOTS('',3,1,((#1169,#1170),(#1171,#1172),(#1173,
#1174),(#1175,#1176)),.SURF_OF_LINEAR_EXTRUSION.,.F.,.F.,.F.,(4,4),(2,2),
(-5.52383423709879E-16,0.233336000961861),(0.,1.),
 .PIECEWISE_BEZIER_KNOTS.);
#638=B_SPLINE_SURFACE_WITH_KNOTS('',3,1,((#1184,#1185),(#1186,#1187),(#1188,
#1189),(#1190,#1191),(#1192,#1193)),.SURF_OF_LINEAR_EXTRUSION.,.F.,.F.,
 .F.,(4,1,4),(2,2),(0.,0.199066094595332,0.398132189190663),(0.,1.),
 .UNSPECIFIED.);
#639=B_SPLINE_SURFACE_WITH_KNOTS('',5,1,((#1232,#1233),(#1234,#1235),(#1236,
#1237),(#1238,#1239),(#1240,#1241),(#1242,#1243),(#1244,#1245),(#1246,#1247)),
 .SURF_OF_LINEAR_EXTRUSION.,.F.,.F.,.F.,(6,2,6),(2,2),(0.,0.5,1.),(0.,1.),
 .UNSPECIFIED.);
#640=B_SPLINE_SURFACE_WITH_KNOTS('',3,1,((#1287,#1288),(#1289,#1290),(#1291,
#1292),(#1293,#1294),(#1295,#1296),(#1297,#1298),(#1299,#1300)),
 .SURF_OF_LINEAR_EXTRUSION.,.F.,.F.,.F.,(4,1,1,1,4),(2,2),(0.00963038386680711,
0.257222787900113,0.50481519193342,0.752407595966726,1.00000000000003),
(0.,1.),.UNSPECIFIED.);
#641=B_SPLINE_SURFACE_WITH_KNOTS('',3,3,((#1321,#1322,#1323,#1324,#1325),
(#1326,#1327,#1328,#1329,#1330),(#1331,#1332,#1333,#1334,#1335),(#1336,
#1337,#1338,#1339,#1340),(#1341,#1342,#1343,#1344,#1345),(#1346,#1347,#1348,
#1349,#1350),(#1351,#1352,#1353,#1354,#1355),(#1356,#1357,#1358,#1359,#1360),
(#1361,#1362,#1363,#1364,#1365),(#1366,#1367,#1368,#1369,#1370),(#1371,
#1372,#1373,#1374,#1375),(#1376,#1377,#1378,#1379,#1380),(#1381,#1382,#1383,
#1384,#1385),(#1386,#1387,#1388,#1389,#1390),(#1391,#1392,#1393,#1394,#1395),
(#1396,#1397,#1398,#1399,#1400),(#1401,#1402,#1403,#1404,#1405),(#1406,
#1407,#1408,#1409,#1410),(#1411,#1412,#1413,#1414,#1415),(#1416,#1417,#1418,
#1419,#1420),(#1421,#1422,#1423,#1424,#1425),(#1426,#1427,#1428,#1429,#1430),
(#1431,#1432,#1433,#1434,#1435),(#1436,#1437,#1438,#1439,#1440),(#1441,
#1442,#1443,#1444,#1445),(#1446,#1447,#1448,#1449,#1450),(#1451,#1452,#1453,
#1454,#1455),(#1456,#1457,#1458,#1459,#1460),(#1461,#1462,#1463,#1464,#1465),
(#1466,#1467,#1468,#1469,#1470),(#1471,#1472,#1473,#1474,#1475),(#1476,
#1477,#1478,#1479,#1480),(#1481,#1482,#1483,#1484,#1485),(#1486,#1487,#1488,
#1489,#1490),(#1491,#1492,#1493,#1494,#1495),(#1496,#1497,#1498,#1499,#1500),
(#1501,#1502,#1503,#1504,#1505),(#1506,#1507,#1508,#1509,#1510),(#1511,
#1512,#1513,#1514,#1515),(#1516,#1517,#1518,#1519,#1520),(#1521,#1522,#1523,
#1524,#1525),(#1526,#1527,#1528,#1529,#1530),(#1531,#1532,#1533,#1534,#1535),
(#1536,#1537,#1538,#1539,#1540),(#1541,#1542,#1543,#1544,#1545),(#1546,
#1547,#1548,#1549,#1550),(#1551,#1552,#1553,#1554,#1555),(#1556,#1557,#1558,
#1559,#1560),(#1561,#1562,#1563,#1564,#1565),(#1566,#1567,#1568,#1569,#1570),
(#1571,#1572,#1573,#1574,#1575),(#1576,#1577,#1578,#1579,#1580),(#1581,
#1582,#1583,#1584,#1585),(#1586,#1587,#1588,#1589,#1590),(#1591,#1592,#1593,
#1594,#1595),(#1596,#1597,#1598,#1599,#1600),(#1601,#1602,#1603,#1604,#1605),
(#1606,#1607,#1608,#1609,#1610),(#1611,#1612,#1613,#1614,#1615),(#1616,
#1617,#1618,#1619,#1620),(#1621,#1622,#1623,#1624,#1625),(#1626,#1627,#1628,
#1629,#1630),(#1631,#1632,#1633,#1634,#1635),(#1636,#1637,#1638,#1639,#1640),
(#1641,#1642,#1643,#1644,#1645),(#1646,#1647,#1648,#1649,#1650),(#1651,
#1652,#1653,#1654,#1655),(#1656,#1657,#1658,#1659,#1660),(#1661,#1662,#1663,
#1664,#1665),(#1666,#1667,#1668,#1669,#1670),(#1671,#1672,#1673,#1674,#1675),
(#1676,#1677,#1678,#1679,#1680),(#1681,#1682,#1683,#1684,#1685),(#1686,
#1687,#1688,#1689,#1690),(#1691,#1692,#1693,#1694,#1695),(#1696,#1697,#1698,
#1699,#1700),(#1701,#1702,#1703,#1704,#1705),(#1706,#1707,#1708,#1709,#1710)),
 .UNSPECIFIED.,.F.,.F.,.F.,(4,2,2,2,2,2,2,2,2,2,2,2,2,2,2,2,2,2,2,2,2,2,
2,2,2,2,2,2,2,2,2,2,2,2,2,2,2,2,4),(4,1,4),(0.,0.00432808270479973,0.00865616540959946,
0.0129842481143992,0.0173123308191989,0.0216404135239987,0.0259684962287984,
0.0302965789335981,0.0346246616383978,0.094960620285998,0.155296578933598,
0.215632537581199,0.275968496228798,0.336304454876398,0.396640413523999,
0.456976372171599,0.517312330819199,0.577648289466799,0.637984248114399,
0.668152227438199,0.698320206761999,0.7284881860858,0.743572175747699,0.7586561654096,
0.7888241447334,0.8189921240572,0.849160103381,0.8793280827048,0.8944120723667,
0.9094960620286,0.9245800516905,0.9396640413524,0.94720603618335,0.9547480310143,
0.96229002584525,0.9698320206762,0.97737401550715,0.9849160103381,1.),(0.,
0.705880895448057,1.),.UNSPECIFIED.);
#642=B_SPLINE_SURFACE_WITH_KNOTS('',3,3,((#1801,#1802,#1803,#1804,#1805),
(#1806,#1807,#1808,#1809,#1810),(#1811,#1812,#1813,#1814,#1815),(#1816,
#1817,#1818,#1819,#1820),(#1821,#1822,#1823,#1824,#1825),(#1826,#1827,#1828,
#1829,#1830),(#1831,#1832,#1833,#1834,#1835),(#1836,#1837,#1838,#1839,#1840),
(#1841,#1842,#1843,#1844,#1845),(#1846,#1847,#1848,#1849,#1850),(#1851,
#1852,#1853,#1854,#1855),(#1856,#1857,#1858,#1859,#1860),(#1861,#1862,#1863,
#1864,#1865),(#1866,#1867,#1868,#1869,#1870),(#1871,#1872,#1873,#1874,#1875),
(#1876,#1877,#1878,#1879,#1880),(#1881,#1882,#1883,#1884,#1885),(#1886,
#1887,#1888,#1889,#1890),(#1891,#1892,#1893,#1894,#1895),(#1896,#1897,#1898,
#1899,#1900),(#1901,#1902,#1903,#1904,#1905),(#1906,#1907,#1908,#1909,#1910),
(#1911,#1912,#1913,#1914,#1915),(#1916,#1917,#1918,#1919,#1920),(#1921,
#1922,#1923,#1924,#1925),(#1926,#1927,#1928,#1929,#1930),(#1931,#1932,#1933,
#1934,#1935),(#1936,#1937,#1938,#1939,#1940),(#1941,#1942,#1943,#1944,#1945),
(#1946,#1947,#1948,#1949,#1950),(#1951,#1952,#1953,#1954,#1955),(#1956,
#1957,#1958,#1959,#1960),(#1961,#1962,#1963,#1964,#1965),(#1966,#1967,#1968,
#1969,#1970),(#1971,#1972,#1973,#1974,#1975),(#1976,#1977,#1978,#1979,#1980),
(#1981,#1982,#1983,#1984,#1985),(#1986,#1987,#1988,#1989,#1990),(#1991,
#1992,#1993,#1994,#1995),(#1996,#1997,#1998,#1999,#2000),(#2001,#2002,#2003,
#2004,#2005),(#2006,#2007,#2008,#2009,#2010),(#2011,#2012,#2013,#2014,#2015),
(#2016,#2017,#2018,#2019,#2020),(#2021,#2022,#2023,#2024,#2025),(#2026,
#2027,#2028,#2029,#2030),(#2031,#2032,#2033,#2034,#2035),(#2036,#2037,#2038,
#2039,#2040),(#2041,#2042,#2043,#2044,#2045),(#2046,#2047,#2048,#2049,#2050),
(#2051,#2052,#2053,#2054,#2055),(#2056,#2057,#2058,#2059,#2060),(#2061,
#2062,#2063,#2064,#2065),(#2066,#2067,#2068,#2069,#2070),(#2071,#2072,#2073,
#2074,#2075),(#2076,#2077,#2078,#2079,#2080),(#2081,#2082,#2083,#2084,#2085),
(#2086,#2087,#2088,#2089,#2090),(#2091,#2092,#2093,#2094,#2095),(#2096,
#2097,#2098,#2099,#2100),(#2101,#2102,#2103,#2104,#2105),(#2106,#2107,#2108,
#2109,#2110),(#2111,#2112,#2113,#2114,#2115),(#2116,#2117,#2118,#2119,#2120)),
 .UNSPECIFIED.,.F.,.F.,.F.,(4,2,2,2,2,2,2,2,2,2,2,2,2,2,2,2,2,2,2,2,2,2,
2,2,2,2,2,2,2,2,2,4),(4,1,4),(0.,0.015625,0.0234375,0.03125,0.0390625,0.046875,
0.0625,0.078125,0.09375,0.125,0.15625,0.1875,0.21875,0.25,0.3125,0.34375,
0.375,0.40625,0.4375,0.46875,0.484375,0.5,0.53125,0.5625,0.625,0.6875,0.75,
0.8125,0.84375,0.875,0.9375,1.),(0.,0.705880895448057,1.),.UNSPECIFIED.);
#643=B_SPLINE_SURFACE_WITH_KNOTS('',3,3,((#2261,#2262,#2263,#2264,#2265),
(#2266,#2267,#2268,#2269,#2270),(#2271,#2272,#2273,#2274,#2275),(#2276,
#2277,#2278,#2279,#2280),(#2281,#2282,#2283,#2284,#2285),(#2286,#2287,#2288,
#2289,#2290),(#2291,#2292,#2293,#2294,#2295),(#2296,#2297,#2298,#2299,#2300),
(#2301,#2302,#2303,#2304,#2305),(#2306,#2307,#2308,#2309,#2310),(#2311,
#2312,#2313,#2314,#2315),(#2316,#2317,#2318,#2319,#2320),(#2321,#2322,#2323,
#2324,#2325),(#2326,#2327,#2328,#2329,#2330),(#2331,#2332,#2333,#2334,#2335),
(#2336,#2337,#2338,#2339,#2340),(#2341,#2342,#2343,#2344,#2345),(#2346,
#2347,#2348,#2349,#2350),(#2351,#2352,#2353,#2354,#2355),(#2356,#2357,#2358,
#2359,#2360),(#2361,#2362,#2363,#2364,#2365),(#2366,#2367,#2368,#2369,#2370),
(#2371,#2372,#2373,#2374,#2375),(#2376,#2377,#2378,#2379,#2380),(#2381,
#2382,#2383,#2384,#2385),(#2386,#2387,#2388,#2389,#2390),(#2391,#2392,#2393,
#2394,#2395),(#2396,#2397,#2398,#2399,#2400),(#2401,#2402,#2403,#2404,#2405),
(#2406,#2407,#2408,#2409,#2410),(#2411,#2412,#2413,#2414,#2415),(#2416,
#2417,#2418,#2419,#2420),(#2421,#2422,#2423,#2424,#2425),(#2426,#2427,#2428,
#2429,#2430),(#2431,#2432,#2433,#2434,#2435),(#2436,#2437,#2438,#2439,#2440),
(#2441,#2442,#2443,#2444,#2445),(#2446,#2447,#2448,#2449,#2450),(#2451,
#2452,#2453,#2454,#2455),(#2456,#2457,#2458,#2459,#2460),(#2461,#2462,#2463,
#2464,#2465),(#2466,#2467,#2468,#2469,#2470),(#2471,#2472,#2473,#2474,#2475),
(#2476,#2477,#2478,#2479,#2480),(#2481,#2482,#2483,#2484,#2485),(#2486,
#2487,#2488,#2489,#2490),(#2491,#2492,#2493,#2494,#2495),(#2496,#2497,#2498,
#2499,#2500),(#2501,#2502,#2503,#2504,#2505),(#2506,#2507,#2508,#2509,#2510),
(#2511,#2512,#2513,#2514,#2515),(#2516,#2517,#2518,#2519,#2520),(#2521,
#2522,#2523,#2524,#2525),(#2526,#2527,#2528,#2529,#2530),(#2531,#2532,#2533,
#2534,#2535),(#2536,#2537,#2538,#2539,#2540),(#2541,#2542,#2543,#2544,#2545),
(#2546,#2547,#2548,#2549,#2550),(#2551,#2552,#2553,#2554,#2555),(#2556,
#2557,#2558,#2559,#2560),(#2561,#2562,#2563,#2564,#2565),(#2566,#2567,#2568,
#2569,#2570),(#2571,#2572,#2573,#2574,#2575),(#2576,#2577,#2578,#2579,#2580),
(#2581,#2582,#2583,#2584,#2585),(#2586,#2587,#2588,#2589,#2590),(#2591,
#2592,#2593,#2594,#2595),(#2596,#2597,#2598,#2599,#2600)),.UNSPECIFIED.,
 .F.,.F.,.F.,(4,2,2,2,2,2,2,2,2,2,2,2,2,2,2,2,2,2,2,2,2,2,2,2,2,2,2,2,2,
2,2,2,2,4),(4,1,4),(0.,0.00806901174626928,0.0161380234925385,0.0242070352388079,
0.0322760469850771,0.0403450587313464,0.0484140704776157,0.056483082223885,
0.0645520939701543,0.181483082223885,0.298414070477615,0.356879564604481,
0.415345058731346,0.532276046985077,0.590741541111943,0.649207035238808,
0.678439782302241,0.707672529365673,0.736905276429106,0.766138023492539,
0.824603517619404,0.853836264682837,0.883069011746269,0.897685385277986,
0.912301758809702,0.91960994557556,0.926918132341418,0.941534505873135,
0.956150879404851,0.963459066170709,0.970767252936567,0.978075439702425,
0.985383626468284,1.),(0.,0.704645147961381,1.),.UNSPECIFIED.);
#644=B_SPLINE_SURFACE_WITH_KNOTS('',3,3,((#2611,#2612,#2613,#2614,#2615),
(#2616,#2617,#2618,#2619,#2620),(#2621,#2622,#2623,#2624,#2625),(#2626,
#2627,#2628,#2629,#2630),(#2631,#2632,#2633,#2634,#2635),(#2636,#2637,#2638,
#2639,#2640),(#2641,#2642,#2643,#2644,#2645),(#2646,#2647,#2648,#2649,#2650),
(#2651,#2652,#2653,#2654,#2655),(#2656,#2657,#2658,#2659,#2660),(#2661,
#2662,#2663,#2664,#2665),(#2666,#2667,#2668,#2669,#2670),(#2671,#2672,#2673,
#2674,#2675),(#2676,#2677,#2678,#2679,#2680),(#2681,#2682,#2683,#2684,#2685),
(#2686,#2687,#2688,#2689,#2690),(#2691,#2692,#2693,#2694,#2695),(#2696,
#2697,#2698,#2699,#2700),(#2701,#2702,#2703,#2704,#2705),(#2706,#2707,#2708,
#2709,#2710),(#2711,#2712,#2713,#2714,#2715),(#2716,#2717,#2718,#2719,#2720),
(#2721,#2722,#2723,#2724,#2725),(#2726,#2727,#2728,#2729,#2730),(#2731,
#2732,#2733,#2734,#2735),(#2736,#2737,#2738,#2739,#2740),(#2741,#2742,#2743,
#2744,#2745),(#2746,#2747,#2748,#2749,#2750),(#2751,#2752,#2753,#2754,#2755),
(#2756,#2757,#2758,#2759,#2760),(#2761,#2762,#2763,#2764,#2765),(#2766,
#2767,#2768,#2769,#2770),(#2771,#2772,#2773,#2774,#2775),(#2776,#2777,#2778,
#2779,#2780),(#2781,#2782,#2783,#2784,#2785),(#2786,#2787,#2788,#2789,#2790),
(#2791,#2792,#2793,#2794,#2795),(#2796,#2797,#2798,#2799,#2800),(#2801,
#2802,#2803,#2804,#2805),(#2806,#2807,#2808,#2809,#2810),(#2811,#2812,#2813,
#2814,#2815),(#2816,#2817,#2818,#2819,#2820),(#2821,#2822,#2823,#2824,#2825),
(#2826,#2827,#2828,#2829,#2830),(#2831,#2832,#2833,#2834,#2835),(#2836,
#2837,#2838,#2839,#2840),(#2841,#2842,#2843,#2844,#2845),(#2846,#2847,#2848,
#2849,#2850),(#2851,#2852,#2853,#2854,#2855),(#2856,#2857,#2858,#2859,#2860),
(#2861,#2862,#2863,#2864,#2865),(#2866,#2867,#2868,#2869,#2870),(#2871,
#2872,#2873,#2874,#2875),(#2876,#2877,#2878,#2879,#2880)),.UNSPECIFIED.,
 .F.,.F.,.F.,(4,2,2,2,2,2,2,2,2,2,2,2,2,2,2,2,2,2,2,2,2,2,2,2,2,2,4),(4,
1,4),(0.,0.015625,0.0234375,0.03125,0.046875,0.0625,0.09375,0.125,0.15625,
0.1875,0.25,0.3125,0.375,0.40625,0.4375,0.46875,0.5,0.53125,0.5625,0.59375,
0.625,0.6875,0.75,0.8125,0.875,0.9375,1.),(0.,0.704645147961381,1.),
 .UNSPECIFIED.);
#645=ADVANCED_FACE('',(#594,#595,#596),#636,.T.);
#646=ADVANCED_FACE('',(#597,#598,#599),#27,.T.);
#647=ADVANCED_FACE('',(#600,#601),#28,.F.);
#648=ADVANCED_FACE('',(#602,#603),#29,.F.);
#649=ADVANCED_FACE('',(#604),#637,.T.);
#650=ADVANCED_FACE('',(#605,#606),#638,.F.);
#651=ADVANCED_FACE('',(#607),#639,.T.);
#652=ADVANCED_FACE('',(#608),#30,.F.);
#653=ADVANCED_FACE('',(#609),#640,.T.);
#654=ADVANCED_FACE('',(#610),#31,.T.);
#655=ADVANCED_FACE('',(#611),#12,.T.);
#656=ADVANCED_FACE('',(#612),#32,.T.);
#657=ADVANCED_FACE('',(#613),#641,.T.);
#658=ADVANCED_FACE('',(#614),#642,.T.);
#659=ADVANCED_FACE('',(#615),#33,.F.);
#660=ADVANCED_FACE('',(#616),#643,.T.);
#661=ADVANCED_FACE('',(#617,#618),#644,.T.);
#662=ADVANCED_FACE('',(#619),#34,.T.);
#663=ADVANCED_FACE('',(#620),#35,.F.);
#664=ADVANCED_FACE('',(#621),#36,.F.);
#665=ADVANCED_FACE('',(#622),#37,.T.);
#666=ADVANCED_FACE('',(#623),#38,.T.);
#667=ADVANCED_FACE('',(#624),#39,.F.);
#668=ADVANCED_FACE('',(#625),#40,.F.);
#669=ADVANCED_FACE('',(#626),#41,.F.);
#670=ADVANCED_FACE('',(#627),#42,.T.);
#671=ADVANCED_FACE('',(#628),#43,.T.);
#672=ADVANCED_FACE('',(#629),#44,.F.);
#673=ADVANCED_FACE('',(#630),#13,.F.);
#674=ADVANCED_FACE('',(#631),#45,.F.);
#675=ADVANCED_FACE('',(#632),#46,.T.);
#676=ADVANCED_FACE('',(#633),#14,.F.);
#677=ADVANCED_FACE('',(#634),#47,.T.);
#678=ADVANCED_FACE('',(#635),#48,.T.);
#679=CLOSED_SHELL('',(#645,#646,#647,#648,#649,#650,#651,#652,#653,#654,
#655,#656,#657,#658,#659,#660,#661,#662,#663,#664,#665,#666,#667,#668,#669,
#670,#671,#672,#673,#674,#675,#676,#677,#678));
#680=STYLED_ITEM('',(#681),#688);
#681=PRESENTATION_STYLE_ASSIGNMENT((#682));
#682=SURFACE_STYLE_USAGE(.BOTH.,#683);
#683=SURFACE_SIDE_STYLE('',(#684));
#684=SURFACE_STYLE_FILL_AREA(#685);
#685=FILL_AREA_STYLE('',(#686));
#686=FILL_AREA_STYLE_COLOUR('',#687);
#687=COLOUR_RGB('',0.917647058823529,0.917647058823529,0.917647058823529);
#688=MANIFOLD_SOLID_BREP('Part 56',#679);
#689=SHAPE_DEFINITION_REPRESENTATION(#2956,#690);
#690=SHAPE_REPRESENTATION('Part 56',(#691),#2951);
#691=AXIS2_PLACEMENT_3D('',#852,#729,#730);
#692=AXIS2_PLACEMENT_3D('',#940,#733,#734);
#693=AXIS2_PLACEMENT_3D('',#950,#737,#738);
#694=AXIS2_PLACEMENT_3D('',#992,#749,#750);
#695=AXIS2_PLACEMENT_3D('',#1082,#751,#752);
#696=AXIS2_PLACEMENT_3D('',#1091,#757,#758);
#697=AXIS2_PLACEMENT_3D('',#1160,#759,#760);
#698=AXIS2_PLACEMENT_3D('',#1278,#766,#767);
#699=AXIS2_PLACEMENT_3D('',#1305,#770,#771);
#700=AXIS2_PLACEMENT_3D('',#1308,#773,#774);
#701=AXIS2_PLACEMENT_3D('',#1310,#775,#776);
#702=AXIS2_PLACEMENT_3D('',#1313,#778,#779);
#703=AXIS2_PLACEMENT_3D('',#1314,#780,#781);
#704=AXIS2_PLACEMENT_3D('',#1317,#783,#784);
#705=AXIS2_PLACEMENT_3D('',#1320,#786,#787);
#706=AXIS2_PLACEMENT_3D('',#1794,#788,#789);
#707=AXIS2_PLACEMENT_3D('',#2169,#790,#791);
#708=AXIS2_PLACEMENT_3D('',#2170,#792,#793);
#709=AXIS2_PLACEMENT_3D('',#2260,#794,#795);
#710=AXIS2_PLACEMENT_3D('',#2910,#796,#797);
#711=AXIS2_PLACEMENT_3D('',#2913,#800,#801);
#712=AXIS2_PLACEMENT_3D('',#2915,#803,#804);
#713=AXIS2_PLACEMENT_3D('',#2917,#806,#807);
#714=AXIS2_PLACEMENT_3D('',#2918,#808,#809);
#715=AXIS2_PLACEMENT_3D('',#2921,#812,#813);
#716=AXIS2_PLACEMENT_3D('',#2924,#816,#817);
#717=AXIS2_PLACEMENT_3D('',#2926,#819,#820);
#718=AXIS2_PLACEMENT_3D('',#2928,#822,#823);
#719=AXIS2_PLACEMENT_3D('',#2929,#824,#825);
#720=AXIS2_PLACEMENT_3D('',#2930,#826,#827);
#721=AXIS2_PLACEMENT_3D('',#2931,#828,#829);
#722=AXIS2_PLACEMENT_3D('',#2934,#832,#833);
#723=AXIS2_PLACEMENT_3D('',#2936,#835,#836);
#724=AXIS2_PLACEMENT_3D('',#2937,#837,#838);
#725=AXIS2_PLACEMENT_3D('',#2943,#842,#843);
#726=AXIS2_PLACEMENT_3D('',#2946,#845,#846);
#727=AXIS2_PLACEMENT_3D('',#2947,#847,#848);
#728=AXIS2_PLACEMENT_3D('',#2949,#850,#851);
#729=DIRECTION('',(0.,0.,1.));
#730=DIRECTION('',(1.,0.,0.));
#731=DIRECTION('',(1.,0.,0.));
#732=DIRECTION('',(-1.,0.,0.));
#733=DIRECTION('',(1.,0.,0.));
#734=DIRECTION('',(0.,0.,-1.));
#735=DIRECTION('',(0.,0.,-1.));
#736=DIRECTION('',(0.,0.927012703300762,-0.375029929364328));
#737=DIRECTION('',(1.,0.,0.));
#738=DIRECTION('',(0.,0.,-1.));
#739=DIRECTION('',(0.,0.,-1.));
#740=DIRECTION('',(0.,0.927012703300762,-0.375029929364329));
#741=DIRECTION('',(0.,0.948498425856218,0.316781843148053));
#742=DIRECTION('',(0.,0.316781843148053,-0.948498425856218));
#743=DIRECTION('',(0.,0.948498425856218,0.316781843148051));
#744=DIRECTION('',(0.,0.316781843148053,-0.948498425856218));
#745=DIRECTION('',(0.,0.862774890551651,0.50558825958836));
#746=DIRECTION('',(0.,0.505588259588361,-0.862774890551651));
#747=DIRECTION('',(0.,0.862774890551653,0.505588259588357));
#748=DIRECTION('',(0.,0.505588259588356,-0.862774890551653));
#749=DIRECTION('',(1.,0.,0.));
#750=DIRECTION('',(0.,0.,-1.));
#751=DIRECTION('',(-1.,0.,0.));
#752=DIRECTION('',(0.,1.,0.));
#753=DIRECTION('',(0.,0.505588259588361,-0.862774890551651));
#754=DIRECTION('',(0.,0.862774890551651,0.50558825958836));
#755=DIRECTION('',(0.,0.505588259588356,-0.862774890551653));
#756=DIRECTION('',(0.,0.862774890551653,0.505588259588357));
#757=DIRECTION('',(1.,0.,0.));
#758=DIRECTION('',(0.,0.,-1.));
#759=DIRECTION('',(1.,0.,0.));
#760=DIRECTION('',(0.,-1.,0.));
#761=DIRECTION('',(0.,0.316781843148053,-0.948498425856218));
#762=DIRECTION('',(0.,0.948498425856218,0.316781843148053));
#763=DIRECTION('',(0.,0.316781843148053,-0.948498425856218));
#764=DIRECTION('',(0.,0.948498425856218,0.316781843148051));
#765=DIRECTION('',(0.,0.,-1.));
#766=DIRECTION('',(0.,-0.375029929364329,-0.927012703300762));
#767=DIRECTION('',(0.,0.927012703300762,-0.375029929364329));
#768=DIRECTION('',(0.,0.927012703300762,-0.375029929364329));
#769=DIRECTION('',(0.,0.927012703300762,-0.375029929364329));
#770=DIRECTION('',(0.,-0.375029929364328,-0.927012703300762));
#771=DIRECTION('',(0.,0.927012703300762,-0.375029929364328));
#772=DIRECTION('',(0.,0.927012703300762,-0.375029929364328));
#773=DIRECTION('',(-1.,0.,0.));
#774=DIRECTION('',(0.,1.,0.));
#775=DIRECTION('',(-1.,0.,0.));
#776=DIRECTION('',(0.,1.,0.));
#777=DIRECTION('',(-1.,0.,0.));
#778=DIRECTION('',(1.,0.,0.));
#779=DIRECTION('',(0.,0.558325594291074,-0.82962192037067));
#780=DIRECTION('',(-1.,0.,0.));
#781=DIRECTION('',(0.,1.,0.));
#782=DIRECTION('',(-1.,0.,0.));
#783=DIRECTION('',(0.,1.,0.));
#784=DIRECTION('',(1.,0.,0.));
#785=DIRECTION('',(0.,0.,-1.));
#786=DIRECTION('',(-1.,0.,0.));
#787=DIRECTION('',(0.,1.,0.));
#788=DIRECTION('',(-1.,0.,0.));
#789=DIRECTION('',(0.,1.,0.));
#790=DIRECTION('',(1.,0.,0.));
#791=DIRECTION('',(0.,0.,-1.));
#792=DIRECTION('',(-1.,0.,0.));
#793=DIRECTION('',(0.,1.,0.));
#794=DIRECTION('',(-1.,0.,0.));
#795=DIRECTION('',(0.,1.,0.));
#796=DIRECTION('',(0.,-0.948498425856218,-0.316781843148053));
#797=DIRECTION('',(0.,0.316781843148053,-0.948498425856218));
#798=DIRECTION('',(-1.,0.,0.));
#799=DIRECTION('',(-1.,0.,0.));
#800=DIRECTION('',(0.,0.316781843148051,-0.948498425856218));
#801=DIRECTION('',(0.,0.948498425856218,0.316781843148051));
#802=DIRECTION('',(-1.,0.,0.));
#803=DIRECTION('',(0.,-0.948498425856218,-0.316781843148053));
#804=DIRECTION('',(0.,0.316781843148053,-0.948498425856218));
#805=DIRECTION('',(-1.,0.,0.));
#806=DIRECTION('',(0.,0.316781843148053,-0.948498425856218));
#807=DIRECTION('',(0.,0.948498425856218,0.316781843148053));
#808=DIRECTION('',(0.,-0.862774890551651,-0.505588259588361));
#809=DIRECTION('',(0.,0.505588259588361,-0.862774890551651));
#810=DIRECTION('',(-1.,0.,0.));
#811=DIRECTION('',(-1.,0.,0.));
#812=DIRECTION('',(0.,0.505588259588357,-0.862774890551653));
#813=DIRECTION('',(0.,0.862774890551653,0.505588259588357));
#814=DIRECTION('',(-1.,0.,0.));
#815=DIRECTION('',(-1.,0.,0.));
#816=DIRECTION('',(0.,-0.862774890551653,-0.505588259588356));
#817=DIRECTION('',(0.,0.505588259588356,-0.862774890551653));
#818=DIRECTION('',(-1.,0.,0.));
#819=DIRECTION('',(0.,-0.862774890551653,-0.505588259588356));
#820=DIRECTION('',(0.,0.505588259588356,-0.862774890551653));
#821=DIRECTION('',(-1.,0.,0.));
#822=DIRECTION('',(0.,0.50558825958836,-0.862774890551651));
#823=DIRECTION('',(0.,0.862774890551651,0.50558825958836));
#824=DIRECTION('',(-6.27222583782574E-17,-0.981016171155601,0.19392594445098));
#825=DIRECTION('',(1.,-6.15315497604704E-17,1.21634731941019E-17));
#826=DIRECTION('',(-6.27222583782574E-17,-0.981016171155601,0.19392594445098));
#827=DIRECTION('',(0.,-0.19392594445098,-0.981016171155601));
#828=DIRECTION('',(-0.76604444311899,-0.124653194289847,-0.630585039720936));
#829=DIRECTION('',(-0.635542030187924,0.,0.772066271679195));
#830=DIRECTION('',(6.27222583782574E-17,0.981016171155601,-0.19392594445098));
#831=DIRECTION('',(6.27222583782574E-17,0.981016171155601,-0.19392594445098));
#832=DIRECTION('',(6.27222583782574E-17,0.981016171155601,-0.19392594445098));
#833=DIRECTION('',(0.,0.19392594445098,0.981016171155601));
#834=DIRECTION('',(6.27222583782574E-17,0.981016171155601,-0.19392594445098));
#835=DIRECTION('',(-0.766044443118962,0.124653194289854,0.630585039720968));
#836=DIRECTION('',(0.635542030187956,0.,0.772066271679168));
#837=DIRECTION('',(0.766044443118976,0.12465319428985,0.630585039720952));
#838=DIRECTION('',(0.63554203018794,0.,-0.772066271679181));
#839=DIRECTION('',(6.27222583782574E-17,0.981016171155601,-0.19392594445098));
#840=DIRECTION('',(0.642787609686542,-0.148555892123272,-0.751501986523603));
#841=DIRECTION('',(6.27222583782574E-17,0.981016171155601,-0.19392594445098));
#842=DIRECTION('',(6.27222583782574E-17,0.981016171155601,-0.19392594445098));
#843=DIRECTION('',(0.,0.19392594445098,0.981016171155601));
#844=DIRECTION('',(6.27222583782574E-17,0.981016171155601,-0.19392594445098));
#845=DIRECTION('',(-6.27222583782574E-17,-0.981016171155601,0.19392594445098));
#846=DIRECTION('',(0.,-0.19392594445098,-0.981016171155601));
#847=DIRECTION('',(0.766044443118976,-0.12465319428985,-0.630585039720952));
#848=DIRECTION('',(-0.63554203018794,0.,-0.772066271679181));
#849=DIRECTION('',(-0.642787609686542,-0.148555892123272,-0.751501986523603));
#850=DIRECTION('',(-6.27222583782574E-17,-0.981016171155601,0.19392594445098));
#851=DIRECTION('',(1.,-6.15315497604704E-17,1.21634731941019E-17));
#852=CARTESIAN_POINT('',(0.,0.,0.));
#853=CARTESIAN_POINT('',(0.0640025214211301,0.0801319548718798,-0.227539892795224));
#854=CARTESIAN_POINT('',(0.09,0.0801319548718798,-0.227539892795224));
#855=CARTESIAN_POINT('',(0.0640025214211301,0.07723722411346,-0.24280625956438));
#856=CARTESIAN_POINT('',(0.09,0.07723722411346,-0.24280625956438));
#857=CARTESIAN_POINT('',(0.0640025214211301,0.0742463335638191,-0.257889095519425));
#858=CARTESIAN_POINT('',(0.09,0.0742463335638191,-0.257889095519425));
#859=CARTESIAN_POINT('',(0.0640025214211301,0.0712310562854619,-0.272567006361817));
#860=CARTESIAN_POINT('',(0.09,0.0712310562854619,-0.272567006361817));
#861=CARTESIAN_POINT('',(0.0791057844555066,0.0723230623071939,-0.267228118162014));
#862=CARTESIAN_POINT('',(0.0792990562144589,0.0722770992195806,-0.267453821758359));
#863=CARTESIAN_POINT('',(0.0794923279009829,0.0722311114488267,-0.267679520387388));
#864=CARTESIAN_POINT('',(0.0796855995151859,0.0721850990314502,-0.26790521405645));
#865=CARTESIAN_POINT('',(0.0791057844555066,0.072323062307194,-0.267228118162014));
#866=CARTESIAN_POINT('',(0.0796855995151859,0.0721850990314503,-0.26790521405645));
#867=CARTESIAN_POINT('',(0.079685599515186,0.0724608773803541,-0.266550992971092));
#868=CARTESIAN_POINT('',(0.0794923277588406,0.0724149637310636,-0.266776706337171));
#869=CARTESIAN_POINT('',(0.0792990560723157,0.0723690253610033,-0.267002414731663));
#870=CARTESIAN_POINT('',(0.0791057844555067,0.0723230623071939,-0.267228118162014));
#871=CARTESIAN_POINT('',(0.0796855995151859,0.0724608773803542,-0.266550992971092));
#872=CARTESIAN_POINT('',(0.0796855995151859,0.0724608773803542,-0.266550992971092));
#873=CARTESIAN_POINT('',(0.0799696331836768,0.0725283524345908,-0.266219282861932));
#874=CARTESIAN_POINT('',(0.0807155268583237,0.0725661517512876,-0.26603326078733));
#875=CARTESIAN_POINT('',(0.0814464458872439,0.0724538536058966,-0.266585610735592));
#876=CARTESIAN_POINT('',(0.081652841841232,0.0723231320044097,-0.26722790140537));
#877=CARTESIAN_POINT('',(0.081446770223205,0.0721923672878825,-0.267869650826748));
#878=CARTESIAN_POINT('',(0.080718334539561,0.0720796220730582,-0.268422387494948));
#879=CARTESIAN_POINT('',(0.0799696327747916,0.0721174788744827,-0.268236894985179));
#880=CARTESIAN_POINT('',(0.0796855995151859,0.0721850990314503,-0.26790521405645));
#881=CARTESIAN_POINT('',(-0.1,0.0712310562854791,-0.272567006361734));
#882=CARTESIAN_POINT('',(0.0847370987306498,0.0712310562854791,-0.272567006361733));
#883=CARTESIAN_POINT('',(0.0641575759653381,0.0712310562854791,-0.272567006361733));
#884=CARTESIAN_POINT('',(0.09,0.0798005383482054,-0.229284731344078));
#885=CARTESIAN_POINT('',(0.0898447068272769,0.0791065772732097,-0.232932039947078));
#886=CARTESIAN_POINT('',(0.0895174025418772,0.0777049188100121,-0.240220805874435));
#887=CARTESIAN_POINT('',(0.0886409015093552,0.0755633127956896,-0.251134208441521));
#888=CARTESIAN_POINT('',(0.0872443905928558,0.0733971460211414,-0.261963040791353));
#889=CARTESIAN_POINT('',(0.0857657630045752,0.0719495898734974,-0.269069294221659));
#890=CARTESIAN_POINT('',(0.0847370987306498,0.0712310562854791,-0.272567006361733));
#891=CARTESIAN_POINT('',(0.09,0.0798005383516437,-0.229284731326006));
#892=CARTESIAN_POINT('',(0.09,0.100227743387222,-0.103607557713985));
#893=CARTESIAN_POINT('',(0.09,0.100036673548795,-0.107474170079349));
#894=CARTESIAN_POINT('',(0.09,0.0888411732901188,-0.185649807862896));
#895=CARTESIAN_POINT('',(0.09,0.0728783656258584,-0.265871588001824));
#896=CARTESIAN_POINT('',(0.09,0.0638835430145264,-0.307368248701096));
#897=CARTESIAN_POINT('',(0.09,0.0801319462390054,-0.22753993712166));
#898=CARTESIAN_POINT('',(0.0875,0.0801319548719167,-0.227539892795029));
#899=CARTESIAN_POINT('',(0.085,0.0801319462403445,-0.227539937121664));
#900=CARTESIAN_POINT('',(0.085,0.100227743387222,-0.103607557713985));
#901=CARTESIAN_POINT('',(0.085,0.100036673548795,-0.107474170079349));
#902=CARTESIAN_POINT('',(0.085,0.0888411732901188,-0.185649807862896));
#903=CARTESIAN_POINT('',(0.085,0.0728783656258584,-0.265871588001824));
#904=CARTESIAN_POINT('',(0.085,0.0638835430145264,-0.307368248701096));
#905=CARTESIAN_POINT('',(0.085,0.0798005383516437,-0.229284731326006));
#906=CARTESIAN_POINT('',(0.085,0.0798005383482054,-0.229284731344078));
#907=CARTESIAN_POINT('',(0.0848844378968729,0.0793949127771273,-0.231416611197712));
#908=CARTESIAN_POINT('',(0.0846404319988519,0.0785789939698997,-0.235678188456658));
#909=CARTESIAN_POINT('',(0.0840441110461251,0.0773442112002484,-0.242050054183168));
#910=CARTESIAN_POINT('',(0.0830894158238961,0.0761019056996282,-0.248386092220549));
#911=CARTESIAN_POINT('',(0.0818483597030577,0.0750807223225376,-0.253536341965104));
#912=CARTESIAN_POINT('',(0.0803483294754409,0.0742764420496624,-0.25756075062095));
#913=CARTESIAN_POINT('',(0.0788683024776894,0.0737015127958267,-0.260422858549313));
#914=CARTESIAN_POINT('',(0.0770574982931982,0.0731746364008441,-0.263033590922725));
#915=CARTESIAN_POINT('',(0.0748893129490855,0.0726905085742439,-0.265422479562635));
#916=CARTESIAN_POINT('',(0.072420369618545,0.0722577211778879,-0.267549971730391));
#917=CARTESIAN_POINT('',(0.068911856004243,0.0717554488872489,-0.270010984109548));
#918=CARTESIAN_POINT('',(0.0660761136544335,0.0714356658895993,-0.271570997952049));
#919=CARTESIAN_POINT('',(0.064157575965338,0.0712310562854791,-0.272567006361733));
#920=CARTESIAN_POINT('',(0.0866428172300631,0.0797940927634206,-0.229318606813972));
#921=CARTESIAN_POINT('',(0.0869268499986191,0.0798573680706318,-0.228986067597777));
#922=CARTESIAN_POINT('',(0.0876727469219972,0.079892808194312,-0.228799577774193));
#923=CARTESIAN_POINT('',(0.0884036639782465,0.0797875089020497,-0.22935331314336));
#924=CARTESIAN_POINT('',(0.0886100587732468,0.0796649122317156,-0.229997205489823));
#925=CARTESIAN_POINT('',(0.0884039906894345,0.0795422486989062,-0.230640555121668));
#926=CARTESIAN_POINT('',(0.0876755557885398,0.0794364675424376,-0.23119467297726));
#927=CARTESIAN_POINT('',(0.0869268505925285,0.0794719892458288,-0.231008718517378));
#928=CARTESIAN_POINT('',(0.086642817230063,0.0795354263214369,-0.23067621055785));
#929=CARTESIAN_POINT('',(0.0866428172300631,0.0797940927634206,-0.229318606813972));
#930=CARTESIAN_POINT('',(0.0866428172300631,0.0795354263214369,-0.23067621055785));
#931=CARTESIAN_POINT('',(0.0866428172300633,0.0795354263214368,-0.23067621055785));
#932=CARTESIAN_POINT('',(0.0864495454502633,0.079578592365037,-0.230449954020317));
#933=CARTESIAN_POINT('',(0.0862562737636294,0.0796217309569656,-0.230223692169353));
#934=CARTESIAN_POINT('',(0.0860630021703838,0.0796648420317468,-0.229997424992287));
#935=CARTESIAN_POINT('',(0.0860630021703838,0.0796648420317468,-0.229997424992287));
#936=CARTESIAN_POINT('',(0.0860630021703839,0.0796648420317468,-0.229997424992287));
#937=CARTESIAN_POINT('',(0.0862562739537655,0.0797079531489397,-0.229771157592625));
#938=CARTESIAN_POINT('',(0.0864495456404027,0.0797510367481828,-0.229544884870778));
#939=CARTESIAN_POINT('',(0.086642817230063,0.0797940927634205,-0.229318606813971));
#940=CARTESIAN_POINT('',(0.09,0.0980703491737917,-0.261313505470752));
#941=CARTESIAN_POINT('',(0.09,0.0838368434905932,-0.228269755030858));
#942=CARTESIAN_POINT('',(0.09,0.0826481276916382,-0.22778885115486));
#943=CARTESIAN_POINT('',(0.09,0.0814131618763829,-0.227545593295781));
#944=CARTESIAN_POINT('',(0.09,0.0801319460448274,-0.22753998145362));
#945=CARTESIAN_POINT('',(0.09,0.0838368434905932,-0.228269755030858));
#946=CARTESIAN_POINT('',(0.09,0.0798005383482054,-0.261313505470752));
#947=CARTESIAN_POINT('',(0.09,0.0798005383482054,-0.276033854487148));
#948=CARTESIAN_POINT('',(0.09,0.0903831070418775,-0.280315111880439));
#949=CARTESIAN_POINT('',(0.0899999997500001,0.115659570580861,-0.290540861025141));
#950=CARTESIAN_POINT('',(0.09,0.115840156425158,-0.290074526994093));
#951=CARTESIAN_POINT('',(0.0899999997516902,0.11634014694913,-0.290082717856062));
#952=CARTESIAN_POINT('',(0.09,0.116340159999378,-0.261313505470752));
#953=CARTESIAN_POINT('',(0.09,0.116340159999378,-0.24816097888906));
#954=CARTESIAN_POINT('',(0.09,0.116340159999378,-0.24816097888906));
#955=CARTESIAN_POINT('',(0.09,0.116340159999378,-0.247855634911105));
#956=CARTESIAN_POINT('',(0.09,0.11633014350838,-0.247299757142742));
#957=CARTESIAN_POINT('',(0.09,0.116292057595314,-0.246764702789335));
#958=CARTESIAN_POINT('',(0.09,0.116260843406249,-0.246486896759537));
#959=CARTESIAN_POINT('',(0.09,0.116227542560244,-0.246238360785942));
#960=CARTESIAN_POINT('',(0.09,0.116157352504456,-0.245813638416678));
#961=CARTESIAN_POINT('',(0.09,0.115967339424755,-0.244970768357444));
#962=CARTESIAN_POINT('',(0.09,0.11553805401271,-0.243753806031994));
#963=CARTESIAN_POINT('',(0.09,0.114817513848484,-0.242455669996027));
#964=CARTESIAN_POINT('',(0.09,0.113883317561901,-0.24129814988627));
#965=CARTESIAN_POINT('',(0.09,0.112949851428085,-0.240465489736045));
#966=CARTESIAN_POINT('',(0.09,0.112223593860917,-0.239957047115489));
#967=CARTESIAN_POINT('',(0.09,0.111793813593659,-0.239693783516622));
#968=CARTESIAN_POINT('',(0.09,0.111526326058261,-0.239543568031759));
#969=CARTESIAN_POINT('',(0.09,0.111287054776377,-0.239419111144598));
#970=CARTESIAN_POINT('',(0.09,0.111121733480018,-0.239337245338697));
#971=CARTESIAN_POINT('',(0.09,0.110765138555559,-0.239170896422088));
#972=CARTESIAN_POINT('',(0.09,0.110383264664209,-0.239009308461105));
#973=CARTESIAN_POINT('',(0.09,0.110090459293021,-0.238890851856052));
#974=CARTESIAN_POINT('',(0.09,0.110090459293021,-0.238890851856053));
#975=CARTESIAN_POINT('',(0.09,0.107556350878522,-0.237865659324918));
#976=CARTESIAN_POINT('',(0.09,0.0917631431881979,-0.242428663809892));
#977=CARTESIAN_POINT('',(0.09,0.0902229313476538,-0.24294306755837));
#978=CARTESIAN_POINT('',(0.09,0.0923570528058303,-0.242230308411287));
#979=CARTESIAN_POINT('',(0.09,0.0986642587914242,-0.261115150072148));
#980=CARTESIAN_POINT('',(0.09,0.0930698119529135,-0.244364429869463));
#981=CARTESIAN_POINT('',(0.09,0.0924759023352811,-0.244562785268069));
#982=CARTESIAN_POINT('',(0.09,0.0909356904947369,-0.245077189016546));
#983=CARTESIAN_POINT('',(0.09,0.0965301373332476,-0.261827909219231));
#984=CARTESIAN_POINT('',(0.09,0.106875533178075,-0.27633935213849));
#985=CARTESIAN_POINT('',(0.09,0.105822683771802,-0.276956324543176));
#986=CARTESIAN_POINT('',(0.09,0.107763927275543,-0.275818750959102));
#987=CARTESIAN_POINT('',(0.09,0.0989587432712599,-0.260792904291365));
#988=CARTESIAN_POINT('',(0.09,0.108901500859617,-0.277759994462843));
#989=CARTESIAN_POINT('',(0.09,0.108013106762149,-0.278280595642232));
#990=CARTESIAN_POINT('',(0.09,0.106960257355876,-0.278897568046917));
#991=CARTESIAN_POINT('',(0.09,0.0970174997675188,-0.261930477875438));
#992=CARTESIAN_POINT('',(0.,0.,0.));
#993=CARTESIAN_POINT('',(0.,0.122781705007278,-0.295996668326216));
#994=CARTESIAN_POINT('',(0.,0.122764502082141,-0.295991040032995));
#995=CARTESIAN_POINT('',(0.,0.122718903623944,-0.295976121553082));
#996=CARTESIAN_POINT('',(0.,0.122550547147039,-0.295934795338999));
#997=CARTESIAN_POINT('',(0.,0.122320486462948,-0.295888285211772));
#998=CARTESIAN_POINT('',(0.,0.122039127925625,-0.295812272484346));
#999=CARTESIAN_POINT('',(0.,0.121723831477028,-0.295677380773619));
#1000=CARTESIAN_POINT('',(0.,0.121364771170717,-0.295476488752215));
#1001=CARTESIAN_POINT('',(0.,0.120954692387249,-0.295215635696879));
#1002=CARTESIAN_POINT('',(0.,0.120496733412062,-0.294895276960428));
#1003=CARTESIAN_POINT('',(0.,0.119993067258152,-0.29451615959203));
#1004=CARTESIAN_POINT('',(0.,0.11944700831286,-0.294080093280915));
#1005=CARTESIAN_POINT('',(0.,0.118861564539479,-0.293589715686912));
#1006=CARTESIAN_POINT('',(0.,0.118240337879808,-0.293047177477026));
#1007=CARTESIAN_POINT('',(0.,0.117587309542726,-0.292455567670007));
#1008=CARTESIAN_POINT('',(0.,0.116906382575773,-0.291818364168023));
#1009=CARTESIAN_POINT('',(0.,0.116201439336001,-0.291139470365713));
#1010=CARTESIAN_POINT('',(0.,0.115477816106037,-0.290422371335493));
#1011=CARTESIAN_POINT('',(0.,0.114739156574067,-0.289671906924179));
#1012=CARTESIAN_POINT('',(0.,0.113990926174282,-0.288891895382341));
#1013=CARTESIAN_POINT('',(0.,0.11323643637203,-0.28808776485909));
#1014=CARTESIAN_POINT('',(0.,0.1124810849195,-0.287264932769814));
#1015=CARTESIAN_POINT('',(0.,0.11172946538739,-0.286429266414911));
#1016=CARTESIAN_POINT('',(0.,0.110986070466835,-0.28558880050911));
#1017=CARTESIAN_POINT('',(0.,0.110258894480512,-0.284749337003857));
#1018=CARTESIAN_POINT('',(0.,0.109555281913786,-0.283917497094323));
#1019=CARTESIAN_POINT('',(0.,0.108883965699544,-0.283096061094809));
#1020=CARTESIAN_POINT('',(0.,0.10825215546418,-0.282287864500684));
#1021=CARTESIAN_POINT('',(0.,0.10766739625604,-0.28149315373482));
#1022=CARTESIAN_POINT('',(0.,0.107129203430507,-0.280719410123641));
#1023=CARTESIAN_POINT('',(0.,0.106654655230328,-0.279960360928624));
#1024=CARTESIAN_POINT('',(0.,0.106244172679408,-0.279210731707829));
#1025=CARTESIAN_POINT('',(0.,0.105888538363163,-0.278471869043464));
#1026=CARTESIAN_POINT('',(0.,0.105588471893017,-0.277744330942427));
#1027=CARTESIAN_POINT('',(0.,0.105336364275499,-0.277033312655915));
#1028=CARTESIAN_POINT('',(0.,0.105131625597754,-0.276344574366892));
#1029=CARTESIAN_POINT('',(0.,0.104971606297372,-0.275683800565862));
#1030=CARTESIAN_POINT('',(0.,0.1048573046215,-0.275054232639516));
#1031=CARTESIAN_POINT('',(0.,0.104785437722051,-0.274460967895118));
#1032=CARTESIAN_POINT('',(0.,0.104755087645014,-0.273908075737654));
#1033=CARTESIAN_POINT('',(0.,0.104764620737544,-0.273400057813791));
#1034=CARTESIAN_POINT('',(0.,0.104809170522456,-0.272941262255461));
#1035=CARTESIAN_POINT('',(0.,0.104893862055911,-0.272536050293346));
#1036=CARTESIAN_POINT('',(0.,0.105017279217154,-0.272182830218133));
#1037=CARTESIAN_POINT('',(0.,0.105167630963878,-0.271882113042475));
#1038=CARTESIAN_POINT('',(0.,0.105337959448028,-0.271632602410932));
#1039=CARTESIAN_POINT('',(0.,0.105468499495847,-0.271512132500233));
#1040=CARTESIAN_POINT('',(0.,0.105531529562236,-0.271453964707314));
#1041=CARTESIAN_POINT('',(0.,0.105531529562236,-0.271453964707314));
#1042=CARTESIAN_POINT('',(0.,0.115486034392528,-0.290427566555351));
#1043=CARTESIAN_POINT('',(0.,0.105531529562236,-0.271453964707314));
#1044=CARTESIAN_POINT('',(0.,0.105593525992809,-0.271410859959806));
#1045=CARTESIAN_POINT('',(0.,0.105711380181781,-0.271328918547832));
#1046=CARTESIAN_POINT('',(0.,0.105897859254322,-0.271270538814611));
#1047=CARTESIAN_POINT('',(0.,0.106076886405967,-0.271363720891972));
#1048=CARTESIAN_POINT('',(0.,0.106259285761135,-0.271583564331366));
#1049=CARTESIAN_POINT('',(0.,0.106489758583001,-0.271892276133391));
#1050=CARTESIAN_POINT('',(0.,0.106753538076328,-0.272301107530731));
#1051=CARTESIAN_POINT('',(0.,0.107054435606578,-0.272798001961793));
#1052=CARTESIAN_POINT('',(0.,0.107387212247988,-0.273379536405425));
#1053=CARTESIAN_POINT('',(0.,0.107748163773703,-0.274040084059428));
#1054=CARTESIAN_POINT('',(0.,0.10813279795823,-0.27477433540733));
#1055=CARTESIAN_POINT('',(0.,0.108525741558613,-0.275593288080629));
#1056=CARTESIAN_POINT('',(0.,0.108935371137563,-0.276504170360324));
#1057=CARTESIAN_POINT('',(0.,0.109380768198405,-0.27749588862561));
#1058=CARTESIAN_POINT('',(0.,0.10986330966046,-0.278560677511147));
#1059=CARTESIAN_POINT('',(0.,0.11038574548593,-0.279686776668558));
#1060=CARTESIAN_POINT('',(0.,0.110950150695815,-0.28086305113339));
#1061=CARTESIAN_POINT('',(0.,0.111556156561881,-0.282076300509899));
#1062=CARTESIAN_POINT('',(0.,0.112203603658938,-0.283313748876269));
#1063=CARTESIAN_POINT('',(0.,0.112889196819434,-0.284561333951335));
#1064=CARTESIAN_POINT('',(0.,0.113611256170887,-0.285804723477354));
#1065=CARTESIAN_POINT('',(0.,0.114364086391195,-0.287030168045788));
#1066=CARTESIAN_POINT('',(0.,0.115141774605185,-0.288223228130657));
#1067=CARTESIAN_POINT('',(0.,0.115937687189957,-0.289369890727459));
#1068=CARTESIAN_POINT('',(0.,0.116743224169563,-0.290457133019681));
#1069=CARTESIAN_POINT('',(0.,0.117548766313187,-0.291472643424039));
#1070=CARTESIAN_POINT('',(0.,0.118344824193065,-0.292404478103301));
#1071=CARTESIAN_POINT('',(0.,0.119118798532212,-0.293242702424484));
#1072=CARTESIAN_POINT('',(0.,0.119859787364152,-0.293978654618998));
#1073=CARTESIAN_POINT('',(0.,0.120553798415058,-0.294604723289649));
#1074=CARTESIAN_POINT('',(0.,0.121187864955431,-0.295115251084606));
#1075=CARTESIAN_POINT('',(0.,0.121747561251116,-0.295498745288419));
#1076=CARTESIAN_POINT('',(0.,0.122206949755838,-0.295749605563065));
#1077=CARTESIAN_POINT('',(0.,0.122524194128194,-0.295891717677211));
#1078=CARTESIAN_POINT('',(0.,0.122717620255316,-0.295971461530122));
#1079=CARTESIAN_POINT('',(0.,0.122764727004591,-0.295989990278182));
#1080=CARTESIAN_POINT('',(0.,0.122781705007278,-0.295996668326216));
#1081=CARTESIAN_POINT('',(0.,0.116243211154185,-0.289778698314918));
#1082=CARTESIAN_POINT('',(0.,0.115840159999378,-0.290074586308633));
#1083=CARTESIAN_POINT('',(0.,-0.0400972142992437,-0.0234970686026039));
#1084=CARTESIAN_POINT('',(0.,0.107763927275543,-0.275818750959102));
#1085=CARTESIAN_POINT('',(0.,0.108901500859617,-0.277759994462843));
#1086=CARTESIAN_POINT('',(0.,0.147861141574787,-0.252321682356498));
#1087=CARTESIAN_POINT('',(0.,0.105822683771802,-0.276956324543176));
#1088=CARTESIAN_POINT('',(0.,-0.0420384578029837,-0.0246346421866766));
#1089=CARTESIAN_POINT('',(0.,0.106960257355876,-0.278897568046917));
#1090=CARTESIAN_POINT('',(0.,0.14899871515886,-0.25426292586024));
#1091=CARTESIAN_POINT('',(0.,0.,0.));
#1092=CARTESIAN_POINT('',(0.,0.101544388867758,-0.271126731584028));
#1093=CARTESIAN_POINT('',(0.,0.101501186364596,-0.271058945904415));
#1094=CARTESIAN_POINT('',(0.,0.101181578906657,-0.270556024065712));
#1095=CARTESIAN_POINT('',(0.,0.100577843076994,-0.269586076280068));
#1096=CARTESIAN_POINT('',(0.,0.0997274024801916,-0.268175083061634));
#1097=CARTESIAN_POINT('',(0.,0.0988632338887254,-0.26669383061804));
#1098=CARTESIAN_POINT('',(0.,0.0979891532307094,-0.265151775897319));
#1099=CARTESIAN_POINT('',(0.,0.0971123836357315,-0.263557508453385));
#1100=CARTESIAN_POINT('',(0.,0.0962359445350387,-0.261921297056756));
#1101=CARTESIAN_POINT('',(0.,0.09536625228687,-0.260254301975982));
#1102=CARTESIAN_POINT('',(0.,0.0945082196650302,-0.258568064616678));
#1103=CARTESIAN_POINT('',(0.,0.0936656511193421,-0.25687760659521));
#1104=CARTESIAN_POINT('',(0.,0.0928490174329342,-0.255195844696716));
#1105=CARTESIAN_POINT('',(0.,0.092067375842557,-0.253536744655974));
#1106=CARTESIAN_POINT('',(0.,0.091333714556198,-0.251908631947995));
#1107=CARTESIAN_POINT('',(0.,0.0906585208821407,-0.250319258098606));
#1108=CARTESIAN_POINT('',(0.,0.0900539555202297,-0.248772311002314));
#1109=CARTESIAN_POINT('',(0.,0.0895159709956008,-0.247279743960563));
#1110=CARTESIAN_POINT('',(0.,0.0890750690051381,-0.245838798283487));
#1111=CARTESIAN_POINT('',(0.,0.0887342320853915,-0.244441081290769));
#1112=CARTESIAN_POINT('',(0.,0.0884778862721615,-0.243084766660163));
#1113=CARTESIAN_POINT('',(0.,0.0883069585240001,-0.241771075216397));
#1114=CARTESIAN_POINT('',(0.,0.0882068133462543,-0.240505139232194));
#1115=CARTESIAN_POINT('',(0.,0.0881739819661115,-0.239296067609376));
#1116=CARTESIAN_POINT('',(0.,0.0882016796493792,-0.238151948830216));
#1117=CARTESIAN_POINT('',(0.,0.0882901173178774,-0.237078488223943));
#1118=CARTESIAN_POINT('',(0.,0.0884317363538925,-0.23608254361838));
#1119=CARTESIAN_POINT('',(0.,0.0886232712338424,-0.235170331831839));
#1120=CARTESIAN_POINT('',(0.,0.0888601044071264,-0.234348460682104));
#1121=CARTESIAN_POINT('',(0.,0.0891324287142399,-0.233621879903025));
#1122=CARTESIAN_POINT('',(0.,0.0894466772736666,-0.232999913625214));
#1123=CARTESIAN_POINT('',(0.,0.0898012409821489,-0.232479356795212));
#1124=CARTESIAN_POINT('',(0.,0.0901767252606702,-0.232055903200596));
#1125=CARTESIAN_POINT('',(0.,0.0905623816157434,-0.231724413613275));
#1126=CARTESIAN_POINT('',(0.,0.0908271226655975,-0.231585406054965));
#1127=CARTESIAN_POINT('',(0.,0.0909549504565853,-0.231518287528696));
#1128=CARTESIAN_POINT('',(0.,0.0909549504565853,-0.231518287528696));
#1129=CARTESIAN_POINT('',(0.,0.101544388867766,-0.27112673158404));
#1130=CARTESIAN_POINT('',(0.,0.0909549504565853,-0.231518287528696));
#1131=CARTESIAN_POINT('',(0.,0.0910745349329977,-0.231475210806676));
#1132=CARTESIAN_POINT('',(0.,0.0913018630444879,-0.231393322670692));
#1133=CARTESIAN_POINT('',(0.,0.0916305081885309,-0.231379643640477));
#1134=CARTESIAN_POINT('',(0.,0.0918810044379125,-0.231609153703179));
#1135=CARTESIAN_POINT('',(0.,0.0920818001455578,-0.232046081189196));
#1136=CARTESIAN_POINT('',(0.,0.0923220440599858,-0.232648451010387));
#1137=CARTESIAN_POINT('',(0.,0.0925728238165096,-0.233428123812866));
#1138=CARTESIAN_POINT('',(0.,0.0928455893880171,-0.234367156458048));
#1139=CARTESIAN_POINT('',(0.,0.0931333137489473,-0.235457700710128));
#1140=CARTESIAN_POINT('',(0.,0.0934324253965306,-0.236688993675774));
#1141=CARTESIAN_POINT('',(0.,0.0937379333271587,-0.238050445046111));
#1142=CARTESIAN_POINT('',(0.,0.0940200495958702,-0.239553238901659));
#1143=CARTESIAN_POINT('',(0.,0.094289245077145,-0.241212777737805));
#1144=CARTESIAN_POINT('',(0.,0.0945813790756196,-0.243019337007953));
#1145=CARTESIAN_POINT('',(0.,0.0949020736323578,-0.244960890315558));
#1146=CARTESIAN_POINT('',(0.,0.0952609238511337,-0.247019513726535));
#1147=CARTESIAN_POINT('',(0.,0.095666154931639,-0.249178006107998));
#1148=CARTESIAN_POINT('',(0.,0.0961229184625304,-0.251414743297568));
#1149=CARTESIAN_POINT('',(0.,0.0966365214197507,-0.253708882505805));
#1150=CARTESIAN_POINT('',(0.,0.0972077325795173,-0.25603612317871));
#1151=CARTESIAN_POINT('',(0.,0.0978400647707265,-0.258372429536781));
#1152=CARTESIAN_POINT('',(0.,0.0985302478660172,-0.26069296405285));
#1153=CARTESIAN_POINT('',(0.,0.0992749586716274,-0.262971672302706));
#1154=CARTESIAN_POINT('',(0.,0.100069516249574,-0.265182879361008));
#1155=CARTESIAN_POINT('',(0.,0.100905611016861,-0.267301663625276));
#1156=CARTESIAN_POINT('',(0.,0.10169112911506,-0.269114907826885));
#1157=CARTESIAN_POINT('',(0.,0.102203165527827,-0.27020297514964));
#1158=CARTESIAN_POINT('',(0.,0.102415558011104,-0.270639065223259));
#1159=CARTESIAN_POINT('',(0.,0.102415667355175,-0.270639296310291));
#1160=CARTESIAN_POINT('',(0.,0.101966033105615,-0.270858000981598));
#1161=CARTESIAN_POINT('',(0.,0.0103067212176275,0.00344226416737156));
#1162=CARTESIAN_POINT('',(0.,0.0923570528058303,-0.242230308411287));
#1163=CARTESIAN_POINT('',(0.,0.0930698119529135,-0.244364429869463));
#1164=CARTESIAN_POINT('',(0.,0.0820503315882028,-0.245672572578659));
#1165=CARTESIAN_POINT('',(0.,0.0902229313476538,-0.24294306755837));
#1166=CARTESIAN_POINT('',(0.,0.00817259975945094,0.00272950502028841));
#1167=CARTESIAN_POINT('',(0.,0.0909356904947369,-0.245077189016546));
#1168=CARTESIAN_POINT('',(0.,0.0827630907352855,-0.247806694036835));
#1169=CARTESIAN_POINT('',(0.09,0.0798005383482054,-0.22900423658704));
#1170=CARTESIAN_POINT('',(0.09,0.0798005383482054,-0.276314349226114));
#1171=CARTESIAN_POINT('',(0.0896649509531557,0.0783032993347497,-0.22900423658704));
#1172=CARTESIAN_POINT('',(0.0896649509531557,0.0783032993347497,-0.276314349226114));
#1173=CARTESIAN_POINT('',(0.088865747093439,0.0740712265441471,-0.22900423658704));
#1174=CARTESIAN_POINT('',(0.088865747093439,0.0740712265441471,-0.276314349226114));
#1175=CARTESIAN_POINT('',(0.0846622497152953,0.0711791675675672,-0.22900423658704));
#1176=CARTESIAN_POINT('',(0.0846622497152953,0.0711791675675672,-0.276314349226114));
#1177=CARTESIAN_POINT('',(0.0847370987306498,0.071231056285479,-0.272567006361734));
#1178=CARTESIAN_POINT('',(0.0854678482320856,0.0717414930475196,-0.272773507375292));
#1179=CARTESIAN_POINT('',(0.086786376919578,0.072885904522467,-0.27323648760532));
#1180=CARTESIAN_POINT('',(0.0883401967024225,0.0749947935342688,-0.274089654443614));
#1181=CARTESIAN_POINT('',(0.0894078768597608,0.0773131815508519,-0.275027575672743));
#1182=CARTESIAN_POINT('',(0.0898146164942077,0.0789721121224405,-0.275698708455355));
#1183=CARTESIAN_POINT('',(0.09,0.0798005383482054,-0.276033854487148));
#1184=CARTESIAN_POINT('',(0.085,0.0798005383482054,-0.22900423658704));
#1185=CARTESIAN_POINT('',(0.085,0.0798005383482054,-0.276314349226114));
#1186=CARTESIAN_POINT('',(0.0846176788040017,0.0784585823845665,-0.22900423658704));
#1187=CARTESIAN_POINT('',(0.0846176788040017,0.0784585823845665,-0.276314349226114));
#1188=CARTESIAN_POINT('',(0.0832444557576469,0.0735420715673793,-0.22900423658704));
#1189=CARTESIAN_POINT('',(0.0832444557576469,0.0735420715673793,-0.276314349226114));
#1190=CARTESIAN_POINT('',(0.0708195413488893,0.0719381488414125,-0.22900423658704));
#1191=CARTESIAN_POINT('',(0.0708195413488893,0.0719381488414125,-0.276314349226114));
#1192=CARTESIAN_POINT('',(0.0639106374052167,0.0712047833577935,-0.22900423658704));
#1193=CARTESIAN_POINT('',(0.0639106374052167,0.0712047833577935,-0.276314349226114));
#1194=CARTESIAN_POINT('',(0.0796855995151859,0.0740263162485355,-0.266860446800619));
#1195=CARTESIAN_POINT('',(0.0799196820770728,0.0741187849372923,-0.266594358774786));
#1196=CARTESIAN_POINT('',(0.0806352826271591,0.0744214657541759,-0.266400791218195));
#1197=CARTESIAN_POINT('',(0.081210109303215,0.0747474285132121,-0.266812891908009));
#1198=CARTESIAN_POINT('',(0.0813945443765029,0.0748585747973931,-0.267107941436971));
#1199=CARTESIAN_POINT('',(0.0796855995151859,0.0740263162485355,-0.266860446800619));
#1200=CARTESIAN_POINT('',(0.0813945443765028,0.0748585747973931,-0.267107941436971));
#1201=CARTESIAN_POINT('',(0.0796855995151859,0.0740263162485355,-0.266860446800619));
#1202=CARTESIAN_POINT('',(0.0794926078318199,0.0739500795235186,-0.267079825705289));
#1203=CARTESIAN_POINT('',(0.0792993158800068,0.0738782844125223,-0.267300447392933));
#1204=CARTESIAN_POINT('',(0.0791057844555068,0.0738100316159248,-0.267522060235594));
#1205=CARTESIAN_POINT('',(0.0791057844555066,0.0738100316159247,-0.267522060235593));
#1206=CARTESIAN_POINT('',(0.0791057844555064,0.0738100316159246,-0.267522060235594));
#1207=CARTESIAN_POINT('',(0.0792999288308314,0.0738785005821086,-0.267771444672774));
#1208=CARTESIAN_POINT('',(0.0794932624550116,0.0739503381166734,-0.268020510090967));
#1209=CARTESIAN_POINT('',(0.0796855995151858,0.0740263162485355,-0.268269183375469));
#1210=CARTESIAN_POINT('',(0.0796855995151859,0.0740263162485355,-0.268269183375469));
#1211=CARTESIAN_POINT('',(0.0808264954589894,0.0745411816080026,-0.268713543267547));
#1212=CARTESIAN_POINT('',(0.0804176219990667,0.0743294406531477,-0.268800486329433));
#1213=CARTESIAN_POINT('',(0.0799643199020982,0.0741364180369806,-0.268629541977229));
#1214=CARTESIAN_POINT('',(0.0796855995151859,0.0740263162485355,-0.268269183375469));
#1215=CARTESIAN_POINT('',(0.0808264954589894,0.0745411816080025,-0.268713543267547));
#1216=CARTESIAN_POINT('',(0.0813945443765028,0.074858574797393,-0.267107941436971));
#1217=CARTESIAN_POINT('',(0.0812176216113399,0.0747519556626248,-0.267647297301182));
#1218=CARTESIAN_POINT('',(0.0810290998984645,0.0746461032076593,-0.26818277475043));
#1219=CARTESIAN_POINT('',(0.0808264954589894,0.0745411816080025,-0.268713543267547));
#1220=CARTESIAN_POINT('',(0.085,0.0798005383482054,-0.261313505470752));
#1221=CARTESIAN_POINT('',(0.085,0.0798005383482054,-0.276033854487148));
#1222=CARTESIAN_POINT('',(0.0641575759653381,0.0712310562854791,-0.272567006361734));
#1223=CARTESIAN_POINT('',(0.0661781839465213,0.0714465515564148,-0.272654186586934));
#1224=CARTESIAN_POINT('',(0.069206087955606,0.0717859187328905,-0.27279148011891));
#1225=CARTESIAN_POINT('',(0.073225331950648,0.0723818536022127,-0.273032570031865));
#1226=CARTESIAN_POINT('',(0.0762086148169382,0.0729540930515543,-0.273264073785268));
#1227=CARTESIAN_POINT('',(0.0791460644893016,0.0737367302649435,-0.273580695529296));
#1228=CARTESIAN_POINT('',(0.0819105902026267,0.0749834495240682,-0.274085065139359));
#1229=CARTESIAN_POINT('',(0.0840710446883146,0.0770739423295608,-0.274930789654664));
#1230=CARTESIAN_POINT('',(0.0847385394121536,0.0788828058269917,-0.275662578924924));
#1231=CARTESIAN_POINT('',(0.085,0.0798005383482054,-0.276033854487148));
#1232=CARTESIAN_POINT('',(0.085,0.116340159999378,-0.24816097888906));
#1233=CARTESIAN_POINT('',(0.09,0.116340159999378,-0.24816097888906));
#1234=CARTESIAN_POINT('',(0.085,0.116340159999378,-0.247149714315645));
#1235=CARTESIAN_POINT('',(0.09,0.116340159999378,-0.247149714315645));
#1236=CARTESIAN_POINT('',(0.085,0.116340159999378,-0.246138449742231));
#1237=CARTESIAN_POINT('',(0.09,0.116340159999378,-0.246138449742231));
#1238=CARTESIAN_POINT('',(0.085,0.115715189928742,-0.243413633352859));
#1239=CARTESIAN_POINT('',(0.09,0.115715189928742,-0.243413633352859));
#1240=CARTESIAN_POINT('',(0.085,0.114256926430592,-0.241250603711824));
#1241=CARTESIAN_POINT('',(0.09,0.114256926430592,-0.241250603711824));
#1242=CARTESIAN_POINT('',(0.085,0.111965369504928,-0.239649360819126));
#1243=CARTESIAN_POINT('',(0.09,0.111965369504928,-0.239649360819125));
#1244=CARTESIAN_POINT('',(0.085,0.111027914398975,-0.239270106337589));
#1245=CARTESIAN_POINT('',(0.09,0.111027914398975,-0.239270106337589));
#1246=CARTESIAN_POINT('',(0.085,0.110090459293021,-0.238890851856052));
#1247=CARTESIAN_POINT('',(0.09,0.110090459293021,-0.238890851856052));
#1248=CARTESIAN_POINT('',(0.085,0.116340159999378,-0.24816097888906));
#1249=CARTESIAN_POINT('',(0.0866666666666667,0.116340159999378,-0.24816097888906));
#1250=CARTESIAN_POINT('',(0.0883333333333333,0.116340159999378,-0.24816097888906));
#1251=CARTESIAN_POINT('',(0.09,0.116340159999378,-0.24816097888906));
#1252=CARTESIAN_POINT('',(0.085,0.116340159999378,-0.24816097888906));
#1253=CARTESIAN_POINT('',(0.085,0.110090459293021,-0.238890851856052));
#1254=CARTESIAN_POINT('',(0.085,0.110373517039505,-0.239005364986554));
#1255=CARTESIAN_POINT('',(0.085,0.110885066308401,-0.239223121201178));
#1256=CARTESIAN_POINT('',(0.085,0.111366785133639,-0.239459088722754));
#1257=CARTESIAN_POINT('',(0.085,0.11161260859715,-0.239592210248256));
#1258=CARTESIAN_POINT('',(0.085,0.111830515787894,-0.239716288984118));
#1259=CARTESIAN_POINT('',(0.085,0.112197915447826,-0.239940639657581));
#1260=CARTESIAN_POINT('',(0.085,0.112908006108206,-0.240432885695107));
#1261=CARTESIAN_POINT('',(0.085,0.11387515076548,-0.241287236020094));
#1262=CARTESIAN_POINT('',(0.085,0.114808315234561,-0.242442025771533));
#1263=CARTESIAN_POINT('',(0.085,0.115530999513404,-0.243742142281698));
#1264=CARTESIAN_POINT('',(0.085,0.11595280831192,-0.244919749723129));
#1265=CARTESIAN_POINT('',(0.085,0.116151772756007,-0.245783680913919));
#1266=CARTESIAN_POINT('',(0.085,0.116234640993196,-0.246280824410151));
#1267=CARTESIAN_POINT('',(0.085,0.116273576824391,-0.246585124056133));
#1268=CARTESIAN_POINT('',(0.085,0.11629921604786,-0.246853606631608));
#1269=CARTESIAN_POINT('',(0.085,0.1163131062558,-0.247037563700872));
#1270=CARTESIAN_POINT('',(0.085,0.116333580045346,-0.247430517548232));
#1271=CARTESIAN_POINT('',(0.085,0.116340159999378,-0.24784511981816));
#1272=CARTESIAN_POINT('',(0.085,0.116340159999378,-0.24816097888906));
#1273=CARTESIAN_POINT('',(0.085,0.110090459293021,-0.238890851856052));
#1274=CARTESIAN_POINT('',(0.09,0.110090459293021,-0.238890851856053));
#1275=CARTESIAN_POINT('',(0.0883333333333333,0.110090459293021,-0.238890851856053));
#1276=CARTESIAN_POINT('',(0.0866666666666667,0.110090459293021,-0.238890851856053));
#1277=CARTESIAN_POINT('',(0.085,0.110090459293021,-0.238890851856053));
#1278=CARTESIAN_POINT('',(0.145,0.0718269903393337,-0.223411079024634));
#1279=CARTESIAN_POINT('',(0.085,0.107556350878522,-0.237865659324918));
#1280=CARTESIAN_POINT('',(0.085,0.0838368434905932,-0.228269755030858));
#1281=CARTESIAN_POINT('',(0.085,0.0916288940689764,-0.231422103488375));
#1282=CARTESIAN_POINT('',(0.085,0.0838368434905932,-0.228269755030858));
#1283=CARTESIAN_POINT('',(0.0866666666666667,0.0838368434905932,-0.228269755030858));
#1284=CARTESIAN_POINT('',(0.0883333333333333,0.0838368434905932,-0.228269755030858));
#1285=CARTESIAN_POINT('',(0.09,0.0838368434905932,-0.228269755030858));
#1286=CARTESIAN_POINT('',(0.085,0.107556350878522,-0.237865659324918));
#1287=CARTESIAN_POINT('',(0.09,0.0801146686459681,-0.227539884638127));
#1288=CARTESIAN_POINT('',(0.085,0.0801146686459681,-0.227539884638127));
#1289=CARTESIAN_POINT('',(0.09,0.0803558749297476,-0.227539950536927));
#1290=CARTESIAN_POINT('',(0.085,0.0803558749297476,-0.227539950536927));
#1291=CARTESIAN_POINT('',(0.09,0.0809073612442275,-0.227552353411841));
#1292=CARTESIAN_POINT('',(0.085,0.0809073612442275,-0.227552353411841));
#1293=CARTESIAN_POINT('',(0.09,0.0820228883414637,-0.227705153025728));
#1294=CARTESIAN_POINT('',(0.085,0.0820228883414637,-0.227705153025728));
#1295=CARTESIAN_POINT('',(0.09,0.0831106997556354,-0.227985873038499));
#1296=CARTESIAN_POINT('',(0.085,0.0831106997556354,-0.227985873038499));
#1297=CARTESIAN_POINT('',(0.09,0.0836134994560764,-0.22817939952959));
#1298=CARTESIAN_POINT('',(0.085,0.0836134994560764,-0.22817939952959));
#1299=CARTESIAN_POINT('',(0.09,0.0838368434905933,-0.228269755030858));
#1300=CARTESIAN_POINT('',(0.085,0.0838368434905933,-0.228269755030858));
#1301=CARTESIAN_POINT('',(0.085,0.0801319460461665,-0.227539981453626));
#1302=CARTESIAN_POINT('',(0.085,0.0814131618772433,-0.227545593295951));
#1303=CARTESIAN_POINT('',(0.085,0.0826481276920522,-0.227788851155028));
#1304=CARTESIAN_POINT('',(0.085,0.0838368434905932,-0.228269755030858));
#1305=CARTESIAN_POINT('',(0.145,0.0838391604041582,-0.277667709275739));
#1306=CARTESIAN_POINT('',(0.085,0.0903831070418775,-0.280315111880439));
#1307=CARTESIAN_POINT('',(0.085,0.115646371935222,-0.290535542296139));
#1308=CARTESIAN_POINT('',(0.085,0.115840159999378,-0.290074586308633));
#1309=CARTESIAN_POINT('',(0.0850000183642845,0.115652547167889,-0.290538066697366));
#1310=CARTESIAN_POINT('',(0.085,0.115840159999378,-0.290074586308633));
#1311=CARTESIAN_POINT('',(0.08500000025,0.11565957113383,-0.290540859527282));
#1312=CARTESIAN_POINT('',(0.0875,0.115659559392295,-0.29054088991542));
#1313=CARTESIAN_POINT('',(0.0875,0.115840156425158,-0.290074526994093));
#1314=CARTESIAN_POINT('',(0.085,0.115840159999378,-0.290074586308633));
#1315=CARTESIAN_POINT('',(0.0850000000037827,0.11634011789141,-0.290082715902957));
#1316=CARTESIAN_POINT('',(0.0875,0.116340159999378,-0.290082725033213));
#1317=CARTESIAN_POINT('',(0.09,0.116340159999378,-0.261313505470752));
#1318=CARTESIAN_POINT('',(0.085,0.116340159999378,-0.261313505470752));
#1319=CARTESIAN_POINT('',(0.085,0.116340186020164,-0.29007419745888));
#1320=CARTESIAN_POINT('',(0.085,0.115840159999378,-0.290074586308633));
#1321=CARTESIAN_POINT('',(0.,0.101544388867766,-0.27112673158404));
#1322=CARTESIAN_POINT('',(0.0200000495544181,0.103046104007205,-0.272192692577726));
#1323=CARTESIAN_POINT('',(0.0483335115922641,0.105173538180765,-0.273702807103505));
#1324=CARTESIAN_POINT('',(0.0766666752699851,0.102369202911895,-0.271712204486869));
#1325=CARTESIAN_POINT('',(0.085,0.101544394333751,-0.271126730227745));
#1326=CARTESIAN_POINT('',(0.,0.101578294562111,-0.271179930365723));
#1327=CARTESIAN_POINT('',(0.0200000495544181,0.103081522385865,-0.272244934371105));
#1328=CARTESIAN_POINT('',(0.0483335115922641,0.105211099533297,-0.273753693160657));
#1329=CARTESIAN_POINT('',(0.0766666752699851,0.102403939441646,-0.271764877646843));
#1330=CARTESIAN_POINT('',(0.085,0.101578300029156,-0.271179929008801));
#1331=CARTESIAN_POINT('',(0.,0.101622199570322,-0.271226382344023));
#1332=CARTESIAN_POINT('',(0.0200000495544181,0.10312667500562,-0.272290038068996));
#1333=CARTESIAN_POINT('',(0.0483335115922641,0.105258019606387,-0.273796886790689));
#1334=CARTESIAN_POINT('',(0.0766666752699851,0.102448529695214,-0.271810589087952));
#1335=CARTESIAN_POINT('',(0.085,0.101622205038292,-0.27122638098625));
#1336=CARTESIAN_POINT('',(0.,0.101723736647992,-0.271299836646521));
#1337=CARTESIAN_POINT('',(0.0200000495544181,0.103229950068137,-0.272360441326113));
#1338=CARTESIAN_POINT('',(0.0483335115922641,0.105363756819187,-0.273862967724591));
#1339=CARTESIAN_POINT('',(0.0766666752699851,0.10255102135382,-0.271882367616905));
#1340=CARTESIAN_POINT('',(0.085,0.101723742117405,-0.271299835286757));
#1341=CARTESIAN_POINT('',(0.,0.101781331475385,-0.271326812243255));
#1342=CARTESIAN_POINT('',(0.0200000495544181,0.103288035932224,-0.272385718132882));
#1343=CARTESIAN_POINT('',(0.0483335115922641,0.105422538320027,-0.273885837907274));
#1344=CARTESIAN_POINT('',(0.0766666752699851,0.102608885881155,-0.271908410160539));
#1345=CARTESIAN_POINT('',(0.085,0.101781336945314,-0.271326810882353));
#1346=CARTESIAN_POINT('',(0.,0.101902295196304,-0.271357837124931));
#1347=CARTESIAN_POINT('',(0.0200000495544181,0.103409255923008,-0.272413392794573));
#1348=CARTESIAN_POINT('',(0.0483335115922641,0.105544121360536,-0.273908766414186));
#1349=CARTESIAN_POINT('',(0.0766666752699851,0.102729990357503,-0.27193759494816));
#1350=CARTESIAN_POINT('',(0.085,0.101902300666799,-0.271357835761655));
#1351=CARTESIAN_POINT('',(0.,0.101965632515304,-0.2713618805214));
#1352=CARTESIAN_POINT('',(0.0200000495544181,0.103472362898172,-0.27241578756477));
#1353=CARTESIAN_POINT('',(0.0483335115922641,0.105606902014591,-0.273908825625674));
#1354=CARTESIAN_POINT('',(0.0766666752699851,0.102793201161297,-0.271940732843621));
#1355=CARTESIAN_POINT('',(0.085,0.101965637985849,-0.271361879156888));
#1356=CARTESIAN_POINT('',(0.,0.102089499609323,-0.271346519940868));
#1357=CARTESIAN_POINT('',(0.0200000495544181,0.10359524626915,-0.272397425213503));
#1358=CARTESIAN_POINT('',(0.0483335115922641,0.105728391775052,-0.273886210757088));
#1359=CARTESIAN_POINT('',(0.0766666752699851,0.102916527949899,-0.271923723553093));
#1360=CARTESIAN_POINT('',(0.085,0.102089505079522,-0.271346518573958));
#1361=CARTESIAN_POINT('',(0.,0.10214999752949,-0.271327118837345));
#1362=CARTESIAN_POINT('',(0.0200000495544181,0.103654995657878,-0.272376670529371));
#1363=CARTESIAN_POINT('',(0.0483335115922641,0.105787080742051,-0.273863538496466));
#1364=CARTESIAN_POINT('',(0.0766666752699851,0.102976614742465,-0.271903579001031));
#1365=CARTESIAN_POINT('',(0.085,0.102150002999294,-0.271327117469276));
#1366=CARTESIAN_POINT('',(0.,0.102259918238303,-0.271267324815032));
#1367=CARTESIAN_POINT('',(0.0200000495544181,0.103763121047037,-0.27231451933713));
#1368=CARTESIAN_POINT('',(0.0483335115922641,0.10589266275645,-0.273798047973264));
#1369=CARTESIAN_POINT('',(0.0766666752699851,0.103085549379687,-0.271842490312835));
#1370=CARTESIAN_POINT('',(0.085,0.102259923706938,-0.27126732344485));
#1371=CARTESIAN_POINT('',(0.,0.102309310529887,-0.271226943582447));
#1372=CARTESIAN_POINT('',(0.0200000495544181,0.103811470006763,-0.272273131147506));
#1373=CARTESIAN_POINT('',(0.0483335115922641,0.105939533659658,-0.273755233258222));
#1374=CARTESIAN_POINT('',(0.0766666752699851,0.103134368625667,-0.271801556013202));
#1375=CARTESIAN_POINT('',(0.085,0.102309315997749,-0.271226942211313));
#1376=CARTESIAN_POINT('',(0.,0.102390008279163,-0.271130403413582));
#1377=CARTESIAN_POINT('',(0.0200000495544181,0.103889898088119,-0.272174847049594));
#1378=CARTESIAN_POINT('',(0.0483335115922641,0.106014746371489,-0.273654478589062));
#1379=CARTESIAN_POINT('',(0.0766666752699851,0.103213819769333,-0.271704057998457));
#1380=CARTESIAN_POINT('',(0.085,0.102390013745191,-0.271130402040848));
#1381=CARTESIAN_POINT('',(0.,0.102421286506123,-0.271074265101516));
#1382=CARTESIAN_POINT('',(0.0200000495544181,0.103919950509562,-0.272117966618127));
#1383=CARTESIAN_POINT('',(0.0483335115922641,0.106043062231529,-0.273596546819605));
#1384=CARTESIAN_POINT('',(0.0766666752699851,0.103244424727686,-0.271647512080376));
#1385=CARTESIAN_POINT('',(0.085,0.10242129197109,-0.271074263728134));
#1386=CARTESIAN_POINT('',(0.,0.1024608741651,-0.270953699226543));
#1387=CARTESIAN_POINT('',(0.0200000495544181,0.103956843914496,-0.271996105003375));
#1388=CARTESIAN_POINT('',(0.0483335115922641,0.10607613876869,-0.273472849569707));
#1389=CARTESIAN_POINT('',(0.0766666752699851,0.103282532578792,-0.271526234525844));
#1390=CARTESIAN_POINT('',(0.085,0.102460879627749,-0.270953697852236));
#1391=CARTESIAN_POINT('',(0.,0.102469162081122,-0.270889301171844));
#1392=CARTESIAN_POINT('',(0.0200000495544181,0.103963660077678,-0.271931148322697));
#1393=CARTESIAN_POINT('',(0.0483335115922641,0.106080869944376,-0.273407101500594));
#1394=CARTESIAN_POINT('',(0.0766666752699851,0.10329001214067,-0.271461529648297));
#1395=CARTESIAN_POINT('',(0.085,0.102469167542513,-0.270889299797258));
#1396=CARTESIAN_POINT('',(0.,0.102460758353947,-0.270761226002565));
#1397=CARTESIAN_POINT('',(0.0200000495544181,0.103951874550447,-0.271802221932281));
#1398=CARTESIAN_POINT('',(0.0483335115922641,0.106064293523839,-0.273276969211077));
#1399=CARTESIAN_POINT('',(0.0766666752699851,0.103279750974048,-0.271332986949803));
#1400=CARTESIAN_POINT('',(0.085,0.102460763812717,-0.270761224627852));
#1401=CARTESIAN_POINT('',(0.,0.102444056508625,-0.270697585408555));
#1402=CARTESIAN_POINT('',(0.0200000495544182,0.103933254537199,-0.271738286908955));
#1403=CARTESIAN_POINT('',(0.0483335115922641,0.106042956100418,-0.273212617078691));
#1404=CARTESIAN_POINT('',(0.0766666752699851,0.103261993670306,-0.271269185573657));
#1405=CARTESIAN_POINT('',(0.085,0.102444059490569,-0.270697585239637));
#1406=CARTESIAN_POINT('',(0.,0.102018235603308,-0.269823278243428));
#1407=CARTESIAN_POINT('',(0.0200000495544182,0.103474208652548,-0.27086422983312));
#1408=CARTESIAN_POINT('',(0.0483335115922641,0.105536841397858,-0.272338914296751));
#1409=CARTESIAN_POINT('',(0.0766666752699851,0.102817924089116,-0.27039501577345));
#1410=CARTESIAN_POINT('',(0.085,0.102018238564918,-0.269823278080437));
#1411=CARTESIAN_POINT('',(0.,0.101631333515701,-0.268975991380939));
#1412=CARTESIAN_POINT('',(0.0200000495544182,0.103054408145695,-0.270014344916289));
#1413=CARTESIAN_POINT('',(0.0483335115922641,0.105070434700842,-0.271485348795337));
#1414=CARTESIAN_POINT('',(0.0766666752699851,0.102412950774626,-0.269546302874346));
#1415=CARTESIAN_POINT('',(0.085,0.101631333981886,-0.268975992424379));
#1416=CARTESIAN_POINT('',(0.,0.1008824974181,-0.267231603082299));
#1417=CARTESIAN_POINT('',(0.0200000495544181,0.102237331935038,-0.268259007872135));
#1418=CARTESIAN_POINT('',(0.048333511592264,0.104156684797077,-0.269714500996346));
#1419=CARTESIAN_POINT('',(0.0766666752699851,0.101626634092814,-0.267795901025241));
#1420=CARTESIAN_POINT('',(0.085,0.100882497845205,-0.267231604119746));
#1421=CARTESIAN_POINT('',(0.,0.100520235749921,-0.266334503630246));
#1422=CARTESIAN_POINT('',(0.0200000495544182,0.101839706244301,-0.267353554276227));
#1423=CARTESIAN_POINT('',(0.0483335115922641,0.103708959970941,-0.268797212338872));
#1424=CARTESIAN_POINT('',(0.0766666752699851,0.101244948890333,-0.26689421309455));
#1425=CARTESIAN_POINT('',(0.085,0.100520236157698,-0.266334504660847));
#1426=CARTESIAN_POINT('',(0.,0.0998225645075702,-0.264501906708248));
#1427=CARTESIAN_POINT('',(0.0200000495544182,0.101069454986521,-0.265498748074364));
#1428=CARTESIAN_POINT('',(0.0483335115922641,0.102835886812331,-0.266910942925569));
#1429=CARTESIAN_POINT('',(0.0766666752699851,0.100507413393778,-0.265049417817032));
#1430=CARTESIAN_POINT('',(0.085,0.0998225648769406,-0.264501907719008));
#1431=CARTESIAN_POINT('',(0.,0.0994872152287926,-0.263566399565111));
#1432=CARTESIAN_POINT('',(0.0200000495544181,0.100696910545609,-0.264549379973416));
#1433=CARTESIAN_POINT('',(0.0483335115922641,0.102410649116261,-0.265941938427178));
#1434=CARTESIAN_POINT('',(0.0766666752699851,0.10015163483634,-0.264106297599417));
#1435=CARTESIAN_POINT('',(0.085,0.099487215579159,-0.263566400562877));
#1436=CARTESIAN_POINT('',(0.,0.0988455308126264,-0.26166744408711));
#1437=CARTESIAN_POINT('',(0.0200000495544181,0.099979840187912,-0.262617546378555));
#1438=CARTESIAN_POINT('',(0.0483335115922641,0.10158678178755,-0.263963527403928));
#1439=CARTESIAN_POINT('',(0.0766666752699851,0.0994685450256851,-0.262189283949739));
#1440=CARTESIAN_POINT('',(0.085,0.0988455311260562,-0.261667445053735));
#1441=CARTESIAN_POINT('',(0.,0.0985391205080885,-0.260703978567808));
#1442=CARTESIAN_POINT('',(0.0200000495544181,0.0996352962598734,-0.261635069710672));
#1443=CARTESIAN_POINT('',(0.0483335115922641,0.101188215114674,-0.262954118219944));
#1444=CARTESIAN_POINT('',(0.0766666752699851,0.099141189998021,-0.261215376634463));
#1445=CARTESIAN_POINT('',(0.085,0.0985391208037156,-0.260703979516294));
#1446=CARTESIAN_POINT('',(0.,0.0979555571018229,-0.258759359868231));
#1447=CARTESIAN_POINT('',(0.0200000495544181,0.098975227588538,-0.259647808446911));
#1448=CARTESIAN_POINT('',(0.0483335115922641,0.100419763760703,-0.260906446532188));
#1449=CARTESIAN_POINT('',(0.0766666752699851,0.098515606416333,-0.25924733668016));
#1450=CARTESIAN_POINT('',(0.085,0.0979555573632809,-0.258759360776129));
#1451=CARTESIAN_POINT('',(0.,0.0976783464472368,-0.257778241689091));
#1452=CARTESIAN_POINT('',(0.0200000495544182,0.0986596551378615,-0.258643054216646));
#1453=CARTESIAN_POINT('',(0.0483335115922641,0.100049845320019,-0.259868207827026));
#1454=CARTESIAN_POINT('',(0.0766666752699851,0.0982173257170495,-0.258253236496214));
#1455=CARTESIAN_POINT('',(0.085,0.0976783466923501,-0.257778242574519));
#1456=CARTESIAN_POINT('',(0.,0.0971537714768043,-0.2558084030011));
#1457=CARTESIAN_POINT('',(0.0200000495544182,0.0980586237735291,-0.256622067594443));
#1458=CARTESIAN_POINT('',(0.0483335115922641,0.0993405005073518,-0.257774761481739));
#1459=CARTESIAN_POINT('',(0.0766666752699851,0.0976507574155289,-0.256255305014015));
#1460=CARTESIAN_POINT('',(0.085,0.0971537716904392,-0.255808403838324));
#1461=CARTESIAN_POINT('',(0.,0.0969067332027387,-0.254819655737487));
#1462=CARTESIAN_POINT('',(0.0200000495544181,0.0977735196445794,-0.255605791481628));
#1463=CARTESIAN_POINT('',(0.0483335115922641,0.0990014696393028,-0.256719486085362));
#1464=CARTESIAN_POINT('',(0.0766666752699851,0.0973828116421043,-0.255251437642423));
#1465=CARTESIAN_POINT('',(0.085,0.0969067334013925,-0.254819656548947));
#1466=CARTESIAN_POINT('',(0.,0.0964408573452412,-0.252844252752146));
#1467=CARTESIAN_POINT('',(0.0200000495544181,0.0972327517457755,-0.253572256212258));
#1468=CARTESIAN_POINT('',(0.048333511592264,0.0983546044629137,-0.25460359657691));
#1469=CARTESIAN_POINT('',(0.0766666752699851,0.096875801669886,-0.253244105737816));
#1470=CARTESIAN_POINT('',(0.085,0.0964408575165918,-0.252844253509576));
#1471=CARTESIAN_POINT('',(0.,0.0962219091873483,-0.251857590166687));
#1472=CARTESIAN_POINT('',(0.0200000495544182,0.0969768078783279,-0.252554949578392));
#1473=CARTESIAN_POINT('',(0.0483335115922641,0.0980462498987136,-0.253542877451499));
#1474=CARTESIAN_POINT('',(0.0766666752699851,0.0966365337864356,-0.252240612034117));
#1475=CARTESIAN_POINT('',(0.085,0.09622190934582,-0.251857590895668));
#1476=CARTESIAN_POINT('',(0.,0.0958112135226651,-0.249897259640128));
#1477=CARTESIAN_POINT('',(0.0200000495544182,0.0964935246367607,-0.250531132235691));
#1478=CARTESIAN_POINT('',(0.0483335115922641,0.0974601340442339,-0.251429120266888));
#1479=CARTESIAN_POINT('',(0.0766666752699851,0.0961859697257553,-0.250245411633696));
#1480=CARTESIAN_POINT('',(0.085,0.0958112136573523,-0.249897260310451));
#1481=CARTESIAN_POINT('',(0.,0.0956192749669252,-0.248923369046397));
#1482=CARTESIAN_POINT('',(0.0200000495544181,0.0962660757907287,-0.249524470223348));
#1483=CARTESIAN_POINT('',(0.0483335115922641,0.0971823788497498,-0.250376031982318));
#1484=CARTESIAN_POINT('',(0.0766666752699851,0.0959745273054937,-0.24925352147263));
#1485=CARTESIAN_POINT('',(0.085,0.0956192750908654,-0.248923369686671));
#1486=CARTESIAN_POINT('',(0.,0.0952588072887425,-0.246998820921587));
#1487=CARTESIAN_POINT('',(0.0200000495544181,0.0958363729609311,-0.247533078924809));
#1488=CARTESIAN_POINT('',(0.0483335115922641,0.0966545926859769,-0.248289945992139));
#1489=CARTESIAN_POINT('',(0.0766666752699851,0.095576032538038,-0.247292260008457));
#1490=CARTESIAN_POINT('',(0.085,0.0952588073931207,-0.246998821500313));
#1491=CARTESIAN_POINT('',(0.,0.0950905114736869,-0.246048475828925));
#1492=CARTESIAN_POINT('',(0.0200000495544182,0.0956343668230245,-0.24654867614734));
#1493=CARTESIAN_POINT('',(0.0483335115922641,0.0964048301587583,-0.247257294728239));
#1494=CARTESIAN_POINT('',(0.0766666752699851,0.0953892214834364,-0.24632320887187));
#1495=CARTESIAN_POINT('',(0.085,0.0950905115692755,-0.246048476376221));
#1496=CARTESIAN_POINT('',(0.,0.0947724088024705,-0.244182864988611));
#1497=CARTESIAN_POINT('',(0.0200000495544182,0.0952510684474405,-0.24461499998001));
#1498=CARTESIAN_POINT('',(0.0483335115922641,0.0959291710112819,-0.245227192481869));
#1499=CARTESIAN_POINT('',(0.0766666752699851,0.0950353103732589,-0.244420213429399));
#1500=CARTESIAN_POINT('',(0.085,0.0947724088828093,-0.244182865473095));
#1501=CARTESIAN_POINT('',(0.,0.0946224915716968,-0.243267452876735));
#1502=CARTESIAN_POINT('',(0.0200000495544181,0.0950696855787127,-0.243665467816045));
#1503=CARTESIAN_POINT('',(0.0483335115922641,0.0957032117300786,-0.244229323477639));
#1504=CARTESIAN_POINT('',(0.0766666752699851,0.0948681107872196,-0.243486061018425));
#1505=CARTESIAN_POINT('',(0.085,0.0946224916456955,-0.243267453329473));
#1506=CARTESIAN_POINT('',(0.,0.0944053935538139,-0.24193138299713));
#1507=CARTESIAN_POINT('',(0.0200000495544181,0.0948070287485229,-0.242279086798258));
#1508=CARTESIAN_POINT('',(0.0483335115922641,0.095376013115856,-0.242771668200263));
#1509=CARTESIAN_POINT('',(0.0766666752699851,0.09462598980427,-0.242122357951492));
#1510=CARTESIAN_POINT('',(0.085,0.0944053936194733,-0.241931383402546));
#1511=CARTESIAN_POINT('',(0.,0.0943343985135605,-0.241492185077078));
#1512=CARTESIAN_POINT('',(0.0200000495544181,0.0947210945031683,-0.241823272799653));
#1513=CARTESIAN_POINT('',(0.0483335115922641,0.0952689149529091,-0.242292314708436));
#1514=CARTESIAN_POINT('',(0.0766666752699851,0.0945467894753316,-0.241674033718061));
#1515=CARTESIAN_POINT('',(0.085,0.0943343985764924,-0.24149218546681));
#1516=CARTESIAN_POINT('',(0.,0.0941943119951737,-0.240627890917344));
#1517=CARTESIAN_POINT('',(0.0200000495544181,0.0945517560758824,-0.240926192224619));
#1518=CARTESIAN_POINT('',(0.0483335115922641,0.0950581362357844,-0.241348786615825));
#1519=CARTESIAN_POINT('',(0.0766666752699851,0.0943906364830739,-0.240791731753226));
#1520=CARTESIAN_POINT('',(0.085,0.0941943120535181,-0.240627891275852));
#1521=CARTESIAN_POINT('',(0.,0.0941250090533187,-0.240202840707263));
#1522=CARTESIAN_POINT('',(0.0200000495544181,0.0944683335643608,-0.240484928368762));
#1523=CARTESIAN_POINT('',(0.048333511592264,0.094954710959267,-0.240884553381023));
#1524=CARTESIAN_POINT('',(0.0766666752699851,0.0943135784343465,-0.240357776264078));
#1525=CARTESIAN_POINT('',(0.085,0.0941250091102178,-0.240202841050144));
#1526=CARTESIAN_POINT('',(0.,0.0939822880213692,-0.239369741879976));
#1527=CARTESIAN_POINT('',(0.0200000495544182,0.0942981369246599,-0.239620118913186));
#1528=CARTESIAN_POINT('',(0.0483335115922641,0.094745590461549,-0.239974820442616));
#1529=CARTESIAN_POINT('',(0.0766666752699851,0.094155766555669,-0.239507260502656));
#1530=CARTESIAN_POINT('',(0.085,0.0939822880766283,-0.239369742191791));
#1531=CARTESIAN_POINT('',(0.,0.0939086758107846,-0.238961906721892));
#1532=CARTESIAN_POINT('',(0.0200000495544181,0.0942111377265207,-0.239196833891156));
#1533=CARTESIAN_POINT('',(0.0483335115922641,0.0946396263252158,-0.239529648068136));
#1534=CARTESIAN_POINT('',(0.0766666752699851,0.0940748016062687,-0.239090939569277));
#1535=CARTESIAN_POINT('',(0.085,0.0939086758657031,-0.238961907018434));
#1536=CARTESIAN_POINT('',(0.,0.0937927532245604,-0.238363047876471));
#1537=CARTESIAN_POINT('',(0.0200000495544181,0.0940753154871312,-0.238575735404929));
#1538=CARTESIAN_POINT('',(0.048333511592264,0.0944756128523001,-0.238877043359045));
#1539=CARTESIAN_POINT('',(0.0766666752699851,0.0939479492308159,-0.238479865691124));
#1540=CARTESIAN_POINT('',(0.085,0.0937927532789603,-0.238363048151087));
#1541=CARTESIAN_POINT('',(0.,0.0937532006407542,-0.238165564011178));
#1542=CARTESIAN_POINT('',(0.0200000495544181,0.0940291748102249,-0.238370981247611));
#1543=CARTESIAN_POINT('',(0.048333511592264,0.094420139024231,-0.238661989600095));
#1544=CARTESIAN_POINT('',(0.0766666752699851,0.0939047781684684,-0.238278388647347));
#1545=CARTESIAN_POINT('',(0.085,0.0937532006950504,-0.238165564278619));
#1546=CARTESIAN_POINT('',(0.,0.0936719958053325,-0.237774795743769));
#1547=CARTESIAN_POINT('',(0.0200000495544181,0.0939348357747943,-0.237965964961511));
#1548=CARTESIAN_POINT('',(0.048333511592264,0.0943071931670354,-0.238236788579171));
#1549=CARTESIAN_POINT('',(0.0766666752699851,0.0938163594365544,-0.237879794713285));
#1550=CARTESIAN_POINT('',(0.085,0.0936719958592614,-0.237774795997121));
#1551=CARTESIAN_POINT('',(0.,0.0936303888965729,-0.237581512277601));
#1552=CARTESIAN_POINT('',(0.0200000495544182,0.0938866269175064,-0.237765703402689));
#1553=CARTESIAN_POINT('',(0.0483335115922641,0.0942496315300209,-0.238026641368677));
#1554=CARTESIAN_POINT('',(0.0766666752699851,0.0937711264390112,-0.23768267855793));
#1555=CARTESIAN_POINT('',(0.085,0.0936303889501199,-0.237581512524034));
#1556=CARTESIAN_POINT('',(0.,0.0935035375025198,-0.237007883693462));
#1557=CARTESIAN_POINT('',(0.0200000495544182,0.0937399087960164,-0.237171550423179));
#1558=CARTESIAN_POINT('',(0.0483335115922641,0.094074768819883,-0.237403412102356));
#1559=CARTESIAN_POINT('',(0.0766666752699851,0.0936333633391446,-0.23709777703256));
#1560=CARTESIAN_POINT('',(0.085,0.0935035375544056,-0.237007883919511));
#1561=CARTESIAN_POINT('',(0.,0.0934164666397454,-0.236633588391102));
#1562=CARTESIAN_POINT('',(0.0200000495544181,0.0936394793045195,-0.236784145661342));
#1563=CARTESIAN_POINT('',(0.048333511592264,0.0939554145652869,-0.236997435567913));
#1564=CARTESIAN_POINT('',(0.0766666752699851,0.0935389553122806,-0.236716281412579));
#1565=CARTESIAN_POINT('',(0.085,0.093416466689704,-0.236633588604172));
#1566=CARTESIAN_POINT('',(0.,0.0932410869117073,-0.235902047631646));
#1567=CARTESIAN_POINT('',(0.0200000495544182,0.0934377874535814,-0.236027150979041));
#1568=CARTESIAN_POINT('',(0.0483335115922641,0.0937164471299411,-0.236204381087126));
#1569=CARTESIAN_POINT('',(0.0766666752699851,0.0933491237742088,-0.235970760188485));
#1570=CARTESIAN_POINT('',(0.085,0.0932410869577398,-0.235902047818972));
#1571=CARTESIAN_POINT('',(0.,0.0931524449904945,-0.235545077842378));
#1572=CARTESIAN_POINT('',(0.0200000495544181,0.0933361764665081,-0.235657867686715));
#1573=CARTESIAN_POINT('',(0.0483335115922641,0.0935964632616296,-0.23581765362945));
#1574=CARTESIAN_POINT('',(0.0766666752699851,0.0932533586543236,-0.235607027257052));
#1575=CARTESIAN_POINT('',(0.085,0.0931524450344551,-0.235545078017007));
#1576=CARTESIAN_POINT('',(0.,0.0929737101482503,-0.234852359557253));
#1577=CARTESIAN_POINT('',(0.0200000495544181,0.0931320395258612,-0.23494151866583));
#1578=CARTESIAN_POINT('',(0.0483335115922641,0.0933563399406081,-0.235067827663784));
#1579=CARTESIAN_POINT('',(0.0766666752699851,0.0930606718283932,-0.234901329884691));
#1580=CARTESIAN_POINT('',(0.085,0.0929737101879841,-0.234852359706995));
#1581=CARTESIAN_POINT('',(0.,0.092883566671492,-0.234516649005759));
#1582=CARTESIAN_POINT('',(0.0200000495544182,0.0930294701425944,-0.234594494166602));
#1583=CARTESIAN_POINT('',(0.0483335115922641,0.0932361671534406,-0.234704775038835));
#1584=CARTESIAN_POINT('',(0.0766666752699851,0.0929637034805793,-0.234559405192388));
#1585=CARTESIAN_POINT('',(0.085,0.0928835667090944,-0.234516649143323));
#1586=CARTESIAN_POINT('',(0.,0.0927017851123571,-0.233870851994835));
#1587=CARTESIAN_POINT('',(0.0200000495544181,0.092823486726208,-0.233927279246273));
#1588=CARTESIAN_POINT('',(0.048333511592264,0.0929958977018211,-0.234007218017534));
#1589=CARTESIAN_POINT('',(0.0766666752699851,0.0927686291642973,-0.233901844479439));
#1590=CARTESIAN_POINT('',(0.085,0.0927017851455481,-0.233870852108771));
#1591=CARTESIAN_POINT('',(0.,0.0926103198493431,-0.233560734406232));
#1592=CARTESIAN_POINT('',(0.0200000495544182,0.0927202105208043,-0.233607072547708));
#1593=CARTESIAN_POINT('',(0.0483335115922641,0.0928758892934838,-0.233672718383677));
#1594=CARTESIAN_POINT('',(0.0766666752699851,0.0926706767960867,-0.233586185486914));
#1595=CARTESIAN_POINT('',(0.085,0.0926103198801094,-0.233560734508803));
#1596=CARTESIAN_POINT('',(0.,0.0924725027109,-0.233119322314776));
#1597=CARTESIAN_POINT('',(0.0200000495544181,0.0925654206150775,-0.233151527655674));
#1598=CARTESIAN_POINT('',(0.048333511592264,0.0926970545844579,-0.233197151982819));
#1599=CARTESIAN_POINT('',(0.0766666752699851,0.0925235374442629,-0.233137011009844));
#1600=CARTESIAN_POINT('',(0.085,0.0924725027383644,-0.233119322400726));
#1601=CARTESIAN_POINT('',(0.,0.0924263227060727,-0.232976275262378));
#1602=CARTESIAN_POINT('',(0.0200000495544181,0.0925137197008382,-0.233003930207767));
#1603=CARTESIAN_POINT('',(0.0483335115922641,0.0926375323657356,-0.233043108127962));
#1604=CARTESIAN_POINT('',(0.0766666752699851,0.0924743251057093,-0.232991464670333));
#1605=CARTESIAN_POINT('',(0.085,0.092426322732534,-0.23297627534282));
#1606=CARTESIAN_POINT('',(0.,0.0923324307280942,-0.232700150727304));
#1607=CARTESIAN_POINT('',(0.0200000495544182,0.092409052934267,-0.232719147371339));
#1608=CARTESIAN_POINT('',(0.0483335115922641,0.0925176012838072,-0.23274605933929));
#1609=CARTESIAN_POINT('',(0.0766666752699851,0.0923745151254358,-0.232710584596513));
#1610=CARTESIAN_POINT('',(0.085,0.0923324307526618,-0.232700150796933));
#1611=CARTESIAN_POINT('',(0.,0.0922845443457113,-0.232567124621856));
#1612=CARTESIAN_POINT('',(0.0200000495544181,0.0923559218640028,-0.232582015217009));
#1613=CARTESIAN_POINT('',(0.0483335115922641,0.0924570402237032,-0.232603110270366));
#1614=CARTESIAN_POINT('',(0.0766666752699851,0.0923237481227938,-0.232575303259348));
#1615=CARTESIAN_POINT('',(0.085,0.0922845443694305,-0.232567124686168));
#1616=CARTESIAN_POINT('',(0.,0.0921872513909317,-0.232312510840076));
#1617=CARTESIAN_POINT('',(0.0200000495544182,0.0922482946804409,-0.232319754490849));
#1618=CARTESIAN_POINT('',(0.0483335115922641,0.0923347728524709,-0.232330016350634));
#1619=CARTESIAN_POINT('',(0.0766666752699851,0.0922207791408669,-0.232316489422294));
#1620=CARTESIAN_POINT('',(0.085,0.0921872514124854,-0.232312510894243));
#1621=CARTESIAN_POINT('',(0.,0.0921380141903019,-0.232190873313728));
#1622=CARTESIAN_POINT('',(0.0200000495544181,0.0921939900150343,-0.232194563971431));
#1623=CARTESIAN_POINT('',(0.0483335115922641,0.0922732892638075,-0.232199792413972));
#1624=CARTESIAN_POINT('',(0.0766666752699851,0.0921687586586104,-0.232192900427837));
#1625=CARTESIAN_POINT('',(0.085,0.0921380142106115,-0.232190873363047));
#1626=CARTESIAN_POINT('',(0.,0.0920400564121543,-0.231959901140852));
#1627=CARTESIAN_POINT('',(0.0200000495544181,0.0920862133158213,-0.231957021525541));
#1628=CARTESIAN_POINT('',(0.0483335115922641,0.0921516023976971,-0.231952942062093));
#1629=CARTESIAN_POINT('',(0.0766666752699851,0.092065407883206,-0.231958319557006));
#1630=CARTESIAN_POINT('',(0.085,0.0920400564297866,-0.231959901180995));
#1631=CARTESIAN_POINT('',(0.,0.0919919974578279,-0.231849892507053));
#1632=CARTESIAN_POINT('',(0.0200000495544182,0.0920335258513175,-0.231843825509988));
#1633=CARTESIAN_POINT('',(0.0483335115922641,0.0920923578635699,-0.231835230579733));
#1634=CARTESIAN_POINT('',(0.0766666752699851,0.0920148067412236,-0.231846560265339));
#1635=CARTESIAN_POINT('',(0.085,0.0919919974745621,-0.231849892542323));
#1636=CARTESIAN_POINT('',(0.,0.091912547496555,-0.231704010874986));
#1637=CARTESIAN_POINT('',(0.0200000495544181,0.0919476576208578,-0.231693824289696));
#1638=CARTESIAN_POINT('',(0.0483335115922641,0.0919973970663214,-0.23167939326407));
#1639=CARTESIAN_POINT('',(0.0766666752699851,0.0919318315760622,-0.231698415963252));
#1640=CARTESIAN_POINT('',(0.085,0.0919125475127777,-0.231704010902501));
#1641=CARTESIAN_POINT('',(0.,0.0918848141961553,-0.231658595592655));
#1642=CARTESIAN_POINT('',(0.0200000495544181,0.0919178592583412,-0.231647161503261));
#1643=CARTESIAN_POINT('',(0.0483335115922641,0.0919646731930985,-0.231630963176509));
#1644=CARTESIAN_POINT('',(0.0766666752699851,0.0919029640501633,-0.23165231549327));
#1645=CARTESIAN_POINT('',(0.085,0.0918848142123006,-0.231658595617556));
#1646=CARTESIAN_POINT('',(0.,0.0918253224118748,-0.231576076238627));
#1647=CARTESIAN_POINT('',(0.0200000495544181,0.0918543624120653,-0.23156253182406));
#1648=CARTESIAN_POINT('',(0.0483335115922641,0.0918955024972806,-0.231543343863805));
#1649=CARTESIAN_POINT('',(0.076666675269985,0.0918412725047697,-0.231568637049318));
#1650=CARTESIAN_POINT('',(0.085,0.0918253224279326,-0.231576076258393));
#1651=CARTESIAN_POINT('',(0.,0.0917935510984159,-0.231538955416967));
#1652=CARTESIAN_POINT('',(0.0200000495544181,0.0918206354010251,-0.23152452994593));
#1653=CARTESIAN_POINT('',(0.0483335115922641,0.0918590049089463,-0.231504093819763));
#1654=CARTESIAN_POINT('',(0.0766666752699851,0.0918084270337597,-0.231531032309615));
#1655=CARTESIAN_POINT('',(0.085,0.0917935511143997,-0.231538955434129));
#1656=CARTESIAN_POINT('',(0.,0.0917252413041971,-0.231475925777698));
#1657=CARTESIAN_POINT('',(0.0200000495544181,0.0917485412083076,-0.231460230624325));
#1658=CARTESIAN_POINT('',(0.0483335115922641,0.0917815494739525,-0.231437995777804));
#1659=CARTESIAN_POINT('',(0.0766666752699851,0.0917380386766338,-0.231467305299491));
#1660=CARTESIAN_POINT('',(0.085,0.0917252413198882,-0.231475925789764));
#1661=CARTESIAN_POINT('',(0.,0.0916887032781231,-0.231450017568544));
#1662=CARTESIAN_POINT('',(0.0200000495544181,0.0917101767102483,-0.231433936476692));
#1663=CARTESIAN_POINT('',(0.0483335115922641,0.0917405974685712,-0.231411154882863));
#1664=CARTESIAN_POINT('',(0.0766666752699851,0.0917004974694378,-0.231441185113562));
#1665=CARTESIAN_POINT('',(0.085,0.0916887032936001,-0.231450017578125));
#1666=CARTESIAN_POINT('',(0.,0.0916101494264524,-0.231412344441168));
#1667=CARTESIAN_POINT('',(0.0200000495544181,0.0916281492863159,-0.231396145965064));
#1668=CARTESIAN_POINT('',(0.0483335115922641,0.091653649140441,-0.231373198076535));
#1669=CARTESIAN_POINT('',(0.0766666752699851,0.0916200357744247,-0.231403447509885));
#1670=CARTESIAN_POINT('',(0.085,0.0916101494413111,-0.231412344446135));
#1671=CARTESIAN_POINT('',(0.,0.0915679105847073,-0.231401066620917));
#1672=CARTESIAN_POINT('',(0.0200000495544181,0.0915842628872913,-0.231385173476147));
#1673=CARTESIAN_POINT('',(0.0483335115922641,0.0916074286971176,-0.231362658141234));
#1674=CARTESIAN_POINT('',(0.0766666752699851,0.0915768920194229,-0.231392337389821));
#1675=CARTESIAN_POINT('',(0.085,0.0915679105991233,-0.231401066623838));
#1676=CARTESIAN_POINT('',(0.,0.0914792788904742,-0.231391135335208));
#1677=CARTESIAN_POINT('',(0.0200000495544181,0.0914924293923191,-0.231376657996091));
#1678=CARTESIAN_POINT('',(0.0483335115922641,0.0915110593083994,-0.231356148389994));
#1679=CARTESIAN_POINT('',(0.0766666752699851,0.0914865017503938,-0.231383183726414));
#1680=CARTESIAN_POINT('',(0.085,0.0914792789034233,-0.231391135335353));
#1681=CARTESIAN_POINT('',(0.,0.0914329733707639,-0.231392291129982));
#1682=CARTESIAN_POINT('',(0.0200000495544181,0.091444582611175,-0.231378879111364));
#1683=CARTESIAN_POINT('',(0.048333511592264,0.0914610290690489,-0.231359878712423));
#1684=CARTESIAN_POINT('',(0.0766666752699851,0.0914393496995118,-0.231384924642672));
#1685=CARTESIAN_POINT('',(0.085,0.0914329733827563,-0.23139229112925));
#1686=CARTESIAN_POINT('',(0.,0.0913387390302635,-0.23140306831153));
#1687=CARTESIAN_POINT('',(0.0200000495544182,0.0913473970900702,-0.231392249182317));
#1688=CARTESIAN_POINT('',(0.0483335115922641,0.0913596627001222,-0.231376922050953));
#1689=CARTESIAN_POINT('',(0.076666675269985,0.0913434944355707,-0.231397125955465));
#1690=CARTESIAN_POINT('',(0.085,0.0913387390400787,-0.231403068309769));
#1691=CARTESIAN_POINT('',(0.,0.0912909414704059,-0.231412621484247));
#1692=CARTESIAN_POINT('',(0.0200000495544181,0.0912981895559869,-0.231403325602212));
#1693=CARTESIAN_POINT('',(0.0483335115922641,0.0913084576984281,-0.231390156408806));
#1694=CARTESIAN_POINT('',(0.0766666752699851,0.0912949224531991,-0.231407515764257));
#1695=CARTESIAN_POINT('',(0.085,0.0912909414789925,-0.231412621482339));
#1696=CARTESIAN_POINT('',(0.,0.0911474821765267,-0.231448928941215));
#1697=CARTESIAN_POINT('',(0.0200000495544181,0.0911507317177741,-0.231444552107393));
#1698=CARTESIAN_POINT('',(0.0483335115922641,0.0911553352440466,-0.231438351580009));
#1699=CARTESIAN_POINT('',(0.0766666752699851,0.0911492669752553,-0.231446524984904));
#1700=CARTESIAN_POINT('',(0.085,0.0911474821814723,-0.231448928939434));
#1701=CARTESIAN_POINT('',(0.,0.0910511921285222,-0.23148361935208));
#1702=CARTESIAN_POINT('',(0.0200000495544181,0.091052051022054,-0.231483023101423));
#1703=CARTESIAN_POINT('',(0.0483335115922641,0.091053267790403,-0.231482178411247));
#1704=CARTESIAN_POINT('',(0.0766666752699851,0.0910516638735737,-0.231483291863586));
#1705=CARTESIAN_POINT('',(0.085,0.0910511921309921,-0.23148361935119));
#1706=CARTESIAN_POINT('',(0.,0.0909549504565853,-0.231518287528696));
#1707=CARTESIAN_POINT('',(0.0200000495544181,0.0909534422743011,-0.231521458397984));
#1708=CARTESIAN_POINT('',(0.0483335115922641,0.0909513056783201,-0.231525950472083));
#1709=CARTESIAN_POINT('',(0.0766666752699851,0.0909541220947167,-0.231520029113407));
#1710=CARTESIAN_POINT('',(0.085,0.0909549504565853,-0.231518287528696));
#1711=CARTESIAN_POINT('',(0.,0.0909549504565853,-0.231518287528696));
#1712=CARTESIAN_POINT('',(0.0200000495544181,0.0909534422743011,-0.231521458397984));
#1713=CARTESIAN_POINT('',(0.0483335115922641,0.0909513056783201,-0.231525950472083));
#1714=CARTESIAN_POINT('',(0.0766666752699851,0.0909541220947167,-0.231520029113407));
#1715=CARTESIAN_POINT('',(0.085,0.0909549504565853,-0.231518287528696));
#1716=CARTESIAN_POINT('',(0.085,0.0909549504565853,-0.231518287528696));
#1717=CARTESIAN_POINT('',(0.085,0.0909549504565853,-0.231518287528696));
#1718=CARTESIAN_POINT('',(0.085,0.0910745349329977,-0.231475210806676));
#1719=CARTESIAN_POINT('',(0.085,0.0913018630444879,-0.231393322670692));
#1720=CARTESIAN_POINT('',(0.085,0.0916305081885309,-0.231379643640477));
#1721=CARTESIAN_POINT('',(0.085,0.0918810044379125,-0.231609153703179));
#1722=CARTESIAN_POINT('',(0.085,0.0920818001455578,-0.232046081189196));
#1723=CARTESIAN_POINT('',(0.085,0.0923220440599858,-0.232648451010387));
#1724=CARTESIAN_POINT('',(0.085,0.0925728238165096,-0.233428123812866));
#1725=CARTESIAN_POINT('',(0.085,0.0928455893880171,-0.234367156458048));
#1726=CARTESIAN_POINT('',(0.085,0.0931333137489473,-0.235457700710128));
#1727=CARTESIAN_POINT('',(0.085,0.0934324253965306,-0.236688993675774));
#1728=CARTESIAN_POINT('',(0.085,0.0937379333271587,-0.238050445046111));
#1729=CARTESIAN_POINT('',(0.085,0.0940200495958702,-0.239553238901659));
#1730=CARTESIAN_POINT('',(0.085,0.094289245077145,-0.241212777737805));
#1731=CARTESIAN_POINT('',(0.085,0.0945813790756196,-0.243019337007953));
#1732=CARTESIAN_POINT('',(0.085,0.0949020736323578,-0.244960890315558));
#1733=CARTESIAN_POINT('',(0.085,0.0952609238511337,-0.247019513726535));
#1734=CARTESIAN_POINT('',(0.085,0.095666154931639,-0.249178006107998));
#1735=CARTESIAN_POINT('',(0.085,0.0961229184625304,-0.251414743297568));
#1736=CARTESIAN_POINT('',(0.085,0.0966365214197507,-0.253708882505805));
#1737=CARTESIAN_POINT('',(0.085,0.0972077325795173,-0.25603612317871));
#1738=CARTESIAN_POINT('',(0.085,0.0978400647707265,-0.258372429536781));
#1739=CARTESIAN_POINT('',(0.085,0.0985302478660172,-0.26069296405285));
#1740=CARTESIAN_POINT('',(0.085,0.0992749586716274,-0.262971672302706));
#1741=CARTESIAN_POINT('',(0.085,0.100069516249574,-0.265182879361008));
#1742=CARTESIAN_POINT('',(0.085,0.100905611016861,-0.267301663625276));
#1743=CARTESIAN_POINT('',(0.085,0.101772966238225,-0.269303815872919));
#1744=CARTESIAN_POINT('',(0.085,0.102661356015809,-0.271165781379711));
#1745=CARTESIAN_POINT('',(0.085,0.10355462254668,-0.272865917442446));
#1746=CARTESIAN_POINT('',(0.085,0.104438813252669,-0.274385390485853));
#1747=CARTESIAN_POINT('',(0.085,0.105294493168197,-0.275705728431275));
#1748=CARTESIAN_POINT('',(0.085,0.106103043501277,-0.276812083237084));
#1749=CARTESIAN_POINT('',(0.085,0.10684601549841,-0.277679483048179));
#1750=CARTESIAN_POINT('',(0.085,0.107483675302269,-0.278287521417037));
#1751=CARTESIAN_POINT('',(0.085,0.107937591540488,-0.278656808805817));
#1752=CARTESIAN_POINT('',(0.085,0.108217354914556,-0.278870741976916));
#1753=CARTESIAN_POINT('',(0.085,0.108285876736499,-0.278921392669161));
#1754=CARTESIAN_POINT('',(0.085,0.108310573063352,-0.278939647963834));
#1755=CARTESIAN_POINT('',(0.085,0.0909549504565853,-0.231518287528696));
#1756=CARTESIAN_POINT('',(0.085,0.0910745349329977,-0.231475210806676));
#1757=CARTESIAN_POINT('',(0.085,0.0913018630444879,-0.231393322670692));
#1758=CARTESIAN_POINT('',(0.085,0.0916305081885309,-0.231379643640477));
#1759=CARTESIAN_POINT('',(0.085,0.0918810044379125,-0.231609153703179));
#1760=CARTESIAN_POINT('',(0.085,0.0920818001455578,-0.232046081189196));
#1761=CARTESIAN_POINT('',(0.085,0.0923220440599858,-0.232648451010387));
#1762=CARTESIAN_POINT('',(0.085,0.0925728238165096,-0.233428123812866));
#1763=CARTESIAN_POINT('',(0.085,0.0928455893880171,-0.234367156458048));
#1764=CARTESIAN_POINT('',(0.085,0.0931333137489473,-0.235457700710128));
#1765=CARTESIAN_POINT('',(0.085,0.0934324253965306,-0.236688993675774));
#1766=CARTESIAN_POINT('',(0.085,0.0937379333271587,-0.238050445046111));
#1767=CARTESIAN_POINT('',(0.085,0.0940200495958702,-0.239553238901659));
#1768=CARTESIAN_POINT('',(0.085,0.094289245077145,-0.241212777737805));
#1769=CARTESIAN_POINT('',(0.085,0.0945813790756196,-0.243019337007953));
#1770=CARTESIAN_POINT('',(0.085,0.0949020736323578,-0.244960890315558));
#1771=CARTESIAN_POINT('',(0.085,0.0952609238511337,-0.247019513726535));
#1772=CARTESIAN_POINT('',(0.085,0.095666154931639,-0.249178006107998));
#1773=CARTESIAN_POINT('',(0.085,0.0961229184625304,-0.251414743297568));
#1774=CARTESIAN_POINT('',(0.085,0.0966365214197507,-0.253708882505805));
#1775=CARTESIAN_POINT('',(0.085,0.0972077325795173,-0.25603612317871));
#1776=CARTESIAN_POINT('',(0.085,0.0978400647707265,-0.258372429536781));
#1777=CARTESIAN_POINT('',(0.085,0.0985302478660172,-0.26069296405285));
#1778=CARTESIAN_POINT('',(0.085,0.0992749586716274,-0.262971672302706));
#1779=CARTESIAN_POINT('',(0.085,0.100069516249574,-0.265182879361008));
#1780=CARTESIAN_POINT('',(0.085,0.100905611016861,-0.267301663625276));
#1781=CARTESIAN_POINT('',(0.085,0.101772966238225,-0.269303815872919));
#1782=CARTESIAN_POINT('',(0.085,0.102661356015809,-0.271165781379711));
#1783=CARTESIAN_POINT('',(0.085,0.10355462254668,-0.272865917442446));
#1784=CARTESIAN_POINT('',(0.085,0.104438813252669,-0.274385390485853));
#1785=CARTESIAN_POINT('',(0.085,0.105294493168197,-0.275705728431275));
#1786=CARTESIAN_POINT('',(0.085,0.106103043501277,-0.276812083237084));
#1787=CARTESIAN_POINT('',(0.085,0.10684601549841,-0.277679483048179));
#1788=CARTESIAN_POINT('',(0.085,0.107483675302269,-0.278287521417037));
#1789=CARTESIAN_POINT('',(0.085,0.107937591540488,-0.278656808805817));
#1790=CARTESIAN_POINT('',(0.085,0.108217354914556,-0.278870741976916));
#1791=CARTESIAN_POINT('',(0.085,0.108285876736499,-0.278921392669161));
#1792=CARTESIAN_POINT('',(0.085,0.108310573063352,-0.278939647963834));
#1793=CARTESIAN_POINT('',(0.085,0.102415558516223,-0.270639066260383));
#1794=CARTESIAN_POINT('',(0.085,0.10196603856636,-0.270857999617082));
#1795=CARTESIAN_POINT('',(0.085,0.101544392082859,-0.271126731662318));
#1796=CARTESIAN_POINT('',(0.,0.101544388867758,-0.271126731584028));
#1797=CARTESIAN_POINT('',(0.0200000495544182,0.103046105278251,-0.272192691767632));
#1798=CARTESIAN_POINT('',(0.0483335115922641,0.105173541252474,-0.273702805145794));
#1799=CARTESIAN_POINT('',(0.0766666752699851,0.102369200131369,-0.271712206259004));
#1800=CARTESIAN_POINT('',(0.085,0.101544389831971,-0.271126733096899));
#1801=CARTESIAN_POINT('',(0.,0.0909549504565853,-0.231518287528696));
#1802=CARTESIAN_POINT('',(0.0200000495544181,0.0909534422743011,-0.231521458397984));
#1803=CARTESIAN_POINT('',(0.0483335115922641,0.0909513056783201,-0.231525950472083));
#1804=CARTESIAN_POINT('',(0.0766666752699851,0.0909541220947167,-0.231520029113407));
#1805=CARTESIAN_POINT('',(0.085,0.0909549504565853,-0.231518287528696));
#1806=CARTESIAN_POINT('',(0.,0.0908441288590384,-0.231576476614565));
#1807=CARTESIAN_POINT('',(0.0200000495544181,0.0908403785341893,-0.231584614533145));
#1808=CARTESIAN_POINT('',(0.0483335115922641,0.0908350655630163,-0.231596143274938));
#1809=CARTESIAN_POINT('',(0.0766666752699851,0.0908420690077479,-0.231580946329004));
#1810=CARTESIAN_POINT('',(0.085,0.0908441288546411,-0.231576476616874));
#1811=CARTESIAN_POINT('',(0.,0.0907333072614915,-0.231634665700433));
#1812=CARTESIAN_POINT('',(0.0200000495544181,0.0907273147940775,-0.231647770668306));
#1813=CARTESIAN_POINT('',(0.0483335115922641,0.0907188254477126,-0.231666336077794));
#1814=CARTESIAN_POINT('',(0.0766666752699851,0.090730015920779,-0.2316418635446));
#1815=CARTESIAN_POINT('',(0.085,0.0907333072526969,-0.231634665705051));
#1816=CARTESIAN_POINT('',(0.,0.090570647999736,-0.231739056312981));
#1817=CARTESIAN_POINT('',(0.0200000495544181,0.0905619218069043,-0.231760299745043));
#1818=CARTESIAN_POINT('',(0.0483335115922641,0.0905495596748678,-0.231790394669271));
#1819=CARTESIAN_POINT('',(0.0766666752699851,0.0905658551687129,-0.231750724173725));
#1820=CARTESIAN_POINT('',(0.085,0.0905706479847708,-0.231739056323098));
#1821=CARTESIAN_POINT('',(0.,0.0905170582542356,-0.231777003733404));
#1822=CARTESIAN_POINT('',(0.0200000495544181,0.0905075351618195,-0.231801085434166));
#1823=CARTESIAN_POINT('',(0.048333511592264,0.0904940440863739,-0.231835201247355));
#1824=CARTESIAN_POINT('',(0.0766666752699851,0.0905118277284147,-0.231790230501284));
#1825=CARTESIAN_POINT('',(0.085,0.0905170582372875,-0.231777003745719));
#1826=CARTESIAN_POINT('',(0.,0.0904113716290811,-0.231858902335531));
#1827=CARTESIAN_POINT('',(0.0200000495544181,0.0904004757469348,-0.231888823340555));
#1828=CARTESIAN_POINT('',(0.0483335115922641,0.0903850398820226,-0.231931211518529));
#1829=CARTESIAN_POINT('',(0.0766666752699851,0.0904053871021296,-0.23187533631677));
#1830=CARTESIAN_POINT('',(0.085,0.0904113716082875,-0.231858902352462));
#1831=CARTESIAN_POINT('',(0.,0.0903592594784607,-0.231902720944341));
#1832=CARTESIAN_POINT('',(0.0200000495544182,0.0903477847456292,-0.231935646258552));
#1833=CARTESIAN_POINT('',(0.0483335115922641,0.0903315288405531,-0.231982290549994));
#1834=CARTESIAN_POINT('',(0.0766666752699851,0.0903529570191183,-0.231920805029861));
#1835=CARTESIAN_POINT('',(0.085,0.0903592594558101,-0.231902720963736));
#1836=CARTESIAN_POINT('',(0.,0.0902566251998742,-0.231994886591287));
#1837=CARTESIAN_POINT('',(0.0200000495544181,0.0902441807841725,-0.23203393082206));
#1838=CARTESIAN_POINT('',(0.048333511592264,0.0902265511588604,-0.232089243596529));
#1839=CARTESIAN_POINT('',(0.0766666752699851,0.0902497901441205,-0.232016331466247));
#1840=CARTESIAN_POINT('',(0.085,0.0902566251736559,-0.231994886615777));
#1841=CARTESIAN_POINT('',(0.,0.0902061042129465,-0.232043212422565));
#1842=CARTESIAN_POINT('',(0.0200000495544181,0.0901932685292827,-0.232085365538959));
#1843=CARTESIAN_POINT('',(0.0483335115922641,0.0901750846065465,-0.232145082577155));
#1844=CARTESIAN_POINT('',(0.0766666752699851,0.0901990542538253,-0.232066364840012));
#1845=CARTESIAN_POINT('',(0.085,0.0902061041850194,-0.232043212449651));
#1846=CARTESIAN_POINT('',(0.,0.0901067747443494,-0.232143279273202));
#1847=CARTESIAN_POINT('',(0.0200000495544181,0.0900933194159715,-0.232191730227762));
#1848=CARTESIAN_POINT('',(0.0483335115922641,0.0900742576614112,-0.23226036922178));
#1849=CARTESIAN_POINT('',(0.0766666752699851,0.0900993844458252,-0.232169890752144));
#1850=CARTESIAN_POINT('',(0.085,0.0901067747131573,-0.232143279305673));
#1851=CARTESIAN_POINT('',(0.,0.0900579622688094,-0.232195094520963));
#1852=CARTESIAN_POINT('',(0.0200000495544181,0.0900442803385062,-0.232246741217664));
#1853=CARTESIAN_POINT('',(0.0483335115922641,0.0900248975638889,-0.232319907522396));
#1854=CARTESIAN_POINT('',(0.0766666752699851,0.0900504475090632,-0.232223461248093));
#1855=CARTESIAN_POINT('',(0.085,0.0900579622360593,-0.232195094556258));
#1856=CARTESIAN_POINT('',(0.,0.0899141840362983,-0.232355726990214));
#1857=CARTESIAN_POINT('',(0.0200000495544181,0.0899000723424126,-0.232417091310228));
#1858=CARTESIAN_POINT('',(0.0483335115922641,0.0898800807347963,-0.232504024276411));
#1859=CARTESIAN_POINT('',(0.0766666752699851,0.0899064332275407,-0.232389431082062));
#1860=CARTESIAN_POINT('',(0.085,0.0899141839991094,-0.232355727034352));
#1861=CARTESIAN_POINT('',(0.,0.0898218456774127,-0.232469735436037));
#1862=CARTESIAN_POINT('',(0.0200000495544181,0.0898077759568901,-0.232537753738685));
#1863=CARTESIAN_POINT('',(0.0483335115922641,0.0897878438116608,-0.232634113199732));
#1864=CARTESIAN_POINT('',(0.0766666752699851,0.0898141179202571,-0.232507094200799));
#1865=CARTESIAN_POINT('',(0.085,0.0898218456375503,-0.232469735486573));
#1866=CARTESIAN_POINT('',(0.,0.0896449609316879,-0.232710715109977));
#1867=CARTESIAN_POINT('',(0.0200000495544181,0.0896316711420023,-0.232792326509663));
#1868=CARTESIAN_POINT('',(0.0483335115922641,0.0896128439010736,-0.232907942897943));
#1869=CARTESIAN_POINT('',(0.0766666752699851,0.0896376615443189,-0.232755539828498));
#1870=CARTESIAN_POINT('',(0.085,0.0896449608873273,-0.232710715174182));
#1871=CARTESIAN_POINT('',(0.,0.0895604884063204,-0.232837675888492));
#1872=CARTESIAN_POINT('',(0.0200000495544181,0.0895479400926297,-0.23292622383993));
#1873=CARTESIAN_POINT('',(0.048333511592264,0.0895301632781961,-0.233051667030146));
#1874=CARTESIAN_POINT('',(0.0766666752699851,0.0895535962696773,-0.232886310480331));
#1875=CARTESIAN_POINT('',(0.085,0.0895604883601487,-0.232837675959967));
#1876=CARTESIAN_POINT('',(0.,0.0894010337563996,-0.233103550598925));
#1877=CARTESIAN_POINT('',(0.0200000495544182,0.0893907156805135,-0.233206164086428));
#1878=CARTESIAN_POINT('',(0.0483335115922641,0.08937609837616,-0.23335153349388));
#1879=CARTESIAN_POINT('',(0.0766666752699851,0.0893953665651689,-0.233159910630641));
#1880=CARTESIAN_POINT('',(0.085,0.0894010337076666,-0.233103550685693));
#1881=CARTESIAN_POINT('',(0.,0.0893261282335457,-0.233242464246739));
#1882=CARTESIAN_POINT('',(0.0200000495544182,0.0893172763119753,-0.233352205630056));
#1883=CARTESIAN_POINT('',(0.0483335115922641,0.0893047360638579,-0.233507672910761));
#1884=CARTESIAN_POINT('',(0.0766666752699851,0.0893212663198258,-0.23330273924716));
#1885=CARTESIAN_POINT('',(0.085,0.0893261281839091,-0.23324246434153));
#1886=CARTESIAN_POINT('',(0.,0.0891148263421215,-0.233675663497426));
#1887=CARTESIAN_POINT('',(0.0200000495544182,0.0891113035663216,-0.233807036372442));
#1888=CARTESIAN_POINT('',(0.0483335115922641,0.0891063129569674,-0.233993148329662));
#1889=CARTESIAN_POINT('',(0.0766666752699851,0.0891128914345444,-0.233747819510002));
#1890=CARTESIAN_POINT('',(0.085,0.0891148262904787,-0.233675663617243));
#1891=CARTESIAN_POINT('',(0.,0.0889921653985153,-0.233986845110834));
#1892=CARTESIAN_POINT('',(0.0200000495544181,0.0889934689860769,-0.234132970036276));
#1893=CARTESIAN_POINT('',(0.0483335115922641,0.0889953157389356,-0.234339980774752));
#1894=CARTESIAN_POINT('',(0.0766666752699851,0.0889928813475951,-0.234067103630053));
#1895=CARTESIAN_POINT('',(0.085,0.0889921653465939,-0.233986845248602));
#1896=CARTESIAN_POINT('',(0.,0.0887733273495935,-0.234641081931796));
#1897=CARTESIAN_POINT('',(0.0200000495544181,0.0887859154088022,-0.234816923697745));
#1898=CARTESIAN_POINT('',(0.048333511592264,0.0888037485295027,-0.23506603338053));
#1899=CARTESIAN_POINT('',(0.0766666752699851,0.088780241240197,-0.234737662310591));
#1900=CARTESIAN_POINT('',(0.085,0.088773327297316,-0.23464108210554));
#1901=CARTESIAN_POINT('',(0.,0.0886768763907695,-0.234983855293024));
#1902=CARTESIAN_POINT('',(0.0200000495544181,0.0886960623955199,-0.235174748968393));
#1903=CARTESIAN_POINT('',(0.048333511592264,0.0887232426250377,-0.235445182233551));
#1904=CARTESIAN_POINT('',(0.0766666752699851,0.0886874141719358,-0.235088702875098));
#1905=CARTESIAN_POINT('',(0.085,0.088676876339392,-0.234983855485398));
#1906=CARTESIAN_POINT('',(0.,0.0885109348499568,-0.235694403835511));
#1907=CARTESIAN_POINT('',(0.0200000495544181,0.0885450620318626,-0.235915512773277));
#1908=CARTESIAN_POINT('',(0.0483335115922641,0.0885934089727219,-0.236228751081879));
#1909=CARTESIAN_POINT('',(0.0766666752699851,0.0885296790039245,-0.235815847034674));
#1910=CARTESIAN_POINT('',(0.085,0.0885109348025687,-0.235694404066044));
#1911=CARTESIAN_POINT('',(0.,0.0884412911998904,-0.236062188420031));
#1912=CARTESIAN_POINT('',(0.0200000495544181,0.0884837355122364,-0.236298460648689));
#1913=CARTESIAN_POINT('',(0.0483335115922641,0.088543865078881,-0.236633180330411));
#1914=CARTESIAN_POINT('',(0.0766666752699851,0.0884646035000057,-0.236191959998868));
#1915=CARTESIAN_POINT('',(0.085,0.0884412911554015,-0.236062188670044));
#1916=CARTESIAN_POINT('',(0.,0.0883270629948356,-0.236817657353738));
#1917=CARTESIAN_POINT('',(0.0200000495544181,0.0883876205929574,-0.2370842345828));
#1918=CARTESIAN_POINT('',(0.0483335115922641,0.0884734107007679,-0.237461886437073));
#1919=CARTESIAN_POINT('',(0.0766666752699851,0.0883603239357919,-0.236964073838903));
#1920=CARTESIAN_POINT('',(0.085,0.0883270629577404,-0.236817657643295));
#1921=CARTESIAN_POINT('',(0.,0.0882823420310972,-0.237205412683211));
#1922=CARTESIAN_POINT('',(0.0200000495544182,0.0883526790842432,-0.237487136142907));
#1923=CARTESIAN_POINT('',(0.0483335115922641,0.0884523234486107,-0.237886245201549));
#1924=CARTESIAN_POINT('',(0.076666675269985,0.088320974294099,-0.237360148178231));
#1925=CARTESIAN_POINT('',(0.085,0.0882823419983904,-0.237205412992825));
#1926=CARTESIAN_POINT('',(0.,0.0882170264627287,-0.237997036106792));
#1927=CARTESIAN_POINT('',(0.0200000495544181,0.0883083657749187,-0.238308899328145));
#1928=CARTESIAN_POINT('',(0.0483335115922641,0.0884377634010325,-0.238750706470629));
#1929=CARTESIAN_POINT('',(0.0766666752699851,0.0882671941240276,-0.238168325752212));
#1930=CARTESIAN_POINT('',(0.085,0.0882170264410109,-0.237997036456804));
#1931=CARTESIAN_POINT('',(0.,0.0881967967160648,-0.238400855633607));
#1932=CARTESIAN_POINT('',(0.0200000495544181,0.0882993747369553,-0.238727694049433));
#1933=CARTESIAN_POINT('',(0.0483335115922641,0.0884446938999359,-0.239190716094558));
#1934=CARTESIAN_POINT('',(0.0766666752699851,0.0882531371892422,-0.238580370348272));
#1935=CARTESIAN_POINT('',(0.085,0.0881967967010221,-0.238400856003906));
#1936=CARTESIAN_POINT('',(0.,0.0881718662116557,-0.239631869532575));
#1937=CARTESIAN_POINT('',(0.0200000495544181,0.0883098968202477,-0.240003310095178));
#1938=CARTESIAN_POINT('',(0.0483335115922641,0.088505440586175,-0.240529518645371));
#1939=CARTESIAN_POINT('',(0.0766666752699851,0.0882476788647062,-0.239835881809356));
#1940=CARTESIAN_POINT('',(0.085,0.0881718662180001,-0.239631869964263));
#1941=CARTESIAN_POINT('',(0.,0.0882010029853211,-0.240479106728779));
#1942=CARTESIAN_POINT('',(0.0200000495544181,0.0883651419336192,-0.240879875468541));
#1943=CARTESIAN_POINT('',(0.048333511592264,0.0885976725905,-0.241447632355497));
#1944=CARTESIAN_POINT('',(0.0766666752699851,0.0882911555318167,-0.240699227397868));
#1945=CARTESIAN_POINT('',(0.085,0.0882010030089868,-0.240479107201889));
#1946=CARTESIAN_POINT('',(0.,0.0883143991122694,-0.241772872146293));
#1947=CARTESIAN_POINT('',(0.0200000495544182,0.0885211521349904,-0.242216141056087));
#1948=CARTESIAN_POINT('',(0.0483335115922641,0.0888140528552881,-0.242844106641576));
#1949=CARTESIAN_POINT('',(0.0766666752699851,0.0884279572589843,-0.242016335876085));
#1950=CARTESIAN_POINT('',(0.085,0.088314399167928,-0.241772872679764));
#1951=CARTESIAN_POINT('',(0.,0.0883634747050654,-0.242207828893679));
#1952=CARTESIAN_POINT('',(0.0200000495544182,0.0885849811066028,-0.242665025979729));
#1953=CARTESIAN_POINT('',(0.0483335115922641,0.0888987824900455,-0.243312723188988));
#1954=CARTESIAN_POINT('',(0.0766666752699851,0.0884851360830451,-0.242458942622641));
#1955=CARTESIAN_POINT('',(0.085,0.088363474772217,-0.242207829446983));
#1956=CARTESIAN_POINT('',(0.,0.0884865969862037,-0.243083117823988));
#1957=CARTESIAN_POINT('',(0.0200000495544182,0.0887390365852582,-0.243567615314182));
#1958=CARTESIAN_POINT('',(0.0483335115922641,0.089096660089,-0.244253988175835));
#1959=CARTESIAN_POINT('',(0.0766666752699851,0.0886252482949963,-0.243349226199192));
#1960=CARTESIAN_POINT('',(0.085,0.0884865970802687,-0.24308311841679));
#1961=CARTESIAN_POINT('',(0.,0.0885611653722318,-0.243523450984922));
#1962=CARTESIAN_POINT('',(0.0200000495544181,0.0888297549372355,-0.244021298480372));
#1963=CARTESIAN_POINT('',(0.0483335115922641,0.0892102576066458,-0.244726583888521));
#1964=CARTESIAN_POINT('',(0.0766666752699851,0.0887086869839386,-0.243796891801464));
#1965=CARTESIAN_POINT('',(0.085,0.0885611654815184,-0.24352345159731));
#1966=CARTESIAN_POINT('',(0.,0.0887357194147204,-0.244408199808661));
#1967=CARTESIAN_POINT('',(0.0200000495544181,0.0890374901223816,-0.244932164910712));
#1968=CARTESIAN_POINT('',(0.0483335115922641,0.0894649995076154,-0.245674450337942));
#1969=CARTESIAN_POINT('',(0.0766666752699851,0.0889014656332783,-0.244695985625223));
#1970=CARTESIAN_POINT('',(0.085,0.0887357195547736,-0.244408200460082));
#1971=CARTESIAN_POINT('',(0.,0.0888351746469256,-0.244852601633466));
#1972=CARTESIAN_POINT('',(0.0200000495544182,0.089154017803406,-0.245389340669793));
#1973=CARTESIAN_POINT('',(0.0483335115922641,0.089605713207739,-0.246149722541279));
#1974=CARTESIAN_POINT('',(0.0766666752699851,0.0890102978381534,-0.245147403487004));
#1975=CARTESIAN_POINT('',(0.085,0.0888351748028144,-0.244852602304286));
#1976=CARTESIAN_POINT('',(0.,0.0890597939479261,-0.245744647068659));
#1977=CARTESIAN_POINT('',(0.0200000495544182,0.0894142057686645,-0.246306318339945));
#1978=CARTESIAN_POINT('',(0.0483335115922641,0.0899162902180722,-0.247102020950553));
#1979=CARTESIAN_POINT('',(0.0766666752699851,0.0892544530846666,-0.246053142862345));
#1980=CARTESIAN_POINT('',(0.085,0.0890597941396301,-0.245744647778257));
#1981=CARTESIAN_POINT('',(0.,0.0891855300802577,-0.246192153251045));
#1982=CARTESIAN_POINT('',(0.0200000495544181,0.0895584109002026,-0.246765955211937));
#1983=CARTESIAN_POINT('',(0.0483335115922641,0.0900866598191767,-0.247578843001635));
#1984=CARTESIAN_POINT('',(0.0766666752699851,0.0893903332413456,-0.246507311782558));
#1985=CARTESIAN_POINT('',(0.085,0.0891855302917982,-0.246192153979903));
#1986=CARTESIAN_POINT('',(0.,0.0894630037342261,-0.247090867144717));
#1987=CARTESIAN_POINT('',(0.0200000495544181,0.0898736146922144,-0.247688564372981));
#1988=CARTESIAN_POINT('',(0.0483335115922641,0.0904553147504483,-0.248535303861352));
#1989=CARTESIAN_POINT('',(0.0766666752699851,0.0896885300226291,-0.24741915006786));
#1990=CARTESIAN_POINT('',(0.085,0.0894630039850988,-0.247090867913576));
#1991=CARTESIAN_POINT('',(0.,0.0896148967163922,-0.247542232287272));
#1992=CARTESIAN_POINT('',(0.0200000495544182,0.090044883324786,-0.248151670276987));
#1993=CARTESIAN_POINT('',(0.0483335115922641,0.0906540322777704,-0.249015042545092));
#1994=CARTESIAN_POINT('',(0.0766666752699851,0.0898510650033487,-0.247876963783132));
#1995=CARTESIAN_POINT('',(0.085,0.0896148969876113,-0.247542233076754));
#1996=CARTESIAN_POINT('',(0.,0.0898578838446966,-0.248223063845399));
#1997=CARTESIAN_POINT('',(0.0200000495544181,0.0903169454570217,-0.248849907238018));
#1998=CARTESIAN_POINT('',(0.048333511592264,0.0909672840839565,-0.249737937211149));
#1999=CARTESIAN_POINT('',(0.0766666752699851,0.090110021458668,-0.248567355199412));
#2000=CARTESIAN_POINT('',(0.085,0.0898578841429523,-0.248223064666315));
#2001=CARTESIAN_POINT('',(0.,0.0899413150945441,-0.24845062641253));
#2002=CARTESIAN_POINT('',(0.0200000495544182,0.0904100814978913,-0.249083242762453));
#2003=CARTESIAN_POINT('',(0.0483335115922641,0.0910741686071616,-0.249979451108654));
#2004=CARTESIAN_POINT('',(0.0766666752699851,0.090198783024929,-0.24879808854376));
#2005=CARTESIAN_POINT('',(0.085,0.0899413154013451,-0.248450627244022));
#2006=CARTESIAN_POINT('',(0.,0.0901119396305882,-0.24890707142354));
#2007=CARTESIAN_POINT('',(0.0200000495544182,0.0906001226101958,-0.24955120017712));
#2008=CARTESIAN_POINT('',(0.0483335115922641,0.0912917165926307,-0.250463717795507));
#2009=CARTESIAN_POINT('',(0.0766666752699851,0.0903800720345165,-0.249260856703633));
#2010=CARTESIAN_POINT('',(0.085,0.0901119399534144,-0.24890707227639));
#2011=CARTESIAN_POINT('',(0.,0.0901990771971507,-0.249135970275055));
#2012=CARTESIAN_POINT('',(0.0200000495544182,0.090697051654209,-0.249785813519282));
#2013=CARTESIAN_POINT('',(0.0483335115922641,0.0914025169250069,-0.250706426682803));
#2014=CARTESIAN_POINT('',(0.0766666752699851,0.0904725875290752,-0.249492894219905));
#2015=CARTESIAN_POINT('',(0.085,0.0901990775278473,-0.249135971138572));
#2016=CARTESIAN_POINT('',(0.,0.090465983469115,-0.249824324467543));
#2017=CARTESIAN_POINT('',(0.0200000495544181,0.0909936300163416,-0.250491149425588));
#2018=CARTESIAN_POINT('',(0.0483335115922641,0.0917411308350056,-0.25143582006669));
#2019=CARTESIAN_POINT('',(0.0766666752699851,0.0907557910729177,-0.250190575561408));
#2020=CARTESIAN_POINT('',(0.085,0.090465983824413,-0.249824325362567));
#2021=CARTESIAN_POINT('',(0.,0.0906513929539706,-0.250285354632735));
#2022=CARTESIAN_POINT('',(0.0200000495544181,0.0911992501070626,-0.250963249557869));
#2023=CARTESIAN_POINT('',(0.0483335115922641,0.0919753826764875,-0.251923602684729));
#2024=CARTESIAN_POINT('',(0.0766666752699851,0.0909523011494212,-0.250657685868462));
#2025=CARTESIAN_POINT('',(0.085,0.0906513933267969,-0.250285355548024));
#2026=CARTESIAN_POINT('',(0.,0.0910368467890267,-0.251210080799594));
#2027=CARTESIAN_POINT('',(0.0200000495544181,0.0916254739495392,-0.25190985898225));
#2028=CARTESIAN_POINT('',(0.0483335115922641,0.0924593641487334,-0.252901213454611));
#2029=CARTESIAN_POINT('',(0.0766666752699851,0.0913601477415907,-0.251594431340769));
#2030=CARTESIAN_POINT('',(0.085,0.0910368471962131,-0.251210081755601));
#2031=CARTESIAN_POINT('',(0.,0.0912366307963348,-0.251673945631776));
#2032=CARTESIAN_POINT('',(0.0200000495544182,0.0918458112709769,-0.252384555459837));
#2033=CARTESIAN_POINT('',(0.0483335115922641,0.0927088187253088,-0.253391254794871));
#2034=CARTESIAN_POINT('',(0.0766666752699851,0.0915712205707662,-0.252064245418007));
#2035=CARTESIAN_POINT('',(0.085,0.0912366312202122,-0.251673946608352));
#2036=CARTESIAN_POINT('',(0.,0.0918528791961999,-0.253070053367347));
#2037=CARTESIAN_POINT('',(0.0200000495544181,0.0925241507039014,-0.253812814012285));
#2038=CARTESIAN_POINT('',(0.0483335115922641,0.0934751206366908,-0.254865060431939));
#2039=CARTESIAN_POINT('',(0.0766666752699851,0.0922215722097107,-0.253478011882815));
#2040=CARTESIAN_POINT('',(0.085,0.0918528796688548,-0.253070054405577));
#2041=CARTESIAN_POINT('',(0.,0.0922864795704697,-0.254006527311853));
#2042=CARTESIAN_POINT('',(0.0200000495544182,0.0929997625993291,-0.254770197315999));
#2043=CARTESIAN_POINT('',(0.0483335115922641,0.0940102489766474,-0.255852065389026));
#2044=CARTESIAN_POINT('',(0.0766666752699851,0.0926782472341804,-0.254425970223624));
#2045=CARTESIAN_POINT('',(0.085,0.0922864800744243,-0.25400652839057));
#2046=CARTESIAN_POINT('',(0.,0.0931815020532003,-0.255886251718313));
#2047=CARTESIAN_POINT('',(0.0200000495544181,0.0939790258155181,-0.256691098083434));
#2048=CARTESIAN_POINT('',(0.048333511592264,0.095108853478316,-0.257831299454958));
#2049=CARTESIAN_POINT('',(0.0766666752699851,0.0936195385791795,-0.256328310610299));
#2050=CARTESIAN_POINT('',(0.085,0.0931815026146496,-0.255886252877156));
#2051=CARTESIAN_POINT('',(0.,0.0936426003471408,-0.256829794264823));
#2052=CARTESIAN_POINT('',(0.0200000495544181,0.0944825578811967,-0.257654711136521));
#2053=CARTESIAN_POINT('',(0.048333511592264,0.0956725001780806,-0.258823345784401));
#2054=CARTESIAN_POINT('',(0.0766666752699851,0.0941039434394198,-0.257282876815759));
#2055=CARTESIAN_POINT('',(0.085,0.093642600936006,-0.256829795462112));
#2056=CARTESIAN_POINT('',(0.,0.0945816662970943,-0.258713723939477));
#2057=CARTESIAN_POINT('',(0.0200000495544182,0.0955063971559924,-0.259577616407484));
#2058=CARTESIAN_POINT('',(0.0483335115922641,0.0968164352443745,-0.260801466597477));
#2059=CARTESIAN_POINT('',(0.0766666752699851,0.0950895707705638,-0.259188213705125));
#2060=CARTESIAN_POINT('',(0.085,0.094581666937844,-0.258713725209011));
#2061=CARTESIAN_POINT('',(0.,0.0950588360124326,-0.259654542723206));
#2062=CARTESIAN_POINT('',(0.0200000495544181,0.0960259484639169,-0.26053733013272));
#2063=CARTESIAN_POINT('',(0.048333511592264,0.0973960272657668,-0.261787948211783));
#2064=CARTESIAN_POINT('',(0.0766666752699851,0.0955900183907671,-0.260139410470746));
#2065=CARTESIAN_POINT('',(0.085,0.0950588366776393,-0.259654544026532));
#2066=CARTESIAN_POINT('',(0.,0.0960256880422566,-0.26152160023157));
#2067=CARTESIAN_POINT('',(0.0200000495544181,0.0970777229984056,-0.262440402694266));
#2068=CARTESIAN_POINT('',(0.048333511592264,0.0985681089302718,-0.263742042204023));
#2069=CARTESIAN_POINT('',(0.0766666752699851,0.0966035137371476,-0.262026249120533));
#2070=CARTESIAN_POINT('',(0.085,0.0960256887581389,-0.26152160159522));
#2071=CARTESIAN_POINT('',(0.,0.0965157577076819,-0.262447977225439));
#2072=CARTESIAN_POINT('',(0.0200000495544181,0.09761024319037,-0.263384010314668));
#2073=CARTESIAN_POINT('',(0.0483335115922641,0.0991607674923394,-0.26471005992908));
#2074=CARTESIAN_POINT('',(0.0766666752699851,0.0971168991698235,-0.262962089974414));
#2075=CARTESIAN_POINT('',(0.085,0.096515758448983,-0.262447978616563));
#2076=CARTESIAN_POINT('',(0.,0.0972578131801669,-0.263819487854629));
#2077=CARTESIAN_POINT('',(0.0200000495544181,0.0984154040121491,-0.264779866788594));
#2078=CARTESIAN_POINT('',(0.0483335115922641,0.100055327743542,-0.266140406420929));
#2079=CARTESIAN_POINT('',(0.0766666752699851,0.0978936149801084,-0.264346972469355));
#2080=CARTESIAN_POINT('',(0.085,0.0972578139578288,-0.263819489281445));
#2081=CARTESIAN_POINT('',(0.,0.0975062465620592,-0.264273631591383));
#2082=CARTESIAN_POINT('',(0.0200000495544181,0.0986848221834183,-0.265241879423198));
#2083=CARTESIAN_POINT('',(0.0483335115922641,0.100354474427811,-0.26661356668384));
#2084=CARTESIAN_POINT('',(0.0766666752699851,0.0981535741659759,-0.26480543816892));
#2085=CARTESIAN_POINT('',(0.085,0.0975062473517567,-0.264273633029197));
#2086=CARTESIAN_POINT('',(0.,0.0980052579681462,-0.265174596311743));
#2087=CARTESIAN_POINT('',(0.0200000495544181,0.0992256967438935,-0.266158031089349));
#2088=CARTESIAN_POINT('',(0.0483335115922641,0.100954655246124,-0.267551233234283));
#2089=CARTESIAN_POINT('',(0.076666675269985,0.0986755787272126,-0.265714744261741));
#2090=CARTESIAN_POINT('',(0.085,0.0980052587822649,-0.265174597769617));
#2091=CARTESIAN_POINT('',(0.,0.0982559098984554,-0.265621406993465));
#2092=CARTESIAN_POINT('',(0.0200000495544181,0.0994972048013901,-0.266612161307407));
#2093=CARTESIAN_POINT('',(0.0483335115922641,0.10125570954481,-0.268015732816893));
#2094=CARTESIAN_POINT('',(0.0766666752699851,0.098937685794612,-0.266165575170606));
#2095=CARTESIAN_POINT('',(0.085,0.0982559107248737,-0.2656214084604));
#2096=CARTESIAN_POINT('',(0.,0.0990102864757808,-0.266949081818619));
#2097=CARTESIAN_POINT('',(0.0200000495544181,0.100313612311669,-0.267960961857245));
#2098=CARTESIAN_POINT('',(0.048333511592264,0.102159994391553,-0.269394461538497));
#2099=CARTESIAN_POINT('',(0.0766666752699851,0.0997261325907537,-0.267504853217304));
#2100=CARTESIAN_POINT('',(0.085,0.0990102873372994,-0.26694908330992));
#2101=CARTESIAN_POINT('',(0.,0.0995159938558682,-0.267817404602373));
#2102=CARTESIAN_POINT('',(0.0200000495544182,0.100860199000598,-0.26884220774749));
#2103=CARTESIAN_POINT('',(0.0483335115922641,0.102764493554251,-0.270294015200738));
#2104=CARTESIAN_POINT('',(0.076666675269985,0.100254292752069,-0.268380273964592));
#2105=CARTESIAN_POINT('',(0.085,0.0995159947398863,-0.267817406105872));
#2106=CARTESIAN_POINT('',(0.,0.10053021688445,-0.269508974018852));
#2107=CARTESIAN_POINT('',(0.0200000495544181,0.101954595735543,-0.270556682338442));
#2108=CARTESIAN_POINT('',(0.048333511592264,0.103972469941061,-0.272040938855862));
#2109=CARTESIAN_POINT('',(0.0766666752699851,0.10131255083657,-0.270084423948367));
#2110=CARTESIAN_POINT('',(0.085,0.100530217811376,-0.269508975535732));
#2111=CARTESIAN_POINT('',(0.,0.101038125543761,-0.270332393271018));
#2112=CARTESIAN_POINT('',(0.0200000495544182,0.102501664703634,-0.271390149289705));
#2113=CARTESIAN_POINT('',(0.0483335115922641,0.104575016127804,-0.2728886400769));
#2114=CARTESIAN_POINT('',(0.0766666752699851,0.101841968121929,-0.27091336185218));
#2115=CARTESIAN_POINT('',(0.085,0.101038126489743,-0.270332394789484));
#2116=CARTESIAN_POINT('',(0.,0.101544388867758,-0.271126731584028));
#2117=CARTESIAN_POINT('',(0.0200000495544182,0.103046105278251,-0.272192691767632));
#2118=CARTESIAN_POINT('',(0.0483335115922641,0.105173541252474,-0.273702805145794));
#2119=CARTESIAN_POINT('',(0.0766666752699851,0.102369200131369,-0.271712206259004));
#2120=CARTESIAN_POINT('',(0.085,0.101544389831971,-0.271126733096899));
#2121=CARTESIAN_POINT('',(0.085,0.108310573063352,-0.278939647963834));
#2122=CARTESIAN_POINT('',(0.085,0.108285053662347,-0.278923001550466));
#2123=CARTESIAN_POINT('',(0.085,0.108217411367177,-0.278878878194814));
#2124=CARTESIAN_POINT('',(0.085,0.107961672873215,-0.278738333462689));
#2125=CARTESIAN_POINT('',(0.085,0.107607863392953,-0.278562476606287));
#2126=CARTESIAN_POINT('',(0.085,0.107183498533819,-0.27831629987203));
#2127=CARTESIAN_POINT('',(0.085,0.106729603795046,-0.277959601348659));
#2128=CARTESIAN_POINT('',(0.085,0.106233305042827,-0.277476520979065));
#2129=CARTESIAN_POINT('',(0.085,0.105680175261891,-0.276873717793746));
#2130=CARTESIAN_POINT('',(0.085,0.105075118838812,-0.276153299469266));
#2131=CARTESIAN_POINT('',(0.085,0.10442134356527,-0.275317427424534));
#2132=CARTESIAN_POINT('',(0.085,0.103723450109592,-0.274370488177305));
#2133=CARTESIAN_POINT('',(0.085,0.102985180173045,-0.273318081002504));
#2134=CARTESIAN_POINT('',(0.085,0.10221145342359,-0.272165272120638));
#2135=CARTESIAN_POINT('',(0.085,0.101407397388145,-0.270918818727408));
#2136=CARTESIAN_POINT('',(0.085,0.100577843076994,-0.269586076280068));
#2137=CARTESIAN_POINT('',(0.085,0.0997274024801916,-0.268175083061634));
#2138=CARTESIAN_POINT('',(0.085,0.0988632338887254,-0.26669383061804));
#2139=CARTESIAN_POINT('',(0.085,0.0979891532307094,-0.265151775897319));
#2140=CARTESIAN_POINT('',(0.085,0.0971123836357315,-0.263557508453385));
#2141=CARTESIAN_POINT('',(0.085,0.0962359445350387,-0.261921297056756));
#2142=CARTESIAN_POINT('',(0.085,0.09536625228687,-0.260254301975982));
#2143=CARTESIAN_POINT('',(0.085,0.0945082196650302,-0.258568064616678));
#2144=CARTESIAN_POINT('',(0.085,0.0936656511193421,-0.25687760659521));
#2145=CARTESIAN_POINT('',(0.085,0.0928490174329342,-0.255195844696716));
#2146=CARTESIAN_POINT('',(0.085,0.092067375842557,-0.253536744655974));
#2147=CARTESIAN_POINT('',(0.085,0.091333714556198,-0.251908631947995));
#2148=CARTESIAN_POINT('',(0.085,0.0906585208821407,-0.250319258098606));
#2149=CARTESIAN_POINT('',(0.085,0.0900539555202297,-0.248772311002314));
#2150=CARTESIAN_POINT('',(0.085,0.0895159709956008,-0.247279743960563));
#2151=CARTESIAN_POINT('',(0.085,0.0890750690051381,-0.245838798283487));
#2152=CARTESIAN_POINT('',(0.085,0.0887342320853915,-0.244441081290769));
#2153=CARTESIAN_POINT('',(0.085,0.0884778862721615,-0.243084766660163));
#2154=CARTESIAN_POINT('',(0.085,0.0883069585240001,-0.241771075216397));
#2155=CARTESIAN_POINT('',(0.085,0.0882068133462543,-0.240505139232194));
#2156=CARTESIAN_POINT('',(0.085,0.0881739819661115,-0.239296067609376));
#2157=CARTESIAN_POINT('',(0.085,0.0882016796493792,-0.238151948830216));
#2158=CARTESIAN_POINT('',(0.085,0.0882901173178774,-0.237078488223943));
#2159=CARTESIAN_POINT('',(0.085,0.0884317363538925,-0.23608254361838));
#2160=CARTESIAN_POINT('',(0.085,0.0886232712338424,-0.235170331831839));
#2161=CARTESIAN_POINT('',(0.085,0.0888601044071264,-0.234348460682104));
#2162=CARTESIAN_POINT('',(0.085,0.0891324287142399,-0.233621879903025));
#2163=CARTESIAN_POINT('',(0.085,0.0894466772736666,-0.232999913625214));
#2164=CARTESIAN_POINT('',(0.085,0.0898012409821489,-0.232479356795212));
#2165=CARTESIAN_POINT('',(0.085,0.0901767252606702,-0.232055903200596));
#2166=CARTESIAN_POINT('',(0.085,0.0905623816157434,-0.231724413613275));
#2167=CARTESIAN_POINT('',(0.085,0.0908271226655975,-0.231585406054965));
#2168=CARTESIAN_POINT('',(0.085,0.0909549504565853,-0.231518287528696));
#2169=CARTESIAN_POINT('',(0.085,0.0980703491737917,-0.261313505470752));
#2170=CARTESIAN_POINT('',(0.085,0.115840159999378,-0.290074586308633));
#2171=CARTESIAN_POINT('',(0.085,0.116243059977097,-0.289778492391177));
#2172=CARTESIAN_POINT('',(0.085,0.105531529562236,-0.271453964707314));
#2173=CARTESIAN_POINT('',(0.085,0.105593525992809,-0.271410859959806));
#2174=CARTESIAN_POINT('',(0.085,0.105711380181781,-0.271328918547832));
#2175=CARTESIAN_POINT('',(0.085,0.105897859254322,-0.271270538814611));
#2176=CARTESIAN_POINT('',(0.085,0.106076886405967,-0.271363720891972));
#2177=CARTESIAN_POINT('',(0.085,0.106259285761135,-0.271583564331366));
#2178=CARTESIAN_POINT('',(0.085,0.106489758583001,-0.271892276133391));
#2179=CARTESIAN_POINT('',(0.085,0.106753538076328,-0.272301107530731));
#2180=CARTESIAN_POINT('',(0.085,0.107054435606578,-0.272798001961793));
#2181=CARTESIAN_POINT('',(0.085,0.107387212247988,-0.273379536405425));
#2182=CARTESIAN_POINT('',(0.085,0.107748163773703,-0.274040084059428));
#2183=CARTESIAN_POINT('',(0.085,0.10813279795823,-0.27477433540733));
#2184=CARTESIAN_POINT('',(0.085,0.108525741558613,-0.275593288080629));
#2185=CARTESIAN_POINT('',(0.085,0.108935371137563,-0.276504170360324));
#2186=CARTESIAN_POINT('',(0.085,0.109380768198405,-0.27749588862561));
#2187=CARTESIAN_POINT('',(0.085,0.10986330966046,-0.278560677511147));
#2188=CARTESIAN_POINT('',(0.085,0.11038574548593,-0.279686776668558));
#2189=CARTESIAN_POINT('',(0.085,0.110950150695815,-0.28086305113339));
#2190=CARTESIAN_POINT('',(0.085,0.111556156561881,-0.282076300509899));
#2191=CARTESIAN_POINT('',(0.085,0.112203603658938,-0.283313748876269));
#2192=CARTESIAN_POINT('',(0.085,0.112889196819434,-0.284561333951335));
#2193=CARTESIAN_POINT('',(0.085,0.113611256170887,-0.285804723477354));
#2194=CARTESIAN_POINT('',(0.085,0.114364086391195,-0.287030168045788));
#2195=CARTESIAN_POINT('',(0.085,0.115141774605185,-0.288223228130657));
#2196=CARTESIAN_POINT('',(0.085,0.115937687189957,-0.289369890727459));
#2197=CARTESIAN_POINT('',(0.085,0.116743224169563,-0.290457133019681));
#2198=CARTESIAN_POINT('',(0.085,0.117548766313187,-0.291472643424039));
#2199=CARTESIAN_POINT('',(0.085,0.118344824193065,-0.292404478103301));
#2200=CARTESIAN_POINT('',(0.085,0.119118798532212,-0.293242702424484));
#2201=CARTESIAN_POINT('',(0.085,0.119859787364152,-0.293978654618998));
#2202=CARTESIAN_POINT('',(0.085,0.120553798415058,-0.294604723289649));
#2203=CARTESIAN_POINT('',(0.085,0.121187864955431,-0.295115251084606));
#2204=CARTESIAN_POINT('',(0.085,0.121747561251116,-0.295498745288419));
#2205=CARTESIAN_POINT('',(0.085,0.122206949755838,-0.295749605563065));
#2206=CARTESIAN_POINT('',(0.085,0.122524194128194,-0.295891717677211));
#2207=CARTESIAN_POINT('',(0.085,0.122717620255316,-0.295971461530122));
#2208=CARTESIAN_POINT('',(0.085,0.122764727004591,-0.295989990278182));
#2209=CARTESIAN_POINT('',(0.085,0.122781705007278,-0.295996668326216));
#2210=CARTESIAN_POINT('',(0.085,0.105531529562236,-0.271453964707314));
#2211=CARTESIAN_POINT('',(0.085,0.122781705007278,-0.295996668326216));
#2212=CARTESIAN_POINT('',(0.085,0.122764502082141,-0.295991040032995));
#2213=CARTESIAN_POINT('',(0.085,0.122718903623944,-0.295976121553082));
#2214=CARTESIAN_POINT('',(0.085,0.122550547147039,-0.295934795338999));
#2215=CARTESIAN_POINT('',(0.085,0.122320486462948,-0.295888285211772));
#2216=CARTESIAN_POINT('',(0.085,0.122039127925625,-0.295812272484346));
#2217=CARTESIAN_POINT('',(0.085,0.121723831477028,-0.295677380773619));
#2218=CARTESIAN_POINT('',(0.085,0.121364771170717,-0.295476488752215));
#2219=CARTESIAN_POINT('',(0.085,0.120954692387249,-0.295215635696879));
#2220=CARTESIAN_POINT('',(0.085,0.120496733412062,-0.294895276960428));
#2221=CARTESIAN_POINT('',(0.085,0.119993067258152,-0.29451615959203));
#2222=CARTESIAN_POINT('',(0.085,0.11944700831286,-0.294080093280915));
#2223=CARTESIAN_POINT('',(0.085,0.118861564539479,-0.293589715686912));
#2224=CARTESIAN_POINT('',(0.085,0.118240337879808,-0.293047177477026));
#2225=CARTESIAN_POINT('',(0.085,0.117587309542726,-0.292455567670007));
#2226=CARTESIAN_POINT('',(0.085,0.116906382575773,-0.291818364168023));
#2227=CARTESIAN_POINT('',(0.085,0.116201439336001,-0.291139470365713));
#2228=CARTESIAN_POINT('',(0.085,0.115477816106037,-0.290422371335493));
#2229=CARTESIAN_POINT('',(0.085,0.114739156574067,-0.289671906924179));
#2230=CARTESIAN_POINT('',(0.085,0.113990926174282,-0.288891895382341));
#2231=CARTESIAN_POINT('',(0.085,0.11323643637203,-0.28808776485909));
#2232=CARTESIAN_POINT('',(0.085,0.1124810849195,-0.287264932769814));
#2233=CARTESIAN_POINT('',(0.085,0.11172946538739,-0.286429266414911));
#2234=CARTESIAN_POINT('',(0.085,0.110986070466835,-0.28558880050911));
#2235=CARTESIAN_POINT('',(0.085,0.110258894480512,-0.284749337003857));
#2236=CARTESIAN_POINT('',(0.085,0.109555281913786,-0.283917497094323));
#2237=CARTESIAN_POINT('',(0.085,0.108883965699544,-0.283096061094809));
#2238=CARTESIAN_POINT('',(0.085,0.10825215546418,-0.282287864500684));
#2239=CARTESIAN_POINT('',(0.085,0.10766739625604,-0.28149315373482));
#2240=CARTESIAN_POINT('',(0.085,0.107129203430507,-0.280719410123641));
#2241=CARTESIAN_POINT('',(0.085,0.106654655230328,-0.279960360928624));
#2242=CARTESIAN_POINT('',(0.085,0.106244172679408,-0.279210731707829));
#2243=CARTESIAN_POINT('',(0.085,0.105888538363163,-0.278471869043464));
#2244=CARTESIAN_POINT('',(0.085,0.105588471893017,-0.277744330942427));
#2245=CARTESIAN_POINT('',(0.085,0.105336364275499,-0.277033312655915));
#2246=CARTESIAN_POINT('',(0.085,0.105131625597754,-0.276344574366892));
#2247=CARTESIAN_POINT('',(0.085,0.104971606297372,-0.275683800565862));
#2248=CARTESIAN_POINT('',(0.085,0.1048573046215,-0.275054232639516));
#2249=CARTESIAN_POINT('',(0.085,0.104785437722051,-0.274460967895118));
#2250=CARTESIAN_POINT('',(0.085,0.104755087645014,-0.273908075737654));
#2251=CARTESIAN_POINT('',(0.085,0.104764620737544,-0.273400057813791));
#2252=CARTESIAN_POINT('',(0.085,0.104809170522456,-0.272941262255461));
#2253=CARTESIAN_POINT('',(0.085,0.104893862055911,-0.272536050293346));
#2254=CARTESIAN_POINT('',(0.085,0.105017279217154,-0.272182830218133));
#2255=CARTESIAN_POINT('',(0.085,0.105167630963878,-0.271882113042475));
#2256=CARTESIAN_POINT('',(0.085,0.105337959448028,-0.271632602410932));
#2257=CARTESIAN_POINT('',(0.085,0.105468499495847,-0.271512132500233));
#2258=CARTESIAN_POINT('',(0.085,0.105531529562236,-0.271453964707314));
#2259=CARTESIAN_POINT('',(0.085,0.115486033973622,-0.290427566972901));
#2260=CARTESIAN_POINT('',(0.085,0.115840159999378,-0.290074586308633));
#2261=CARTESIAN_POINT('',(0.,0.115486034392528,-0.290427566555351));
#2262=CARTESIAN_POINT('',(0.0200418153456215,0.118718842671366,-0.290979818618388));
#2263=CARTESIAN_POINT('',(0.0484842383206535,0.123306695561847,-0.291763549358087));
#2264=CARTESIAN_POINT('',(0.0766740132088845,0.117269229336271,-0.290732185017548));
#2265=CARTESIAN_POINT('',(0.085,0.115486034392528,-0.290427566555351));
#2266=CARTESIAN_POINT('',(0.,0.115530046976943,-0.290471721953026));
#2267=CARTESIAN_POINT('',(0.0200418153456215,0.118766792867153,-0.291019498676356));
#2268=CARTESIAN_POINT('',(0.0484842383206535,0.123360233834674,-0.291796878219684));
#2269=CARTESIAN_POINT('',(0.0766740132088845,0.117315413880198,-0.29077387184844));
#2270=CARTESIAN_POINT('',(0.085,0.115530046976943,-0.290471721953026));
#2271=CARTESIAN_POINT('',(0.,0.115581885629855,-0.290507085683308));
#2272=CARTESIAN_POINT('',(0.0200418153456215,0.118821681383118,-0.291049695363867));
#2273=CARTESIAN_POINT('',(0.0484842383206535,0.123419450576074,-0.291819742077633));
#2274=CARTESIAN_POINT('',(0.0766740132088845,0.117368934816717,-0.290806385473256));
#2275=CARTESIAN_POINT('',(0.085,0.115581885629855,-0.290507085683308));
#2276=CARTESIAN_POINT('',(0.,0.115694070074663,-0.290556684942674));
#2277=CARTESIAN_POINT('',(0.0200418153456215,0.118937896524376,-0.291088281000437));
#2278=CARTESIAN_POINT('',(0.0484842383206535,0.123541385896434,-0.291842697687051));
#2279=CARTESIAN_POINT('',(0.0766740132088845,0.117483342566129,-0.290849909693588));
#2280=CARTESIAN_POINT('',(0.085,0.115694070074663,-0.290556684942674));
#2281=CARTESIAN_POINT('',(0.,0.115754382310997,-0.290570910931625));
#2282=CARTESIAN_POINT('',(0.0200418153456215,0.118999188893733,-0.291096663670549));
#2283=CARTESIAN_POINT('',(0.0484842383206535,0.123604069225521,-0.291842787787696));
#2284=CARTESIAN_POINT('',(0.0766740132088845,0.117544195437138,-0.29086091254782));
#2285=CARTESIAN_POINT('',(0.085,0.115754382310997,-0.290570910931625));
#2286=CARTESIAN_POINT('',(0.,0.115875818040173,-0.290577004906357));
#2287=CARTESIAN_POINT('',(0.0200418153456215,0.119120446650838,-0.291091133421287));
#2288=CARTESIAN_POINT('',(0.0484842383206535,0.123725074412842,-0.291820760974131));
#2289=CARTESIAN_POINT('',(0.0766740132088845,0.117665532998136,-0.290860594680071));
#2290=CARTESIAN_POINT('',(0.085,0.115875818040173,-0.290577004906357));
#2291=CARTESIAN_POINT('',(0.,0.11593692573345,-0.290568876747188));
#2292=CARTESIAN_POINT('',(0.0200418153456215,0.119180396705646,-0.291077225840286));
#2293=CARTESIAN_POINT('',(0.0484842383206535,0.123783381600355,-0.291798651503356));
#2294=CARTESIAN_POINT('',(0.0766740132088845,0.117726002145948,-0.290849278631333));
#2295=CARTESIAN_POINT('',(0.085,0.11593692573345,-0.290568876747188));
#2296=CARTESIAN_POINT('',(0.,0.116052417506965,-0.290531350356485));
#2297=CARTESIAN_POINT('',(0.0200418153456215,0.119291585882524,-0.291028915113937));
#2298=CARTESIAN_POINT('',(0.0484842383206535,0.123888464729886,-0.291735036143636));
#2299=CARTESIAN_POINT('',(0.0766740132088845,0.117839120636575,-0.290805803674821));
#2300=CARTESIAN_POINT('',(0.085,0.116052417506965,-0.290531350356485));
#2301=CARTESIAN_POINT('',(0.,0.116106786144734,-0.290501954711812));
#2302=CARTESIAN_POINT('',(0.0200418153456215,0.119342809905519,-0.290994516012621));
#2303=CARTESIAN_POINT('',(0.0484842383206535,0.123935226060158,-0.291693536366674));
#2304=CARTESIAN_POINT('',(0.0766740132088845,0.117891754726335,-0.290773648157673));
#2305=CARTESIAN_POINT('',(0.085,0.116106786144734,-0.290501954711812));
#2306=CARTESIAN_POINT('',(0.,0.116201852893102,-0.290425173678703));
#2307=CARTESIAN_POINT('',(0.0200418153456215,0.119429956521418,-0.290909144861507));
#2308=CARTESIAN_POINT('',(0.0484842383206535,0.124011132788161,-0.291595974514993));
#2309=CARTESIAN_POINT('',(0.0766740132088845,0.117982452783783,-0.290692128874204));
#2310=CARTESIAN_POINT('',(0.085,0.116201852893102,-0.290425173678703));
#2311=CARTESIAN_POINT('',(0.,0.116242532631979,-0.290377791003844));
#2312=CARTESIAN_POINT('',(0.0200418153456215,0.119465861116394,-0.290858177261135));
#2313=CARTESIAN_POINT('',(0.0484842383206535,0.124040260718436,-0.291539919353137));
#2314=CARTESIAN_POINT('',(0.0766740132088845,0.118020498585932,-0.290642768778942));
#2315=CARTESIAN_POINT('',(0.085,0.116242532631979,-0.290377791003844));
#2316=CARTESIAN_POINT('',(0.,0.116304357657404,-0.290270436651873));
#2317=CARTESIAN_POINT('',(0.0200418153456215,0.119517056902184,-0.290745595553284));
#2318=CARTESIAN_POINT('',(0.0484842383206535,0.124076371975984,-0.291419919222136));
#2319=CARTESIAN_POINT('',(0.0766740132088845,0.118076460595447,-0.290532531053207));
#2320=CARTESIAN_POINT('',(0.085,0.116304357657404,-0.290270436651873));
#2321=CARTESIAN_POINT('',(0.,0.116325479425315,-0.290210471283005));
#2322=CARTESIAN_POINT('',(0.0200418153456215,0.119532325323293,-0.290683989958482));
#2323=CARTESIAN_POINT('',(0.0484842383206535,0.124083333596402,-0.291355985894093));
#2324=CARTESIAN_POINT('',(0.0766740132088845,0.118094353697282,-0.290471660946928));
#2325=CARTESIAN_POINT('',(0.085,0.116325479425315,-0.290210471283005));
#2326=CARTESIAN_POINT('',(0.,0.116344028783621,-0.290085352910597));
#2327=CARTESIAN_POINT('',(0.0200418153456215,0.119538821208031,-0.290557884222127));
#2328=CARTESIAN_POINT('',(0.0484842383206535,0.124072723745574,-0.291228478936216));
#2329=CARTESIAN_POINT('',(0.0766740132088845,0.118106254441977,-0.290345997951318));
#2330=CARTESIAN_POINT('',(0.085,0.116344028783621,-0.290085352910597));
#2331=CARTESIAN_POINT('',(0.,0.116341427552559,-0.290020215144408));
#2332=CARTESIAN_POINT('',(0.0200418153456215,0.119530021484201,-0.290493401972462));
#2333=CARTESIAN_POINT('',(0.0484842383206535,0.124055127405765,-0.291164926965465));
#2334=CARTESIAN_POINT('',(0.0766740132088845,0.118100234164684,-0.290281221763561));
#2335=CARTESIAN_POINT('',(0.085,0.116341427552559,-0.290020215144408));
#2336=CARTESIAN_POINT('',(0.,0.116310862622037,-0.28989385328898));
#2337=CARTESIAN_POINT('',(0.0200418153456215,0.119487591570408,-0.290370746494998));
#2338=CARTESIAN_POINT('',(0.0484842383206535,0.123995859253172,-0.291047531409217));
#2339=CARTESIAN_POINT('',(0.0766740132088845,0.118063124590512,-0.290156904320877));
#2340=CARTESIAN_POINT('',(0.085,0.116310862622037,-0.289893853288979));
#2341=CARTESIAN_POINT('',(0.,0.116282868069659,-0.289832659932829));
#2342=CARTESIAN_POINT('',(0.0200418153456215,0.119453933652654,-0.290312606751757));
#2343=CARTESIAN_POINT('',(0.0484842383206535,0.123954164147632,-0.290993725213037));
#2344=CARTESIAN_POINT('',(0.0766740132088845,0.118032006164513,-0.29009739531673));
#2345=CARTESIAN_POINT('',(0.085,0.116282868069659,-0.289832659932828));
#2346=CARTESIAN_POINT('',(0.,0.115666186408162,-0.288993530815244));
#2347=CARTESIAN_POINT('',(0.0200418153456215,0.118761047452391,-0.289537562336657));
#2348=CARTESIAN_POINT('',(0.0484842383206535,0.123153131969233,-0.290309626861597));
#2349=CARTESIAN_POINT('',(0.0766740132088845,0.117373290600446,-0.289293614882885));
#2350=CARTESIAN_POINT('',(0.085,0.115666186408161,-0.288993530815244));
#2351=CARTESIAN_POINT('',(0.,0.11509398543306,-0.28815849955886));
#2352=CARTESIAN_POINT('',(0.0200418153456215,0.118112754738416,-0.288762346235805));
#2353=CARTESIAN_POINT('',(0.0484842383206535,0.122396853357544,-0.289619297679653));
#2354=CARTESIAN_POINT('',(0.0766740132088845,0.116759117942425,-0.288491577257334));
#2355=CARTESIAN_POINT('',(0.085,0.11509398543306,-0.288158499558859));
#2356=CARTESIAN_POINT('',(0.,0.113977320677913,-0.286416707766085));
#2357=CARTESIAN_POINT('',(0.0200418153456215,0.116836889382889,-0.287137986840116));
#2358=CARTESIAN_POINT('',(0.0484842383206535,0.120895057828737,-0.288161592943299));
#2359=CARTESIAN_POINT('',(0.0766740132088846,0.115554639224571,-0.286814560371902));
#2360=CARTESIAN_POINT('',(0.085,0.113977320677913,-0.286416707766085));
#2361=CARTESIAN_POINT('',(0.,0.11343240869175,-0.28551014630515));
#2362=CARTESIAN_POINT('',(0.0200418153456215,0.116208890331294,-0.286289084138211));
#2363=CARTESIAN_POINT('',(0.0484842383206535,0.120149145433564,-0.287394516901515));
#2364=CARTESIAN_POINT('',(0.0766740132088845,0.114963896981186,-0.285939803088231));
#2365=CARTESIAN_POINT('',(0.085,0.11343240869175,-0.28551014630515));
#2366=CARTESIAN_POINT('',(0.,0.112646739540085,-0.284121282119497));
#2367=CARTESIAN_POINT('',(0.0200418153456215,0.115295623374082,-0.284983865166944));
#2368=CARTESIAN_POINT('',(0.0484842383206535,0.119054797536654,-0.286208003373162));
#2369=CARTESIAN_POINT('',(0.0766740132088845,0.114107845752373,-0.284597077030947));
#2370=CARTESIAN_POINT('',(0.085,0.112646739540085,-0.284121282119497));
#2371=CARTESIAN_POINT('',(0.,0.112390178515688,-0.283653478196135));
#2372=CARTESIAN_POINT('',(0.0200418153456215,0.114996033766901,-0.284543464890194));
#2373=CARTESIAN_POINT('',(0.0484842383206535,0.118694143742896,-0.285806493091883));
#2374=CARTESIAN_POINT('',(0.0766740132088845,0.1138275504559,-0.284144388771697));
#2375=CARTESIAN_POINT('',(0.085,0.112390178515688,-0.283653478196135));
#2376=CARTESIAN_POINT('',(0.,0.111888200921704,-0.282712814957183));
#2377=CARTESIAN_POINT('',(0.0200418153456215,0.114407446985294,-0.283656577258017));
#2378=CARTESIAN_POINT('',(0.0484842383206535,0.117982645183817,-0.284995921328665));
#2379=CARTESIAN_POINT('',(0.0766740132088845,0.113277799826175,-0.283233387789776));
#2380=CARTESIAN_POINT('',(0.085,0.111888200921704,-0.282712814957183));
#2381=CARTESIAN_POINT('',(0.,0.111642848116202,-0.282239969577648));
#2382=CARTESIAN_POINT('',(0.0200418153456215,0.114118514504417,-0.283210097667767));
#2383=CARTESIAN_POINT('',(0.0484842383206534,0.117631866431095,-0.284586858854479));
#2384=CARTESIAN_POINT('',(0.0766740132088846,0.113008408769693,-0.282775085599345));
#2385=CARTESIAN_POINT('',(0.085,0.111642848116202,-0.282239969577648));
#2386=CARTESIAN_POINT('',(0.,0.110925741695517,-0.280821442776846));
#2387=CARTESIAN_POINT('',(0.0200418153456215,0.113270551437505,-0.28186885996103));
#2388=CARTESIAN_POINT('',(0.0484842383206535,0.116598197627608,-0.283355306276901));
#2389=CARTESIAN_POINT('',(0.0766740132088845,0.112219122717622,-0.281399190934401));
#2390=CARTESIAN_POINT('',(0.085,0.110925741695517,-0.280821442776846));
#2391=CARTESIAN_POINT('',(0.,0.110472656716272,-0.279875081047345));
#2392=CARTESIAN_POINT('',(0.0200418153456215,0.112730007840438,-0.280971644609738));
#2393=CARTESIAN_POINT('',(0.0484842383206535,0.115933536780781,-0.282527837206204));
#2394=CARTESIAN_POINT('',(0.0766740132088845,0.111717796162745,-0.280479938011103));
#2395=CARTESIAN_POINT('',(0.085,0.110472656716271,-0.279875081047345));
#2396=CARTESIAN_POINT('',(0.,0.109831338039899,-0.278489108097482));
#2397=CARTESIAN_POINT('',(0.0200418153456215,0.111960464552282,-0.27965552626302));
#2398=CARTESIAN_POINT('',(0.0484842383206535,0.11498202301833,-0.281310853300912));
#2399=CARTESIAN_POINT('',(0.0766740132088845,0.11100574966719,-0.279132496382736));
#2400=CARTESIAN_POINT('',(0.085,0.109831338039899,-0.278489108097481));
#2401=CARTESIAN_POINT('',(0.,0.109623808529344,-0.278032615172383));
#2402=CARTESIAN_POINT('',(0.0200418153456215,0.11171067903145,-0.279221688143498));
#2403=CARTESIAN_POINT('',(0.0484842383206535,0.114672269710309,-0.280909165839972));
#2404=CARTESIAN_POINT('',(0.0766740132088845,0.110774912030273,-0.278688499693501));
#2405=CARTESIAN_POINT('',(0.085,0.109623808529344,-0.278032615172383));
#2406=CARTESIAN_POINT('',(0.,0.109219832772243,-0.277137978503468));
#2407=CARTESIAN_POINT('',(0.0200418153456215,0.111223872636225,-0.278371188887474));
#2408=CARTESIAN_POINT('',(0.0484842383206535,0.114067913881352,-0.280121304371237));
#2409=CARTESIAN_POINT('',(0.0766740132088845,0.1103252474595,-0.277818208919767));
#2410=CARTESIAN_POINT('',(0.085,0.109219832772243,-0.277137978503468));
#2411=CARTESIAN_POINT('',(0.,0.109023530922285,-0.276699813019598));
#2412=CARTESIAN_POINT('',(0.0200418153456215,0.110986993178223,-0.277954492372716));
#2413=CARTESIAN_POINT('',(0.0484842383206535,0.113773448547453,-0.27973507563047));
#2414=CARTESIAN_POINT('',(0.0766740132088845,0.110106563278375,-0.277391885572476));
#2415=CARTESIAN_POINT('',(0.085,0.109023530922284,-0.276699813019598));
#2416=CARTESIAN_POINT('',(0.,0.108736329483191,-0.276062102791122));
#2417=CARTESIAN_POINT('',(0.0200418153456215,0.110640744101924,-0.27734817156839));
#2418=CARTESIAN_POINT('',(0.0484842383206535,0.113343401778972,-0.279173301253862));
#2419=CARTESIAN_POINT('',(0.0766740132088845,0.109786791566311,-0.27677148953575));
#2420=CARTESIAN_POINT('',(0.085,0.108736329483191,-0.276062102791122));
#2421=CARTESIAN_POINT('',(0.,0.108641572671708,-0.275852907441673));
#2422=CARTESIAN_POINT('',(0.0200418153456215,0.11052662061858,-0.277149325040251));
#2423=CARTESIAN_POINT('',(0.0484842383206535,0.11320179400525,-0.278989141297168));
#2424=CARTESIAN_POINT('',(0.0766740132088845,0.10968135223104,-0.276568002525379));
#2425=CARTESIAN_POINT('',(0.085,0.108641572671708,-0.275852907441673));
#2426=CARTESIAN_POINT('',(0.,0.108451995313679,-0.275443149323869));
#2427=CARTESIAN_POINT('',(0.0200418153456215,0.110299133949321,-0.276760216661444));
#2428=CARTESIAN_POINT('',(0.0484842383206535,0.112920508184261,-0.278629338078635));
#2429=CARTESIAN_POINT('',(0.0766740132088845,0.109470864356124,-0.276169634662423));
#2430=CARTESIAN_POINT('',(0.085,0.108451995313679,-0.275443149323869));
#2431=CARTESIAN_POINT('',(0.,0.108357138367965,-0.275242656904301));
#2432=CARTESIAN_POINT('',(0.0200418153456215,0.11018574130327,-0.276570028193913));
#2433=CARTESIAN_POINT('',(0.0484842383206535,0.112780810524418,-0.278453772506141));
#2434=CARTESIAN_POINT('',(0.0766740132088845,0.109365783244834,-0.275974825832351));
#2435=CARTESIAN_POINT('',(0.085,0.108357138367965,-0.275242656904301));
#2436=CARTESIAN_POINT('',(0.,0.108166155853148,-0.274850593205447));
#2437=CARTESIAN_POINT('',(0.0200418153456215,0.109958546483655,-0.276198637654098));
#2438=CARTESIAN_POINT('',(0.0484842383206535,0.112502224866587,-0.278111720363248));
#2439=CARTESIAN_POINT('',(0.0766740132088845,0.109154826270276,-0.275594165306679));
#2440=CARTESIAN_POINT('',(0.085,0.108166155853148,-0.274850593205446));
#2441=CARTESIAN_POINT('',(0.,0.108069818096514,-0.274659067467803));
#2442=CARTESIAN_POINT('',(0.0200418153456215,0.109844537795276,-0.276017501082751));
#2443=CARTESIAN_POINT('',(0.0484842383206535,0.112363138404244,-0.277945327619097));
#2444=CARTESIAN_POINT('',(0.0766740132088845,0.109048741348508,-0.275408370162133));
#2445=CARTESIAN_POINT('',(0.085,0.108069818096514,-0.274659067467803));
#2446=CARTESIAN_POINT('',(0.,0.107876119721258,-0.274284678044387));
#2447=CARTESIAN_POINT('',(0.0200418153456215,0.109616330388297,-0.27566393342145));
#2448=CARTESIAN_POINT('',(0.0484842383206535,0.112085957365896,-0.277621309245371));
#2449=CARTESIAN_POINT('',(0.0766740132088845,0.108836008027293,-0.275045465880341));
#2450=CARTESIAN_POINT('',(0.085,0.107876119721258,-0.274284678044387));
#2451=CARTESIAN_POINT('',(0.,0.107778981054527,-0.274101728168484));
#2452=CARTESIAN_POINT('',(0.0200418153456215,0.109502344010988,-0.275491395504239));
#2453=CARTESIAN_POINT('',(0.0484842383206535,0.111948061492257,-0.277463547501276));
#2454=CARTESIAN_POINT('',(0.0766740132088845,0.108729576278596,-0.274868259169665));
#2455=CARTESIAN_POINT('',(0.085,0.107778981054527,-0.274101728168484));
#2456=CARTESIAN_POINT('',(0.,0.107489716805501,-0.273564882389919));
#2457=CARTESIAN_POINT('',(0.0200418153456215,0.109163668452943,-0.274985505242568));
#2458=CARTESIAN_POINT('',(0.0484842383206535,0.111539263675993,-0.277001587886092));
#2459=CARTESIAN_POINT('',(0.0766740132088845,0.108413057089343,-0.274348488242574));
#2460=CARTESIAN_POINT('',(0.085,0.107489716805501,-0.273564882389919));
#2461=CARTESIAN_POINT('',(0.,0.107299415429776,-0.273223403817206));
#2462=CARTESIAN_POINT('',(0.0200418153456215,0.108941976800745,-0.274664318532182));
#2463=CARTESIAN_POINT('',(0.0484842383206535,0.1112730243865,-0.276709198453861));
#2464=CARTESIAN_POINT('',(0.0766740132088845,0.108205441051733,-0.274018202522384));
#2465=CARTESIAN_POINT('',(0.085,0.107299415429776,-0.273223403817206));
#2466=CARTESIAN_POINT('',(0.,0.107021209078745,-0.272745498850433));
#2467=CARTESIAN_POINT('',(0.0200418153456215,0.108619913498919,-0.274215945483706));
#2468=CARTESIAN_POINT('',(0.0484842383206535,0.1108887213163,-0.276302735746189));
#2469=CARTESIAN_POINT('',(0.0766740132088845,0.107903043506495,-0.273556587159833));
#2470=CARTESIAN_POINT('',(0.085,0.107021209078745,-0.272745498850433));
#2471=CARTESIAN_POINT('',(0.,0.106929620826387,-0.272591933864574));
#2472=CARTESIAN_POINT('',(0.0200418153456215,0.108514246421453,-0.274072079144505));
#2473=CARTESIAN_POINT('',(0.0484842383206535,0.110763074217473,-0.27617263328046));
#2474=CARTESIAN_POINT('',(0.0766740132088845,0.107803689470465,-0.27340837188116));
#2475=CARTESIAN_POINT('',(0.085,0.106929620826387,-0.272591933864574));
#2476=CARTESIAN_POINT('',(0.,0.106749720890999,-0.272298393043513));
#2477=CARTESIAN_POINT('',(0.0200418153456215,0.108307464879069,-0.273797538025708));
#2478=CARTESIAN_POINT('',(0.0484842383206535,0.110518143534244,-0.275925055665662));
#2479=CARTESIAN_POINT('',(0.0766740132088845,0.107608961824449,-0.273125311165966));
#2480=CARTESIAN_POINT('',(0.085,0.106749720890999,-0.272298393043513));
#2481=CARTESIAN_POINT('',(0.,0.106661639143042,-0.272158073717773));
#2482=CARTESIAN_POINT('',(0.0200418153456215,0.108206546139327,-0.273666499965494));
#2483=CARTESIAN_POINT('',(0.0484842383206535,0.110399007125903,-0.275807189150803));
#2484=CARTESIAN_POINT('',(0.0766740132088845,0.10751379927959,-0.272990111322833));
#2485=CARTESIAN_POINT('',(0.085,0.106661639143042,-0.272158073717773));
#2486=CARTESIAN_POINT('',(0.,0.106531505783145,-0.271961453634344));
#2487=CARTESIAN_POINT('',(0.0200418153456215,0.108058467124457,-0.273483525320173));
#2488=CARTESIAN_POINT('',(0.0484842383206535,0.110225460462493,-0.275643579483936));
#2489=CARTESIAN_POINT('',(0.0766740132088845,0.107373767219105,-0.272801017969771));
#2490=CARTESIAN_POINT('',(0.085,0.106531505783145,-0.271961453634344));
#2491=CARTESIAN_POINT('',(0.,0.106488402084127,-0.271898286818692));
#2492=CARTESIAN_POINT('',(0.0200418153456215,0.10800960625375,-0.27342486599267));
#2493=CARTESIAN_POINT('',(0.0484842383206535,0.110168429278395,-0.275591316976392));
#2494=CARTESIAN_POINT('',(0.0766740132088845,0.107327487903546,-0.272740337453764));
#2495=CARTESIAN_POINT('',(0.085,0.106488402084127,-0.271898286818692));
#2496=CARTESIAN_POINT('',(0.,0.106402702554078,-0.271777429744534));
#2497=CARTESIAN_POINT('',(0.0200418153456215,0.107912911718802,-0.273312941194061));
#2498=CARTESIAN_POINT('',(0.0484842383206535,0.110056131137956,-0.275492068452613));
#2499=CARTESIAN_POINT('',(0.0766740132088845,0.107235723603968,-0.272624407361728));
#2500=CARTESIAN_POINT('',(0.085,0.106402702554078,-0.271777429744534));
#2501=CARTESIAN_POINT('',(0.,0.106360183085269,-0.271719692885243));
#2502=CARTESIAN_POINT('',(0.0200418153456215,0.107865149493056,-0.273259622127958));
#2503=CARTESIAN_POINT('',(0.0484842383206535,0.110000928632585,-0.275445018915505));
#2504=CARTESIAN_POINT('',(0.0766740132088845,0.107190312266277,-0.272569107326955));
#2505=CARTESIAN_POINT('',(0.085,0.106360183085269,-0.271719692885243));
#2506=CARTESIAN_POINT('',(0.,0.106297508717685,-0.271637275542967));
#2507=CARTESIAN_POINT('',(0.0200418153456215,0.107795003650361,-0.273183699876263));
#2508=CARTESIAN_POINT('',(0.0484842383206535,0.109920179615893,-0.275378314197769));
#2509=CARTESIAN_POINT('',(0.0766740132088845,0.107123516684105,-0.272490272632236));
#2510=CARTESIAN_POINT('',(0.085,0.106297508717685,-0.271637275542967));
#2511=CARTESIAN_POINT('',(0.,0.106276801338934,-0.271610501053255));
#2512=CARTESIAN_POINT('',(0.0200418153456215,0.107771871220492,-0.273159068489684));
#2513=CARTESIAN_POINT('',(0.0484842383206535,0.109893605664962,-0.275356724204633));
#2514=CARTESIAN_POINT('',(0.0766740132088845,0.107101471663738,-0.27246468026356));
#2515=CARTESIAN_POINT('',(0.085,0.106276801338934,-0.271610501053255));
#2516=CARTESIAN_POINT('',(0.,0.106235855520251,-0.271558372651147));
#2517=CARTESIAN_POINT('',(0.0200418153456215,0.107726207903531,-0.273111172669709));
#2518=CARTESIAN_POINT('',(0.0484842383206535,0.109841247491317,-0.27531483507064));
#2519=CARTESIAN_POINT('',(0.0766740132088845,0.107057923705258,-0.272414886524818));
#2520=CARTESIAN_POINT('',(0.085,0.106235855520252,-0.271558372651147));
#2521=CARTESIAN_POINT('',(0.,0.106215636140577,-0.271532985007522));
#2522=CARTESIAN_POINT('',(0.0200418153456215,0.107703692739541,-0.273087872896719));
#2523=CARTESIAN_POINT('',(0.0484842383206535,0.109815474255768,-0.275294498307674));
#2524=CARTESIAN_POINT('',(0.0766740132088845,0.107036437986652,-0.272390650536362));
#2525=CARTESIAN_POINT('',(0.085,0.106215636140577,-0.271532985007522));
#2526=CARTESIAN_POINT('',(0.,0.106155120993028,-0.271460247430416));
#2527=CARTESIAN_POINT('',(0.0200418153456215,0.107636616157114,-0.273021363866306));
#2528=CARTESIAN_POINT('',(0.0484842383206535,0.109739085986604,-0.275236828544385));
#2529=CARTESIAN_POINT('',(0.0766740132088845,0.106972303596485,-0.272321348583026));
#2530=CARTESIAN_POINT('',(0.085,0.106155120993028,-0.271460247430416));
#2531=CARTESIAN_POINT('',(0.,0.106114959679079,-0.271416338648067));
#2532=CARTESIAN_POINT('',(0.0200418153456215,0.107592516670997,-0.272981561411268));
#2533=CARTESIAN_POINT('',(0.0484842383206535,0.109689397627592,-0.275202853600292));
#2534=CARTESIAN_POINT('',(0.0766740132088845,0.106929970013694,-0.272279704822746));
#2535=CARTESIAN_POINT('',(0.085,0.106114959679079,-0.271416338648067));
#2536=CARTESIAN_POINT('',(0.,0.10603164251732,-0.271345229531416));
#2537=CARTESIAN_POINT('',(0.0200418153456215,0.107502936035383,-0.272918846170841));
#2538=CARTESIAN_POINT('',(0.0484842383206535,0.10959092815783,-0.27515205056312));
#2539=CARTESIAN_POINT('',(0.0766740132088845,0.10684319796258,-0.272213225710831));
#2540=CARTESIAN_POINT('',(0.085,0.10603164251732,-0.271345229531416));
#2541=CARTESIAN_POINT('',(0.,0.105988343543789,-0.271317919421396));
#2542=CARTESIAN_POINT('',(0.0200418153456215,0.107457302180467,-0.272895837951114));
#2543=CARTESIAN_POINT('',(0.0484842383206535,0.109541980746592,-0.27513514738833));
#2544=CARTESIAN_POINT('',(0.0766740132088845,0.106798611084441,-0.272188288494084));
#2545=CARTESIAN_POINT('',(0.085,0.105988343543789,-0.271317919421396));
#2546=CARTESIAN_POINT('',(0.,0.105921052475386,-0.271296916861562));
#2547=CARTESIAN_POINT('',(0.0200418153456215,0.107388428058162,-0.272881386901613));
#2548=CARTESIAN_POINT('',(0.0484842383206535,0.109470860026964,-0.275129993941104));
#2549=CARTESIAN_POINT('',(0.0766740132088845,0.106730446814328,-0.272170899702557));
#2550=CARTESIAN_POINT('',(0.085,0.105921052475386,-0.271296916861562));
#2551=CARTESIAN_POINT('',(0.,0.105898220147941,-0.271293336895567));
#2552=CARTESIAN_POINT('',(0.0200418153456215,0.107365396944447,-0.272880007731961));
#2553=CARTESIAN_POINT('',(0.0484842383206535,0.109447546804913,-0.275131738040451));
#2554=CARTESIAN_POINT('',(0.0766740132088845,0.106707504837736,-0.272168533680778));
#2555=CARTESIAN_POINT('',(0.085,0.105898220147941,-0.271293336895567));
#2556=CARTESIAN_POINT('',(0.,0.105851889165614,-0.271293657293248));
#2557=CARTESIAN_POINT('',(0.0200418153456215,0.107319386249867,-0.272884746523085));
#2558=CARTESIAN_POINT('',(0.0484842383206535,0.10940199064798,-0.275142747212425));
#2559=CARTESIAN_POINT('',(0.0766740132088845,0.106661350523941,-0.272171291234073));
#2560=CARTESIAN_POINT('',(0.085,0.105851889165614,-0.271293657293248));
#2561=CARTESIAN_POINT('',(0.,0.105828428742477,-0.271297331647127));
#2562=CARTESIAN_POINT('',(0.0200418153456215,0.107296423098212,-0.272890636239754));
#2563=CARTESIAN_POINT('',(0.0484842383206535,0.109379733201151,-0.275151780870119));
#2564=CARTESIAN_POINT('',(0.0766740132088845,0.106638164392353,-0.272176187566921));
#2565=CARTESIAN_POINT('',(0.085,0.105828428742477,-0.271297331647127));
#2566=CARTESIAN_POINT('',(0.,0.105781469430469,-0.271309891907399));
#2567=CARTESIAN_POINT('',(0.0200418153456215,0.10725095580072,-0.272907598309018));
#2568=CARTESIAN_POINT('',(0.0484842383206535,0.109336383302069,-0.275174989784348));
#2569=CARTESIAN_POINT('',(0.0766740132088845,0.106592028065351,-0.272191175834938));
#2570=CARTESIAN_POINT('',(0.085,0.105781469430469,-0.271309891907399));
#2571=CARTESIAN_POINT('',(0.,0.105757970546168,-0.271318777798792));
#2572=CARTESIAN_POINT('',(0.0200418153456215,0.107228451657994,-0.272918670646275));
#2573=CARTESIAN_POINT('',(0.0484842383206535,0.109315290850856,-0.275189165025057));
#2574=CARTESIAN_POINT('',(0.0766740132088845,0.106569077873702,-0.27220126775492));
#2575=CARTESIAN_POINT('',(0.085,0.105757970546168,-0.271318777798792));
#2576=CARTESIAN_POINT('',(0.,0.105711482342792,-0.271339954872766));
#2577=CARTESIAN_POINT('',(0.0200418153456215,0.107184274648151,-0.272944150702313));
#2578=CARTESIAN_POINT('',(0.0484842383206535,0.109274393780625,-0.275220751675424));
#2579=CARTESIAN_POINT('',(0.0766740132088845,0.106523864508877,-0.272224818324381));
#2580=CARTESIAN_POINT('',(0.085,0.105711482342792,-0.271339954872766));
#2581=CARTESIAN_POINT('',(0.,0.105688543299294,-0.271352200045035));
#2582=CARTESIAN_POINT('',(0.0200418153456215,0.10716264735248,-0.272958507901651));
#2583=CARTESIAN_POINT('',(0.0484842383206535,0.109254628057167,-0.275238106166483));
#2584=CARTESIAN_POINT('',(0.0766740132088845,0.106501649016512,-0.272238228476342));
#2585=CARTESIAN_POINT('',(0.085,0.105688543299294,-0.271352200045035));
#2586=CARTESIAN_POINT('',(0.,0.105620450410761,-0.271392134572465));
#2587=CARTESIAN_POINT('',(0.0200418153456215,0.107098790394903,-0.273004689407614));
#2588=CARTESIAN_POINT('',(0.0484842383206535,0.109196782538066,-0.275293153097194));
#2589=CARTESIAN_POINT('',(0.0766740132088845,0.106435892638533,-0.272281608794419));
#2590=CARTESIAN_POINT('',(0.085,0.105620450410761,-0.271392134572465));
#2591=CARTESIAN_POINT('',(0.,0.105575964571869,-0.271423070027522));
#2592=CARTESIAN_POINT('',(0.0200418153456215,0.107057534270784,-0.273039675782713));
#2593=CARTESIAN_POINT('',(0.0484842383206535,0.109160109876678,-0.275333888351787));
#2594=CARTESIAN_POINT('',(0.0766740132088845,0.106393188288228,-0.272314778709275));
#2595=CARTESIAN_POINT('',(0.085,0.105575964571869,-0.271423070027522));
#2596=CARTESIAN_POINT('',(0.,0.105531529562236,-0.271453964707314));
#2597=CARTESIAN_POINT('',(0.0200418153456215,0.107016324767767,-0.273074616787897));
#2598=CARTESIAN_POINT('',(0.0484842383206535,0.109123477864366,-0.27537457171595));
#2599=CARTESIAN_POINT('',(0.0766740132088845,0.106350532445991,-0.272347905314488));
#2600=CARTESIAN_POINT('',(0.085,0.105531529562236,-0.271453964707314));
#2601=CARTESIAN_POINT('',(0.,0.105531529562236,-0.271453964707314));
#2602=CARTESIAN_POINT('',(0.0200418153456215,0.107016324767767,-0.273074616787897));
#2603=CARTESIAN_POINT('',(0.0484842383206535,0.109123477864366,-0.27537457171595));
#2604=CARTESIAN_POINT('',(0.0766740132088845,0.106350532445991,-0.272347905314488));
#2605=CARTESIAN_POINT('',(0.085,0.105531529562236,-0.271453964707314));
#2606=CARTESIAN_POINT('',(0.,0.115486033638498,-0.290427567306942));
#2607=CARTESIAN_POINT('',(0.0200418153456215,0.118718842468501,-0.290979818820596));
#2608=CARTESIAN_POINT('',(0.0484842383206535,0.123306696141171,-0.291763548780636));
#2609=CARTESIAN_POINT('',(0.0766740132088845,0.11726922888626,-0.290732185466103));
#2610=CARTESIAN_POINT('',(0.085,0.115486033638498,-0.290427567306942));
#2611=CARTESIAN_POINT('',(0.,0.105531529562236,-0.271453964707314));
#2612=CARTESIAN_POINT('',(0.0200418153456215,0.107016324767767,-0.273074616787897));
#2613=CARTESIAN_POINT('',(0.0484842383206535,0.109123477864366,-0.27537457171595));
#2614=CARTESIAN_POINT('',(0.0766740132088845,0.106350532445991,-0.272347905314488));
#2615=CARTESIAN_POINT('',(0.085,0.105531529562236,-0.271453964707314));
#2616=CARTESIAN_POINT('',(0.,0.105482886028647,-0.271498855775193));
#2617=CARTESIAN_POINT('',(0.0200418153456215,0.106972268444935,-0.27312386819078));
#2618=CARTESIAN_POINT('',(0.0484842383206535,0.109085931500158,-0.275430011105819));
#2619=CARTESIAN_POINT('',(0.0766740132088845,0.106304419186493,-0.272395201513344));
#2620=CARTESIAN_POINT('',(0.085,0.105482886028647,-0.271498855775193));
#2621=CARTESIAN_POINT('',(0.,0.105434242495057,-0.271543746843072));
#2622=CARTESIAN_POINT('',(0.0200418153456215,0.106928212122103,-0.273173119593665));
#2623=CARTESIAN_POINT('',(0.0484842383206535,0.10904838513595,-0.275485450495689));
#2624=CARTESIAN_POINT('',(0.0766740132088845,0.106258305926994,-0.2724424977122));
#2625=CARTESIAN_POINT('',(0.085,0.105434242495057,-0.271543746843072));
#2626=CARTESIAN_POINT('',(0.,0.105364578878259,-0.27161762030476));
#2627=CARTESIAN_POINT('',(0.0200418153456215,0.106866032354725,-0.273253177671947));
#2628=CARTESIAN_POINT('',(0.0484842383206535,0.10899682610362,-0.275574285497522));
#2629=CARTESIAN_POINT('',(0.0766740132088845,0.106192770350369,-0.272519782566117));
#2630=CARTESIAN_POINT('',(0.085,0.105364578878259,-0.27161762030476));
#2631=CARTESIAN_POINT('',(0.,0.105341939036866,-0.271643412893533));
#2632=CARTESIAN_POINT('',(0.0200418153456215,0.106845994942618,-0.273280969028089));
#2633=CARTESIAN_POINT('',(0.0484842383206535,0.108980481939518,-0.275604913412427));
#2634=CARTESIAN_POINT('',(0.0766740132088845,0.106171565991177,-0.272546677661305));
#2635=CARTESIAN_POINT('',(0.085,0.105341939036866,-0.271643412893533));
#2636=CARTESIAN_POINT('',(0.,0.105298142929215,-0.271697843405863));
#2637=CARTESIAN_POINT('',(0.0200418153456215,0.106807665888305,-0.273339237735689));
#2638=CARTESIAN_POINT('',(0.0484842383206535,0.10894991147597,-0.275668629110304));
#2639=CARTESIAN_POINT('',(0.0766740132088845,0.106130785472769,-0.272603225295904));
#2640=CARTESIAN_POINT('',(0.085,0.105298142929215,-0.271697843405863));
#2641=CARTESIAN_POINT('',(0.,0.105276941652908,-0.271726367478081));
#2642=CARTESIAN_POINT('',(0.0200418153456215,0.106789318655026,-0.27336960624214));
#2643=CARTESIAN_POINT('',(0.0484842383206535,0.108935614569349,-0.275701615153028));
#2644=CARTESIAN_POINT('',(0.0766740132088845,0.106111158467083,-0.272632766745435));
#2645=CARTESIAN_POINT('',(0.085,0.105276941652908,-0.271726367478081));
#2646=CARTESIAN_POINT('',(0.,0.105215308808286,-0.271815110597385));
#2647=CARTESIAN_POINT('',(0.0200418153456215,0.106736538148642,-0.273463674785218));
#2648=CARTESIAN_POINT('',(0.0484842383206535,0.108895396894435,-0.275803241292704));
#2649=CARTESIAN_POINT('',(0.0766740132088845,0.106054408511709,-0.272724447332082));
#2650=CARTESIAN_POINT('',(0.085,0.105215308808286,-0.271815110597385));
#2651=CARTESIAN_POINT('',(0.,0.105176822021441,-0.271878376422292));
#2652=CARTESIAN_POINT('',(0.0200418153456215,0.106704328187215,-0.273530216996553));
#2653=CARTESIAN_POINT('',(0.0484842383206535,0.108872094715082,-0.275874433201035));
#2654=CARTESIAN_POINT('',(0.0766740132088845,0.10601938397885,-0.272789520389342));
#2655=CARTESIAN_POINT('',(0.085,0.105176822021441,-0.271878376422292));
#2656=CARTESIAN_POINT('',(0.,0.105104596948139,-0.272009945633739));
#2657=CARTESIAN_POINT('',(0.0200418153456215,0.10664510770296,-0.273667854428536));
#2658=CARTESIAN_POINT('',(0.0484842383206535,0.108831329745755,-0.276020682372634));
#2659=CARTESIAN_POINT('',(0.0766740132088845,0.105954332147953,-0.272924436789748));
#2660=CARTESIAN_POINT('',(0.085,0.105104596948139,-0.272009945633739));
#2661=CARTESIAN_POINT('',(0.,0.105070915275764,-0.272078517205611));
#2662=CARTESIAN_POINT('',(0.0200418153456215,0.106618179027643,-0.273739210756105));
#2663=CARTESIAN_POINT('',(0.0484842383206535,0.108813984613413,-0.276095990697466));
#2664=CARTESIAN_POINT('',(0.0766740132088845,0.105924375382584,-0.272994544413823));
#2665=CARTESIAN_POINT('',(0.085,0.105070915275763,-0.272078517205611));
#2666=CARTESIAN_POINT('',(0.,0.104977356762905,-0.27229198992563));
#2667=CARTESIAN_POINT('',(0.0200418153456215,0.106545572879266,-0.273960274948324));
#2668=CARTESIAN_POINT('',(0.0484842383206535,0.108771113097484,-0.276327828358039));
#2669=CARTESIAN_POINT('',(0.0766740132088845,0.105842374050721,-0.273212204538004));
#2670=CARTESIAN_POINT('',(0.085,0.104977356762905,-0.27229198992563));
#2671=CARTESIAN_POINT('',(0.,0.104924931611623,-0.272444674433889));
#2672=CARTESIAN_POINT('',(0.0200418153456215,0.106508043106486,-0.274117006540891));
#2673=CARTESIAN_POINT('',(0.0484842383206535,0.108754722161105,-0.276490303386602));
#2674=CARTESIAN_POINT('',(0.0766740132088845,0.105798165088381,-0.273367121390298));
#2675=CARTESIAN_POINT('',(0.085,0.104924931611622,-0.272444674433889));
#2676=CARTESIAN_POINT('',(0.,0.104843650144279,-0.272766376275739));
#2677=CARTESIAN_POINT('',(0.0200418153456215,0.106457963324463,-0.274444451729817));
#2678=CARTESIAN_POINT('',(0.0484842383206535,0.108748922376482,-0.276825899269664));
#2679=CARTESIAN_POINT('',(0.0766740132088845,0.105734094257332,-0.273691991223127));
#2680=CARTESIAN_POINT('',(0.085,0.104843650144279,-0.272766376275739));
#2681=CARTESIAN_POINT('',(0.,0.104814502019481,-0.272935569530649));
#2682=CARTESIAN_POINT('',(0.0200418153456215,0.106445140114977,-0.274615367989449));
#2683=CARTESIAN_POINT('',(0.0484842383206535,0.108759266736317,-0.276999260738387));
#2684=CARTESIAN_POINT('',(0.0766740132088845,0.105713950844206,-0.273862134875661));
#2685=CARTESIAN_POINT('',(0.085,0.104814502019481,-0.272935569530649));
#2686=CARTESIAN_POINT('',(0.,0.104775266294605,-0.273287608281171));
#2687=CARTESIAN_POINT('',(0.0200418153456215,0.106439737581535,-0.274968948824394));
#2688=CARTESIAN_POINT('',(0.0484842383206535,0.108801878712778,-0.277355030028655));
#2689=CARTESIAN_POINT('',(0.0766740132088845,0.105693377276406,-0.274215024229408));
#2690=CARTESIAN_POINT('',(0.085,0.104775266294605,-0.273287608281171));
#2691=CARTESIAN_POINT('',(0.,0.104764650384506,-0.273470205543226));
#2692=CARTESIAN_POINT('',(0.0200418153456215,0.106446609566433,-0.275151417123964));
#2693=CARTESIAN_POINT('',(0.0484842383206535,0.1088335687143,-0.277537315310592));
#2694=CARTESIAN_POINT('',(0.0766740132088845,0.105692407569622,-0.274397550356637));
#2695=CARTESIAN_POINT('',(0.085,0.104764650384506,-0.273470205543226));
#2696=CARTESIAN_POINT('',(0.,0.104758146257497,-0.273844884772294));
#2697=CARTESIAN_POINT('',(0.0200418153456215,0.106475894067035,-0.275524373956289));
#2698=CARTESIAN_POINT('',(0.0484842383206535,0.108913642789932,-0.277907827796643));
#2699=CARTESIAN_POINT('',(0.0766740132088845,0.105705644204915,-0.274771279523438));
#2700=CARTESIAN_POINT('',(0.085,0.104758146257497,-0.273844884772294));
#2701=CARTESIAN_POINT('',(0.,0.104762706565229,-0.274037036677486));
#2702=CARTESIAN_POINT('',(0.0200418153456215,0.106498758975088,-0.275714889196243));
#2703=CARTESIAN_POINT('',(0.0484842383206535,0.108962484745259,-0.278096020356531));
#2704=CARTESIAN_POINT('',(0.0766740132088845,0.105720301205035,-0.274962528655274));
#2705=CARTESIAN_POINT('',(0.085,0.104762706565229,-0.274037036677486));
#2706=CARTESIAN_POINT('',(0.,0.104798615094893,-0.274624474940535));
#2707=CARTESIAN_POINT('',(0.0200418153456215,0.106590490150602,-0.276295228062767));
#2708=CARTESIAN_POINT('',(0.0484842383206535,0.109133436853482,-0.27866628408588));
#2709=CARTESIAN_POINT('',(0.0766740132088845,0.105787001124487,-0.275546050939739));
#2710=CARTESIAN_POINT('',(0.085,0.104798615094893,-0.274624474940535));
#2711=CARTESIAN_POINT('',(0.,0.10485163252087,-0.27503063699276));
#2712=CARTESIAN_POINT('',(0.0200418153456215,0.106681927763634,-0.276693791928033));
#2713=CARTESIAN_POINT('',(0.0484842383206535,0.109279398629727,-0.279054064953519));
#2714=CARTESIAN_POINT('',(0.0766740132088845,0.105861210862963,-0.275948021883987));
#2715=CARTESIAN_POINT('',(0.085,0.10485163252087,-0.27503063699276));
#2716=CARTESIAN_POINT('',(0.,0.105008740747636,-0.275859571464892));
#2717=CARTESIAN_POINT('',(0.0200418153456215,0.106917141783118,-0.277502553269906));
#2718=CARTESIAN_POINT('',(0.0484842383206535,0.109625456799553,-0.279834197516329));
#2719=CARTESIAN_POINT('',(0.0766740132088845,0.106061401710979,-0.276765828995393));
#2720=CARTESIAN_POINT('',(0.085,0.105008740747636,-0.275859571464892));
#2721=CARTESIAN_POINT('',(0.,0.105113694376582,-0.276282081413901));
#2722=CARTESIAN_POINT('',(0.0200418153456215,0.107061750577747,-0.277912407596397));
#2723=CARTESIAN_POINT('',(0.0484842383206535,0.109826342382288,-0.280226091565148));
#2724=CARTESIAN_POINT('',(0.0766740132088845,0.106188228858192,-0.277181358189548));
#2725=CARTESIAN_POINT('',(0.085,0.105113694376582,-0.276282081413901));
#2726=CARTESIAN_POINT('',(0.,0.105369487581221,-0.277135855107834));
#2727=CARTESIAN_POINT('',(0.0200418153456215,0.107397402376669,-0.278736437347691));
#2728=CARTESIAN_POINT('',(0.0484842383206535,0.110275325826956,-0.281007910080439));
#2729=CARTESIAN_POINT('',(0.0766740132088845,0.10648807151744,-0.278018725328083));
#2730=CARTESIAN_POINT('',(0.085,0.105369487581221,-0.277135855107834));
#2731=CARTESIAN_POINT('',(0.,0.105520951602393,-0.277566875188831));
#2732=CARTESIAN_POINT('',(0.0200418153456215,0.107589042672866,-0.279150311053328));
#2733=CARTESIAN_POINT('',(0.0484842383206535,0.11052398244568,-0.28139745043842));
#2734=CARTESIAN_POINT('',(0.0766740132088845,0.106661696497229,-0.278440287585662));
#2735=CARTESIAN_POINT('',(0.085,0.105520951602393,-0.277566875188831));
#2736=CARTESIAN_POINT('',(0.,0.105782206903297,-0.278212675756746));
#2737=CARTESIAN_POINT('',(0.0200418153456215,0.107910279807979,-0.279767147036471));
#2738=CARTESIAN_POINT('',(0.0484842383206535,0.110930343042414,-0.281973181214416));
#2739=CARTESIAN_POINT('',(0.0766740132088845,0.106956037367784,-0.279070111486649));
#2740=CARTESIAN_POINT('',(0.085,0.105782206903297,-0.278212675756746));
#2741=CARTESIAN_POINT('',(0.,0.10587521049568,-0.278427814608642));
#2742=CARTESIAN_POINT('',(0.0200418153456215,0.108023228125655,-0.27997206714533));
#2743=CARTESIAN_POINT('',(0.0484842383206535,0.111071595997328,-0.282163599352932));
#2744=CARTESIAN_POINT('',(0.0766740132088846,0.107060042334276,-0.27927961374975));
#2745=CARTESIAN_POINT('',(0.085,0.10587521049568,-0.278427814608642));
#2746=CARTESIAN_POINT('',(0.,0.106073837921807,-0.278856924189949));
#2747=CARTESIAN_POINT('',(0.0200418153456215,0.108261554635596,-0.280379542454116));
#2748=CARTESIAN_POINT('',(0.0484842383206535,0.111366261621969,-0.282540372296729));
#2749=CARTESIAN_POINT('',(0.0766740132088845,0.10728056750361,-0.27969679001425));
#2750=CARTESIAN_POINT('',(0.085,0.106073837921807,-0.278856924189949));
#2751=CARTESIAN_POINT('',(0.,0.106179299499555,-0.279070955021482));
#2752=CARTESIAN_POINT('',(0.0200418153456215,0.108386777319888,-0.280582172861449));
#2753=CARTESIAN_POINT('',(0.0484842383206535,0.11151952836021,-0.282726823746136));
#2754=CARTESIAN_POINT('',(0.0766740132088845,0.10739692917262,-0.279904532449739));
#2755=CARTESIAN_POINT('',(0.085,0.106179299499555,-0.279070955021482));
#2756=CARTESIAN_POINT('',(0.,0.106401692783582,-0.279497700094638));
#2757=CARTESIAN_POINT('',(0.0200418153456215,0.108648495478211,-0.280985030959401));
#2758=CARTESIAN_POINT('',(0.0484842383206535,0.111837054572287,-0.283095782547014));
#2759=CARTESIAN_POINT('',(0.0766740132088845,0.107641013788442,-0.280318101630689));
#2760=CARTESIAN_POINT('',(0.085,0.106401692783582,-0.279497700094638));
#2761=CARTESIAN_POINT('',(0.,0.106518715425043,-0.279710399678441));
#2762=CARTESIAN_POINT('',(0.0200418153456215,0.108785079921749,-0.281185235407352));
#2763=CARTESIAN_POINT('',(0.0484842383206535,0.112001400226037,-0.283278254472592));
#2764=CARTESIAN_POINT('',(0.0766740132088845,0.107768826586184,-0.280523908982987));
#2765=CARTESIAN_POINT('',(0.085,0.106518715425043,-0.279710399678441));
#2766=CARTESIAN_POINT('',(0.,0.106765414800876,-0.280133889663152));
#2767=CARTESIAN_POINT('',(0.0200418153456215,0.109070641623654,-0.281582539736711));
#2768=CARTESIAN_POINT('',(0.0484842383206535,0.112342113554523,-0.283638397323682));
#2769=CARTESIAN_POINT('',(0.0766740132088845,0.108036962155375,-0.280932955139237));
#2770=CARTESIAN_POINT('',(0.085,0.106765414800876,-0.280133889663152));
#2771=CARTESIAN_POINT('',(0.,0.106895134368247,-0.280344647849852));
#2772=CARTESIAN_POINT('',(0.0200418153456215,0.109219658371517,-0.28177960352076));
#2773=CARTESIAN_POINT('',(0.0484842383206535,0.112518515973808,-0.283816026641051));
#2774=CARTESIAN_POINT('',(0.0766740132088845,0.108177325915569,-0.281136159587065));
#2775=CARTESIAN_POINT('',(0.085,0.106895134368247,-0.280344647849852));
#2776=CARTESIAN_POINT('',(0.,0.107166389776625,-0.280765075540746));
#2777=CARTESIAN_POINT('',(0.0200418153456215,0.109529330379324,-0.282171521833739));
#2778=CARTESIAN_POINT('',(0.0484842383206535,0.112882707053435,-0.284167485755525));
#2779=CARTESIAN_POINT('',(0.0766740132088845,0.108469771657536,-0.28154086170002));
#2780=CARTESIAN_POINT('',(0.085,0.107166389776625,-0.280765075540746));
#2781=CARTESIAN_POINT('',(0.,0.107308104898011,-0.280974723214227));
#2782=CARTESIAN_POINT('',(0.0200418153456215,0.109690161715235,-0.282366337563388));
#2783=CARTESIAN_POINT('',(0.0484842383206535,0.113070667242188,-0.284341252672343));
#2784=CARTESIAN_POINT('',(0.0766740132088845,0.108622031152156,-0.28174232817469));
#2785=CARTESIAN_POINT('',(0.085,0.107308104898011,-0.280974723214227));
#2786=CARTESIAN_POINT('',(0.,0.107600592318503,-0.281394063442529));
#2787=CARTESIAN_POINT('',(0.0200418153456215,0.110020829197821,-0.282755149489643));
#2788=CARTESIAN_POINT('',(0.0484842383206535,0.113455518113683,-0.284686740235785));
#2789=CARTESIAN_POINT('',(0.0766740132088845,0.10893557843386,-0.282144829200307));
#2790=CARTESIAN_POINT('',(0.085,0.107600592318503,-0.281394063442529));
#2791=CARTESIAN_POINT('',(0.,0.107751078500228,-0.281603901670335));
#2792=CARTESIAN_POINT('',(0.0200418153456215,0.110190394914741,-0.282949317747373));
#2793=CARTESIAN_POINT('',(0.0484842383206535,0.113652160629825,-0.28485867039236));
#2794=CARTESIAN_POINT('',(0.0766740132088845,0.109096588756751,-0.282346023979756));
#2795=CARTESIAN_POINT('',(0.085,0.107751078500228,-0.281603901670335));
#2796=CARTESIAN_POINT('',(0.,0.10805885632467,-0.282024019966058));
#2797=CARTESIAN_POINT('',(0.0200418153456215,0.110536331412715,-0.283337444029332));
#2798=CARTESIAN_POINT('',(0.0484842383206535,0.114052250163042,-0.285201395079127));
#2799=CARTESIAN_POINT('',(0.0766740132088845,0.10942541464462,-0.282748495699418));
#2800=CARTESIAN_POINT('',(0.085,0.10805885632467,-0.282024019966058));
#2801=CARTESIAN_POINT('',(0.,0.108216385959515,-0.282234141323947));
#2802=CARTESIAN_POINT('',(0.0200418153456215,0.110712923554407,-0.283531221629615));
#2803=CARTESIAN_POINT('',(0.0484842383206535,0.114255894938109,-0.285371978369969));
#2804=CARTESIAN_POINT('',(0.0766740132088845,0.109593459027911,-0.282949601952353));
#2805=CARTESIAN_POINT('',(0.085,0.108216385959515,-0.282234141323947));
#2806=CARTESIAN_POINT('',(0.,0.108538510755887,-0.282653810045973));
#2807=CARTESIAN_POINT('',(0.0200418153456215,0.111073074415263,-0.283917532308716));
#2808=CARTESIAN_POINT('',(0.0484842383206535,0.114670010641544,-0.285710948848092));
#2809=CARTESIAN_POINT('',(0.0766740132088845,0.109936558741466,-0.283350870605973));
#2810=CARTESIAN_POINT('',(0.085,0.108538510755887,-0.282653810045973));
#2811=CARTESIAN_POINT('',(0.,0.1087030249541,-0.282863445604123));
#2812=CARTESIAN_POINT('',(0.0200418153456215,0.111256561091595,-0.284110160755198));
#2813=CARTESIAN_POINT('',(0.0484842383206535,0.114880422186619,-0.285879441583543));
#2814=CARTESIAN_POINT('',(0.0766740132088845,0.110111538028894,-0.283551125157605));
#2815=CARTESIAN_POINT('',(0.085,0.1087030249541,-0.282863445604123));
#2816=CARTESIAN_POINT('',(0.,0.109205167517519,-0.283492267652419));
#2817=CARTESIAN_POINT('',(0.0200418153456216,0.111815559232356,-0.284687141482504));
#2818=CARTESIAN_POINT('',(0.0484842383206536,0.115520107148976,-0.286382851491354));
#2819=CARTESIAN_POINT('',(0.0766740132088845,0.110645041740051,-0.284151351887685));
#2820=CARTESIAN_POINT('',(0.085,0.109205167517519,-0.283492267652419));
#2821=CARTESIAN_POINT('',(0.,0.109551391174321,-0.283911362800573));
#2822=CARTESIAN_POINT('',(0.0200418153456215,0.112199603521204,-0.285070582920159));
#2823=CARTESIAN_POINT('',(0.0484842383206535,0.115957824740132,-0.28671569482214));
#2824=CARTESIAN_POINT('',(0.0766740132088845,0.111012126998908,-0.284550780692894));
#2825=CARTESIAN_POINT('',(0.085,0.109551391174321,-0.283911362800573));
#2826=CARTESIAN_POINT('',(0.,0.110259136210127,-0.284749143010651));
#2827=CARTESIAN_POINT('',(0.0200418153456215,0.112982855020483,-0.285835598729498));
#2828=CARTESIAN_POINT('',(0.0484842383206535,0.116848231541184,-0.287377446739081));
#2829=CARTESIAN_POINT('',(0.0766740132088846,0.111761520883724,-0.285348424557018));
#2830=CARTESIAN_POINT('',(0.085,0.110259136210127,-0.284749143010651));
#2831=CARTESIAN_POINT('',(0.,0.110620449859321,-0.285168173144071));
#2832=CARTESIAN_POINT('',(0.0200418153456215,0.113381888723062,-0.286217535834464));
#2833=CARTESIAN_POINT('',(0.0484842383206535,0.117300795809459,-0.287706743123308));
#2834=CARTESIAN_POINT('',(0.0766740132088845,0.112143640656472,-0.285746994429549));
#2835=CARTESIAN_POINT('',(0.085,0.110620449859321,-0.285168173144071));
#2836=CARTESIAN_POINT('',(0.,0.111352094709242,-0.286004038333568));
#2837=CARTESIAN_POINT('',(0.0200418153456215,0.114188707849331,-0.286978368323732));
#2838=CARTESIAN_POINT('',(0.0484842383206535,0.118214298812805,-0.288361092653818));
#2839=CARTESIAN_POINT('',(0.0766740132088845,0.112916751123256,-0.286541472094602));
#2840=CARTESIAN_POINT('',(0.085,0.111352094709242,-0.286004038333568));
#2841=CARTESIAN_POINT('',(0.,0.111722387489462,-0.286420834112014));
#2842=CARTESIAN_POINT('',(0.0200418153456215,0.114596451342987,-0.287357228345984));
#2843=CARTESIAN_POINT('',(0.0484842383206535,0.118675190637282,-0.288686115994866));
#2844=CARTESIAN_POINT('',(0.0766740132088845,0.113307701460955,-0.2869373427693));
#2845=CARTESIAN_POINT('',(0.085,0.111722387489462,-0.286420834112014));
#2846=CARTESIAN_POINT('',(0.,0.112467409940529,-0.287249005285929));
#2847=CARTESIAN_POINT('',(0.0200418153456215,0.115415830314619,-0.2881091385673));
#2848=CARTESIAN_POINT('',(0.0484842383206535,0.119600092964578,-0.289329800178126));
#2849=CARTESIAN_POINT('',(0.0766740132088845,0.114093738460387,-0.287723448923161));
#2850=CARTESIAN_POINT('',(0.085,0.112467409940529,-0.287249005285929));
#2851=CARTESIAN_POINT('',(0.,0.112842437302443,-0.287660029744104));
#2852=CARTESIAN_POINT('',(0.0200418153456215,0.115827728139564,-0.288481811620766));
#2853=CARTESIAN_POINT('',(0.0484842383206535,0.120064315655646,-0.289648046681121));
#2854=CARTESIAN_POINT('',(0.0766740132088845,0.114489103317623,-0.288113319008709));
#2855=CARTESIAN_POINT('',(0.085,0.112842437302443,-0.287660029744104));
#2856=CARTESIAN_POINT('',(0.,0.113595580482995,-0.288472000858627));
#2857=CARTESIAN_POINT('',(0.0200418153456215,0.116653631409528,-0.289216848267855));
#2858=CARTESIAN_POINT('',(0.0484842383206535,0.120993476699573,-0.290273901468865));
#2859=CARTESIAN_POINT('',(0.0766740132088845,0.115282380466031,-0.288882853597));
#2860=CARTESIAN_POINT('',(0.085,0.113595580482995,-0.288472000858627));
#2861=CARTESIAN_POINT('',(0.,0.113973618734929,-0.288873040186723));
#2862=CARTESIAN_POINT('',(0.0200418153456215,0.117067568611958,-0.28957931135394));
#2863=CARTESIAN_POINT('',(0.0484842383206535,0.121458360042199,-0.290581618925717));
#2864=CARTESIAN_POINT('',(0.0766740132088845,0.115680220333616,-0.28926261453375));
#2865=CARTESIAN_POINT('',(0.085,0.113973618734929,-0.288873040186723));
#2866=CARTESIAN_POINT('',(0.,0.114729892274664,-0.289661511795372));
#2867=CARTESIAN_POINT('',(0.0200418153456215,0.117894340574792,-0.290290696753327));
#2868=CARTESIAN_POINT('',(0.0484842383206535,0.122385180126137,-0.29118360712073));
#2869=CARTESIAN_POINT('',(0.0766740132088845,0.116475380321531,-0.290008565916412));
#2870=CARTESIAN_POINT('',(0.085,0.114729892274664,-0.289661511795371));
#2871=CARTESIAN_POINT('',(0.,0.115108484737645,-0.290048793324903));
#2872=CARTESIAN_POINT('',(0.0200418153456215,0.118307515894374,-0.290639435180425));
#2873=CARTESIAN_POINT('',(0.0484842383206535,0.122847433845962,-0.291477646948761));
#2874=CARTESIAN_POINT('',(0.0766740132088845,0.116873048451769,-0.290374587334162));
#2875=CARTESIAN_POINT('',(0.085,0.115108484737645,-0.290048793324903));
#2876=CARTESIAN_POINT('',(0.,0.115486033638498,-0.290427567306942));
#2877=CARTESIAN_POINT('',(0.0200418153456215,0.118718842468501,-0.290979818820596));
#2878=CARTESIAN_POINT('',(0.0484842383206535,0.123306696141171,-0.291763548780636));
#2879=CARTESIAN_POINT('',(0.0766740132088845,0.11726922888626,-0.290732185466103));
#2880=CARTESIAN_POINT('',(0.085,0.115486033638498,-0.290427567306942));
#2881=CARTESIAN_POINT('',(0.0125933147142123,0.106960257355876,-0.278897568046917));
#2882=CARTESIAN_POINT('',(0.0178331930505898,0.1072205873228,-0.278745014030409));
#2883=CARTESIAN_POINT('',(0.0283191208408248,0.107679548636437,-0.278476061544284));
#2884=CARTESIAN_POINT('',(0.0440509822320698,0.108034462911159,-0.278268080885106));
#2885=CARTESIAN_POINT('',(0.0597791778110699,0.107878806072171,-0.278359296184923));
#2886=CARTESIAN_POINT('',(0.0702652416140206,0.107304154367434,-0.27869604353171));
#2887=CARTESIAN_POINT('',(0.0755018308835948,0.106960257355876,-0.278897568046917));
#2888=CARTESIAN_POINT('',(0.0125933147142123,0.106960257355876,-0.278897568046917));
#2889=CARTESIAN_POINT('',(0.0755018308835951,0.106960257355876,-0.278897568046917));
#2890=CARTESIAN_POINT('',(0.00690000829261696,0.105822683771802,-0.276956324543176));
#2891=CARTESIAN_POINT('',(0.0078809433353082,0.105970710364063,-0.277208928563374));
#2892=CARTESIAN_POINT('',(0.00982892979357037,0.106292414554651,-0.277757909463465));
#2893=CARTESIAN_POINT('',(0.0117211135404658,0.106682839421914,-0.278424160638671));
#2894=CARTESIAN_POINT('',(0.0125933147142122,0.106960257355876,-0.278897568046918));
#2895=CARTESIAN_POINT('',(0.00690000829261661,0.105822683771802,-0.276956324543176));
#2896=CARTESIAN_POINT('',(0.0069000082926166,0.105822683771802,-0.276956324543176));
#2897=CARTESIAN_POINT('',(0.0129743199552327,0.106187825578207,-0.276742350524664));
#2898=CARTESIAN_POINT('',(0.0251248982083319,0.106874127078203,-0.276340176116557));
#2899=CARTESIAN_POINT('',(0.0403420250389486,0.107418946762439,-0.276020910408945));
#2900=CARTESIAN_POINT('',(0.0525096493425684,0.107394004286963,-0.276035526762416));
#2901=CARTESIAN_POINT('',(0.0646538588768324,0.106983525198524,-0.276276068542426));
#2902=CARTESIAN_POINT('',(0.0737433050895255,0.106305590496014,-0.276673339986125));
#2903=CARTESIAN_POINT('',(0.0798011524030235,0.105822683771802,-0.276956324543176));
#2904=CARTESIAN_POINT('',(0.0798011524030236,0.105822683771802,-0.276956324543176));
#2905=CARTESIAN_POINT('',(0.0755018308835951,0.106960257355876,-0.278897568046917));
#2906=CARTESIAN_POINT('',(0.076131174532306,0.106695661736083,-0.278446041626795));
#2907=CARTESIAN_POINT('',(0.077551776594907,0.106300189393767,-0.277771177049965));
#2908=CARTESIAN_POINT('',(0.0790456221480172,0.105973876809695,-0.277214332030981));
#2909=CARTESIAN_POINT('',(0.0798011524030237,0.105822683771802,-0.276956324543176));
#2910=CARTESIAN_POINT('',(0.726926235700295,0.092713432379372,-0.243297369140375));
#2911=CARTESIAN_POINT('',(0.726926235700295,0.0923570528058303,-0.242230308411287));
#2912=CARTESIAN_POINT('',(0.726926235700295,0.0930698119529135,-0.244364429869463));
#2913=CARTESIAN_POINT('',(0.726926235700295,0.0920027512238252,-0.244720809443005));
#2914=CARTESIAN_POINT('',(0.726926235700295,0.0909356904947369,-0.245077189016546));
#2915=CARTESIAN_POINT('',(0.726926235700295,0.0905793109211954,-0.244010128287458));
#2916=CARTESIAN_POINT('',(0.726926235700295,0.0902229313476538,-0.24294306755837));
#2917=CARTESIAN_POINT('',(0.726926235700295,0.0912899920767421,-0.242586687984828));
#2918=CARTESIAN_POINT('',(0.726926235700295,0.10833271406758,-0.276789372710972));
#2919=CARTESIAN_POINT('',(0.726926235700295,0.107763927275543,-0.275818750959102));
#2920=CARTESIAN_POINT('',(0.726926235700295,0.108901500859617,-0.277759994462843));
#2921=CARTESIAN_POINT('',(0.726926235700295,0.107930879107747,-0.27832878125488));
#2922=CARTESIAN_POINT('',(0.726926235700295,0.106960257355876,-0.278897568046917));
#2923=CARTESIAN_POINT('',(0.726926235700295,0.106960257355876,-0.278897568046917));
#2924=CARTESIAN_POINT('',(0.726926235700295,0.106391470563839,-0.277926946295046));
#2925=CARTESIAN_POINT('',(0.726926235700295,0.105822683771802,-0.276956324543176));
#2926=CARTESIAN_POINT('',(0.726926235700295,0.106391470563839,-0.277926946295046));
#2927=CARTESIAN_POINT('',(0.726926235700295,0.105822683771802,-0.276956324543176));
#2928=CARTESIAN_POINT('',(0.726926235700295,0.106793305523673,-0.276387537751139));
#2929=CARTESIAN_POINT('',(0.000729342496792165,0.0781340460424986,-0.250538264446608));
#2930=CARTESIAN_POINT('',(0.0805090972915388,0.0747403581302224,-0.267705965917516));
#2931=CARTESIAN_POINT('',(0.0793956919853463,0.0697682761825136,-0.267075275654111));
#2932=CARTESIAN_POINT('',(0.0791057844555066,0.0698352772744444,-0.266736336195261));
#2933=CARTESIAN_POINT('',(0.0796855995151859,0.0697012750905828,-0.267414215112961));
#2934=CARTESIAN_POINT('',(0.0805090972915388,0.0698352772744443,-0.266736336195261));
#2935=CARTESIAN_POINT('',(0.0796855995151859,0.0699692794583059,-0.266058457277561));
#2936=CARTESIAN_POINT('',(0.0793956919853463,0.0699022783663751,-0.266397396736411));
#2937=CARTESIAN_POINT('',(0.0863529097002235,0.0771273146309034,-0.229847994165474));
#2938=CARTESIAN_POINT('',(0.0866428172300631,0.0770603135389726,-0.230186933624325));
#2939=CARTESIAN_POINT('',(0.0866428172300631,0.0819653943947506,-0.231156563346579));
#2940=CARTESIAN_POINT('',(0.0863529097002235,0.0820323954866814,-0.23081762388773));
#2941=CARTESIAN_POINT('',(0.0860630021703838,0.0820993965786122,-0.230478684428879));
#2942=CARTESIAN_POINT('',(0.0860630021703838,0.0771943157228342,-0.229509054706624));
#2943=CARTESIAN_POINT('',(0.087466315006416,0.0771943157228342,-0.229509054706624));
#2944=CARTESIAN_POINT('',(0.0866428172300631,0.0773283179066958,-0.228831175788925));
#2945=CARTESIAN_POINT('',(0.0866428172300631,0.0822333987624738,-0.229800805511179));
#2946=CARTESIAN_POINT('',(0.087466315006416,0.0820993965786122,-0.230478684428879));
#2947=CARTESIAN_POINT('',(0.0863529097002235,0.077261316814765,-0.229170115247775));
#2948=CARTESIAN_POINT('',(0.0863529097002235,0.082166397670543,-0.23013974497003));
#2949=CARTESIAN_POINT('',(0.000729342496792165,0.0781340460424986,-0.250538264446608));
#2950=MECHANICAL_DESIGN_GEOMETRIC_PRESENTATION_REPRESENTATION('',(#680),
#2951);
#2951=(
GEOMETRIC_REPRESENTATION_CONTEXT(3)
GLOBAL_UNCERTAINTY_ASSIGNED_CONTEXT((#2952))
GLOBAL_UNIT_ASSIGNED_CONTEXT((#2955,#2954,#2953))
REPRESENTATION_CONTEXT('Part 56','TOP_LEVEL_ASSEMBLY_PART')
);
#2952=UNCERTAINTY_MEASURE_WITH_UNIT(LENGTH_MEASURE(2.01052449521626E-5),
#2955,'DISTANCE_ACCURACY_VALUE','Maximum Tolerance applied to model');
#2953=(
NAMED_UNIT(*)
SI_UNIT($,.STERADIAN.)
SOLID_ANGLE_UNIT()
);
#2954=(
NAMED_UNIT(*)
PLANE_ANGLE_UNIT()
SI_UNIT($,.RADIAN.)
);
#2955=(
LENGTH_UNIT()
NAMED_UNIT(*)
SI_UNIT($,.METRE.)
);
#2956=PRODUCT_DEFINITION_SHAPE('','',#2957);
#2957=PRODUCT_DEFINITION('','',#2959,#2958);
#2958=PRODUCT_DEFINITION_CONTEXT('',#2965,'design');
#2959=PRODUCT_DEFINITION_FORMATION_WITH_SPECIFIED_SOURCE('','',#2961,
 .NOT_KNOWN.);
#2960=PRODUCT_RELATED_PRODUCT_CATEGORY('','',(#2961));
#2961=PRODUCT('Part 56','Part 56','Part 56',(#2963));
#2962=PRODUCT_CATEGORY('','');
#2963=PRODUCT_CONTEXT('',#2965,'mechanical');
#2964=APPLICATION_PROTOCOL_DEFINITION('international standard',
'ap242_managed_model_based_3d_engineering',2020,#2965);
#2965=APPLICATION_CONTEXT('managed model based 3d engineering');
ENDSEC;
END-ISO-10303-21;
