ISO-10303-21;
HEADER;
/* Generated by software containing ST-Developer
 * from STEP Tools, Inc. (www.steptools.com) 
 */
/* OPTION: using custom renumber hook */

FILE_DESCRIPTION(
/* description */ ('STEP AP242 Edition 2',
'CAx-IF Rec.Pracs.---Representation and Presentation of Product Manufa
cturing Information (PMI)---4.0---2014-10-13',
'CAx-IF Rec.Pracs.---3D Tessellated Geometry---0.4---2014-09-14','2;1',
'CAx-IF Rec.Pracs.---User Defined Attributes---1.5---2016-08-15'),
/* implementation_level */ '2;1');

FILE_NAME(
/* name */ 'Main chassis - Part 2',
/* time_stamp */ '2026-06-20T13:38:06Z',
/* author */ (''),
/* organization */ (''),
/* preprocessor_version */ 'ST-DEVELOPER v20',
/* originating_system */ 'ONSHAPE BY PTC INC, 1.216',
/* authorisation */ '  ');

FILE_SCHEMA (('AP242_MANAGED_MODEL_BASED_3D_ENGINEERING_MIM_LF { 1 0 10303 442 3 1 4 }'));
ENDSEC;

DATA;
#10=SHAPE_REPRESENTATION_RELATIONSHIP('','',#1008,#11);
#11=ADVANCED_BREP_SHAPE_REPRESENTATION('',(#1006),#3225);
#12=B_SPLINE_SURFACE_WITH_KNOTS('',3,1,((#2363,#2364),(#2365,#2366),(#2367,
#2368),(#2369,#2370)),.SURF_OF_LINEAR_EXTRUSION.,.F.,.F.,.F.,(4,4),(2,2),
(-1.24335175956383E-16,1.),(0.,1.),.PIECEWISE_BEZIER_KNOTS.);
#13=B_SPLINE_SURFACE_WITH_KNOTS('',3,1,((#2425,#2426),(#2427,#2428),(#2429,
#2430),(#2431,#2432)),.SURF_OF_LINEAR_EXTRUSION.,.F.,.F.,.F.,(4,4),(2,2),
(0.,0.0667987071895245),(0.,1.),.PIECEWISE_BEZIER_KNOTS.);
#14=B_SPLINE_SURFACE_WITH_KNOTS('',3,1,((#2447,#2448),(#2449,#2450),(#2451,
#2452),(#2453,#2454)),.SURF_OF_LINEAR_EXTRUSION.,.F.,.F.,.F.,(4,4),(2,2),
(0.105429221762096,1.),(0.,1.),.PIECEWISE_BEZIER_KNOTS.);
#15=B_SPLINE_SURFACE_WITH_KNOTS('',3,1,((#2537,#2538),(#2539,#2540),(#2541,
#2542),(#2543,#2544)),.SURF_OF_LINEAR_EXTRUSION.,.F.,.F.,.F.,(4,4),(2,2),
(-5.04096554343809E-16,1.),(0.,1.),.PIECEWISE_BEZIER_KNOTS.);
#16=B_SPLINE_SURFACE_WITH_KNOTS('',3,1,((#2559,#2560),(#2561,#2562),(#2563,
#2564),(#2565,#2566)),.SURF_OF_LINEAR_EXTRUSION.,.F.,.F.,.F.,(4,4),(2,2),
(-7.89464834309881E-17,1.),(0.,1.),.PIECEWISE_BEZIER_KNOTS.);
#17=B_SPLINE_SURFACE_WITH_KNOTS('',3,1,((#2603,#2604),(#2605,#2606),(#2607,
#2608),(#2609,#2610)),.SURF_OF_LINEAR_EXTRUSION.,.F.,.F.,.F.,(4,4),(2,2),
(0.,1.),(0.,1.),.PIECEWISE_BEZIER_KNOTS.);
#18=B_SPLINE_SURFACE_WITH_KNOTS('',3,1,((#2633,#2634),(#2635,#2636),(#2637,
#2638),(#2639,#2640)),.SURF_OF_LINEAR_EXTRUSION.,.F.,.F.,.F.,(4,4),(2,2),
(-1.64550753001568E-15,1.),(0.,1.),.PIECEWISE_BEZIER_KNOTS.);
#19=B_SPLINE_SURFACE_WITH_KNOTS('',3,1,((#2669,#2670),(#2671,#2672),(#2673,
#2674),(#2675,#2676)),.SURF_OF_LINEAR_EXTRUSION.,.F.,.F.,.F.,(4,4),(2,2),
(-4.481684592739E-16,1.),(0.,1.),.PIECEWISE_BEZIER_KNOTS.);
#20=B_SPLINE_SURFACE_WITH_KNOTS('',3,3,((#2741,#2742,#2743,#2744,#2745,
#2746,#2747),(#2748,#2749,#2750,#2751,#2752,#2753,#2754),(#2755,#2756,#2757,
#2758,#2759,#2760,#2761),(#2762,#2763,#2764,#2765,#2766,#2767,#2768),(#2769,
#2770,#2771,#2772,#2773,#2774,#2775),(#2776,#2777,#2778,#2779,#2780,#2781,
#2782),(#2783,#2784,#2785,#2786,#2787,#2788,#2789),(#2790,#2791,#2792,#2793,
#2794,#2795,#2796),(#2797,#2798,#2799,#2800,#2801,#2802,#2803),(#2804,#2805,
#2806,#2807,#2808,#2809,#2810),(#2811,#2812,#2813,#2814,#2815,#2816,#2817),
(#2818,#2819,#2820,#2821,#2822,#2823,#2824),(#2825,#2826,#2827,#2828,#2829,
#2830,#2831),(#2832,#2833,#2834,#2835,#2836,#2837,#2838),(#2839,#2840,#2841,
#2842,#2843,#2844,#2845),(#2846,#2847,#2848,#2849,#2850,#2851,#2852),(#2853,
#2854,#2855,#2856,#2857,#2858,#2859),(#2860,#2861,#2862,#2863,#2864,#2865,
#2866),(#2867,#2868,#2869,#2870,#2871,#2872,#2873),(#2874,#2875,#2876,#2877,
#2878,#2879,#2880),(#2881,#2882,#2883,#2884,#2885,#2886,#2887),(#2888,#2889,
#2890,#2891,#2892,#2893,#2894)),.UNSPECIFIED.,.F.,.F.,.F.,(4,2,2,2,2,2,
2,2,2,2,4),(4,1,1,1,4),(0.,0.0625,0.125,0.25,0.375,0.5,0.625,0.75,0.875,
0.9375,1.),(0.0116835534780671,0.0136794062754777,0.0160531093485999,0.0184268124217221,
0.0208005154948444),.UNSPECIFIED.);
#21=B_SPLINE_SURFACE_WITH_KNOTS('',3,3,((#2895,#2896,#2897,#2898,#2899,
#2900,#2901,#2902,#2903,#2904,#2905),(#2906,#2907,#2908,#2909,#2910,#2911,
#2912,#2913,#2914,#2915,#2916),(#2917,#2918,#2919,#2920,#2921,#2922,#2923,
#2924,#2925,#2926,#2927),(#2928,#2929,#2930,#2931,#2932,#2933,#2934,#2935,
#2936,#2937,#2938),(#2939,#2940,#2941,#2942,#2943,#2944,#2945,#2946,#2947,
#2948,#2949),(#2950,#2951,#2952,#2953,#2954,#2955,#2956,#2957,#2958,#2959,
#2960),(#2961,#2962,#2963,#2964,#2965,#2966,#2967,#2968,#2969,#2970,#2971),
(#2972,#2973,#2974,#2975,#2976,#2977,#2978,#2979,#2980,#2981,#2982),(#2983,
#2984,#2985,#2986,#2987,#2988,#2989,#2990,#2991,#2992,#2993),(#2994,#2995,
#2996,#2997,#2998,#2999,#3000,#3001,#3002,#3003,#3004),(#3005,#3006,#3007,
#3008,#3009,#3010,#3011,#3012,#3013,#3014,#3015),(#3016,#3017,#3018,#3019,
#3020,#3021,#3022,#3023,#3024,#3025,#3026),(#3027,#3028,#3029,#3030,#3031,
#3032,#3033,#3034,#3035,#3036,#3037),(#3038,#3039,#3040,#3041,#3042,#3043,
#3044,#3045,#3046,#3047,#3048),(#3049,#3050,#3051,#3052,#3053,#3054,#3055,
#3056,#3057,#3058,#3059),(#3060,#3061,#3062,#3063,#3064,#3065,#3066,#3067,
#3068,#3069,#3070),(#3071,#3072,#3073,#3074,#3075,#3076,#3077,#3078,#3079,
#3080,#3081),(#3082,#3083,#3084,#3085,#3086,#3087,#3088,#3089,#3090,#3091,
#3092),(#3093,#3094,#3095,#3096,#3097,#3098,#3099,#3100,#3101,#3102,#3103),
(#3104,#3105,#3106,#3107,#3108,#3109,#3110,#3111,#3112,#3113,#3114),(#3115,
#3116,#3117,#3118,#3119,#3120,#3121,#3122,#3123,#3124,#3125),(#3126,#3127,
#3128,#3129,#3130,#3131,#3132,#3133,#3134,#3135,#3136)),.UNSPECIFIED.,.F.,
 .F.,.F.,(4,2,2,2,2,2,2,2,2,2,4),(4,1,1,1,1,1,1,1,4),(0.,0.0625,0.125,0.25,
0.375,0.5,0.625,0.75,0.875,0.9375,1.),(0.0119460520147869,0.0128886599891485,
0.0145738070919479,0.0162589541947473,0.0179441012975468,0.0196292484003462,
0.0213143955031457,0.0229995426059451,0.0241459088652609),.UNSPECIFIED.);
#22=B_SPLINE_SURFACE_WITH_KNOTS('',3,1,((#3141,#3142),(#3143,#3144),(#3145,
#3146),(#3147,#3148)),.SURF_OF_LINEAR_EXTRUSION.,.F.,.F.,.F.,(4,4),(2,2),
(4.45143259373291E-5,1.00000000715019),(0.,1.),.PIECEWISE_BEZIER_KNOTS.);
#23=SPHERICAL_SURFACE('',#1048,0.002);
#24=SPHERICAL_SURFACE('',#1054,0.00298315541378748);
#25=(
BOUNDED_SURFACE()
B_SPLINE_SURFACE(3,2,((#1401,#1402,#1403,#1404,#1405,#1406,#1407,#1408,
#1409,#1410,#1411,#1412,#1413,#1414,#1415,#1416,#1417,#1418,#1419,#1420,
#1421,#1422,#1423,#1424,#1425,#1426,#1427,#1428,#1429,#1430,#1431,#1432,
#1433,#1434,#1435,#1436,#1437,#1438,#1439,#1440,#1441,#1442,#1443,#1444,
#1445,#1446,#1447,#1448,#1449,#1450,#1451,#1452,#1453,#1454,#1455,#1456,
#1457,#1458,#1459,#1460,#1461,#1462,#1463,#1464,#1465,#1466,#1467,#1468,
#1469,#1470,#1471,#1472,#1473,#1474,#1475,#1476,#1477,#1478,#1479,#1480,
#1481,#1482,#1483,#1484,#1485,#1486,#1487,#1488,#1489,#1490,#1491,#1492,
#1493,#1494,#1495,#1496,#1497,#1498,#1499,#1500,#1501,#1502,#1503,#1504,
#1505,#1506,#1507,#1508,#1509),(#1510,#1511,#1512,#1513,#1514,#1515,#1516,
#1517,#1518,#1519,#1520,#1521,#1522,#1523,#1524,#1525,#1526,#1527,#1528,
#1529,#1530,#1531,#1532,#1533,#1534,#1535,#1536,#1537,#1538,#1539,#1540,
#1541,#1542,#1543,#1544,#1545,#1546,#1547,#1548,#1549,#1550,#1551,#1552,
#1553,#1554,#1555,#1556,#1557,#1558,#1559,#1560,#1561,#1562,#1563,#1564,
#1565,#1566,#1567,#1568,#1569,#1570,#1571,#1572,#1573,#1574,#1575,#1576,
#1577,#1578,#1579,#1580,#1581,#1582,#1583,#1584,#1585,#1586,#1587,#1588,
#1589,#1590,#1591,#1592,#1593,#1594,#1595,#1596,#1597,#1598,#1599,#1600,
#1601,#1602,#1603,#1604,#1605,#1606,#1607,#1608,#1609,#1610,#1611,#1612,
#1613,#1614,#1615,#1616,#1617,#1618),(#1619,#1620,#1621,#1622,#1623,#1624,
#1625,#1626,#1627,#1628,#1629,#1630,#1631,#1632,#1633,#1634,#1635,#1636,
#1637,#1638,#1639,#1640,#1641,#1642,#1643,#1644,#1645,#1646,#1647,#1648,
#1649,#1650,#1651,#1652,#1653,#1654,#1655,#1656,#1657,#1658,#1659,#1660,
#1661,#1662,#1663,#1664,#1665,#1666,#1667,#1668,#1669,#1670,#1671,#1672,
#1673,#1674,#1675,#1676,#1677,#1678,#1679,#1680,#1681,#1682,#1683,#1684,
#1685,#1686,#1687,#1688,#1689,#1690,#1691,#1692,#1693,#1694,#1695,#1696,
#1697,#1698,#1699,#1700,#1701,#1702,#1703,#1704,#1705,#1706,#1707,#1708,
#1709,#1710,#1711,#1712,#1713,#1714,#1715,#1716,#1717,#1718,#1719,#1720,
#1721,#1722,#1723,#1724,#1725,#1726,#1727),(#1728,#1729,#1730,#1731,#1732,
#1733,#1734,#1735,#1736,#1737,#1738,#1739,#1740,#1741,#1742,#1743,#1744,
#1745,#1746,#1747,#1748,#1749,#1750,#1751,#1752,#1753,#1754,#1755,#1756,
#1757,#1758,#1759,#1760,#1761,#1762,#1763,#1764,#1765,#1766,#1767,#1768,
#1769,#1770,#1771,#1772,#1773,#1774,#1775,#1776,#1777,#1778,#1779,#1780,
#1781,#1782,#1783,#1784,#1785,#1786,#1787,#1788,#1789,#1790,#1791,#1792,
#1793,#1794,#1795,#1796,#1797,#1798,#1799,#1800,#1801,#1802,#1803,#1804,
#1805,#1806,#1807,#1808,#1809,#1810,#1811,#1812,#1813,#1814,#1815,#1816,
#1817,#1818,#1819,#1820,#1821,#1822,#1823,#1824,#1825,#1826,#1827,#1828,
#1829,#1830,#1831,#1832,#1833,#1834,#1835,#1836),(#1837,#1838,#1839,#1840,
#1841,#1842,#1843,#1844,#1845,#1846,#1847,#1848,#1849,#1850,#1851,#1852,
#1853,#1854,#1855,#1856,#1857,#1858,#1859,#1860,#1861,#1862,#1863,#1864,
#1865,#1866,#1867,#1868,#1869,#1870,#1871,#1872,#1873,#1874,#1875,#1876,
#1877,#1878,#1879,#1880,#1881,#1882,#1883,#1884,#1885,#1886,#1887,#1888,
#1889,#1890,#1891,#1892,#1893,#1894,#1895,#1896,#1897,#1898,#1899,#1900,
#1901,#1902,#1903,#1904,#1905,#1906,#1907,#1908,#1909,#1910,#1911,#1912,
#1913,#1914,#1915,#1916,#1917,#1918,#1919,#1920,#1921,#1922,#1923,#1924,
#1925,#1926,#1927,#1928,#1929,#1930,#1931,#1932,#1933,#1934,#1935,#1936,
#1937,#1938,#1939,#1940,#1941,#1942,#1943,#1944,#1945),(#1946,#1947,#1948,
#1949,#1950,#1951,#1952,#1953,#1954,#1955,#1956,#1957,#1958,#1959,#1960,
#1961,#1962,#1963,#1964,#1965,#1966,#1967,#1968,#1969,#1970,#1971,#1972,
#1973,#1974,#1975,#1976,#1977,#1978,#1979,#1980,#1981,#1982,#1983,#1984,
#1985,#1986,#1987,#1988,#1989,#1990,#1991,#1992,#1993,#1994,#1995,#1996,
#1997,#1998,#1999,#2000,#2001,#2002,#2003,#2004,#2005,#2006,#2007,#2008,
#2009,#2010,#2011,#2012,#2013,#2014,#2015,#2016,#2017,#2018,#2019,#2020,
#2021,#2022,#2023,#2024,#2025,#2026,#2027,#2028,#2029,#2030,#2031,#2032,
#2033,#2034,#2035,#2036,#2037,#2038,#2039,#2040,#2041,#2042,#2043,#2044,
#2045,#2046,#2047,#2048,#2049,#2050,#2051,#2052,#2053,#2054),(#2055,#2056,
#2057,#2058,#2059,#2060,#2061,#2062,#2063,#2064,#2065,#2066,#2067,#2068,
#2069,#2070,#2071,#2072,#2073,#2074,#2075,#2076,#2077,#2078,#2079,#2080,
#2081,#2082,#2083,#2084,#2085,#2086,#2087,#2088,#2089,#2090,#2091,#2092,
#2093,#2094,#2095,#2096,#2097,#2098,#2099,#2100,#2101,#2102,#2103,#2104,
#2105,#2106,#2107,#2108,#2109,#2110,#2111,#2112,#2113,#2114,#2115,#2116,
#2117,#2118,#2119,#2120,#2121,#2122,#2123,#2124,#2125,#2126,#2127,#2128,
#2129,#2130,#2131,#2132,#2133,#2134,#2135,#2136,#2137,#2138,#2139,#2140,
#2141,#2142,#2143,#2144,#2145,#2146,#2147,#2148,#2149,#2150,#2151,#2152,
#2153,#2154,#2155,#2156,#2157,#2158,#2159,#2160,#2161,#2162,#2163)),
 .UNSPECIFIED.,.T.,.F.,.F.)
B_SPLINE_SURFACE_WITH_KNOTS((4,3,4),(3,2,2,2,2,2,2,2,2,2,2,2,2,2,2,2,2,
2,2,2,2,2,2,2,2,2,2,2,2,2,2,2,2,2,2,2,2,2,2,2,2,2,2,2,2,2,2,2,2,2,2,2,2,
2,3),(0.,0.5,1.),(0.,0.0185185185185185,0.037037037037037,0.0555555555555556,
0.0740740740740741,0.0925925925925926,0.111111111111111,0.12962962962963,
0.148148148148148,0.166666666666667,0.185185185185185,0.203703703703703,
0.222222222222222,0.240740740740741,0.25925925925926,0.277777777777778,
0.296296296296297,0.314814814814815,0.333333333333334,0.351851851851852,
0.370370370370371,0.388888888888889,0.407407407407407,0.425925925925926,
0.444444444444444,0.462962962962963,0.481481481481482,0.5,0.518518518518519,
0.537037037037037,0.555555555555556,0.574074074074074,0.592592592592593,
0.611111111111111,0.62962962962963,0.648148148148148,0.666666666666667,
0.685185185185185,0.703703703703704,0.722222222222222,0.740740740740741,
0.759259259259259,0.777777777777778,0.796296296296296,0.814814814814815,
0.833333333333333,0.851851851851852,0.87037037037037,0.888888888888889,
0.907407407407407,0.925925925925926,0.944444444444444,0.962962962962963,
0.981481481481482,1.),.UNSPECIFIED.)
GEOMETRIC_REPRESENTATION_ITEM()
RATIONAL_B_SPLINE_SURFACE(((1.,0.866025403784439,1.,0.866025403784439,1.,
0.866025403784439,1.,0.866025403784439,1.,0.866025403784439,1.,0.866025403784439,
1.,0.866025403784439,1.,0.866025403784439,1.,0.866025403784439,1.,0.866025403784439,
1.,0.866025403784439,1.,0.866025403784439,1.,0.866025403784439,1.,0.866025403784439,
1.,0.866025403784439,1.,0.866025403784439,1.,0.866025403784439,1.,0.866025403784439,
1.,0.866025403784439,1.,0.866025403784439,1.,0.866025403784439,1.,0.866025403784439,
1.,0.866025403784439,1.,0.866025403784439,1.,0.866025403784439,1.,0.866025403784439,
1.,0.866025403784439,1.,0.866025403784439,1.,0.866025403784439,1.,0.866025403784439,
1.,0.866025403784439,1.,0.866025403784439,1.,0.866025403784439,1.,0.866025403784439,
1.,0.866025403784439,1.,0.866025403784439,1.,0.866025403784439,1.,0.866025403784439,
1.,0.866025403784439,1.,0.866025403784439,1.,0.866025403784439,1.,0.866025403784439,
1.,0.866025403784439,1.,0.866025403784439,1.,0.866025403784439,1.,0.866025403784439,
1.,0.866025403784439,1.,0.866025403784439,1.,0.866025403784439,1.,0.866025403784439,
1.,0.866025403784439,1.,0.866025403784439,1.,0.866025403784439,1.,0.866025403784439,
1.),(0.333333333333334,0.288675134594813,0.333333333333334,0.288675134594813,
0.333333333333334,0.288675134594813,0.333333333333334,0.288675134594813,
0.333333333333334,0.288675134594813,0.333333333333334,0.288675134594813,
0.333333333333334,0.288675134594813,0.333333333333334,0.288675134594813,
0.333333333333334,0.288675134594813,0.333333333333334,0.288675134594813,
0.333333333333334,0.288675134594813,0.333333333333334,0.288675134594813,
0.333333333333334,0.288675134594813,0.333333333333334,0.288675134594813,
0.333333333333334,0.288675134594813,0.333333333333334,0.288675134594813,
0.333333333333334,0.288675134594813,0.333333333333334,0.288675134594813,
0.333333333333334,0.288675134594813,0.333333333333334,0.288675134594813,
0.333333333333334,0.288675134594813,0.333333333333334,0.288675134594813,
0.333333333333334,0.288675134594813,0.333333333333334,0.288675134594813,
0.333333333333334,0.288675134594813,0.333333333333334,0.288675134594813,
0.333333333333334,0.288675134594813,0.333333333333334,0.288675134594813,
0.333333333333334,0.288675134594813,0.333333333333334,0.288675134594813,
0.333333333333334,0.288675134594813,0.333333333333334,0.288675134594813,
0.333333333333334,0.288675134594813,0.333333333333334,0.288675134594813,
0.333333333333334,0.288675134594813,0.333333333333334,0.288675134594813,
0.333333333333334,0.288675134594813,0.333333333333334,0.288675134594813,
0.333333333333334,0.288675134594813,0.333333333333334,0.288675134594813,
0.333333333333334,0.288675134594813,0.333333333333334,0.288675134594813,
0.333333333333334,0.288675134594813,0.333333333333334,0.288675134594813,
0.333333333333334,0.288675134594813,0.333333333333334,0.288675134594813,
0.333333333333334,0.288675134594813,0.333333333333334,0.288675134594813,
0.333333333333334,0.288675134594813,0.333333333333334,0.288675134594813,
0.333333333333334,0.288675134594813,0.333333333333334,0.288675134594813,
0.333333333333334,0.288675134594813,0.333333333333334,0.288675134594813,
0.333333333333334),(0.333333333333334,0.288675134594813,0.333333333333334,
0.288675134594813,0.333333333333334,0.288675134594813,0.333333333333334,
0.288675134594813,0.333333333333334,0.288675134594813,0.333333333333334,
0.288675134594813,0.333333333333334,0.288675134594813,0.333333333333334,
0.288675134594813,0.333333333333334,0.288675134594813,0.333333333333334,
0.288675134594813,0.333333333333334,0.288675134594813,0.333333333333334,
0.288675134594813,0.333333333333334,0.288675134594813,0.333333333333334,
0.288675134594813,0.333333333333334,0.288675134594813,0.333333333333334,
0.288675134594813,0.333333333333334,0.288675134594813,0.333333333333334,
0.288675134594813,0.333333333333334,0.288675134594813,0.333333333333334,
0.288675134594813,0.333333333333334,0.288675134594813,0.333333333333334,
0.288675134594813,0.333333333333334,0.288675134594813,0.333333333333334,
0.288675134594813,0.333333333333334,0.288675134594813,0.333333333333334,
0.288675134594813,0.333333333333334,0.288675134594813,0.333333333333334,
0.288675134594813,0.333333333333334,0.288675134594813,0.333333333333334,
0.288675134594813,0.333333333333334,0.288675134594813,0.333333333333334,
0.288675134594813,0.333333333333334,0.288675134594813,0.333333333333334,
0.288675134594813,0.333333333333334,0.288675134594813,0.333333333333334,
0.288675134594813,0.333333333333334,0.288675134594813,0.333333333333334,
0.288675134594813,0.333333333333334,0.288675134594813,0.333333333333334,
0.288675134594813,0.333333333333334,0.288675134594813,0.333333333333334,
0.288675134594813,0.333333333333334,0.288675134594813,0.333333333333334,
0.288675134594813,0.333333333333334,0.288675134594813,0.333333333333334,
0.288675134594813,0.333333333333334,0.288675134594813,0.333333333333334,
0.288675134594813,0.333333333333334,0.288675134594813,0.333333333333334,
0.288675134594813,0.333333333333334,0.288675134594813,0.333333333333334,
0.288675134594813,0.333333333333334,0.288675134594813,0.333333333333334,
0.288675134594813,0.333333333333334),(1.,0.866025403784439,1.,0.866025403784439,
1.,0.866025403784439,1.,0.866025403784439,1.,0.866025403784439,1.,0.866025403784439,
1.,0.866025403784439,1.,0.866025403784439,1.,0.866025403784439,1.,0.866025403784439,
1.,0.866025403784439,1.,0.866025403784439,1.,0.866025403784439,1.,0.866025403784439,
1.,0.866025403784439,1.,0.866025403784439,1.,0.866025403784439,1.,0.866025403784439,
1.,0.866025403784439,1.,0.866025403784439,1.,0.866025403784439,1.,0.866025403784439,
1.,0.866025403784439,1.,0.866025403784439,1.,0.866025403784439,1.,0.866025403784439,
1.,0.866025403784439,1.,0.866025403784439,1.,0.866025403784439,1.,0.866025403784439,
1.,0.866025403784439,1.,0.866025403784439,1.,0.866025403784439,1.,0.866025403784439,
1.,0.866025403784439,1.,0.866025403784439,1.,0.866025403784439,1.,0.866025403784439,
1.,0.866025403784439,1.,0.866025403784439,1.,0.866025403784439,1.,0.866025403784439,
1.,0.866025403784439,1.,0.866025403784439,1.,0.866025403784439,1.,0.866025403784439,
1.,0.866025403784439,1.,0.866025403784439,1.,0.866025403784439,1.,0.866025403784439,
1.,0.866025403784439,1.,0.866025403784439,1.,0.866025403784439,1.,0.866025403784439,
1.),(0.333333333333334,0.288675134594813,0.333333333333334,0.288675134594813,
0.333333333333334,0.288675134594813,0.333333333333334,0.288675134594813,
0.333333333333334,0.288675134594813,0.333333333333334,0.288675134594813,
0.333333333333334,0.288675134594813,0.333333333333334,0.288675134594813,
0.333333333333334,0.288675134594813,0.333333333333334,0.288675134594813,
0.333333333333334,0.288675134594813,0.333333333333334,0.288675134594813,
0.333333333333334,0.288675134594813,0.333333333333334,0.288675134594813,
0.333333333333334,0.288675134594813,0.333333333333334,0.288675134594813,
0.333333333333334,0.288675134594813,0.333333333333334,0.288675134594813,
0.333333333333334,0.288675134594813,0.333333333333334,0.288675134594813,
0.333333333333334,0.288675134594813,0.333333333333334,0.288675134594813,
0.333333333333334,0.288675134594813,0.333333333333334,0.288675134594813,
0.333333333333334,0.288675134594813,0.333333333333334,0.288675134594813,
0.333333333333334,0.288675134594813,0.333333333333334,0.288675134594813,
0.333333333333334,0.288675134594813,0.333333333333334,0.288675134594813,
0.333333333333334,0.288675134594813,0.333333333333334,0.288675134594813,
0.333333333333334,0.288675134594813,0.333333333333334,0.288675134594813,
0.333333333333334,0.288675134594813,0.333333333333334,0.288675134594813,
0.333333333333334,0.288675134594813,0.333333333333334,0.288675134594813,
0.333333333333334,0.288675134594813,0.333333333333334,0.288675134594813,
0.333333333333334,0.288675134594813,0.333333333333334,0.288675134594813,
0.333333333333334,0.288675134594813,0.333333333333334,0.288675134594813,
0.333333333333334,0.288675134594813,0.333333333333334,0.288675134594813,
0.333333333333334,0.288675134594813,0.333333333333334,0.288675134594813,
0.333333333333334,0.288675134594813,0.333333333333334,0.288675134594813,
0.333333333333334,0.288675134594813,0.333333333333334,0.288675134594813,
0.333333333333334,0.288675134594813,0.333333333333334,0.288675134594813,
0.333333333333334),(0.333333333333334,0.288675134594813,0.333333333333334,
0.288675134594813,0.333333333333334,0.288675134594813,0.333333333333334,
0.288675134594813,0.333333333333334,0.288675134594813,0.333333333333334,
0.288675134594813,0.333333333333334,0.288675134594813,0.333333333333334,
0.288675134594813,0.333333333333334,0.288675134594813,0.333333333333334,
0.288675134594813,0.333333333333334,0.288675134594813,0.333333333333334,
0.288675134594813,0.333333333333334,0.288675134594813,0.333333333333334,
0.288675134594813,0.333333333333334,0.288675134594813,0.333333333333334,
0.288675134594813,0.333333333333334,0.288675134594813,0.333333333333334,
0.288675134594813,0.333333333333334,0.288675134594813,0.333333333333334,
0.288675134594813,0.333333333333334,0.288675134594813,0.333333333333334,
0.288675134594813,0.333333333333334,0.288675134594813,0.333333333333334,
0.288675134594813,0.333333333333334,0.288675134594813,0.333333333333334,
0.288675134594813,0.333333333333334,0.288675134594813,0.333333333333334,
0.288675134594813,0.333333333333334,0.288675134594813,0.333333333333334,
0.288675134594813,0.333333333333334,0.288675134594813,0.333333333333334,
0.288675134594813,0.333333333333334,0.288675134594813,0.333333333333334,
0.288675134594813,0.333333333333334,0.288675134594813,0.333333333333334,
0.288675134594813,0.333333333333334,0.288675134594813,0.333333333333334,
0.288675134594813,0.333333333333334,0.288675134594813,0.333333333333334,
0.288675134594813,0.333333333333334,0.288675134594813,0.333333333333334,
0.288675134594813,0.333333333333334,0.288675134594813,0.333333333333334,
0.288675134594813,0.333333333333334,0.288675134594813,0.333333333333334,
0.288675134594813,0.333333333333334,0.288675134594813,0.333333333333334,
0.288675134594813,0.333333333333334,0.288675134594813,0.333333333333334,
0.288675134594813,0.333333333333334,0.288675134594813,0.333333333333334,
0.288675134594813,0.333333333333334,0.288675134594813,0.333333333333334,
0.288675134594813,0.333333333333334),(1.,0.866025403784439,1.,0.866025403784439,
1.,0.866025403784439,1.,0.866025403784439,1.,0.866025403784439,1.,0.866025403784439,
1.,0.866025403784439,1.,0.866025403784439,1.,0.866025403784439,1.,0.866025403784439,
1.,0.866025403784439,1.,0.866025403784439,1.,0.866025403784439,1.,0.866025403784439,
1.,0.866025403784439,1.,0.866025403784439,1.,0.866025403784439,1.,0.866025403784439,
1.,0.866025403784439,1.,0.866025403784439,1.,0.866025403784439,1.,0.866025403784439,
1.,0.866025403784439,1.,0.866025403784439,1.,0.866025403784439,1.,0.866025403784439,
1.,0.866025403784439,1.,0.866025403784439,1.,0.866025403784439,1.,0.866025403784439,
1.,0.866025403784439,1.,0.866025403784439,1.,0.866025403784439,1.,0.866025403784439,
1.,0.866025403784439,1.,0.866025403784439,1.,0.866025403784439,1.,0.866025403784439,
1.,0.866025403784439,1.,0.866025403784439,1.,0.866025403784439,1.,0.866025403784439,
1.,0.866025403784439,1.,0.866025403784439,1.,0.866025403784439,1.,0.866025403784439,
1.,0.866025403784439,1.,0.866025403784439,1.,0.866025403784439,1.,0.866025403784439,
1.,0.866025403784439,1.,0.866025403784439,1.,0.866025403784439,1.,0.866025403784439,
1.)))
REPRESENTATION_ITEM('')
SURFACE()
);
#26=(
BOUNDED_SURFACE()
B_SPLINE_SURFACE(3,3,((#3160,#3161,#3162,#3163),(#3164,#3165,#3166,#3167),
(#3168,#3169,#3170,#3171),(#3172,#3173,#3174,#3175)),
 .SURF_OF_REVOLUTION.,.F.,.F.,.F.)
B_SPLINE_SURFACE_WITH_KNOTS((4,4),(4,4),(0.,0.315343867146592),(0.,1.),
 .PIECEWISE_BEZIER_KNOTS.)
GEOMETRIC_REPRESENTATION_ITEM()
RATIONAL_B_SPLINE_SURFACE(((1.,0.999999623985559,0.999999623985559,1.),
(1.,0.999999623985559,0.999999623985559,1.),(1.,0.999999623985559,0.999999623985559,
1.),(1.,0.999999623985559,0.999999623985559,1.)))
REPRESENTATION_ITEM('')
SURFACE()
);
#27=(
BOUNDED_SURFACE()
B_SPLINE_SURFACE(3,3,((#3180,#3181,#3182,#3183),(#3184,#3185,#3186,#3187),
(#3188,#3189,#3190,#3191),(#3192,#3193,#3194,#3195),(#3196,#3197,#3198,
#3199),(#3200,#3201,#3202,#3203)),.SURF_OF_REVOLUTION.,.F.,.F.,.F.)
B_SPLINE_SURFACE_WITH_KNOTS((4,1,1,4),(4,4),(0.0638516705161043,0.531925835258052,
0.765962917629026,1.),(0.,1.),.UNSPECIFIED.)
GEOMETRIC_REPRESENTATION_ITEM()
RATIONAL_B_SPLINE_SURFACE(((1.,0.998952621069659,0.998952621069659,1.),
(1.,0.998952621069659,0.998952621069659,1.),(1.,0.998952621069659,0.998952621069659,
1.),(1.,0.998952621069659,0.998952621069659,1.),(1.,0.998952621069659,0.998952621069659,
1.),(1.,0.998952621069659,0.998952621069659,1.)))
REPRESENTATION_ITEM('')
SURFACE()
);
#28=(
BOUNDED_SURFACE()
B_SPLINE_SURFACE(3,3,((#3204,#3205,#3206,#3207),(#3208,#3209,#3210,#3211),
(#3212,#3213,#3214,#3215),(#3216,#3217,#3218,#3219),(#3220,#3221,#3222,
#3223)),.SURF_OF_REVOLUTION.,.F.,.F.,.F.)
B_SPLINE_SURFACE_WITH_KNOTS((4,1,4),(4,4),(0.,0.348168293146483,0.696336586292966),
(0.,1.),.UNSPECIFIED.)
GEOMETRIC_REPRESENTATION_ITEM()
RATIONAL_B_SPLINE_SURFACE(((1.,0.999371950790768,0.999371950790768,1.),
(1.,0.999371950790768,0.999371950790768,1.),(1.,0.999371950790768,0.999371950790768,
1.),(1.,0.999371950790768,0.999371950790768,1.),(1.,0.999371950790768,0.999371950790768,
1.)))
REPRESENTATION_ITEM('')
SURFACE()
);
#29=CONICAL_SURFACE('',#1017,0.00561086406338478,0.573331324819138);
#30=B_SPLINE_CURVE_WITH_KNOTS('',3,(#1333,#1334,#1335,#1336,#1337,#1338,
#1339,#1340,#1341,#1342,#1343,#1344,#1345,#1346,#1347,#1348,#1349,#1350,
#1351,#1352,#1353,#1354,#1355,#1356,#1357,#1358),.UNSPECIFIED.,.F.,.F.,
(4,1,1,1,1,1,1,1,1,1,1,1,1,1,1,1,1,1,1,1,1,1,1,4),(0.,0.00153724291214427,
0.00307448582428855,0.00384310728036069,0.00422741800839675,0.00461172873643282,
0.00499603946446889,0.00518819482848693,0.00538035019250496,0.00557250555652299,
0.00566858323853201,0.00576466092054103,0.00586073860255005,0.00595681628455906,
0.0061489716485771,0.00634112701259513,0.00653328237661317,0.00691759310464923,
0.0073019038326853,0.00768621456072137,0.00845483601679351,0.00922345747286565,
0.0107607003850099,0.0122979432971542),.UNSPECIFIED.);
#31=B_SPLINE_CURVE_WITH_KNOTS('',3,(#2167,#2168,#2169,#2170,#2171,#2172,
#2173,#2174,#2175,#2176,#2177,#2178,#2179,#2180,#2181,#2182,#2183,#2184,
#2185,#2186,#2187,#2188,#2189,#2190,#2191,#2192),.UNSPECIFIED.,.F.,.F.,
(4,1,1,1,1,1,1,1,1,1,1,1,1,1,1,1,1,1,1,1,1,1,1,4),(0.,0.00151478663092913,
0.00227217994639369,0.00302957326185826,0.00378696657732282,0.00454435989278738,
0.00492305655051966,0.00530175320825195,0.00568044986598423,0.00605914652371651,
0.00624849485258265,0.00634316901701572,0.00643784318144879,0.00653251734588186,
0.00662719151031493,0.00681653983918108,0.00700588816804722,0.00719523649691336,
0.00757393315464564,0.00795262981237792,0.0083313264701102,0.00908871978557477,
0.0106035064165039,0.012118293047433),.UNSPECIFIED.);
#32=B_SPLINE_CURVE_WITH_KNOTS('',3,(#2210,#2211,#2212,#2213,#2214,#2215,
#2216,#2217,#2218),.UNSPECIFIED.,.F.,.F.,(4,1,1,1,1,1,4),(8.67361737988404E-18,
0.00130074859217625,0.00195112288826436,0.00260149718435248,0.0032518714804406,
0.00390224577652872,0.00520299436870495),.UNSPECIFIED.);
#33=B_SPLINE_CURVE_WITH_KNOTS('',3,(#2223,#2224,#2225,#2226,#2227,#2228,
#2229),.UNSPECIFIED.,.F.,.F.,(4,1,1,1,4),(0.,0.00121649897034052,0.00243299794068105,
0.00364949691102157,0.0048659958813621),.UNSPECIFIED.);
#34=B_SPLINE_CURVE_WITH_KNOTS('',3,(#2237,#2238,#2239,#2240,#2241),
 .UNSPECIFIED.,.F.,.F.,(4,1,4),(0.,0.00112148524472716,0.00224297048945432),
 .UNSPECIFIED.);
#35=B_SPLINE_CURVE_WITH_KNOTS('',3,(#2259,#2260,#2261,#2262,#2263,#2264,
#2265,#2266,#2267,#2268,#2269),.UNSPECIFIED.,.T.,.F.,(1,1,1,1,1,1,1,1,1,
1,1,1,1,1,1),(-0.0047382505973287,-0.00315883373155247,-0.00157941686577624,
0.,0.00157941686577623,0.00315883373155247,0.0047382505973287,0.00631766746310494,
0.00789708432888117,0.00947650119465741,0.0110559180604336,0.0126353349262099,
0.0142147517919861,0.0157941686577623,0.0173735855235386),.UNSPECIFIED.);
#36=B_SPLINE_CURVE_WITH_KNOTS('',3,(#2273,#2274,#2275,#2276,#2277,#2278,
#2279,#2280,#2281,#2282,#2283),.UNSPECIFIED.,.F.,.F.,(4,1,1,1,1,1,1,1,4),
(2.95035710115262E-7,0.249988276177336,0.374982266748149,0.437479262033555,
0.499976257318962,0.562473252604368,0.624970247889775,0.749964238460587,
0.999952219602213),.UNSPECIFIED.);
#37=B_SPLINE_CURVE_WITH_KNOTS('',3,(#2286,#2287,#2288,#2289),
 .UNSPECIFIED.,.F.,.F.,(4,4),(0.,8.52849990369161E-5),.UNSPECIFIED.);
#38=B_SPLINE_CURVE_WITH_KNOTS('',3,(#2293,#2294,#2295,#2296),
 .UNSPECIFIED.,.F.,.F.,(4,4),(0.,1.),.UNSPECIFIED.);
#39=B_SPLINE_CURVE_WITH_KNOTS('',3,(#2298,#2299,#2300,#2301,#2302,#2303,
#2304,#2305,#2306),.UNSPECIFIED.,.F.,.F.,(4,1,1,1,1,1,4),(-0.00150635280719916,
-0.00112565862574777,-0.000744964444296376,-0.000364270262844982,1.6423918606412E-5,
0.0007778122815092,0.00153920064441199),.UNSPECIFIED.);
#40=B_SPLINE_CURVE_WITH_KNOTS('',3,(#2310,#2311,#2312,#2313,#2314,#2315,
#2316,#2317,#2318,#2319,#2320,#2321,#2322,#2323,#2324,#2325,#2326,#2327,
#2328,#2329,#2330,#2331,#2332,#2333,#2334,#2335),.UNSPECIFIED.,.F.,.F.,
(4,1,1,1,1,1,1,1,1,1,1,1,1,1,1,1,1,1,1,1,1,1,1,4),(0.,0.0625,0.09375,0.125,
0.140625,0.15625,0.1875,0.21875,0.234375,0.2421875,0.25,0.2578125,0.265625,
0.28125,0.3125,0.375,0.4375,0.46875,0.5,0.53125,0.5625,0.625,0.75,1.),
 .UNSPECIFIED.);
#41=B_SPLINE_CURVE_WITH_KNOTS('',3,(#2339,#2340,#2341,#2342,#2343,#2344,
#2345,#2346,#2347,#2348,#2349,#2350,#2351),.UNSPECIFIED.,.F.,.F.,(4,1,1,
1,1,1,1,1,1,1,4),(-0.00258105764735756,-0.00229238367625765,-0.00200370970515774,
-0.00142636176295792,-0.000849013820758106,-0.00027166587855829,0.000305682063641527,
0.000883030005841343,0.00146037794804116,0.00174905191914107,0.00203772589024098),
 .UNSPECIFIED.);
#42=B_SPLINE_CURVE_WITH_KNOTS('',3,(#2353,#2354,#2355,#2356),
 .UNSPECIFIED.,.F.,.F.,(4,4),(0.,1.),.UNSPECIFIED.);
#43=B_SPLINE_CURVE_WITH_KNOTS('',3,(#2371,#2372,#2373,#2374),
 .UNSPECIFIED.,.F.,.F.,(4,4),(1.06526618291924E-7,1.),.UNSPECIFIED.);
#44=B_SPLINE_CURVE_WITH_KNOTS('',3,(#2376,#2377,#2378,#2379,#2380),
 .UNSPECIFIED.,.F.,.F.,(4,1,4),(0.,0.001484955443858,0.00296991088771601),
 .UNSPECIFIED.);
#45=B_SPLINE_CURVE_WITH_KNOTS('',3,(#2382,#2383,#2384,#2385),
 .UNSPECIFIED.,.F.,.F.,(4,4),(0.0282104303239557,0.03709126991824),
 .UNSPECIFIED.);
#46=B_SPLINE_CURVE_WITH_KNOTS('',3,(#2389,#2390,#2391,#2392,#2393,#2394,
#2395,#2396,#2397),.UNSPECIFIED.,.F.,.F.,(4,1,1,1,1,1,4),(0.,0.00914537333179365,
0.0137180599976905,0.0182907466635873,0.0228634333294841,0.0274361199953809,
0.0365814933271746),.UNSPECIFIED.);
#47=B_SPLINE_CURVE_WITH_KNOTS('',3,(#2401,#2402,#2403,#2404,#2405),
 .UNSPECIFIED.,.F.,.F.,(4,1,4),(8.67361737988404E-19,0.00971863786910864,
0.0194372757382173),.UNSPECIFIED.);
#48=B_SPLINE_CURVE_WITH_KNOTS('',3,(#2407,#2408,#2409,#2410,#2411,#2412),
 .UNSPECIFIED.,.F.,.F.,(4,1,1,4),(0.,0.00148930383928252,0.00223395575892378,
0.00297860767856503),.UNSPECIFIED.);
#49=B_SPLINE_CURVE_WITH_KNOTS('',3,(#2416,#2417,#2418,#2419),
 .UNSPECIFIED.,.F.,.F.,(4,4),(0.000248608071129495,1.),.UNSPECIFIED.);
#50=B_SPLINE_CURVE_WITH_KNOTS('',3,(#2421,#2422,#2423,#2424),
 .UNSPECIFIED.,.F.,.F.,(4,4),(0.,1.),.UNSPECIFIED.);
#51=B_SPLINE_CURVE_WITH_KNOTS('',3,(#2433,#2434,#2435,#2436,#2437,#2438,
#2439),.UNSPECIFIED.,.F.,.F.,(4,1,1,1,4),(0.,0.25,0.5,0.75,1.),
 .UNSPECIFIED.);
#52=B_SPLINE_CURVE_WITH_KNOTS('',3,(#2441,#2442,#2443,#2444),
 .UNSPECIFIED.,.F.,.F.,(4,4),(0.026284634559019,0.0370669404815835),
 .UNSPECIFIED.);
#53=B_SPLINE_CURVE_WITH_KNOTS('',3,(#2455,#2456,#2457,#2458),
 .UNSPECIFIED.,.F.,.F.,(4,4),(3.90312782094782E-18,0.0170112524659274),
 .UNSPECIFIED.);
#54=B_SPLINE_CURVE_WITH_KNOTS('',3,(#2461,#2462,#2463,#2464,#2465,#2466),
 .UNSPECIFIED.,.F.,.F.,(4,1,1,4),(0.,0.25,0.5,1.),.UNSPECIFIED.);
#55=B_SPLINE_CURVE_WITH_KNOTS('',3,(#2467,#2468,#2469,#2470,#2471,#2472,
#2473,#2474,#2475,#2476,#2477,#2478,#2479,#2480,#2481,#2482,#2483,#2484,
#2485,#2486,#2487),.UNSPECIFIED.,.F.,.F.,(4,1,1,1,1,1,1,1,1,1,1,1,1,1,1,
1,1,1,4),(6.73644745504812E-17,0.00425119138106887,0.00637678707160327,
0.00850238276213767,0.0106279784526721,0.0127535741432065,0.0138163719884737,
0.0148791698337409,0.0159419676790081,0.0170047655242753,0.0180675633695425,
0.0191303612148097,0.0201931590600769,0.0212559569053441,0.0233815525958785,
0.0255071482864129,0.0276327439769473,0.0297583396674817,0.0340095310485505),
 .UNSPECIFIED.);
#56=B_SPLINE_CURVE_WITH_KNOTS('',3,(#2489,#2490,#2491,#2492,#2493,#2494,
#2495,#2496,#2497),.UNSPECIFIED.,.F.,.F.,(4,1,1,1,1,1,4),(0.,0.00464898892503691,
0.00929797785007381,0.0139469667751107,0.0185959557001476,0.0278939335502214,
0.0371919114002952),.UNSPECIFIED.);
#57=B_SPLINE_CURVE_WITH_KNOTS('',3,(#2501,#2502,#2503,#2504,#2505,#2506,
#2507,#2508,#2509),.UNSPECIFIED.,.F.,.F.,(4,1,1,1,1,1,4),(0.,0.00464617679396614,
0.00929235358793228,0.0139385303818984,0.0185847071758646,0.0278770607637968,
0.0371694143517291),.UNSPECIFIED.);
#58=B_SPLINE_CURVE_WITH_KNOTS('',3,(#2511,#2512,#2513,#2514,#2515,#2516,
#2517,#2518,#2519,#2520,#2521,#2522,#2523,#2524,#2525,#2526,#2527,#2528,
#2529,#2530,#2531),.UNSPECIFIED.,.F.,.F.,(4,1,1,1,1,1,1,1,1,1,1,1,1,1,1,
1,1,1,4),(2.16840434497101E-18,0.00424694354366983,0.00637041531550474,
0.00849388708733965,0.0106173588591746,0.0127408306310095,0.0138025665169269,
0.0148643024028444,0.0159260382887618,0.0169877741746793,0.0180495100605968,
0.0191112459465142,0.0201729818324317,0.0212347177183491,0.023358189490184,
0.025481661262019,0.0276051330338539,0.0297286048056888,0.0339755483493586),
 .UNSPECIFIED.);
#59=B_SPLINE_CURVE_WITH_KNOTS('',3,(#2547,#2548,#2549,#2550,#2551,#2552,
#2553,#2554,#2555,#2556),.UNSPECIFIED.,.F.,.F.,(4,1,1,1,1,1,1,4),(0.,0.00921463857453709,
0.0138219578618056,0.0184292771490742,0.0230365964363427,0.0276439157236113,
0.0322512350108798,0.0368585542981484),.UNSPECIFIED.);
#60=B_SPLINE_CURVE_WITH_KNOTS('',3,(#2567,#2568,#2569,#2570,#2571,#2572,
#2573,#2574,#2575),.UNSPECIFIED.,.F.,.F.,(4,1,1,1,1,1,4),(0.,0.00979221939177921,
0.0146883290876688,0.0195844387835584,0.024480548479448,0.0293766581753376,
0.0391688775671168),.UNSPECIFIED.);
#61=B_SPLINE_CURVE_WITH_KNOTS('',3,(#2579,#2580,#2581,#2582,#2583,#2584,
#2585,#2586,#2587),.UNSPECIFIED.,.F.,.F.,(4,1,1,1,1,1,4),(0.,0.00487393340846283,
0.00974786681692565,0.0146218002253885,0.0194957336338513,0.029243600450777,
0.0389914672677026),.UNSPECIFIED.);
#62=B_SPLINE_CURVE_WITH_KNOTS('',3,(#2613,#2614,#2615,#2616,#2617,#2618,
#2619,#2620,#2621),.UNSPECIFIED.,.F.,.F.,(4,1,1,1,1,1,4),(0.,0.00978619514030003,
0.01467929271045,0.0195723902806001,0.0244654878507501,0.0293585854209001,
0.0391447805612001),.UNSPECIFIED.);
#63=B_SPLINE_CURVE_WITH_KNOTS('',3,(#2622,#2623,#2624,#2625,#2626,#2627,
#2628,#2629,#2630),.UNSPECIFIED.,.F.,.F.,(4,1,1,1,1,1,4),(0.,0.00487106414698564,
0.00974212829397127,0.0146131924409569,0.0194842565879425,0.0292263848819138,
0.0389685131758851),.UNSPECIFIED.);
#64=B_SPLINE_CURVE_WITH_KNOTS('',3,(#2641,#2642,#2643,#2644),
 .UNSPECIFIED.,.F.,.F.,(4,4),(1.08847767054835E-6,1.),.UNSPECIFIED.);
#65=B_SPLINE_CURVE_WITH_KNOTS('',3,(#2645,#2646,#2647,#2648,#2649,#2650,
#2651,#2652),.UNSPECIFIED.,.F.,.F.,(4,1,1,1,1,4),(0.,0.000541005362542232,
0.00108201072508446,0.00216402145016893,0.00324603217525339,0.00432804290033785),
 .UNSPECIFIED.);
#66=B_SPLINE_CURVE_WITH_KNOTS('',3,(#2653,#2654,#2655,#2656,#2657,#2658,
#2659,#2660,#2661),.UNSPECIFIED.,.F.,.F.,(4,1,1,1,1,1,4),(0.,0.00913967639404413,
0.0137095145910662,0.0182793527880883,0.0228491909851103,0.0274190291821324,
0.0365587055761765),.UNSPECIFIED.);
#67=B_SPLINE_CURVE_WITH_KNOTS('',3,(#2664,#2665,#2666,#2667,#2668),
 .UNSPECIFIED.,.F.,.F.,(4,1,4),(0.,0.00178723830268901,0.00357447660537803),
 .UNSPECIFIED.);
#68=B_SPLINE_CURVE_WITH_KNOTS('',3,(#2679,#2680,#2681,#2682,#2683,#2684,
#2685,#2686,#2687,#2688),.UNSPECIFIED.,.F.,.F.,(4,1,1,1,1,1,1,4),(0.,0.0092085422213681,
0.0138128133320522,0.0184170844427362,0.0230213555534203,0.0276256266641043,
0.0322298977747884,0.0368341688854724),.UNSPECIFIED.);
#69=B_SPLINE_CURVE_WITH_KNOTS('',3,(#3137,#3138,#3139,#3140),
 .UNSPECIFIED.,.F.,.F.,(4,4),(6.28186434939665E-8,0.00212838383451913),
 .UNSPECIFIED.);
#70=B_SPLINE_CURVE_WITH_KNOTS('',3,(#3149,#3150,#3151,#3152,#3153,#3154),
 .UNSPECIFIED.,.F.,.F.,(4,1,1,4),(0.,0.00107563005014141,0.00161344507521211,
0.00215126010028282),.UNSPECIFIED.);
#71=B_SPLINE_CURVE_WITH_KNOTS('',3,(#3156,#3157,#3158,#3159),
 .UNSPECIFIED.,.F.,.F.,(4,4),(0.,0.000515010294114084),.UNSPECIFIED.);
#72=B_SPLINE_CURVE_WITH_KNOTS('',3,(#3176,#3177,#3178,#3179),
 .UNSPECIFIED.,.F.,.F.,(4,4),(0.,1.),.UNSPECIFIED.);
#73=LINE('',#1330,#123);
#74=LINE('',#1371,#124);
#75=LINE('',#1374,#125);
#76=LINE('',#1376,#126);
#77=LINE('',#1378,#127);
#78=LINE('',#1380,#128);
#79=LINE('',#1382,#129);
#80=LINE('',#1384,#130);
#81=LINE('',#1388,#131);
#82=LINE('',#1392,#132);
#83=LINE('',#1393,#133);
#84=LINE('',#2196,#134);
#85=LINE('',#2221,#135);
#86=LINE('',#2231,#136);
#87=LINE('',#2232,#137);
#88=LINE('',#2245,#138);
#89=LINE('',#2291,#139);
#90=LINE('',#2308,#140);
#91=LINE('',#2337,#141);
#92=LINE('',#2358,#142);
#93=LINE('',#2360,#143);
#94=LINE('',#2387,#144);
#95=LINE('',#2399,#145);
#96=LINE('',#2414,#146);
#97=LINE('',#2446,#147);
#98=LINE('',#2499,#148);
#99=LINE('',#2545,#149);
#100=LINE('',#2558,#150);
#101=LINE('',#2577,#151);
#102=LINE('',#2602,#152);
#103=LINE('',#2611,#153);
#104=LINE('',#2632,#154);
#105=LINE('',#2663,#155);
#106=LINE('',#2677,#156);
#107=LINE('',#2690,#157);
#108=LINE('',#2691,#158);
#109=LINE('',#2693,#159);
#110=LINE('',#2695,#160);
#111=LINE('',#2697,#161);
#112=LINE('',#2699,#162);
#113=LINE('',#2701,#163);
#114=LINE('',#2705,#164);
#115=LINE('',#2709,#165);
#116=LINE('',#2716,#166);
#117=LINE('',#2722,#167);
#118=LINE('',#2726,#168);
#119=LINE('',#2733,#169);
#120=LINE('',#2734,#170);
#121=LINE('',#2736,#171);
#122=LINE('',#2737,#172);
#123=VECTOR('',#1107,1.);
#124=VECTOR('',#1124,1.);
#125=VECTOR('',#1125,1.);
#126=VECTOR('',#1126,1.);
#127=VECTOR('',#1127,1.);
#128=VECTOR('',#1130,1.);
#129=VECTOR('',#1131,1.);
#130=VECTOR('',#1132,1.);
#131=VECTOR('',#1137,1.);
#132=VECTOR('',#1142,1.);
#133=VECTOR('',#1143,1.);
#134=VECTOR('',#1162,1.);
#135=VECTOR('',#1181,1.);
#136=VECTOR('',#1182,1.);
#137=VECTOR('',#1183,1.);
#138=VECTOR('',#1188,1.);
#139=VECTOR('',#1215,1.);
#140=VECTOR('',#1216,1.);
#141=VECTOR('',#1217,1.);
#142=VECTOR('',#1218,1.);
#143=VECTOR('',#1219,1.);
#144=VECTOR('',#1224,1.);
#145=VECTOR('',#1225,1.);
#146=VECTOR('',#1226,1.);
#147=VECTOR('',#1227,1.);
#148=VECTOR('',#1228,1.);
#149=VECTOR('',#1235,1.);
#150=VECTOR('',#1236,1.);
#151=VECTOR('',#1237,1.);
#152=VECTOR('',#1254,1.);
#153=VECTOR('',#1255,1.);
#154=VECTOR('',#1256,1.);
#155=VECTOR('',#1257,1.);
#156=VECTOR('',#1258,1.);
#157=VECTOR('',#1261,1.);
#158=VECTOR('',#1262,1.);
#159=VECTOR('',#1265,1.);
#160=VECTOR('',#1268,1.);
#161=VECTOR('',#1271,1.);
#162=VECTOR('',#1272,1.);
#163=VECTOR('',#1273,1.);
#164=VECTOR('',#1278,1.);
#165=VECTOR('',#1283,1.);
#166=VECTOR('',#1292,1.);
#167=VECTOR('',#1299,1.);
#168=VECTOR('',#1302,1.);
#169=VECTOR('',#1311,1.);
#170=VECTOR('',#1312,1.);
#171=VECTOR('',#1315,1.);
#172=VECTOR('',#1316,1.);
#173=PLANE('',#1013);
#174=PLANE('',#1019);
#175=PLANE('',#1021);
#176=PLANE('',#1022);
#177=PLANE('',#1026);
#178=PLANE('',#1030);
#179=PLANE('',#1031);
#180=PLANE('',#1034);
#181=PLANE('',#1035);
#182=PLANE('',#1039);
#183=PLANE('',#1041);
#184=PLANE('',#1053);
#185=PLANE('',#1056);
#186=PLANE('',#1061);
#187=PLANE('',#1065);
#188=PLANE('',#1069);
#189=PLANE('',#1076);
#190=PLANE('',#1077);
#191=PLANE('',#1080);
#192=PLANE('',#1085);
#193=PLANE('',#1092);
#194=PLANE('',#1093);
#195=PLANE('',#1094);
#196=PLANE('',#1095);
#197=ORIENTED_EDGE('',*,*,#465,.T.);
#198=ORIENTED_EDGE('',*,*,#466,.F.);
#199=ORIENTED_EDGE('',*,*,#467,.F.);
#200=ORIENTED_EDGE('',*,*,#468,.T.);
#201=ORIENTED_EDGE('',*,*,#469,.F.);
#202=ORIENTED_EDGE('',*,*,#465,.F.);
#203=ORIENTED_EDGE('',*,*,#470,.F.);
#204=ORIENTED_EDGE('',*,*,#469,.T.);
#205=ORIENTED_EDGE('',*,*,#471,.F.);
#206=ORIENTED_EDGE('',*,*,#470,.T.);
#207=ORIENTED_EDGE('',*,*,#472,.F.);
#208=ORIENTED_EDGE('',*,*,#471,.T.);
#209=ORIENTED_EDGE('',*,*,#473,.F.);
#210=ORIENTED_EDGE('',*,*,#474,.F.);
#211=ORIENTED_EDGE('',*,*,#475,.T.);
#212=ORIENTED_EDGE('',*,*,#476,.F.);
#213=ORIENTED_EDGE('',*,*,#466,.T.);
#214=ORIENTED_EDGE('',*,*,#477,.T.);
#215=ORIENTED_EDGE('',*,*,#476,.T.);
#216=ORIENTED_EDGE('',*,*,#478,.F.);
#217=ORIENTED_EDGE('',*,*,#479,.F.);
#218=ORIENTED_EDGE('',*,*,#480,.T.);
#219=ORIENTED_EDGE('',*,*,#481,.F.);
#220=ORIENTED_EDGE('',*,*,#482,.F.);
#221=ORIENTED_EDGE('',*,*,#479,.T.);
#222=ORIENTED_EDGE('',*,*,#483,.F.);
#223=ORIENTED_EDGE('',*,*,#474,.T.);
#224=ORIENTED_EDGE('',*,*,#484,.T.);
#225=ORIENTED_EDGE('',*,*,#481,.T.);
#226=ORIENTED_EDGE('',*,*,#485,.T.);
#227=ORIENTED_EDGE('',*,*,#486,.F.);
#228=ORIENTED_EDGE('',*,*,#484,.F.);
#229=ORIENTED_EDGE('',*,*,#473,.T.);
#230=ORIENTED_EDGE('',*,*,#477,.F.);
#231=ORIENTED_EDGE('',*,*,#482,.T.);
#232=ORIENTED_EDGE('',*,*,#485,.F.);
#233=ORIENTED_EDGE('',*,*,#475,.F.);
#234=ORIENTED_EDGE('',*,*,#483,.T.);
#235=ORIENTED_EDGE('',*,*,#480,.F.);
#236=ORIENTED_EDGE('',*,*,#478,.T.);
#237=ORIENTED_EDGE('',*,*,#486,.T.);
#238=ORIENTED_EDGE('',*,*,#487,.F.);
#239=ORIENTED_EDGE('',*,*,#488,.T.);
#240=ORIENTED_EDGE('',*,*,#468,.F.);
#241=ORIENTED_EDGE('',*,*,#489,.T.);
#242=ORIENTED_EDGE('',*,*,#489,.F.);
#243=ORIENTED_EDGE('',*,*,#467,.T.);
#244=ORIENTED_EDGE('',*,*,#487,.T.);
#245=ORIENTED_EDGE('',*,*,#490,.T.);
#246=ORIENTED_EDGE('',*,*,#491,.T.);
#247=ORIENTED_EDGE('',*,*,#492,.F.);
#248=ORIENTED_EDGE('',*,*,#493,.F.);
#249=ORIENTED_EDGE('',*,*,#491,.F.);
#250=ORIENTED_EDGE('',*,*,#490,.F.);
#251=ORIENTED_EDGE('',*,*,#488,.F.);
#252=ORIENTED_EDGE('',*,*,#494,.T.);
#253=ORIENTED_EDGE('',*,*,#492,.T.);
#254=ORIENTED_EDGE('',*,*,#472,.T.);
#255=ORIENTED_EDGE('',*,*,#494,.F.);
#256=ORIENTED_EDGE('',*,*,#495,.T.);
#257=ORIENTED_EDGE('',*,*,#496,.T.);
#258=ORIENTED_EDGE('',*,*,#497,.F.);
#259=ORIENTED_EDGE('',*,*,#498,.T.);
#260=ORIENTED_EDGE('',*,*,#493,.T.);
#261=ORIENTED_EDGE('',*,*,#499,.F.);
#262=ORIENTED_EDGE('',*,*,#500,.T.);
#263=ORIENTED_EDGE('',*,*,#501,.T.);
#264=ORIENTED_EDGE('',*,*,#502,.T.);
#265=ORIENTED_EDGE('',*,*,#503,.F.);
#266=ORIENTED_EDGE('',*,*,#504,.T.);
#267=ORIENTED_EDGE('',*,*,#500,.F.);
#268=ORIENTED_EDGE('',*,*,#505,.T.);
#269=ORIENTED_EDGE('',*,*,#502,.F.);
#270=ORIENTED_EDGE('',*,*,#506,.F.);
#271=ORIENTED_EDGE('',*,*,#507,.F.);
#272=ORIENTED_EDGE('',*,*,#506,.T.);
#273=ORIENTED_EDGE('',*,*,#501,.F.);
#274=ORIENTED_EDGE('',*,*,#507,.T.);
#275=ORIENTED_EDGE('',*,*,#504,.F.);
#276=ORIENTED_EDGE('',*,*,#508,.T.);
#277=ORIENTED_EDGE('',*,*,#505,.F.);
#278=ORIENTED_EDGE('',*,*,#499,.T.);
#279=ORIENTED_EDGE('',*,*,#508,.F.);
#280=ORIENTED_EDGE('',*,*,#503,.T.);
#281=ORIENTED_EDGE('',*,*,#509,.F.);
#282=ORIENTED_EDGE('',*,*,#495,.F.);
#283=ORIENTED_EDGE('',*,*,#510,.T.);
#284=ORIENTED_EDGE('',*,*,#511,.T.);
#285=ORIENTED_EDGE('',*,*,#512,.T.);
#286=ORIENTED_EDGE('',*,*,#513,.F.);
#287=ORIENTED_EDGE('',*,*,#514,.F.);
#288=ORIENTED_EDGE('',*,*,#515,.T.);
#289=ORIENTED_EDGE('',*,*,#516,.T.);
#290=ORIENTED_EDGE('',*,*,#517,.T.);
#291=ORIENTED_EDGE('',*,*,#518,.T.);
#292=ORIENTED_EDGE('',*,*,#519,.T.);
#293=ORIENTED_EDGE('',*,*,#520,.F.);
#294=ORIENTED_EDGE('',*,*,#521,.F.);
#295=ORIENTED_EDGE('',*,*,#522,.T.);
#296=ORIENTED_EDGE('',*,*,#523,.F.);
#297=ORIENTED_EDGE('',*,*,#497,.T.);
#298=ORIENTED_EDGE('',*,*,#496,.F.);
#299=ORIENTED_EDGE('',*,*,#510,.F.);
#300=ORIENTED_EDGE('',*,*,#498,.F.);
#301=ORIENTED_EDGE('',*,*,#523,.T.);
#302=ORIENTED_EDGE('',*,*,#524,.T.);
#303=ORIENTED_EDGE('',*,*,#514,.T.);
#304=ORIENTED_EDGE('',*,*,#513,.T.);
#305=ORIENTED_EDGE('',*,*,#525,.T.);
#306=ORIENTED_EDGE('',*,*,#526,.T.);
#307=ORIENTED_EDGE('',*,*,#527,.F.);
#308=ORIENTED_EDGE('',*,*,#528,.T.);
#309=ORIENTED_EDGE('',*,*,#529,.T.);
#310=ORIENTED_EDGE('',*,*,#530,.T.);
#311=ORIENTED_EDGE('',*,*,#531,.T.);
#312=ORIENTED_EDGE('',*,*,#532,.F.);
#313=ORIENTED_EDGE('',*,*,#533,.T.);
#314=ORIENTED_EDGE('',*,*,#534,.T.);
#315=ORIENTED_EDGE('',*,*,#526,.F.);
#316=ORIENTED_EDGE('',*,*,#535,.T.);
#317=ORIENTED_EDGE('',*,*,#536,.T.);
#318=ORIENTED_EDGE('',*,*,#537,.T.);
#319=ORIENTED_EDGE('',*,*,#538,.T.);
#320=ORIENTED_EDGE('',*,*,#539,.T.);
#321=ORIENTED_EDGE('',*,*,#530,.F.);
#322=ORIENTED_EDGE('',*,*,#540,.F.);
#323=ORIENTED_EDGE('',*,*,#541,.F.);
#324=ORIENTED_EDGE('',*,*,#542,.F.);
#325=ORIENTED_EDGE('',*,*,#543,.T.);
#326=ORIENTED_EDGE('',*,*,#544,.F.);
#327=ORIENTED_EDGE('',*,*,#545,.F.);
#328=ORIENTED_EDGE('',*,*,#546,.T.);
#329=ORIENTED_EDGE('',*,*,#541,.T.);
#330=ORIENTED_EDGE('',*,*,#547,.T.);
#331=ORIENTED_EDGE('',*,*,#548,.T.);
#332=ORIENTED_EDGE('',*,*,#549,.F.);
#333=ORIENTED_EDGE('',*,*,#540,.T.);
#334=ORIENTED_EDGE('',*,*,#529,.F.);
#335=ORIENTED_EDGE('',*,*,#550,.T.);
#336=ORIENTED_EDGE('',*,*,#551,.T.);
#337=ORIENTED_EDGE('',*,*,#552,.T.);
#338=ORIENTED_EDGE('',*,*,#547,.F.);
#339=ORIENTED_EDGE('',*,*,#546,.F.);
#340=ORIENTED_EDGE('',*,*,#553,.T.);
#341=ORIENTED_EDGE('',*,*,#551,.F.);
#342=ORIENTED_EDGE('',*,*,#554,.T.);
#343=ORIENTED_EDGE('',*,*,#555,.T.);
#344=ORIENTED_EDGE('',*,*,#545,.T.);
#345=ORIENTED_EDGE('',*,*,#556,.F.);
#346=ORIENTED_EDGE('',*,*,#557,.F.);
#347=ORIENTED_EDGE('',*,*,#558,.F.);
#348=ORIENTED_EDGE('',*,*,#559,.T.);
#349=ORIENTED_EDGE('',*,*,#544,.T.);
#350=ORIENTED_EDGE('',*,*,#560,.T.);
#351=ORIENTED_EDGE('',*,*,#561,.T.);
#352=ORIENTED_EDGE('',*,*,#559,.F.);
#353=ORIENTED_EDGE('',*,*,#562,.T.);
#354=ORIENTED_EDGE('',*,*,#563,.T.);
#355=ORIENTED_EDGE('',*,*,#564,.T.);
#356=ORIENTED_EDGE('',*,*,#518,.F.);
#357=ORIENTED_EDGE('',*,*,#565,.T.);
#358=ORIENTED_EDGE('',*,*,#538,.F.);
#359=ORIENTED_EDGE('',*,*,#563,.F.);
#360=ORIENTED_EDGE('',*,*,#566,.F.);
#361=ORIENTED_EDGE('',*,*,#567,.T.);
#362=ORIENTED_EDGE('',*,*,#536,.F.);
#363=ORIENTED_EDGE('',*,*,#568,.T.);
#364=ORIENTED_EDGE('',*,*,#521,.T.);
#365=ORIENTED_EDGE('',*,*,#520,.T.);
#366=ORIENTED_EDGE('',*,*,#569,.T.);
#367=ORIENTED_EDGE('',*,*,#570,.F.);
#368=ORIENTED_EDGE('',*,*,#560,.F.);
#369=ORIENTED_EDGE('',*,*,#543,.F.);
#370=ORIENTED_EDGE('',*,*,#566,.T.);
#371=ORIENTED_EDGE('',*,*,#562,.F.);
#372=ORIENTED_EDGE('',*,*,#558,.T.);
#373=ORIENTED_EDGE('',*,*,#571,.T.);
#374=ORIENTED_EDGE('',*,*,#554,.F.);
#375=ORIENTED_EDGE('',*,*,#550,.F.);
#376=ORIENTED_EDGE('',*,*,#528,.F.);
#377=ORIENTED_EDGE('',*,*,#572,.F.);
#378=ORIENTED_EDGE('',*,*,#571,.F.);
#379=ORIENTED_EDGE('',*,*,#557,.T.);
#380=ORIENTED_EDGE('',*,*,#573,.T.);
#381=ORIENTED_EDGE('',*,*,#555,.F.);
#382=ORIENTED_EDGE('',*,*,#561,.F.);
#383=ORIENTED_EDGE('',*,*,#570,.T.);
#384=ORIENTED_EDGE('',*,*,#574,.T.);
#385=ORIENTED_EDGE('',*,*,#548,.F.);
#386=ORIENTED_EDGE('',*,*,#552,.F.);
#387=ORIENTED_EDGE('',*,*,#553,.F.);
#388=ORIENTED_EDGE('',*,*,#573,.F.);
#389=ORIENTED_EDGE('',*,*,#556,.T.);
#390=ORIENTED_EDGE('',*,*,#575,.T.);
#391=ORIENTED_EDGE('',*,*,#576,.F.);
#392=ORIENTED_EDGE('',*,*,#577,.F.);
#393=ORIENTED_EDGE('',*,*,#567,.F.);
#394=ORIENTED_EDGE('',*,*,#577,.T.);
#395=ORIENTED_EDGE('',*,*,#578,.T.);
#396=ORIENTED_EDGE('',*,*,#579,.F.);
#397=ORIENTED_EDGE('',*,*,#537,.F.);
#398=ORIENTED_EDGE('',*,*,#580,.F.);
#399=ORIENTED_EDGE('',*,*,#575,.F.);
#400=ORIENTED_EDGE('',*,*,#572,.T.);
#401=ORIENTED_EDGE('',*,*,#581,.T.);
#402=ORIENTED_EDGE('',*,*,#582,.F.);
#403=ORIENTED_EDGE('',*,*,#583,.T.);
#404=ORIENTED_EDGE('',*,*,#583,.F.);
#405=ORIENTED_EDGE('',*,*,#580,.T.);
#406=ORIENTED_EDGE('',*,*,#578,.F.);
#407=ORIENTED_EDGE('',*,*,#576,.T.);
#408=ORIENTED_EDGE('',*,*,#582,.T.);
#409=ORIENTED_EDGE('',*,*,#584,.F.);
#410=ORIENTED_EDGE('',*,*,#581,.F.);
#411=ORIENTED_EDGE('',*,*,#527,.T.);
#412=ORIENTED_EDGE('',*,*,#579,.T.);
#413=ORIENTED_EDGE('',*,*,#584,.T.);
#414=ORIENTED_EDGE('',*,*,#585,.T.);
#415=ORIENTED_EDGE('',*,*,#586,.T.);
#416=ORIENTED_EDGE('',*,*,#587,.F.);
#417=ORIENTED_EDGE('',*,*,#588,.F.);
#418=ORIENTED_EDGE('',*,*,#589,.T.);
#419=ORIENTED_EDGE('',*,*,#590,.F.);
#420=ORIENTED_EDGE('',*,*,#589,.F.);
#421=ORIENTED_EDGE('',*,*,#587,.T.);
#422=ORIENTED_EDGE('',*,*,#591,.F.);
#423=ORIENTED_EDGE('',*,*,#574,.F.);
#424=ORIENTED_EDGE('',*,*,#592,.T.);
#425=ORIENTED_EDGE('',*,*,#590,.T.);
#426=ORIENTED_EDGE('',*,*,#585,.F.);
#427=ORIENTED_EDGE('',*,*,#593,.F.);
#428=ORIENTED_EDGE('',*,*,#542,.T.);
#429=ORIENTED_EDGE('',*,*,#594,.T.);
#430=ORIENTED_EDGE('',*,*,#592,.F.);
#431=ORIENTED_EDGE('',*,*,#569,.F.);
#432=ORIENTED_EDGE('',*,*,#593,.T.);
#433=ORIENTED_EDGE('',*,*,#588,.T.);
#434=ORIENTED_EDGE('',*,*,#591,.T.);
#435=ORIENTED_EDGE('',*,*,#586,.F.);
#436=ORIENTED_EDGE('',*,*,#594,.F.);
#437=ORIENTED_EDGE('',*,*,#549,.T.);
#438=ORIENTED_EDGE('',*,*,#509,.T.);
#439=ORIENTED_EDGE('',*,*,#568,.F.);
#440=ORIENTED_EDGE('',*,*,#535,.F.);
#441=ORIENTED_EDGE('',*,*,#525,.F.);
#442=ORIENTED_EDGE('',*,*,#512,.F.);
#443=ORIENTED_EDGE('',*,*,#511,.F.);
#444=ORIENTED_EDGE('',*,*,#522,.F.);
#445=ORIENTED_EDGE('',*,*,#531,.F.);
#446=ORIENTED_EDGE('',*,*,#539,.F.);
#447=ORIENTED_EDGE('',*,*,#565,.F.);
#448=ORIENTED_EDGE('',*,*,#517,.F.);
#449=ORIENTED_EDGE('',*,*,#595,.F.);
#450=ORIENTED_EDGE('',*,*,#596,.T.);
#451=ORIENTED_EDGE('',*,*,#597,.T.);
#452=ORIENTED_EDGE('',*,*,#533,.F.);
#453=ORIENTED_EDGE('',*,*,#532,.T.);
#454=ORIENTED_EDGE('',*,*,#595,.T.);
#455=ORIENTED_EDGE('',*,*,#516,.F.);
#456=ORIENTED_EDGE('',*,*,#534,.F.);
#457=ORIENTED_EDGE('',*,*,#597,.F.);
#458=ORIENTED_EDGE('',*,*,#598,.F.);
#459=ORIENTED_EDGE('',*,*,#596,.F.);
#460=ORIENTED_EDGE('',*,*,#515,.F.);
#461=ORIENTED_EDGE('',*,*,#524,.F.);
#462=ORIENTED_EDGE('',*,*,#598,.T.);
#463=ORIENTED_EDGE('',*,*,#564,.F.);
#464=ORIENTED_EDGE('',*,*,#519,.F.);
#465=EDGE_CURVE('',#599,#599,#694,.T.);
#466=EDGE_CURVE('',#600,#600,#695,.T.);
#467=EDGE_CURVE('',#601,#602,#73,.T.);
#468=EDGE_CURVE('',#601,#602,#30,.T.);
#469=EDGE_CURVE('',#603,#603,#696,.T.);
#470=EDGE_CURVE('',#604,#604,#697,.T.);
#471=EDGE_CURVE('',#605,#605,#698,.F.);
#472=EDGE_CURVE('',#606,#606,#699,.T.);
#473=EDGE_CURVE('',#607,#608,#74,.T.);
#474=EDGE_CURVE('',#609,#607,#75,.T.);
#475=EDGE_CURVE('',#609,#610,#76,.T.);
#476=EDGE_CURVE('',#608,#610,#77,.T.);
#477=EDGE_CURVE('',#611,#608,#78,.T.);
#478=EDGE_CURVE('',#612,#610,#79,.T.);
#479=EDGE_CURVE('',#611,#612,#80,.T.);
#480=EDGE_CURVE('',#612,#613,#700,.T.);
#481=EDGE_CURVE('',#614,#613,#81,.T.);
#482=EDGE_CURVE('',#611,#614,#701,.T.);
#483=EDGE_CURVE('',#609,#613,#82,.T.);
#484=EDGE_CURVE('',#607,#614,#83,.T.);
#485=EDGE_CURVE('',#615,#615,#702,.T.);
#486=EDGE_CURVE('',#616,#616,#703,.T.);
#487=EDGE_CURVE('',#617,#618,#704,.T.);
#488=EDGE_CURVE('',#617,#618,#31,.T.);
#489=EDGE_CURVE('',#601,#602,#705,.T.);
#490=EDGE_CURVE('',#618,#617,#84,.T.);
#491=EDGE_CURVE('',#619,#619,#706,.T.);
#492=EDGE_CURVE('',#620,#620,#707,.T.);
#493=EDGE_CURVE('',#621,#621,#708,.T.);
#494=EDGE_CURVE('',#622,#622,#709,.T.);
#495=EDGE_CURVE('',#623,#624,#32,.T.);
#496=EDGE_CURVE('',#624,#625,#85,.T.);
#497=EDGE_CURVE('',#626,#625,#33,.T.);
#498=EDGE_CURVE('',#626,#623,#86,.F.);
#499=EDGE_CURVE('',#627,#628,#87,.T.);
#500=EDGE_CURVE('',#627,#629,#710,.F.);
#501=EDGE_CURVE('',#629,#630,#34,.T.);
#502=EDGE_CURVE('',#630,#631,#711,.F.);
#503=EDGE_CURVE('',#632,#631,#88,.F.);
#504=EDGE_CURVE('',#632,#628,#712,.F.);
#505=EDGE_CURVE('',#627,#631,#713,.F.);
#506=EDGE_CURVE('',#629,#630,#714,.F.);
#507=EDGE_CURVE('',#633,#633,#715,.T.);
#508=EDGE_CURVE('',#632,#628,#716,.T.);
#509=EDGE_CURVE('',#634,#634,#35,.F.);
#510=EDGE_CURVE('',#623,#624,#717,.T.);
#511=EDGE_CURVE('',#635,#636,#36,.T.);
#512=EDGE_CURVE('',#636,#637,#37,.T.);
#513=EDGE_CURVE('',#638,#637,#89,.T.);
#514=EDGE_CURVE('',#639,#638,#38,.F.);
#515=EDGE_CURVE('',#639,#640,#39,.T.);
#516=EDGE_CURVE('',#640,#641,#90,.T.);
#517=EDGE_CURVE('',#641,#642,#40,.T.);
#518=EDGE_CURVE('',#642,#643,#91,.T.);
#519=EDGE_CURVE('',#643,#644,#41,.T.);
#520=EDGE_CURVE('',#645,#644,#42,.F.);
#521=EDGE_CURVE('',#646,#645,#92,.T.);
#522=EDGE_CURVE('',#646,#635,#93,.T.);
#523=EDGE_CURVE('',#626,#625,#718,.T.);
#524=EDGE_CURVE('',#647,#639,#43,.T.);
#525=EDGE_CURVE('',#637,#648,#44,.T.);
#526=EDGE_CURVE('',#648,#649,#45,.T.);
#527=EDGE_CURVE('',#650,#649,#94,.T.);
#528=EDGE_CURVE('',#650,#651,#46,.T.);
#529=EDGE_CURVE('',#651,#652,#95,.T.);
#530=EDGE_CURVE('',#652,#653,#47,.T.);
#531=EDGE_CURVE('',#653,#654,#48,.T.);
#532=EDGE_CURVE('',#655,#654,#96,.T.);
#533=EDGE_CURVE('',#655,#656,#49,.T.);
#534=EDGE_CURVE('',#656,#647,#50,.T.);
#535=EDGE_CURVE('',#648,#657,#51,.T.);
#536=EDGE_CURVE('',#657,#658,#52,.T.);
#537=EDGE_CURVE('',#658,#649,#97,.T.);
#538=EDGE_CURVE('',#659,#660,#53,.T.);
#539=EDGE_CURVE('',#660,#653,#54,.T.);
#540=EDGE_CURVE('',#661,#652,#55,.T.);
#541=EDGE_CURVE('',#662,#661,#56,.T.);
#542=EDGE_CURVE('',#663,#662,#98,.T.);
#543=EDGE_CURVE('',#663,#664,#57,.T.);
#544=EDGE_CURVE('',#659,#664,#58,.T.);
#545=EDGE_CURVE('',#665,#665,#719,.T.);
#546=EDGE_CURVE('',#666,#666,#720,.T.);
#547=EDGE_CURVE('',#661,#667,#99,.T.);
#548=EDGE_CURVE('',#667,#668,#59,.T.);
#549=EDGE_CURVE('',#662,#668,#100,.T.);
#550=EDGE_CURVE('',#651,#669,#60,.T.);
#551=EDGE_CURVE('',#669,#670,#101,.T.);
#552=EDGE_CURVE('',#670,#667,#61,.T.);
#553=EDGE_CURVE('',#671,#670,#721,.T.);
#554=EDGE_CURVE('',#669,#672,#722,.T.);
#555=EDGE_CURVE('',#672,#671,#723,.T.);
#556=EDGE_CURVE('',#673,#674,#724,.T.);
#557=EDGE_CURVE('',#675,#673,#725,.T.);
#558=EDGE_CURVE('',#676,#675,#726,.T.);
#559=EDGE_CURVE('',#676,#674,#102,.T.);
#560=EDGE_CURVE('',#664,#677,#103,.T.);
#561=EDGE_CURVE('',#677,#674,#62,.T.);
#562=EDGE_CURVE('',#676,#678,#63,.T.);
#563=EDGE_CURVE('',#678,#659,#104,.T.);
#564=EDGE_CURVE('',#644,#643,#64,.T.);
#565=EDGE_CURVE('',#642,#660,#65,.T.);
#566=EDGE_CURVE('',#679,#678,#66,.T.);
#567=EDGE_CURVE('',#679,#658,#105,.T.);
#568=EDGE_CURVE('',#657,#646,#67,.T.);
#569=EDGE_CURVE('',#663,#680,#106,.T.);
#570=EDGE_CURVE('',#677,#680,#68,.T.);
#571=EDGE_CURVE('',#675,#672,#107,.T.);
#572=EDGE_CURVE('',#679,#650,#108,.T.);
#573=EDGE_CURVE('',#673,#671,#109,.T.);
#574=EDGE_CURVE('',#680,#668,#110,.T.);
#575=EDGE_CURVE('',#679,#681,#111,.T.);
#576=EDGE_CURVE('',#682,#681,#112,.T.);
#577=EDGE_CURVE('',#658,#682,#113,.T.);
#578=EDGE_CURVE('',#682,#683,#727,.T.);
#579=EDGE_CURVE('',#649,#683,#114,.T.);
#580=EDGE_CURVE('',#684,#684,#728,.T.);
#581=EDGE_CURVE('',#650,#685,#115,.T.);
#582=EDGE_CURVE('',#681,#685,#729,.T.);
#583=EDGE_CURVE('',#686,#686,#730,.T.);
#584=EDGE_CURVE('',#683,#685,#116,.T.);
#585=EDGE_CURVE('',#687,#688,#731,.T.);
#586=EDGE_CURVE('',#688,#689,#117,.T.);
#587=EDGE_CURVE('',#690,#689,#732,.T.);
#588=EDGE_CURVE('',#687,#690,#118,.T.);
#589=EDGE_CURVE('',#691,#691,#733,.T.);
#590=EDGE_CURVE('',#692,#692,#734,.T.);
#591=EDGE_CURVE('',#668,#689,#119,.T.);
#592=EDGE_CURVE('',#680,#690,#120,.T.);
#593=EDGE_CURVE('',#663,#687,#121,.T.);
#594=EDGE_CURVE('',#662,#688,#122,.T.);
#595=EDGE_CURVE('',#654,#641,#69,.T.);
#596=EDGE_CURVE('',#640,#693,#70,.T.);
#597=EDGE_CURVE('',#693,#656,#71,.T.);
#598=EDGE_CURVE('',#647,#693,#72,.F.);
#599=VERTEX_POINT('',#1326);
#600=VERTEX_POINT('',#1328);
#601=VERTEX_POINT('',#1331);
#602=VERTEX_POINT('',#1332);
#603=VERTEX_POINT('',#1360);
#604=VERTEX_POINT('',#1363);
#605=VERTEX_POINT('',#1366);
#606=VERTEX_POINT('',#1369);
#607=VERTEX_POINT('',#1372);
#608=VERTEX_POINT('',#1373);
#609=VERTEX_POINT('',#1375);
#610=VERTEX_POINT('',#1377);
#611=VERTEX_POINT('',#1381);
#612=VERTEX_POINT('',#1383);
#613=VERTEX_POINT('',#1387);
#614=VERTEX_POINT('',#1389);
#615=VERTEX_POINT('',#1396);
#616=VERTEX_POINT('',#1398);
#617=VERTEX_POINT('',#2165);
#618=VERTEX_POINT('',#2166);
#619=VERTEX_POINT('',#2199);
#620=VERTEX_POINT('',#2201);
#621=VERTEX_POINT('',#2204);
#622=VERTEX_POINT('',#2207);
#623=VERTEX_POINT('',#2219);
#624=VERTEX_POINT('',#2220);
#625=VERTEX_POINT('',#2222);
#626=VERTEX_POINT('',#2230);
#627=VERTEX_POINT('',#2233);
#628=VERTEX_POINT('',#2234);
#629=VERTEX_POINT('',#2236);
#630=VERTEX_POINT('',#2242);
#631=VERTEX_POINT('',#2244);
#632=VERTEX_POINT('',#2246);
#633=VERTEX_POINT('',#2253);
#634=VERTEX_POINT('',#2270);
#635=VERTEX_POINT('',#2284);
#636=VERTEX_POINT('',#2285);
#637=VERTEX_POINT('',#2290);
#638=VERTEX_POINT('',#2292);
#639=VERTEX_POINT('',#2297);
#640=VERTEX_POINT('',#2307);
#641=VERTEX_POINT('',#2309);
#642=VERTEX_POINT('',#2336);
#643=VERTEX_POINT('',#2338);
#644=VERTEX_POINT('',#2352);
#645=VERTEX_POINT('',#2357);
#646=VERTEX_POINT('',#2359);
#647=VERTEX_POINT('',#2375);
#648=VERTEX_POINT('',#2381);
#649=VERTEX_POINT('',#2386);
#650=VERTEX_POINT('',#2388);
#651=VERTEX_POINT('',#2398);
#652=VERTEX_POINT('',#2400);
#653=VERTEX_POINT('',#2406);
#654=VERTEX_POINT('',#2413);
#655=VERTEX_POINT('',#2415);
#656=VERTEX_POINT('',#2420);
#657=VERTEX_POINT('',#2440);
#658=VERTEX_POINT('',#2445);
#659=VERTEX_POINT('',#2459);
#660=VERTEX_POINT('',#2460);
#661=VERTEX_POINT('',#2488);
#662=VERTEX_POINT('',#2498);
#663=VERTEX_POINT('',#2500);
#664=VERTEX_POINT('',#2510);
#665=VERTEX_POINT('',#2534);
#666=VERTEX_POINT('',#2536);
#667=VERTEX_POINT('',#2546);
#668=VERTEX_POINT('',#2557);
#669=VERTEX_POINT('',#2576);
#670=VERTEX_POINT('',#2578);
#671=VERTEX_POINT('',#2590);
#672=VERTEX_POINT('',#2592);
#673=VERTEX_POINT('',#2596);
#674=VERTEX_POINT('',#2597);
#675=VERTEX_POINT('',#2599);
#676=VERTEX_POINT('',#2601);
#677=VERTEX_POINT('',#2612);
#678=VERTEX_POINT('',#2631);
#679=VERTEX_POINT('',#2662);
#680=VERTEX_POINT('',#2678);
#681=VERTEX_POINT('',#2698);
#682=VERTEX_POINT('',#2700);
#683=VERTEX_POINT('',#2704);
#684=VERTEX_POINT('',#2707);
#685=VERTEX_POINT('',#2710);
#686=VERTEX_POINT('',#2713);
#687=VERTEX_POINT('',#2720);
#688=VERTEX_POINT('',#2721);
#689=VERTEX_POINT('',#2723);
#690=VERTEX_POINT('',#2725);
#691=VERTEX_POINT('',#2729);
#692=VERTEX_POINT('',#2731);
#693=VERTEX_POINT('',#3155);
#694=CIRCLE('',#1011,0.0085);
#695=CIRCLE('',#1012,0.0085);
#696=CIRCLE('',#1014,0.00561086406338478);
#697=CIRCLE('',#1016,0.00561086406338478);
#698=CIRCLE('',#1018,0.00335098898103481);
#699=CIRCLE('',#1020,0.00100962318990483);
#700=CIRCLE('',#1024,0.00342735375892371);
#701=CIRCLE('',#1025,0.00342735375892371);
#702=CIRCLE('',#1028,0.0024);
#703=CIRCLE('',#1029,0.0024);
#704=CIRCLE('',#1032,0.0005);
#705=CIRCLE('',#1033,0.0005);
#706=CIRCLE('',#1037,0.0085);
#707=CIRCLE('',#1038,0.0085);
#708=CIRCLE('',#1040,0.00183045329044793);
#709=CIRCLE('',#1042,0.00100962318990483);
#710=CIRCLE('',#1045,0.00183045329044793);
#711=CIRCLE('',#1046,0.00183045329044793);
#712=CIRCLE('',#1047,0.00183045329044793);
#713=CIRCLE('',#1049,0.002);
#714=CIRCLE('',#1050,0.00125);
#715=CIRCLE('',#1052,0.00125);
#716=CIRCLE('',#1055,0.00298315541378748);
#717=CIRCLE('',#1058,0.00200000000000004);
#718=CIRCLE('',#1060,0.00298315541378748);
#719=CIRCLE('',#1063,0.0015);
#720=CIRCLE('',#1064,0.0015);
#721=CIRCLE('',#1066,0.115);
#722=CIRCLE('',#1067,0.115);
#723=CIRCLE('',#1068,0.0025);
#724=CIRCLE('',#1070,0.115);
#725=CIRCLE('',#1071,0.0025);
#726=CIRCLE('',#1072,0.115);
#727=CIRCLE('',#1078,0.0025);
#728=CIRCLE('',#1079,0.0015);
#729=CIRCLE('',#1081,0.0025);
#730=CIRCLE('',#1082,0.0015);
#731=CIRCLE('',#1087,0.0025);
#732=CIRCLE('',#1088,0.0025);
#733=CIRCLE('',#1090,0.0015);
#734=CIRCLE('',#1091,0.0015);
#735=EDGE_LOOP('',(#197));
#736=EDGE_LOOP('',(#198));
#737=EDGE_LOOP('',(#199,#200));
#738=EDGE_LOOP('',(#201));
#739=EDGE_LOOP('',(#202));
#740=EDGE_LOOP('',(#203));
#741=EDGE_LOOP('',(#204));
#742=EDGE_LOOP('',(#205));
#743=EDGE_LOOP('',(#206));
#744=EDGE_LOOP('',(#207));
#745=EDGE_LOOP('',(#208));
#746=EDGE_LOOP('',(#209,#210,#211,#212));
#747=EDGE_LOOP('',(#213));
#748=EDGE_LOOP('',(#214,#215,#216,#217));
#749=EDGE_LOOP('',(#218,#219,#220,#221));
#750=EDGE_LOOP('',(#222,#223,#224,#225));
#751=EDGE_LOOP('',(#226));
#752=EDGE_LOOP('',(#227));
#753=EDGE_LOOP('',(#228,#229,#230,#231));
#754=EDGE_LOOP('',(#232));
#755=EDGE_LOOP('',(#233,#234,#235,#236));
#756=EDGE_LOOP('',(#237));
#757=EDGE_LOOP('',(#238,#239));
#758=EDGE_LOOP('',(#240,#241));
#759=EDGE_LOOP('',(#242,#243));
#760=EDGE_LOOP('',(#244,#245));
#761=EDGE_LOOP('',(#246));
#762=EDGE_LOOP('',(#247));
#763=EDGE_LOOP('',(#248));
#764=EDGE_LOOP('',(#249));
#765=EDGE_LOOP('',(#250,#251));
#766=EDGE_LOOP('',(#252));
#767=EDGE_LOOP('',(#253));
#768=EDGE_LOOP('',(#254));
#769=EDGE_LOOP('',(#255));
#770=EDGE_LOOP('',(#256,#257,#258,#259));
#771=EDGE_LOOP('',(#260));
#772=EDGE_LOOP('',(#261,#262,#263,#264,#265,#266));
#773=EDGE_LOOP('',(#267,#268,#269,#270));
#774=EDGE_LOOP('',(#271));
#775=EDGE_LOOP('',(#272,#273));
#776=EDGE_LOOP('',(#274));
#777=EDGE_LOOP('',(#275,#276));
#778=EDGE_LOOP('',(#277,#278,#279,#280));
#779=EDGE_LOOP('',(#281));
#780=EDGE_LOOP('',(#282,#283));
#781=EDGE_LOOP('',(#284,#285,#286,#287,#288,#289,#290,#291,#292,#293,#294,
#295));
#782=EDGE_LOOP('',(#296,#297));
#783=EDGE_LOOP('',(#298,#299,#300,#301));
#784=EDGE_LOOP('',(#302,#303,#304,#305,#306,#307,#308,#309,#310,#311,#312,
#313,#314));
#785=EDGE_LOOP('',(#315,#316,#317,#318));
#786=EDGE_LOOP('',(#319,#320,#321,#322,#323,#324,#325,#326));
#787=EDGE_LOOP('',(#327));
#788=EDGE_LOOP('',(#328));
#789=EDGE_LOOP('',(#329,#330,#331,#332));
#790=EDGE_LOOP('',(#333,#334,#335,#336,#337,#338));
#791=EDGE_LOOP('',(#339));
#792=EDGE_LOOP('',(#340,#341,#342,#343));
#793=EDGE_LOOP('',(#344));
#794=EDGE_LOOP('',(#345,#346,#347,#348));
#795=EDGE_LOOP('',(#349,#350,#351,#352,#353,#354));
#796=EDGE_LOOP('',(#355,#356,#357,#358,#359,#360,#361,#362,#363,#364,#365));
#797=EDGE_LOOP('',(#366,#367,#368,#369));
#798=EDGE_LOOP('',(#370,#371,#372,#373,#374,#375,#376,#377));
#799=EDGE_LOOP('',(#378,#379,#380,#381));
#800=EDGE_LOOP('',(#382,#383,#384,#385,#386,#387,#388,#389));
#801=EDGE_LOOP('',(#390,#391,#392,#393));
#802=EDGE_LOOP('',(#394,#395,#396,#397));
#803=EDGE_LOOP('',(#398));
#804=EDGE_LOOP('',(#399,#400,#401,#402));
#805=EDGE_LOOP('',(#403));
#806=EDGE_LOOP('',(#404));
#807=EDGE_LOOP('',(#405));
#808=EDGE_LOOP('',(#406,#407,#408,#409));
#809=EDGE_LOOP('',(#410,#411,#412,#413));
#810=EDGE_LOOP('',(#414,#415,#416,#417));
#811=EDGE_LOOP('',(#418));
#812=EDGE_LOOP('',(#419));
#813=EDGE_LOOP('',(#420));
#814=EDGE_LOOP('',(#421,#422,#423,#424));
#815=EDGE_LOOP('',(#425));
#816=EDGE_LOOP('',(#426,#427,#428,#429));
#817=EDGE_LOOP('',(#430,#431,#432,#433));
#818=EDGE_LOOP('',(#434,#435,#436,#437));
#819=EDGE_LOOP('',(#438));
#820=EDGE_LOOP('',(#439,#440,#441,#442,#443,#444));
#821=EDGE_LOOP('',(#445,#446,#447,#448,#449));
#822=EDGE_LOOP('',(#450,#451,#452,#453,#454,#455));
#823=EDGE_LOOP('',(#456,#457,#458));
#824=EDGE_LOOP('',(#459,#460,#461,#462));
#825=EDGE_LOOP('',(#463,#464));
#826=FACE_BOUND('',#735,.T.);
#827=FACE_BOUND('',#736,.T.);
#828=FACE_BOUND('',#737,.T.);
#829=FACE_BOUND('',#738,.T.);
#830=FACE_BOUND('',#739,.T.);
#831=FACE_BOUND('',#740,.T.);
#832=FACE_BOUND('',#741,.T.);
#833=FACE_BOUND('',#742,.T.);
#834=FACE_BOUND('',#743,.T.);
#835=FACE_BOUND('',#744,.T.);
#836=FACE_BOUND('',#745,.T.);
#837=FACE_BOUND('',#746,.T.);
#838=FACE_BOUND('',#747,.T.);
#839=FACE_BOUND('',#748,.T.);
#840=FACE_BOUND('',#749,.T.);
#841=FACE_BOUND('',#750,.T.);
#842=FACE_BOUND('',#751,.T.);
#843=FACE_BOUND('',#752,.T.);
#844=FACE_BOUND('',#753,.T.);
#845=FACE_BOUND('',#754,.T.);
#846=FACE_BOUND('',#755,.T.);
#847=FACE_BOUND('',#756,.T.);
#848=FACE_BOUND('',#757,.T.);
#849=FACE_BOUND('',#758,.T.);
#850=FACE_BOUND('',#759,.T.);
#851=FACE_BOUND('',#760,.T.);
#852=FACE_BOUND('',#761,.T.);
#853=FACE_BOUND('',#762,.T.);
#854=FACE_BOUND('',#763,.T.);
#855=FACE_BOUND('',#764,.T.);
#856=FACE_BOUND('',#765,.T.);
#857=FACE_BOUND('',#766,.T.);
#858=FACE_BOUND('',#767,.T.);
#859=FACE_BOUND('',#768,.T.);
#860=FACE_BOUND('',#769,.T.);
#861=FACE_BOUND('',#770,.T.);
#862=FACE_BOUND('',#771,.T.);
#863=FACE_BOUND('',#772,.T.);
#864=FACE_BOUND('',#773,.T.);
#865=FACE_BOUND('',#774,.T.);
#866=FACE_BOUND('',#775,.T.);
#867=FACE_BOUND('',#776,.T.);
#868=FACE_BOUND('',#777,.T.);
#869=FACE_BOUND('',#778,.T.);
#870=FACE_BOUND('',#779,.T.);
#871=FACE_BOUND('',#780,.T.);
#872=FACE_BOUND('',#781,.T.);
#873=FACE_BOUND('',#782,.T.);
#874=FACE_BOUND('',#783,.T.);
#875=FACE_BOUND('',#784,.T.);
#876=FACE_BOUND('',#785,.T.);
#877=FACE_BOUND('',#786,.T.);
#878=FACE_BOUND('',#787,.T.);
#879=FACE_BOUND('',#788,.T.);
#880=FACE_BOUND('',#789,.T.);
#881=FACE_BOUND('',#790,.T.);
#882=FACE_BOUND('',#791,.T.);
#883=FACE_BOUND('',#792,.T.);
#884=FACE_BOUND('',#793,.T.);
#885=FACE_BOUND('',#794,.T.);
#886=FACE_BOUND('',#795,.T.);
#887=FACE_BOUND('',#796,.T.);
#888=FACE_BOUND('',#797,.T.);
#889=FACE_BOUND('',#798,.T.);
#890=FACE_BOUND('',#799,.T.);
#891=FACE_BOUND('',#800,.T.);
#892=FACE_BOUND('',#801,.T.);
#893=FACE_BOUND('',#802,.T.);
#894=FACE_BOUND('',#803,.T.);
#895=FACE_BOUND('',#804,.T.);
#896=FACE_BOUND('',#805,.T.);
#897=FACE_BOUND('',#806,.T.);
#898=FACE_BOUND('',#807,.T.);
#899=FACE_BOUND('',#808,.T.);
#900=FACE_BOUND('',#809,.T.);
#901=FACE_BOUND('',#810,.T.);
#902=FACE_BOUND('',#811,.T.);
#903=FACE_BOUND('',#812,.T.);
#904=FACE_BOUND('',#813,.T.);
#905=FACE_BOUND('',#814,.T.);
#906=FACE_BOUND('',#815,.T.);
#907=FACE_BOUND('',#816,.T.);
#908=FACE_BOUND('',#817,.T.);
#909=FACE_BOUND('',#818,.T.);
#910=FACE_BOUND('',#819,.T.);
#911=FACE_BOUND('',#820,.T.);
#912=FACE_BOUND('',#821,.T.);
#913=FACE_BOUND('',#822,.T.);
#914=FACE_BOUND('',#823,.T.);
#915=FACE_BOUND('',#824,.T.);
#916=FACE_BOUND('',#825,.T.);
#917=CYLINDRICAL_SURFACE('',#1010,0.0085);
#918=CYLINDRICAL_SURFACE('',#1015,0.00561086406338478);
#919=CYLINDRICAL_SURFACE('',#1023,0.00342735375892371);
#920=CYLINDRICAL_SURFACE('',#1027,0.0024);
#921=CYLINDRICAL_SURFACE('',#1036,0.0085);
#922=CYLINDRICAL_SURFACE('',#1043,0.00100962318990483);
#923=CYLINDRICAL_SURFACE('',#1044,0.00183045329044793);
#924=CYLINDRICAL_SURFACE('',#1051,0.00125);
#925=CYLINDRICAL_SURFACE('',#1057,0.00200000000000004);
#926=CYLINDRICAL_SURFACE('',#1059,0.00298315541378748);
#927=CYLINDRICAL_SURFACE('',#1062,0.0015);
#928=CYLINDRICAL_SURFACE('',#1073,0.115);
#929=CYLINDRICAL_SURFACE('',#1074,0.0025);
#930=CYLINDRICAL_SURFACE('',#1075,0.115);
#931=CYLINDRICAL_SURFACE('',#1083,0.0015);
#932=CYLINDRICAL_SURFACE('',#1084,0.0025);
#933=CYLINDRICAL_SURFACE('',#1086,0.0025);
#934=CYLINDRICAL_SURFACE('',#1089,0.0015);
#935=CYLINDRICAL_SURFACE('',#1096,0.306810236183546);
#936=ADVANCED_FACE('',(#826,#827),#917,.T.);
#937=ADVANCED_FACE('',(#828,#829,#830),#173,.F.);
#938=ADVANCED_FACE('',(#831,#832),#918,.T.);
#939=ADVANCED_FACE('',(#833,#834),#29,.T.);
#940=ADVANCED_FACE('',(#835,#836),#174,.F.);
#941=ADVANCED_FACE('',(#837,#838),#175,.T.);
#942=ADVANCED_FACE('',(#839),#176,.T.);
#943=ADVANCED_FACE('',(#840),#919,.T.);
#944=ADVANCED_FACE('',(#841),#177,.T.);
#945=ADVANCED_FACE('',(#842,#843),#920,.F.);
#946=ADVANCED_FACE('',(#844,#845),#178,.T.);
#947=ADVANCED_FACE('',(#846,#847),#179,.F.);
#948=ADVANCED_FACE('',(#848,#849),#25,.T.);
#949=ADVANCED_FACE('',(#850),#180,.F.);
#950=ADVANCED_FACE('',(#851),#181,.T.);
#951=ADVANCED_FACE('',(#852,#853),#921,.T.);
#952=ADVANCED_FACE('',(#854,#855),#182,.T.);
#953=ADVANCED_FACE('',(#856,#857,#858),#183,.F.);
#954=ADVANCED_FACE('',(#859,#860),#922,.T.);
#955=ADVANCED_FACE('',(#861,#862,#863),#923,.T.);
#956=ADVANCED_FACE('',(#864),#23,.T.);
#957=ADVANCED_FACE('',(#865,#866),#924,.F.);
#958=ADVANCED_FACE('',(#867),#184,.T.);
#959=ADVANCED_FACE('',(#868),#24,.T.);
#960=ADVANCED_FACE('',(#869),#185,.F.);
#961=ADVANCED_FACE('',(#870,#871),#925,.F.);
#962=ADVANCED_FACE('',(#872,#873),#926,.T.);
#963=ADVANCED_FACE('',(#874),#186,.T.);
#964=ADVANCED_FACE('',(#875),#12,.T.);
#965=ADVANCED_FACE('',(#876),#13,.F.);
#966=ADVANCED_FACE('',(#877),#14,.F.);
#967=ADVANCED_FACE('',(#878,#879),#927,.F.);
#968=ADVANCED_FACE('',(#880),#15,.T.);
#969=ADVANCED_FACE('',(#881),#16,.T.);
#970=ADVANCED_FACE('',(#882,#883),#187,.T.);
#971=ADVANCED_FACE('',(#884,#885),#188,.F.);
#972=ADVANCED_FACE('',(#886),#17,.T.);
#973=ADVANCED_FACE('',(#887),#18,.F.);
#974=ADVANCED_FACE('',(#888),#19,.F.);
#975=ADVANCED_FACE('',(#889),#928,.T.);
#976=ADVANCED_FACE('',(#890),#929,.T.);
#977=ADVANCED_FACE('',(#891),#930,.T.);
#978=ADVANCED_FACE('',(#892),#189,.F.);
#979=ADVANCED_FACE('',(#893,#894),#190,.F.);
#980=ADVANCED_FACE('',(#895,#896),#191,.T.);
#981=ADVANCED_FACE('',(#897,#898),#931,.F.);
#982=ADVANCED_FACE('',(#899),#932,.T.);
#983=ADVANCED_FACE('',(#900),#192,.T.);
#984=ADVANCED_FACE('',(#901),#933,.T.);
#985=ADVANCED_FACE('',(#902,#903),#934,.F.);
#986=ADVANCED_FACE('',(#904,#905),#193,.T.);
#987=ADVANCED_FACE('',(#906,#907),#194,.F.);
#988=ADVANCED_FACE('',(#908),#195,.T.);
#989=ADVANCED_FACE('',(#909),#196,.F.);
#990=ADVANCED_FACE('',(#910),#935,.F.);
#991=ADVANCED_FACE('',(#911),#20,.T.);
#992=ADVANCED_FACE('',(#912),#21,.T.);
#993=ADVANCED_FACE('',(#913),#22,.F.);
#994=ADVANCED_FACE('',(#914),#26,.T.);
#995=ADVANCED_FACE('',(#915),#27,.F.);
#996=ADVANCED_FACE('',(#916),#28,.F.);
#997=CLOSED_SHELL('',(#936,#937,#938,#939,#940,#941,#942,#943,#944,#945,
#946,#947,#948,#949,#950,#951,#952,#953,#954,#955,#956,#957,#958,#959,#960,
#961,#962,#963,#964,#965,#966,#967,#968,#969,#970,#971,#972,#973,#974,#975,
#976,#977,#978,#979,#980,#981,#982,#983,#984,#985,#986,#987,#988,#989,#990,
#991,#992,#993,#994,#995,#996));
#998=STYLED_ITEM('',(#999),#1006);
#999=PRESENTATION_STYLE_ASSIGNMENT((#1000));
#1000=SURFACE_STYLE_USAGE(.BOTH.,#1001);
#1001=SURFACE_SIDE_STYLE('',(#1002));
#1002=SURFACE_STYLE_FILL_AREA(#1003);
#1003=FILL_AREA_STYLE('',(#1004));
#1004=FILL_AREA_STYLE_COLOUR('',#1005);
#1005=COLOUR_RGB('',0.647058823529412,0.647058823529412,0.647058823529412);
#1006=MANIFOLD_SOLID_BREP('Part 2',#997);
#1007=SHAPE_DEFINITION_REPRESENTATION(#3230,#1008);
#1008=SHAPE_REPRESENTATION('Part 2',(#1009),#3225);
#1009=AXIS2_PLACEMENT_3D('',#1323,#1097,#1098);
#1010=AXIS2_PLACEMENT_3D('',#1324,#1099,#1100);
#1011=AXIS2_PLACEMENT_3D('',#1325,#1101,#1102);
#1012=AXIS2_PLACEMENT_3D('',#1327,#1103,#1104);
#1013=AXIS2_PLACEMENT_3D('',#1329,#1105,#1106);
#1014=AXIS2_PLACEMENT_3D('',#1359,#1108,#1109);
#1015=AXIS2_PLACEMENT_3D('',#1361,#1110,#1111);
#1016=AXIS2_PLACEMENT_3D('',#1362,#1112,#1113);
#1017=AXIS2_PLACEMENT_3D('',#1364,#1114,#1115);
#1018=AXIS2_PLACEMENT_3D('',#1365,#1116,#1117);
#1019=AXIS2_PLACEMENT_3D('',#1367,#1118,#1119);
#1020=AXIS2_PLACEMENT_3D('',#1368,#1120,#1121);
#1021=AXIS2_PLACEMENT_3D('',#1370,#1122,#1123);
#1022=AXIS2_PLACEMENT_3D('',#1379,#1128,#1129);
#1023=AXIS2_PLACEMENT_3D('',#1385,#1133,#1134);
#1024=AXIS2_PLACEMENT_3D('',#1386,#1135,#1136);
#1025=AXIS2_PLACEMENT_3D('',#1390,#1138,#1139);
#1026=AXIS2_PLACEMENT_3D('',#1391,#1140,#1141);
#1027=AXIS2_PLACEMENT_3D('',#1394,#1144,#1145);
#1028=AXIS2_PLACEMENT_3D('',#1395,#1146,#1147);
#1029=AXIS2_PLACEMENT_3D('',#1397,#1148,#1149);
#1030=AXIS2_PLACEMENT_3D('',#1399,#1150,#1151);
#1031=AXIS2_PLACEMENT_3D('',#1400,#1152,#1153);
#1032=AXIS2_PLACEMENT_3D('',#2164,#1154,#1155);
#1033=AXIS2_PLACEMENT_3D('',#2193,#1156,#1157);
#1034=AXIS2_PLACEMENT_3D('',#2194,#1158,#1159);
#1035=AXIS2_PLACEMENT_3D('',#2195,#1160,#1161);
#1036=AXIS2_PLACEMENT_3D('',#2197,#1163,#1164);
#1037=AXIS2_PLACEMENT_3D('',#2198,#1165,#1166);
#1038=AXIS2_PLACEMENT_3D('',#2200,#1167,#1168);
#1039=AXIS2_PLACEMENT_3D('',#2202,#1169,#1170);
#1040=AXIS2_PLACEMENT_3D('',#2203,#1171,#1172);
#1041=AXIS2_PLACEMENT_3D('',#2205,#1173,#1174);
#1042=AXIS2_PLACEMENT_3D('',#2206,#1175,#1176);
#1043=AXIS2_PLACEMENT_3D('',#2208,#1177,#1178);
#1044=AXIS2_PLACEMENT_3D('',#2209,#1179,#1180);
#1045=AXIS2_PLACEMENT_3D('',#2235,#1184,#1185);
#1046=AXIS2_PLACEMENT_3D('',#2243,#1186,#1187);
#1047=AXIS2_PLACEMENT_3D('',#2247,#1189,#1190);
#1048=AXIS2_PLACEMENT_3D('',#2248,#1191,#1192);
#1049=AXIS2_PLACEMENT_3D('',#2249,#1193,#1194);
#1050=AXIS2_PLACEMENT_3D('',#2250,#1195,#1196);
#1051=AXIS2_PLACEMENT_3D('',#2251,#1197,#1198);
#1052=AXIS2_PLACEMENT_3D('',#2252,#1199,#1200);
#1053=AXIS2_PLACEMENT_3D('',#2254,#1201,#1202);
#1054=AXIS2_PLACEMENT_3D('',#2255,#1203,#1204);
#1055=AXIS2_PLACEMENT_3D('',#2256,#1205,#1206);
#1056=AXIS2_PLACEMENT_3D('',#2257,#1207,#1208);
#1057=AXIS2_PLACEMENT_3D('',#2258,#1209,#1210);
#1058=AXIS2_PLACEMENT_3D('',#2271,#1211,#1212);
#1059=AXIS2_PLACEMENT_3D('',#2272,#1213,#1214);
#1060=AXIS2_PLACEMENT_3D('',#2361,#1220,#1221);
#1061=AXIS2_PLACEMENT_3D('',#2362,#1222,#1223);
#1062=AXIS2_PLACEMENT_3D('',#2532,#1229,#1230);
#1063=AXIS2_PLACEMENT_3D('',#2533,#1231,#1232);
#1064=AXIS2_PLACEMENT_3D('',#2535,#1233,#1234);
#1065=AXIS2_PLACEMENT_3D('',#2588,#1238,#1239);
#1066=AXIS2_PLACEMENT_3D('',#2589,#1240,#1241);
#1067=AXIS2_PLACEMENT_3D('',#2591,#1242,#1243);
#1068=AXIS2_PLACEMENT_3D('',#2593,#1244,#1245);
#1069=AXIS2_PLACEMENT_3D('',#2594,#1246,#1247);
#1070=AXIS2_PLACEMENT_3D('',#2595,#1248,#1249);
#1071=AXIS2_PLACEMENT_3D('',#2598,#1250,#1251);
#1072=AXIS2_PLACEMENT_3D('',#2600,#1252,#1253);
#1073=AXIS2_PLACEMENT_3D('',#2689,#1259,#1260);
#1074=AXIS2_PLACEMENT_3D('',#2692,#1263,#1264);
#1075=AXIS2_PLACEMENT_3D('',#2694,#1266,#1267);
#1076=AXIS2_PLACEMENT_3D('',#2696,#1269,#1270);
#1077=AXIS2_PLACEMENT_3D('',#2702,#1274,#1275);
#1078=AXIS2_PLACEMENT_3D('',#2703,#1276,#1277);
#1079=AXIS2_PLACEMENT_3D('',#2706,#1279,#1280);
#1080=AXIS2_PLACEMENT_3D('',#2708,#1281,#1282);
#1081=AXIS2_PLACEMENT_3D('',#2711,#1284,#1285);
#1082=AXIS2_PLACEMENT_3D('',#2712,#1286,#1287);
#1083=AXIS2_PLACEMENT_3D('',#2714,#1288,#1289);
#1084=AXIS2_PLACEMENT_3D('',#2715,#1290,#1291);
#1085=AXIS2_PLACEMENT_3D('',#2717,#1293,#1294);
#1086=AXIS2_PLACEMENT_3D('',#2718,#1295,#1296);
#1087=AXIS2_PLACEMENT_3D('',#2719,#1297,#1298);
#1088=AXIS2_PLACEMENT_3D('',#2724,#1300,#1301);
#1089=AXIS2_PLACEMENT_3D('',#2727,#1303,#1304);
#1090=AXIS2_PLACEMENT_3D('',#2728,#1305,#1306);
#1091=AXIS2_PLACEMENT_3D('',#2730,#1307,#1308);
#1092=AXIS2_PLACEMENT_3D('',#2732,#1309,#1310);
#1093=AXIS2_PLACEMENT_3D('',#2735,#1313,#1314);
#1094=AXIS2_PLACEMENT_3D('',#2738,#1317,#1318);
#1095=AXIS2_PLACEMENT_3D('',#2739,#1319,#1320);
#1096=AXIS2_PLACEMENT_3D('',#2740,#1321,#1322);
#1097=DIRECTION('',(0.,0.,1.));
#1098=DIRECTION('',(1.,0.,0.));
#1099=DIRECTION('',(0.515038074910054,-0.857167300702112,0.));
#1100=DIRECTION('',(-5.24863595569309E-17,-3.15369864938806E-17,1.));
#1101=DIRECTION('',(-0.515038074910054,0.857167300702112,0.));
#1102=DIRECTION('',(5.24863595569309E-17,3.15369864938806E-17,-1.));
#1103=DIRECTION('',(-0.515038074910054,0.857167300702112,0.));
#1104=DIRECTION('',(5.24863595569309E-17,3.15369864938806E-17,-1.));
#1105=DIRECTION('',(-0.515038074910054,0.857167300702112,0.));
#1106=DIRECTION('',(5.24863595569309E-17,3.15369864938806E-17,-1.));
#1107=DIRECTION('',(5.24863595569309E-17,3.15369864938806E-17,-1.));
#1108=DIRECTION('',(0.515038074910054,-0.857167300702112,0.));
#1109=DIRECTION('',(-5.24863595569309E-17,-3.15369864938806E-17,1.));
#1110=DIRECTION('',(-0.515038074910054,0.857167300702112,0.));
#1111=DIRECTION('',(5.24863595569309E-17,3.15369864938806E-17,-1.));
#1112=DIRECTION('',(0.515038074910054,-0.857167300702112,0.));
#1113=DIRECTION('',(-5.24863595569309E-17,-3.15369864938806E-17,1.));
#1114=DIRECTION('',(-0.515038074910054,0.857167300702112,0.));
#1115=DIRECTION('',(5.24863595569309E-17,3.15369864938806E-17,-1.));
#1116=DIRECTION('',(-0.515038074910054,0.857167300702112,0.));
#1117=DIRECTION('',(5.24863595569309E-17,3.15369864938806E-17,-1.));
#1118=DIRECTION('',(-0.515038074910054,0.857167300702112,0.));
#1119=DIRECTION('',(5.24863595569309E-17,3.15369864938806E-17,-1.));
#1120=DIRECTION('',(0.515038074910054,-0.857167300702112,0.));
#1121=DIRECTION('',(-5.24863595569309E-17,-3.15369864938806E-17,1.));
#1122=DIRECTION('',(-0.515038074910054,0.857167300702112,0.));
#1123=DIRECTION('',(5.24863595569309E-17,3.15369864938806E-17,-1.));
#1124=DIRECTION('',(-0.857167300702112,-0.515038074910054,-6.12323399573677E-17));
#1125=DIRECTION('',(5.24863595569309E-17,3.15369864938806E-17,-1.));
#1126=DIRECTION('',(-0.857167300702112,-0.515038074910054,-6.12323399573677E-17));
#1127=DIRECTION('',(-5.24863595569309E-17,-3.15369864938806E-17,1.));
#1128=DIRECTION('',(-0.857167300702112,-0.515038074910054,-6.12323399573677E-17));
#1129=DIRECTION('',(-0.515038074910054,0.857167300702112,9.71632583428189E-33));
#1130=DIRECTION('',(0.515038074910054,-0.857167300702112,-9.71632583428189E-33));
#1131=DIRECTION('',(0.515038074910054,-0.857167300702112,-9.71632583428189E-33));
#1132=DIRECTION('',(-5.24863595569309E-17,-3.15369864938806E-17,1.));
#1133=DIRECTION('',(-5.24863595569309E-17,-3.15369864938806E-17,1.));
#1134=DIRECTION('',(-0.515038074910054,0.857167300702112,0.));
#1135=DIRECTION('',(5.24863595569309E-17,3.15369864938806E-17,-1.));
#1136=DIRECTION('',(0.515038074910054,-0.857167300702112,0.));
#1137=DIRECTION('',(-5.24863595569309E-17,-3.15369864938806E-17,1.));
#1138=DIRECTION('',(5.24863595569309E-17,3.15369864938806E-17,-1.));
#1139=DIRECTION('',(0.515038074910054,-0.857167300702112,0.));
#1140=DIRECTION('',(0.857167300702112,0.515038074910054,6.12323399573677E-17));
#1141=DIRECTION('',(0.515038074910054,-0.857167300702112,0.));
#1142=DIRECTION('',(-0.515038074910054,0.857167300702112,0.));
#1143=DIRECTION('',(-0.515038074910054,0.857167300702112,0.));
#1144=DIRECTION('',(-5.24863595569309E-17,-3.15369864938806E-17,1.));
#1145=DIRECTION('',(-0.515038074910054,0.857167300702112,0.));
#1146=DIRECTION('',(5.24863595569309E-17,3.15369864938806E-17,-1.));
#1147=DIRECTION('',(0.515038074910054,-0.857167300702112,0.));
#1148=DIRECTION('',(5.24863595569309E-17,3.15369864938806E-17,-1.));
#1149=DIRECTION('',(0.515038074910054,-0.857167300702112,0.));
#1150=DIRECTION('',(5.24863595569309E-17,3.15369864938806E-17,-1.));
#1151=DIRECTION('',(-0.857167300702112,-0.515038074910054,-6.12323399573677E-17));
#1152=DIRECTION('',(5.24863595569309E-17,3.15369864938806E-17,-1.));
#1153=DIRECTION('',(-0.857167300702112,-0.515038074910054,-6.12323399573677E-17));
#1154=DIRECTION('',(0.857167300702112,0.515038074910054,6.12323399573677E-17));
#1155=DIRECTION('',(0.515038074910054,-0.857167300702112,0.));
#1156=DIRECTION('',(0.857167300702112,0.515038074910054,6.12323399573677E-17));
#1157=DIRECTION('',(0.515038074910054,-0.857167300702112,0.));
#1158=DIRECTION('',(0.857167300702112,0.515038074910054,6.12323399573677E-17));
#1159=DIRECTION('',(5.24863595569309E-17,3.15369864938806E-17,-1.));
#1160=DIRECTION('',(0.857167300702112,0.515038074910054,6.12323399573677E-17));
#1161=DIRECTION('',(5.24863595569309E-17,3.15369864938806E-17,-1.));
#1162=DIRECTION('',(5.24863595569309E-17,3.15369864938806E-17,-1.));
#1163=DIRECTION('',(-0.515038074910054,0.857167300702112,0.));
#1164=DIRECTION('',(-5.24863595569309E-17,-3.15369864938806E-17,1.));
#1165=DIRECTION('',(-0.515038074910054,0.857167300702112,0.));
#1166=DIRECTION('',(5.24863595569309E-17,3.15369864938806E-17,-1.));
#1167=DIRECTION('',(-0.515038074910054,0.857167300702112,0.));
#1168=DIRECTION('',(5.24863595569309E-17,3.15369864938806E-17,-1.));
#1169=DIRECTION('',(0.515038074910054,-0.857167300702112,0.));
#1170=DIRECTION('',(5.24863595569309E-17,3.15369864938806E-17,-1.));
#1171=DIRECTION('',(0.515038074910054,-0.857167300702112,0.));
#1172=DIRECTION('',(-5.24863595569309E-17,-3.15369864938806E-17,1.));
#1173=DIRECTION('',(0.515038074910054,-0.857167300702112,0.));
#1174=DIRECTION('',(5.24863595569309E-17,3.15369864938806E-17,-1.));
#1175=DIRECTION('',(0.515038074910054,-0.857167300702112,0.));
#1176=DIRECTION('',(-5.24863595569309E-17,-3.15369864938806E-17,1.));
#1177=DIRECTION('',(-0.515038074910054,0.857167300702112,0.));
#1178=DIRECTION('',(5.24863595569309E-17,3.15369864938806E-17,-1.));
#1179=DIRECTION('',(-0.515038074910054,0.857167300702112,0.));
#1180=DIRECTION('',(5.24863595569309E-17,3.15369864938806E-17,-1.));
#1181=DIRECTION('',(-0.515038074910054,0.857167300702112,0.));
#1182=DIRECTION('',(-0.515038074910054,0.857167300702112,0.));
#1183=DIRECTION('',(-0.515038074910054,0.857167300702112,0.));
#1184=DIRECTION('',(0.515038074910054,-0.857167300702112,0.));
#1185=DIRECTION('',(-5.24863595569309E-17,-3.15369864938806E-17,1.));
#1186=DIRECTION('',(0.515038074910054,-0.857167300702112,0.));
#1187=DIRECTION('',(-5.24863595569309E-17,-3.15369864938806E-17,1.));
#1188=DIRECTION('',(-0.515038074910054,0.857167300702112,0.));
#1189=DIRECTION('',(0.515038074910055,-0.857167300702113,0.));
#1190=DIRECTION('',(-5.24863595569309E-17,-3.15369864938806E-17,1.));
#1191=DIRECTION('',(0.515038074910054,-0.857167300702112,0.));
#1192=DIRECTION('',(0.857167300702112,0.515038074910054,6.12323399573677E-17));
#1193=DIRECTION('',(-1.57459078670793E-16,-9.46109594816419E-17,1.));
#1194=DIRECTION('',(0.857167300702112,0.515038074910054,1.83697019872103E-16));
#1195=DIRECTION('',(-5.24863595569309E-17,-3.15369864938806E-17,1.));
#1196=DIRECTION('',(-0.515038074910054,0.857167300702112,0.));
#1197=DIRECTION('',(5.24863595569309E-17,3.15369864938806E-17,-1.));
#1198=DIRECTION('',(0.515038074910054,-0.857167300702112,0.));
#1199=DIRECTION('',(5.24863595569309E-17,3.15369864938806E-17,-1.));
#1200=DIRECTION('',(0.515038074910054,-0.857167300702112,0.));
#1201=DIRECTION('',(5.24863595569309E-17,3.15369864938806E-17,-1.));
#1202=DIRECTION('',(-0.857167300702112,-0.515038074910054,-6.12323399573677E-17));
#1203=DIRECTION('',(0.515038074910054,-0.857167300702112,0.));
#1204=DIRECTION('',(-0.857167300702112,-0.515038074910054,-1.83697019872103E-16));
#1205=DIRECTION('',(-1.57459078670793E-16,-9.46109594816419E-17,1.));
#1206=DIRECTION('',(0.515038074910054,-0.857167300702112,0.));
#1207=DIRECTION('',(-1.57459078670793E-16,-9.46109594816419E-17,1.));
#1208=DIRECTION('',(0.857167300702112,0.515038074910054,1.83697019872103E-16));
#1209=DIRECTION('',(0.,0.,-1.));
#1210=DIRECTION('',(0.,1.,0.));
#1211=DIRECTION('',(-1.57459078670793E-16,-9.46109594816419E-17,1.));
#1212=DIRECTION('',(1.,0.,1.57459078670793E-16));
#1213=DIRECTION('',(0.,0.,-1.));
#1214=DIRECTION('',(0.,1.,0.));
#1215=DIRECTION('',(0.,0.,1.));
#1216=DIRECTION('',(0.,0.,1.));
#1217=DIRECTION('',(0.,0.,-1.));
#1218=DIRECTION('',(0.,0.,-1.));
#1219=DIRECTION('',(0.,0.,1.));
#1220=DIRECTION('',(-1.57459078670793E-16,-9.46109594816419E-17,1.));
#1221=DIRECTION('',(1.,0.,1.57459078670793E-16));
#1222=DIRECTION('',(-1.57459078670793E-16,-9.46109594816419E-17,1.));
#1223=DIRECTION('',(0.857167300702112,0.515038074910054,1.83697019872103E-16));
#1224=DIRECTION('',(0.,0.,1.));
#1225=DIRECTION('',(0.,0.,1.));
#1226=DIRECTION('',(0.,0.,1.));
#1227=DIRECTION('',(0.,-1.,6.12323399573677E-17));
#1228=DIRECTION('',(0.,-1.,6.12323399573677E-17));
#1229=DIRECTION('',(0.,-1.,6.12323399573677E-17));
#1230=DIRECTION('',(0.,-6.12323399573677E-17,-1.));
#1231=DIRECTION('',(0.,-1.,0.));
#1232=DIRECTION('',(-1.,0.,0.));
#1233=DIRECTION('',(0.,-1.,0.));
#1234=DIRECTION('',(-1.,0.,0.));
#1235=DIRECTION('',(0.,0.,1.));
#1236=DIRECTION('',(0.,0.,1.));
#1237=DIRECTION('',(0.,0.,1.));
#1238=DIRECTION('',(0.,-1.,0.));
#1239=DIRECTION('',(-1.,0.,0.));
#1240=DIRECTION('',(0.,-1.,0.));
#1241=DIRECTION('',(-1.,0.,0.));
#1242=DIRECTION('',(0.,-1.,0.));
#1243=DIRECTION('',(-1.,0.,0.));
#1244=DIRECTION('',(0.,-1.,0.));
#1245=DIRECTION('',(-1.,0.,0.));
#1246=DIRECTION('',(0.,-1.,0.));
#1247=DIRECTION('',(-1.,0.,0.));
#1248=DIRECTION('',(0.,-1.,0.));
#1249=DIRECTION('',(-1.,0.,0.));
#1250=DIRECTION('',(0.,-1.,0.));
#1251=DIRECTION('',(-1.,0.,0.));
#1252=DIRECTION('',(0.,-1.,0.));
#1253=DIRECTION('',(-1.,0.,0.));
#1254=DIRECTION('',(0.,0.,1.));
#1255=DIRECTION('',(0.,0.,1.));
#1256=DIRECTION('',(0.,0.,1.));
#1257=DIRECTION('',(0.,0.,1.));
#1258=DIRECTION('',(0.,0.,1.));
#1259=DIRECTION('',(0.,-1.,6.12323399573677E-17));
#1260=DIRECTION('',(0.,-6.12323399573677E-17,-1.));
#1261=DIRECTION('',(0.,-1.,6.12323399573677E-17));
#1262=DIRECTION('',(0.,-1.,6.12323399573677E-17));
#1263=DIRECTION('',(0.,-1.,6.12323399573677E-17));
#1264=DIRECTION('',(0.,-6.12323399573677E-17,-1.));
#1265=DIRECTION('',(0.,-1.,6.12323399573677E-17));
#1266=DIRECTION('',(0.,-1.,6.12323399573677E-17));
#1267=DIRECTION('',(0.,-6.12323399573677E-17,-1.));
#1268=DIRECTION('',(0.,-1.,6.12323399573677E-17));
#1269=DIRECTION('',(2.08166817117217E-15,-1.,0.));
#1270=DIRECTION('',(-1.,-2.08166817117217E-15,0.));
#1271=DIRECTION('',(-1.,-2.08166817117217E-15,0.));
#1272=DIRECTION('',(0.,0.,-1.));
#1273=DIRECTION('',(-1.,-2.08166817117217E-15,0.));
#1274=DIRECTION('',(0.,0.,-1.));
#1275=DIRECTION('',(-1.,0.,0.));
#1276=DIRECTION('',(0.,0.,1.));
#1277=DIRECTION('',(0.,-1.,0.));
#1278=DIRECTION('',(-1.,-6.93889390390726E-16,0.));
#1279=DIRECTION('',(0.,0.,1.));
#1280=DIRECTION('',(0.,-1.,0.));
#1281=DIRECTION('',(0.,0.,-1.));
#1282=DIRECTION('',(-1.,0.,0.));
#1283=DIRECTION('',(-1.,-6.93889390390726E-16,0.));
#1284=DIRECTION('',(0.,0.,1.));
#1285=DIRECTION('',(0.,-1.,0.));
#1286=DIRECTION('',(0.,0.,1.));
#1287=DIRECTION('',(0.,-1.,0.));
#1288=DIRECTION('',(0.,0.,1.));
#1289=DIRECTION('',(0.,-1.,0.));
#1290=DIRECTION('',(0.,0.,1.));
#1291=DIRECTION('',(0.,-1.,0.));
#1292=DIRECTION('',(0.,0.,-1.));
#1293=DIRECTION('',(6.93889390390726E-16,-1.,0.));
#1294=DIRECTION('',(-1.,-6.93889390390726E-16,0.));
#1295=DIRECTION('',(0.,0.,-1.));
#1296=DIRECTION('',(0.,1.,0.));
#1297=DIRECTION('',(0.,0.,1.));
#1298=DIRECTION('',(0.,-1.,0.));
#1299=DIRECTION('',(0.,0.,1.));
#1300=DIRECTION('',(0.,0.,1.));
#1301=DIRECTION('',(0.,-1.,0.));
#1302=DIRECTION('',(0.,0.,1.));
#1303=DIRECTION('',(0.,0.,-1.));
#1304=DIRECTION('',(0.,1.,0.));
#1305=DIRECTION('',(0.,0.,1.));
#1306=DIRECTION('',(0.,-1.,0.));
#1307=DIRECTION('',(0.,0.,1.));
#1308=DIRECTION('',(0.,-1.,0.));
#1309=DIRECTION('',(0.,0.,1.));
#1310=DIRECTION('',(1.,0.,0.));
#1311=DIRECTION('',(-1.,-6.9388939039072E-16,0.));
#1312=DIRECTION('',(-1.,-6.9388939039072E-16,0.));
#1313=DIRECTION('',(0.,0.,1.));
#1314=DIRECTION('',(1.,0.,0.));
#1315=DIRECTION('',(-1.,-6.9388939039072E-16,0.));
#1316=DIRECTION('',(-1.,-6.9388939039072E-16,0.));
#1317=DIRECTION('',(-6.9388939039072E-16,1.,0.));
#1318=DIRECTION('',(1.,6.9388939039072E-16,0.));
#1319=DIRECTION('',(-6.9388939039072E-16,1.,0.));
#1320=DIRECTION('',(1.,6.9388939039072E-16,0.));
#1321=DIRECTION('',(-6.72999445217588E-30,-1.,6.12323399573665E-17));
#1322=DIRECTION('',(0.,-6.12323399573665E-17,-1.));
#1323=CARTESIAN_POINT('',(0.,0.,0.));
#1324=CARTESIAN_POINT('',(0.0223594830471174,0.0512796275525879,0.24205));
#1325=CARTESIAN_POINT('',(0.0239045972718475,0.0487081256504815,0.24205));
#1326=CARTESIAN_POINT('',(0.0239045972718475,0.0487081256504815,0.23355));
#1327=CARTESIAN_POINT('',(0.0208143688223872,0.0538511294546942,0.24205));
#1328=CARTESIAN_POINT('',(0.0208143688223872,0.0538511294546942,0.23355));
#1329=CARTESIAN_POINT('',(0.0239045972718475,0.0487081256504815,0.24205));
#1330=CARTESIAN_POINT('',(0.0239045972718475,0.0487081256504815,0.24205));
#1331=CARTESIAN_POINT('',(0.0239045972718475,0.0487081256504815,0.23505));
#1332=CARTESIAN_POINT('',(0.0239045972718475,0.0487081256504815,0.23405));
#1333=CARTESIAN_POINT('',(0.0239045972718475,0.0487081256504815,0.23505));
#1334=CARTESIAN_POINT('',(0.0243447299377496,0.0489725840365697,0.23505));
#1335=CARTESIAN_POINT('',(0.025225549974843,0.0495018341093021,0.23515445136195));
#1336=CARTESIAN_POINT('',(0.0262638210353785,0.0501256903014621,0.23551712514496));
#1337=CARTESIAN_POINT('',(0.0269632008899175,0.050545920113795,0.235882222275773));
#1338=CARTESIAN_POINT('',(0.027353038875645,0.0507801584072196,0.236118734610065));
#1339=CARTESIAN_POINT('',(0.0276397800373578,0.0509524498791471,0.236307361879497));
#1340=CARTESIAN_POINT('',(0.0278751895985748,0.051093898213825,0.236471876841197));
#1341=CARTESIAN_POINT('',(0.0280634910699963,0.0512070411525071,0.236604322683546));
#1342=CARTESIAN_POINT('',(0.0282044056805348,0.0512917111926252,0.236701845873259));
#1343=CARTESIAN_POINT('',(0.0283282280274902,0.0513661111646665,0.236778083423446));
#1344=CARTESIAN_POINT('',(0.0284238967571969,0.0514235947368189,0.236826719970136));
#1345=CARTESIAN_POINT('',(0.0285260961085102,0.051485002302314,0.236839845862665));
#1346=CARTESIAN_POINT('',(0.0285215318414353,0.0514822598139737,0.23672055162076));
#1347=CARTESIAN_POINT('',(0.0284787346751014,0.0514565446821178,0.236610083308983));
#1348=CARTESIAN_POINT('',(0.0284101636072243,0.0514153430278257,0.236470914859093));
#1349=CARTESIAN_POINT('',(0.0283156562868099,0.051358557300779,0.236318895351631));
#1350=CARTESIAN_POINT('',(0.0281786963724388,0.0512762634818477,0.236122498565325));
#1351=CARTESIAN_POINT('',(0.0279949026296484,0.0511658290597814,0.235895099128939));
#1352=CARTESIAN_POINT('',(0.0277585852542477,0.0510238352553113,0.235642464322223));
#1353=CARTESIAN_POINT('',(0.0274252629109234,0.0508235549857658,0.235330591315279));
#1354=CARTESIAN_POINT('',(0.0269738345822053,0.050552309480725,0.2349829563605));
#1355=CARTESIAN_POINT('',(0.0262161977953894,0.0500970753720017,0.23453352020538));
#1356=CARTESIAN_POINT('',(0.0251885586752547,0.0494796074941401,0.234151088890867));
#1357=CARTESIAN_POINT('',(0.0243354050101852,0.0489669810548209,0.23405));
#1358=CARTESIAN_POINT('',(0.0239045972718475,0.0487081256504815,0.23405));
#1359=CARTESIAN_POINT('',(0.0239045972718475,0.0487081256504815,0.24205));
#1360=CARTESIAN_POINT('',(0.0239045972718475,0.0487081256504815,0.247660864063385));
#1361=CARTESIAN_POINT('',(0.0342053587700486,0.0315647796364393,0.24205));
#1362=CARTESIAN_POINT('',(0.0342053587700486,0.0315647796364393,0.24205));
#1363=CARTESIAN_POINT('',(0.0342053587700486,0.0315647796364393,0.247660864063385));
#1364=CARTESIAN_POINT('',(0.0342053587700486,0.0315647796364393,0.24205));
#1365=CARTESIAN_POINT('',(0.0360079920322338,0.0285646940839819,0.24205));
#1366=CARTESIAN_POINT('',(0.0360079920322338,0.0285646940839819,0.238699011018965));
#1367=CARTESIAN_POINT('',(0.0360079920322338,0.0285646940839819,0.24205));
#1368=CARTESIAN_POINT('',(0.0360079920322338,0.0285646940839819,0.24205));
#1369=CARTESIAN_POINT('',(0.0360079920322338,0.0285646940839819,0.243059623189905));
#1370=CARTESIAN_POINT('',(0.0208143688223872,0.0538511294546942,0.24205));
#1371=CARTESIAN_POINT('',(0.0208143688223872,0.0538511294546942,0.24055));
#1372=CARTESIAN_POINT('',(0.0237756311401758,0.0556304353640636,0.24055));
#1373=CARTESIAN_POINT('',(0.0179,0.0521,0.24055));
#1374=CARTESIAN_POINT('',(0.0237756311401758,0.0556304353640636,0.24205));
#1375=CARTESIAN_POINT('',(0.0237756311401758,0.0556304353640636,0.24355));
#1376=CARTESIAN_POINT('',(0.0208143688223872,0.0538511294546942,0.24355));
#1377=CARTESIAN_POINT('',(0.0179,0.0521,0.24355));
#1378=CARTESIAN_POINT('',(0.0179,0.0521,0.24205));
#1379=CARTESIAN_POINT('',(0.016732439211097,0.0540431474653682,0.24055));
#1380=CARTESIAN_POINT('',(0.016732439211097,0.0540431474653682,0.24055));
#1381=CARTESIAN_POINT('',(0.0153248096254497,0.0563858365035106,0.24055));
#1382=CARTESIAN_POINT('',(0.016732439211097,0.0540431474653682,0.24355));
#1383=CARTESIAN_POINT('',(0.0153248096254497,0.0563858365035106,0.24355));
#1384=CARTESIAN_POINT('',(0.0153248096254497,0.0563858365035106,0.24055));
#1385=CARTESIAN_POINT('',(0.0182626251955376,0.0581510541855424,0.24055));
#1386=CARTESIAN_POINT('',(0.0182626251955376,0.0581510541855424,0.24355));
#1387=CARTESIAN_POINT('',(0.0212004407656255,0.0599162718675742,0.24355));
#1388=CARTESIAN_POINT('',(0.0212004407656255,0.0599162718675742,0.24055));
#1389=CARTESIAN_POINT('',(0.0212004407656255,0.0599162718675742,0.24055));
#1390=CARTESIAN_POINT('',(0.0182626251955376,0.0581510541855424,0.24055));
#1391=CARTESIAN_POINT('',(0.0226163099015127,0.0575598699150238,0.24055));
#1392=CARTESIAN_POINT('',(0.0226163099015127,0.0575598699150238,0.24355));
#1393=CARTESIAN_POINT('',(0.0226163099015127,0.0575598699150238,0.24055));
#1394=CARTESIAN_POINT('',(0.0182391784478369,0.0581369659582048,0.24055));
#1395=CARTESIAN_POINT('',(0.0182391784478369,0.0581369659582048,0.24055));
#1396=CARTESIAN_POINT('',(0.019475269827621,0.0560797644365197,0.24055));
#1397=CARTESIAN_POINT('',(0.0182391784478369,0.0581369659582048,0.24355));
#1398=CARTESIAN_POINT('',(0.019475269827621,0.0560797644365197,0.24355));
#1399=CARTESIAN_POINT('',(0.0325736395643683,0.034333526599874,0.24055));
#1400=CARTESIAN_POINT('',(0.0325736395643683,0.034333526599874,0.24355));
#1401=CARTESIAN_POINT('',(0.0241621163093025,0.0482795420001305,0.23455));
#1402=CARTESIAN_POINT('',(0.0280406700850487,0.0502319365847706,0.23455));
#1403=CARTESIAN_POINT('',(0.0300634022165415,0.0510692410274398,0.2383));
#1404=CARTESIAN_POINT('',(0.0320861343480343,0.051906545470109,0.24205));
#1405=CARTESIAN_POINT('',(0.0303972231910202,0.0505136696288366,0.2458));
#1406=CARTESIAN_POINT('',(0.0287083120340062,0.0491207937875641,0.24955));
#1407=CARTESIAN_POINT('',(0.0251635792327388,0.0466128278043208,0.24955));
#1408=CARTESIAN_POINT('',(0.0216188464314713,0.0441048618210775,0.24955));
#1409=CARTESIAN_POINT('',(0.0199299352744573,0.0427119859798051,0.2458));
#1410=CARTESIAN_POINT('',(0.0182410241174432,0.0413191101385325,0.24205));
#1411=CARTESIAN_POINT('',(0.020263756248936,0.0421564145812018,0.2383));
#1412=CARTESIAN_POINT('',(0.0222864883804288,0.0429937190238711,0.23455));
#1413=CARTESIAN_POINT('',(0.026165042156175,0.0449461136085111,0.23455));
#1414=CARTESIAN_POINT('',(0.0300435959319212,0.0468985081931512,0.23455));
#1415=CARTESIAN_POINT('',(0.0320663280634139,0.0477358126358205,0.2383));
#1416=CARTESIAN_POINT('',(0.0340890601949067,0.0485731170784897,0.24205));
#1417=CARTESIAN_POINT('',(0.0324001490378927,0.0471802412372173,0.2458));
#1418=CARTESIAN_POINT('',(0.0307112378808786,0.0457873653959447,0.24955));
#1419=CARTESIAN_POINT('',(0.0271665050796112,0.0432793994127015,0.24955));
#1420=CARTESIAN_POINT('',(0.0236217722783437,0.0407714334294581,0.24955));
#1421=CARTESIAN_POINT('',(0.0219328611213297,0.0393785575881857,0.2458));
#1422=CARTESIAN_POINT('',(0.0202439499643156,0.0379856817469132,0.24205));
#1423=CARTESIAN_POINT('',(0.0222666820958085,0.0388229861895825,0.2383));
#1424=CARTESIAN_POINT('',(0.0242894142273012,0.0396602906322517,0.23455));
#1425=CARTESIAN_POINT('',(0.0281679680030474,0.0416126852168918,0.23455));
#1426=CARTESIAN_POINT('',(0.0320465217787936,0.0435650798015319,0.23455));
#1427=CARTESIAN_POINT('',(0.0340692539102863,0.0444023842442011,0.2383));
#1428=CARTESIAN_POINT('',(0.0360919860417791,0.0452396886868704,0.24205));
#1429=CARTESIAN_POINT('',(0.0344030748847651,0.043846812845598,0.2458));
#1430=CARTESIAN_POINT('',(0.0327141637277511,0.0424539370043255,0.24955));
#1431=CARTESIAN_POINT('',(0.0291694309264836,0.0399459710210821,0.24955));
#1432=CARTESIAN_POINT('',(0.0256246981252161,0.0374380050378388,0.24955));
#1433=CARTESIAN_POINT('',(0.0239357869682021,0.0360451291965664,0.2458));
#1434=CARTESIAN_POINT('',(0.0222468758111881,0.0346522533552939,0.24205));
#1435=CARTESIAN_POINT('',(0.0242696079426808,0.0354895577979632,0.2383));
#1436=CARTESIAN_POINT('',(0.0262923400741736,0.0363268622406324,0.23455));
#1437=CARTESIAN_POINT('',(0.0301708938499199,0.0382792568252725,0.23455));
#1438=CARTESIAN_POINT('',(0.034049447625666,0.0402316514099126,0.23455));
#1439=CARTESIAN_POINT('',(0.0360721797571588,0.0410689558525818,0.2383));
#1440=CARTESIAN_POINT('',(0.0380949118886516,0.0419062602952511,0.24205));
#1441=CARTESIAN_POINT('',(0.0364060007316376,0.0405133844539786,0.2458));
#1442=CARTESIAN_POINT('',(0.0347170895746235,0.0391205086127061,0.24955));
#1443=CARTESIAN_POINT('',(0.0311723567733561,0.0366125426294628,0.24955));
#1444=CARTESIAN_POINT('',(0.0276276239720886,0.0341045766462195,0.24955));
#1445=CARTESIAN_POINT('',(0.0259387128150745,0.032711700804947,0.2458));
#1446=CARTESIAN_POINT('',(0.0242498016580605,0.0313188249636746,0.24205));
#1447=CARTESIAN_POINT('',(0.0262725337895533,0.0321561294063438,0.2383));
#1448=CARTESIAN_POINT('',(0.0282952659210461,0.032993433849013,0.23455));
#1449=CARTESIAN_POINT('',(0.0321738196967922,0.0349458284336531,0.23455));
#1450=CARTESIAN_POINT('',(0.0360523734725384,0.0368982230182933,0.23455));
#1451=CARTESIAN_POINT('',(0.0380751056040312,0.0377355274609625,0.2383));
#1452=CARTESIAN_POINT('',(0.040097837735524,0.0385728319036317,0.24205));
#1453=CARTESIAN_POINT('',(0.03840892657851,0.0371799560623593,0.2458));
#1454=CARTESIAN_POINT('',(0.036720015421496,0.0357870802210868,0.24955));
#1455=CARTESIAN_POINT('',(0.0331752826202285,0.0332791142378435,0.24955));
#1456=CARTESIAN_POINT('',(0.029630549818961,0.0307711482546002,0.24955));
#1457=CARTESIAN_POINT('',(0.027941638661947,0.0293782724133277,0.2458));
#1458=CARTESIAN_POINT('',(0.0262527275049329,0.0279853965720552,0.24205));
#1459=CARTESIAN_POINT('',(0.0282754596364257,0.0288227010147245,0.2383));
#1460=CARTESIAN_POINT('',(0.0302981917679185,0.0296600054573938,0.23455));
#1461=CARTESIAN_POINT('',(0.0341767455436647,0.0316124000420338,0.23455));
#1462=CARTESIAN_POINT('',(0.0380552993194109,0.0335647946266739,0.23455));
#1463=CARTESIAN_POINT('',(0.0400780314509037,0.0344020990693431,0.2383));
#1464=CARTESIAN_POINT('',(0.0421007635823965,0.0352394035120124,0.24205));
#1465=CARTESIAN_POINT('',(0.0404118524253824,0.03384652767074,0.2458));
#1466=CARTESIAN_POINT('',(0.0387229412683683,0.0324536518294675,0.24955));
#1467=CARTESIAN_POINT('',(0.0351782084671009,0.0299456858462242,0.24955));
#1468=CARTESIAN_POINT('',(0.0316334756658335,0.0274377198629808,0.24955));
#1469=CARTESIAN_POINT('',(0.0299445645088194,0.0260448440217084,0.2458));
#1470=CARTESIAN_POINT('',(0.0282556533518054,0.024651968180436,0.24205));
#1471=CARTESIAN_POINT('',(0.0302783854832981,0.0254892726231052,0.2383));
#1472=CARTESIAN_POINT('',(0.0323011176147909,0.0263265770657744,0.23455));
#1473=CARTESIAN_POINT('',(0.0361796713905371,0.0282789716504145,0.23455));
#1474=CARTESIAN_POINT('',(0.0400582251662833,0.0302313662350546,0.23455));
#1475=CARTESIAN_POINT('',(0.0420809572977761,0.0310686706777239,0.2383));
#1476=CARTESIAN_POINT('',(0.0441036894292689,0.0319059751203931,0.24205));
#1477=CARTESIAN_POINT('',(0.0424147782722549,0.0305130992791207,0.2458));
#1478=CARTESIAN_POINT('',(0.0407258671152408,0.0291202234378482,0.24955));
#1479=CARTESIAN_POINT('',(0.0371811343139734,0.0266122574546048,0.24955));
#1480=CARTESIAN_POINT('',(0.0336364015127059,0.0241042914713616,0.24955));
#1481=CARTESIAN_POINT('',(0.0319474903556918,0.0227114156300891,0.2458));
#1482=CARTESIAN_POINT('',(0.0302585791986778,0.0213185397888166,0.24205));
#1483=CARTESIAN_POINT('',(0.0322813113301706,0.0221558442314858,0.2383));
#1484=CARTESIAN_POINT('',(0.0343040434616634,0.0229931486741551,0.23455));
#1485=CARTESIAN_POINT('',(0.0381825972374095,0.0249455432587952,0.23455));
#1486=CARTESIAN_POINT('',(0.0420611510131557,0.0268979378434353,0.23455));
#1487=CARTESIAN_POINT('',(0.0440838831446485,0.0277352422861045,0.2383));
#1488=CARTESIAN_POINT('',(0.0461066152761413,0.0285725467287738,0.24205));
#1489=CARTESIAN_POINT('',(0.0444177041191273,0.0271796708875013,0.2458));
#1490=CARTESIAN_POINT('',(0.0427287929621132,0.0257867950462288,0.24955));
#1491=CARTESIAN_POINT('',(0.0391840601608458,0.0232788290629856,0.24955));
#1492=CARTESIAN_POINT('',(0.0356393273595783,0.0207708630797422,0.24955));
#1493=CARTESIAN_POINT('',(0.0339504162025643,0.0193779872384698,0.2458));
#1494=CARTESIAN_POINT('',(0.0322615050455502,0.0179851113971973,0.24205));
#1495=CARTESIAN_POINT('',(0.0342842371770431,0.0188224158398665,0.2383));
#1496=CARTESIAN_POINT('',(0.0363069693085358,0.0196597202825358,0.23455));
#1497=CARTESIAN_POINT('',(0.040185523084282,0.0216121148671759,0.23455));
#1498=CARTESIAN_POINT('',(0.0440640768600282,0.023564509451816,0.23455));
#1499=CARTESIAN_POINT('',(0.046086808991521,0.0244018138944852,0.2383));
#1500=CARTESIAN_POINT('',(0.0481095411230137,0.0252391183371544,0.24205));
#1501=CARTESIAN_POINT('',(0.0464206299659997,0.023846242495882,0.2458));
#1502=CARTESIAN_POINT('',(0.0447317188089857,0.0224533666546095,0.24955));
#1503=CARTESIAN_POINT('',(0.0411869860077182,0.0199454006713662,0.24955));
#1504=CARTESIAN_POINT('',(0.0376422532064508,0.0174374346881229,0.24955));
#1505=CARTESIAN_POINT('',(0.0359533420494367,0.0160445588468505,0.2458));
#1506=CARTESIAN_POINT('',(0.0342644308924227,0.014651683005578,0.24205));
#1507=CARTESIAN_POINT('',(0.0362871630239155,0.0154889874482472,0.2383));
#1508=CARTESIAN_POINT('',(0.0383098951554082,0.0163262918909164,0.23455));
#1509=CARTESIAN_POINT('',(0.0421884489311544,0.0182786864755565,0.23455));
#1510=CARTESIAN_POINT('',(0.0241621163093025,0.0482795420001304,0.23355));
#1511=CARTESIAN_POINT('',(0.0285355558568496,0.0505292939559628,0.23355));
#1512=CARTESIAN_POINT('',(0.0308057308742429,0.0515152770842281,0.2378));
#1513=CARTESIAN_POINT('',(0.0330759058916361,0.0525012602124935,0.24205));
#1514=CARTESIAN_POINT('',(0.0311395518487216,0.050959705685625,0.2463));
#1515=CARTESIAN_POINT('',(0.0292031978058071,0.0494181511587563,0.25055));
#1516=CARTESIAN_POINT('',(0.0251635792327387,0.0466128278043208,0.25055));
#1517=CARTESIAN_POINT('',(0.0211239606596704,0.0438075044498853,0.25055));
#1518=CARTESIAN_POINT('',(0.0191876066167559,0.0422659499230167,0.2463));
#1519=CARTESIAN_POINT('',(0.0172512525738414,0.0407243953961481,0.24205));
#1520=CARTESIAN_POINT('',(0.0195214275912346,0.0417103785244134,0.2378));
#1521=CARTESIAN_POINT('',(0.0217916026086279,0.0426963616526789,0.23355));
#1522=CARTESIAN_POINT('',(0.026165042156175,0.0449461136085111,0.23355));
#1523=CARTESIAN_POINT('',(0.0305384817037221,0.0471958655643434,0.23355));
#1524=CARTESIAN_POINT('',(0.0328086567211153,0.0481818486926088,0.2378));
#1525=CARTESIAN_POINT('',(0.0350788317385085,0.0491678318208742,0.24205));
#1526=CARTESIAN_POINT('',(0.033142477695594,0.0476262772940056,0.2463));
#1527=CARTESIAN_POINT('',(0.0312061236526795,0.046084722767137,0.25055));
#1528=CARTESIAN_POINT('',(0.0271665050796112,0.0432793994127015,0.25055));
#1529=CARTESIAN_POINT('',(0.0231268865065428,0.0404740760582659,0.25055));
#1530=CARTESIAN_POINT('',(0.0211905324636283,0.0389325215313974,0.2463));
#1531=CARTESIAN_POINT('',(0.0192541784207138,0.0373909670045288,0.24205));
#1532=CARTESIAN_POINT('',(0.021524353438107,0.0383769501327941,0.2378));
#1533=CARTESIAN_POINT('',(0.0237945284555003,0.0393629332610595,0.23355));
#1534=CARTESIAN_POINT('',(0.0281679680030474,0.0416126852168918,0.23355));
#1535=CARTESIAN_POINT('',(0.0325414075505945,0.0438624371727241,0.23355));
#1536=CARTESIAN_POINT('',(0.0348115825679877,0.0448484203009895,0.2378));
#1537=CARTESIAN_POINT('',(0.037081757585381,0.0458344034292548,0.24205));
#1538=CARTESIAN_POINT('',(0.0351454035424665,0.0442928489023863,0.2463));
#1539=CARTESIAN_POINT('',(0.033209049499552,0.0427512943755177,0.25055));
#1540=CARTESIAN_POINT('',(0.0291694309264836,0.0399459710210821,0.25055));
#1541=CARTESIAN_POINT('',(0.0251298123534153,0.0371406476666466,0.25055));
#1542=CARTESIAN_POINT('',(0.0231934583105008,0.035599093139778,0.2463));
#1543=CARTESIAN_POINT('',(0.0212571042675862,0.0340575386129095,0.24205));
#1544=CARTESIAN_POINT('',(0.0235272792849795,0.0350435217411748,0.2378));
#1545=CARTESIAN_POINT('',(0.0257974543023727,0.0360295048694402,0.23355));
#1546=CARTESIAN_POINT('',(0.0301708938499198,0.0382792568252724,0.23355));
#1547=CARTESIAN_POINT('',(0.0345443333974669,0.0405290087811049,0.23355));
#1548=CARTESIAN_POINT('',(0.0368145084148602,0.0415149919093701,0.2378));
#1549=CARTESIAN_POINT('',(0.0390846834322534,0.0425009750376355,0.24205));
#1550=CARTESIAN_POINT('',(0.0371483293893389,0.0409594205107669,0.2463));
#1551=CARTESIAN_POINT('',(0.0352119753464244,0.0394178659838984,0.25055));
#1552=CARTESIAN_POINT('',(0.031172356773356,0.0366125426294628,0.25055));
#1553=CARTESIAN_POINT('',(0.0271327382002877,0.0338072192750273,0.25055));
#1554=CARTESIAN_POINT('',(0.0251963841573732,0.0322656647481587,0.2463));
#1555=CARTESIAN_POINT('',(0.0232600301144587,0.0307241102212901,0.24205));
#1556=CARTESIAN_POINT('',(0.0255302051318519,0.0317100933495555,0.2378));
#1557=CARTESIAN_POINT('',(0.0278003801492452,0.0326960764778209,0.23355));
#1558=CARTESIAN_POINT('',(0.0321738196967922,0.0349458284336532,0.23355));
#1559=CARTESIAN_POINT('',(0.0365472592443394,0.0371955803894855,0.23355));
#1560=CARTESIAN_POINT('',(0.0388174342617326,0.0381815635177508,0.2378));
#1561=CARTESIAN_POINT('',(0.0410876092791258,0.0391675466460162,0.24205));
#1562=CARTESIAN_POINT('',(0.0391512552362113,0.0376259921191476,0.2463));
#1563=CARTESIAN_POINT('',(0.0372149011932968,0.036084437592279,0.25055));
#1564=CARTESIAN_POINT('',(0.0331752826202285,0.0332791142378435,0.25055));
#1565=CARTESIAN_POINT('',(0.0291356640471601,0.030473790883408,0.25055));
#1566=CARTESIAN_POINT('',(0.0271993100042456,0.0289322363565394,0.2463));
#1567=CARTESIAN_POINT('',(0.0252629559613311,0.0273906818296708,0.24205));
#1568=CARTESIAN_POINT('',(0.0275331309787243,0.0283766649579361,0.2378));
#1569=CARTESIAN_POINT('',(0.0298033059961176,0.0293626480862015,0.23355));
#1570=CARTESIAN_POINT('',(0.0341767455436647,0.0316124000420338,0.23355));
#1571=CARTESIAN_POINT('',(0.0385501850912118,0.0338621519978662,0.23355));
#1572=CARTESIAN_POINT('',(0.040820360108605,0.0348481351261315,0.2378));
#1573=CARTESIAN_POINT('',(0.0430905351259982,0.0358341182543969,0.24205));
#1574=CARTESIAN_POINT('',(0.0411541810830837,0.0342925637275283,0.2463));
#1575=CARTESIAN_POINT('',(0.0392178270401693,0.0327510092006597,0.25055));
#1576=CARTESIAN_POINT('',(0.0351782084671009,0.0299456858462242,0.25055));
#1577=CARTESIAN_POINT('',(0.0311385898940326,0.0271403624917886,0.25055));
#1578=CARTESIAN_POINT('',(0.0292022358511181,0.0255988079649201,0.2463));
#1579=CARTESIAN_POINT('',(0.0272658818082035,0.0240572534380515,0.24205));
#1580=CARTESIAN_POINT('',(0.0295360568255967,0.0250432365663168,0.2378));
#1581=CARTESIAN_POINT('',(0.0318062318429901,0.0260292196945822,0.23355));
#1582=CARTESIAN_POINT('',(0.0361796713905371,0.0282789716504145,0.23355));
#1583=CARTESIAN_POINT('',(0.0405531109380842,0.0305287236062468,0.23355));
#1584=CARTESIAN_POINT('',(0.0428232859554774,0.0315147067345122,0.2378));
#1585=CARTESIAN_POINT('',(0.0450934609728707,0.0325006898627775,0.24205));
#1586=CARTESIAN_POINT('',(0.0431571069299562,0.0309591353359089,0.2463));
#1587=CARTESIAN_POINT('',(0.0412207528870417,0.0294175808090404,0.25055));
#1588=CARTESIAN_POINT('',(0.0371811343139733,0.0266122574546048,0.25055));
#1589=CARTESIAN_POINT('',(0.033141515740905,0.0238069341001693,0.25055));
#1590=CARTESIAN_POINT('',(0.0312051616979905,0.0222653795733007,0.2463));
#1591=CARTESIAN_POINT('',(0.029268807655076,0.0207238250464322,0.24205));
#1592=CARTESIAN_POINT('',(0.0315389826724692,0.0217098081746975,0.2378));
#1593=CARTESIAN_POINT('',(0.0338091576898625,0.0226957913029629,0.23355));
#1594=CARTESIAN_POINT('',(0.0381825972374095,0.0249455432587952,0.23355));
#1595=CARTESIAN_POINT('',(0.0425560367849567,0.0271952952146275,0.23355));
#1596=CARTESIAN_POINT('',(0.0448262118023499,0.0281812783428928,0.2378));
#1597=CARTESIAN_POINT('',(0.0470963868197431,0.0291672614711582,0.24205));
#1598=CARTESIAN_POINT('',(0.0451600327768287,0.0276257069442896,0.2463));
#1599=CARTESIAN_POINT('',(0.0432236787339141,0.0260841524174211,0.25055));
#1600=CARTESIAN_POINT('',(0.0391840601608458,0.0232788290629855,0.25055));
#1601=CARTESIAN_POINT('',(0.0351444415877775,0.02047350570855,0.25055));
#1602=CARTESIAN_POINT('',(0.0332080875448629,0.0189319511816814,0.2463));
#1603=CARTESIAN_POINT('',(0.0312717335019484,0.0173903966548128,0.24205));
#1604=CARTESIAN_POINT('',(0.0335419085193416,0.0183763797830782,0.2378));
#1605=CARTESIAN_POINT('',(0.0358120835367349,0.0193623629113436,0.23355));
#1606=CARTESIAN_POINT('',(0.0401855230842819,0.0216121148671758,0.23355));
#1607=CARTESIAN_POINT('',(0.0445589626318291,0.0238618668230082,0.23355));
#1608=CARTESIAN_POINT('',(0.0468291376492224,0.0248478499512735,0.2378));
#1609=CARTESIAN_POINT('',(0.0490993126666156,0.0258338330795389,0.24205));
#1610=CARTESIAN_POINT('',(0.047162958623701,0.0242922785526703,0.2463));
#1611=CARTESIAN_POINT('',(0.0452266045807865,0.0227507240258017,0.25055));
#1612=CARTESIAN_POINT('',(0.0411869860077182,0.0199454006713662,0.25055));
#1613=CARTESIAN_POINT('',(0.0371473674346499,0.0171400773169307,0.25055));
#1614=CARTESIAN_POINT('',(0.0352110133917354,0.0155985227900621,0.2463));
#1615=CARTESIAN_POINT('',(0.0332746593488208,0.0140569682631935,0.24205));
#1616=CARTESIAN_POINT('',(0.0355448343662141,0.0150429513914589,0.2378));
#1617=CARTESIAN_POINT('',(0.0378150093836073,0.0160289345197242,0.23355));
#1618=CARTESIAN_POINT('',(0.0421884489311544,0.0182786864755565,0.23355));
#1619=CARTESIAN_POINT('',(0.0236470782343925,0.0491367093008326,0.23355));
#1620=CARTESIAN_POINT('',(0.0280205177819396,0.0513864612566649,0.23355));
#1621=CARTESIAN_POINT('',(0.0302906927993328,0.0523724443849302,0.2378));
#1622=CARTESIAN_POINT('',(0.0325608678167261,0.0533584275131956,0.24205));
#1623=CARTESIAN_POINT('',(0.0306245137738116,0.051816872986327,0.2463));
#1624=CARTESIAN_POINT('',(0.0286881597308971,0.0502753184594584,0.25055));
#1625=CARTESIAN_POINT('',(0.0246485411578287,0.0474699951050229,0.25055));
#1626=CARTESIAN_POINT('',(0.0206089225847603,0.0446646717505874,0.25055));
#1627=CARTESIAN_POINT('',(0.0186725685418458,0.0431231172237188,0.2463));
#1628=CARTESIAN_POINT('',(0.0167362144989313,0.0415815626968502,0.24205));
#1629=CARTESIAN_POINT('',(0.0190063895163246,0.0425675458251156,0.2378));
#1630=CARTESIAN_POINT('',(0.0212765645337178,0.0435535289533809,0.23355));
#1631=CARTESIAN_POINT('',(0.0256500040812649,0.0458032809092133,0.23355));
#1632=CARTESIAN_POINT('',(0.030023443628812,0.0480530328650456,0.23355));
#1633=CARTESIAN_POINT('',(0.0322936186462053,0.049039015993311,0.2378));
#1634=CARTESIAN_POINT('',(0.0345637936635985,0.0500249991215763,0.24205));
#1635=CARTESIAN_POINT('',(0.032627439620684,0.0484834445947077,0.2463));
#1636=CARTESIAN_POINT('',(0.0306910855777695,0.0469418900678391,0.25055));
#1637=CARTESIAN_POINT('',(0.0266514670047011,0.0441365667134036,0.25055));
#1638=CARTESIAN_POINT('',(0.0226118484316328,0.0413312433589681,0.25055));
#1639=CARTESIAN_POINT('',(0.0206754943887183,0.0397896888320995,0.2463));
#1640=CARTESIAN_POINT('',(0.0187391403458038,0.0382481343052309,0.24205));
#1641=CARTESIAN_POINT('',(0.021009315363197,0.0392341174334962,0.2378));
#1642=CARTESIAN_POINT('',(0.0232794903805903,0.0402201005617616,0.23355));
#1643=CARTESIAN_POINT('',(0.0276529299281373,0.0424698525175939,0.23355));
#1644=CARTESIAN_POINT('',(0.0320263694756845,0.0447196044734262,0.23355));
#1645=CARTESIAN_POINT('',(0.0342965444930777,0.0457055876016916,0.2378));
#1646=CARTESIAN_POINT('',(0.0365667195104709,0.046691570729957,0.24205));
#1647=CARTESIAN_POINT('',(0.0346303654675564,0.0451500162030883,0.2463));
#1648=CARTESIAN_POINT('',(0.0326940114246419,0.0436084616762198,0.25055));
#1649=CARTESIAN_POINT('',(0.0286543928515735,0.0408031383217842,0.25055));
#1650=CARTESIAN_POINT('',(0.0246147742785052,0.0379978149673488,0.25055));
#1651=CARTESIAN_POINT('',(0.0226784202355907,0.0364562604404802,0.2463));
#1652=CARTESIAN_POINT('',(0.0207420661926762,0.0349147059136116,0.24205));
#1653=CARTESIAN_POINT('',(0.0230122412100694,0.0359006890418769,0.2378));
#1654=CARTESIAN_POINT('',(0.0252824162274627,0.0368866721701423,0.23355));
#1655=CARTESIAN_POINT('',(0.0296558557750098,0.0391364241259746,0.23355));
#1656=CARTESIAN_POINT('',(0.0340292953225569,0.0413861760818069,0.23355));
#1657=CARTESIAN_POINT('',(0.0362994703399501,0.0423721592100723,0.2378));
#1658=CARTESIAN_POINT('',(0.0385696453573434,0.0433581423383377,0.24205));
#1659=CARTESIAN_POINT('',(0.0366332913144288,0.041816587811469,0.2463));
#1660=CARTESIAN_POINT('',(0.0346969372715144,0.0402750332846005,0.25055));
#1661=CARTESIAN_POINT('',(0.0306573186984459,0.0374697099301649,0.25055));
#1662=CARTESIAN_POINT('',(0.0266177001253776,0.0346643865757294,0.25055));
#1663=CARTESIAN_POINT('',(0.0246813460824631,0.0331228320488608,0.2463));
#1664=CARTESIAN_POINT('',(0.0227449920395486,0.0315812775219922,0.24205));
#1665=CARTESIAN_POINT('',(0.0250151670569418,0.0325672606502576,0.2378));
#1666=CARTESIAN_POINT('',(0.0272853420743351,0.033553243778523,0.23355));
#1667=CARTESIAN_POINT('',(0.0316587816218822,0.0358029957343553,0.23355));
#1668=CARTESIAN_POINT('',(0.0360322211694293,0.0380527476901876,0.23355));
#1669=CARTESIAN_POINT('',(0.0383023961868225,0.0390387308184529,0.2378));
#1670=CARTESIAN_POINT('',(0.0405725712042158,0.0400247139467183,0.24205));
#1671=CARTESIAN_POINT('',(0.0386362171613013,0.0384831594198497,0.2463));
#1672=CARTESIAN_POINT('',(0.0366998631183868,0.0369416048929811,0.25055));
#1673=CARTESIAN_POINT('',(0.0326602445453184,0.0341362815385456,0.25055));
#1674=CARTESIAN_POINT('',(0.0286206259722501,0.0313309581841101,0.25055));
#1675=CARTESIAN_POINT('',(0.0266842719293356,0.0297894036572415,0.2463));
#1676=CARTESIAN_POINT('',(0.0247479178864211,0.0282478491303729,0.24205));
#1677=CARTESIAN_POINT('',(0.0270180929038143,0.0292338322586383,0.2378));
#1678=CARTESIAN_POINT('',(0.0292882679212075,0.0302198153869036,0.23355));
#1679=CARTESIAN_POINT('',(0.0336617074687546,0.0324695673427359,0.23355));
#1680=CARTESIAN_POINT('',(0.0380351470163017,0.0347193192985683,0.23355));
#1681=CARTESIAN_POINT('',(0.040305322033695,0.0357053024268336,0.2378));
#1682=CARTESIAN_POINT('',(0.0425754970510882,0.036691285555099,0.24205));
#1683=CARTESIAN_POINT('',(0.0406391430081737,0.0351497310282304,0.2463));
#1684=CARTESIAN_POINT('',(0.0387027889652592,0.0336081765013618,0.25055));
#1685=CARTESIAN_POINT('',(0.0346631703921909,0.0308028531469263,0.25055));
#1686=CARTESIAN_POINT('',(0.0306235518191225,0.0279975297924908,0.25055));
#1687=CARTESIAN_POINT('',(0.028687197776208,0.0264559752656222,0.2463));
#1688=CARTESIAN_POINT('',(0.0267508437332935,0.0249144207387536,0.24205));
#1689=CARTESIAN_POINT('',(0.0290210187506867,0.0259004038670189,0.2378));
#1690=CARTESIAN_POINT('',(0.03129119376808,0.0268863869952843,0.23355));
#1691=CARTESIAN_POINT('',(0.035664633315627,0.0291361389511166,0.23355));
#1692=CARTESIAN_POINT('',(0.0400380728631741,0.0313858909069489,0.23355));
#1693=CARTESIAN_POINT('',(0.0423082478805674,0.0323718740352143,0.2378));
#1694=CARTESIAN_POINT('',(0.0445784228979607,0.0333578571634797,0.24205));
#1695=CARTESIAN_POINT('',(0.0426420688550462,0.0318163026366111,0.2463));
#1696=CARTESIAN_POINT('',(0.0407057148121317,0.0302747481097425,0.25055));
#1697=CARTESIAN_POINT('',(0.0366660962390633,0.027469424755307,0.25055));
#1698=CARTESIAN_POINT('',(0.0326264776659949,0.0246641014008714,0.25055));
#1699=CARTESIAN_POINT('',(0.0306901236230805,0.0231225468740028,0.2463));
#1700=CARTESIAN_POINT('',(0.0287537695801659,0.0215809923471343,0.24205));
#1701=CARTESIAN_POINT('',(0.0310239445975591,0.0225669754753996,0.2378));
#1702=CARTESIAN_POINT('',(0.0332941196149524,0.023552958603665,0.23355));
#1703=CARTESIAN_POINT('',(0.0376675591624995,0.0258027105594973,0.23355));
#1704=CARTESIAN_POINT('',(0.0420409987100466,0.0280524625153296,0.23355));
#1705=CARTESIAN_POINT('',(0.0443111737274398,0.029038445643595,0.2378));
#1706=CARTESIAN_POINT('',(0.0465813487448331,0.0300244287718603,0.24205));
#1707=CARTESIAN_POINT('',(0.0446449947019185,0.0284828742449917,0.2463));
#1708=CARTESIAN_POINT('',(0.0427086406590041,0.0269413197181232,0.25055));
#1709=CARTESIAN_POINT('',(0.0386690220859357,0.0241359963636876,0.25055));
#1710=CARTESIAN_POINT('',(0.0346294035128674,0.0213306730092521,0.25055));
#1711=CARTESIAN_POINT('',(0.0326930494699529,0.0197891184823835,0.2463));
#1712=CARTESIAN_POINT('',(0.0307566954270384,0.018247563955515,0.24205));
#1713=CARTESIAN_POINT('',(0.0330268704444315,0.0192335470837803,0.2378));
#1714=CARTESIAN_POINT('',(0.0352970454618248,0.0202195302120457,0.23355));
#1715=CARTESIAN_POINT('',(0.0396704850093719,0.022469282167878,0.23355));
#1716=CARTESIAN_POINT('',(0.0440439245569191,0.0247190341237103,0.23355));
#1717=CARTESIAN_POINT('',(0.0463140995743123,0.0257050172519756,0.2378));
#1718=CARTESIAN_POINT('',(0.0485842745917055,0.026691000380241,0.24205));
#1719=CARTESIAN_POINT('',(0.046647920548791,0.0251494458533724,0.2463));
#1720=CARTESIAN_POINT('',(0.0447115665058765,0.0236078913265038,0.25055));
#1721=CARTESIAN_POINT('',(0.0406719479328081,0.0208025679720683,0.25055));
#1722=CARTESIAN_POINT('',(0.0366323293597398,0.0179972446176328,0.25055));
#1723=CARTESIAN_POINT('',(0.0346959753168253,0.0164556900907642,0.2463));
#1724=CARTESIAN_POINT('',(0.0327596212739108,0.0149141355638956,0.24205));
#1725=CARTESIAN_POINT('',(0.035029796291304,0.015900118692161,0.2378));
#1726=CARTESIAN_POINT('',(0.0372999713086972,0.0168861018204263,0.23355));
#1727=CARTESIAN_POINT('',(0.0416734108562444,0.0191358537762586,0.23355));
#1728=CARTESIAN_POINT('',(0.0236470782343925,0.0491367093008326,0.23455));
#1729=CARTESIAN_POINT('',(0.0275256320101386,0.0510891038854727,0.23455));
#1730=CARTESIAN_POINT('',(0.0295483641416314,0.0519264083281419,0.2383));
#1731=CARTESIAN_POINT('',(0.0315710962731242,0.0527637127708112,0.24205));
#1732=CARTESIAN_POINT('',(0.0298821851161102,0.0513708369295387,0.2458));
#1733=CARTESIAN_POINT('',(0.0281932739590961,0.0499779610882662,0.24955));
#1734=CARTESIAN_POINT('',(0.0246485411578287,0.0474699951050229,0.24955));
#1735=CARTESIAN_POINT('',(0.0211038083565612,0.0449620291217796,0.24955));
#1736=CARTESIAN_POINT('',(0.0194148971995472,0.0435691532805072,0.2458));
#1737=CARTESIAN_POINT('',(0.0177259860425331,0.0421762774392347,0.24205));
#1738=CARTESIAN_POINT('',(0.0197487181740259,0.0430135818819039,0.2383));
#1739=CARTESIAN_POINT('',(0.0217714503055187,0.0438508863245732,0.23455));
#1740=CARTESIAN_POINT('',(0.0256500040812649,0.0458032809092133,0.23455));
#1741=CARTESIAN_POINT('',(0.0295285578570111,0.0477556754938533,0.23455));
#1742=CARTESIAN_POINT('',(0.0315512899885039,0.0485929799365226,0.2383));
#1743=CARTESIAN_POINT('',(0.0335740221199967,0.0494302843791918,0.24205));
#1744=CARTESIAN_POINT('',(0.0318851109629826,0.0480374085379194,0.2458));
#1745=CARTESIAN_POINT('',(0.0301961998059686,0.0466445326966469,0.24955));
#1746=CARTESIAN_POINT('',(0.0266514670047012,0.0441365667134036,0.24955));
#1747=CARTESIAN_POINT('',(0.0231067342034337,0.0416286007301603,0.24955));
#1748=CARTESIAN_POINT('',(0.0214178230464196,0.0402357248888878,0.2458));
#1749=CARTESIAN_POINT('',(0.0197289118894056,0.0388428490476154,0.24205));
#1750=CARTESIAN_POINT('',(0.0217516440208983,0.0396801534902846,0.2383));
#1751=CARTESIAN_POINT('',(0.0237743761523912,0.0405174579329538,0.23455));
#1752=CARTESIAN_POINT('',(0.0276529299281374,0.0424698525175939,0.23455));
#1753=CARTESIAN_POINT('',(0.0315314837038835,0.044422247102234,0.23455));
#1754=CARTESIAN_POINT('',(0.0335542158353763,0.0452595515449033,0.2383));
#1755=CARTESIAN_POINT('',(0.0355769479668691,0.0460968559875725,0.24205));
#1756=CARTESIAN_POINT('',(0.033888036809855,0.0447039801463,0.2458));
#1757=CARTESIAN_POINT('',(0.032199125652841,0.0433111043050276,0.24955));
#1758=CARTESIAN_POINT('',(0.0286543928515736,0.0408031383217842,0.24955));
#1759=CARTESIAN_POINT('',(0.0251096600503061,0.0382951723385409,0.24955));
#1760=CARTESIAN_POINT('',(0.023420748893292,0.0369022964972685,0.2458));
#1761=CARTESIAN_POINT('',(0.021731837736278,0.035509420655996,0.24205));
#1762=CARTESIAN_POINT('',(0.0237545698677708,0.0363467250986653,0.2383));
#1763=CARTESIAN_POINT('',(0.0257773019992636,0.0371840295413345,0.23455));
#1764=CARTESIAN_POINT('',(0.0296558557750098,0.0391364241259746,0.23455));
#1765=CARTESIAN_POINT('',(0.0335344095507559,0.0410888187106147,0.23455));
#1766=CARTESIAN_POINT('',(0.0355571416822488,0.0419261231532839,0.2383));
#1767=CARTESIAN_POINT('',(0.0375798738137415,0.0427634275959531,0.24205));
#1768=CARTESIAN_POINT('',(0.0358909626567275,0.0413705517546807,0.2458));
#1769=CARTESIAN_POINT('',(0.0342020514997134,0.0399776759134082,0.24955));
#1770=CARTESIAN_POINT('',(0.030657318698446,0.0374697099301649,0.24955));
#1771=CARTESIAN_POINT('',(0.0271125858971786,0.0349617439469216,0.24955));
#1772=CARTESIAN_POINT('',(0.0254236747401645,0.0335688681056492,0.2458));
#1773=CARTESIAN_POINT('',(0.0237347635831504,0.0321759922643767,0.24205));
#1774=CARTESIAN_POINT('',(0.0257574957146432,0.0330132967070459,0.2383));
#1775=CARTESIAN_POINT('',(0.027780227846136,0.0338506011497151,0.23455));
#1776=CARTESIAN_POINT('',(0.0316587816218822,0.0358029957343553,0.23455));
#1777=CARTESIAN_POINT('',(0.0355373353976284,0.0377553903189954,0.23455));
#1778=CARTESIAN_POINT('',(0.0375600675291212,0.0385926947616646,0.2383));
#1779=CARTESIAN_POINT('',(0.0395827996606139,0.0394299992043338,0.24205));
#1780=CARTESIAN_POINT('',(0.0378938885035999,0.0380371233630614,0.2458));
#1781=CARTESIAN_POINT('',(0.0362049773465859,0.0366442475217889,0.24955));
#1782=CARTESIAN_POINT('',(0.0326602445453184,0.0341362815385456,0.24955));
#1783=CARTESIAN_POINT('',(0.029115511744051,0.0316283155553023,0.24955));
#1784=CARTESIAN_POINT('',(0.0274266005870369,0.0302354397140298,0.2458));
#1785=CARTESIAN_POINT('',(0.0257376894300229,0.0288425638727574,0.24205));
#1786=CARTESIAN_POINT('',(0.0277604215615157,0.0296798683154266,0.2383));
#1787=CARTESIAN_POINT('',(0.0297831536930085,0.0305171727580959,0.23455));
#1788=CARTESIAN_POINT('',(0.0336617074687546,0.0324695673427359,0.23455));
#1789=CARTESIAN_POINT('',(0.0375402612445008,0.034421961927376,0.23455));
#1790=CARTESIAN_POINT('',(0.0395629933759936,0.0352592663700453,0.2383));
#1791=CARTESIAN_POINT('',(0.0415857255074864,0.0360965708127145,0.24205));
#1792=CARTESIAN_POINT('',(0.0398968143504723,0.034703694971442,0.2458));
#1793=CARTESIAN_POINT('',(0.0382079031934583,0.0333108191301696,0.24955));
#1794=CARTESIAN_POINT('',(0.0346631703921908,0.0308028531469263,0.24955));
#1795=CARTESIAN_POINT('',(0.0311184375909234,0.028294887163683,0.24955));
#1796=CARTESIAN_POINT('',(0.0294295264339094,0.0269020113224105,0.2458));
#1797=CARTESIAN_POINT('',(0.0277406152768953,0.0255091354811381,0.24205));
#1798=CARTESIAN_POINT('',(0.0297633474083881,0.0263464399238073,0.2383));
#1799=CARTESIAN_POINT('',(0.0317860795398808,0.0271837443664765,0.23455));
#1800=CARTESIAN_POINT('',(0.035664633315627,0.0291361389511166,0.23455));
#1801=CARTESIAN_POINT('',(0.0395431870913733,0.0310885335357567,0.23455));
#1802=CARTESIAN_POINT('',(0.0415659192228661,0.0319258379784259,0.2383));
#1803=CARTESIAN_POINT('',(0.0435886513543588,0.0327631424210952,0.24205));
#1804=CARTESIAN_POINT('',(0.0418997401973448,0.0313702665798228,0.2458));
#1805=CARTESIAN_POINT('',(0.0402108290403307,0.0299773907385503,0.24955));
#1806=CARTESIAN_POINT('',(0.0366660962390633,0.027469424755307,0.24955));
#1807=CARTESIAN_POINT('',(0.0331213634377958,0.0249614587720637,0.24955));
#1808=CARTESIAN_POINT('',(0.0314324522807818,0.0235685829307912,0.2458));
#1809=CARTESIAN_POINT('',(0.0297435411237677,0.0221757070895187,0.24205));
#1810=CARTESIAN_POINT('',(0.0317662732552606,0.023013011532188,0.2383));
#1811=CARTESIAN_POINT('',(0.0337890053867533,0.0238503159748572,0.23455));
#1812=CARTESIAN_POINT('',(0.0376675591624995,0.0258027105594973,0.23455));
#1813=CARTESIAN_POINT('',(0.0415461129382457,0.0277551051441374,0.23455));
#1814=CARTESIAN_POINT('',(0.0435688450697385,0.0285924095868066,0.2383));
#1815=CARTESIAN_POINT('',(0.0455915772012312,0.0294297140294759,0.24205));
#1816=CARTESIAN_POINT('',(0.0439026660442172,0.0280368381882034,0.2458));
#1817=CARTESIAN_POINT('',(0.0422137548872032,0.0266439623469309,0.24955));
#1818=CARTESIAN_POINT('',(0.0386690220859357,0.0241359963636876,0.24955));
#1819=CARTESIAN_POINT('',(0.0351242892846682,0.0216280303804443,0.24955));
#1820=CARTESIAN_POINT('',(0.0334353781276542,0.0202351545391719,0.2458));
#1821=CARTESIAN_POINT('',(0.0317464669706402,0.0188422786978994,0.24205));
#1822=CARTESIAN_POINT('',(0.0337691991021329,0.0196795831405687,0.2383));
#1823=CARTESIAN_POINT('',(0.0357919312336257,0.0205168875832378,0.23455));
#1824=CARTESIAN_POINT('',(0.0396704850093719,0.022469282167878,0.23455));
#1825=CARTESIAN_POINT('',(0.0435490387851181,0.0244216767525181,0.23455));
#1826=CARTESIAN_POINT('',(0.0455717709166109,0.0252589811951873,0.2383));
#1827=CARTESIAN_POINT('',(0.0475945030481037,0.0260962856378565,0.24205));
#1828=CARTESIAN_POINT('',(0.0459055918910897,0.0247034097965841,0.2458));
#1829=CARTESIAN_POINT('',(0.0442166807340756,0.0233105339553116,0.24955));
#1830=CARTESIAN_POINT('',(0.0406719479328082,0.0208025679720683,0.24955));
#1831=CARTESIAN_POINT('',(0.0371272151315407,0.018294601988825,0.24955));
#1832=CARTESIAN_POINT('',(0.0354383039745267,0.0169017261475525,0.2458));
#1833=CARTESIAN_POINT('',(0.0337493928175126,0.0155088503062801,0.24205));
#1834=CARTESIAN_POINT('',(0.0357721249490054,0.0163461547489494,0.2383));
#1835=CARTESIAN_POINT('',(0.0377948570804982,0.0171834591916186,0.23455));
#1836=CARTESIAN_POINT('',(0.0416734108562444,0.0191358537762586,0.23455));
#1837=CARTESIAN_POINT('',(0.0236470782343925,0.0491367093008326,0.23555));
#1838=CARTESIAN_POINT('',(0.0270307462383378,0.0507917465142804,0.23555));
#1839=CARTESIAN_POINT('',(0.0288060354839301,0.0514803722713536,0.2388));
#1840=CARTESIAN_POINT('',(0.0305813247295224,0.0521689980284267,0.24205));
#1841=CARTESIAN_POINT('',(0.0291398564584088,0.0509248008727503,0.2453));
#1842=CARTESIAN_POINT('',(0.0276983881872953,0.049680603717074,0.24855));
#1843=CARTESIAN_POINT('',(0.0246485411578287,0.0474699951050229,0.24855));
#1844=CARTESIAN_POINT('',(0.0215986941283621,0.0452593864929718,0.24855));
#1845=CARTESIAN_POINT('',(0.0201572258572485,0.0440151893372955,0.2453));
#1846=CARTESIAN_POINT('',(0.018715757586135,0.0427709921816191,0.24205));
#1847=CARTESIAN_POINT('',(0.0204910468317273,0.0434596179386922,0.2388));
#1848=CARTESIAN_POINT('',(0.0222663360773196,0.0441482436957654,0.23555));
#1849=CARTESIAN_POINT('',(0.0256500040812649,0.0458032809092133,0.23555));
#1850=CARTESIAN_POINT('',(0.0290336720852102,0.0474583181226612,0.23555));
#1851=CARTESIAN_POINT('',(0.0308089613308025,0.0481469438797342,0.2388));
#1852=CARTESIAN_POINT('',(0.0325842505763948,0.0488355696368073,0.24205));
#1853=CARTESIAN_POINT('',(0.0311427823052812,0.0475913724811311,0.2453));
#1854=CARTESIAN_POINT('',(0.0297013140341677,0.0463471753254547,0.24855));
#1855=CARTESIAN_POINT('',(0.0266514670047011,0.0441365667134036,0.24855));
#1856=CARTESIAN_POINT('',(0.0236016199752346,0.0419259581013525,0.24855));
#1857=CARTESIAN_POINT('',(0.022160151704121,0.0406817609456762,0.2453));
#1858=CARTESIAN_POINT('',(0.0207186834330074,0.0394375637899998,0.24205));
#1859=CARTESIAN_POINT('',(0.0224939726785997,0.0401261895470729,0.2388));
#1860=CARTESIAN_POINT('',(0.024269261924192,0.0408148153041461,0.23555));
#1861=CARTESIAN_POINT('',(0.0276529299281373,0.0424698525175939,0.23555));
#1862=CARTESIAN_POINT('',(0.0310365979320826,0.0441248897310418,0.23555));
#1863=CARTESIAN_POINT('',(0.0328118871776749,0.0448135154881149,0.2388));
#1864=CARTESIAN_POINT('',(0.0345871764232673,0.045502141245188,0.24205));
#1865=CARTESIAN_POINT('',(0.0331457081521536,0.0442579440895116,0.2453));
#1866=CARTESIAN_POINT('',(0.0317042398810401,0.0430137469338353,0.24855));
#1867=CARTESIAN_POINT('',(0.0286543928515735,0.0408031383217842,0.24855));
#1868=CARTESIAN_POINT('',(0.025604545822107,0.0385925297097332,0.24855));
#1869=CARTESIAN_POINT('',(0.0241630775509934,0.0373483325540568,0.2453));
#1870=CARTESIAN_POINT('',(0.0227216092798799,0.0361041353983805,0.24205));
#1871=CARTESIAN_POINT('',(0.0244968985254721,0.0367927611554536,0.2388));
#1872=CARTESIAN_POINT('',(0.0262721877710645,0.0374813869125267,0.23555));
#1873=CARTESIAN_POINT('',(0.0296558557750098,0.0391364241259746,0.23555));
#1874=CARTESIAN_POINT('',(0.0330395237789551,0.0407914613394225,0.23555));
#1875=CARTESIAN_POINT('',(0.0348148130245473,0.0414800870964956,0.2388));
#1876=CARTESIAN_POINT('',(0.0365901022701397,0.0421687128535687,0.24205));
#1877=CARTESIAN_POINT('',(0.0351486339990261,0.0409245156978924,0.2453));
#1878=CARTESIAN_POINT('',(0.0337071657279125,0.039680318542216,0.24855));
#1879=CARTESIAN_POINT('',(0.0306573186984459,0.0374697099301649,0.24855));
#1880=CARTESIAN_POINT('',(0.0276074716689795,0.0352591013181138,0.24855));
#1881=CARTESIAN_POINT('',(0.0261660033978658,0.0340149041624375,0.2453));
#1882=CARTESIAN_POINT('',(0.0247245351267523,0.0327707070067612,0.24205));
#1883=CARTESIAN_POINT('',(0.0264998243723446,0.0334593327638343,0.2388));
#1884=CARTESIAN_POINT('',(0.0282751136179369,0.0341479585209074,0.23555));
#1885=CARTESIAN_POINT('',(0.0316587816218822,0.0358029957343553,0.23555));
#1886=CARTESIAN_POINT('',(0.0350424496258275,0.0374580329478031,0.23555));
#1887=CARTESIAN_POINT('',(0.0368177388714198,0.0381466587048762,0.2388));
#1888=CARTESIAN_POINT('',(0.0385930281170121,0.0388352844619494,0.24205));
#1889=CARTESIAN_POINT('',(0.0371515598458985,0.037591087306273,0.2453));
#1890=CARTESIAN_POINT('',(0.0357100915747849,0.0363468901505968,0.24855));
#1891=CARTESIAN_POINT('',(0.0326602445453184,0.0341362815385456,0.24855));
#1892=CARTESIAN_POINT('',(0.0296103975158519,0.0319256729264945,0.24855));
#1893=CARTESIAN_POINT('',(0.0281689292447383,0.0306814757708181,0.2453));
#1894=CARTESIAN_POINT('',(0.0267274609736247,0.0294372786151418,0.24205));
#1895=CARTESIAN_POINT('',(0.028502750219217,0.030125904372215,0.2388));
#1896=CARTESIAN_POINT('',(0.0302780394648094,0.0308145301292881,0.23555));
#1897=CARTESIAN_POINT('',(0.0336617074687546,0.0324695673427359,0.23555));
#1898=CARTESIAN_POINT('',(0.0370453754726999,0.0341246045561838,0.23555));
#1899=CARTESIAN_POINT('',(0.0388206647182922,0.0348132303132569,0.2388));
#1900=CARTESIAN_POINT('',(0.0405959539638845,0.03550185607033,0.24205));
#1901=CARTESIAN_POINT('',(0.039154485692771,0.0342576589146537,0.2453));
#1902=CARTESIAN_POINT('',(0.0377130174216574,0.0330134617589774,0.24855));
#1903=CARTESIAN_POINT('',(0.0346631703921909,0.0308028531469263,0.24855));
#1904=CARTESIAN_POINT('',(0.0316133233627243,0.0285922445348752,0.24855));
#1905=CARTESIAN_POINT('',(0.0301718550916107,0.0273480473791989,0.2453));
#1906=CARTESIAN_POINT('',(0.0287303868204972,0.0261038502235225,0.24205));
#1907=CARTESIAN_POINT('',(0.0305056760660895,0.0267924759805956,0.2388));
#1908=CARTESIAN_POINT('',(0.0322809653116818,0.0274811017376688,0.23555));
#1909=CARTESIAN_POINT('',(0.035664633315627,0.0291361389511166,0.23555));
#1910=CARTESIAN_POINT('',(0.0390483013195723,0.0307911761645645,0.23555));
#1911=CARTESIAN_POINT('',(0.0408235905651647,0.0314798019216376,0.2388));
#1912=CARTESIAN_POINT('',(0.042598879810757,0.0321684276787107,0.24205));
#1913=CARTESIAN_POINT('',(0.0411574115396434,0.0309242305230344,0.2453));
#1914=CARTESIAN_POINT('',(0.0397159432685298,0.0296800333673581,0.24855));
#1915=CARTESIAN_POINT('',(0.0366660962390633,0.027469424755307,0.24855));
#1916=CARTESIAN_POINT('',(0.0336162492095968,0.0252588161432559,0.24855));
#1917=CARTESIAN_POINT('',(0.0321747809384832,0.0240146189875795,0.2453));
#1918=CARTESIAN_POINT('',(0.0307333126673696,0.0227704218319032,0.24205));
#1919=CARTESIAN_POINT('',(0.0325086019129619,0.0234590475889763,0.2388));
#1920=CARTESIAN_POINT('',(0.0342838911585542,0.0241476733460494,0.23555));
#1921=CARTESIAN_POINT('',(0.0376675591624995,0.0258027105594973,0.23555));
#1922=CARTESIAN_POINT('',(0.0410512271664448,0.0274577477729452,0.23555));
#1923=CARTESIAN_POINT('',(0.0428265164120371,0.0281463735300183,0.2388));
#1924=CARTESIAN_POINT('',(0.0446018056576294,0.0288349992870914,0.24205));
#1925=CARTESIAN_POINT('',(0.0431603373865158,0.027590802131415,0.2453));
#1926=CARTESIAN_POINT('',(0.0417188691154023,0.0263466049757387,0.24855));
#1927=CARTESIAN_POINT('',(0.0386690220859357,0.0241359963636876,0.24855));
#1928=CARTESIAN_POINT('',(0.0356191750564692,0.0219253877516365,0.24855));
#1929=CARTESIAN_POINT('',(0.0341777067853556,0.0206811905959602,0.2453));
#1930=CARTESIAN_POINT('',(0.032736238514242,0.0194369934402839,0.24205));
#1931=CARTESIAN_POINT('',(0.0345115277598343,0.020125619197357,0.2388));
#1932=CARTESIAN_POINT('',(0.0362868170054267,0.0208142449544301,0.23555));
#1933=CARTESIAN_POINT('',(0.0396704850093719,0.022469282167878,0.23555));
#1934=CARTESIAN_POINT('',(0.0430541530133172,0.0241243193813258,0.23555));
#1935=CARTESIAN_POINT('',(0.0448294422589095,0.024812945138399,0.2388));
#1936=CARTESIAN_POINT('',(0.0466047315045019,0.0255015708954721,0.24205));
#1937=CARTESIAN_POINT('',(0.0451632632333883,0.0242573737397957,0.2453));
#1938=CARTESIAN_POINT('',(0.0437217949622747,0.0230131765841194,0.24855));
#1939=CARTESIAN_POINT('',(0.0406719479328081,0.0208025679720683,0.24855));
#1940=CARTESIAN_POINT('',(0.0376221009033416,0.0185919593600172,0.24855));
#1941=CARTESIAN_POINT('',(0.036180632632228,0.0173477622043409,0.2453));
#1942=CARTESIAN_POINT('',(0.0347391643611144,0.0161035650486646,0.24205));
#1943=CARTESIAN_POINT('',(0.0365144536067067,0.0167921908057377,0.2388));
#1944=CARTESIAN_POINT('',(0.0382897428522991,0.0174808165628108,0.23555));
#1945=CARTESIAN_POINT('',(0.0416734108562444,0.0191358537762586,0.23555));
#1946=CARTESIAN_POINT('',(0.0241621163093025,0.0482795420001304,0.23555));
#1947=CARTESIAN_POINT('',(0.0275457843132478,0.0499345792135783,0.23555));
#1948=CARTESIAN_POINT('',(0.0293210735588401,0.0506232049706515,0.2388));
#1949=CARTESIAN_POINT('',(0.0310963628044325,0.0513118307277246,0.24205));
#1950=CARTESIAN_POINT('',(0.0296548945333188,0.0500676335720482,0.2453));
#1951=CARTESIAN_POINT('',(0.0282134262622053,0.0488234364163719,0.24855));
#1952=CARTESIAN_POINT('',(0.0251635792327387,0.0466128278043208,0.24855));
#1953=CARTESIAN_POINT('',(0.0221137322032722,0.0444022191922697,0.24855));
#1954=CARTESIAN_POINT('',(0.0206722639321586,0.0431580220365933,0.2453));
#1955=CARTESIAN_POINT('',(0.0192307956610451,0.041913824880917,0.24205));
#1956=CARTESIAN_POINT('',(0.0210060849066373,0.0426024506379901,0.2388));
#1957=CARTESIAN_POINT('',(0.0227813741522297,0.0432910763950633,0.23555));
#1958=CARTESIAN_POINT('',(0.026165042156175,0.0449461136085111,0.23555));
#1959=CARTESIAN_POINT('',(0.0295487101601203,0.046601150821959,0.23555));
#1960=CARTESIAN_POINT('',(0.0313239994057125,0.0472897765790322,0.2388));
#1961=CARTESIAN_POINT('',(0.0330992886513049,0.0479784023361052,0.24205));
#1962=CARTESIAN_POINT('',(0.0316578203801913,0.0467342051804289,0.2453));
#1963=CARTESIAN_POINT('',(0.0302163521090777,0.0454900080247525,0.24855));
#1964=CARTESIAN_POINT('',(0.0271665050796112,0.0432793994127015,0.24855));
#1965=CARTESIAN_POINT('',(0.0241166580501446,0.0410687908006504,0.24855));
#1966=CARTESIAN_POINT('',(0.022675189779031,0.039824593644974,0.2453));
#1967=CARTESIAN_POINT('',(0.0212337215079175,0.0385803964892977,0.24205));
#1968=CARTESIAN_POINT('',(0.0230090107535098,0.0392690222463708,0.2388));
#1969=CARTESIAN_POINT('',(0.0247842999991021,0.0399576480034439,0.23555));
#1970=CARTESIAN_POINT('',(0.0281679680030474,0.0416126852168918,0.23555));
#1971=CARTESIAN_POINT('',(0.0315516360069927,0.0432677224303397,0.23555));
#1972=CARTESIAN_POINT('',(0.033326925252585,0.0439563481874127,0.2388));
#1973=CARTESIAN_POINT('',(0.0351022144981773,0.0446449739444859,0.24205));
#1974=CARTESIAN_POINT('',(0.0336607462270637,0.0434007767888096,0.2453));
#1975=CARTESIAN_POINT('',(0.0322192779559502,0.0421565796331333,0.24855));
#1976=CARTESIAN_POINT('',(0.0291694309264836,0.0399459710210821,0.24855));
#1977=CARTESIAN_POINT('',(0.0261195838970171,0.0377353624090311,0.24855));
#1978=CARTESIAN_POINT('',(0.0246781156259035,0.0364911652533547,0.2453));
#1979=CARTESIAN_POINT('',(0.0232366473547899,0.0352469680976784,0.24205));
#1980=CARTESIAN_POINT('',(0.0250119366003822,0.0359355938547515,0.2388));
#1981=CARTESIAN_POINT('',(0.0267872258459745,0.0366242196118246,0.23555));
#1982=CARTESIAN_POINT('',(0.0301708938499198,0.0382792568252724,0.23555));
#1983=CARTESIAN_POINT('',(0.0335545618538651,0.0399342940387204,0.23555));
#1984=CARTESIAN_POINT('',(0.0353298510994574,0.0406229197957935,0.2388));
#1985=CARTESIAN_POINT('',(0.0371051403450497,0.0413115455528666,0.24205));
#1986=CARTESIAN_POINT('',(0.0356636720739362,0.0400673483971902,0.2453));
#1987=CARTESIAN_POINT('',(0.0342222038028226,0.0388231512415139,0.24855));
#1988=CARTESIAN_POINT('',(0.031172356773356,0.0366125426294628,0.24855));
#1989=CARTESIAN_POINT('',(0.0281225097438895,0.0344019340174117,0.24855));
#1990=CARTESIAN_POINT('',(0.0266810414727759,0.0331577368617354,0.2453));
#1991=CARTESIAN_POINT('',(0.0252395732016623,0.0319135397060591,0.24205));
#1992=CARTESIAN_POINT('',(0.0270148624472546,0.0326021654631321,0.2388));
#1993=CARTESIAN_POINT('',(0.028790151692847,0.0332907912202053,0.23555));
#1994=CARTESIAN_POINT('',(0.0321738196967922,0.0349458284336532,0.23555));
#1995=CARTESIAN_POINT('',(0.0355574877007376,0.036600865647101,0.23555));
#1996=CARTESIAN_POINT('',(0.0373327769463299,0.0372894914041741,0.2388));
#1997=CARTESIAN_POINT('',(0.0391080661919222,0.0379781171612472,0.24205));
#1998=CARTESIAN_POINT('',(0.0376665979208086,0.0367339200055709,0.2453));
#1999=CARTESIAN_POINT('',(0.036225129649695,0.0354897228498946,0.24855));
#2000=CARTESIAN_POINT('',(0.0331752826202285,0.0332791142378435,0.24855));
#2001=CARTESIAN_POINT('',(0.0301254355907619,0.0310685056257924,0.24855));
#2002=CARTESIAN_POINT('',(0.0286839673196483,0.0298243084701161,0.2453));
#2003=CARTESIAN_POINT('',(0.0272424990485348,0.0285801113144397,0.24205));
#2004=CARTESIAN_POINT('',(0.0290177882941271,0.0292687370715129,0.2388));
#2005=CARTESIAN_POINT('',(0.0307930775397194,0.029957362828586,0.23555));
#2006=CARTESIAN_POINT('',(0.0341767455436647,0.0316124000420338,0.23555));
#2007=CARTESIAN_POINT('',(0.03756041354761,0.0332674372554817,0.23555));
#2008=CARTESIAN_POINT('',(0.0393357027932023,0.0339560630125548,0.2388));
#2009=CARTESIAN_POINT('',(0.0411109920387946,0.0346446887696279,0.24205));
#2010=CARTESIAN_POINT('',(0.039669523767681,0.0334004916139516,0.2453));
#2011=CARTESIAN_POINT('',(0.0382280554965675,0.0321562944582753,0.24855));
#2012=CARTESIAN_POINT('',(0.0351782084671009,0.0299456858462242,0.24855));
#2013=CARTESIAN_POINT('',(0.0321283614376344,0.0277350772341731,0.24855));
#2014=CARTESIAN_POINT('',(0.0306868931665208,0.0264908800784967,0.2453));
#2015=CARTESIAN_POINT('',(0.0292454248954072,0.0252466829228204,0.24205));
#2016=CARTESIAN_POINT('',(0.0310207141409995,0.0259353086798935,0.2388));
#2017=CARTESIAN_POINT('',(0.0327960033865918,0.0266239344369666,0.23555));
#2018=CARTESIAN_POINT('',(0.0361796713905371,0.0282789716504145,0.23555));
#2019=CARTESIAN_POINT('',(0.0395633393944824,0.0299340088638624,0.23555));
#2020=CARTESIAN_POINT('',(0.0413386286400747,0.0306226346209355,0.2388));
#2021=CARTESIAN_POINT('',(0.043113917885667,0.0313112603780086,0.24205));
#2022=CARTESIAN_POINT('',(0.0416724496145535,0.0300670632223323,0.2453));
#2023=CARTESIAN_POINT('',(0.0402309813434399,0.0288228660666559,0.24855));
#2024=CARTESIAN_POINT('',(0.0371811343139733,0.0266122574546048,0.24855));
#2025=CARTESIAN_POINT('',(0.0341312872845068,0.0244016488425538,0.24855));
#2026=CARTESIAN_POINT('',(0.0326898190133932,0.0231574516868774,0.2453));
#2027=CARTESIAN_POINT('',(0.0312483507422796,0.0219132545312011,0.24205));
#2028=CARTESIAN_POINT('',(0.0330236399878719,0.0226018802882742,0.2388));
#2029=CARTESIAN_POINT('',(0.0347989292334642,0.0232905060453473,0.23555));
#2030=CARTESIAN_POINT('',(0.0381825972374095,0.0249455432587952,0.23555));
#2031=CARTESIAN_POINT('',(0.0415662652413548,0.0266005804722431,0.23555));
#2032=CARTESIAN_POINT('',(0.0433415544869472,0.0272892062293162,0.2388));
#2033=CARTESIAN_POINT('',(0.0451168437325395,0.0279778319863893,0.24205));
#2034=CARTESIAN_POINT('',(0.0436753754614259,0.0267336348307129,0.2453));
#2035=CARTESIAN_POINT('',(0.0422339071903123,0.0254894376750366,0.24855));
#2036=CARTESIAN_POINT('',(0.0391840601608458,0.0232788290629855,0.24855));
#2037=CARTESIAN_POINT('',(0.0361342131313792,0.0210682204509344,0.24855));
#2038=CARTESIAN_POINT('',(0.0346927448602656,0.0198240232952581,0.2453));
#2039=CARTESIAN_POINT('',(0.0332512765891521,0.0185798261395818,0.24205));
#2040=CARTESIAN_POINT('',(0.0350265658347444,0.0192684518966549,0.2388));
#2041=CARTESIAN_POINT('',(0.0368018550803367,0.019957077653728,0.23555));
#2042=CARTESIAN_POINT('',(0.0401855230842819,0.0216121148671758,0.23555));
#2043=CARTESIAN_POINT('',(0.0435691910882273,0.0232671520806237,0.23555));
#2044=CARTESIAN_POINT('',(0.0453444803338195,0.0239557778376969,0.2388));
#2045=CARTESIAN_POINT('',(0.0471197695794119,0.02464440359477,0.24205));
#2046=CARTESIAN_POINT('',(0.0456783013082983,0.0234002064390936,0.2453));
#2047=CARTESIAN_POINT('',(0.0442368330371848,0.0221560092834173,0.24855));
#2048=CARTESIAN_POINT('',(0.0411869860077182,0.0199454006713662,0.24855));
#2049=CARTESIAN_POINT('',(0.0381371389782516,0.0177347920593151,0.24855));
#2050=CARTESIAN_POINT('',(0.0366956707071381,0.0164905949036388,0.2453));
#2051=CARTESIAN_POINT('',(0.0352542024360245,0.0152463977479624,0.24205));
#2052=CARTESIAN_POINT('',(0.0370294916816168,0.0159350235050356,0.2388));
#2053=CARTESIAN_POINT('',(0.0388047809272091,0.0166236492621087,0.23555));
#2054=CARTESIAN_POINT('',(0.0421884489311544,0.0182786864755565,0.23555));
#2055=CARTESIAN_POINT('',(0.0241621163093025,0.0482795420001305,0.23455));
#2056=CARTESIAN_POINT('',(0.0280406700850487,0.0502319365847706,0.23455));
#2057=CARTESIAN_POINT('',(0.0300634022165415,0.0510692410274398,0.2383));
#2058=CARTESIAN_POINT('',(0.0320861343480343,0.051906545470109,0.24205));
#2059=CARTESIAN_POINT('',(0.0303972231910202,0.0505136696288366,0.2458));
#2060=CARTESIAN_POINT('',(0.0287083120340062,0.0491207937875641,0.24955));
#2061=CARTESIAN_POINT('',(0.0251635792327388,0.0466128278043208,0.24955));
#2062=CARTESIAN_POINT('',(0.0216188464314713,0.0441048618210775,0.24955));
#2063=CARTESIAN_POINT('',(0.0199299352744573,0.0427119859798051,0.2458));
#2064=CARTESIAN_POINT('',(0.0182410241174432,0.0413191101385325,0.24205));
#2065=CARTESIAN_POINT('',(0.020263756248936,0.0421564145812018,0.2383));
#2066=CARTESIAN_POINT('',(0.0222864883804288,0.0429937190238711,0.23455));
#2067=CARTESIAN_POINT('',(0.026165042156175,0.0449461136085111,0.23455));
#2068=CARTESIAN_POINT('',(0.0300435959319212,0.0468985081931512,0.23455));
#2069=CARTESIAN_POINT('',(0.0320663280634139,0.0477358126358205,0.2383));
#2070=CARTESIAN_POINT('',(0.0340890601949067,0.0485731170784897,0.24205));
#2071=CARTESIAN_POINT('',(0.0324001490378927,0.0471802412372173,0.2458));
#2072=CARTESIAN_POINT('',(0.0307112378808786,0.0457873653959447,0.24955));
#2073=CARTESIAN_POINT('',(0.0271665050796112,0.0432793994127015,0.24955));
#2074=CARTESIAN_POINT('',(0.0236217722783437,0.0407714334294581,0.24955));
#2075=CARTESIAN_POINT('',(0.0219328611213297,0.0393785575881857,0.2458));
#2076=CARTESIAN_POINT('',(0.0202439499643156,0.0379856817469132,0.24205));
#2077=CARTESIAN_POINT('',(0.0222666820958085,0.0388229861895825,0.2383));
#2078=CARTESIAN_POINT('',(0.0242894142273012,0.0396602906322517,0.23455));
#2079=CARTESIAN_POINT('',(0.0281679680030474,0.0416126852168918,0.23455));
#2080=CARTESIAN_POINT('',(0.0320465217787936,0.0435650798015319,0.23455));
#2081=CARTESIAN_POINT('',(0.0340692539102863,0.0444023842442011,0.2383));
#2082=CARTESIAN_POINT('',(0.0360919860417791,0.0452396886868704,0.24205));
#2083=CARTESIAN_POINT('',(0.0344030748847651,0.043846812845598,0.2458));
#2084=CARTESIAN_POINT('',(0.0327141637277511,0.0424539370043255,0.24955));
#2085=CARTESIAN_POINT('',(0.0291694309264836,0.0399459710210821,0.24955));
#2086=CARTESIAN_POINT('',(0.0256246981252161,0.0374380050378388,0.24955));
#2087=CARTESIAN_POINT('',(0.0239357869682021,0.0360451291965664,0.2458));
#2088=CARTESIAN_POINT('',(0.0222468758111881,0.0346522533552939,0.24205));
#2089=CARTESIAN_POINT('',(0.0242696079426808,0.0354895577979632,0.2383));
#2090=CARTESIAN_POINT('',(0.0262923400741736,0.0363268622406324,0.23455));
#2091=CARTESIAN_POINT('',(0.0301708938499199,0.0382792568252725,0.23455));
#2092=CARTESIAN_POINT('',(0.034049447625666,0.0402316514099126,0.23455));
#2093=CARTESIAN_POINT('',(0.0360721797571588,0.0410689558525818,0.2383));
#2094=CARTESIAN_POINT('',(0.0380949118886516,0.0419062602952511,0.24205));
#2095=CARTESIAN_POINT('',(0.0364060007316376,0.0405133844539786,0.2458));
#2096=CARTESIAN_POINT('',(0.0347170895746235,0.0391205086127061,0.24955));
#2097=CARTESIAN_POINT('',(0.0311723567733561,0.0366125426294628,0.24955));
#2098=CARTESIAN_POINT('',(0.0276276239720886,0.0341045766462195,0.24955));
#2099=CARTESIAN_POINT('',(0.0259387128150745,0.032711700804947,0.2458));
#2100=CARTESIAN_POINT('',(0.0242498016580605,0.0313188249636746,0.24205));
#2101=CARTESIAN_POINT('',(0.0262725337895533,0.0321561294063438,0.2383));
#2102=CARTESIAN_POINT('',(0.0282952659210461,0.032993433849013,0.23455));
#2103=CARTESIAN_POINT('',(0.0321738196967922,0.0349458284336531,0.23455));
#2104=CARTESIAN_POINT('',(0.0360523734725384,0.0368982230182933,0.23455));
#2105=CARTESIAN_POINT('',(0.0380751056040312,0.0377355274609625,0.2383));
#2106=CARTESIAN_POINT('',(0.040097837735524,0.0385728319036317,0.24205));
#2107=CARTESIAN_POINT('',(0.03840892657851,0.0371799560623593,0.2458));
#2108=CARTESIAN_POINT('',(0.036720015421496,0.0357870802210868,0.24955));
#2109=CARTESIAN_POINT('',(0.0331752826202285,0.0332791142378435,0.24955));
#2110=CARTESIAN_POINT('',(0.029630549818961,0.0307711482546002,0.24955));
#2111=CARTESIAN_POINT('',(0.027941638661947,0.0293782724133277,0.2458));
#2112=CARTESIAN_POINT('',(0.0262527275049329,0.0279853965720552,0.24205));
#2113=CARTESIAN_POINT('',(0.0282754596364257,0.0288227010147245,0.2383));
#2114=CARTESIAN_POINT('',(0.0302981917679185,0.0296600054573938,0.23455));
#2115=CARTESIAN_POINT('',(0.0341767455436647,0.0316124000420338,0.23455));
#2116=CARTESIAN_POINT('',(0.0380552993194109,0.0335647946266739,0.23455));
#2117=CARTESIAN_POINT('',(0.0400780314509037,0.0344020990693431,0.2383));
#2118=CARTESIAN_POINT('',(0.0421007635823965,0.0352394035120124,0.24205));
#2119=CARTESIAN_POINT('',(0.0404118524253824,0.03384652767074,0.2458));
#2120=CARTESIAN_POINT('',(0.0387229412683683,0.0324536518294675,0.24955));
#2121=CARTESIAN_POINT('',(0.0351782084671009,0.0299456858462242,0.24955));
#2122=CARTESIAN_POINT('',(0.0316334756658335,0.0274377198629808,0.24955));
#2123=CARTESIAN_POINT('',(0.0299445645088194,0.0260448440217084,0.2458));
#2124=CARTESIAN_POINT('',(0.0282556533518054,0.024651968180436,0.24205));
#2125=CARTESIAN_POINT('',(0.0302783854832981,0.0254892726231052,0.2383));
#2126=CARTESIAN_POINT('',(0.0323011176147909,0.0263265770657744,0.23455));
#2127=CARTESIAN_POINT('',(0.0361796713905371,0.0282789716504145,0.23455));
#2128=CARTESIAN_POINT('',(0.0400582251662833,0.0302313662350546,0.23455));
#2129=CARTESIAN_POINT('',(0.0420809572977761,0.0310686706777239,0.2383));
#2130=CARTESIAN_POINT('',(0.0441036894292689,0.0319059751203931,0.24205));
#2131=CARTESIAN_POINT('',(0.0424147782722549,0.0305130992791207,0.2458));
#2132=CARTESIAN_POINT('',(0.0407258671152408,0.0291202234378482,0.24955));
#2133=CARTESIAN_POINT('',(0.0371811343139734,0.0266122574546048,0.24955));
#2134=CARTESIAN_POINT('',(0.0336364015127059,0.0241042914713616,0.24955));
#2135=CARTESIAN_POINT('',(0.0319474903556918,0.0227114156300891,0.2458));
#2136=CARTESIAN_POINT('',(0.0302585791986778,0.0213185397888166,0.24205));
#2137=CARTESIAN_POINT('',(0.0322813113301706,0.0221558442314858,0.2383));
#2138=CARTESIAN_POINT('',(0.0343040434616634,0.0229931486741551,0.23455));
#2139=CARTESIAN_POINT('',(0.0381825972374095,0.0249455432587952,0.23455));
#2140=CARTESIAN_POINT('',(0.0420611510131557,0.0268979378434353,0.23455));
#2141=CARTESIAN_POINT('',(0.0440838831446485,0.0277352422861045,0.2383));
#2142=CARTESIAN_POINT('',(0.0461066152761413,0.0285725467287738,0.24205));
#2143=CARTESIAN_POINT('',(0.0444177041191273,0.0271796708875013,0.2458));
#2144=CARTESIAN_POINT('',(0.0427287929621132,0.0257867950462288,0.24955));
#2145=CARTESIAN_POINT('',(0.0391840601608458,0.0232788290629856,0.24955));
#2146=CARTESIAN_POINT('',(0.0356393273595783,0.0207708630797422,0.24955));
#2147=CARTESIAN_POINT('',(0.0339504162025643,0.0193779872384698,0.2458));
#2148=CARTESIAN_POINT('',(0.0322615050455502,0.0179851113971973,0.24205));
#2149=CARTESIAN_POINT('',(0.0342842371770431,0.0188224158398665,0.2383));
#2150=CARTESIAN_POINT('',(0.0363069693085358,0.0196597202825358,0.23455));
#2151=CARTESIAN_POINT('',(0.040185523084282,0.0216121148671759,0.23455));
#2152=CARTESIAN_POINT('',(0.0440640768600282,0.023564509451816,0.23455));
#2153=CARTESIAN_POINT('',(0.046086808991521,0.0244018138944852,0.2383));
#2154=CARTESIAN_POINT('',(0.0481095411230137,0.0252391183371544,0.24205));
#2155=CARTESIAN_POINT('',(0.0464206299659997,0.023846242495882,0.2458));
#2156=CARTESIAN_POINT('',(0.0447317188089857,0.0224533666546095,0.24955));
#2157=CARTESIAN_POINT('',(0.0411869860077182,0.0199454006713662,0.24955));
#2158=CARTESIAN_POINT('',(0.0376422532064508,0.0174374346881229,0.24955));
#2159=CARTESIAN_POINT('',(0.0359533420494367,0.0160445588468505,0.2458));
#2160=CARTESIAN_POINT('',(0.0342644308924227,0.014651683005578,0.24205));
#2161=CARTESIAN_POINT('',(0.0362871630239155,0.0154889874482472,0.2383));
#2162=CARTESIAN_POINT('',(0.0383098951554082,0.0163262918909164,0.23455));
#2163=CARTESIAN_POINT('',(0.0421884489311544,0.0182786864755565,0.23455));
#2164=CARTESIAN_POINT('',(0.0419309298936994,0.0187072701259076,0.23455));
#2165=CARTESIAN_POINT('',(0.0419309298936994,0.0187072701259076,0.23405));
#2166=CARTESIAN_POINT('',(0.0419309298936994,0.0187072701259076,0.23505));
#2167=CARTESIAN_POINT('',(0.0419309298936994,0.0187072701259076,0.23405));
#2168=CARTESIAN_POINT('',(0.0414971307153463,0.0184466172830687,0.23405));
#2169=CARTESIAN_POINT('',(0.0408460691390153,0.0180554200212901,0.234128640778924));
#2170=CARTESIAN_POINT('',(0.0400164159757271,0.0175569141080177,0.234385248252583));
#2171=CARTESIAN_POINT('',(0.039409739767633,0.0171923862660737,0.234655859242397));
#2172=CARTESIAN_POINT('',(0.0388341572335758,0.0168465413883562,0.235001751637619));
#2173=CARTESIAN_POINT('',(0.038391217137786,0.0165803961282154,0.235346780550541));
#2174=CARTESIAN_POINT('',(0.0380588914032992,0.0163807146816661,0.235660590415616));
#2175=CARTESIAN_POINT('',(0.0378213987618161,0.0162380147060915,0.235916727624859));
#2176=CARTESIAN_POINT('',(0.0376003163943636,0.0161051750179273,0.236196230101727));
#2177=CARTESIAN_POINT('',(0.0374302499744232,0.016002988803567,0.236451567505667));
#2178=CARTESIAN_POINT('',(0.0373447498306896,0.0159516151342749,0.236641701904009));
#2179=CARTESIAN_POINT('',(0.0372973003285773,0.0159231045970653,0.236770617031946));
#2180=CARTESIAN_POINT('',(0.0373565902967205,0.0159587296040242,0.236851192122452));
#2181=CARTESIAN_POINT('',(0.0374431131179941,0.0160107177599751,0.236808782293263));
#2182=CARTESIAN_POINT('',(0.0375403673573544,0.0160691540024401,0.236760855136889));
#2183=CARTESIAN_POINT('',(0.0376604908629571,0.0161413314863762,0.236681074233524));
#2184=CARTESIAN_POINT('',(0.0378007547385892,0.0162256105255165,0.236584415883549));
#2185=CARTESIAN_POINT('',(0.0379875557659631,0.0163378519064695,0.236452540657779));
#2186=CARTESIAN_POINT('',(0.0382216146917475,0.0164784886974894,0.23628987888065));
#2187=CARTESIAN_POINT('',(0.038506585663751,0.0166497165321452,0.236103552358747));
#2188=CARTESIAN_POINT('',(0.0388930065681503,0.0168819016359555,0.235870794179122));
#2189=CARTESIAN_POINT('',(0.0395920075526019,0.0173019038001813,0.235508249290547));
#2190=CARTESIAN_POINT('',(0.0406342159789719,0.0179281258004036,0.23515020833519));
#2191=CARTESIAN_POINT('',(0.0414928360825157,0.0184440368073276,0.23505));
#2192=CARTESIAN_POINT('',(0.0419309298936994,0.0187072701259076,0.23505));
#2193=CARTESIAN_POINT('',(0.0239045972718475,0.0487081256504815,0.23455));
#2194=CARTESIAN_POINT('',(0.0239045972718475,0.0487081256504815,0.23455));
#2195=CARTESIAN_POINT('',(0.0419309298936994,0.0187072701259076,0.23455));
#2196=CARTESIAN_POINT('',(0.0419309298936994,0.0187072701259076,0.23455));
#2197=CARTESIAN_POINT('',(0.0434760441184295,0.0161357682238013,0.24205));
#2198=CARTESIAN_POINT('',(0.0434760441184295,0.0161357682238013,0.24205));
#2199=CARTESIAN_POINT('',(0.0434760441184295,0.0161357682238013,0.23355));
#2200=CARTESIAN_POINT('',(0.0419309298936994,0.0187072701259076,0.24205));
#2201=CARTESIAN_POINT('',(0.0419309298936994,0.0187072701259076,0.23355));
#2202=CARTESIAN_POINT('',(0.0434760441184295,0.0161357682238013,0.24205));
#2203=CARTESIAN_POINT('',(0.0434760441184295,0.0161357682238013,0.24205));
#2204=CARTESIAN_POINT('',(0.0434760441184295,0.0161357682238013,0.243880453290448));
#2205=CARTESIAN_POINT('',(0.0419309298936994,0.0187072701259076,0.24205));
#2206=CARTESIAN_POINT('',(0.0419309298936994,0.0187072701259076,0.24205));
#2207=CARTESIAN_POINT('',(0.0419309298936994,0.0187072701259076,0.243059623189905));
#2208=CARTESIAN_POINT('',(0.0419319599698492,0.0187055557913062,0.24205));
#2209=CARTESIAN_POINT('',(0.0486274549436799,0.00756238088217873,0.24205));
#2210=CARTESIAN_POINT('',(0.0455985576351778,0.00918445753208373,0.24155));
#2211=CARTESIAN_POINT('',(0.0455878565288202,0.00941195625262682,0.24116966597322));
#2212=CARTESIAN_POINT('',(0.0456345077706484,0.00991203137766383,0.240721045403274));
#2213=CARTESIAN_POINT('',(0.0460396319538283,0.010585104274628,0.240303241151368));
#2214=CARTESIAN_POINT('',(0.0465409983911485,0.0110222250120438,0.240178604295401));
#2215=CARTESIAN_POINT('',(0.0471651810827683,0.0112652050223847,0.240299673508403));
#2216=CARTESIAN_POINT('',(0.0479551560560236,0.0113093502980118,0.240718080903904));
#2217=CARTESIAN_POINT('',(0.0484211580354935,0.011114642874782,0.241169231341531));
#2218=CARTESIAN_POINT('',(0.0486172274231542,0.0109982573295269,0.24155));
#2219=CARTESIAN_POINT('',(0.0455985576351778,0.00918445753208371,0.24155));
#2220=CARTESIAN_POINT('',(0.0486172274231542,0.0109982573295269,0.24155));
#2221=CARTESIAN_POINT('',(0.0501367898376681,0.00846928078090037,0.24155));
#2222=CARTESIAN_POINT('',(0.0478654512902126,0.0122494229229024,0.24155));
#2223=CARTESIAN_POINT('',(0.0448467815022363,0.0104356231254591,0.24155));
#2224=CARTESIAN_POINT('',(0.044899851627322,0.0105617212243157,0.241161082110595));
#2225=CARTESIAN_POINT('',(0.0451233233205884,0.0110555187422049,0.240508177973041));
#2226=CARTESIAN_POINT('',(0.0460066759445592,0.0119117831364064,0.240075749958996));
#2227=CARTESIAN_POINT('',(0.047188403104859,0.0122976513060449,0.240506129875478));
#2228=CARTESIAN_POINT('',(0.0477290787614229,0.0122617750883307,0.241160740722585));
#2229=CARTESIAN_POINT('',(0.0478654512902126,0.0122494229229024,0.24155));
#2230=CARTESIAN_POINT('',(0.0448467815022363,0.0104356231254591,0.24155));
#2231=CARTESIAN_POINT('',(0.0471181200496917,0.00665548098345709,0.24155));
#2232=CARTESIAN_POINT('',(0.0501964596497145,0.00850513402110381,0.24205));
#2233=CARTESIAN_POINT('',(0.0487502951224481,0.0109119559719365,0.24205));
#2234=CARTESIAN_POINT('',(0.0479521509853173,0.0122402908833214,0.24205));
#2235=CARTESIAN_POINT('',(0.0471812904164135,0.00996920283301139,0.24205));
#2236=CARTESIAN_POINT('',(0.0480003492057646,0.0104613430042008,0.2404887505004));
#2237=CARTESIAN_POINT('',(0.0480003492057646,0.0104613430042008,0.2404887505004));
#2238=CARTESIAN_POINT('',(0.0476670851549829,0.0105751627170576,0.240349792827682));
#2239=CARTESIAN_POINT('',(0.0468671255463277,0.0105023803971541,0.240089408343248));
#2240=CARTESIAN_POINT('',(0.0464182762595045,0.00982527113263271,0.240349585539715));
#2241=CARTESIAN_POINT('',(0.0463622316270624,0.00947706266182193,0.2404887505004));
#2242=CARTESIAN_POINT('',(0.0463622316270624,0.00947706266182193,0.2404887505004));
#2243=CARTESIAN_POINT('',(0.0471812904164135,0.00996920283301139,0.24205));
#2244=CARTESIAN_POINT('',(0.045612285710379,0.00902644969408631,0.24205));
#2245=CARTESIAN_POINT('',(0.0470584502376454,0.00661962774325366,0.24205));
#2246=CARTESIAN_POINT('',(0.0448141415732482,0.0103547846054713,0.24205));
#2247=CARTESIAN_POINT('',(0.0463831462792828,0.0112975377443964,0.24205));
#2248=CARTESIAN_POINT('',(0.04759634871771,0.00927842981818437,0.24205));
#2249=CARTESIAN_POINT('',(0.04759634871771,0.00927842981818437,0.24205));
#2250=CARTESIAN_POINT('',(0.04759634871771,0.00927842981818437,0.2404887505004));
#2251=CARTESIAN_POINT('',(0.04759634871771,0.00927842981818437,0.24205));
#2252=CARTESIAN_POINT('',(0.04759634871771,0.00927842981818437,0.24205));
#2253=CARTESIAN_POINT('',(0.0482401463113476,0.00820697069230673,0.24205));
#2254=CARTESIAN_POINT('',(0.04759634871771,0.00927842981818437,0.24205));
#2255=CARTESIAN_POINT('',(0.04759634871771,0.00927842981818437,0.24205));
#2256=CARTESIAN_POINT('',(0.04759634871771,0.00927842981818437,0.24205));
#2257=CARTESIAN_POINT('',(0.04759634871771,0.00927842981818437,0.24205));
#2258=CARTESIAN_POINT('',(0.04759634871771,0.00927842981818434,0.950730165521491));
#2259=CARTESIAN_POINT('',(0.0491531088004793,0.00770006947739707,0.230314722028895));
#2260=CARTESIAN_POINT('',(0.0475973330206488,0.0070680113566734,0.229986719337586));
#2261=CARTESIAN_POINT('',(0.0460424284522085,0.00769846592480533,0.229669110049635));
#2262=CARTESIAN_POINT('',(0.0453738021196034,0.00927565489449604,0.229535651739347));
#2263=CARTESIAN_POINT('',(0.0460404608948372,0.0108579842466911,0.229668710279863));
#2264=CARTESIAN_POINT('',(0.0475972939934585,0.0114882082759307,0.229986715505732));
#2265=CARTESIAN_POINT('',(0.0491480893872017,0.0108597615531094,0.230313654628391));
#2266=CARTESIAN_POINT('',(0.0498192192389536,0.00928276083692925,0.230458283182349));
#2267=CARTESIAN_POINT('',(0.0491531088004793,0.00770006947739707,0.230314722028895));
#2268=CARTESIAN_POINT('',(0.0475973330206488,0.0070680113566734,0.229986719337586));
#2269=CARTESIAN_POINT('',(0.0460424284522085,0.00769846592480533,0.229669110049635));
#2270=CARTESIAN_POINT('',(0.0475974782225471,0.00727843013814933,0.229988451571479));
#2271=CARTESIAN_POINT('',(0.04759634871771,0.00927842981818434,0.24155));
#2272=CARTESIAN_POINT('',(0.04759634871771,0.00927842981818436,0.950730165521491));
#2273=CARTESIAN_POINT('',(0.0471076970371238,0.0122212916494414,0.231861707705344));
#2274=CARTESIAN_POINT('',(0.0465930183885341,0.0121358311008272,0.231684536155853));
#2275=CARTESIAN_POINT('',(0.0459177756986083,0.0118123993776607,0.231462855384686));
#2276=CARTESIAN_POINT('',(0.0453798203919318,0.0112941272972065,0.231282988636199));
#2277=CARTESIAN_POINT('',(0.0451337980104113,0.0109693314221787,0.231200851470742));
#2278=CARTESIAN_POINT('',(0.0449940935605178,0.0107481364648851,0.231154683470632));
#2279=CARTESIAN_POINT('',(0.0448338397153884,0.0104234773556512,0.231103033701641));
#2280=CARTESIAN_POINT('',(0.0446872646417021,0.010000705566771,0.231056383123379));
#2281=CARTESIAN_POINT('',(0.0445524862583685,0.00921053430034707,0.231014135245906));
#2282=CARTESIAN_POINT('',(0.0446741163603333,0.00852839133786611,0.23105134852871));
#2283=CARTESIAN_POINT('',(0.0448499185422283,0.00811381077574466,0.231108135611646));
#2284=CARTESIAN_POINT('',(0.0471076968269792,0.0122212916145486,0.231861708332638));
#2285=CARTESIAN_POINT('',(0.0448498345306501,0.00811400891359106,0.231109842223669));
#2286=CARTESIAN_POINT('',(0.0448501256419035,0.00811390416942259,0.231108168135833));
#2287=CARTESIAN_POINT('',(0.0448501317276164,0.00811390197970378,0.231079739592303));
#2288=CARTESIAN_POINT('',(0.0448501317541866,0.0081139019716591,0.231051311072135));
#2289=CARTESIAN_POINT('',(0.044849834530698,0.00811400891357381,0.231022883697958));
#2290=CARTESIAN_POINT('',(0.0448498345374253,0.00811400889759567,0.231022883697828));
#2291=CARTESIAN_POINT('',(0.0448498345306576,0.00811400891358837,0.230226979056179));
#2292=CARTESIAN_POINT('',(0.0448498345374253,0.00811400889759567,0.22943107441453));
#2293=CARTESIAN_POINT('',(0.0448498345342984,0.00811400890497101,0.22943107441453));
#2294=CARTESIAN_POINT('',(0.0448498345342984,0.00811400890497101,0.229097741081188));
#2295=CARTESIAN_POINT('',(0.0448498345342984,0.00811400890497101,0.228764407747846));
#2296=CARTESIAN_POINT('',(0.0448498345342984,0.00811400890497101,0.228431074414504));
#2297=CARTESIAN_POINT('',(0.0448498385709222,0.0081139993838514,0.228431074414504));
#2298=CARTESIAN_POINT('',(0.0448498385709222,0.0081139993838514,0.228431074414504));
#2299=CARTESIAN_POINT('',(0.044849838570943,0.00811399938380233,0.228558510093966));
#2300=CARTESIAN_POINT('',(0.0448570803398986,0.00809490991127207,0.228814671939284));
#2301=CARTESIAN_POINT('',(0.0449546376843405,0.00788146737086968,0.22914153652483));
#2302=CARTESIAN_POINT('',(0.0451340870006783,0.00758043364563608,0.22931200948445));
#2303=CARTESIAN_POINT('',(0.0454470462242273,0.00718242266291054,0.22941449647215));
#2304=CARTESIAN_POINT('',(0.0459325450339815,0.00676311111320836,0.229430220247119));
#2305=CARTESIAN_POINT('',(0.0463922431774365,0.00653707684606427,0.229430300580178));
#2306=CARTESIAN_POINT('',(0.0466348286767667,0.00645447949396229,0.229429488289456));
#2307=CARTESIAN_POINT('',(0.0466348116637391,0.0064544241118288,0.229430038959054));
#2308=CARTESIAN_POINT('',(0.0466348154047567,0.00645443507302845,0.22942907441453));
#2309=CARTESIAN_POINT('',(0.0466348154047445,0.00645443507303261,0.231699999999987));
#2310=CARTESIAN_POINT('',(0.0466348303370156,0.00645447892866869,0.231699999999974));
#2311=CARTESIAN_POINT('',(0.0467434082428047,0.00641750957040503,0.231736878663166));
#2312=CARTESIAN_POINT('',(0.0469314443954173,0.00636446968554262,0.231801269891658));
#2313=CARTESIAN_POINT('',(0.0472232609364574,0.006315091010767,0.23190168332357));
#2314=CARTESIAN_POINT('',(0.0474394594268496,0.00629803336546757,0.231976487755123));
#2315=CARTESIAN_POINT('',(0.0475909191656894,0.00629368742139909,0.232029206895063));
#2316=CARTESIAN_POINT('',(0.0478683679867115,0.0063021801214004,0.232126212524625));
#2317=CARTESIAN_POINT('',(0.0481153944409222,0.00633774931976077,0.232213185681945));
#2318=CARTESIAN_POINT('',(0.048280231909824,0.00637416893978184,0.232272127083489));
#2319=CARTESIAN_POINT('',(0.0483394181670021,0.0063892031632901,0.232293426557188));
#2320=CARTESIAN_POINT('',(0.0483692774611172,0.00639717832699038,0.232304155691436));
#2321=CARTESIAN_POINT('',(0.0483581714949046,0.00639401276140522,0.232300197329915));
#2322=CARTESIAN_POINT('',(0.0484423551102001,0.00641735773514723,0.232330291541123));
#2323=CARTESIAN_POINT('',(0.0485195386097881,0.00644128224208541,0.232357898349062));
#2324=CARTESIAN_POINT('',(0.0486663741816956,0.00649128310744379,0.232410463171597));
#2325=CARTESIAN_POINT('',(0.0489329720636754,0.00660287736471359,0.2325062499687));
#2326=CARTESIAN_POINT('',(0.0492734884966504,0.00679822846698219,0.232630205523338));
#2327=CARTESIAN_POINT('',(0.0495466463665076,0.00701372933964958,0.23273193862547));
#2328=CARTESIAN_POINT('',(0.0497374113241762,0.00719897922656393,0.232803725765825));
#2329=CARTESIAN_POINT('',(0.0498463824900671,0.00731592256413064,0.232844768059959));
#2330=CARTESIAN_POINT('',(0.0500075073820402,0.00751580007369951,0.232905182564838));
#2331=CARTESIAN_POINT('',(0.0501763518716192,0.0077678892243883,0.232968641617272));
#2332=CARTESIAN_POINT('',(0.0504239629789976,0.00824715784494346,0.233062291484865));
#2333=CARTESIAN_POINT('',(0.050675994203525,0.00922451732293987,0.233160923156017));
#2334=CARTESIAN_POINT('',(0.0505139887229753,0.0101549552327614,0.233097281521312));
#2335=CARTESIAN_POINT('',(0.0502199271650192,0.010698307402212,0.232985616483265));
#2336=CARTESIAN_POINT('',(0.0502198004286692,0.0106982388126479,0.232985616483266));
#2337=CARTESIAN_POINT('',(0.0502201373830084,0.0106979189032643,0.2317));
#2338=CARTESIAN_POINT('',(0.0502201395859722,0.0106979148312958,0.228887202893354));
#2339=CARTESIAN_POINT('',(0.0502201395859722,0.0106979148312958,0.228887202893354));
#2340=CARTESIAN_POINT('',(0.0502201395859469,0.0106979148313424,0.228984696759106));
#2341=CARTESIAN_POINT('',(0.0502144497095619,0.0107091121626967,0.229182503183773));
#2342=CARTESIAN_POINT('',(0.0501061397394638,0.0109013755694892,0.229521049773149));
#2343=CARTESIAN_POINT('',(0.0498360542898427,0.0112782184708824,0.229722043814106));
#2344=CARTESIAN_POINT('',(0.049409325856479,0.0116704314527509,0.229797486782557));
#2345=CARTESIAN_POINT('',(0.0489187376024322,0.0119734927867761,0.229817875175384));
#2346=CARTESIAN_POINT('',(0.0483711698453941,0.0121784842034711,0.229797321106465));
#2347=CARTESIAN_POINT('',(0.0478018011838968,0.0122736522011215,0.229721190974988));
#2348=CARTESIAN_POINT('',(0.0473403216004783,0.0122563049960923,0.229521855373496));
#2349=CARTESIAN_POINT('',(0.0471203706390161,0.012223737089844,0.229183786863328));
#2350=CARTESIAN_POINT('',(0.0471076925093684,0.0122212908976203,0.228985391779746));
#2351=CARTESIAN_POINT('',(0.04710769250941,0.0122212908976272,0.228887202893347));
#2352=CARTESIAN_POINT('',(0.0471076968500661,0.0122212916044785,0.228887202893347));
#2353=CARTESIAN_POINT('',(0.0471076968478195,0.0122212916180081,0.228887202893346));
#2354=CARTESIAN_POINT('',(0.0471076968478195,0.0122212916180081,0.229220536226682));
#2355=CARTESIAN_POINT('',(0.0471076968478195,0.0122212916180081,0.229553869560017));
#2356=CARTESIAN_POINT('',(0.0471076968478195,0.0122212916180081,0.229887202893353));
#2357=CARTESIAN_POINT('',(0.0471076968269807,0.0122212916145477,0.229887202893354));
#2358=CARTESIAN_POINT('',(0.047107696856604,0.0122212916194668,0.2317));
#2359=CARTESIAN_POINT('',(0.0471044731261143,0.0122221334266789,0.23170017007479));
#2360=CARTESIAN_POINT('',(0.0471076968269803,0.0122212916145479,0.229887202893354));
#2361=CARTESIAN_POINT('',(0.04759634871771,0.00927842981818436,0.24155));
#2362=CARTESIAN_POINT('',(0.04759634871771,0.00927842981818437,0.24155));
#2363=CARTESIAN_POINT('',(0.0343663702318978,0.01,0.221298213764163));
#2364=CARTESIAN_POINT('',(0.0343663702318978,0.01,0.234722911921136));
#2365=CARTESIAN_POINT('',(0.044803901526543,0.01,0.221298213764163));
#2366=CARTESIAN_POINT('',(0.044803901526543,0.01,0.234722911921136));
#2367=CARTESIAN_POINT('',(0.0552414328211882,0.00439149858421845,0.221298213764163));
#2368=CARTESIAN_POINT('',(0.0552414328211882,0.00439149858421845,0.234722911921136));
#2369=CARTESIAN_POINT('',(0.0656789641158335,-0.00682550424734467,0.221298213764163));
#2370=CARTESIAN_POINT('',(0.0656789641158335,-0.00682550424734467,0.234722911921136));
#2371=CARTESIAN_POINT('',(0.0486630164096873,0.0064924946986701,0.22843107441453));
#2372=CARTESIAN_POINT('',(0.0473919579862339,0.007116171623051,0.228431074414522));
#2373=CARTESIAN_POINT('',(0.0461208995627805,0.00765667556423119,0.228431074414513));
#2374=CARTESIAN_POINT('',(0.0448498411393271,0.00811400652221067,0.228431074414505));
#2375=CARTESIAN_POINT('',(0.0486630164096873,0.00649249469867011,0.22843107441453));
#2376=CARTESIAN_POINT('',(0.0448498345374253,0.00811400889759566,0.231022883697828));
#2377=CARTESIAN_POINT('',(0.0448445957353646,0.00811589383445653,0.230521828484855));
#2378=CARTESIAN_POINT('',(0.0444294221428479,0.0082686982120179,0.229542474690432));
#2379=CARTESIAN_POINT('',(0.0434967020247412,0.00857327371415912,0.229165147648994));
#2380=CARTESIAN_POINT('',(0.0430246477562189,0.00871354973075334,0.22907410464048));
#2381=CARTESIAN_POINT('',(0.0430246463233921,0.00871355015653322,0.229074113190393));
#2382=CARTESIAN_POINT('',(0.0430246463233921,0.00871355015653322,0.229074113190393));
#2383=CARTESIAN_POINT('',(0.040208591937286,0.00955037094762787,0.228530968046556));
#2384=CARTESIAN_POINT('',(0.0373254417637694,0.01,0.228008771380173));
#2385=CARTESIAN_POINT('',(0.0343663702318978,0.01,0.2275));
#2386=CARTESIAN_POINT('',(0.0343663702318978,0.01,0.2275));
#2387=CARTESIAN_POINT('',(0.0343663702318978,0.01,0.211425763581864));
#2388=CARTESIAN_POINT('',(0.0343663702318978,0.01,0.2215));
#2389=CARTESIAN_POINT('',(0.0343663702318978,0.01,0.2215));
#2390=CARTESIAN_POINT('',(0.0374675789807055,0.01,0.221413056725064));
#2391=CARTESIAN_POINT('',(0.0419828631353078,0.00926220812095695,0.221473299043953));
#2392=CARTESIAN_POINT('',(0.0477592282135981,0.00702226958635992,0.221879692303864));
#2393=CARTESIAN_POINT('',(0.0517747435865751,0.00488567487277964,0.222310758376847));
#2394=CARTESIAN_POINT('',(0.0555682322735206,0.00236445275254291,0.222848329565313));
#2395=CARTESIAN_POINT('',(0.0603600008239254,-0.0014310019813382,0.223687948258898));
#2396=CARTESIAN_POINT('',(0.0636121102227644,-0.00460429835904447,0.224417566420541));
#2397=CARTESIAN_POINT('',(0.0656789641158335,-0.00682550424734467,0.224938183903402));
#2398=CARTESIAN_POINT('',(0.0656789641158335,-0.00682550424734467,0.224938183903402));
#2399=CARTESIAN_POINT('',(0.0656789641158335,-0.00682550424734467,0.211425763581864));
#2400=CARTESIAN_POINT('',(0.0656789641158335,-0.00682550424734467,0.234643318849059));
#2401=CARTESIAN_POINT('',(0.0656789641158335,-0.00682550424734467,0.234643318849059));
#2402=CARTESIAN_POINT('',(0.0635127247398815,-0.00449749079972388,0.233909211243118));
#2403=CARTESIAN_POINT('',(0.0589582996149918,-7.67866396996532E-5,0.232574590943455));
#2404=CARTESIAN_POINT('',(0.0537681457402359,0.00367375085160533,0.231328109688938));
#2405=CARTESIAN_POINT('',(0.0509793919237897,0.00526383022268824,0.230712174384792));
#2406=CARTESIAN_POINT('',(0.0509793919237897,0.00526383022268824,0.230712174384792));
#2407=CARTESIAN_POINT('',(0.0509793912250192,0.00526383062111011,0.230712178578254));
#2408=CARTESIAN_POINT('',(0.0505528396159241,0.00550703992907992,0.23061796321328));
#2409=CARTESIAN_POINT('',(0.0498784536873824,0.00587652700204099,0.230547068407755));
#2410=CARTESIAN_POINT('',(0.0490562173057676,0.00629841452895196,0.231020086467025));
#2411=CARTESIAN_POINT('',(0.048808907727068,0.00642062807276275,0.231458909452124));
#2412=CARTESIAN_POINT('',(0.0487389923483237,0.00645511612879762,0.23169998665992));
#2413=CARTESIAN_POINT('',(0.0487390490497619,0.00645513782654623,0.2317));
#2414=CARTESIAN_POINT('',(0.0487390187647752,0.00645512793156463,0.22942907441453));
#2415=CARTESIAN_POINT('',(0.0487390132193294,0.00645511668948104,0.229430825806459));
#2416=CARTESIAN_POINT('',(0.0487390089123076,0.00645510795806402,0.229430825806459));
#2417=CARTESIAN_POINT('',(0.0487390089123076,0.00645510795806403,0.229097575342483));
#2418=CARTESIAN_POINT('',(0.0487390089123076,0.00645510795806403,0.228764324878506));
#2419=CARTESIAN_POINT('',(0.0487390089123076,0.00645510795806402,0.22843107441453));
#2420=CARTESIAN_POINT('',(0.0487389884796062,0.00645511803716925,0.228431074414531));
#2421=CARTESIAN_POINT('',(0.0487389884796063,0.00645511803716925,0.22843107441453));
#2422=CARTESIAN_POINT('',(0.0487136644562999,0.00646760993974368,0.22843107441453));
#2423=CARTESIAN_POINT('',(0.0486883404329936,0.00648006882691063,0.22843107441453));
#2424=CARTESIAN_POINT('',(0.0486630164096873,0.0064924946986701,0.22843107441453));
#2425=CARTESIAN_POINT('',(0.0343663702318978,0.0150377186990608,0.2275));
#2426=CARTESIAN_POINT('',(0.0343663702318978,0.00867583145747242,0.2275));
#2427=CARTESIAN_POINT('',(0.0381219551926372,0.0150377186990608,0.228145720836165));
#2428=CARTESIAN_POINT('',(0.0381219551926372,0.00867583145747242,0.228145720836165));
#2429=CARTESIAN_POINT('',(0.0416266719332589,0.0150377186990608,0.228791441672331));
#2430=CARTESIAN_POINT('',(0.0416266719332589,0.00867583145747242,0.228791441672331));
#2431=CARTESIAN_POINT('',(0.0448805204537627,0.0150377186990608,0.229437162508496));
#2432=CARTESIAN_POINT('',(0.0448805204537627,0.00867583145747242,0.229437162508496));
#2433=CARTESIAN_POINT('',(0.0430246462473306,0.0087135501929355,0.229074113175723));
#2434=CARTESIAN_POINT('',(0.0429757944414154,0.00913418764189204,0.229064690907016));
#2435=CARTESIAN_POINT('',(0.0429816988237758,0.00995784305068755,0.229065825287332));
#2436=CARTESIAN_POINT('',(0.0433150915070086,0.0111775467413804,0.229130149224455));
#2437=CARTESIAN_POINT('',(0.0439268016624487,0.012270233875016,0.229249038687867));
#2438=CARTESIAN_POINT('',(0.0444968475158458,0.0128624103290723,0.229361087901716));
#2439=CARTESIAN_POINT('',(0.0448222737285701,0.0131287284748694,0.229425608855364));
#2440=CARTESIAN_POINT('',(0.0448222736672018,0.0131287285007334,0.229425608843197));
#2441=CARTESIAN_POINT('',(0.0448222736672018,0.0131287285007333,0.229425608843197));
#2442=CARTESIAN_POINT('',(0.0414628518512592,0.0143311861051068,0.228759549716473));
#2443=CARTESIAN_POINT('',(0.0379589589192237,0.015,0.228117695883712));
#2444=CARTESIAN_POINT('',(0.0343663702318978,0.015,0.2275));
#2445=CARTESIAN_POINT('',(0.0343663702318978,0.015,0.2275));
#2446=CARTESIAN_POINT('',(0.0343663702318978,0.0563,0.2275));
#2447=CARTESIAN_POINT('',(0.050274037443114,0.015188868404186,0.230557447431101));
#2448=CARTESIAN_POINT('',(0.050274037443114,-0.0166669357685155,0.230557447431101));
#2449=CARTESIAN_POINT('',(0.0899638598444888,0.015188868404186,0.239204964954067));
#2450=CARTESIAN_POINT('',(0.0899638598444888,-0.0166669357685155,0.239204964954067));
#2451=CARTESIAN_POINT('',(0.0846613041074167,0.015188868404186,0.247852482477034));
#2452=CARTESIAN_POINT('',(0.0846613041074167,-0.0166669357685155,0.247852482477034));
#2453=CARTESIAN_POINT('',(0.0343663702318978,0.015188868404186,0.2565));
#2454=CARTESIAN_POINT('',(0.0343663702318978,-0.0166669357685155,0.2565));
#2455=CARTESIAN_POINT('',(0.0656789641158335,-0.00178231105506406,0.234643318849059));
#2456=CARTESIAN_POINT('',(0.0618822081571257,0.00228751080226161,0.233356652445461));
#2457=CARTESIAN_POINT('',(0.0577522766721816,0.00602191488361194,0.23226190436859));
#2458=CARTESIAN_POINT('',(0.0530224807199398,0.00904261200506557,0.231172818325112));
#2459=CARTESIAN_POINT('',(0.0656789641158335,-0.00178231105506406,0.234643318849059));
#2460=CARTESIAN_POINT('',(0.0530224807199398,0.00904261200506559,0.231172818325112));
#2461=CARTESIAN_POINT('',(0.0530224806343178,0.0090426118164544,0.231172818305396));
#2462=CARTESIAN_POINT('',(0.0530040042834496,0.0086659509534855,0.231168563928245));
#2463=CARTESIAN_POINT('',(0.0528894662790127,0.00793832145425174,0.231142159328352));
#2464=CARTESIAN_POINT('',(0.0523138913672842,0.00653684861685793,0.231010419793219));
#2465=CARTESIAN_POINT('',(0.0515926204244828,0.00571157018690107,0.230847614480908));
#2466=CARTESIAN_POINT('',(0.0509793921752908,0.0052638306848716,0.23071217444034));
#2467=CARTESIAN_POINT('',(0.0656789641158334,-0.00682550424734467,0.249356681150941));
#2468=CARTESIAN_POINT('',(0.066621819296857,-0.00783877155517267,0.249037160987392));
#2469=CARTESIAN_POINT('',(0.0680616718420111,-0.00931742366656981,0.248519493266568));
#2470=CARTESIAN_POINT('',(0.0700286754504025,-0.0111880660793057,0.247707178706754));
#2471=CARTESIAN_POINT('',(0.0715286018485843,-0.012537727367253,0.247013765076703));
#2472=CARTESIAN_POINT('',(0.0730315871420512,-0.0138124287371363,0.246208378542219));
#2473=CARTESIAN_POINT('',(0.0742706094684154,-0.0147989815269326,0.245395638717748));
#2474=CARTESIAN_POINT('',(0.0752112328623334,-0.0155130009441993,0.244594491153556));
#2475=CARTESIAN_POINT('',(0.0758554780487603,-0.0159869263689324,0.243890311549347));
#2476=CARTESIAN_POINT('',(0.0763845764498557,-0.0163647113986721,0.243028812890948));
#2477=CARTESIAN_POINT('',(0.0766152083258503,-0.0165259270535251,0.241961399762297));
#2478=CARTESIAN_POINT('',(0.0763519705090846,-0.016341759337001,0.240898059631343));
#2479=CARTESIAN_POINT('',(0.0758088514129958,-0.0159531233827672,0.240050938081253));
#2480=CARTESIAN_POINT('',(0.0751587734564916,-0.0154737737703995,0.239356145299611));
#2481=CARTESIAN_POINT('',(0.0742147655595735,-0.0147553908849104,0.238564545047889));
#2482=CARTESIAN_POINT('',(0.0729834923861809,-0.0137725961017626,0.237764161812369));
#2483=CARTESIAN_POINT('',(0.0714966275894694,-0.0125094579672001,0.23697088056931));
#2484=CARTESIAN_POINT('',(0.0700122994916952,-0.011172760925601,0.23628584019917));
#2485=CARTESIAN_POINT('',(0.0680494451786715,-0.00930517951532994,0.235475924814114));
#2486=CARTESIAN_POINT('',(0.066616839586781,-0.00783341996192272,0.234961151459938));
#2487=CARTESIAN_POINT('',(0.0656789641158334,-0.00682550424734467,0.234643318849059));
#2488=CARTESIAN_POINT('',(0.0656789641158335,-0.00682550424734467,0.249356681150941));
#2489=CARTESIAN_POINT('',(0.0343663702318978,0.01,0.2565));
#2490=CARTESIAN_POINT('',(0.0359119631737334,0.01,0.25623425669311));
#2491=CARTESIAN_POINT('',(0.0389589533793842,0.00975548133161123,0.255695878503826));
#2492=CARTESIAN_POINT('',(0.0434407861164177,0.00869808910224835,0.254854852666537));
#2493=CARTESIAN_POINT('',(0.0477310890265776,0.00703321613235119,0.253994114391266));
#2494=CARTESIAN_POINT('',(0.0530832306164758,0.00419520165938069,0.252840551594057));
#2495=CARTESIAN_POINT('',(0.0592692744112614,-0.000365631482635323,0.251338487545121));
#2496=CARTESIAN_POINT('',(0.0636110735583223,-0.00460318427682972,0.250057459746037));
#2497=CARTESIAN_POINT('',(0.0656789641158334,-0.00682550424734467,0.249356681150941));
#2498=CARTESIAN_POINT('',(0.0343663702318978,0.01,0.2565));
#2499=CARTESIAN_POINT('',(0.0343663702318978,0.0563,0.2565));
#2500=CARTESIAN_POINT('',(0.0343663702318978,0.015,0.2565));
#2501=CARTESIAN_POINT('',(0.0343663702318978,0.015,0.2565));
#2502=CARTESIAN_POINT('',(0.0359109352340249,0.015,0.256234433433111));
#2503=CARTESIAN_POINT('',(0.0389561480624092,0.0147564198926001,0.255696379265787));
#2504=CARTESIAN_POINT('',(0.0434357559504316,0.0137029111387781,0.254855819663261));
#2505=CARTESIAN_POINT('',(0.0477250858259497,0.0120435545856332,0.253995357407229));
#2506=CARTESIAN_POINT('',(0.0530770686984571,0.00921407633180483,0.252841964445956));
#2507=CARTESIAN_POINT('',(0.0592650794218037,0.00466484324744662,0.251339650053568));
#2508=CARTESIAN_POINT('',(0.0636096736687034,0.000435804510559843,0.250057934148649));
#2509=CARTESIAN_POINT('',(0.0656789641158334,-0.00178231105506407,0.249356681150941));
#2510=CARTESIAN_POINT('',(0.0656789641158335,-0.00178231105506406,0.249356681150941));
#2511=CARTESIAN_POINT('',(0.0656789641158335,-0.00178231105506406,0.234643318849059));
#2512=CARTESIAN_POINT('',(0.0666221045326553,-0.00279328292806662,0.234962935674949));
#2513=CARTESIAN_POINT('',(0.0680623092012865,-0.00426847354046328,0.235480742566252));
#2514=CARTESIAN_POINT('',(0.0700295649465597,-0.00613449716738612,0.236293205221577));
#2515=CARTESIAN_POINT('',(0.0715295609678123,-0.00748070511425757,0.236986711212338));
#2516=CARTESIAN_POINT('',(0.0730323788285583,-0.00875194535369478,0.237792086384003));
#2517=CARTESIAN_POINT('',(0.0742711819899662,-0.00973575933589207,0.238604805628943));
#2518=CARTESIAN_POINT('',(0.0752113614746858,-0.0104475990865725,0.239405648085268));
#2519=CARTESIAN_POINT('',(0.0758552436610377,-0.0109200416613623,0.240109480820624));
#2520=CARTESIAN_POINT('',(0.0763839114664449,-0.0112965611488323,0.240969907310774));
#2521=CARTESIAN_POINT('',(0.0766151447325736,-0.0114577877942111,0.242036516532614));
#2522=CARTESIAN_POINT('',(0.0763530701432668,-0.0112749071166583,0.243099377060392));
#2523=CARTESIAN_POINT('',(0.0758108452707218,-0.0108879423254042,0.243946579066102));
#2524=CARTESIAN_POINT('',(0.0751607956689418,-0.0104098870012434,0.24464195841629));
#2525=CARTESIAN_POINT('',(0.0742176825622046,-0.00969410902420002,0.245433338599254));
#2526=CARTESIAN_POINT('',(0.0729853168406078,-0.00871308605640714,0.24623483577662));
#2527=CARTESIAN_POINT('',(0.0714984505122682,-0.00745325915379882,0.247028205781476));
#2528=CARTESIAN_POINT('',(0.0700141468245562,-0.00612011539051234,0.247713361847009));
#2529=CARTESIAN_POINT('',(0.0680509541943355,-0.00425713508311712,0.248523514338953));
#2530=CARTESIAN_POINT('',(0.066617342292611,-0.002788178183692,0.249038678180231));
#2531=CARTESIAN_POINT('',(0.0656789641158335,-0.00178231105506408,0.249356681150941));
#2532=CARTESIAN_POINT('',(0.0987,0.0563,0.242));
#2533=CARTESIAN_POINT('',(0.0987,-0.0185646221101281,0.242));
#2534=CARTESIAN_POINT('',(0.0972,-0.0185646221101281,0.242));
#2535=CARTESIAN_POINT('',(0.0987,-0.0236510084946893,0.242));
#2536=CARTESIAN_POINT('',(0.0972,-0.0236510084946893,0.242));
#2537=CARTESIAN_POINT('',(0.0343663702318978,0.01,0.249277296916204));
#2538=CARTESIAN_POINT('',(0.0343663702318978,0.01,0.262666771175101));
#2539=CARTESIAN_POINT('',(0.044803901526543,0.01,0.249277296916204));
#2540=CARTESIAN_POINT('',(0.044803901526543,0.01,0.262666771175101));
#2541=CARTESIAN_POINT('',(0.0552414328211882,0.00439149858421845,0.249277296916204));
#2542=CARTESIAN_POINT('',(0.0552414328211882,0.00439149858421845,0.262666771175101));
#2543=CARTESIAN_POINT('',(0.0656789641158335,-0.00682550424734467,0.249277296916204));
#2544=CARTESIAN_POINT('',(0.0656789641158335,-0.00682550424734467,0.262666771175101));
#2545=CARTESIAN_POINT('',(0.0656789641158335,-0.00682550424734467,0.211425763581864));
#2546=CARTESIAN_POINT('',(0.0656789641158335,-0.00682550424734467,0.259061816096599));
#2547=CARTESIAN_POINT('',(0.0656789641158335,-0.00682550424734467,0.259061816096599));
#2548=CARTESIAN_POINT('',(0.063612226668483,-0.00460442350089251,0.259582404248079));
#2549=CARTESIAN_POINT('',(0.0603544983218408,-0.00142597479964555,0.260313193242238));
#2550=CARTESIAN_POINT('',(0.0555683598008241,0.00236376657376465,0.261151494134929));
#2551=CARTESIAN_POINT('',(0.0517933372926196,0.00487391578709725,0.26168676342068));
#2552=CARTESIAN_POINT('',(0.0477976448003754,0.00700263304872263,0.262116388458016));
#2553=CARTESIAN_POINT('',(0.0434945426994915,0.00868255096046982,0.262422032515991));
#2554=CARTESIAN_POINT('',(0.0389826109625772,0.00975322013388617,0.262566845380238));
#2555=CARTESIAN_POINT('',(0.0359201678989818,0.01,0.262543561162342));
#2556=CARTESIAN_POINT('',(0.0343663702318978,0.01,0.2625));
#2557=CARTESIAN_POINT('',(0.0343663702318978,0.01,0.2625));
#2558=CARTESIAN_POINT('',(0.0343663702318978,0.01,0.211425763581864));
#2559=CARTESIAN_POINT('',(0.0656789641158335,-0.00682550424734467,0.224733442110242));
#2560=CARTESIAN_POINT('',(0.0656789641158335,-0.00682550424734467,0.259266557889758));
#2561=CARTESIAN_POINT('',(0.0761164954104787,-0.0180425070789078,0.224733442110242));
#2562=CARTESIAN_POINT('',(0.0761164954104787,-0.0180425070789078,0.259266557889758));
#2563=CARTESIAN_POINT('',(0.0865540267051239,-0.0236510084946893,0.224733442110242));
#2564=CARTESIAN_POINT('',(0.0865540267051239,-0.0236510084946893,0.259266557889758));
#2565=CARTESIAN_POINT('',(0.0969915579997691,-0.0236510084946893,0.224733442110242));
#2566=CARTESIAN_POINT('',(0.0969915579997691,-0.0236510084946893,0.259266557889758));
#2567=CARTESIAN_POINT('',(0.0656789641158335,-0.00682550424734467,0.224938183903402));
#2568=CARTESIAN_POINT('',(0.0678764045491531,-0.00918704883743203,0.225491694681772));
#2569=CARTESIAN_POINT('',(0.0713304364060806,-0.0125314104471417,0.226463316969346));
#2570=CARTESIAN_POINT('',(0.076326910196247,-0.0164066639448301,0.228150243369826));
#2571=CARTESIAN_POINT('',(0.080209775990569,-0.0189071711565992,0.229616224247959));
#2572=CARTESIAN_POINT('',(0.0842545489986118,-0.0209665915926699,0.231315477181314));
#2573=CARTESIAN_POINT('',(0.0899307181262372,-0.0230396434943718,0.233971079850726));
#2574=CARTESIAN_POINT('',(0.0941733565896803,-0.0236510084946893,0.236284670349458));
#2575=CARTESIAN_POINT('',(0.0969915579997691,-0.0236510084946893,0.237984759634595));
#2576=CARTESIAN_POINT('',(0.0969915579997691,-0.0236510084946893,0.237984759634595));
#2577=CARTESIAN_POINT('',(0.0969915579997691,-0.0236510084946893,0.211425763581864));
#2578=CARTESIAN_POINT('',(0.0969915579997691,-0.0236510084946893,0.246015240365405));
#2579=CARTESIAN_POINT('',(0.0969915579997691,-0.0236510084946894,0.246015240365405));
#2580=CARTESIAN_POINT('',(0.0955850571436833,-0.0236510084946893,0.246863716640524));
#2581=CARTESIAN_POINT('',(0.0927648943270957,-0.0234474666166446,0.248482935999899));
#2582=CARTESIAN_POINT('',(0.0885050452938921,-0.0225197060891826,0.250696241937985));
#2583=CARTESIAN_POINT('',(0.0842661015860785,-0.0209703590076506,0.252678981481406));
#2584=CARTESIAN_POINT('',(0.0788718430365084,-0.0182307570242837,0.254947278592132));
#2585=CARTESIAN_POINT('',(0.0724486436582922,-0.0136189792546189,0.257223357312226));
#2586=CARTESIAN_POINT('',(0.0678740810856666,-0.00918455185842712,0.25850889057281));
#2587=CARTESIAN_POINT('',(0.0656789641158334,-0.00682550424734467,0.259061816096599));
#2588=CARTESIAN_POINT('',(0.0990957789998845,-0.0236510084946893,0.211425763581864));
#2589=CARTESIAN_POINT('',(0.0375891618767589,-0.0236510084946893,0.147545167069785));
#2590=CARTESIAN_POINT('',(0.100058018624961,-0.0236510084946893,0.244098996287338));
#2591=CARTESIAN_POINT('',(0.0375891618767583,-0.0236510084946893,0.336454832930216));
#2592=CARTESIAN_POINT('',(0.100058018624961,-0.0236510084946893,0.239901003712662));
#2593=CARTESIAN_POINT('',(0.0987,-0.0236510084946893,0.242));
#2594=CARTESIAN_POINT('',(0.0990957789998845,-0.0185646221101281,0.211425763581864));
#2595=CARTESIAN_POINT('',(0.0375891618767589,-0.0185646221101281,0.147545167069785));
#2596=CARTESIAN_POINT('',(0.100058018624961,-0.0185646221101281,0.244098996287338));
#2597=CARTESIAN_POINT('',(0.0969915579997691,-0.0185646221101281,0.246015240365405));
#2598=CARTESIAN_POINT('',(0.0987,-0.0185646221101281,0.242));
#2599=CARTESIAN_POINT('',(0.100058018624961,-0.0185646221101281,0.239901003712662));
#2600=CARTESIAN_POINT('',(0.0375891618767583,-0.0185646221101281,0.336454832930216));
#2601=CARTESIAN_POINT('',(0.0969915579997691,-0.0185646221101281,0.237984759634595));
#2602=CARTESIAN_POINT('',(0.0969915579997691,-0.0185646221101281,0.211425763581864));
#2603=CARTESIAN_POINT('',(0.0969915579997691,-0.0185646221101281,0.224733442110242));
#2604=CARTESIAN_POINT('',(0.0969915579997691,-0.0185646221101281,0.259266557889758));
#2605=CARTESIAN_POINT('',(0.0865540267051239,-0.0185646221101281,0.224733442110242));
#2606=CARTESIAN_POINT('',(0.0865540267051239,-0.0185646221101281,0.259266557889758));
#2607=CARTESIAN_POINT('',(0.0761164954104787,-0.0129705184251068,0.224733442110242));
#2608=CARTESIAN_POINT('',(0.0761164954104787,-0.0129705184251068,0.259266557889758));
#2609=CARTESIAN_POINT('',(0.0656789641158335,-0.00178231105506406,0.224733442110242));
#2610=CARTESIAN_POINT('',(0.0656789641158335,-0.00178231105506406,0.259266557889758));
#2611=CARTESIAN_POINT('',(0.0656789641158335,-0.00178231105506406,0.211425763581864));
#2612=CARTESIAN_POINT('',(0.0656789641158335,-0.00178231105506406,0.259061816096599));
#2613=CARTESIAN_POINT('',(0.0656789641158335,-0.00178231105506406,0.259061816096599));
#2614=CARTESIAN_POINT('',(0.0678780178689003,-0.00413952261329949,0.258507898940947));
#2615=CARTESIAN_POINT('',(0.0713340848471713,-0.0074769403705192,0.257535613947007));
#2616=CARTESIAN_POINT('',(0.0763325968700338,-0.0113429488645524,0.255847739230612));
#2617=CARTESIAN_POINT('',(0.0802161620849965,-0.0138366408204732,0.254381232672449));
#2618=CARTESIAN_POINT('',(0.0842605231475423,-0.0158896458717104,0.252681854388526));
#2619=CARTESIAN_POINT('',(0.0899345187871342,-0.0179555460958063,0.250026913674989));
#2620=CARTESIAN_POINT('',(0.0941751736048548,-0.0185646221101281,0.247714233530152));
#2621=CARTESIAN_POINT('',(0.0969915579997691,-0.0185646221101281,0.246015240365405));
#2622=CARTESIAN_POINT('',(0.0969915579997691,-0.0185646221101281,0.237984759634595));
#2623=CARTESIAN_POINT('',(0.0955859288714104,-0.0185646221101281,0.237136809232099));
#2624=CARTESIAN_POINT('',(0.0927673766101229,-0.0183618402682447,0.235518465318408));
#2625=CARTESIAN_POINT('',(0.0885098952512234,-0.0174375424799833,0.233306182073294));
#2626=CARTESIAN_POINT('',(0.0842721381435317,-0.0158934476731719,0.231323708812144));
#2627=CARTESIAN_POINT('',(0.0788784316947492,-0.0131623625963428,0.229055253246765));
#2628=CARTESIAN_POINT('',(0.0724535769606532,-0.0085628079590303,0.226778114671545));
#2629=CARTESIAN_POINT('',(0.0678757315095516,-0.00413707181705341,0.22549152515059));
#2630=CARTESIAN_POINT('',(0.0656789641158335,-0.00178231105506406,0.224938183903402));
#2631=CARTESIAN_POINT('',(0.0656789641158335,-0.00178231105506406,0.224938183903402));
#2632=CARTESIAN_POINT('',(0.0656789641158335,-0.00178231105506406,0.211425763581864));
#2633=CARTESIAN_POINT('',(0.0343663702318978,0.015,0.221319139749813));
#2634=CARTESIAN_POINT('',(0.0343663702318978,0.015,0.234722787114064));
#2635=CARTESIAN_POINT('',(0.044803901526543,0.015,0.221319139749813));
#2636=CARTESIAN_POINT('',(0.044803901526543,0.015,0.234722787114064));
#2637=CARTESIAN_POINT('',(0.0552414328211882,0.00940589631497866,0.221319139749813));
#2638=CARTESIAN_POINT('',(0.0552414328211882,0.00940589631497866,0.234722787114064));
#2639=CARTESIAN_POINT('',(0.0656789641158335,-0.00178231105506406,0.221319139749813));
#2640=CARTESIAN_POINT('',(0.0656789641158335,-0.00178231105506406,0.234722787114064));
#2641=CARTESIAN_POINT('',(0.0471076968500662,0.0122212916044784,0.228887202893347));
#2642=CARTESIAN_POINT('',(0.0481451769814906,0.0117687712605976,0.228887202893349));
#2643=CARTESIAN_POINT('',(0.0491826571129149,0.0112609802749802,0.228887202893351));
#2644=CARTESIAN_POINT('',(0.0502201372443392,0.0106979186476261,0.228887202893353));
#2645=CARTESIAN_POINT('',(0.0502196736923192,0.0106981702230838,0.232985616483266));
#2646=CARTESIAN_POINT('',(0.0502196899640873,0.0106981613923215,0.232803801278085));
#2647=CARTESIAN_POINT('',(0.0502273049889975,0.0106940614499881,0.232440137260892));
#2648=CARTESIAN_POINT('',(0.0504964809542385,0.0105475695457249,0.231759082841648));
#2649=CARTESIAN_POINT('',(0.0511653056388742,0.0101744128819806,0.231196112455417));
#2650=CARTESIAN_POINT('',(0.0521047071623406,0.00961941062713995,0.231001792334275));
#2651=CARTESIAN_POINT('',(0.0527209095661802,0.00923521125029561,0.231103380068318));
#2652=CARTESIAN_POINT('',(0.0530224810152277,0.00904261181647919,0.231172816651164));
#2653=CARTESIAN_POINT('',(0.0343663702318978,0.015,0.2215));
#2654=CARTESIAN_POINT('',(0.0374654799631275,0.015,0.221413115571623));
#2655=CARTESIAN_POINT('',(0.0419781300156079,0.0142651529685835,0.221473165205224));
#2656=CARTESIAN_POINT('',(0.047753040695552,0.0120327338472329,0.221879147658825));
#2657=CARTESIAN_POINT('',(0.0517687314771588,0.00990240262426169,0.222310007427101));
#2658=CARTESIAN_POINT('',(0.0555627065022773,0.00738810244038512,0.222847445470655));
#2659=CARTESIAN_POINT('',(0.0603564066838294,0.00360170516020105,0.223687179209119));
#2660=CARTESIAN_POINT('',(0.0636106772201642,0.000434728782829627,0.224417205463141));
#2661=CARTESIAN_POINT('',(0.0656789641158335,-0.00178231105506406,0.224938183903402));
#2662=CARTESIAN_POINT('',(0.0343663702318978,0.015,0.2215));
#2663=CARTESIAN_POINT('',(0.0343663702318978,0.015,0.211425763581864));
#2664=CARTESIAN_POINT('',(0.0448222749355962,0.0131287280467309,0.229425601994509));
#2665=CARTESIAN_POINT('',(0.045381375213608,0.0129286059709227,0.229536458345813));
#2666=CARTESIAN_POINT('',(0.0464477755540322,0.0125118168522092,0.229979868165636));
#2667=CARTESIAN_POINT('',(0.0470854027995883,0.0122310142743825,0.231097709329051));
#2668=CARTESIAN_POINT('',(0.0471058048067762,0.0122221168005316,0.231700124729188));
#2669=CARTESIAN_POINT('',(0.0343663702318978,0.015,0.24927729767951));
#2670=CARTESIAN_POINT('',(0.0343663702318978,0.015,0.262666643194184));
#2671=CARTESIAN_POINT('',(0.044803901526543,0.015,0.24927729767951));
#2672=CARTESIAN_POINT('',(0.044803901526543,0.015,0.262666643194184));
#2673=CARTESIAN_POINT('',(0.0552414328211882,0.00940589631497865,0.24927729767951));
#2674=CARTESIAN_POINT('',(0.0552414328211882,0.00940589631497865,0.262666643194184));
#2675=CARTESIAN_POINT('',(0.0656789641158335,-0.00178231105506406,0.24927729767951));
#2676=CARTESIAN_POINT('',(0.0656789641158335,-0.00178231105506406,0.262666643194184));
#2677=CARTESIAN_POINT('',(0.0343663702318978,0.015,0.211425763581864));
#2678=CARTESIAN_POINT('',(0.0343663702318978,0.015,0.2625));
#2679=CARTESIAN_POINT('',(0.0656789641158335,-0.00178231105506406,0.259061816096599));
#2680=CARTESIAN_POINT('',(0.0636108094216468,0.000434587073304596,0.259582761236777));
#2681=CARTESIAN_POINT('',(0.0603512002417576,0.00360644748242755,0.260313900273786));
#2682=CARTESIAN_POINT('',(0.0555629872920273,0.00738732328667548,0.261152358344767));
#2683=CARTESIAN_POINT('',(0.0517869950582401,0.00989088943184251,0.26168756030361));
#2684=CARTESIAN_POINT('',(0.0477911378461901,0.0120132874021681,0.262116959718898));
#2685=CARTESIAN_POINT('',(0.0434894734304781,0.0136874243566594,0.262422269322675));
#2686=CARTESIAN_POINT('',(0.0389795718598809,0.0147542097366682,0.262566850658933));
#2687=CARTESIAN_POINT('',(0.0359190515726238,0.015,0.262543529865813));
#2688=CARTESIAN_POINT('',(0.0343663702318978,0.015,0.2625));
#2689=CARTESIAN_POINT('',(0.0375891618767583,0.0563,0.336454832930216));
#2690=CARTESIAN_POINT('',(0.100058018624961,0.0563,0.239901003712662));
#2691=CARTESIAN_POINT('',(0.0343663702318978,0.0563,0.2215));
#2692=CARTESIAN_POINT('',(0.0987,0.0563,0.242));
#2693=CARTESIAN_POINT('',(0.100058018624961,0.0563,0.244098996287338));
#2694=CARTESIAN_POINT('',(0.0375891618767589,0.0563,0.147545167069785));
#2695=CARTESIAN_POINT('',(0.0343663702318978,0.0563,0.2625));
#2696=CARTESIAN_POINT('',(0.0331163702318978,0.015,0.2275));
#2697=CARTESIAN_POINT('',(0.0331163702318978,0.015,0.2215));
#2698=CARTESIAN_POINT('',(0.0318663702318977,0.015,0.2215));
#2699=CARTESIAN_POINT('',(0.0318663702318977,0.015,0.2275));
#2700=CARTESIAN_POINT('',(0.0318663702318977,0.015,0.2275));
#2701=CARTESIAN_POINT('',(0.0331163702318978,0.015,0.2275));
#2702=CARTESIAN_POINT('',(0.0318663702318977,0.0125,0.2275));
#2703=CARTESIAN_POINT('',(0.0318663702318977,0.0125,0.2275));
#2704=CARTESIAN_POINT('',(0.0318663702318977,0.01,0.2275));
#2705=CARTESIAN_POINT('',(0.0331163702318978,0.01,0.2275));
#2706=CARTESIAN_POINT('',(0.0318663702318977,0.0125,0.2275));
#2707=CARTESIAN_POINT('',(0.0318663702318977,0.011,0.2275));
#2708=CARTESIAN_POINT('',(0.0318663702318977,0.0125,0.2215));
#2709=CARTESIAN_POINT('',(0.0331163702318978,0.01,0.2215));
#2710=CARTESIAN_POINT('',(0.0318663702318977,0.01,0.2215));
#2711=CARTESIAN_POINT('',(0.0318663702318977,0.0125,0.2215));
#2712=CARTESIAN_POINT('',(0.0318663702318977,0.0125,0.2215));
#2713=CARTESIAN_POINT('',(0.0318663702318977,0.011,0.2215));
#2714=CARTESIAN_POINT('',(0.0318663702318977,0.0125,0.2215));
#2715=CARTESIAN_POINT('',(0.0318663702318977,0.0125,0.2215));
#2716=CARTESIAN_POINT('',(0.0318663702318977,0.01,0.2275));
#2717=CARTESIAN_POINT('',(0.0331163702318978,0.01,0.2275));
#2718=CARTESIAN_POINT('',(0.0318663702318977,0.0125,0.2625));
#2719=CARTESIAN_POINT('',(0.0318663702318977,0.0125,0.2565));
#2720=CARTESIAN_POINT('',(0.0318663702318977,0.015,0.2565));
#2721=CARTESIAN_POINT('',(0.0318663702318977,0.01,0.2565));
#2722=CARTESIAN_POINT('',(0.0318663702318977,0.01,0.2565));
#2723=CARTESIAN_POINT('',(0.0318663702318977,0.01,0.2625));
#2724=CARTESIAN_POINT('',(0.0318663702318977,0.0125,0.2625));
#2725=CARTESIAN_POINT('',(0.0318663702318977,0.015,0.2625));
#2726=CARTESIAN_POINT('',(0.0318663702318977,0.015,0.2565));
#2727=CARTESIAN_POINT('',(0.0318663702318977,0.0125,0.2625));
#2728=CARTESIAN_POINT('',(0.0318663702318977,0.0125,0.2625));
#2729=CARTESIAN_POINT('',(0.0318663702318977,0.011,0.2625));
#2730=CARTESIAN_POINT('',(0.0318663702318977,0.0125,0.2565));
#2731=CARTESIAN_POINT('',(0.0318663702318977,0.011,0.2565));
#2732=CARTESIAN_POINT('',(0.0306163702318977,0.0125,0.2625));
#2733=CARTESIAN_POINT('',(0.0331163702318978,0.01,0.2625));
#2734=CARTESIAN_POINT('',(0.0331163702318978,0.015,0.2625));
#2735=CARTESIAN_POINT('',(0.0306163702318977,0.0125,0.2565));
#2736=CARTESIAN_POINT('',(0.0331163702318978,0.015,0.2565));
#2737=CARTESIAN_POINT('',(0.0331163702318978,0.01,0.2565));
#2738=CARTESIAN_POINT('',(0.0331163702318978,0.015,0.2565));
#2739=CARTESIAN_POINT('',(0.0331163702318978,0.01,0.2565));
#2740=CARTESIAN_POINT('',(-0.0147506163805065,0.0104903073013363,0.530396900396985));
#2741=CARTESIAN_POINT('',(0.0434111980867604,0.00728342485837056,0.229148879072616));
#2742=CARTESIAN_POINT('',(0.0431443542116099,0.00789297316913587,0.229097094023694));
#2743=CARTESIAN_POINT('',(0.0428255054628898,0.00935582761465561,0.229035847130084));
#2744=CARTESIAN_POINT('',(0.0433611569414804,0.0116212626754073,0.229138660899553));
#2745=CARTESIAN_POINT('',(0.0449567061210524,0.0134703846861609,0.229450260190324));
#2746=CARTESIAN_POINT('',(0.0464488753581923,0.0140788599424811,0.229751318387099));
#2747=CARTESIAN_POINT('',(0.0472211907885831,0.0142003039546861,0.229910584960285));
#2748=CARTESIAN_POINT('',(0.0434583127317901,0.00730478552779114,0.229158019272968));
#2749=CARTESIAN_POINT('',(0.0431938574527988,0.00790764449645338,0.229106661108747));
#2750=CARTESIAN_POINT('',(0.042877767256195,0.00935499899277546,0.229045895919854));
#2751=CARTESIAN_POINT('',(0.0434087930327739,0.0115964872156232,0.22914790294939));
#2752=CARTESIAN_POINT('',(0.044989779425963,0.013423771713785,0.229456866605907));
#2753=CARTESIAN_POINT('',(0.0464666514527596,0.0140222603978835,0.229754959479243));
#2754=CARTESIAN_POINT('',(0.0472302777026684,0.0141404569739901,0.229912458860003));
#2755=CARTESIAN_POINT('',(0.0435054594205577,0.00732616517407308,0.229167218037664));
#2756=CARTESIAN_POINT('',(0.0432433930294984,0.00792232808245955,0.229116287157621));
#2757=CARTESIAN_POINT('',(0.0429300607464438,0.00935416962042361,0.229056004015754));
#2758=CARTESIAN_POINT('',(0.0434564620648789,0.0115716912574201,0.229157203761081));
#2759=CARTESIAN_POINT('',(0.045022880620138,0.0133771089662161,0.229463528906062));
#2760=CARTESIAN_POINT('',(0.046484438860559,0.0139655939443704,0.229758652678706));
#2761=CARTESIAN_POINT('',(0.0472393653792061,0.0140805390864026,0.229914383490116));
#2762=CARTESIAN_POINT('',(0.0436009952775053,0.00736972972853619,0.229188711229741));
#2763=CARTESIAN_POINT('',(0.0433438248632929,0.00795225743142784,0.22913862501185));
#2764=CARTESIAN_POINT('',(0.0430361507563984,0.00935247961185729,0.229079294669839));
#2765=CARTESIAN_POINT('',(0.0435530640199456,0.0115211481346076,0.229178898792603));
#2766=CARTESIAN_POINT('',(0.0450896429045067,0.0132821225747825,0.229480007638674));
#2767=CARTESIAN_POINT('',(0.0465199414358362,0.0138504284168983,0.22976926095016));
#2768=CARTESIAN_POINT('',(0.0472571582609889,0.0139588682247423,0.229921496030751));
#2769=CARTESIAN_POINT('',(0.0436493745443901,0.00739190966501531,0.229200998040486));
#2770=CARTESIAN_POINT('',(0.0433947105925456,0.00796749975570733,0.229151329156241));
#2771=CARTESIAN_POINT('',(0.0430899360064092,0.00935161916848836,0.229092469516768));
#2772=CARTESIAN_POINT('',(0.0436019869191927,0.0114954067819969,0.229191285385496));
#2773=CARTESIAN_POINT('',(0.0451232977357683,0.013233809525907,0.229489816716776));
#2774=CARTESIAN_POINT('',(0.0465376540049314,0.0137919417763456,0.22977616897417));
#2775=CARTESIAN_POINT('',(0.0472658628357122,0.0138971281747169,0.229926677078383));
#2776=CARTESIAN_POINT('',(0.0437964294716255,0.0074599127826926,0.229245240387854));
#2777=CARTESIAN_POINT('',(0.0435495221281831,0.00801425587478051,0.229196787636349));
#2778=CARTESIAN_POINT('',(0.0432537364229918,0.00934898103733123,0.229139299502738));
#2779=CARTESIAN_POINT('',(0.0437507120516008,0.011416439789219,0.229235818634656));
#2780=CARTESIAN_POINT('',(0.045224819884638,0.0130859327236445,0.229526838427613));
#2781=CARTESIAN_POINT('',(0.0465901687542461,0.013613385265695,0.229804735065993));
#2782=CARTESIAN_POINT('',(0.0472908066836144,0.0137088892846674,0.229950210350599));
#2783=CARTESIAN_POINT('',(0.0438972570080036,0.00750732874988581,0.229284895334021));
#2784=CARTESIAN_POINT('',(0.0436558545647373,0.0080468887701223,0.229237205656615));
#2785=CARTESIAN_POINT('',(0.0433664695301494,0.00934714152553307,0.229180577912042));
#2786=CARTESIAN_POINT('',(0.0438527087182865,0.011361319092387,0.229275656268301));
#2787=CARTESIAN_POINT('',(0.0452933781753649,0.0129831596416984,0.229561962244377));
#2788=CARTESIAN_POINT('',(0.0466243837305845,0.0134899080272198,0.229834551280837));
#2789=CARTESIAN_POINT('',(0.0473058613677908,0.0135790531893481,0.229976868539824));
#2790=CARTESIAN_POINT('',(0.0440960951713867,0.00760304526015567,0.229389164445604));
#2791=CARTESIAN_POINT('',(0.0438660759919432,0.0081128522058942,0.229342776416672));
#2792=CARTESIAN_POINT('',(0.0435899857463903,0.00934342810596783,0.229287615375561));
#2793=CARTESIAN_POINT('',(0.0440539191231576,0.0112498806438092,0.229380237785692));
#2794=CARTESIAN_POINT('',(0.0454256160815041,0.0127766394640865,0.229658499925583));
#2795=CARTESIAN_POINT('',(0.0466868210502122,0.0132435084374984,0.22992201931116));
#2796=CARTESIAN_POINT('',(0.0473298009757496,0.0133208997145155,0.230058937562385));
#2797=CARTESIAN_POINT('',(0.0441937889569477,0.007651186708767,0.22945353487874));
#2798=CARTESIAN_POINT('',(0.0439696280916443,0.0081460727084806,0.229407684005657));
#2799=CARTESIAN_POINT('',(0.0437004082252359,0.00934156036925754,0.229353127669606));
#2800=CARTESIAN_POINT('',(0.0441528121024737,0.0111937488760191,0.229444737607417));
#2801=CARTESIAN_POINT('',(0.0454890954110887,0.0126732314080765,0.22971967845068));
#2802=CARTESIAN_POINT('',(0.0467149602452531,0.0131209839552545,0.229979445591226));
#2803=CARTESIAN_POINT('',(0.0473386657228299,0.0131929959045214,0.23011412878325));
#2804=CARTESIAN_POINT('',(0.0443736173050259,0.00774252530342866,0.229604151589174));
#2805=CARTESIAN_POINT('',(0.0441608917832111,0.00820920654565089,0.229559030993205));
#2806=CARTESIAN_POINT('',(0.0439051490611459,0.00933801664342558,0.22950529390948));
#2807=CARTESIAN_POINT('',(0.0443349306725327,0.0110870513560342,0.229595532548923));
#2808=CARTESIAN_POINT('',(0.0456022796845194,0.0124781474998141,0.229865948997322));
#2809=CARTESIAN_POINT('',(0.046760530433936,0.0128918901449192,0.230120564328012));
#2810=CARTESIAN_POINT('',(0.047347877366256,0.012954969515165,0.230252167225372));
#2811=CARTESIAN_POINT('',(0.0444554350260992,0.00778556335501367,0.229690154134193));
#2812=CARTESIAN_POINT('',(0.0442482664841262,0.00823900984239108,0.229645225240963));
#2813=CARTESIAN_POINT('',(0.0439991067879726,0.0093363468253607,0.229591701095139));
#2814=CARTESIAN_POINT('',(0.0444178355044062,0.0110366715877951,0.229681583606683));
#2815=CARTESIAN_POINT('',(0.0456517843425378,0.0123868106872175,0.229950805679521));
#2816=CARTESIAN_POINT('',(0.0467778782793296,0.0127857186858302,0.230204031249319));
#2817=CARTESIAN_POINT('',(0.0473482040858997,0.0128452605053219,0.230334794834159));
#2818=CARTESIAN_POINT('',(0.0445965642898785,0.00786340495655786,0.229881028627757));
#2819=CARTESIAN_POINT('',(0.0443998547028333,0.00829304750618379,0.229836074566105));
#2820=CARTESIAN_POINT('',(0.0441631656969832,0.00933332663069959,0.229782511649841));
#2821=CARTESIAN_POINT('',(0.044560949228581,0.0109452977063038,0.229872460452499));
#2822=CARTESIAN_POINT('',(0.0457322693900836,0.0122230293512604,0.230141805601669));
#2823=CARTESIAN_POINT('',(0.0467994982959382,0.0125979656309343,0.230395018260478));
#2824=CARTESIAN_POINT('',(0.0473393098131165,0.0126527088015906,0.230525726401817));
#2825=CARTESIAN_POINT('',(0.0446564177062571,0.00789850913731962,0.229986654146639));
#2826=CARTESIAN_POINT('',(0.0444646519657554,0.00831749094736881,0.229941480032713));
#2827=CARTESIAN_POINT('',(0.0442339007981237,0.00933196459312899,0.229887661382883));
#2828=CARTESIAN_POINT('',(0.0446217077595746,0.0109039499692884,0.229978039390018));
#2829=CARTESIAN_POINT('',(0.0457635493626618,0.0121499563417706,0.230248720337948));
#2830=CARTESIAN_POINT('',(0.0468038400831929,0.0125156706048518,0.230503323237826));
#2831=CARTESIAN_POINT('',(0.0473300412512951,0.0125691376317799,0.230634820207667));
#2832=CARTESIAN_POINT('',(0.0447536323043871,0.00795999549791241,0.230210951908273));
#2833=CARTESIAN_POINT('',(0.0445709961726442,0.0083604603275915,0.230164986423246));
#2834=CARTESIAN_POINT('',(0.0443513002068894,0.00932957896595447,0.230110259110892));
#2835=CARTESIAN_POINT('',(0.0447205241705701,0.0108312315174006,0.230202160731835));
#2836=CARTESIAN_POINT('',(0.0458081950090681,0.0120236210491702,0.230477680022887));
#2837=CARTESIAN_POINT('',(0.0468005446032563,0.0123764579179369,0.230737481550212));
#2838=CARTESIAN_POINT('',(0.0473032371300266,0.0124294996031,0.230871984008367));
#2839=CARTESIAN_POINT('',(0.0447908416104058,0.00798627754267766,0.230329225674951));
#2840=CARTESIAN_POINT('',(0.0446123760823934,0.00837891631029916,0.230282691898907));
#2841=CARTESIAN_POINT('',(0.0443977792562469,0.00932855926319921,0.230227315318222));
#2842=CARTESIAN_POINT('',(0.0447584273850638,0.0107999791867277,0.230320305190208));
#2843=CARTESIAN_POINT('',(0.0458214964895847,0.0119705647493731,0.230599309070339));
#2844=CARTESIAN_POINT('',(0.0467929236493996,0.0123197657447224,0.230862902648548));
#2845=CARTESIAN_POINT('',(0.0472857568064016,0.0123736576273004,0.230999613534869));
#2846=CARTESIAN_POINT('',(0.0448426217321227,0.00802882027191406,0.230564244156445));
#2847=CARTESIAN_POINT('',(0.0446714320449551,0.00840896930753488,0.230516394632062));
#2848=CARTESIAN_POINT('',(0.04446582759711,0.00932690877920836,0.230459526419347));
#2849=CARTESIAN_POINT('',(0.0448113420624898,0.0107490518430073,0.230555015059681));
#2850=CARTESIAN_POINT('',(0.0458317840278459,0.011886577373842,0.230842122267704));
#2851=CARTESIAN_POINT('',(0.0467685730406198,0.0122335604509511,0.231114713157732));
#2852=CARTESIAN_POINT('',(0.0472458443167249,0.012290836545647,0.231256730105795));
#2853=CARTESIAN_POINT('',(0.0448570406720882,0.00804498082131941,0.230680590395187));
#2854=CARTESIAN_POINT('',(0.0446889410635503,0.00842049636573294,0.230631996441294));
#2855=CARTESIAN_POINT('',(0.0444872116303478,0.00932628188482144,0.230574289525505));
#2856=CARTESIAN_POINT('',(0.0448261988599139,0.0107294952141594,0.230671182524856));
#2857=CARTESIAN_POINT('',(0.0458287058922789,0.0118558522814216,0.230962890516409));
#2858=CARTESIAN_POINT('',(0.0467518596990314,0.0122042728180123,0.231240670331877));
#2859=CARTESIAN_POINT('',(0.0472234673864951,0.0122640823228629,0.231385776681871));
#2860=CARTESIAN_POINT('',(0.04486591820104,0.00806297639842319,0.230847160091843));
#2861=CARTESIAN_POINT('',(0.0447016976825539,0.00843348452031037,0.230797452849669));
#2862=CARTESIAN_POINT('',(0.0445049046788238,0.00932558391400728,0.230738504726764));
#2863=CARTESIAN_POINT('',(0.0448355685553208,0.0107074285205298,0.230837474540143));
#2864=CARTESIAN_POINT('',(0.0458157829725622,0.011823255150788,0.231136102683928));
#2865=CARTESIAN_POINT('',(0.0467231541301449,0.0121763557144875,0.231421891879946));
#2866=CARTESIAN_POINT('',(0.0471888032924753,0.012240667575853,0.231571842809449));
#2867=CARTESIAN_POINT('',(0.0448668116530256,0.0080679668257522,0.23090143874761));
#2868=CARTESIAN_POINT('',(0.044703762429545,0.00843711951534029,0.230851360774978));
#2869=CARTESIAN_POINT('',(0.044508473901676,0.00932539037972635,0.23079200147062));
#2870=CARTESIAN_POINT('',(0.0448365995018759,0.0107012459932396,0.230891659030469));
#2871=CARTESIAN_POINT('',(0.0458101255198616,0.0118145681384394,0.231192598142083));
#2872=CARTESIAN_POINT('',(0.0467129890184347,0.0121696383355669,0.23148109549291));
#2873=CARTESIAN_POINT('',(0.0471770616415056,0.0122355657014589,0.231632696586963));
#2874=CARTESIAN_POINT('',(0.0448661150294613,0.00807668835995222,0.231007941439938));
#2875=CARTESIAN_POINT('',(0.0447052463023687,0.0084435192396955,0.2309571387794));
#2876=CARTESIAN_POINT('',(0.0445127772454144,0.00932505217576443,0.230896980573389));
#2877=CARTESIAN_POINT('',(0.0448361437033857,0.0106903517451022,0.230997973823273));
#2878=CARTESIAN_POINT('',(0.045797277102835,0.0117998854393576,0.231303445030092));
#2879=CARTESIAN_POINT('',(0.0466920856022006,0.0121593413189121,0.231597329536465));
#2880=CARTESIAN_POINT('',(0.0471535105424984,0.0122286087569159,0.231752240677248));
#2881=CARTESIAN_POINT('',(0.0448645202077947,0.00808041633760243,0.23106015302412));
#2882=CARTESIAN_POINT('',(0.044704660208382,0.00844628178288547,0.231008996500757));
#2883=CARTESIAN_POINT('',(0.0445135055769798,0.00932490762754746,0.230948450688939));
#2884=CARTESIAN_POINT('',(0.0448346521250433,0.0106856437237611,0.231050091689939));
#2885=CARTESIAN_POINT('',(0.0457900841324681,0.0117938961896029,0.231357783463033));
#2886=CARTESIAN_POINT('',(0.0466813478074684,0.012155768727666,0.231654346459659));
#2887=CARTESIAN_POINT('',(0.0471417028205803,0.012226760714363,0.231810917225381));
#2888=CARTESIAN_POINT('',(0.0448628971486612,0.00808412433274648,0.231112274510119));
#2889=CARTESIAN_POINT('',(0.0447040377553497,0.00844902913569291,0.231060776728712));
#2890=CARTESIAN_POINT('',(0.0445141873525147,0.00932476384454232,0.230999859542809));
#2891=CARTESIAN_POINT('',(0.0448331309986863,0.0106809617366608,0.231102120892026));
#2892=CARTESIAN_POINT('',(0.0457829095496463,0.0117879347037401,0.231411961446186));
#2893=CARTESIAN_POINT('',(0.0466706544446795,0.0121521971261623,0.231711154536771));
#2894=CARTESIAN_POINT('',(0.0471299436726667,0.0122248993253688,0.231869368473106));
#2895=CARTESIAN_POINT('',(0.0523626563934164,0.0117554514900345,0.231021939412731));
#2896=CARTESIAN_POINT('',(0.0525198690215955,0.0114831925234789,0.231057642900983));
#2897=CARTESIAN_POINT('',(0.0528882908884337,0.0106807020688334,0.231141800094732));
#2898=CARTESIAN_POINT('',(0.0531265763206859,0.0092388234785557,0.231196862088507));
#2899=CARTESIAN_POINT('',(0.0528153837327603,0.0075362317684599,0.231124986975715));
#2900=CARTESIAN_POINT('',(0.0519614250036834,0.0060580645552777,0.230930297063679));
#2901=CARTESIAN_POINT('',(0.0506723373080061,0.00494669630021882,0.230643060955638));
#2902=CARTESIAN_POINT('',(0.0491002032624163,0.00432025399962508,0.230302702426131));
#2903=CARTESIAN_POINT('',(0.0475904750993561,0.00424670485638633,0.229985798541062));
#2904=CARTESIAN_POINT('',(0.0466782785610918,0.00445782279551065,0.229798926392929));
#2905=CARTESIAN_POINT('',(0.0463209092287607,0.00458456591852917,0.229726335271576));
#2906=CARTESIAN_POINT('',(0.0522985907733432,0.0117168631258869,0.231007390058676));
#2907=CARTESIAN_POINT('',(0.0524528974909135,0.011448477100502,0.231042386200929));
#2908=CARTESIAN_POINT('',(0.052814269290126,0.0106579088549688,0.231124811706943));
#2909=CARTESIAN_POINT('',(0.0530476359368726,0.00923948312752746,0.231178642696561));
#2910=CARTESIAN_POINT('',(0.0527428476834935,0.00756448931527257,0.231108369224845));
#2911=CARTESIAN_POINT('',(0.0519050189138779,0.0061073982397195,0.230917627854875));
#2912=CARTESIAN_POINT('',(0.0506371119508188,0.00500823432412873,0.230635376207529));
#2913=CARTESIAN_POINT('',(0.049087065291075,0.00438535199004865,0.230299949638866));
#2914=CARTESIAN_POINT('',(0.0475956273739201,0.00430863398071425,0.229986893858066));
#2915=CARTESIAN_POINT('',(0.0466934037574428,0.00451522471542313,0.229802021480821));
#2916=CARTESIAN_POINT('',(0.0463398121517966,0.00463977088528772,0.229730174949128));
#2917=CARTESIAN_POINT('',(0.052234479373966,0.0116782588625924,0.230992920750635));
#2918=CARTESIAN_POINT('',(0.0523858818586359,0.0114137495362551,0.23102721316313));
#2919=CARTESIAN_POINT('',(0.0527402092198698,0.0106351122072543,0.231107916762938));
#2920=CARTESIAN_POINT('',(0.0529686637622113,0.00924014276700331,0.231160525351985));
#2921=CARTESIAN_POINT('',(0.0526702712822648,0.00759275151756647,0.231091842407763));
#2922=CARTESIAN_POINT('',(0.0518485611945195,0.00615675784781945,0.230905028239683));
#2923=CARTESIAN_POINT('',(0.0506018391199317,0.00506982728545187,0.230627745274816));
#2924=CARTESIAN_POINT('',(0.0490739003577021,0.00445052370232798,0.230297245304654));
#2925=CARTESIAN_POINT('',(0.0476007757848312,0.00437063732434766,0.229988039030389));
#2926=CARTESIAN_POINT('',(0.0467085369946781,0.00457269429199397,0.229805168334259));
#2927=CARTESIAN_POINT('',(0.046358727302832,0.00469504012911932,0.229734067190661));
#2928=CARTESIAN_POINT('',(0.0521042464934038,0.011600379599755,0.230967681381294));
#2929=CARTESIAN_POINT('',(0.0522498134159688,0.011343710290402,0.231000588000978));
#2930=CARTESIAN_POINT('',(0.0525899975912258,0.010589173051324,0.231077901979755));
#2931=CARTESIAN_POINT('',(0.0528086074874487,0.00924147122440316,0.231128106338335));
#2932=CARTESIAN_POINT('',(0.0525230340384404,0.00764970785575265,0.231062551762957));
#2933=CARTESIAN_POINT('',(0.0517336958137867,0.00625637949797937,0.230883469628488));
#2934=CARTESIAN_POINT('',(0.050529665423719,0.00519438514608863,0.230615983337876));
#2935=CARTESIAN_POINT('',(0.0490464581486865,0.00458259378098137,0.230295209908402));
#2936=CARTESIAN_POINT('',(0.0476105367456668,0.00449650317094566,0.229993610579061));
#2937=CARTESIAN_POINT('',(0.0467386406769386,0.00468945975034486,0.229814696806947));
#2938=CARTESIAN_POINT('',(0.0463965436017673,0.00480737247017704,0.229745069253001));
#2939=CARTESIAN_POINT('',(0.0520381390221218,0.0115611119687738,0.230956906269613));
#2940=CARTESIAN_POINT('',(0.0521807751323478,0.0113084052061894,0.230989130908861));
#2941=CARTESIAN_POINT('',(0.0525138617960125,0.0105660348144637,0.231064777376704));
#2942=CARTESIAN_POINT('',(0.052727539987809,0.00924213992000762,0.231113800053049));
#2943=CARTESIAN_POINT('',(0.0524483887048764,0.00767839669130755,0.231049783127034));
#2944=CARTESIAN_POINT('',(0.0516753008177179,0.00630663204846873,0.230874505360972));
#2945=CARTESIAN_POINT('',(0.0504927732627821,0.00525733778083097,0.230611846497322));
#2946=CARTESIAN_POINT('',(0.0490321851345022,0.00464947865435503,0.230295872471657));
#2947=CARTESIAN_POINT('',(0.0476151495848429,0.0045603523904871,0.229998030173339));
#2948=CARTESIAN_POINT('',(0.0467536091148137,0.00474874309122471,0.229821071435632));
#2949=CARTESIAN_POINT('',(0.046415441854777,0.0048644234214488,0.229752172005885));
#2950=CARTESIAN_POINT('',(0.0518364009604295,0.0114425746178509,0.230933984765567));
#2951=CARTESIAN_POINT('',(0.0519702413708244,0.0112018726394379,0.230964226568714));
#2952=CARTESIAN_POINT('',(0.0522820526753842,0.0104962988292587,0.231035025894004));
#2953=CARTESIAN_POINT('',(0.0524809852181938,0.00924415346967131,0.231080615598332));
#2954=CARTESIAN_POINT('',(0.0522210379085219,0.00776486850190999,0.231021065880275));
#2955=CARTESIAN_POINT('',(0.0514966837593996,0.00645842853745054,0.230856847844236));
#2956=CARTESIAN_POINT('',(0.0503789629682279,0.00544805650313774,0.23060823595553));
#2957=CARTESIAN_POINT('',(0.0489869570038918,0.00485275406145884,0.230306239027783));
#2958=CARTESIAN_POINT('',(0.0476275381655554,0.0047549232716323,0.230019344142975));
#2959=CARTESIAN_POINT('',(0.0467977349015601,0.00492965373807118,0.229848083163108));
#2960=CARTESIAN_POINT('',(0.0464716302469695,0.00503861439782458,0.229781305842912));
#2961=CARTESIAN_POINT('',(0.0516970053056519,0.0113624109532541,0.230931555081657));
#2962=CARTESIAN_POINT('',(0.051824967452761,0.0111298859494472,0.230960558958712));
#2963=CARTESIAN_POINT('',(0.0521225944583904,0.0104492896972675,0.231028333587995));
#2964=CARTESIAN_POINT('',(0.0523117473821969,0.00924550832804386,0.231071783706612));
#2965=CARTESIAN_POINT('',(0.0520645391329611,0.00782316874622883,0.231015018286913));
#2966=CARTESIAN_POINT('',(0.0513727059583352,0.00656121883118657,0.23085770324634));
#2967=CARTESIAN_POINT('',(0.0502986710152591,0.00557796314124291,0.23061787658553));
#2968=CARTESIAN_POINT('',(0.0489534553381073,0.00499208595673646,0.230324637010784));
#2969=CARTESIAN_POINT('',(0.0476338251197686,0.00488899371855519,0.230044609401138));
#2970=CARTESIAN_POINT('',(0.0468261334896441,0.00505465371812003,0.229876924143858));
#2971=CARTESIAN_POINT('',(0.0465084581508608,0.00515909645184231,0.229811478685205));
#2972=CARTESIAN_POINT('',(0.0514189716813654,0.0112073520740846,0.230963893566564));
#2973=CARTESIAN_POINT('',(0.051535749649951,0.0109908006460722,0.230990782409449));
#2974=CARTESIAN_POINT('',(0.051806480552256,0.0103587660962902,0.23105339003775));
#2975=CARTESIAN_POINT('',(0.0519772243875411,0.00924811073340403,0.231093186650685));
#2976=CARTESIAN_POINT('',(0.0517540029056072,0.00793546045632866,0.231041175705819));
#2977=CARTESIAN_POINT('',(0.0511239149570215,0.00676040185328371,0.230895653716186));
#2978=CARTESIAN_POINT('',(0.0501340020099784,0.00583175585607489,0.23067084493801));
#2979=CARTESIAN_POINT('',(0.0488804147180398,0.00526669432585363,0.230392581598912));
#2980=CARTESIAN_POINT('',(0.0476400302222103,0.00515519344202628,0.230124297589541));
#2981=CARTESIAN_POINT('',(0.0468769217321853,0.00530380053568342,0.229962724724033));
#2982=CARTESIAN_POINT('',(0.0465763125288682,0.00539958781949308,0.229899555487137));
#2983=CARTESIAN_POINT('',(0.051280782028751,0.0111326926534878,0.230998500123206));
#2984=CARTESIAN_POINT('',(0.0513922706217964,0.0109239131492808,0.23102451450175));
#2985=CARTESIAN_POINT('',(0.0516503292846963,0.0103153883106808,0.231084986349554));
#2986=CARTESIAN_POINT('',(0.0518124704436602,0.00924935436616642,0.231123273767718));
#2987=CARTESIAN_POINT('',(0.0516004617428271,0.00798928231131341,0.231073226855719));
#2988=CARTESIAN_POINT('',(0.0509995070465501,0.00685649085138529,0.230932580095493));
#2989=CARTESIAN_POINT('',(0.0500499034981054,0.00595524946652128,0.230713985898045));
#2990=CARTESIAN_POINT('',(0.0488410121304248,0.00540153902368059,0.230441924213553));
#2991=CARTESIAN_POINT('',(0.0476399576264902,0.00528689764903362,0.230178503493487));
#2992=CARTESIAN_POINT('',(0.0468992471578358,0.00542754606439182,0.230019460625333));
#2993=CARTESIAN_POINT('',(0.0466072463664993,0.00551920846258676,0.229957233273228));
#2994=CARTESIAN_POINT('',(0.0510224234810898,0.0109989338741557,0.231108010347389));
#2995=CARTESIAN_POINT('',(0.0511246651643039,0.0108042736874452,0.231132808686996));
#2996=CARTESIAN_POINT('',(0.051360686206851,0.01023817567079,0.231190309594772));
#2997=CARTESIAN_POINT('',(0.0515080371923651,0.00925155984049876,0.231226496437968));
#2998=CARTESIAN_POINT('',(0.0513153148781169,0.0080851169403277,0.231179183107929));
#2999=CARTESIAN_POINT('',(0.0507651244523294,0.00702908518324909,0.231045317213653));
#3000=CARTESIAN_POINT('',(0.04988726796127,0.00617964714223959,0.230835355068027));
#3001=CARTESIAN_POINT('',(0.04875986663057,0.0056495470360995,0.230571888740087));
#3002=CARTESIAN_POINT('',(0.047632169677982,0.00553154335584478,0.230315186746255));
#3003=CARTESIAN_POINT('',(0.0469338951211847,0.00565857256448924,0.23015962702454));
#3004=CARTESIAN_POINT('',(0.0466582873860853,0.0057429564972273,0.230098694494201));
#3005=CARTESIAN_POINT('',(0.0509027029029376,0.0109400703093963,0.231182752402754));
#3006=CARTESIAN_POINT('',(0.0510010035915581,0.0107517328389938,0.231207211811503));
#3007=CARTESIAN_POINT('',(0.0512276988181465,0.0102044774998853,0.231263884084226));
#3008=CARTESIAN_POINT('',(0.0513688890997289,0.0092525177678435,0.231299484272425));
#3009=CARTESIAN_POINT('',(0.0511842054652,0.00812696010356101,0.231252934347871));
#3010=CARTESIAN_POINT('',(0.050655555058358,0.00710528678675177,0.23112095926407));
#3011=CARTESIAN_POINT('',(0.0498090094767465,0.00628015874123108,0.23091339651553));
#3012=CARTESIAN_POINT('',(0.0487182600849984,0.00576227857467886,0.230652306661494));
#3013=CARTESIAN_POINT('',(0.0476244635812453,0.00564405978610774,0.230397447068784));
#3014=CARTESIAN_POINT('',(0.0469461534300763,0.0057654522270721,0.230242833824323));
#3015=CARTESIAN_POINT('',(0.046678301931555,0.00584669521823479,0.230182251755534));
#3016=CARTESIAN_POINT('',(0.0506908975956041,0.0108433950801981,0.23137240851515));
#3017=CARTESIAN_POINT('',(0.0507830365775238,0.0106657078188963,0.231396789607097));
#3018=CARTESIAN_POINT('',(0.0509953157319272,0.0101498151446142,0.231453263980971));
#3019=CARTESIAN_POINT('',(0.051127223939769,0.00925406042217765,0.231488714223818));
#3020=CARTESIAN_POINT('',(0.050954664646217,0.00819487780942346,0.231442358939554));
#3021=CARTESIAN_POINT('',(0.0504594533508689,0.00723103633399861,0.231310829636439));
#3022=CARTESIAN_POINT('',(0.0496636821258855,0.00644955555526687,0.231103751596776));
#3023=CARTESIAN_POINT('',(0.0486350749946779,0.00595631051326674,0.230843036116395));
#3024=CARTESIAN_POINT('',(0.0476009891416863,0.00584094331377355,0.2305883657638));
#3025=CARTESIAN_POINT('',(0.0469587063005393,0.00595400495398191,0.230433800022525));
#3026=CARTESIAN_POINT('',(0.0467049576638373,0.0060302580568907,0.230373227994594));
#3027=CARTESIAN_POINT('',(0.0505980040378343,0.0108052203737928,0.231488093749057));
#3028=CARTESIAN_POINT('',(0.0506878990067226,0.0106319001414811,0.231512732091763));
#3029=CARTESIAN_POINT('',(0.050895032999836,0.0101286442849368,0.231569828145041));
#3030=CARTESIAN_POINT('',(0.0510237835962636,0.00925465101307958,0.231605707324629));
#3031=CARTESIAN_POINT('',(0.0508553572556707,0.00822120903700607,0.23155879332307));
#3032=CARTESIAN_POINT('',(0.0503721718926752,0.0072810550658644,0.231425838859815));
#3033=CARTESIAN_POINT('',(0.049596052328767,0.00651907252137062,0.23121686101946));
#3034=CARTESIAN_POINT('',(0.0485931662557762,0.0060383375981962,0.230954146693779));
#3035=CARTESIAN_POINT('',(0.0475851166915161,0.00592605375131579,0.230697816936238));
#3036=CARTESIAN_POINT('',(0.046959035831149,0.00603639356126025,0.230542345597328));
#3037=CARTESIAN_POINT('',(0.0467116886159551,0.00611078016122682,0.230481430235274));
#3038=CARTESIAN_POINT('',(0.050440650048243,0.0107492991202151,0.23175132085177));
#3039=CARTESIAN_POINT('',(0.0505276770526974,0.0105827401138076,0.231777010165701));
#3040=CARTESIAN_POINT('',(0.0507284879029163,0.0100985630911134,0.231836656393823));
#3041=CARTESIAN_POINT('',(0.0508537365725611,0.00925547443364759,0.231874311367768));
#3042=CARTESIAN_POINT('',(0.0506899154790175,0.00825868323897283,0.231825085097653));
#3043=CARTESIAN_POINT('',(0.050221732344293,0.00735514237971524,0.231686294094504));
#3044=CARTESIAN_POINT('',(0.0494735248122515,0.00662684736512162,0.231469666968787));
#3045=CARTESIAN_POINT('',(0.0485110054702721,0.00617078932161533,0.231199064545222));
#3046=CARTESIAN_POINT('',(0.0475466985656001,0.00606753807538738,0.230936328123443));
#3047=CARTESIAN_POINT('',(0.0469488760386753,0.00617522755563841,0.230777425127866));
#3048=CARTESIAN_POINT('',(0.0467128161627625,0.00624713287595966,0.230715217969794));
#3049=CARTESIAN_POINT('',(0.0503764434122996,0.0107316348028092,0.231898376865159));
#3050=CARTESIAN_POINT('',(0.0504628497881023,0.0105674596065053,0.231924859161932));
#3051=CARTESIAN_POINT('',(0.0506624894420144,0.0100896958478911,0.231986432473752));
#3052=CARTESIAN_POINT('',(0.0507873966759266,0.0092557061039274,0.232025433950471));
#3053=CARTESIAN_POINT('',(0.0506240440340076,0.0082697724544912,0.231974454622422));
#3054=CARTESIAN_POINT('',(0.0501588205804128,0.00737910101662562,0.231831255838614));
#3055=CARTESIAN_POINT('',(0.049418835156096,0.00666493955930603,0.23160888862833));
#3056=CARTESIAN_POINT('',(0.0484708993878634,0.00622100456406791,0.231332411668287));
#3057=CARTESIAN_POINT('',(0.047524227542581,0.00612368456364804,0.231064943664327));
#3058=CARTESIAN_POINT('',(0.0469384143349764,0.00623144849963629,0.230903524423822));
#3059=CARTESIAN_POINT('',(0.0467072215240628,0.00630274265446486,0.230840372684499));
#3060=CARTESIAN_POINT('',(0.0502785116675959,0.010715189936063,0.232203437899705));
#3061=CARTESIAN_POINT('',(0.050365080520356,0.0105538878233495,0.232231925800535));
#3062=CARTESIAN_POINT('',(0.0505657777157465,0.0100831150153811,0.232298388684971));
#3063=CARTESIAN_POINT('',(0.0506923623914003,0.00925584673752463,0.232340831764942));
#3064=CARTESIAN_POINT('',(0.0505268728916311,0.00827812308989845,0.232285372945167));
#3065=CARTESIAN_POINT('',(0.050059783260672,0.0074028735286926,0.232131005079348));
#3066=CARTESIAN_POINT('',(0.0493259533866081,0.00671105410063985,0.231894287833098));
#3067=CARTESIAN_POINT('',(0.0483964389892446,0.00628976599800116,0.231603348438884));
#3068=CARTESIAN_POINT('',(0.0474762014920314,0.00620605146258641,0.231324412469794));
#3069=CARTESIAN_POINT('',(0.0469096550758434,0.00631629045078519,0.231156969739823));
#3070=CARTESIAN_POINT('',(0.0466864087064024,0.00638747471239788,0.231091567193123));
#3071=CARTESIAN_POINT('',(0.0502450403547137,0.010716491616489,0.232360957065444));
#3072=CARTESIAN_POINT('',(0.0503323956358337,0.0105556683904521,0.232390656849866));
#3073=CARTESIAN_POINT('',(0.050535328354307,0.0100854445170171,0.23246008081148));
#3074=CARTESIAN_POINT('',(0.050663934787071,0.00925575454145578,0.232504618637085));
#3075=CARTESIAN_POINT('',(0.0504958361353617,0.00827533075092156,0.232446433876845));
#3076=CARTESIAN_POINT('',(0.0500239040311197,0.00740257745877452,0.232285308308768));
#3077=CARTESIAN_POINT('',(0.0492879693365173,0.0067189107643264,0.232039990511224));
#3078=CARTESIAN_POINT('',(0.0483622306372282,0.00630810279344474,0.231740477935421));
#3079=CARTESIAN_POINT('',(0.0474507211172276,0.00623204447499543,0.231454821260495));
#3080=CARTESIAN_POINT('',(0.0468913851397937,0.00634468701483427,0.231283881100086));
#3081=CARTESIAN_POINT('',(0.0466711992940524,0.0064163761599342,0.231217176207909));
#3082=CARTESIAN_POINT('',(0.0502128648309426,0.0107282401048982,0.232593139949568));
#3083=CARTESIAN_POINT('',(0.0503020885324792,0.0105671235437696,0.232624857005614));
#3084=CARTESIAN_POINT('',(0.0505100296980536,0.0100946546031454,0.232699226733676));
#3085=CARTESIAN_POINT('',(0.0506428055820161,0.00925545184034084,0.232747290080951));
#3086=CARTESIAN_POINT('',(0.0504693121152528,0.00826405204674185,0.232684518794753));
#3087=CARTESIAN_POINT('',(0.0499863188387502,0.00738955009633853,0.232512121791868));
#3088=CARTESIAN_POINT('',(0.0492420228575302,0.00671457579479189,0.232252668920756));
#3089=CARTESIAN_POINT('',(0.0483161545942167,0.00631800030475622,0.2319393126915));
#3090=CARTESIAN_POINT('',(0.0474125817913867,0.00625381812783908,0.231643004540212));
#3091=CARTESIAN_POINT('',(0.0468611087679641,0.0063711092485861,0.231466604960845));
#3092=CARTESIAN_POINT('',(0.0466443787444592,0.00644409831258692,0.231397878719638));
#3093=CARTESIAN_POINT('',(0.0502050547914062,0.0107337477974046,0.232669932285599));
#3094=CARTESIAN_POINT('',(0.0502950136827063,0.0105723694720304,0.232702354787597));
#3095=CARTESIAN_POINT('',(0.0505048946658358,0.0100986542804735,0.232778456544803));
#3096=CARTESIAN_POINT('',(0.0506392465069642,0.00925532418220664,0.232827758467971));
#3097=CARTESIAN_POINT('',(0.0504637122815186,0.00825913936416312,0.232763376048526));
#3098=CARTESIAN_POINT('',(0.0499764119867156,0.00738316419070769,0.232587034038626));
#3099=CARTESIAN_POINT('',(0.0492284827115076,0.00671051739035623,0.232322664796571));
#3100=CARTESIAN_POINT('',(0.0483016325948525,0.00631844901388553,0.232004530410052));
#3101=CARTESIAN_POINT('',(0.0473998721226819,0.00625829177846868,0.231704576486611));
#3102=CARTESIAN_POINT('',(0.0468505434785109,0.00637730236888446,0.231526321238221));
#3103=CARTESIAN_POINT('',(0.0466347822728726,0.00645081288220142,0.231456909761627));
#3104=CARTESIAN_POINT('',(0.0501929941026331,0.010746600223521,0.232821966369723));
#3105=CARTESIAN_POINT('',(0.0502845534726057,0.0105845098462595,0.232855845084427));
#3106=CARTESIAN_POINT('',(0.0504986290432095,0.0101077301709655,0.232935527502273));
#3107=CARTESIAN_POINT('',(0.0506363551946545,0.00925503776568237,0.232987398262484));
#3108=CARTESIAN_POINT('',(0.0504564500041839,0.00824797904061975,0.23291967471782));
#3109=CARTESIAN_POINT('',(0.0499598166089813,0.00736803809489653,0.232735181975915));
#3110=CARTESIAN_POINT('',(0.0492036588121092,0.00669937589137594,0.232460721747228));
#3111=CARTESIAN_POINT('',(0.0482737617187992,0.0063159967211398,0.232132861208629));
#3112=CARTESIAN_POINT('',(0.047374624365685,0.00626390763938225,0.231825554425544));
#3113=CARTESIAN_POINT('',(0.0468289905608521,0.00638652848908847,0.23164358576274));
#3114=CARTESIAN_POINT('',(0.0466149360715177,0.00646117662023594,0.231572807162593));
#3115=CARTESIAN_POINT('',(0.0501887513845177,0.0107539475268113,0.232897192934833));
#3116=CARTESIAN_POINT('',(0.0502811761472351,0.0105914065373201,0.232931822393242));
#3117=CARTESIAN_POINT('',(0.0504975066997986,0.0101128077307207,0.233013353398468));
#3118=CARTESIAN_POINT('',(0.0506370312943832,0.00925487897106147,0.233066554408738));
#3119=CARTESIAN_POINT('',(0.0504547957774925,0.00824172971969056,0.232997100887519));
#3120=CARTESIAN_POINT('',(0.0499531357809788,0.00735929446893261,0.232808402533096));
#3121=CARTESIAN_POINT('',(0.0491923815607096,0.0066922876192231,0.232528767982474));
#3122=CARTESIAN_POINT('',(0.0482604174034911,0.0063130891756386,0.232195959908935));
#3123=CARTESIAN_POINT('',(0.0473620886102907,0.00626504274347032,0.231884946528267));
#3124=CARTESIAN_POINT('',(0.0468180037957524,0.0063895544751472,0.231701120426764));
#3125=CARTESIAN_POINT('',(0.046604686615706,0.00646481888765933,0.231629660059722));
#3126=CARTESIAN_POINT('',(0.0501845387022842,0.0107612935853686,0.232972279467713));
#3127=CARTESIAN_POINT('',(0.050277833597764,0.0105983063328212,0.233007671830329));
#3128=CARTESIAN_POINT('',(0.0504964348632667,0.0101178971254612,0.233091083657556));
#3129=CARTESIAN_POINT('',(0.0506377779606165,0.00925471956695777,0.233145641561849));
#3130=CARTESIAN_POINT('',(0.0504531864425472,0.00823546665282767,0.233074423581747));
#3131=CARTESIAN_POINT('',(0.0499464691546293,0.00735056498740993,0.232881448299115));
#3132=CARTESIAN_POINT('',(0.0491811256155352,0.00668524674002792,0.232596580573529));
#3133=CARTESIAN_POINT('',(0.0482471193015747,0.00631022838581585,0.232258805513768));
#3134=CARTESIAN_POINT('',(0.0473496059447323,0.00626619834837321,0.231944102981379));
#3135=CARTESIAN_POINT('',(0.0468070618878226,0.00639258365260627,0.231758442144796));
#3136=CARTESIAN_POINT('',(0.0465944772239807,0.00646845815440503,0.231686310340843));
#3137=CARTESIAN_POINT('',(0.0487390490499472,0.0064551378259788,0.2317));
#3138=CARTESIAN_POINT('',(0.0480550029043295,0.00623164754821422,0.2317));
#3139=CARTESIAN_POINT('',(0.0473165948872026,0.00622203091536765,0.231699999999979));
#3140=CARTESIAN_POINT('',(0.0466348004724857,0.00645439121739236,0.231699999999979));
#3141=CARTESIAN_POINT('',(0.0487390187648265,0.00645512793140771,0.228411460861017));
#3142=CARTESIAN_POINT('',(0.0487390187648265,0.00645512793140771,0.2317));
#3143=CARTESIAN_POINT('',(0.0480587037103541,0.00623286327155009,0.228411460861017));
#3144=CARTESIAN_POINT('',(0.0480587037103541,0.00623286327155009,0.2317));
#3145=CARTESIAN_POINT('',(0.0473010198560119,0.00622733899486211,0.228411460861017));
#3146=CARTESIAN_POINT('',(0.0473010198560119,0.00622733899486211,0.2317));
#3147=CARTESIAN_POINT('',(0.0466348004581943,0.00645439122226297,0.228411460861017));
#3148=CARTESIAN_POINT('',(0.0466348004581943,0.00645439122226297,0.2317));
#3149=CARTESIAN_POINT('',(0.0466348004581942,0.00645439122226297,0.229429491921562));
#3150=CARTESIAN_POINT('',(0.0469790148205822,0.00633708056163139,0.229428344960111));
#3151=CARTESIAN_POINT('',(0.0475151962830172,0.00625696160595152,0.229430931085487));
#3152=CARTESIAN_POINT('',(0.048236965439535,0.00631836714685789,0.229293932361182));
#3153=CARTESIAN_POINT('',(0.048534612605559,0.00639384250051164,0.229078746537487));
#3154=CARTESIAN_POINT('',(0.0486278728339931,0.00642087181802464,0.22892230618099));
#3155=CARTESIAN_POINT('',(0.0486278728339932,0.00642087181802465,0.22892230618099));
#3156=CARTESIAN_POINT('',(0.0486278728339932,0.00642087181802466,0.22892230618099));
#3157=CARTESIAN_POINT('',(0.0487149809308798,0.00644611808247624,0.22877618578305));
#3158=CARTESIAN_POINT('',(0.0487389884795826,0.00645511803711702,0.228601620652838));
#3159=CARTESIAN_POINT('',(0.0487389884795801,0.00645511803711622,0.22843107441453));
#3160=CARTESIAN_POINT('',(0.0487394440744118,0.00645489329465782,0.22843107441453));
#3161=CARTESIAN_POINT('',(0.0487138295598222,0.00646752890684849,0.228431074414531));
#3162=CARTESIAN_POINT('',(0.0486882016394758,0.00648013730689809,0.228431074414531));
#3163=CARTESIAN_POINT('',(0.0486625603422819,0.0064927184805838,0.22843107441453));
#3164=CARTESIAN_POINT('',(0.0487394440744186,0.00645489329465684,0.228588746348103));
#3165=CARTESIAN_POINT('',(0.0487138295598249,0.00646752890684953,0.228588746348104));
#3166=CARTESIAN_POINT('',(0.0486882016394744,0.00648013730690113,0.228588746348104));
#3167=CARTESIAN_POINT('',(0.0486625603422765,0.00649271848058884,0.228588746348103));
#3168=CARTESIAN_POINT('',(0.0487341192871602,0.00644409905970233,0.228761700656154));
#3169=CARTESIAN_POINT('',(0.0487085124155575,0.00645673090161383,0.228761700656156));
#3170=CARTESIAN_POINT('',(0.048682892142198,0.00646933553950395,0.228761700656156));
#3171=CARTESIAN_POINT('',(0.0486572584959826,0.00648191295915412,0.228761700656154));
#3172=CARTESIAN_POINT('',(0.0487036055478349,0.00638224260324159,0.228925234263169));
#3173=CARTESIAN_POINT('',(0.0486780424744792,0.00639485283951372,0.22892523426317));
#3174=CARTESIAN_POINT('',(0.0486524660222893,0.00640743591829449,0.22892523426317));
#3175=CARTESIAN_POINT('',(0.0486268762201164,0.00641999182538966,0.228925234263169));
#3176=CARTESIAN_POINT('',(0.0486278732407601,0.00642087162189083,0.228922306182287));
#3177=CARTESIAN_POINT('',(0.0486578260229012,0.00648191553119051,0.2287595230997));
#3178=CARTESIAN_POINT('',(0.0486630168408282,0.00649249449117592,0.228587805958273));
#3179=CARTESIAN_POINT('',(0.0486630168174951,0.00649249450262254,0.22843107441453));
#3180=CARTESIAN_POINT('',(0.0482850992420698,0.00567082627028859,0.229430118934012));
#3181=CARTESIAN_POINT('',(0.0470604952706645,0.00627489062250435,0.229430118933781));
#3182=CARTESIAN_POINT('',(0.0458039678519211,0.00680938802600167,0.229430118933756));
#3183=CARTESIAN_POINT('',(0.0445194651668709,0.00727263901682434,0.229430118933937));
#3184=CARTESIAN_POINT('',(0.0483904494627425,0.00588412208590105,0.229423317434328));
#3185=CARTESIAN_POINT('',(0.0471578694373261,0.00649212593898204,0.229423317434096));
#3186=CARTESIAN_POINT('',(0.0458931577544498,0.00703010973391716,0.229423317434071));
#3187=CARTESIAN_POINT('',(0.0446002883112222,0.00749638305203138,0.229423317434253));
#3188=CARTESIAN_POINT('',(0.0485762815377519,0.0062603643352227,0.229294450513958));
#3189=CARTESIAN_POINT('',(0.0473296321856798,0.00687531725415368,0.229294450513723));
#3190=CARTESIAN_POINT('',(0.0460504839047859,0.00741945085448536,0.229294450513697));
#3191=CARTESIAN_POINT('',(0.0447428559539449,0.00789105539401291,0.229294450513881));
#3192=CARTESIAN_POINT('',(0.0486807544197853,0.0064718838595926,0.228795565207951));
#3193=CARTESIAN_POINT('',(0.0474261954368764,0.00709074347191771,0.228795565207715));
#3194=CARTESIAN_POINT('',(0.0461389310489613,0.00763833442963166,0.228795565207689));
#3195=CARTESIAN_POINT('',(0.044823006016833,0.00811293612703979,0.228795565207874));
#3196=CARTESIAN_POINT('',(0.048685276390806,0.00648103920336365,0.228548092955796));
#3197=CARTESIAN_POINT('',(0.0474303750499325,0.00710006791177269,0.228548092955559));
#3198=CARTESIAN_POINT('',(0.0461427593670028,0.00764780851665246,0.228548092955534));
#3199=CARTESIAN_POINT('',(0.0448264752066268,0.00812253994209643,0.228548092955719));
#3200=CARTESIAN_POINT('',(0.0486852763907954,0.00648103920331823,0.228431074414633));
#3201=CARTESIAN_POINT('',(0.0474303750499127,0.00710006791173141,0.228431074414397));
#3202=CARTESIAN_POINT('',(0.0461427593669735,0.00764780851661479,0.228431074414371));
#3203=CARTESIAN_POINT('',(0.044826475206588,0.00812253994206184,0.228431074414556));
#3204=CARTESIAN_POINT('',(0.0502383552633836,0.0106878771375926,0.228887202893383));
#3205=CARTESIAN_POINT('',(0.0492111072524389,0.011247246676681,0.228887202893324));
#3206=CARTESIAN_POINT('',(0.0481605522795278,0.0117615102337621,0.228887202893317));
#3207=CARTESIAN_POINT('',(0.0470886697453104,0.0122296988603748,0.22888720289336));
#3208=CARTESIAN_POINT('',(0.0502383552634041,0.0106878771376175,0.229061287039957));
#3209=CARTESIAN_POINT('',(0.0492111072524633,0.0112472466767043,0.229061287039897));
#3210=CARTESIAN_POINT('',(0.0481605522795562,0.0117615102337839,0.22906128703989));
#3211=CARTESIAN_POINT('',(0.0470886697453427,0.0122296988603954,0.229061287039934));
#3212=CARTESIAN_POINT('',(0.0502561361838755,0.0107205005004151,0.22946211653343));
#3213=CARTESIAN_POINT('',(0.0492279437523131,0.0112803847831257,0.22946211653337));
#3214=CARTESIAN_POINT('',(0.0481764229104036,0.0117951216143105,0.229462116533363));
#3215=CARTESIAN_POINT('',(0.0471035548786466,0.0122637411537902,0.229462116533406));
#3216=CARTESIAN_POINT('',(0.0504020572538054,0.0109882276975178,0.229741410791978));
#3217=CARTESIAN_POINT('',(0.0493661143309756,0.0115523362801522,0.229741410791918));
#3218=CARTESIAN_POINT('',(0.0483066669793114,0.012070957087115,0.229741410791911));
#3219=CARTESIAN_POINT('',(0.0472257113540271,0.0125431129602429,0.229741410791955));
#3220=CARTESIAN_POINT('',(0.0504891673701168,0.011148052096349,0.229813661558748));
#3221=CARTESIAN_POINT('',(0.0494485976569514,0.0117146824481705,0.229813661558688));
#3222=CARTESIAN_POINT('',(0.0483844184376593,0.0122356218619122,0.22981366155868));
#3223=CARTESIAN_POINT('',(0.0472986347829922,0.0127098888108135,0.229813661558725));
#3224=MECHANICAL_DESIGN_GEOMETRIC_PRESENTATION_REPRESENTATION('',(#998),
#3225);
#3225=(
GEOMETRIC_REPRESENTATION_CONTEXT(3)
GLOBAL_UNCERTAINTY_ASSIGNED_CONTEXT((#3226))
GLOBAL_UNIT_ASSIGNED_CONTEXT((#3229,#3228,#3227))
REPRESENTATION_CONTEXT('Part 2','TOP_LEVEL_ASSEMBLY_PART')
);
#3226=UNCERTAINTY_MEASURE_WITH_UNIT(LENGTH_MEASURE(2.34675040402254E-5),
#3229,'DISTANCE_ACCURACY_VALUE','Maximum Tolerance applied to model');
#3227=(
NAMED_UNIT(*)
SI_UNIT($,.STERADIAN.)
SOLID_ANGLE_UNIT()
);
#3228=(
NAMED_UNIT(*)
PLANE_ANGLE_UNIT()
SI_UNIT($,.RADIAN.)
);
#3229=(
LENGTH_UNIT()
NAMED_UNIT(*)
SI_UNIT($,.METRE.)
);
#3230=PRODUCT_DEFINITION_SHAPE('','',#3231);
#3231=PRODUCT_DEFINITION('','',#3233,#3232);
#3232=PRODUCT_DEFINITION_CONTEXT('',#3239,'design');
#3233=PRODUCT_DEFINITION_FORMATION_WITH_SPECIFIED_SOURCE('','',#3235,
 .NOT_KNOWN.);
#3234=PRODUCT_RELATED_PRODUCT_CATEGORY('','',(#3235));
#3235=PRODUCT('Part 2','Part 2','Part 2',(#3237));
#3236=PRODUCT_CATEGORY('','');
#3237=PRODUCT_CONTEXT('',#3239,'mechanical');
#3238=APPLICATION_PROTOCOL_DEFINITION('international standard',
'ap242_managed_model_based_3d_engineering',2020,#3239);
#3239=APPLICATION_CONTEXT('managed model based 3d engineering');
ENDSEC;
END-ISO-10303-21;
