ISO-10303-21;
HEADER;
/* Generated by software containing ST-Developer
 * from STEP Tools, Inc. (www.steptools.com) 
 */
/* OPTION: using custom renumber hook */

FILE_DESCRIPTION(
/* description */ ('STEP AP242 Edition 2',
'CAx-IF Rec.Pracs.---Representation and Presentation of Product Manufa
cturing Information (PMI)---4.0---2014-10-13',
'CAx-IF Rec.Pracs.---3D Tessellated Geometry---0.4---2014-09-14','2;1',
'CAx-IF Rec.Pracs.---User Defined Attributes---1.5---2016-08-15'),
/* implementation_level */ '2;1');

FILE_NAME(
/* name */ 'Main chassis - Part 1',
/* time_stamp */ '2026-06-20T13:42:32Z',
/* author */ (''),
/* organization */ (''),
/* preprocessor_version */ 'ST-DEVELOPER v20',
/* originating_system */ 'ONSHAPE BY PTC INC, 1.216',
/* authorisation */ '  ');

FILE_SCHEMA (('AP242_MANAGED_MODEL_BASED_3D_ENGINEERING_MIM_LF { 1 0 10303 442 3 1 4 }'));
ENDSEC;

DATA;
#10=SHAPE_REPRESENTATION_RELATIONSHIP('','',#605,#11);
#11=ADVANCED_BREP_SHAPE_REPRESENTATION('',(#603),#6296);
#12=B_SPLINE_SURFACE_WITH_KNOTS('',3,3,((#919,#920,#921,#922),(#923,#924,
#925,#926),(#927,#928,#929,#930),(#931,#932,#933,#934),(#935,#936,#937,
#938),(#939,#940,#941,#942),(#943,#944,#945,#946),(#947,#948,#949,#950),
(#951,#952,#953,#954),(#955,#956,#957,#958),(#959,#960,#961,#962),(#963,
#964,#965,#966),(#967,#968,#969,#970),(#971,#972,#973,#974),(#975,#976,
#977,#978),(#979,#980,#981,#982),(#983,#984,#985,#986),(#987,#988,#989,
#990),(#991,#992,#993,#994),(#995,#996,#997,#998),(#999,#1000,#1001,#1002),
(#1003,#1004,#1005,#1006),(#1007,#1008,#1009,#1010),(#1011,#1012,#1013,
#1014),(#1015,#1016,#1017,#1018),(#1019,#1020,#1021,#1022),(#1023,#1024,
#1025,#1026),(#1027,#1028,#1029,#1030),(#1031,#1032,#1033,#1034),(#1035,
#1036,#1037,#1038),(#1039,#1040,#1041,#1042),(#1043,#1044,#1045,#1046),
(#1047,#1048,#1049,#1050),(#1051,#1052,#1053,#1054),(#1055,#1056,#1057,
#1058),(#1059,#1060,#1061,#1062),(#1063,#1064,#1065,#1066),(#1067,#1068,
#1069,#1070),(#1071,#1072,#1073,#1074),(#1075,#1076,#1077,#1078),(#1079,
#1080,#1081,#1082),(#1083,#1084,#1085,#1086),(#1087,#1088,#1089,#1090),
(#1091,#1092,#1093,#1094),(#1095,#1096,#1097,#1098),(#1099,#1100,#1101,
#1102),(#1103,#1104,#1105,#1106),(#1107,#1108,#1109,#1110),(#1111,#1112,
#1113,#1114),(#1115,#1116,#1117,#1118),(#1119,#1120,#1121,#1122),(#1123,
#1124,#1125,#1126),(#1127,#1128,#1129,#1130),(#1131,#1132,#1133,#1134),
(#1135,#1136,#1137,#1138),(#1139,#1140,#1141,#1142),(#1143,#1144,#1145,
#1146),(#1147,#1148,#1149,#1150),(#1151,#1152,#1153,#1154),(#1155,#1156,
#1157,#1158),(#1159,#1160,#1161,#1162),(#1163,#1164,#1165,#1166)),
 .UNSPECIFIED.,.F.,.F.,.F.,(4,2,2,2,2,2,2,2,2,2,2,2,2,2,2,2,2,2,2,2,2,2,
2,2,2,2,2,2,2,2,4),(4,4),(0.0318622443051629,0.035415337916431,0.0390625,
0.0443772622405783,0.046875,0.054464036705954,0.0546875,0.0625,0.0645508111713298,
0.078125,0.0873924420723679,0.09375,0.110234072973406,0.125,0.135957127779027,
0.15625,0.161680182584649,0.1875,0.195547562712395,0.21875,0.229414942840142,
0.25,0.267724105589696,0.306033268339249,0.3125,0.364157487240003,0.375,
0.422281706140757,0.4375,0.456693181489819,0.48526588644118),(0.645829872368022,
1.),.UNSPECIFIED.);
#13=B_SPLINE_SURFACE_WITH_KNOTS('',3,3,((#2335,#2336,#2337,#2338),(#2339,
#2340,#2341,#2342),(#2343,#2344,#2345,#2346),(#2347,#2348,#2349,#2350),
(#2351,#2352,#2353,#2354),(#2355,#2356,#2357,#2358),(#2359,#2360,#2361,
#2362),(#2363,#2364,#2365,#2366),(#2367,#2368,#2369,#2370),(#2371,#2372,
#2373,#2374),(#2375,#2376,#2377,#2378),(#2379,#2380,#2381,#2382),(#2383,
#2384,#2385,#2386),(#2387,#2388,#2389,#2390),(#2391,#2392,#2393,#2394),
(#2395,#2396,#2397,#2398),(#2399,#2400,#2401,#2402),(#2403,#2404,#2405,
#2406),(#2407,#2408,#2409,#2410),(#2411,#2412,#2413,#2414),(#2415,#2416,
#2417,#2418),(#2419,#2420,#2421,#2422),(#2423,#2424,#2425,#2426),(#2427,
#2428,#2429,#2430),(#2431,#2432,#2433,#2434),(#2435,#2436,#2437,#2438),
(#2439,#2440,#2441,#2442),(#2443,#2444,#2445,#2446),(#2447,#2448,#2449,
#2450),(#2451,#2452,#2453,#2454),(#2455,#2456,#2457,#2458),(#2459,#2460,
#2461,#2462),(#2463,#2464,#2465,#2466),(#2467,#2468,#2469,#2470),(#2471,
#2472,#2473,#2474),(#2475,#2476,#2477,#2478),(#2479,#2480,#2481,#2482),
(#2483,#2484,#2485,#2486),(#2487,#2488,#2489,#2490),(#2491,#2492,#2493,
#2494),(#2495,#2496,#2497,#2498),(#2499,#2500,#2501,#2502),(#2503,#2504,
#2505,#2506),(#2507,#2508,#2509,#2510),(#2511,#2512,#2513,#2514),(#2515,
#2516,#2517,#2518),(#2519,#2520,#2521,#2522),(#2523,#2524,#2525,#2526),
(#2527,#2528,#2529,#2530),(#2531,#2532,#2533,#2534),(#2535,#2536,#2537,
#2538),(#2539,#2540,#2541,#2542),(#2543,#2544,#2545,#2546),(#2547,#2548,
#2549,#2550),(#2551,#2552,#2553,#2554),(#2555,#2556,#2557,#2558),(#2559,
#2560,#2561,#2562),(#2563,#2564,#2565,#2566),(#2567,#2568,#2569,#2570),
(#2571,#2572,#2573,#2574),(#2575,#2576,#2577,#2578),(#2579,#2580,#2581,
#2582),(#2583,#2584,#2585,#2586),(#2587,#2588,#2589,#2590),(#2591,#2592,
#2593,#2594),(#2595,#2596,#2597,#2598),(#2599,#2600,#2601,#2602),(#2603,
#2604,#2605,#2606),(#2607,#2608,#2609,#2610),(#2611,#2612,#2613,#2614),
(#2615,#2616,#2617,#2618),(#2619,#2620,#2621,#2622),(#2623,#2624,#2625,
#2626),(#2627,#2628,#2629,#2630),(#2631,#2632,#2633,#2634),(#2635,#2636,
#2637,#2638),(#2639,#2640,#2641,#2642),(#2643,#2644,#2645,#2646),(#2647,
#2648,#2649,#2650),(#2651,#2652,#2653,#2654),(#2655,#2656,#2657,#2658),
(#2659,#2660,#2661,#2662),(#2663,#2664,#2665,#2666),(#2667,#2668,#2669,
#2670),(#2671,#2672,#2673,#2674),(#2675,#2676,#2677,#2678),(#2679,#2680,
#2681,#2682),(#2683,#2684,#2685,#2686),(#2687,#2688,#2689,#2690),(#2691,
#2692,#2693,#2694),(#2695,#2696,#2697,#2698),(#2699,#2700,#2701,#2702),
(#2703,#2704,#2705,#2706),(#2707,#2708,#2709,#2710),(#2711,#2712,#2713,
#2714),(#2715,#2716,#2717,#2718),(#2719,#2720,#2721,#2722),(#2723,#2724,
#2725,#2726),(#2727,#2728,#2729,#2730),(#2731,#2732,#2733,#2734),(#2735,
#2736,#2737,#2738),(#2739,#2740,#2741,#2742),(#2743,#2744,#2745,#2746),
(#2747,#2748,#2749,#2750),(#2751,#2752,#2753,#2754),(#2755,#2756,#2757,
#2758),(#2759,#2760,#2761,#2762),(#2763,#2764,#2765,#2766),(#2767,#2768,
#2769,#2770),(#2771,#2772,#2773,#2774),(#2775,#2776,#2777,#2778),(#2779,
#2780,#2781,#2782),(#2783,#2784,#2785,#2786),(#2787,#2788,#2789,#2790),
(#2791,#2792,#2793,#2794),(#2795,#2796,#2797,#2798),(#2799,#2800,#2801,
#2802),(#2803,#2804,#2805,#2806),(#2807,#2808,#2809,#2810),(#2811,#2812,
#2813,#2814),(#2815,#2816,#2817,#2818),(#2819,#2820,#2821,#2822),(#2823,
#2824,#2825,#2826),(#2827,#2828,#2829,#2830),(#2831,#2832,#2833,#2834),
(#2835,#2836,#2837,#2838),(#2839,#2840,#2841,#2842),(#2843,#2844,#2845,
#2846),(#2847,#2848,#2849,#2850),(#2851,#2852,#2853,#2854),(#2855,#2856,
#2857,#2858),(#2859,#2860,#2861,#2862),(#2863,#2864,#2865,#2866),(#2867,
#2868,#2869,#2870),(#2871,#2872,#2873,#2874),(#2875,#2876,#2877,#2878),
(#2879,#2880,#2881,#2882),(#2883,#2884,#2885,#2886),(#2887,#2888,#2889,
#2890),(#2891,#2892,#2893,#2894),(#2895,#2896,#2897,#2898),(#2899,#2900,
#2901,#2902),(#2903,#2904,#2905,#2906),(#2907,#2908,#2909,#2910)),
 .UNSPECIFIED.,.F.,.F.,.F.,(4,2,2,2,2,2,2,2,2,2,2,2,2,2,2,2,2,2,2,2,2,2,
2,2,2,2,2,2,2,2,2,2,2,2,2,2,2,2,2,2,2,2,2,2,2,2,2,2,2,2,2,2,2,2,2,2,2,2,
2,2,2,2,2,2,2,2,2,2,2,2,2,4),(4,4),(0.,0.000890842352485465,0.0009765625,
0.00167602709979958,0.001953125,0.00243862211838867,0.0029296875,0.00330148306633494,
0.00390625,0.005859375,0.00604255532153468,0.0078125,0.00872135332281042,
0.009765625,0.0114001513240862,0.01171875,0.015625,0.0189267824581849,0.01953125,
0.0234375,0.0264534135922837,0.03125,0.035415337916431,0.0390625,0.0443772622405783,
0.046875,0.054464036705954,0.0546875,0.0625,0.0645508111713298,0.078125,
0.0873924420723679,0.09375,0.110234072973406,0.125,0.135957127779027,0.15625,
0.161680182584649,0.1875,0.195547562712395,0.21875,0.229414942840142,0.25,
0.267724105589696,0.306033268339249,0.3125,0.364157487240003,0.375,0.422281706140757,
0.4375,0.456693181489819,0.491104656838882,0.5,0.525516132187944,0.559927607537007,
0.5625,0.625,0.634159369371639,0.6875,0.708391131206271,0.71875,0.747316111478295,
0.75,0.78125,0.786241091750319,0.8125,0.84375,0.863999948587314,0.875,0.90625,
0.9375,1.),(0.,0.875171630260561),.UNSPECIFIED.);
#14=B_SPLINE_SURFACE_WITH_KNOTS('',3,3,((#2994,#2995,#2996,#2997),(#2998,
#2999,#3000,#3001),(#3002,#3003,#3004,#3005),(#3006,#3007,#3008,#3009),
(#3010,#3011,#3012,#3013),(#3014,#3015,#3016,#3017),(#3018,#3019,#3020,
#3021),(#3022,#3023,#3024,#3025),(#3026,#3027,#3028,#3029),(#3030,#3031,
#3032,#3033),(#3034,#3035,#3036,#3037),(#3038,#3039,#3040,#3041),(#3042,
#3043,#3044,#3045),(#3046,#3047,#3048,#3049),(#3050,#3051,#3052,#3053),
(#3054,#3055,#3056,#3057),(#3058,#3059,#3060,#3061),(#3062,#3063,#3064,
#3065),(#3066,#3067,#3068,#3069),(#3070,#3071,#3072,#3073),(#3074,#3075,
#3076,#3077),(#3078,#3079,#3080,#3081),(#3082,#3083,#3084,#3085),(#3086,
#3087,#3088,#3089),(#3090,#3091,#3092,#3093),(#3094,#3095,#3096,#3097),
(#3098,#3099,#3100,#3101),(#3102,#3103,#3104,#3105),(#3106,#3107,#3108,
#3109),(#3110,#3111,#3112,#3113),(#3114,#3115,#3116,#3117),(#3118,#3119,
#3120,#3121),(#3122,#3123,#3124,#3125),(#3126,#3127,#3128,#3129),(#3130,
#3131,#3132,#3133),(#3134,#3135,#3136,#3137),(#3138,#3139,#3140,#3141),
(#3142,#3143,#3144,#3145),(#3146,#3147,#3148,#3149),(#3150,#3151,#3152,
#3153),(#3154,#3155,#3156,#3157),(#3158,#3159,#3160,#3161),(#3162,#3163,
#3164,#3165),(#3166,#3167,#3168,#3169),(#3170,#3171,#3172,#3173),(#3174,
#3175,#3176,#3177),(#3178,#3179,#3180,#3181),(#3182,#3183,#3184,#3185),
(#3186,#3187,#3188,#3189),(#3190,#3191,#3192,#3193),(#3194,#3195,#3196,
#3197),(#3198,#3199,#3200,#3201),(#3202,#3203,#3204,#3205),(#3206,#3207,
#3208,#3209),(#3210,#3211,#3212,#3213),(#3214,#3215,#3216,#3217),(#3218,
#3219,#3220,#3221),(#3222,#3223,#3224,#3225),(#3226,#3227,#3228,#3229),
(#3230,#3231,#3232,#3233),(#3234,#3235,#3236,#3237),(#3238,#3239,#3240,
#3241),(#3242,#3243,#3244,#3245),(#3246,#3247,#3248,#3249),(#3250,#3251,
#3252,#3253),(#3254,#3255,#3256,#3257),(#3258,#3259,#3260,#3261),(#3262,
#3263,#3264,#3265),(#3266,#3267,#3268,#3269),(#3270,#3271,#3272,#3273),
(#3274,#3275,#3276,#3277),(#3278,#3279,#3280,#3281),(#3282,#3283,#3284,
#3285),(#3286,#3287,#3288,#3289),(#3290,#3291,#3292,#3293),(#3294,#3295,
#3296,#3297),(#3298,#3299,#3300,#3301),(#3302,#3303,#3304,#3305),(#3306,
#3307,#3308,#3309),(#3310,#3311,#3312,#3313),(#3314,#3315,#3316,#3317),
(#3318,#3319,#3320,#3321),(#3322,#3323,#3324,#3325),(#3326,#3327,#3328,
#3329),(#3330,#3331,#3332,#3333),(#3334,#3335,#3336,#3337),(#3338,#3339,
#3340,#3341),(#3342,#3343,#3344,#3345),(#3346,#3347,#3348,#3349),(#3350,
#3351,#3352,#3353),(#3354,#3355,#3356,#3357),(#3358,#3359,#3360,#3361),
(#3362,#3363,#3364,#3365),(#3366,#3367,#3368,#3369),(#3370,#3371,#3372,
#3373),(#3374,#3375,#3376,#3377),(#3378,#3379,#3380,#3381),(#3382,#3383,
#3384,#3385),(#3386,#3387,#3388,#3389),(#3390,#3391,#3392,#3393),(#3394,
#3395,#3396,#3397),(#3398,#3399,#3400,#3401),(#3402,#3403,#3404,#3405),
(#3406,#3407,#3408,#3409),(#3410,#3411,#3412,#3413),(#3414,#3415,#3416,
#3417),(#3418,#3419,#3420,#3421),(#3422,#3423,#3424,#3425),(#3426,#3427,
#3428,#3429),(#3430,#3431,#3432,#3433),(#3434,#3435,#3436,#3437),(#3438,
#3439,#3440,#3441),(#3442,#3443,#3444,#3445),(#3446,#3447,#3448,#3449),
(#3450,#3451,#3452,#3453),(#3454,#3455,#3456,#3457),(#3458,#3459,#3460,
#3461),(#3462,#3463,#3464,#3465),(#3466,#3467,#3468,#3469),(#3470,#3471,
#3472,#3473),(#3474,#3475,#3476,#3477),(#3478,#3479,#3480,#3481),(#3482,
#3483,#3484,#3485),(#3486,#3487,#3488,#3489),(#3490,#3491,#3492,#3493),
(#3494,#3495,#3496,#3497),(#3498,#3499,#3500,#3501),(#3502,#3503,#3504,
#3505)),.UNSPECIFIED.,.F.,.F.,.F.,(4,2,2,2,2,2,2,2,2,2,2,2,2,2,2,2,2,2,
2,2,2,2,2,2,2,2,2,2,2,2,2,2,2,2,2,2,2,2,2,2,2,2,2,2,2,2,2,2,2,2,2,2,2,2,
2,2,2,2,2,2,2,2,2,4),(4,4),(0.,0.00290777165571746,0.00581554331143491,
0.00872331496715237,0.0116310866228698,0.0145388582785873,0.0174466299343047,
0.0203544015900222,0.0232621732457397,0.0537852303318103,0.0843082874178809,
0.114831344503952,0.145354401590022,0.175877458676093,0.191138987219128,
0.198769751490646,0.206400515762164,0.214031280033681,0.221662044305199,
0.236923572848234,0.267446629934305,0.328492744106446,0.389538858278587,
0.450584972450729,0.481108029536799,0.496369558079835,0.504000322351352,
0.51163108662287,0.519261850894388,0.526892615165905,0.542154143708941,
0.572677200795011,0.603200257881082,0.618461786424117,0.626092550695635,
0.633723314967152,0.64135407923867,0.648984843510188,0.664246372053223,
0.694769429139294,0.725292486225364,0.7405540147684,0.755815543311435,0.763446307582953,
0.77107707185447,0.786338600397506,0.816861657483576,0.847384714569647,
0.877907771655717,0.908430828741788,0.923692357284823,0.938953885827859,
0.954215414370894,0.961846178642412,0.969476942913929,0.977107707185447,
0.980923089321206,0.984738471456965,0.988553853592724,0.990461544660603,
0.992369235728482,0.994276926796362,0.996184617864241,1.),(0.,1.),
 .UNSPECIFIED.);
#15=B_SPLINE_SURFACE_WITH_KNOTS('',3,3,((#3575,#3576,#3577,#3578),(#3579,
#3580,#3581,#3582),(#3583,#3584,#3585,#3586),(#3587,#3588,#3589,#3590),
(#3591,#3592,#3593,#3594),(#3595,#3596,#3597,#3598),(#3599,#3600,#3601,
#3602),(#3603,#3604,#3605,#3606),(#3607,#3608,#3609,#3610),(#3611,#3612,
#3613,#3614),(#3615,#3616,#3617,#3618),(#3619,#3620,#3621,#3622),(#3623,
#3624,#3625,#3626),(#3627,#3628,#3629,#3630),(#3631,#3632,#3633,#3634),
(#3635,#3636,#3637,#3638),(#3639,#3640,#3641,#3642),(#3643,#3644,#3645,
#3646),(#3647,#3648,#3649,#3650),(#3651,#3652,#3653,#3654),(#3655,#3656,
#3657,#3658),(#3659,#3660,#3661,#3662),(#3663,#3664,#3665,#3666),(#3667,
#3668,#3669,#3670),(#3671,#3672,#3673,#3674),(#3675,#3676,#3677,#3678),
(#3679,#3680,#3681,#3682),(#3683,#3684,#3685,#3686),(#3687,#3688,#3689,
#3690),(#3691,#3692,#3693,#3694),(#3695,#3696,#3697,#3698),(#3699,#3700,
#3701,#3702),(#3703,#3704,#3705,#3706),(#3707,#3708,#3709,#3710),(#3711,
#3712,#3713,#3714),(#3715,#3716,#3717,#3718),(#3719,#3720,#3721,#3722),
(#3723,#3724,#3725,#3726),(#3727,#3728,#3729,#3730),(#3731,#3732,#3733,
#3734),(#3735,#3736,#3737,#3738),(#3739,#3740,#3741,#3742),(#3743,#3744,
#3745,#3746),(#3747,#3748,#3749,#3750),(#3751,#3752,#3753,#3754),(#3755,
#3756,#3757,#3758),(#3759,#3760,#3761,#3762),(#3763,#3764,#3765,#3766),
(#3767,#3768,#3769,#3770),(#3771,#3772,#3773,#3774),(#3775,#3776,#3777,
#3778),(#3779,#3780,#3781,#3782),(#3783,#3784,#3785,#3786),(#3787,#3788,
#3789,#3790),(#3791,#3792,#3793,#3794),(#3795,#3796,#3797,#3798),(#3799,
#3800,#3801,#3802),(#3803,#3804,#3805,#3806),(#3807,#3808,#3809,#3810),
(#3811,#3812,#3813,#3814),(#3815,#3816,#3817,#3818),(#3819,#3820,#3821,
#3822),(#3823,#3824,#3825,#3826),(#3827,#3828,#3829,#3830),(#3831,#3832,
#3833,#3834),(#3835,#3836,#3837,#3838),(#3839,#3840,#3841,#3842),(#3843,
#3844,#3845,#3846),(#3847,#3848,#3849,#3850),(#3851,#3852,#3853,#3854),
(#3855,#3856,#3857,#3858),(#3859,#3860,#3861,#3862),(#3863,#3864,#3865,
#3866),(#3867,#3868,#3869,#3870),(#3871,#3872,#3873,#3874),(#3875,#3876,
#3877,#3878),(#3879,#3880,#3881,#3882),(#3883,#3884,#3885,#3886),(#3887,
#3888,#3889,#3890),(#3891,#3892,#3893,#3894),(#3895,#3896,#3897,#3898),
(#3899,#3900,#3901,#3902),(#3903,#3904,#3905,#3906),(#3907,#3908,#3909,
#3910),(#3911,#3912,#3913,#3914),(#3915,#3916,#3917,#3918),(#3919,#3920,
#3921,#3922),(#3923,#3924,#3925,#3926),(#3927,#3928,#3929,#3930),(#3931,
#3932,#3933,#3934),(#3935,#3936,#3937,#3938),(#3939,#3940,#3941,#3942),
(#3943,#3944,#3945,#3946),(#3947,#3948,#3949,#3950),(#3951,#3952,#3953,
#3954),(#3955,#3956,#3957,#3958),(#3959,#3960,#3961,#3962),(#3963,#3964,
#3965,#3966),(#3967,#3968,#3969,#3970),(#3971,#3972,#3973,#3974),(#3975,
#3976,#3977,#3978),(#3979,#3980,#3981,#3982),(#3983,#3984,#3985,#3986),
(#3987,#3988,#3989,#3990),(#3991,#3992,#3993,#3994),(#3995,#3996,#3997,
#3998),(#3999,#4000,#4001,#4002),(#4003,#4004,#4005,#4006),(#4007,#4008,
#4009,#4010),(#4011,#4012,#4013,#4014),(#4015,#4016,#4017,#4018),(#4019,
#4020,#4021,#4022),(#4023,#4024,#4025,#4026),(#4027,#4028,#4029,#4030),
(#4031,#4032,#4033,#4034),(#4035,#4036,#4037,#4038),(#4039,#4040,#4041,
#4042),(#4043,#4044,#4045,#4046),(#4047,#4048,#4049,#4050),(#4051,#4052,
#4053,#4054)),.UNSPECIFIED.,.F.,.F.,.F.,(4,2,2,2,2,2,2,2,2,2,2,2,2,2,2,
2,2,2,2,2,2,2,2,2,2,2,2,2,2,2,2,2,2,2,2,2,2,2,2,2,2,2,2,2,2,2,2,2,2,2,2,
2,2,2,2,2,2,2,2,4),(4,4),(0.,0.00390625,0.005859375,0.0078125,0.009765625,
0.01171875,0.015625,0.01953125,0.0234375,0.03125,0.03515625,0.0390625,0.046875,
0.0546875,0.0625,0.0703125,0.078125,0.09375,0.109375,0.125,0.15625,0.1875,
0.21875,0.2265625,0.234375,0.2421875,0.25,0.265625,0.28125,0.3125,0.34375,
0.359375,0.375,0.3828125,0.390625,0.3984375,0.40625,0.4375,0.46875,0.484375,
0.5,0.5078125,0.515625,0.53125,0.5625,0.625,0.6875,0.75,0.78125,0.796875,
0.8046875,0.8125,0.8203125,0.828125,0.8359375,0.84375,0.859375,0.875,0.9375,
1.),(0.,1.),.UNSPECIFIED.);
#16=B_SPLINE_SURFACE_WITH_KNOTS('',3,3,((#4108,#4109,#4110,#4111,#4112),
(#4113,#4114,#4115,#4116,#4117),(#4118,#4119,#4120,#4121,#4122),(#4123,
#4124,#4125,#4126,#4127),(#4128,#4129,#4130,#4131,#4132),(#4133,#4134,#4135,
#4136,#4137),(#4138,#4139,#4140,#4141,#4142),(#4143,#4144,#4145,#4146,#4147),
(#4148,#4149,#4150,#4151,#4152),(#4153,#4154,#4155,#4156,#4157),(#4158,
#4159,#4160,#4161,#4162),(#4163,#4164,#4165,#4166,#4167),(#4168,#4169,#4170,
#4171,#4172),(#4173,#4174,#4175,#4176,#4177),(#4178,#4179,#4180,#4181,#4182),
(#4183,#4184,#4185,#4186,#4187),(#4188,#4189,#4190,#4191,#4192),(#4193,
#4194,#4195,#4196,#4197),(#4198,#4199,#4200,#4201,#4202),(#4203,#4204,#4205,
#4206,#4207),(#4208,#4209,#4210,#4211,#4212),(#4213,#4214,#4215,#4216,#4217),
(#4218,#4219,#4220,#4221,#4222),(#4223,#4224,#4225,#4226,#4227),(#4228,
#4229,#4230,#4231,#4232),(#4233,#4234,#4235,#4236,#4237),(#4238,#4239,#4240,
#4241,#4242),(#4243,#4244,#4245,#4246,#4247),(#4248,#4249,#4250,#4251,#4252),
(#4253,#4254,#4255,#4256,#4257),(#4258,#4259,#4260,#4261,#4262),(#4263,
#4264,#4265,#4266,#4267),(#4268,#4269,#4270,#4271,#4272),(#4273,#4274,#4275,
#4276,#4277),(#4278,#4279,#4280,#4281,#4282),(#4283,#4284,#4285,#4286,#4287),
(#4288,#4289,#4290,#4291,#4292),(#4293,#4294,#4295,#4296,#4297),(#4298,
#4299,#4300,#4301,#4302),(#4303,#4304,#4305,#4306,#4307),(#4308,#4309,#4310,
#4311,#4312),(#4313,#4314,#4315,#4316,#4317),(#4318,#4319,#4320,#4321,#4322),
(#4323,#4324,#4325,#4326,#4327),(#4328,#4329,#4330,#4331,#4332),(#4333,
#4334,#4335,#4336,#4337),(#4338,#4339,#4340,#4341,#4342),(#4343,#4344,#4345,
#4346,#4347),(#4348,#4349,#4350,#4351,#4352),(#4353,#4354,#4355,#4356,#4357),
(#4358,#4359,#4360,#4361,#4362),(#4363,#4364,#4365,#4366,#4367),(#4368,
#4369,#4370,#4371,#4372),(#4373,#4374,#4375,#4376,#4377),(#4378,#4379,#4380,
#4381,#4382),(#4383,#4384,#4385,#4386,#4387),(#4388,#4389,#4390,#4391,#4392),
(#4393,#4394,#4395,#4396,#4397),(#4398,#4399,#4400,#4401,#4402),(#4403,
#4404,#4405,#4406,#4407),(#4408,#4409,#4410,#4411,#4412),(#4413,#4414,#4415,
#4416,#4417),(#4418,#4419,#4420,#4421,#4422),(#4423,#4424,#4425,#4426,#4427),
(#4428,#4429,#4430,#4431,#4432),(#4433,#4434,#4435,#4436,#4437),(#4438,
#4439,#4440,#4441,#4442),(#4443,#4444,#4445,#4446,#4447),(#4448,#4449,#4450,
#4451,#4452),(#4453,#4454,#4455,#4456,#4457),(#4458,#4459,#4460,#4461,#4462),
(#4463,#4464,#4465,#4466,#4467),(#4468,#4469,#4470,#4471,#4472),(#4473,
#4474,#4475,#4476,#4477),(#4478,#4479,#4480,#4481,#4482),(#4483,#4484,#4485,
#4486,#4487),(#4488,#4489,#4490,#4491,#4492),(#4493,#4494,#4495,#4496,#4497),
(#4498,#4499,#4500,#4501,#4502),(#4503,#4504,#4505,#4506,#4507)),
 .UNSPECIFIED.,.F.,.F.,.F.,(4,2,2,2,2,2,2,2,2,2,2,2,2,2,2,2,2,2,2,2,2,2,
2,2,2,2,2,2,2,2,2,2,2,2,2,2,2,2,2,4),(4,1,4),(0.,0.00360864165983795,0.00721728331967589,
0.0108259249795138,0.0144345666393518,0.0180432082991897,0.0216518499590276,
0.0252604916188656,0.0288691332787036,0.0895648124487846,0.150260491618865,
0.210956170788946,0.271651849959028,0.332347529129108,0.393043208299189,
0.453738887469271,0.514434566639352,0.575130245809433,0.635825924979514,
0.666173764564554,0.696521604149595,0.726869443734635,0.757217283319676,
0.787565122904717,0.817912962489757,0.848260802074798,0.878608641659838,
0.893782561452358,0.908956481244878,0.924130401037399,0.931717360933659,
0.939304320829919,0.946891280726179,0.954478240622439,0.962065200518699,
0.965858680466829,0.969652160414959,0.97723912031122,0.98482608020748,1.),
(0.173580965144394,0.500130023246753,1.),.UNSPECIFIED.);
#17=B_SPLINE_SURFACE_WITH_KNOTS('',3,3,((#4518,#4519,#4520,#4521,#4522),
(#4523,#4524,#4525,#4526,#4527),(#4528,#4529,#4530,#4531,#4532),(#4533,
#4534,#4535,#4536,#4537),(#4538,#4539,#4540,#4541,#4542),(#4543,#4544,#4545,
#4546,#4547),(#4548,#4549,#4550,#4551,#4552),(#4553,#4554,#4555,#4556,#4557),
(#4558,#4559,#4560,#4561,#4562),(#4563,#4564,#4565,#4566,#4567),(#4568,
#4569,#4570,#4571,#4572),(#4573,#4574,#4575,#4576,#4577),(#4578,#4579,#4580,
#4581,#4582),(#4583,#4584,#4585,#4586,#4587),(#4588,#4589,#4590,#4591,#4592),
(#4593,#4594,#4595,#4596,#4597),(#4598,#4599,#4600,#4601,#4602),(#4603,
#4604,#4605,#4606,#4607),(#4608,#4609,#4610,#4611,#4612),(#4613,#4614,#4615,
#4616,#4617),(#4618,#4619,#4620,#4621,#4622),(#4623,#4624,#4625,#4626,#4627),
(#4628,#4629,#4630,#4631,#4632),(#4633,#4634,#4635,#4636,#4637),(#4638,
#4639,#4640,#4641,#4642),(#4643,#4644,#4645,#4646,#4647),(#4648,#4649,#4650,
#4651,#4652),(#4653,#4654,#4655,#4656,#4657),(#4658,#4659,#4660,#4661,#4662),
(#4663,#4664,#4665,#4666,#4667),(#4668,#4669,#4670,#4671,#4672),(#4673,
#4674,#4675,#4676,#4677),(#4678,#4679,#4680,#4681,#4682),(#4683,#4684,#4685,
#4686,#4687),(#4688,#4689,#4690,#4691,#4692),(#4693,#4694,#4695,#4696,#4697),
(#4698,#4699,#4700,#4701,#4702),(#4703,#4704,#4705,#4706,#4707),(#4708,
#4709,#4710,#4711,#4712),(#4713,#4714,#4715,#4716,#4717),(#4718,#4719,#4720,
#4721,#4722),(#4723,#4724,#4725,#4726,#4727),(#4728,#4729,#4730,#4731,#4732),
(#4733,#4734,#4735,#4736,#4737),(#4738,#4739,#4740,#4741,#4742),(#4743,
#4744,#4745,#4746,#4747),(#4748,#4749,#4750,#4751,#4752),(#4753,#4754,#4755,
#4756,#4757),(#4758,#4759,#4760,#4761,#4762),(#4763,#4764,#4765,#4766,#4767),
(#4768,#4769,#4770,#4771,#4772),(#4773,#4774,#4775,#4776,#4777),(#4778,
#4779,#4780,#4781,#4782),(#4783,#4784,#4785,#4786,#4787),(#4788,#4789,#4790,
#4791,#4792),(#4793,#4794,#4795,#4796,#4797),(#4798,#4799,#4800,#4801,#4802),
(#4803,#4804,#4805,#4806,#4807),(#4808,#4809,#4810,#4811,#4812),(#4813,
#4814,#4815,#4816,#4817)),.UNSPECIFIED.,.F.,.F.,.F.,(4,2,2,2,2,2,2,2,2,
2,2,2,2,2,2,2,2,2,2,2,2,2,2,2,2,2,2,2,2,4),(4,1,4),(0.,0.015625,0.03125,
0.0390625,0.046875,0.0625,0.078125,0.09375,0.125,0.15625,0.1875,0.21875,
0.25,0.28125,0.3125,0.34375,0.375,0.40625,0.4375,0.46875,0.5,0.53125,0.5625,
0.625,0.6875,0.75,0.8125,0.875,0.9375,1.),(0.173580965144399,0.500130023246753,
1.),.UNSPECIFIED.);
#18=B_SPLINE_SURFACE_WITH_KNOTS('',3,3,((#4818,#4819,#4820,#4821),(#4822,
#4823,#4824,#4825),(#4826,#4827,#4828,#4829),(#4830,#4831,#4832,#4833),
(#4834,#4835,#4836,#4837),(#4838,#4839,#4840,#4841),(#4842,#4843,#4844,
#4845),(#4846,#4847,#4848,#4849),(#4850,#4851,#4852,#4853),(#4854,#4855,
#4856,#4857),(#4858,#4859,#4860,#4861),(#4862,#4863,#4864,#4865),(#4866,
#4867,#4868,#4869),(#4870,#4871,#4872,#4873),(#4874,#4875,#4876,#4877),
(#4878,#4879,#4880,#4881),(#4882,#4883,#4884,#4885),(#4886,#4887,#4888,
#4889),(#4890,#4891,#4892,#4893),(#4894,#4895,#4896,#4897),(#4898,#4899,
#4900,#4901),(#4902,#4903,#4904,#4905),(#4906,#4907,#4908,#4909),(#4910,
#4911,#4912,#4913),(#4914,#4915,#4916,#4917),(#4918,#4919,#4920,#4921),
(#4922,#4923,#4924,#4925),(#4926,#4927,#4928,#4929),(#4930,#4931,#4932,
#4933),(#4934,#4935,#4936,#4937),(#4938,#4939,#4940,#4941),(#4942,#4943,
#4944,#4945),(#4946,#4947,#4948,#4949),(#4950,#4951,#4952,#4953),(#4954,
#4955,#4956,#4957),(#4958,#4959,#4960,#4961),(#4962,#4963,#4964,#4965),
(#4966,#4967,#4968,#4969),(#4970,#4971,#4972,#4973),(#4974,#4975,#4976,
#4977),(#4978,#4979,#4980,#4981),(#4982,#4983,#4984,#4985),(#4986,#4987,
#4988,#4989),(#4990,#4991,#4992,#4993),(#4994,#4995,#4996,#4997),(#4998,
#4999,#5000,#5001),(#5002,#5003,#5004,#5005),(#5006,#5007,#5008,#5009),
(#5010,#5011,#5012,#5013),(#5014,#5015,#5016,#5017),(#5018,#5019,#5020,
#5021),(#5022,#5023,#5024,#5025),(#5026,#5027,#5028,#5029),(#5030,#5031,
#5032,#5033),(#5034,#5035,#5036,#5037),(#5038,#5039,#5040,#5041),(#5042,
#5043,#5044,#5045),(#5046,#5047,#5048,#5049),(#5050,#5051,#5052,#5053),
(#5054,#5055,#5056,#5057),(#5058,#5059,#5060,#5061),(#5062,#5063,#5064,
#5065),(#5066,#5067,#5068,#5069),(#5070,#5071,#5072,#5073),(#5074,#5075,
#5076,#5077),(#5078,#5079,#5080,#5081),(#5082,#5083,#5084,#5085),(#5086,
#5087,#5088,#5089),(#5090,#5091,#5092,#5093),(#5094,#5095,#5096,#5097),
(#5098,#5099,#5100,#5101),(#5102,#5103,#5104,#5105),(#5106,#5107,#5108,
#5109),(#5110,#5111,#5112,#5113),(#5114,#5115,#5116,#5117),(#5118,#5119,
#5120,#5121),(#5122,#5123,#5124,#5125),(#5126,#5127,#5128,#5129),(#5130,
#5131,#5132,#5133),(#5134,#5135,#5136,#5137),(#5138,#5139,#5140,#5141),
(#5142,#5143,#5144,#5145),(#5146,#5147,#5148,#5149),(#5150,#5151,#5152,
#5153),(#5154,#5155,#5156,#5157),(#5158,#5159,#5160,#5161),(#5162,#5163,
#5164,#5165),(#5166,#5167,#5168,#5169),(#5170,#5171,#5172,#5173),(#5174,
#5175,#5176,#5177),(#5178,#5179,#5180,#5181),(#5182,#5183,#5184,#5185),
(#5186,#5187,#5188,#5189),(#5190,#5191,#5192,#5193),(#5194,#5195,#5196,
#5197),(#5198,#5199,#5200,#5201),(#5202,#5203,#5204,#5205),(#5206,#5207,
#5208,#5209),(#5210,#5211,#5212,#5213),(#5214,#5215,#5216,#5217),(#5218,
#5219,#5220,#5221),(#5222,#5223,#5224,#5225),(#5226,#5227,#5228,#5229),
(#5230,#5231,#5232,#5233),(#5234,#5235,#5236,#5237),(#5238,#5239,#5240,
#5241),(#5242,#5243,#5244,#5245),(#5246,#5247,#5248,#5249),(#5250,#5251,
#5252,#5253),(#5254,#5255,#5256,#5257),(#5258,#5259,#5260,#5261),(#5262,
#5263,#5264,#5265),(#5266,#5267,#5268,#5269),(#5270,#5271,#5272,#5273),
(#5274,#5275,#5276,#5277),(#5278,#5279,#5280,#5281),(#5282,#5283,#5284,
#5285),(#5286,#5287,#5288,#5289),(#5290,#5291,#5292,#5293),(#5294,#5295,
#5296,#5297),(#5298,#5299,#5300,#5301),(#5302,#5303,#5304,#5305),(#5306,
#5307,#5308,#5309),(#5310,#5311,#5312,#5313),(#5314,#5315,#5316,#5317),
(#5318,#5319,#5320,#5321),(#5322,#5323,#5324,#5325),(#5326,#5327,#5328,
#5329),(#5330,#5331,#5332,#5333),(#5334,#5335,#5336,#5337),(#5338,#5339,
#5340,#5341),(#5342,#5343,#5344,#5345),(#5346,#5347,#5348,#5349),(#5350,
#5351,#5352,#5353),(#5354,#5355,#5356,#5357),(#5358,#5359,#5360,#5361),
(#5362,#5363,#5364,#5365),(#5366,#5367,#5368,#5369),(#5370,#5371,#5372,
#5373),(#5374,#5375,#5376,#5377),(#5378,#5379,#5380,#5381),(#5382,#5383,
#5384,#5385),(#5386,#5387,#5388,#5389),(#5390,#5391,#5392,#5393),(#5394,
#5395,#5396,#5397),(#5398,#5399,#5400,#5401),(#5402,#5403,#5404,#5405),
(#5406,#5407,#5408,#5409),(#5410,#5411,#5412,#5413),(#5414,#5415,#5416,
#5417),(#5418,#5419,#5420,#5421),(#5422,#5423,#5424,#5425),(#5426,#5427,
#5428,#5429),(#5430,#5431,#5432,#5433),(#5434,#5435,#5436,#5437),(#5438,
#5439,#5440,#5441),(#5442,#5443,#5444,#5445),(#5446,#5447,#5448,#5449),
(#5450,#5451,#5452,#5453),(#5454,#5455,#5456,#5457),(#5458,#5459,#5460,
#5461),(#5462,#5463,#5464,#5465),(#5466,#5467,#5468,#5469),(#5470,#5471,
#5472,#5473),(#5474,#5475,#5476,#5477),(#5478,#5479,#5480,#5481),(#5482,
#5483,#5484,#5485),(#5486,#5487,#5488,#5489),(#5490,#5491,#5492,#5493),
(#5494,#5495,#5496,#5497),(#5498,#5499,#5500,#5501),(#5502,#5503,#5504,
#5505),(#5506,#5507,#5508,#5509),(#5510,#5511,#5512,#5513),(#5514,#5515,
#5516,#5517),(#5518,#5519,#5520,#5521),(#5522,#5523,#5524,#5525),(#5526,
#5527,#5528,#5529),(#5530,#5531,#5532,#5533),(#5534,#5535,#5536,#5537),
(#5538,#5539,#5540,#5541),(#5542,#5543,#5544,#5545)),.UNSPECIFIED.,.F.,
 .F.,.F.,(4,2,2,2,2,2,2,2,2,2,2,2,2,2,2,2,2,2,2,2,2,2,2,2,2,2,2,2,2,2,2,
2,2,2,2,2,2,2,2,2,2,2,2,2,2,2,2,2,2,2,2,2,2,2,2,2,2,2,2,2,2,2,2,2,2,2,2,
2,2,2,2,2,2,2,2,2,2,2,2,2,2,2,2,2,2,2,2,2,2,2,4),(4,4),(0.,0.00422962743305193,
0.00845940171343208,0.00845944233419387,0.0126891635012908,0.0126891763826178,
0.0169188846683878,0.0169189510040393,0.0211486058354847,0.0211487253474271,
0.0253783270025816,0.0253784996056816,0.0296080481696786,0.0296082738795825,
0.031722908753227,0.0317230032291276,0.0327803390450013,0.0327803862829515,
0.0338377693367755,0.0666873062457376,0.094222908753227,0.0995368431546998,
0.132386380063662,0.154608048169679,0.165235916972624,0.184800617877904,
0.21499318758613,0.240363607424664,0.275378327002581,0.277971479455121,
0.315579351485578,0.335763466419033,0.387299279108549,0.396148605835485,
0.456533745251936,0.459019206731521,0.516918884668388,0.52551336124808,
0.577304024084839,0.592007515764638,0.637689163501291,0.644358187194876,
0.696708858625113,0.698074302917742,0.735769603362801,0.758459442334194,
0.774830348100489,0.809310655002441,0.818844581750646,0.843790961904394,
0.849037151458871,0.86864361210303,0.879229721167097,0.893496262301666,
0.909422290875323,0.915564999165254,0.924518575729436,0.926599367597047,
0.937633736028841,0.939614860583548,0.947163003010605,0.947379238165045,
0.954711145437661,0.957124740301249,0.962259287864718,0.965783371197704,
0.969807430291774,0.97444200209416,0.977355572718831,0.981129643932359,
0.981713960557358,0.984903715145887,0.988677786359415,0.988985919020556,
0.990564821966179,0.991971996502443,0.992451857572944,0.993395375376326,
0.994338893179708,0.99495807398433,0.99528241098309,0.996225928786472,0.996300540189315,
0.997169446589854,0.997594106985288,0.998112964393236,0.998247874497669,
0.998584723294927,0.998887845138029,0.999056482196618,1.),(0.,1.),
 .UNSPECIFIED.);
#19=B_SPLINE_SURFACE_WITH_KNOTS('',3,3,((#5586,#5587,#5588,#5589,#5590),
(#5591,#5592,#5593,#5594,#5595),(#5596,#5597,#5598,#5599,#5600),(#5601,
#5602,#5603,#5604,#5605),(#5606,#5607,#5608,#5609,#5610),(#5611,#5612,#5613,
#5614,#5615),(#5616,#5617,#5618,#5619,#5620),(#5621,#5622,#5623,#5624,#5625),
(#5626,#5627,#5628,#5629,#5630),(#5631,#5632,#5633,#5634,#5635),(#5636,
#5637,#5638,#5639,#5640),(#5641,#5642,#5643,#5644,#5645),(#5646,#5647,#5648,
#5649,#5650),(#5651,#5652,#5653,#5654,#5655),(#5656,#5657,#5658,#5659,#5660),
(#5661,#5662,#5663,#5664,#5665),(#5666,#5667,#5668,#5669,#5670),(#5671,
#5672,#5673,#5674,#5675),(#5676,#5677,#5678,#5679,#5680),(#5681,#5682,#5683,
#5684,#5685),(#5686,#5687,#5688,#5689,#5690),(#5691,#5692,#5693,#5694,#5695),
(#5696,#5697,#5698,#5699,#5700),(#5701,#5702,#5703,#5704,#5705),(#5706,
#5707,#5708,#5709,#5710),(#5711,#5712,#5713,#5714,#5715),(#5716,#5717,#5718,
#5719,#5720),(#5721,#5722,#5723,#5724,#5725),(#5726,#5727,#5728,#5729,#5730),
(#5731,#5732,#5733,#5734,#5735),(#5736,#5737,#5738,#5739,#5740),(#5741,
#5742,#5743,#5744,#5745),(#5746,#5747,#5748,#5749,#5750),(#5751,#5752,#5753,
#5754,#5755),(#5756,#5757,#5758,#5759,#5760),(#5761,#5762,#5763,#5764,#5765),
(#5766,#5767,#5768,#5769,#5770),(#5771,#5772,#5773,#5774,#5775),(#5776,
#5777,#5778,#5779,#5780),(#5781,#5782,#5783,#5784,#5785),(#5786,#5787,#5788,
#5789,#5790),(#5791,#5792,#5793,#5794,#5795),(#5796,#5797,#5798,#5799,#5800),
(#5801,#5802,#5803,#5804,#5805),(#5806,#5807,#5808,#5809,#5810),(#5811,
#5812,#5813,#5814,#5815),(#5816,#5817,#5818,#5819,#5820),(#5821,#5822,#5823,
#5824,#5825),(#5826,#5827,#5828,#5829,#5830),(#5831,#5832,#5833,#5834,#5835),
(#5836,#5837,#5838,#5839,#5840),(#5841,#5842,#5843,#5844,#5845),(#5846,
#5847,#5848,#5849,#5850),(#5851,#5852,#5853,#5854,#5855),(#5856,#5857,#5858,
#5859,#5860),(#5861,#5862,#5863,#5864,#5865),(#5866,#5867,#5868,#5869,#5870),
(#5871,#5872,#5873,#5874,#5875),(#5876,#5877,#5878,#5879,#5880),(#5881,
#5882,#5883,#5884,#5885),(#5886,#5887,#5888,#5889,#5890),(#5891,#5892,#5893,
#5894,#5895),(#5896,#5897,#5898,#5899,#5900),(#5901,#5902,#5903,#5904,#5905),
(#5906,#5907,#5908,#5909,#5910),(#5911,#5912,#5913,#5914,#5915),(#5916,
#5917,#5918,#5919,#5920),(#5921,#5922,#5923,#5924,#5925),(#5926,#5927,#5928,
#5929,#5930),(#5931,#5932,#5933,#5934,#5935),(#5936,#5937,#5938,#5939,#5940),
(#5941,#5942,#5943,#5944,#5945),(#5946,#5947,#5948,#5949,#5950),(#5951,
#5952,#5953,#5954,#5955),(#5956,#5957,#5958,#5959,#5960),(#5961,#5962,#5963,
#5964,#5965)),.UNSPECIFIED.,.F.,.F.,.F.,(4,2,2,2,2,2,2,2,2,2,2,2,2,2,2,
2,2,2,2,2,2,2,2,2,2,2,2,2,2,2,2,2,2,2,2,2,2,4),(4,1,4),(0.,0.0058292531965364,
0.0116585063930728,0.0174877595896092,0.0233170127861456,0.029146265982682,
0.0349755191792184,0.0408047723757548,0.0466340255722912,0.106219398974023,
0.165804772375755,0.225390145777486,0.284975519179218,0.34456089258095,
0.404146265982682,0.463731639384414,0.49352432608528,0.523317012786146,
0.553109699487012,0.582902386187878,0.612695072888743,0.642487759589609,
0.672280446290475,0.702073132991341,0.731865819692207,0.761658506393073,
0.791451193093939,0.821243879794805,0.851036566495671,0.880829253196536,
0.910621939897402,0.925518283247835,0.940414626598268,0.955310969948701,
0.970207313299134,0.977655484974351,0.985103656649567,1.),(0.,0.50231026332963,
0.827632978419453),.UNSPECIFIED.);
#20=B_SPLINE_SURFACE_WITH_KNOTS('',3,3,((#5991,#5992,#5993,#5994,#5995),
(#5996,#5997,#5998,#5999,#6000),(#6001,#6002,#6003,#6004,#6005),(#6006,
#6007,#6008,#6009,#6010),(#6011,#6012,#6013,#6014,#6015),(#6016,#6017,#6018,
#6019,#6020),(#6021,#6022,#6023,#6024,#6025),(#6026,#6027,#6028,#6029,#6030),
(#6031,#6032,#6033,#6034,#6035),(#6036,#6037,#6038,#6039,#6040),(#6041,
#6042,#6043,#6044,#6045),(#6046,#6047,#6048,#6049,#6050),(#6051,#6052,#6053,
#6054,#6055),(#6056,#6057,#6058,#6059,#6060),(#6061,#6062,#6063,#6064,#6065),
(#6066,#6067,#6068,#6069,#6070),(#6071,#6072,#6073,#6074,#6075),(#6076,
#6077,#6078,#6079,#6080),(#6081,#6082,#6083,#6084,#6085),(#6086,#6087,#6088,
#6089,#6090),(#6091,#6092,#6093,#6094,#6095),(#6096,#6097,#6098,#6099,#6100),
(#6101,#6102,#6103,#6104,#6105),(#6106,#6107,#6108,#6109,#6110),(#6111,
#6112,#6113,#6114,#6115),(#6116,#6117,#6118,#6119,#6120),(#6121,#6122,#6123,
#6124,#6125),(#6126,#6127,#6128,#6129,#6130),(#6131,#6132,#6133,#6134,#6135),
(#6136,#6137,#6138,#6139,#6140),(#6141,#6142,#6143,#6144,#6145),(#6146,
#6147,#6148,#6149,#6150),(#6151,#6152,#6153,#6154,#6155),(#6156,#6157,#6158,
#6159,#6160),(#6161,#6162,#6163,#6164,#6165),(#6166,#6167,#6168,#6169,#6170),
(#6171,#6172,#6173,#6174,#6175),(#6176,#6177,#6178,#6179,#6180),(#6181,
#6182,#6183,#6184,#6185),(#6186,#6187,#6188,#6189,#6190),(#6191,#6192,#6193,
#6194,#6195),(#6196,#6197,#6198,#6199,#6200),(#6201,#6202,#6203,#6204,#6205),
(#6206,#6207,#6208,#6209,#6210),(#6211,#6212,#6213,#6214,#6215),(#6216,
#6217,#6218,#6219,#6220),(#6221,#6222,#6223,#6224,#6225),(#6226,#6227,#6228,
#6229,#6230),(#6231,#6232,#6233,#6234,#6235),(#6236,#6237,#6238,#6239,#6240),
(#6241,#6242,#6243,#6244,#6245),(#6246,#6247,#6248,#6249,#6250)),
 .UNSPECIFIED.,.F.,.F.,.F.,(4,2,2,2,2,2,2,2,2,2,2,2,2,2,2,2,2,2,2,2,2,2,
2,2,2,4),(4,1,4),(0.,0.015625,0.0234375,0.03125,0.0390625,0.046875,0.0625,
0.078125,0.09375,0.109375,0.125,0.140625,0.15625,0.1875,0.25,0.28125,0.3125,
0.34375,0.375,0.4375,0.5,0.5625,0.625,0.75,0.875,1.),(0.,0.50231026332963,
0.827632978419453),.UNSPECIFIED.);
#21=CYLINDRICAL_SURFACE('',#615,0.001075);
#22=CYLINDRICAL_SURFACE('',#621,0.00107499999999999);
#23=CYLINDRICAL_SURFACE('',#634,0.001075);
#24=CYLINDRICAL_SURFACE('',#640,0.001075);
#25=B_SPLINE_CURVE_WITH_KNOTS('',3,(#768,#769,#770,#771,#772,#773,#774,
#775,#776,#777,#778,#779,#780,#781,#782,#783,#784,#785),.UNSPECIFIED.,.F.,
 .F.,(4,1,1,1,1,1,1,1,1,1,1,1,1,1,1,4),(0.,0.000334445915601617,0.000668891831203235,
0.00100333774680485,0.00133778366240647,0.0020066754936097,0.00267556732481294,
0.00401335098721941,0.00535113464962588,0.00668891831203235,0.00802670197443882,
0.0107022692992518,0.0133778366240647,0.0160534039488776,0.0187289712736906,
0.0214045385985035),.UNSPECIFIED.);
#26=B_SPLINE_CURVE_WITH_KNOTS('',3,(#788,#789,#790,#791,#792,#793,#794,
#795,#796,#797,#798,#799,#800,#801,#802,#803,#804,#805,#806,#807,#808,#809,
#810,#811),.UNSPECIFIED.,.F.,.F.,(4,1,1,1,1,1,1,1,1,1,1,1,1,1,1,1,1,1,1,
1,1,4),(6.97088199398805E-13,0.000363369213341141,0.000726738425985193,
0.000908423032307219,0.00109010763862925,0.0014534768512733,0.00181684606391735,
0.0021802152765614,0.00290695370184951,0.00363369212713761,0.00436043055242572,
0.00581390740300193,0.00726738425357814,0.00872086110415435,0.0101743379547306,
0.0116278148053068,0.0145347685064592,0.0174417222076116,0.0188951990581878,
0.020348675908764,0.0218021527593402,0.0232556296099164),.UNSPECIFIED.);
#27=B_SPLINE_CURVE_WITH_KNOTS('',3,(#819,#820,#821,#822,#823,#824,#825,
#826,#827,#828,#829,#830,#831,#832,#833,#834,#835),.UNSPECIFIED.,.F.,.F.,
(4,1,1,1,1,1,1,1,1,1,1,1,1,1,4),(0.,0.00968782992933357,0.0145317448940004,
0.0193756598586671,0.0217976173410005,0.0242195748233339,0.0266415323056673,
0.0290634897880007,0.0314854472703341,0.0339074047526675,0.0351183834938342,
0.0363293622350009,0.0375403409761676,0.0381458303467509,0.0387513197173343),
 .UNSPECIFIED.);
#28=B_SPLINE_CURVE_WITH_KNOTS('',3,(#838,#839,#840,#841,#842,#843,#844,
#845,#846,#847,#848,#849,#850,#851,#852,#853,#854,#855,#856,#857,#858,#859,
#860,#861,#862,#863,#864,#865,#866,#867,#868,#869,#870,#871,#872),
 .UNSPECIFIED.,.F.,.F.,(4,1,1,1,1,1,1,1,1,1,1,1,1,1,1,1,1,1,1,1,1,1,1,1,
1,1,1,1,1,1,1,1,4),(2.51534904016637E-17,0.000299280572691519,0.000598561145383012,
0.000897841718074506,0.001197122290766,0.00179568343614899,0.00239424458153197,
0.00299280572691496,0.00359136687229795,0.00478848916306392,0.00718273374459587,
0.00957697832612782,0.0119712229076598,0.0143654674891917,0.0167597120707237,
0.0191539566522556,0.0215482012337876,0.0239424458153195,0.0263366903968515,
0.0287309349783834,0.0311251795599154,0.0323223018506813,0.0335194241414473,
0.0347165464322133,0.0353151075775963,0.0359136687229793,0.0365122298683622,
0.0368115104410537,0.0371107910137452,0.0374100715864367,0.0377093521591282,
0.0380086327318197,0.0383079133045112),.UNSPECIFIED.);
#29=B_SPLINE_CURVE_WITH_KNOTS('',3,(#1167,#1168,#1169,#1170),
 .UNSPECIFIED.,.F.,.F.,(4,4),(0.,0.999999999289897),.UNSPECIFIED.);
#30=B_SPLINE_CURVE_WITH_KNOTS('',3,(#1173,#1174,#1175,#1176,#1177,#1178,
#1179,#1180,#1181,#1182,#1183,#1184,#1185,#1186,#1187,#1188,#1189,#1190,
#1191,#1192,#1193,#1194,#1195),.UNSPECIFIED.,.F.,.F.,(4,1,1,1,1,1,1,1,1,
1,1,1,1,1,1,1,1,1,1,1,4),(0.,0.0018046382541009,0.0036092765082018,0.0072185530164036,
0.0108278295246054,0.0144371060328072,0.0162417442869081,0.018046382541009,
0.0198510207951099,0.0216556590492108,0.0225579781762612,0.0234602973033117,
0.0243626164303621,0.0248137759938874,0.0252649355574126,0.0257160951209378,
0.026167254684463,0.0266184142479883,0.0270695738115135,0.0279718929385639,
0.0288742120656144),.UNSPECIFIED.);
#31=B_SPLINE_CURVE_WITH_KNOTS('',3,(#1197,#1198,#1199,#1200),
 .UNSPECIFIED.,.F.,.F.,(4,4),(0.,1.),.UNSPECIFIED.);
#32=B_SPLINE_CURVE_WITH_KNOTS('',3,(#1202,#1203,#1204,#1205,#1206,#1207,
#1208,#1209,#1210,#1211,#1212,#1213,#1214,#1215,#1216,#1217,#1218,#1219,
#1220,#1221,#1222,#1223,#1224,#1225,#1226,#1227,#1228,#1229,#1230,#1231,
#1232,#1233,#1234,#1235,#1236,#1237,#1238,#1239,#1240,#1241,#1242,#1243,
#1244,#1245,#1246,#1247,#1248,#1249,#1250,#1251,#1252,#1253,#1254,#1255,
#1256,#1257,#1258,#1259,#1260,#1261,#1262,#1263,#1264,#1265,#1266,#1267,
#1268,#1269,#1270,#1271,#1272,#1273,#1274,#1275,#1276,#1277,#1278,#1279,
#1280,#1281,#1282,#1283,#1284,#1285,#1286,#1287,#1288,#1289,#1290,#1291,
#1292,#1293,#1294,#1295,#1296,#1297,#1298,#1299,#1300,#1301,#1302,#1303,
#1304,#1305,#1306,#1307,#1308,#1309,#1310,#1311,#1312,#1313,#1314,#1315,
#1316,#1317,#1318,#1319,#1320,#1321,#1322,#1323,#1324,#1325,#1326,#1327,
#1328,#1329,#1330,#1331,#1332,#1333,#1334,#1335,#1336,#1337,#1338,#1339,
#1340,#1341,#1342,#1343,#1344,#1345,#1346,#1347,#1348,#1349,#1350,#1351,
#1352,#1353,#1354,#1355,#1356,#1357,#1358,#1359,#1360,#1361,#1362,#1363,
#1364,#1365,#1366,#1367,#1368,#1369,#1370,#1371,#1372,#1373,#1374,#1375,
#1376,#1377,#1378,#1379,#1380,#1381,#1382,#1383,#1384,#1385,#1386,#1387,
#1388,#1389,#1390,#1391,#1392,#1393,#1394,#1395,#1396,#1397,#1398,#1399,
#1400,#1401,#1402,#1403,#1404,#1405,#1406,#1407,#1408,#1409,#1410,#1411,
#1412,#1413,#1414,#1415,#1416,#1417,#1418,#1419,#1420,#1421,#1422,#1423,
#1424,#1425,#1426),.UNSPECIFIED.,.T.,.F.,(1,1,1,1,1,1,1,1,1,1,1,1,1,1,1,
1,1,1,1,1,1,1,1,1,1,1,1,1,1,1,1,1,1,1,1,1,1,1,1,1,1,1,1,1,1,1,1,1,1,1,1,
1,1,1,1,1,1,1,1,1,1,1,1,1,1,1,1,1,1,1,1,1,1,1,1,1,1,1,1,1,1,1,1,1,1,1,1,
1,1,1,1,1,1,1,1,1,1,1,1,1,1,1,1,1,1,1,1,1,1,1,1,1,1,1,1,1,1,1,1,1,1,1,1,
1,1,1,1,1,1,1,1,1,1,1,1,1,1,1,1,1,1,1,1,1,1,1,1,1,1,1,1,1,1,1,1,1,1,1,1,
1,1,1,1,1,1,1,1,1,1,1,1,1,1,1,1,1,1,1,1,1,1,1,1,1,1,1,1,1,1,1,1,1,1,1,1,
1,1,1,1,1,1,1,1,1,1,1,1,1,1,1,1,1,1,1,1,1,1,1,1,1,1,1,1,1,1,1,1,1,1),(-0.00847323308916304,
-0.00480558358315708,-0.00130850818774653,0.,0.00130850818774653,0.00480558358315713,
0.00847323308916294,0.0123038399155774,0.0162907197968583,0.0204279446736522,
0.024710209836495,0.0291327316569027,0.0336911674049509,0.0383815513716483,
0.0432002432617923,0.0481438859785552,0.0532093707047269,0.0583938077289414,
0.0636945018495749,0.0691089314657339,0.0746347306672271,0.0802696737857387,
0.086011661982532,0.0918587115341878,0.0978089435443014,0.103860574860833,
0.110011910019601,0.116261334066906,0.122607306140504,0.128914357237098,
0.13518226298128,0.141410793308526,0.147599712508266,0.153748779247512,
0.159857746575819,0.165926361912199,0.1719543670144,0.17794149793083,0.18388748493524,
0.18979205244417,0.195654918917021,0.201475796738517,0.207254392083229,
0.212990404761688,0.21868352804759,0.224333448485429,0.229939845677859,
0.235502392051959,0.241020752603494,0.246494584618147,0.251923537368617,
0.257307251786318,0.26264536010632,0.267937485484019,0.273252417438224,
0.278590064870732,0.28395034020148,0.289333159752719,0.29473844421203,0.300166119192166,
0.305616115910882,0.311088372021029,0.316582832630738,0.322099451566966,
0.327638192954448,0.333088464831473,0.338448856486764,0.343717883096626,
0.348893978720189,0.35397548838436,0.358960659102268,0.363847629634575,
0.36863441876004,0.3733189117671,0.377898844808569,0.382371786671639,0.386735117397871,
0.390986003032494,0.395180040813655,0.399316509473871,0.403394659965438,
0.407413713845438,0.41137286155909,0.415271260617693,0.419108033668751,
0.422882266458166,0.426593005687717,0.430239256776088,0.433819981539036,
0.437334095814973,0.440780467077592,0.444157912099334,0.447465194761332,
0.450701024151387,0.453864053157795,0.456952877862852,0.459966038179516,
0.462902020378625,0.465759262453141,0.468536163705758,0.47123110059412,
0.473842451820119,0.476368637036936,0.478808175525982,0.481159773887448,
0.483422455061433,0.485595743778563,0.487679921738464,0.489676345960218,
0.491587741910395,0.493418082038079,0.495170440398511,0.496834608635611,
0.498300196986249,0.5,0.501699803013751,0.503165391364389,0.50482955960149,
0.506581917961922,0.508412258089606,0.510323654039783,0.512320078261537,
0.514404256221437,0.516577544938568,0.518840226112553,0.521191824474019,
0.523631362963065,0.526157548179882,0.528768899405881,0.531463836294242,
0.534240737546859,0.537097979621376,0.540033961820484,0.543047122137148,
0.546135946842206,0.549298975848614,0.552534805238669,0.555842087900666,
0.559219532922408,0.562665904185028,0.566180018460964,0.569760743223912,
0.573406994312283,0.577117733541835,0.58089196633125,0.584728739382307,
0.58862713844091,0.592586286154563,0.596605340034562,0.600683490526129,
0.604819959186345,0.609013996967506,0.61326488260213,0.617628213328362,
0.622101155191432,0.626681088232901,0.63136558123996,0.636152370365425,
0.641039340897732,0.64602451161564,0.651106021279812,0.656282116903374,
0.661551143513237,0.666911535168527,0.672361807045553,0.677900548433035,
0.683417167369263,0.688911627978972,0.694383884089119,0.699833880807835,
0.70526155578797,0.710666840247282,0.716049659798521,0.721409935129269,
0.726747582561777,0.732062514515981,0.737354639893681,0.742692748213683,
0.748076462631383,0.753505415381854,0.758979247396507,0.764497607948041,
0.770060154322141,0.775666551514571,0.78131647195241,0.787009595238312,
0.792745607916771,0.798524203261483,0.804345081082979,0.81020794755583,
0.816112515064761,0.822058502069171,0.828045632985601,0.834073638087802,
0.840142253424181,0.846251220752488,0.852400287491734,0.858589206691475,
0.86481773701872,0.871085642762903,0.877392693859497,0.883738665933094,
0.889988089980399,0.896139425139167,0.902191056455699,0.908141288465812,
0.913988338017468,0.919730326214261,0.925365269332773,0.930891068534266,
0.936305498150425,0.941606192271059,0.946790629295273,0.951856114021445,
0.956799756738208,0.961618448628351,0.966308832595049,0.970867268343097,
0.975289790163505,0.979572055326348,0.983709280203142,0.987696160084423,
0.991526766910837,0.995194416416843,0.998691491812253,1.,1.00130850818775,
1.00480558358316,1.00847323308916),.UNSPECIFIED.);
#33=B_SPLINE_CURVE_WITH_KNOTS('',3,(#1428,#1429,#1430,#1431,#1432,#1433,
#1434,#1435,#1436,#1437,#1438,#1439,#1440,#1441,#1442,#1443,#1444,#1445,
#1446,#1447,#1448,#1449,#1450,#1451,#1452,#1453,#1454,#1455,#1456,#1457,
#1458,#1459,#1460,#1461,#1462,#1463,#1464,#1465,#1466,#1467,#1468,#1469,
#1470,#1471,#1472,#1473,#1474,#1475,#1476,#1477,#1478,#1479,#1480,#1481,
#1482,#1483,#1484,#1485,#1486,#1487,#1488,#1489,#1490,#1491,#1492,#1493,
#1494,#1495,#1496,#1497,#1498,#1499,#1500,#1501,#1502,#1503,#1504,#1505,
#1506,#1507,#1508,#1509,#1510,#1511,#1512,#1513,#1514,#1515,#1516,#1517,
#1518,#1519,#1520,#1521,#1522,#1523,#1524,#1525,#1526,#1527,#1528,#1529,
#1530,#1531,#1532,#1533,#1534,#1535,#1536,#1537,#1538,#1539,#1540,#1541,
#1542,#1543,#1544,#1545,#1546,#1547,#1548,#1549,#1550,#1551,#1552,#1553,
#1554,#1555,#1556,#1557,#1558,#1559,#1560,#1561,#1562,#1563,#1564,#1565,
#1566,#1567,#1568,#1569,#1570,#1571,#1572,#1573,#1574,#1575,#1576,#1577,
#1578,#1579,#1580,#1581,#1582,#1583,#1584,#1585,#1586,#1587,#1588,#1589,
#1590,#1591,#1592,#1593,#1594,#1595,#1596,#1597,#1598,#1599,#1600,#1601,
#1602,#1603,#1604,#1605,#1606,#1607,#1608,#1609,#1610,#1611,#1612,#1613,
#1614,#1615,#1616,#1617,#1618,#1619,#1620,#1621,#1622,#1623,#1624,#1625,
#1626,#1627,#1628,#1629,#1630,#1631,#1632,#1633,#1634,#1635,#1636,#1637,
#1638,#1639,#1640,#1641,#1642,#1643,#1644,#1645,#1646,#1647,#1648,#1649,
#1650,#1651,#1652),.UNSPECIFIED.,.T.,.F.,(1,1,1,1,1,1,1,1,1,1,1,1,1,1,1,
1,1,1,1,1,1,1,1,1,1,1,1,1,1,1,1,1,1,1,1,1,1,1,1,1,1,1,1,1,1,1,1,1,1,1,1,
1,1,1,1,1,1,1,1,1,1,1,1,1,1,1,1,1,1,1,1,1,1,1,1,1,1,1,1,1,1,1,1,1,1,1,1,
1,1,1,1,1,1,1,1,1,1,1,1,1,1,1,1,1,1,1,1,1,1,1,1,1,1,1,1,1,1,1,1,1,1,1,1,
1,1,1,1,1,1,1,1,1,1,1,1,1,1,1,1,1,1,1,1,1,1,1,1,1,1,1,1,1,1,1,1,1,1,1,1,
1,1,1,1,1,1,1,1,1,1,1,1,1,1,1,1,1,1,1,1,1,1,1,1,1,1,1,1,1,1,1,1,1,1,1,1,
1,1,1,1,1,1,1,1,1,1,1,1,1,1,1,1,1,1,1,1,1,1,1,1,1,1,1,1,1,1,1,1,1,1),(-0.00847323308916304,
-0.00480558358315708,-0.00130850818774653,0.,0.00130850818774653,0.00480558358315713,
0.00847323308916294,0.0123038399155774,0.0162907197968583,0.0204279446736522,
0.024710209836495,0.0291327316569027,0.0336911674049509,0.0383815513716483,
0.0432002432617923,0.0481438859785552,0.0532093707047269,0.0583938077289414,
0.0636945018495749,0.0691089314657339,0.0746347306672271,0.0802696737857387,
0.086011661982532,0.0918587115341878,0.0978089435443014,0.103860574860833,
0.110011910019601,0.116261334066906,0.122607306140504,0.128914357237098,
0.13518226298128,0.141410793308526,0.147599712508266,0.153748779247512,
0.159857746575819,0.165926361912199,0.1719543670144,0.17794149793083,0.18388748493524,
0.18979205244417,0.195654918917021,0.201475796738517,0.207254392083229,
0.212990404761688,0.21868352804759,0.224333448485429,0.229939845677859,
0.235502392051959,0.241020752603494,0.246494584618147,0.251923537368617,
0.257307251786318,0.26264536010632,0.267937485484019,0.273252417438224,
0.278590064870732,0.28395034020148,0.289333159752719,0.29473844421203,0.300166119192166,
0.305616115910882,0.311088372021029,0.316582832630738,0.322099451566966,
0.327638192954448,0.333088464831473,0.338448856486764,0.343717883096626,
0.348893978720189,0.35397548838436,0.358960659102268,0.363847629634575,
0.36863441876004,0.3733189117671,0.377898844808569,0.382371786671639,0.386735117397871,
0.390986003032494,0.395180040813655,0.399316509473871,0.403394659965438,
0.407413713845438,0.41137286155909,0.415271260617693,0.419108033668751,
0.422882266458166,0.426593005687717,0.430239256776088,0.433819981539036,
0.437334095814973,0.440780467077592,0.444157912099334,0.447465194761332,
0.450701024151387,0.453864053157795,0.456952877862852,0.459966038179516,
0.462902020378625,0.465759262453141,0.468536163705758,0.47123110059412,
0.473842451820119,0.476368637036936,0.478808175525982,0.481159773887448,
0.483422455061433,0.485595743778563,0.487679921738464,0.489676345960218,
0.491587741910395,0.493418082038079,0.495170440398511,0.496834608635611,
0.498300196986249,0.5,0.501699803013751,0.503165391364389,0.50482955960149,
0.506581917961922,0.508412258089606,0.510323654039783,0.512320078261537,
0.514404256221437,0.516577544938568,0.518840226112553,0.521191824474019,
0.523631362963065,0.526157548179882,0.528768899405881,0.531463836294242,
0.534240737546859,0.537097979621376,0.540033961820484,0.543047122137148,
0.546135946842206,0.549298975848614,0.552534805238669,0.555842087900666,
0.559219532922408,0.562665904185028,0.566180018460964,0.569760743223912,
0.573406994312283,0.577117733541835,0.58089196633125,0.584728739382307,
0.58862713844091,0.592586286154563,0.596605340034562,0.600683490526129,
0.604819959186345,0.609013996967506,0.61326488260213,0.617628213328362,
0.622101155191432,0.626681088232901,0.63136558123996,0.636152370365425,
0.641039340897732,0.64602451161564,0.651106021279812,0.656282116903374,
0.661551143513237,0.666911535168527,0.672361807045553,0.677900548433035,
0.683417167369263,0.688911627978972,0.694383884089119,0.699833880807835,
0.70526155578797,0.710666840247282,0.716049659798521,0.721409935129269,
0.726747582561777,0.732062514515981,0.737354639893681,0.742692748213683,
0.748076462631383,0.753505415381854,0.758979247396507,0.764497607948041,
0.770060154322141,0.775666551514571,0.78131647195241,0.787009595238312,
0.792745607916771,0.798524203261483,0.804345081082979,0.81020794755583,
0.816112515064761,0.822058502069171,0.828045632985601,0.834073638087802,
0.840142253424181,0.846251220752488,0.852400287491734,0.858589206691475,
0.86481773701872,0.871085642762903,0.877392693859497,0.883738665933094,
0.889988089980399,0.896139425139167,0.902191056455699,0.908141288465812,
0.913988338017468,0.919730326214261,0.925365269332773,0.930891068534266,
0.936305498150425,0.941606192271059,0.946790629295273,0.951856114021445,
0.956799756738208,0.961618448628351,0.966308832595049,0.970867268343097,
0.975289790163505,0.979572055326348,0.983709280203142,0.987696160084423,
0.991526766910837,0.995194416416843,0.998691491812253,1.,1.00130850818775,
1.00480558358316,1.00847323308916),.UNSPECIFIED.);
#34=B_SPLINE_CURVE_WITH_KNOTS('',3,(#1654,#1655,#1656,#1657,#1658,#1659,
#1660,#1661,#1662,#1663,#1664,#1665,#1666,#1667,#1668,#1669,#1670,#1671,
#1672,#1673,#1674,#1675,#1676,#1677,#1678,#1679,#1680,#1681,#1682,#1683,
#1684,#1685,#1686,#1687,#1688,#1689,#1690,#1691,#1692,#1693,#1694,#1695,
#1696,#1697,#1698,#1699,#1700,#1701,#1702,#1703,#1704,#1705,#1706,#1707,
#1708,#1709,#1710,#1711,#1712,#1713,#1714,#1715,#1716,#1717,#1718,#1719,
#1720,#1721,#1722,#1723,#1724,#1725,#1726,#1727,#1728,#1729,#1730,#1731,
#1732,#1733,#1734,#1735,#1736,#1737,#1738,#1739,#1740,#1741,#1742,#1743,
#1744,#1745,#1746,#1747,#1748,#1749,#1750,#1751,#1752,#1753,#1754,#1755,
#1756,#1757,#1758,#1759,#1760,#1761,#1762,#1763,#1764,#1765,#1766,#1767,
#1768,#1769,#1770,#1771,#1772,#1773,#1774,#1775,#1776,#1777,#1778,#1779,
#1780,#1781,#1782,#1783,#1784,#1785,#1786,#1787,#1788,#1789,#1790,#1791,
#1792,#1793,#1794,#1795,#1796,#1797,#1798,#1799,#1800,#1801,#1802,#1803,
#1804,#1805,#1806,#1807,#1808,#1809,#1810,#1811,#1812,#1813,#1814,#1815,
#1816,#1817,#1818,#1819,#1820,#1821,#1822,#1823,#1824,#1825,#1826,#1827,
#1828,#1829,#1830,#1831,#1832,#1833,#1834,#1835,#1836,#1837,#1838,#1839,
#1840,#1841,#1842,#1843,#1844,#1845,#1846,#1847,#1848,#1849,#1850,#1851,
#1852,#1853,#1854,#1855,#1856,#1857,#1858,#1859,#1860,#1861,#1862,#1863,
#1864,#1865,#1866,#1867,#1868,#1869,#1870,#1871,#1872,#1873,#1874,#1875,
#1876,#1877,#1878),.UNSPECIFIED.,.T.,.F.,(1,1,1,1,1,1,1,1,1,1,1,1,1,1,1,
1,1,1,1,1,1,1,1,1,1,1,1,1,1,1,1,1,1,1,1,1,1,1,1,1,1,1,1,1,1,1,1,1,1,1,1,
1,1,1,1,1,1,1,1,1,1,1,1,1,1,1,1,1,1,1,1,1,1,1,1,1,1,1,1,1,1,1,1,1,1,1,1,
1,1,1,1,1,1,1,1,1,1,1,1,1,1,1,1,1,1,1,1,1,1,1,1,1,1,1,1,1,1,1,1,1,1,1,1,
1,1,1,1,1,1,1,1,1,1,1,1,1,1,1,1,1,1,1,1,1,1,1,1,1,1,1,1,1,1,1,1,1,1,1,1,
1,1,1,1,1,1,1,1,1,1,1,1,1,1,1,1,1,1,1,1,1,1,1,1,1,1,1,1,1,1,1,1,1,1,1,1,
1,1,1,1,1,1,1,1,1,1,1,1,1,1,1,1,1,1,1,1,1,1,1,1,1,1,1,1,1,1,1,1,1,1),(-0.00847323308916304,
-0.00480558358315708,-0.00130850818774653,0.,0.00130850818774653,0.00480558358315713,
0.00847323308916294,0.0123038399155774,0.0162907197968583,0.0204279446736522,
0.024710209836495,0.0291327316569027,0.0336911674049509,0.0383815513716483,
0.0432002432617923,0.0481438859785552,0.0532093707047269,0.0583938077289414,
0.0636945018495749,0.0691089314657339,0.0746347306672271,0.0802696737857387,
0.086011661982532,0.0918587115341878,0.0978089435443014,0.103860574860833,
0.110011910019601,0.116261334066906,0.122607306140504,0.128914357237098,
0.13518226298128,0.141410793308526,0.147599712508266,0.153748779247512,
0.159857746575819,0.165926361912199,0.1719543670144,0.17794149793083,0.18388748493524,
0.18979205244417,0.195654918917021,0.201475796738517,0.207254392083229,
0.212990404761688,0.21868352804759,0.224333448485429,0.229939845677859,
0.235502392051959,0.241020752603494,0.246494584618147,0.251923537368617,
0.257307251786318,0.26264536010632,0.267937485484019,0.273252417438224,
0.278590064870732,0.28395034020148,0.289333159752719,0.29473844421203,0.300166119192166,
0.305616115910882,0.311088372021029,0.316582832630738,0.322099451566966,
0.327638192954448,0.333088464831473,0.338448856486764,0.343717883096626,
0.348893978720189,0.35397548838436,0.358960659102268,0.363847629634575,
0.36863441876004,0.3733189117671,0.377898844808569,0.382371786671639,0.386735117397871,
0.390986003032494,0.395180040813655,0.399316509473871,0.403394659965438,
0.407413713845438,0.41137286155909,0.415271260617693,0.419108033668751,
0.422882266458166,0.426593005687717,0.430239256776088,0.433819981539036,
0.437334095814973,0.440780467077592,0.444157912099334,0.447465194761332,
0.450701024151387,0.453864053157795,0.456952877862852,0.459966038179516,
0.462902020378625,0.465759262453141,0.468536163705758,0.47123110059412,
0.473842451820119,0.476368637036936,0.478808175525982,0.481159773887448,
0.483422455061433,0.485595743778563,0.487679921738464,0.489676345960218,
0.491587741910395,0.493418082038079,0.495170440398511,0.496834608635611,
0.498300196986249,0.5,0.501699803013751,0.503165391364389,0.50482955960149,
0.506581917961922,0.508412258089606,0.510323654039783,0.512320078261537,
0.514404256221437,0.516577544938568,0.518840226112553,0.521191824474019,
0.523631362963065,0.526157548179882,0.528768899405881,0.531463836294242,
0.534240737546859,0.537097979621376,0.540033961820484,0.543047122137148,
0.546135946842206,0.549298975848614,0.552534805238669,0.555842087900666,
0.559219532922408,0.562665904185028,0.566180018460964,0.569760743223912,
0.573406994312283,0.577117733541835,0.58089196633125,0.584728739382307,
0.58862713844091,0.592586286154563,0.596605340034562,0.600683490526129,
0.604819959186345,0.609013996967506,0.61326488260213,0.617628213328362,
0.622101155191432,0.626681088232901,0.63136558123996,0.636152370365425,
0.641039340897732,0.64602451161564,0.651106021279812,0.656282116903374,
0.661551143513237,0.666911535168527,0.672361807045553,0.677900548433035,
0.683417167369263,0.688911627978972,0.694383884089119,0.699833880807835,
0.70526155578797,0.710666840247282,0.716049659798521,0.721409935129269,
0.726747582561777,0.732062514515981,0.737354639893681,0.742692748213683,
0.748076462631383,0.753505415381854,0.758979247396507,0.764497607948041,
0.770060154322141,0.775666551514571,0.78131647195241,0.787009595238312,
0.792745607916771,0.798524203261483,0.804345081082979,0.81020794755583,
0.816112515064761,0.822058502069171,0.828045632985601,0.834073638087802,
0.840142253424181,0.846251220752488,0.852400287491734,0.858589206691475,
0.86481773701872,0.871085642762903,0.877392693859497,0.883738665933094,
0.889988089980399,0.896139425139167,0.902191056455699,0.908141288465812,
0.913988338017468,0.919730326214261,0.925365269332773,0.930891068534266,
0.936305498150425,0.941606192271059,0.946790629295273,0.951856114021445,
0.956799756738208,0.961618448628351,0.966308832595049,0.970867268343097,
0.975289790163505,0.979572055326348,0.983709280203142,0.987696160084423,
0.991526766910837,0.995194416416843,0.998691491812253,1.,1.00130850818775,
1.00480558358316,1.00847323308916),.UNSPECIFIED.);
#35=B_SPLINE_CURVE_WITH_KNOTS('',3,(#1884,#1885,#1886,#1887,#1888,#1889,
#1890,#1891,#1892,#1893,#1894,#1895,#1896,#1897,#1898,#1899,#1900,#1901,
#1902,#1903,#1904,#1905,#1906,#1907,#1908,#1909,#1910,#1911,#1912,#1913,
#1914,#1915,#1916,#1917,#1918,#1919,#1920,#1921,#1922,#1923,#1924,#1925,
#1926,#1927,#1928,#1929,#1930,#1931,#1932,#1933,#1934,#1935,#1936,#1937,
#1938,#1939,#1940,#1941,#1942,#1943,#1944,#1945,#1946,#1947,#1948,#1949,
#1950,#1951,#1952,#1953,#1954,#1955,#1956,#1957,#1958,#1959,#1960,#1961,
#1962,#1963,#1964,#1965,#1966,#1967,#1968,#1969,#1970,#1971,#1972,#1973,
#1974,#1975,#1976,#1977,#1978,#1979,#1980,#1981,#1982,#1983,#1984,#1985,
#1986,#1987,#1988,#1989,#1990,#1991,#1992,#1993,#1994,#1995,#1996,#1997,
#1998,#1999,#2000,#2001,#2002,#2003,#2004,#2005,#2006,#2007,#2008,#2009,
#2010,#2011,#2012,#2013,#2014,#2015,#2016,#2017,#2018,#2019,#2020,#2021,
#2022,#2023,#2024,#2025,#2026,#2027,#2028,#2029,#2030,#2031,#2032,#2033,
#2034,#2035,#2036,#2037,#2038,#2039,#2040,#2041,#2042,#2043,#2044,#2045,
#2046,#2047,#2048,#2049,#2050,#2051,#2052,#2053,#2054,#2055,#2056,#2057,
#2058,#2059,#2060,#2061,#2062,#2063,#2064,#2065,#2066,#2067,#2068,#2069,
#2070,#2071,#2072,#2073,#2074,#2075,#2076,#2077,#2078,#2079,#2080,#2081,
#2082,#2083,#2084,#2085,#2086,#2087,#2088,#2089,#2090,#2091,#2092,#2093,
#2094,#2095,#2096,#2097,#2098,#2099,#2100,#2101,#2102,#2103,#2104,#2105,
#2106,#2107,#2108),.UNSPECIFIED.,.T.,.F.,(1,1,1,1,1,1,1,1,1,1,1,1,1,1,1,
1,1,1,1,1,1,1,1,1,1,1,1,1,1,1,1,1,1,1,1,1,1,1,1,1,1,1,1,1,1,1,1,1,1,1,1,
1,1,1,1,1,1,1,1,1,1,1,1,1,1,1,1,1,1,1,1,1,1,1,1,1,1,1,1,1,1,1,1,1,1,1,1,
1,1,1,1,1,1,1,1,1,1,1,1,1,1,1,1,1,1,1,1,1,1,1,1,1,1,1,1,1,1,1,1,1,1,1,1,
1,1,1,1,1,1,1,1,1,1,1,1,1,1,1,1,1,1,1,1,1,1,1,1,1,1,1,1,1,1,1,1,1,1,1,1,
1,1,1,1,1,1,1,1,1,1,1,1,1,1,1,1,1,1,1,1,1,1,1,1,1,1,1,1,1,1,1,1,1,1,1,1,
1,1,1,1,1,1,1,1,1,1,1,1,1,1,1,1,1,1,1,1,1,1,1,1,1,1,1,1,1,1,1,1,1,1),(-0.00847323308916304,
-0.00480558358315708,-0.00130850818774653,0.,0.00130850818774653,0.00480558358315713,
0.00847323308916294,0.0123038399155774,0.0162907197968583,0.0204279446736522,
0.024710209836495,0.0291327316569027,0.0336911674049509,0.0383815513716483,
0.0432002432617923,0.0481438859785552,0.0532093707047269,0.0583938077289414,
0.0636945018495749,0.0691089314657339,0.0746347306672271,0.0802696737857387,
0.086011661982532,0.0918587115341878,0.0978089435443014,0.103860574860833,
0.110011910019601,0.116261334066906,0.122607306140504,0.128914357237098,
0.13518226298128,0.141410793308526,0.147599712508266,0.153748779247512,
0.159857746575819,0.165926361912199,0.1719543670144,0.17794149793083,0.18388748493524,
0.18979205244417,0.195654918917021,0.201475796738517,0.207254392083229,
0.212990404761688,0.21868352804759,0.224333448485429,0.229939845677859,
0.235502392051959,0.241020752603494,0.246494584618147,0.251923537368617,
0.257307251786318,0.26264536010632,0.267937485484019,0.273252417438224,
0.278590064870732,0.28395034020148,0.289333159752719,0.29473844421203,0.300166119192166,
0.305616115910882,0.311088372021029,0.316582832630738,0.322099451566966,
0.327638192954448,0.333088464831473,0.338448856486764,0.343717883096626,
0.348893978720189,0.35397548838436,0.358960659102268,0.363847629634575,
0.36863441876004,0.3733189117671,0.377898844808569,0.382371786671639,0.386735117397871,
0.390986003032494,0.395180040813655,0.399316509473871,0.403394659965438,
0.407413713845438,0.41137286155909,0.415271260617693,0.419108033668751,
0.422882266458166,0.426593005687717,0.430239256776088,0.433819981539036,
0.437334095814973,0.440780467077592,0.444157912099334,0.447465194761332,
0.450701024151387,0.453864053157795,0.456952877862852,0.459966038179516,
0.462902020378625,0.465759262453141,0.468536163705758,0.47123110059412,
0.473842451820119,0.476368637036936,0.478808175525982,0.481159773887448,
0.483422455061433,0.485595743778563,0.487679921738464,0.489676345960218,
0.491587741910395,0.493418082038079,0.495170440398511,0.496834608635611,
0.498300196986249,0.5,0.501699803013751,0.503165391364389,0.50482955960149,
0.506581917961922,0.508412258089606,0.510323654039783,0.512320078261537,
0.514404256221437,0.516577544938568,0.518840226112553,0.521191824474019,
0.523631362963065,0.526157548179882,0.528768899405881,0.531463836294242,
0.534240737546859,0.537097979621376,0.540033961820484,0.543047122137148,
0.546135946842206,0.549298975848614,0.552534805238669,0.555842087900666,
0.559219532922408,0.562665904185028,0.566180018460964,0.569760743223912,
0.573406994312283,0.577117733541835,0.58089196633125,0.584728739382307,
0.58862713844091,0.592586286154563,0.596605340034562,0.600683490526129,
0.604819959186345,0.609013996967506,0.61326488260213,0.617628213328362,
0.622101155191432,0.626681088232901,0.63136558123996,0.636152370365425,
0.641039340897732,0.64602451161564,0.651106021279812,0.656282116903374,
0.661551143513237,0.666911535168527,0.672361807045553,0.677900548433035,
0.683417167369263,0.688911627978972,0.694383884089119,0.699833880807835,
0.70526155578797,0.710666840247282,0.716049659798521,0.721409935129269,
0.726747582561777,0.732062514515981,0.737354639893681,0.742692748213683,
0.748076462631383,0.753505415381854,0.758979247396507,0.764497607948041,
0.770060154322141,0.775666551514571,0.78131647195241,0.787009595238312,
0.792745607916771,0.798524203261483,0.804345081082979,0.81020794755583,
0.816112515064761,0.822058502069171,0.828045632985601,0.834073638087802,
0.840142253424181,0.846251220752488,0.852400287491734,0.858589206691475,
0.86481773701872,0.871085642762903,0.877392693859497,0.883738665933094,
0.889988089980399,0.896139425139167,0.902191056455699,0.908141288465812,
0.913988338017468,0.919730326214261,0.925365269332773,0.930891068534266,
0.936305498150425,0.941606192271059,0.946790629295273,0.951856114021445,
0.956799756738208,0.961618448628351,0.966308832595049,0.970867268343097,
0.975289790163505,0.979572055326348,0.983709280203142,0.987696160084423,
0.991526766910837,0.995194416416843,0.998691491812253,1.,1.00130850818775,
1.00480558358316,1.00847323308916),.UNSPECIFIED.);
#36=B_SPLINE_CURVE_WITH_KNOTS('',3,(#2110,#2111,#2112,#2113,#2114,#2115,
#2116,#2117,#2118,#2119,#2120,#2121,#2122,#2123,#2124,#2125,#2126,#2127,
#2128,#2129,#2130,#2131,#2132,#2133,#2134,#2135,#2136,#2137,#2138,#2139,
#2140,#2141,#2142,#2143,#2144,#2145,#2146,#2147,#2148,#2149,#2150,#2151,
#2152,#2153,#2154,#2155,#2156,#2157,#2158,#2159,#2160,#2161,#2162,#2163,
#2164,#2165,#2166,#2167,#2168,#2169,#2170,#2171,#2172,#2173,#2174,#2175,
#2176,#2177,#2178,#2179,#2180,#2181,#2182,#2183,#2184,#2185,#2186,#2187,
#2188,#2189,#2190,#2191,#2192,#2193,#2194,#2195,#2196,#2197,#2198,#2199,
#2200,#2201,#2202,#2203,#2204,#2205,#2206,#2207,#2208,#2209,#2210,#2211,
#2212,#2213,#2214,#2215,#2216,#2217,#2218,#2219,#2220,#2221,#2222,#2223,
#2224,#2225,#2226,#2227,#2228,#2229,#2230,#2231,#2232,#2233,#2234,#2235,
#2236,#2237,#2238,#2239,#2240,#2241,#2242,#2243,#2244,#2245,#2246,#2247,
#2248,#2249,#2250,#2251,#2252,#2253,#2254,#2255,#2256,#2257,#2258,#2259,
#2260,#2261,#2262,#2263,#2264,#2265,#2266,#2267,#2268,#2269,#2270,#2271,
#2272,#2273,#2274,#2275,#2276,#2277,#2278,#2279,#2280,#2281,#2282,#2283,
#2284,#2285,#2286,#2287,#2288,#2289,#2290,#2291,#2292,#2293,#2294,#2295,
#2296,#2297,#2298,#2299,#2300,#2301,#2302,#2303,#2304,#2305,#2306,#2307,
#2308,#2309,#2310,#2311,#2312,#2313,#2314,#2315,#2316,#2317,#2318,#2319,
#2320,#2321,#2322,#2323,#2324,#2325,#2326,#2327,#2328,#2329,#2330,#2331,
#2332,#2333,#2334),.UNSPECIFIED.,.T.,.F.,(1,1,1,1,1,1,1,1,1,1,1,1,1,1,1,
1,1,1,1,1,1,1,1,1,1,1,1,1,1,1,1,1,1,1,1,1,1,1,1,1,1,1,1,1,1,1,1,1,1,1,1,
1,1,1,1,1,1,1,1,1,1,1,1,1,1,1,1,1,1,1,1,1,1,1,1,1,1,1,1,1,1,1,1,1,1,1,1,
1,1,1,1,1,1,1,1,1,1,1,1,1,1,1,1,1,1,1,1,1,1,1,1,1,1,1,1,1,1,1,1,1,1,1,1,
1,1,1,1,1,1,1,1,1,1,1,1,1,1,1,1,1,1,1,1,1,1,1,1,1,1,1,1,1,1,1,1,1,1,1,1,
1,1,1,1,1,1,1,1,1,1,1,1,1,1,1,1,1,1,1,1,1,1,1,1,1,1,1,1,1,1,1,1,1,1,1,1,
1,1,1,1,1,1,1,1,1,1,1,1,1,1,1,1,1,1,1,1,1,1,1,1,1,1,1,1,1,1,1,1,1,1),(-0.00847323308916304,
-0.00480558358315708,-0.00130850818774653,0.,0.00130850818774653,0.00480558358315713,
0.00847323308916294,0.0123038399155774,0.0162907197968583,0.0204279446736522,
0.024710209836495,0.0291327316569027,0.0336911674049509,0.0383815513716483,
0.0432002432617923,0.0481438859785552,0.0532093707047269,0.0583938077289414,
0.0636945018495749,0.0691089314657339,0.0746347306672271,0.0802696737857387,
0.086011661982532,0.0918587115341878,0.0978089435443014,0.103860574860833,
0.110011910019601,0.116261334066906,0.122607306140504,0.128914357237098,
0.13518226298128,0.141410793308526,0.147599712508266,0.153748779247512,
0.159857746575819,0.165926361912199,0.1719543670144,0.17794149793083,0.18388748493524,
0.18979205244417,0.195654918917021,0.201475796738517,0.207254392083229,
0.212990404761688,0.21868352804759,0.224333448485429,0.229939845677859,
0.235502392051959,0.241020752603494,0.246494584618147,0.251923537368617,
0.257307251786318,0.26264536010632,0.267937485484019,0.273252417438224,
0.278590064870732,0.28395034020148,0.289333159752719,0.29473844421203,0.300166119192166,
0.305616115910882,0.311088372021029,0.316582832630738,0.322099451566966,
0.327638192954448,0.333088464831473,0.338448856486764,0.343717883096626,
0.348893978720189,0.35397548838436,0.358960659102268,0.363847629634575,
0.36863441876004,0.3733189117671,0.377898844808569,0.382371786671639,0.386735117397871,
0.390986003032494,0.395180040813655,0.399316509473871,0.403394659965438,
0.407413713845438,0.41137286155909,0.415271260617693,0.419108033668751,
0.422882266458166,0.426593005687717,0.430239256776088,0.433819981539036,
0.437334095814973,0.440780467077592,0.444157912099334,0.447465194761332,
0.450701024151387,0.453864053157795,0.456952877862852,0.459966038179516,
0.462902020378625,0.465759262453141,0.468536163705758,0.47123110059412,
0.473842451820119,0.476368637036936,0.478808175525982,0.481159773887448,
0.483422455061433,0.485595743778563,0.487679921738464,0.489676345960218,
0.491587741910395,0.493418082038079,0.495170440398511,0.496834608635611,
0.498300196986249,0.5,0.501699803013751,0.503165391364389,0.50482955960149,
0.506581917961922,0.508412258089606,0.510323654039783,0.512320078261537,
0.514404256221437,0.516577544938568,0.518840226112553,0.521191824474019,
0.523631362963065,0.526157548179882,0.528768899405881,0.531463836294242,
0.534240737546859,0.537097979621376,0.540033961820484,0.543047122137148,
0.546135946842206,0.549298975848614,0.552534805238669,0.555842087900666,
0.559219532922408,0.562665904185028,0.566180018460964,0.569760743223912,
0.573406994312283,0.577117733541835,0.58089196633125,0.584728739382307,
0.58862713844091,0.592586286154563,0.596605340034562,0.600683490526129,
0.604819959186345,0.609013996967506,0.61326488260213,0.617628213328362,
0.622101155191432,0.626681088232901,0.63136558123996,0.636152370365425,
0.641039340897732,0.64602451161564,0.651106021279812,0.656282116903374,
0.661551143513237,0.666911535168527,0.672361807045553,0.677900548433035,
0.683417167369263,0.688911627978972,0.694383884089119,0.699833880807835,
0.70526155578797,0.710666840247282,0.716049659798521,0.721409935129269,
0.726747582561777,0.732062514515981,0.737354639893681,0.742692748213683,
0.748076462631383,0.753505415381854,0.758979247396507,0.764497607948041,
0.770060154322141,0.775666551514571,0.78131647195241,0.787009595238312,
0.792745607916771,0.798524203261483,0.804345081082979,0.81020794755583,
0.816112515064761,0.822058502069171,0.828045632985601,0.834073638087802,
0.840142253424181,0.846251220752488,0.852400287491734,0.858589206691475,
0.86481773701872,0.871085642762903,0.877392693859497,0.883738665933094,
0.889988089980399,0.896139425139167,0.902191056455699,0.908141288465812,
0.913988338017468,0.919730326214261,0.925365269332773,0.930891068534266,
0.936305498150425,0.941606192271059,0.946790629295273,0.951856114021445,
0.956799756738208,0.961618448628351,0.966308832595049,0.970867268343097,
0.975289790163505,0.979572055326348,0.983709280203142,0.987696160084423,
0.991526766910837,0.995194416416843,0.998691491812253,1.,1.00130850818775,
1.00480558358316,1.00847323308916),.UNSPECIFIED.);
#37=B_SPLINE_CURVE_WITH_KNOTS('',3,(#2911,#2912,#2913,#2914,#2915,#2916),
 .UNSPECIFIED.,.F.,.F.,(4,1,1,4),(0.,0.000802094997438109,0.00120314249615716,
0.00160418999487622),.UNSPECIFIED.);
#38=B_SPLINE_CURVE_WITH_KNOTS('',3,(#2919,#2920,#2921,#2922,#2923,#2924,
#2925,#2926,#2927,#2928,#2929,#2930,#2931,#2932,#2933,#2934),
 .UNSPECIFIED.,.F.,.F.,(4,1,1,1,1,1,1,1,1,1,1,1,1,4),(0.,0.00327414940994788,
0.00654829881989576,0.00982244822984365,0.0114595229348176,0.0130965976397915,
0.0147336723447655,0.0163707470497394,0.0180078217547134,0.0196448964596873,
0.0212819711646612,0.0229190458696352,0.0245561205746091,0.0261931952795831),
 .UNSPECIFIED.);
#39=B_SPLINE_CURVE_WITH_KNOTS('',3,(#2936,#2937,#2938,#2939),
 .UNSPECIFIED.,.F.,.F.,(4,4),(0.,1.),.PIECEWISE_BEZIER_KNOTS.);
#40=B_SPLINE_CURVE_WITH_KNOTS('',3,(#2941,#2942,#2943,#2944,#2945,#2946,
#2947,#2948,#2949,#2950,#2951,#2952,#2953,#2954,#2955,#2956,#2957,#2958,
#2959,#2960,#2961,#2962,#2963,#2964,#2965,#2966,#2967,#2968,#2969,#2970,
#2971,#2972,#2973,#2974,#2975,#2976,#2977,#2978,#2979,#2980,#2981,#2982,
#2983,#2984,#2985,#2986,#2987,#2988),.UNSPECIFIED.,.F.,.F.,(4,1,1,1,1,1,
1,1,1,1,1,1,1,1,1,1,1,1,1,1,1,1,1,1,1,1,1,1,1,1,1,1,1,1,1,1,1,1,1,1,1,1,
1,1,1,4),(0.,0.00672962585173099,0.0178376968233268,0.0311517851037175,
0.0457528176068042,0.0615967067403594,0.0789658809241297,0.0978707979548251,
0.118148413507263,0.139683832868063,0.162359439168931,0.186064718006029,
0.210700360070209,0.2361645469061,0.262361334970585,0.289198093793041,0.316578974992611,
0.344415769406313,0.372619180962907,0.40110561757456,0.429777306746551,
0.458539175039861,0.487278129308014,0.51586956998488,0.544186836834413,
0.572126502053736,0.599600103333378,0.626544185068048,0.652871565556637,
0.678520393200673,0.703579924942385,0.728129442891042,0.752184496697564,
0.775738687907978,0.798726773687283,0.821086757254932,0.842777409121162,
0.863739599639986,0.883915536484563,0.903242623112671,0.921638677964279,
0.93906013743044,0.955615191824294,0.97133583810785,0.986159771983942,1.),
 .UNSPECIFIED.);
#41=B_SPLINE_CURVE_WITH_KNOTS('',3,(#2990,#2991,#2992,#2993),
 .UNSPECIFIED.,.F.,.F.,(4,4),(0.,1.),.PIECEWISE_BEZIER_KNOTS.);
#42=B_SPLINE_CURVE_WITH_KNOTS('',3,(#3506,#3507,#3508,#3509),
 .UNSPECIFIED.,.F.,.F.,(4,4),(0.,1.),.PIECEWISE_BEZIER_KNOTS.);
#43=B_SPLINE_CURVE_WITH_KNOTS('',3,(#3511,#3512,#3513,#3514,#3515,#3516,
#3517,#3518,#3519,#3520,#3521,#3522,#3523,#3524,#3525,#3526,#3527,#3528,
#3529,#3530,#3531,#3532,#3533,#3534,#3535,#3536,#3537,#3538,#3539,#3540,
#3541,#3542,#3543,#3544,#3545,#3546,#3547,#3548,#3549,#3550,#3551,#3552,
#3553,#3554,#3555,#3556,#3557,#3558),.UNSPECIFIED.,.F.,.F.,(4,1,1,1,1,1,
1,1,1,1,1,1,1,1,1,1,1,1,1,1,1,1,1,1,1,1,1,1,1,1,1,1,1,1,1,1,1,1,1,1,1,1,
1,1,1,4),(0.,0.00672962585173113,0.0178376968233269,0.0311517851037176,
0.0457528176068042,0.0615967067403594,0.0789658809241297,0.0978707979548252,
0.118148413507263,0.139683832868063,0.162359439168931,0.186064718006029,
0.210700360070209,0.2361645469061,0.262361334970585,0.289198093793041,0.316578974992611,
0.344415769406313,0.372619180962907,0.40110561757456,0.429777306746551,
0.458539175039861,0.487278129308014,0.51586956998488,0.544186836834413,
0.572126502053736,0.599600103333379,0.626544185068048,0.652871565556637,
0.678520393200673,0.703579924942385,0.728129442891042,0.752184496697564,
0.775738687907978,0.798726773687283,0.821086757254932,0.842777409121162,
0.863739599639986,0.883915536484563,0.903242623112671,0.921638677964279,
0.93906013743044,0.955615191824294,0.97133583810785,0.986159771983942,1.),
 .UNSPECIFIED.);
#44=B_SPLINE_CURVE_WITH_KNOTS('',3,(#3562,#3563,#3564,#3565),
 .UNSPECIFIED.,.F.,.F.,(4,4),(0.,1.),.PIECEWISE_BEZIER_KNOTS.);
#45=B_SPLINE_CURVE_WITH_KNOTS('',3,(#3566,#3567,#3568,#3569),
 .UNSPECIFIED.,.F.,.F.,(4,4),(7.152448122691E-17,0.000472290632449887),
 .UNSPECIFIED.);
#46=B_SPLINE_CURVE_WITH_KNOTS('',3,(#3571,#3572,#3573,#3574),
 .UNSPECIFIED.,.F.,.F.,(4,4),(0.,0.999999943723252),.UNSPECIFIED.);
#47=B_SPLINE_CURVE_WITH_KNOTS('',3,(#4055,#4056,#4057,#4058,#4059,#4060,
#4061,#4062,#4063,#4064,#4065,#4066,#4067,#4068,#4069,#4070,#4071,#4072,
#4073,#4074,#4075,#4076,#4077,#4078,#4079,#4080,#4081,#4082,#4083,#4084,
#4085,#4086,#4087,#4088,#4089,#4090,#4091,#4092),.UNSPECIFIED.,.F.,.F.,
(4,1,1,1,1,1,1,1,1,1,1,1,1,1,1,1,1,1,1,1,1,1,1,1,1,1,1,1,1,1,1,1,1,1,1,
4),(0.,0.0150118796375756,0.0285373348641075,0.0421462760664399,0.059039227592798,
0.0788474019023358,0.101070984186222,0.125365803388214,0.151455191065231,
0.179103988590355,0.208104731066395,0.238458851039186,0.270295478107638,
0.303524833209794,0.337983147252923,0.37349327677994,0.409896341484962,
0.447012656598327,0.484676953776066,0.522703994113774,0.560920974908214,
0.599143541353627,0.637178538257149,0.674833221208013,0.711907676777061,
0.748194161888293,0.783476947101294,0.817520124837814,0.850089085719801,
0.880902291995076,0.909663335793179,0.935935814171301,0.958941234116851,
0.977843568026798,0.992014478448023,1.),.UNSPECIFIED.);
#48=B_SPLINE_CURVE_WITH_KNOTS('',3,(#4093,#4094,#4095,#4096),
 .UNSPECIFIED.,.F.,.F.,(4,4),(0.,0.999999990054776),.UNSPECIFIED.);
#49=B_SPLINE_CURVE_WITH_KNOTS('',3,(#4098,#4099,#4100,#4101,#4102,#4103,
#4104,#4105,#4106,#4107),.UNSPECIFIED.,.F.,.F.,(4,1,1,1,1,1,1,4),(0.,0.00316301289908344,
0.00474451934862517,0.00632602579816689,0.00790753224770861,0.00948903869725033,
0.0110705451467921,0.0126520515963338),.UNSPECIFIED.);
#50=B_SPLINE_CURVE_WITH_KNOTS('',3,(#4508,#4509,#4510,#4511,#4512),
 .UNSPECIFIED.,.F.,.F.,(4,1,4),(0.,0.500130023246753,1.),.UNSPECIFIED.);
#51=B_SPLINE_CURVE_WITH_KNOTS('',3,(#4513,#4514,#4515,#4516,#4517),
 .UNSPECIFIED.,.F.,.F.,(4,1,4),(0.,0.500130023246753,1.),.UNSPECIFIED.);
#52=B_SPLINE_CURVE_WITH_KNOTS('',3,(#5548,#5549,#5550,#5551,#5552,#5553,
#5554,#5555,#5556,#5557,#5558,#5559,#5560,#5561,#5562,#5563,#5564,#5565,
#5566,#5567,#5568,#5569,#5570,#5571,#5572,#5573,#5574,#5575,#5576,#5577,
#5578,#5579,#5580,#5581,#5582,#5583,#5584,#5585),.UNSPECIFIED.,.F.,.F.,
(4,1,1,1,1,1,1,1,1,1,1,1,1,1,1,1,1,1,1,1,1,1,1,1,1,1,1,1,1,1,1,1,1,1,1,
4),(0.,0.0150118796375756,0.0285373348641075,0.0421462760664399,0.059039227592798,
0.0788474019023358,0.101070984186222,0.125365803388214,0.151455191065231,
0.179103988590355,0.208104731066395,0.238458851039186,0.270295478107638,
0.303524833209794,0.337983147252923,0.37349327677994,0.409896341484961,
0.447012656598326,0.484676953776066,0.522703994113774,0.560920974908214,
0.599143541353627,0.637178538257149,0.674833221208013,0.711907676777061,
0.748194161888293,0.783476947101294,0.817520124837814,0.850089085719801,
0.880902291995076,0.909663335793179,0.935935814171301,0.958941234116851,
0.977843568026798,0.992014478448022,1.),.UNSPECIFIED.);
#53=B_SPLINE_CURVE_WITH_KNOTS('',3,(#5966,#5967,#5968,#5969,#5970,#5971,
#5972,#5973,#5974),.UNSPECIFIED.,.F.,.F.,(4,1,1,1,1,1,4),(3.46944695195361E-18,
0.000229001305279371,0.000343501957919055,0.000458002610558739,0.000572503263198423,
0.000687003915838107,0.000916005221117475),.UNSPECIFIED.);
#54=B_SPLINE_CURVE_WITH_KNOTS('',3,(#5977,#5978,#5979,#5980),
 .UNSPECIFIED.,.F.,.F.,(4,4),(1.30104260698261E-18,0.000522317498322998),
 .UNSPECIFIED.);
#55=B_SPLINE_CURVE_WITH_KNOTS('',3,(#5981,#5982,#5983,#5984,#5985),
 .UNSPECIFIED.,.F.,.F.,(4,1,4),(0.,0.50231026332963,1.),.UNSPECIFIED.);
#56=B_SPLINE_CURVE_WITH_KNOTS('',3,(#5986,#5987,#5988,#5989,#5990),
 .UNSPECIFIED.,.F.,.F.,(4,1,4),(0.,0.50231026332963,1.),.UNSPECIFIED.);
#57=CIRCLE('',#608,0.001075);
#58=CIRCLE('',#609,0.001075);
#59=CIRCLE('',#612,0.001075);
#60=CIRCLE('',#614,0.00107499999999999);
#61=CIRCLE('',#616,0.001075);
#62=CIRCLE('',#622,0.00107499999999999);
#63=CIRCLE('',#624,0.000364999999999995);
#64=CIRCLE('',#625,0.000364999999999995);
#65=CIRCLE('',#626,0.000365);
#66=CIRCLE('',#627,0.000365);
#67=CIRCLE('',#635,0.001075);
#68=CIRCLE('',#636,0.001075);
#69=CIRCLE('',#641,0.001075);
#70=ORIENTED_EDGE('',*,*,#240,.F.);
#71=ORIENTED_EDGE('',*,*,#241,.T.);
#72=ORIENTED_EDGE('',*,*,#242,.F.);
#73=ORIENTED_EDGE('',*,*,#243,.T.);
#74=ORIENTED_EDGE('',*,*,#244,.T.);
#75=ORIENTED_EDGE('',*,*,#245,.F.);
#76=ORIENTED_EDGE('',*,*,#246,.T.);
#77=ORIENTED_EDGE('',*,*,#247,.F.);
#78=ORIENTED_EDGE('',*,*,#248,.T.);
#79=ORIENTED_EDGE('',*,*,#249,.T.);
#80=ORIENTED_EDGE('',*,*,#250,.F.);
#81=ORIENTED_EDGE('',*,*,#251,.T.);
#82=ORIENTED_EDGE('',*,*,#252,.T.);
#83=ORIENTED_EDGE('',*,*,#253,.F.);
#84=ORIENTED_EDGE('',*,*,#254,.T.);
#85=ORIENTED_EDGE('',*,*,#255,.T.);
#86=ORIENTED_EDGE('',*,*,#256,.T.);
#87=ORIENTED_EDGE('',*,*,#257,.T.);
#88=ORIENTED_EDGE('',*,*,#258,.T.);
#89=ORIENTED_EDGE('',*,*,#259,.T.);
#90=ORIENTED_EDGE('',*,*,#260,.T.);
#91=ORIENTED_EDGE('',*,*,#261,.T.);
#92=ORIENTED_EDGE('',*,*,#255,.F.);
#93=ORIENTED_EDGE('',*,*,#262,.F.);
#94=ORIENTED_EDGE('',*,*,#263,.T.);
#95=ORIENTED_EDGE('',*,*,#264,.T.);
#96=ORIENTED_EDGE('',*,*,#256,.F.);
#97=ORIENTED_EDGE('',*,*,#261,.F.);
#98=ORIENTED_EDGE('',*,*,#265,.T.);
#99=ORIENTED_EDGE('',*,*,#262,.T.);
#100=ORIENTED_EDGE('',*,*,#254,.F.);
#101=ORIENTED_EDGE('',*,*,#264,.F.);
#102=ORIENTED_EDGE('',*,*,#266,.T.);
#103=ORIENTED_EDGE('',*,*,#267,.T.);
#104=ORIENTED_EDGE('',*,*,#258,.F.);
#105=ORIENTED_EDGE('',*,*,#268,.F.);
#106=ORIENTED_EDGE('',*,*,#269,.T.);
#107=ORIENTED_EDGE('',*,*,#270,.T.);
#108=ORIENTED_EDGE('',*,*,#259,.F.);
#109=ORIENTED_EDGE('',*,*,#267,.F.);
#110=ORIENTED_EDGE('',*,*,#271,.T.);
#111=ORIENTED_EDGE('',*,*,#268,.T.);
#112=ORIENTED_EDGE('',*,*,#257,.F.);
#113=ORIENTED_EDGE('',*,*,#270,.F.);
#114=ORIENTED_EDGE('',*,*,#272,.F.);
#115=ORIENTED_EDGE('',*,*,#273,.T.);
#116=ORIENTED_EDGE('',*,*,#274,.T.);
#117=ORIENTED_EDGE('',*,*,#275,.F.);
#118=ORIENTED_EDGE('',*,*,#271,.F.);
#119=ORIENTED_EDGE('',*,*,#269,.F.);
#120=ORIENTED_EDGE('',*,*,#266,.F.);
#121=ORIENTED_EDGE('',*,*,#265,.F.);
#122=ORIENTED_EDGE('',*,*,#263,.F.);
#123=ORIENTED_EDGE('',*,*,#260,.F.);
#124=ORIENTED_EDGE('',*,*,#276,.F.);
#125=ORIENTED_EDGE('',*,*,#275,.T.);
#126=ORIENTED_EDGE('',*,*,#277,.F.);
#127=ORIENTED_EDGE('',*,*,#278,.F.);
#128=ORIENTED_EDGE('',*,*,#279,.F.);
#129=ORIENTED_EDGE('',*,*,#280,.T.);
#130=ORIENTED_EDGE('',*,*,#281,.F.);
#131=ORIENTED_EDGE('',*,*,#282,.T.);
#132=ORIENTED_EDGE('',*,*,#283,.T.);
#133=ORIENTED_EDGE('',*,*,#284,.F.);
#134=ORIENTED_EDGE('',*,*,#285,.F.);
#135=ORIENTED_EDGE('',*,*,#286,.T.);
#136=ORIENTED_EDGE('',*,*,#273,.F.);
#137=ORIENTED_EDGE('',*,*,#272,.T.);
#138=ORIENTED_EDGE('',*,*,#276,.T.);
#139=ORIENTED_EDGE('',*,*,#287,.T.);
#140=ORIENTED_EDGE('',*,*,#288,.T.);
#141=ORIENTED_EDGE('',*,*,#289,.T.);
#142=ORIENTED_EDGE('',*,*,#290,.F.);
#143=ORIENTED_EDGE('',*,*,#282,.F.);
#144=ORIENTED_EDGE('',*,*,#291,.F.);
#145=ORIENTED_EDGE('',*,*,#292,.T.);
#146=ORIENTED_EDGE('',*,*,#278,.T.);
#147=ORIENTED_EDGE('',*,*,#277,.T.);
#148=ORIENTED_EDGE('',*,*,#274,.F.);
#149=ORIENTED_EDGE('',*,*,#283,.F.);
#150=ORIENTED_EDGE('',*,*,#290,.T.);
#151=ORIENTED_EDGE('',*,*,#293,.T.);
#152=ORIENTED_EDGE('',*,*,#287,.F.);
#153=ORIENTED_EDGE('',*,*,#281,.T.);
#154=ORIENTED_EDGE('',*,*,#294,.F.);
#155=ORIENTED_EDGE('',*,*,#295,.F.);
#156=ORIENTED_EDGE('',*,*,#249,.F.);
#157=ORIENTED_EDGE('',*,*,#296,.T.);
#158=ORIENTED_EDGE('',*,*,#293,.F.);
#159=ORIENTED_EDGE('',*,*,#289,.F.);
#160=ORIENTED_EDGE('',*,*,#297,.F.);
#161=ORIENTED_EDGE('',*,*,#248,.F.);
#162=ORIENTED_EDGE('',*,*,#297,.T.);
#163=ORIENTED_EDGE('',*,*,#288,.F.);
#164=ORIENTED_EDGE('',*,*,#296,.F.);
#165=ORIENTED_EDGE('',*,*,#295,.T.);
#166=ORIENTED_EDGE('',*,*,#294,.T.);
#167=ORIENTED_EDGE('',*,*,#280,.F.);
#168=ORIENTED_EDGE('',*,*,#279,.T.);
#169=ORIENTED_EDGE('',*,*,#292,.F.);
#170=ORIENTED_EDGE('',*,*,#291,.T.);
#171=ORIENTED_EDGE('',*,*,#286,.F.);
#172=ORIENTED_EDGE('',*,*,#298,.F.);
#173=ORIENTED_EDGE('',*,*,#299,.F.);
#174=ORIENTED_EDGE('',*,*,#284,.T.);
#175=ORIENTED_EDGE('',*,*,#300,.F.);
#176=ORIENTED_EDGE('',*,*,#301,.F.);
#177=ORIENTED_EDGE('',*,*,#244,.F.);
#178=ORIENTED_EDGE('',*,*,#302,.F.);
#179=ORIENTED_EDGE('',*,*,#298,.T.);
#180=ORIENTED_EDGE('',*,*,#285,.T.);
#181=ORIENTED_EDGE('',*,*,#303,.T.);
#182=ORIENTED_EDGE('',*,*,#243,.F.);
#183=ORIENTED_EDGE('',*,*,#303,.F.);
#184=ORIENTED_EDGE('',*,*,#299,.T.);
#185=ORIENTED_EDGE('',*,*,#302,.T.);
#186=ORIENTED_EDGE('',*,*,#250,.T.);
#187=ORIENTED_EDGE('',*,*,#304,.T.);
#188=ORIENTED_EDGE('',*,*,#305,.F.);
#189=ORIENTED_EDGE('',*,*,#306,.F.);
#190=ORIENTED_EDGE('',*,*,#306,.T.);
#191=ORIENTED_EDGE('',*,*,#307,.T.);
#192=ORIENTED_EDGE('',*,*,#308,.F.);
#193=ORIENTED_EDGE('',*,*,#251,.F.);
#194=ORIENTED_EDGE('',*,*,#308,.T.);
#195=ORIENTED_EDGE('',*,*,#309,.T.);
#196=ORIENTED_EDGE('',*,*,#310,.F.);
#197=ORIENTED_EDGE('',*,*,#252,.F.);
#198=ORIENTED_EDGE('',*,*,#253,.T.);
#199=ORIENTED_EDGE('',*,*,#310,.T.);
#200=ORIENTED_EDGE('',*,*,#311,.F.);
#201=ORIENTED_EDGE('',*,*,#304,.F.);
#202=ORIENTED_EDGE('',*,*,#305,.T.);
#203=ORIENTED_EDGE('',*,*,#311,.T.);
#204=ORIENTED_EDGE('',*,*,#309,.F.);
#205=ORIENTED_EDGE('',*,*,#307,.F.);
#206=ORIENTED_EDGE('',*,*,#240,.T.);
#207=ORIENTED_EDGE('',*,*,#312,.T.);
#208=ORIENTED_EDGE('',*,*,#313,.F.);
#209=ORIENTED_EDGE('',*,*,#314,.F.);
#210=ORIENTED_EDGE('',*,*,#300,.T.);
#211=ORIENTED_EDGE('',*,*,#315,.T.);
#212=ORIENTED_EDGE('',*,*,#316,.F.);
#213=ORIENTED_EDGE('',*,*,#241,.F.);
#214=ORIENTED_EDGE('',*,*,#314,.T.);
#215=ORIENTED_EDGE('',*,*,#317,.T.);
#216=ORIENTED_EDGE('',*,*,#242,.T.);
#217=ORIENTED_EDGE('',*,*,#316,.T.);
#218=ORIENTED_EDGE('',*,*,#318,.F.);
#219=ORIENTED_EDGE('',*,*,#312,.F.);
#220=ORIENTED_EDGE('',*,*,#301,.T.);
#221=ORIENTED_EDGE('',*,*,#317,.F.);
#222=ORIENTED_EDGE('',*,*,#313,.T.);
#223=ORIENTED_EDGE('',*,*,#318,.T.);
#224=ORIENTED_EDGE('',*,*,#315,.F.);
#225=ORIENTED_EDGE('',*,*,#245,.T.);
#226=ORIENTED_EDGE('',*,*,#319,.T.);
#227=ORIENTED_EDGE('',*,*,#320,.F.);
#228=ORIENTED_EDGE('',*,*,#321,.F.);
#229=ORIENTED_EDGE('',*,*,#321,.T.);
#230=ORIENTED_EDGE('',*,*,#322,.T.);
#231=ORIENTED_EDGE('',*,*,#323,.F.);
#232=ORIENTED_EDGE('',*,*,#246,.F.);
#233=ORIENTED_EDGE('',*,*,#247,.T.);
#234=ORIENTED_EDGE('',*,*,#323,.T.);
#235=ORIENTED_EDGE('',*,*,#324,.F.);
#236=ORIENTED_EDGE('',*,*,#319,.F.);
#237=ORIENTED_EDGE('',*,*,#320,.T.);
#238=ORIENTED_EDGE('',*,*,#324,.T.);
#239=ORIENTED_EDGE('',*,*,#322,.F.);
#240=EDGE_CURVE('',#325,#326,#383,.T.);
#241=EDGE_CURVE('',#325,#327,#57,.T.);
#242=EDGE_CURVE('',#326,#327,#384,.T.);
#243=EDGE_CURVE('',#328,#329,#25,.T.);
#244=EDGE_CURVE('',#329,#328,#26,.T.);
#245=EDGE_CURVE('',#330,#331,#385,.T.);
#246=EDGE_CURVE('',#330,#332,#58,.T.);
#247=EDGE_CURVE('',#331,#332,#386,.T.);
#248=EDGE_CURVE('',#333,#334,#27,.T.);
#249=EDGE_CURVE('',#334,#333,#28,.T.);
#250=EDGE_CURVE('',#335,#336,#387,.T.);
#251=EDGE_CURVE('',#335,#337,#388,.T.);
#252=EDGE_CURVE('',#337,#338,#389,.T.);
#253=EDGE_CURVE('',#336,#338,#390,.T.);
#254=EDGE_CURVE('',#339,#340,#391,.T.);
#255=EDGE_CURVE('',#340,#341,#59,.T.);
#256=EDGE_CURVE('',#341,#339,#392,.T.);
#257=EDGE_CURVE('',#342,#343,#60,.T.);
#258=EDGE_CURVE('',#343,#344,#393,.T.);
#259=EDGE_CURVE('',#344,#342,#394,.T.);
#260=EDGE_CURVE('',#345,#346,#61,.F.);
#261=EDGE_CURVE('',#346,#341,#395,.T.);
#262=EDGE_CURVE('',#345,#340,#396,.T.);
#263=EDGE_CURVE('',#346,#347,#397,.T.);
#264=EDGE_CURVE('',#347,#339,#398,.T.);
#265=EDGE_CURVE('',#347,#345,#399,.T.);
#266=EDGE_CURVE('',#348,#349,#400,.T.);
#267=EDGE_CURVE('',#349,#344,#401,.T.);
#268=EDGE_CURVE('',#348,#343,#402,.T.);
#269=EDGE_CURVE('',#349,#350,#403,.T.);
#270=EDGE_CURVE('',#350,#342,#404,.T.);
#271=EDGE_CURVE('',#350,#348,#62,.F.);
#272=EDGE_CURVE('',#351,#352,#29,.T.);
#273=EDGE_CURVE('',#351,#353,#30,.T.);
#274=EDGE_CURVE('',#353,#354,#31,.T.);
#275=EDGE_CURVE('',#352,#354,#32,.T.);
#276=EDGE_CURVE('',#352,#355,#33,.F.);
#277=EDGE_CURVE('',#356,#354,#34,.F.);
#278=EDGE_CURVE('',#357,#356,#63,.F.);
#279=EDGE_CURVE('',#358,#357,#64,.F.);
#280=EDGE_CURVE('',#358,#359,#35,.T.);
#281=EDGE_CURVE('',#355,#359,#36,.F.);
#282=EDGE_CURVE('',#360,#361,#37,.T.);
#283=EDGE_CURVE('',#361,#362,#38,.T.);
#284=EDGE_CURVE('',#363,#362,#39,.T.);
#285=EDGE_CURVE('',#364,#363,#40,.T.);
#286=EDGE_CURVE('',#364,#360,#41,.T.);
#287=EDGE_CURVE('',#355,#365,#42,.T.);
#288=EDGE_CURVE('',#365,#366,#43,.F.);
#289=EDGE_CURVE('',#366,#367,#65,.F.);
#290=EDGE_CURVE('',#361,#367,#44,.T.);
#291=EDGE_CURVE('',#368,#360,#45,.F.);
#292=EDGE_CURVE('',#368,#357,#46,.T.);
#293=EDGE_CURVE('',#367,#365,#47,.F.);
#294=EDGE_CURVE('',#369,#359,#48,.T.);
#295=EDGE_CURVE('',#362,#369,#49,.T.);
#296=EDGE_CURVE('',#334,#365,#50,.T.);
#297=EDGE_CURVE('',#333,#366,#51,.T.);
#298=EDGE_CURVE('',#370,#364,#66,.T.);
#299=EDGE_CURVE('',#363,#370,#52,.T.);
#300=EDGE_CURVE('',#371,#372,#53,.T.);
#301=EDGE_CURVE('',#372,#371,#54,.T.);
#302=EDGE_CURVE('',#370,#329,#55,.T.);
#303=EDGE_CURVE('',#363,#328,#56,.T.);
#304=EDGE_CURVE('',#336,#373,#405,.T.);
#305=EDGE_CURVE('',#374,#373,#406,.T.);
#306=EDGE_CURVE('',#335,#374,#407,.T.);
#307=EDGE_CURVE('',#374,#375,#408,.T.);
#308=EDGE_CURVE('',#337,#375,#409,.T.);
#309=EDGE_CURVE('',#375,#376,#410,.T.);
#310=EDGE_CURVE('',#338,#376,#411,.T.);
#311=EDGE_CURVE('',#373,#376,#412,.T.);
#312=EDGE_CURVE('',#326,#377,#413,.T.);
#313=EDGE_CURVE('',#378,#377,#414,.T.);
#314=EDGE_CURVE('',#325,#378,#415,.T.);
#315=EDGE_CURVE('',#372,#379,#67,.T.);
#316=EDGE_CURVE('',#327,#379,#416,.T.);
#317=EDGE_CURVE('',#378,#371,#68,.T.);
#318=EDGE_CURVE('',#377,#379,#417,.T.);
#319=EDGE_CURVE('',#331,#380,#418,.T.);
#320=EDGE_CURVE('',#381,#380,#419,.T.);
#321=EDGE_CURVE('',#330,#381,#420,.T.);
#322=EDGE_CURVE('',#381,#382,#69,.T.);
#323=EDGE_CURVE('',#332,#382,#421,.T.);
#324=EDGE_CURVE('',#380,#382,#422,.T.);
#325=VERTEX_POINT('',#763);
#326=VERTEX_POINT('',#764);
#327=VERTEX_POINT('',#766);
#328=VERTEX_POINT('',#786);
#329=VERTEX_POINT('',#787);
#330=VERTEX_POINT('',#813);
#331=VERTEX_POINT('',#814);
#332=VERTEX_POINT('',#816);
#333=VERTEX_POINT('',#836);
#334=VERTEX_POINT('',#837);
#335=VERTEX_POINT('',#874);
#336=VERTEX_POINT('',#875);
#337=VERTEX_POINT('',#877);
#338=VERTEX_POINT('',#879);
#339=VERTEX_POINT('',#883);
#340=VERTEX_POINT('',#884);
#341=VERTEX_POINT('',#886);
#342=VERTEX_POINT('',#890);
#343=VERTEX_POINT('',#891);
#344=VERTEX_POINT('',#893);
#345=VERTEX_POINT('',#897);
#346=VERTEX_POINT('',#898);
#347=VERTEX_POINT('',#903);
#348=VERTEX_POINT('',#909);
#349=VERTEX_POINT('',#910);
#350=VERTEX_POINT('',#915);
#351=VERTEX_POINT('',#1171);
#352=VERTEX_POINT('',#1172);
#353=VERTEX_POINT('',#1196);
#354=VERTEX_POINT('',#1201);
#355=VERTEX_POINT('',#1653);
#356=VERTEX_POINT('',#1879);
#357=VERTEX_POINT('',#1881);
#358=VERTEX_POINT('',#1883);
#359=VERTEX_POINT('',#2109);
#360=VERTEX_POINT('',#2917);
#361=VERTEX_POINT('',#2918);
#362=VERTEX_POINT('',#2935);
#363=VERTEX_POINT('',#2940);
#364=VERTEX_POINT('',#2989);
#365=VERTEX_POINT('',#3510);
#366=VERTEX_POINT('',#3559);
#367=VERTEX_POINT('',#3561);
#368=VERTEX_POINT('',#3570);
#369=VERTEX_POINT('',#4097);
#370=VERTEX_POINT('',#5547);
#371=VERTEX_POINT('',#5975);
#372=VERTEX_POINT('',#5976);
#373=VERTEX_POINT('',#6253);
#374=VERTEX_POINT('',#6255);
#375=VERTEX_POINT('',#6259);
#376=VERTEX_POINT('',#6263);
#377=VERTEX_POINT('',#6270);
#378=VERTEX_POINT('',#6272);
#379=VERTEX_POINT('',#6276);
#380=VERTEX_POINT('',#6284);
#381=VERTEX_POINT('',#6286);
#382=VERTEX_POINT('',#6290);
#383=LINE('',#762,#423);
#384=LINE('',#767,#424);
#385=LINE('',#812,#425);
#386=LINE('',#817,#426);
#387=LINE('',#873,#427);
#388=LINE('',#876,#428);
#389=LINE('',#878,#429);
#390=LINE('',#880,#430);
#391=LINE('',#882,#431);
#392=LINE('',#887,#432);
#393=LINE('',#892,#433);
#394=LINE('',#894,#434);
#395=LINE('',#899,#435);
#396=LINE('',#900,#436);
#397=LINE('',#902,#437);
#398=LINE('',#904,#438);
#399=LINE('',#906,#439);
#400=LINE('',#908,#440);
#401=LINE('',#911,#441);
#402=LINE('',#912,#442);
#403=LINE('',#914,#443);
#404=LINE('',#916,#444);
#405=LINE('',#6252,#445);
#406=LINE('',#6254,#446);
#407=LINE('',#6256,#447);
#408=LINE('',#6258,#448);
#409=LINE('',#6260,#449);
#410=LINE('',#6262,#450);
#411=LINE('',#6264,#451);
#412=LINE('',#6266,#452);
#413=LINE('',#6269,#453);
#414=LINE('',#6271,#454);
#415=LINE('',#6273,#455);
#416=LINE('',#6277,#456);
#417=LINE('',#6280,#457);
#418=LINE('',#6283,#458);
#419=LINE('',#6285,#459);
#420=LINE('',#6287,#460);
#421=LINE('',#6291,#461);
#422=LINE('',#6293,#462);
#423=VECTOR('',#648,1.);
#424=VECTOR('',#651,1.);
#425=VECTOR('',#652,1.);
#426=VECTOR('',#655,1.);
#427=VECTOR('',#658,1.);
#428=VECTOR('',#659,1.);
#429=VECTOR('',#660,1.);
#430=VECTOR('',#661,1.);
#431=VECTOR('',#664,1.);
#432=VECTOR('',#667,1.);
#433=VECTOR('',#672,1.);
#434=VECTOR('',#673,1.);
#435=VECTOR('',#678,1.);
#436=VECTOR('',#679,1.);
#437=VECTOR('',#682,1.);
#438=VECTOR('',#683,1.);
#439=VECTOR('',#686,1.);
#440=VECTOR('',#689,1.);
#441=VECTOR('',#690,1.);
#442=VECTOR('',#691,1.);
#443=VECTOR('',#694,1.);
#444=VECTOR('',#695,1.);
#445=VECTOR('',#712,1.);
#446=VECTOR('',#713,1.);
#447=VECTOR('',#714,1.);
#448=VECTOR('',#717,1.);
#449=VECTOR('',#718,1.);
#450=VECTOR('',#721,1.);
#451=VECTOR('',#722,1.);
#452=VECTOR('',#725,1.);
#453=VECTOR('',#730,1.);
#454=VECTOR('',#731,1.);
#455=VECTOR('',#732,1.);
#456=VECTOR('',#737,1.);
#457=VECTOR('',#742,1.);
#458=VECTOR('',#747,1.);
#459=VECTOR('',#748,1.);
#460=VECTOR('',#749,1.);
#461=VECTOR('',#754,1.);
#462=VECTOR('',#757,1.);
#463=EDGE_LOOP('',(#70,#71,#72));
#464=EDGE_LOOP('',(#73,#74));
#465=EDGE_LOOP('',(#75,#76,#77));
#466=EDGE_LOOP('',(#78,#79));
#467=EDGE_LOOP('',(#80,#81,#82,#83));
#468=EDGE_LOOP('',(#84,#85,#86));
#469=EDGE_LOOP('',(#87,#88,#89));
#470=EDGE_LOOP('',(#90,#91,#92,#93));
#471=EDGE_LOOP('',(#94,#95,#96,#97));
#472=EDGE_LOOP('',(#98,#99,#100,#101));
#473=EDGE_LOOP('',(#102,#103,#104,#105));
#474=EDGE_LOOP('',(#106,#107,#108,#109));
#475=EDGE_LOOP('',(#110,#111,#112,#113));
#476=EDGE_LOOP('',(#114,#115,#116,#117));
#477=EDGE_LOOP('',(#118,#119,#120));
#478=EDGE_LOOP('',(#121,#122,#123));
#479=EDGE_LOOP('',(#124,#125,#126,#127,#128,#129,#130));
#480=EDGE_LOOP('',(#131,#132,#133,#134,#135));
#481=EDGE_LOOP('',(#136,#137,#138,#139,#140,#141,#142,#143,#144,#145,#146,
#147,#148));
#482=EDGE_LOOP('',(#149,#150,#151,#152,#153,#154,#155));
#483=EDGE_LOOP('',(#156,#157,#158,#159,#160));
#484=EDGE_LOOP('',(#161,#162,#163,#164));
#485=EDGE_LOOP('',(#165,#166,#167,#168,#169,#170,#171,#172,#173,#174));
#486=EDGE_LOOP('',(#175,#176));
#487=EDGE_LOOP('',(#177,#178,#179,#180,#181));
#488=EDGE_LOOP('',(#182,#183,#184,#185));
#489=EDGE_LOOP('',(#186,#187,#188,#189));
#490=EDGE_LOOP('',(#190,#191,#192,#193));
#491=EDGE_LOOP('',(#194,#195,#196,#197));
#492=EDGE_LOOP('',(#198,#199,#200,#201));
#493=EDGE_LOOP('',(#202,#203,#204,#205));
#494=EDGE_LOOP('',(#206,#207,#208,#209));
#495=EDGE_LOOP('',(#210,#211,#212,#213,#214,#215));
#496=EDGE_LOOP('',(#216,#217,#218,#219));
#497=EDGE_LOOP('',(#220,#221,#222,#223,#224));
#498=EDGE_LOOP('',(#225,#226,#227,#228));
#499=EDGE_LOOP('',(#229,#230,#231,#232));
#500=EDGE_LOOP('',(#233,#234,#235,#236));
#501=EDGE_LOOP('',(#237,#238,#239));
#502=FACE_BOUND('',#463,.T.);
#503=FACE_BOUND('',#464,.T.);
#504=FACE_BOUND('',#465,.T.);
#505=FACE_BOUND('',#466,.T.);
#506=FACE_BOUND('',#467,.T.);
#507=FACE_BOUND('',#468,.T.);
#508=FACE_BOUND('',#469,.T.);
#509=FACE_BOUND('',#470,.T.);
#510=FACE_BOUND('',#471,.T.);
#511=FACE_BOUND('',#472,.T.);
#512=FACE_BOUND('',#473,.T.);
#513=FACE_BOUND('',#474,.T.);
#514=FACE_BOUND('',#475,.T.);
#515=FACE_BOUND('',#476,.T.);
#516=FACE_BOUND('',#477,.T.);
#517=FACE_BOUND('',#478,.T.);
#518=FACE_BOUND('',#479,.T.);
#519=FACE_BOUND('',#480,.T.);
#520=FACE_BOUND('',#481,.T.);
#521=FACE_BOUND('',#482,.T.);
#522=FACE_BOUND('',#483,.T.);
#523=FACE_BOUND('',#484,.T.);
#524=FACE_BOUND('',#485,.T.);
#525=FACE_BOUND('',#486,.T.);
#526=FACE_BOUND('',#487,.T.);
#527=FACE_BOUND('',#488,.T.);
#528=FACE_BOUND('',#489,.T.);
#529=FACE_BOUND('',#490,.T.);
#530=FACE_BOUND('',#491,.T.);
#531=FACE_BOUND('',#492,.T.);
#532=FACE_BOUND('',#493,.T.);
#533=FACE_BOUND('',#494,.T.);
#534=FACE_BOUND('',#495,.T.);
#535=FACE_BOUND('',#496,.T.);
#536=FACE_BOUND('',#497,.T.);
#537=FACE_BOUND('',#498,.T.);
#538=FACE_BOUND('',#499,.T.);
#539=FACE_BOUND('',#500,.T.);
#540=FACE_BOUND('',#501,.T.);
#541=PLANE('',#607);
#542=PLANE('',#610);
#543=PLANE('',#611);
#544=PLANE('',#613);
#545=PLANE('',#617);
#546=PLANE('',#618);
#547=PLANE('',#619);
#548=PLANE('',#620);
#549=PLANE('',#623);
#550=PLANE('',#628);
#551=PLANE('',#629);
#552=PLANE('',#630);
#553=PLANE('',#631);
#554=PLANE('',#632);
#555=PLANE('',#633);
#556=PLANE('',#637);
#557=PLANE('',#638);
#558=PLANE('',#639);
#559=PLANE('',#642);
#560=PLANE('',#643);
#561=ADVANCED_FACE('',(#502,#503,#504),#541,.F.);
#562=ADVANCED_FACE('',(#505,#506),#542,.F.);
#563=ADVANCED_FACE('',(#507),#543,.F.);
#564=ADVANCED_FACE('',(#508),#544,.F.);
#565=ADVANCED_FACE('',(#509),#21,.F.);
#566=ADVANCED_FACE('',(#510),#545,.T.);
#567=ADVANCED_FACE('',(#511),#546,.T.);
#568=ADVANCED_FACE('',(#512),#547,.T.);
#569=ADVANCED_FACE('',(#513),#548,.T.);
#570=ADVANCED_FACE('',(#514),#22,.F.);
#571=ADVANCED_FACE('',(#515),#12,.T.);
#572=ADVANCED_FACE('',(#516,#517,#518),#549,.F.);
#573=ADVANCED_FACE('',(#519),#13,.T.);
#574=ADVANCED_FACE('',(#520),#14,.T.);
#575=ADVANCED_FACE('',(#521),#15,.T.);
#576=ADVANCED_FACE('',(#522),#16,.T.);
#577=ADVANCED_FACE('',(#523),#17,.T.);
#578=ADVANCED_FACE('',(#524),#18,.T.);
#579=ADVANCED_FACE('',(#525,#526),#19,.T.);
#580=ADVANCED_FACE('',(#527),#20,.T.);
#581=ADVANCED_FACE('',(#528),#550,.T.);
#582=ADVANCED_FACE('',(#529),#551,.F.);
#583=ADVANCED_FACE('',(#530),#552,.F.);
#584=ADVANCED_FACE('',(#531),#553,.T.);
#585=ADVANCED_FACE('',(#532),#554,.F.);
#586=ADVANCED_FACE('',(#533),#555,.T.);
#587=ADVANCED_FACE('',(#534),#23,.F.);
#588=ADVANCED_FACE('',(#535),#556,.T.);
#589=ADVANCED_FACE('',(#536),#557,.F.);
#590=ADVANCED_FACE('',(#537),#558,.T.);
#591=ADVANCED_FACE('',(#538),#24,.F.);
#592=ADVANCED_FACE('',(#539),#559,.T.);
#593=ADVANCED_FACE('',(#540),#560,.F.);
#594=CLOSED_SHELL('',(#561,#562,#563,#564,#565,#566,#567,#568,#569,#570,
#571,#572,#573,#574,#575,#576,#577,#578,#579,#580,#581,#582,#583,#584,#585,
#586,#587,#588,#589,#590,#591,#592,#593));
#595=STYLED_ITEM('',(#596),#603);
#596=PRESENTATION_STYLE_ASSIGNMENT((#597));
#597=SURFACE_STYLE_USAGE(.BOTH.,#598);
#598=SURFACE_SIDE_STYLE('',(#599));
#599=SURFACE_STYLE_FILL_AREA(#600);
#600=FILL_AREA_STYLE('',(#601));
#601=FILL_AREA_STYLE_COLOUR('',#602);
#602=COLOUR_RGB('',0.768627450980392,0.886274509803922,0.952941176470588);
#603=MANIFOLD_SOLID_BREP('Part 1',#594);
#604=SHAPE_DEFINITION_REPRESENTATION(#6301,#605);
#605=SHAPE_REPRESENTATION('Part 1',(#606),#6296);
#606=AXIS2_PLACEMENT_3D('',#760,#644,#645);
#607=AXIS2_PLACEMENT_3D('',#761,#646,#647);
#608=AXIS2_PLACEMENT_3D('',#765,#649,#650);
#609=AXIS2_PLACEMENT_3D('',#815,#653,#654);
#610=AXIS2_PLACEMENT_3D('',#818,#656,#657);
#611=AXIS2_PLACEMENT_3D('',#881,#662,#663);
#612=AXIS2_PLACEMENT_3D('',#885,#665,#666);
#613=AXIS2_PLACEMENT_3D('',#888,#668,#669);
#614=AXIS2_PLACEMENT_3D('',#889,#670,#671);
#615=AXIS2_PLACEMENT_3D('',#895,#674,#675);
#616=AXIS2_PLACEMENT_3D('',#896,#676,#677);
#617=AXIS2_PLACEMENT_3D('',#901,#680,#681);
#618=AXIS2_PLACEMENT_3D('',#905,#684,#685);
#619=AXIS2_PLACEMENT_3D('',#907,#687,#688);
#620=AXIS2_PLACEMENT_3D('',#913,#692,#693);
#621=AXIS2_PLACEMENT_3D('',#917,#696,#697);
#622=AXIS2_PLACEMENT_3D('',#918,#698,#699);
#623=AXIS2_PLACEMENT_3D('',#1427,#700,#701);
#624=AXIS2_PLACEMENT_3D('',#1880,#702,#703);
#625=AXIS2_PLACEMENT_3D('',#1882,#704,#705);
#626=AXIS2_PLACEMENT_3D('',#3560,#706,#707);
#627=AXIS2_PLACEMENT_3D('',#5546,#708,#709);
#628=AXIS2_PLACEMENT_3D('',#6251,#710,#711);
#629=AXIS2_PLACEMENT_3D('',#6257,#715,#716);
#630=AXIS2_PLACEMENT_3D('',#6261,#719,#720);
#631=AXIS2_PLACEMENT_3D('',#6265,#723,#724);
#632=AXIS2_PLACEMENT_3D('',#6267,#726,#727);
#633=AXIS2_PLACEMENT_3D('',#6268,#728,#729);
#634=AXIS2_PLACEMENT_3D('',#6274,#733,#734);
#635=AXIS2_PLACEMENT_3D('',#6275,#735,#736);
#636=AXIS2_PLACEMENT_3D('',#6278,#738,#739);
#637=AXIS2_PLACEMENT_3D('',#6279,#740,#741);
#638=AXIS2_PLACEMENT_3D('',#6281,#743,#744);
#639=AXIS2_PLACEMENT_3D('',#6282,#745,#746);
#640=AXIS2_PLACEMENT_3D('',#6288,#750,#751);
#641=AXIS2_PLACEMENT_3D('',#6289,#752,#753);
#642=AXIS2_PLACEMENT_3D('',#6292,#755,#756);
#643=AXIS2_PLACEMENT_3D('',#6294,#758,#759);
#644=DIRECTION('',(0.,0.,1.));
#645=DIRECTION('',(1.,0.,0.));
#646=DIRECTION('',(1.,0.,0.));
#647=DIRECTION('',(0.,0.,-1.));
#648=DIRECTION('',(0.,0.76604444311898,0.642787609686538));
#649=DIRECTION('',(1.,0.,0.));
#650=DIRECTION('',(0.,-1.,0.));
#651=DIRECTION('',(0.,0.766044443118973,-0.642787609686546));
#652=DIRECTION('',(0.,0.766044443118979,0.642787609686539));
#653=DIRECTION('',(1.,0.,0.));
#654=DIRECTION('',(0.,-1.,0.));
#655=DIRECTION('',(0.,0.766044443118982,-0.642787609686535));
#656=DIRECTION('',(1.,0.,0.));
#657=DIRECTION('',(0.,0.,-1.));
#658=DIRECTION('',(0.,0.151358185968893,-0.988478982852041));
#659=DIRECTION('',(0.,-0.988478982852041,-0.151358185968897));
#660=DIRECTION('',(0.,0.151358185968893,-0.988478982852041));
#661=DIRECTION('',(0.,-0.988478982852044,-0.151358185968874));
#662=DIRECTION('',(-7.19854711514784E-16,-0.967969624137777,-0.251067335084776));
#663=DIRECTION('',(1.,-6.96797494538774E-16,-1.80732004068236E-16));
#664=DIRECTION('',(-0.642787609686555,0.19232873689038,-0.741507751678697));
#665=DIRECTION('',(7.19854711514784E-16,0.967969624137777,0.251067335084776));
#666=DIRECTION('',(0.,0.251067335084776,-0.967969624137777));
#667=DIRECTION('',(0.642787609686519,0.192328736890387,-0.741507751678726));
#668=DIRECTION('',(-7.19854711514784E-16,-0.967969624137777,-0.251067335084776));
#669=DIRECTION('',(1.,-6.96797494538774E-16,-1.80732004068236E-16));
#670=DIRECTION('',(7.19854711514784E-16,0.967969624137777,0.251067335084776));
#671=DIRECTION('',(0.,0.251067335084776,-0.967969624137777));
#672=DIRECTION('',(0.64278760968652,0.192328736890387,-0.741507751678726));
#673=DIRECTION('',(-0.642787609686559,0.192328736890379,-0.741507751678694));
#674=DIRECTION('',(-7.19854711514784E-16,-0.967969624137777,-0.251067335084776));
#675=DIRECTION('',(0.,0.251067335084776,-0.967969624137777));
#676=DIRECTION('',(-7.19854711514784E-16,-0.967969624137777,-0.251067335084776));
#677=DIRECTION('',(0.,0.251067335084776,-0.967969624137777));
#678=DIRECTION('',(-7.19854711514784E-16,-0.967969624137777,-0.251067335084776));
#679=DIRECTION('',(-7.19854711514784E-16,-0.967969624137777,-0.251067335084776));
#680=DIRECTION('',(-0.766044443118995,0.161382972189508,-0.62219888094868));
#681=DIRECTION('',(-0.630463081537237,0.,0.776219236310574));
#682=DIRECTION('',(0.642787609686519,0.192328736890387,-0.741507751678726));
#683=DIRECTION('',(-7.19854711514784E-16,-0.967969624137777,-0.251067335084776));
#684=DIRECTION('',(-0.766044443118965,-0.161382972189516,0.622198880948715));
#685=DIRECTION('',(0.630463081537274,0.,0.776219236310545));
#686=DIRECTION('',(-0.642787609686555,0.19232873689038,-0.741507751678697));
#687=DIRECTION('',(-0.766044443118995,0.161382972189508,-0.62219888094868));
#688=DIRECTION('',(-0.630463081537237,0.,0.776219236310574));
#689=DIRECTION('',(0.642787609686519,0.192328736890387,-0.741507751678726));
#690=DIRECTION('',(-7.19854711514784E-16,-0.967969624137777,-0.251067335084776));
#691=DIRECTION('',(-7.19854711514784E-16,-0.967969624137777,-0.251067335084776));
#692=DIRECTION('',(-0.766044443118961,-0.161382972189516,0.622198880948719));
#693=DIRECTION('',(0.630463081537278,0.,0.776219236310541));
#694=DIRECTION('',(-0.642787609686559,0.192328736890379,-0.741507751678694));
#695=DIRECTION('',(-7.19854711514784E-16,-0.967969624137777,-0.251067335084776));
#696=DIRECTION('',(-7.19854711514784E-16,-0.967969624137777,-0.251067335084776));
#697=DIRECTION('',(0.,0.251067335084776,-0.967969624137777));
#698=DIRECTION('',(-7.19854711514784E-16,-0.967969624137777,-0.251067335084776));
#699=DIRECTION('',(0.,0.251067335084776,-0.967969624137777));
#700=DIRECTION('',(-7.19854711514784E-16,-0.967969624137777,-0.251067335084776));
#701=DIRECTION('',(1.,-6.96797494538774E-16,-1.80732004068236E-16));
#702=DIRECTION('',(4.58588995432664E-17,0.967969624137777,0.251067335084775));
#703=DIRECTION('',(5.92710450936098E-17,0.251067335084775,-0.967969624137777));
#704=DIRECTION('',(4.58588995432664E-17,0.967969624137777,0.251067335084775));
#705=DIRECTION('',(5.92710450936098E-17,0.251067335084775,-0.967969624137777));
#706=DIRECTION('',(-1.,0.,-6.12323399573677E-17));
#707=DIRECTION('',(0.,1.,0.));
#708=DIRECTION('',(-1.,0.,-6.12323399573677E-17));
#709=DIRECTION('',(0.,1.,0.));
#710=DIRECTION('',(0.,-0.988478982852041,-0.151358185968893));
#711=DIRECTION('',(0.,0.151358185968893,-0.988478982852041));
#712=DIRECTION('',(1.,0.,0.));
#713=DIRECTION('',(0.,0.151358185968893,-0.988478982852041));
#714=DIRECTION('',(1.,0.,0.));
#715=DIRECTION('',(0.,-0.151358185968897,0.988478982852041));
#716=DIRECTION('',(0.,-0.988478982852041,-0.151358185968897));
#717=DIRECTION('',(0.,-0.988478982852041,-0.151358185968897));
#718=DIRECTION('',(1.,0.,0.));
#719=DIRECTION('',(0.,-0.988478982852041,-0.151358185968893));
#720=DIRECTION('',(0.,0.151358185968893,-0.988478982852041));
#721=DIRECTION('',(0.,0.151358185968893,-0.988478982852041));
#722=DIRECTION('',(1.,0.,0.));
#723=DIRECTION('',(0.,-0.151358185968874,0.988478982852044));
#724=DIRECTION('',(0.,-0.988478982852044,-0.151358185968874));
#725=DIRECTION('',(0.,-0.988478982852044,-0.151358185968874));
#726=DIRECTION('',(1.,0.,0.));
#727=DIRECTION('',(0.,0.,-1.));
#728=DIRECTION('',(0.,0.642787609686538,-0.76604444311898));
#729=DIRECTION('',(0.,0.76604444311898,0.642787609686538));
#730=DIRECTION('',(1.,0.,0.));
#731=DIRECTION('',(0.,0.76604444311898,0.642787609686538));
#732=DIRECTION('',(1.,0.,0.));
#733=DIRECTION('',(1.,0.,0.));
#734=DIRECTION('',(0.,-1.,0.));
#735=DIRECTION('',(1.,0.,0.));
#736=DIRECTION('',(0.,-1.,0.));
#737=DIRECTION('',(1.,0.,0.));
#738=DIRECTION('',(1.,0.,0.));
#739=DIRECTION('',(0.,-1.,0.));
#740=DIRECTION('',(0.,-0.642787609686546,-0.766044443118973));
#741=DIRECTION('',(0.,0.766044443118973,-0.642787609686546));
#742=DIRECTION('',(0.,0.766044443118973,-0.642787609686546));
#743=DIRECTION('',(1.,0.,0.));
#744=DIRECTION('',(0.,0.,-1.));
#745=DIRECTION('',(0.,0.642787609686539,-0.766044443118979));
#746=DIRECTION('',(0.,0.766044443118979,0.642787609686539));
#747=DIRECTION('',(1.,0.,0.));
#748=DIRECTION('',(0.,0.766044443118979,0.642787609686539));
#749=DIRECTION('',(1.,0.,0.));
#750=DIRECTION('',(1.,0.,0.));
#751=DIRECTION('',(0.,-1.,0.));
#752=DIRECTION('',(1.,0.,0.));
#753=DIRECTION('',(0.,-1.,0.));
#754=DIRECTION('',(1.,0.,0.));
#755=DIRECTION('',(0.,-0.642787609686535,-0.766044443118982));
#756=DIRECTION('',(0.,0.766044443118982,-0.642787609686535));
#757=DIRECTION('',(0.,0.766044443118982,-0.642787609686535));
#758=DIRECTION('',(1.,0.,0.));
#759=DIRECTION('',(0.,0.,-1.));
#760=CARTESIAN_POINT('',(0.,0.,0.));
#761=CARTESIAN_POINT('',(0.019,0.,0.));
#762=CARTESIAN_POINT('',(0.019,-0.15144932615392,0.180490278539907));
#763=CARTESIAN_POINT('',(0.019,0.00321447522142375,0.310268617230434));
#764=CARTESIAN_POINT('',(0.019,0.00390547190183677,0.310848432290113));
#765=CARTESIAN_POINT('',(0.019,0.00390547190183677,0.30944511945408));
#766=CARTESIAN_POINT('',(0.019,0.00459646858224984,0.310268617230434));
#767=CARTESIAN_POINT('',(0.019,0.154676619977074,0.184336417548004));
#768=CARTESIAN_POINT('',(0.019,0.00288080029576249,0.31274503890298));
#769=CARTESIAN_POINT('',(0.019,0.00296952009580386,0.312812617130654));
#770=CARTESIAN_POINT('',(0.019,0.003168639281445,0.312983634817949));
#771=CARTESIAN_POINT('',(0.019,0.0034776306602793,0.312767316093309));
#772=CARTESIAN_POINT('',(0.019,0.0036754396486519,0.312508159576075));
#773=CARTESIAN_POINT('',(0.019,0.00394993629025942,0.312153757909218));
#774=CARTESIAN_POINT('',(0.019,0.00425780389060721,0.31169130670839));
#775=CARTESIAN_POINT('',(0.019,0.00473671408806874,0.310941260404071));
#776=CARTESIAN_POINT('',(0.019,0.00530889608583866,0.309986657902317));
#777=CARTESIAN_POINT('',(0.019,0.00593511727930749,0.308806738526563));
#778=CARTESIAN_POINT('',(0.019,0.00652969791908854,0.307610020505851));
#779=CARTESIAN_POINT('',(0.019,0.00733421731193652,0.306020645643165));
#780=CARTESIAN_POINT('',(0.019,0.00836897311855463,0.304049776105793));
#781=CARTESIAN_POINT('',(0.019,0.00969669972211621,0.301731651964942));
#782=CARTESIAN_POINT('',(0.019,0.0111277074488905,0.299469162985232));
#783=CARTESIAN_POINT('',(0.019,0.0126682270118551,0.297289314477851));
#784=CARTESIAN_POINT('',(0.019,0.0137823225088207,0.295899169283935));
#785=CARTESIAN_POINT('',(0.019,0.0143665656093131,0.295224020482411));
#786=CARTESIAN_POINT('',(0.019,0.00288080029579173,0.312745038902942));
#787=CARTESIAN_POINT('',(0.019,0.014366565609314,0.295224020482409));
#788=CARTESIAN_POINT('',(0.0189999999975822,0.0143665656082613,0.295224020482585));
#789=CARTESIAN_POINT('',(0.0189999999975822,0.014446964164616,0.295131112258385));
#790=CARTESIAN_POINT('',(0.0190000000011508,0.0145027127859492,0.294863023566162));
#791=CARTESIAN_POINT('',(0.0189999999998575,0.0142612282278026,0.29462252626549));
#792=CARTESIAN_POINT('',(0.0190000000000263,0.0140065069449408,0.294612469305575));
#793=CARTESIAN_POINT('',(0.0189999999999849,0.0137943696252967,0.294738049668201));
#794=CARTESIAN_POINT('',(0.0190000000000051,0.0135796212091125,0.294958950697303));
#795=CARTESIAN_POINT('',(0.0189999999999987,0.0133021089814457,0.295198659681445));
#796=CARTESIAN_POINT('',(0.0190000000000007,0.0129412708271647,0.295529589587804));
#797=CARTESIAN_POINT('',(0.0189999999999997,0.012490803876292,0.295943390282801));
#798=CARTESIAN_POINT('',(0.0190000000000001,0.0119560580163357,0.296446504802154));
#799=CARTESIAN_POINT('',(0.019,0.0112489549428773,0.29712332908026));
#800=CARTESIAN_POINT('',(0.019,0.0103760324995803,0.297979780765865));
#801=CARTESIAN_POINT('',(0.019,0.00934465500794725,0.299023043039259));
#802=CARTESIAN_POINT('',(0.019,0.0083262732912933,0.300078875867632));
#803=CARTESIAN_POINT('',(0.019,0.0073226398715323,0.301148525578802));
#804=CARTESIAN_POINT('',(0.019,0.00601686533907383,0.302607640542228));
#805=CARTESIAN_POINT('',(0.019,0.00446062164505307,0.304492075831013));
#806=CARTESIAN_POINT('',(0.019,0.00325850737683702,0.306642746356086));
#807=CARTESIAN_POINT('',(0.019,0.00259803023312221,0.30848728803745));
#808=CARTESIAN_POINT('',(0.019,0.00228096103797025,0.309933213914962));
#809=CARTESIAN_POINT('',(0.019,0.00219013278486676,0.311417020465125));
#810=CARTESIAN_POINT('',(0.019,0.00252606566809671,0.312387953130589));
#811=CARTESIAN_POINT('',(0.019,0.0028808002957917,0.312745038902942));
#812=CARTESIAN_POINT('',(0.019,-0.14776580969111,0.176100434561973));
#813=CARTESIAN_POINT('',(0.019,0.00591981004703493,0.305057981401502));
#814=CARTESIAN_POINT('',(0.019,0.00661080672744796,0.305637796461181));
#815=CARTESIAN_POINT('',(0.019,0.00661080672744795,0.304234483625149));
#816=CARTESIAN_POINT('',(0.019,0.00730180340786097,0.305057981401502));
#817=CARTESIAN_POINT('',(0.019,0.153228661877428,0.182610808280831));
#818=CARTESIAN_POINT('',(0.019,0.,0.));
#819=CARTESIAN_POINT('',(0.019,-0.0017326996652536,0.317552320313532));
#820=CARTESIAN_POINT('',(0.019,-0.00294579878486736,0.320553664478251));
#821=CARTESIAN_POINT('',(0.019,-0.00447424706355223,0.325149259328246));
#822=CARTESIAN_POINT('',(0.019,-0.0062255639576442,0.331373718322426));
#823=CARTESIAN_POINT('',(0.019,-0.00722521139702874,0.335286458252837));
#824=CARTESIAN_POINT('',(0.019,-0.00788454829674092,0.33843758974953));
#825=CARTESIAN_POINT('',(0.019,-0.00828044027602765,0.340818072879614));
#826=CARTESIAN_POINT('',(0.019,-0.00849167724266365,0.343224730778863));
#827=CARTESIAN_POINT('',(0.019,-0.00842578707922652,0.345690077410172));
#828=CARTESIAN_POINT('',(0.019,-0.0080793572093256,0.348139175866756));
#829=CARTESIAN_POINT('',(0.019,-0.00754115199079136,0.350126605964182));
#830=CARTESIAN_POINT('',(0.019,-0.00690273685671698,0.351634287879974));
#831=CARTESIAN_POINT('',(0.019,-0.00629486842054174,0.352722781701252));
#832=CARTESIAN_POINT('',(0.019,-0.0056094049839403,0.35350136754899));
#833=CARTESIAN_POINT('',(0.019,-0.0049335693553977,0.353992208554902));
#834=CARTESIAN_POINT('',(0.019,-0.00454448395662534,0.354134664900551));
#835=CARTESIAN_POINT('',(0.019,-0.0043454059153423,0.354192508171577));
#836=CARTESIAN_POINT('',(0.019,-0.00173269966525358,0.317552320313532));
#837=CARTESIAN_POINT('',(0.019,-0.0043454059153423,0.354192508171577));
#838=CARTESIAN_POINT('',(0.0189999999999995,-0.0043454059153423,0.354192508171577));
#839=CARTESIAN_POINT('',(0.0189999999999995,-0.00424665105775734,0.354206930701439));
#840=CARTESIAN_POINT('',(0.0190000000000002,-0.004051986407045,0.354236980510074));
#841=CARTESIAN_POINT('',(0.0189999999999999,-0.00373538290037272,0.354200190998212));
#842=CARTESIAN_POINT('',(0.019,-0.00356820022054724,0.353923490969613));
#843=CARTESIAN_POINT('',(0.019,-0.00347745776716947,0.353537153615234));
#844=CARTESIAN_POINT('',(0.019,-0.00338786548609981,0.353045236063716));
#845=CARTESIAN_POINT('',(0.019,-0.00331842541941295,0.352449851632969));
#846=CARTESIAN_POINT('',(0.019,-0.0032648585785667,0.351853648940023));
#847=CARTESIAN_POINT('',(0.019,-0.00320745667447598,0.351057929677643));
#848=CARTESIAN_POINT('',(0.019,-0.00313861985174167,0.349663872230102));
#849=CARTESIAN_POINT('',(0.019,-0.00309546386409878,0.347668165437902));
#850=CARTESIAN_POINT('',(0.019,-0.00319418363656481,0.345273012103035));
#851=CARTESIAN_POINT('',(0.019,-0.00329036020353132,0.342878075012162));
#852=CARTESIAN_POINT('',(0.019,-0.0033655269214404,0.340482998720229));
#853=CARTESIAN_POINT('',(0.019,-0.00340080244570793,0.338087817197482));
#854=CARTESIAN_POINT('',(0.019,-0.00338792386651279,0.33569238958285));
#855=CARTESIAN_POINT('',(0.019,-0.00332042545701689,0.333297039508339));
#856=CARTESIAN_POINT('',(0.019,-0.0031916772751973,0.330900469652315));
#857=CARTESIAN_POINT('',(0.019,-0.00299577243294423,0.328507408856602));
#858=CARTESIAN_POINT('',(0.019,-0.00272833912378516,0.326123567967392));
#859=CARTESIAN_POINT('',(0.019,-0.0024383904333286,0.324143298126366));
#860=CARTESIAN_POINT('',(0.019,-0.00216216502885151,0.322566464666638));
#861=CARTESIAN_POINT('',(0.019,-0.001931612908198,0.321388319535964));
#862=CARTESIAN_POINT('',(0.019,-0.0017182949727323,0.320410357708845));
#863=CARTESIAN_POINT('',(0.019,-0.0015338451896285,0.319631672598351));
#864=CARTESIAN_POINT('',(0.019,-0.0013884134323116,0.319049117057389));
#865=CARTESIAN_POINT('',(0.019,-0.00126075550291063,0.318566150458253));
#866=CARTESIAN_POINT('',(0.019,-0.00115519107113766,0.318178636333517));
#867=CARTESIAN_POINT('',(0.019,-0.00107262933810891,0.317894285176707));
#868=CARTESIAN_POINT('',(0.019,-0.000993195500580147,0.317588378247597));
#869=CARTESIAN_POINT('',(0.019,-0.00120779208333586,0.317324424333452));
#870=CARTESIAN_POINT('',(0.019,-0.00153575078001037,0.317305753002334));
#871=CARTESIAN_POINT('',(0.019,-0.00169443052564568,0.317457638142064));
#872=CARTESIAN_POINT('',(0.019,-0.00173269966525358,0.317552320313532));
#873=CARTESIAN_POINT('',(0.019,0.0461214429566596,0.00706222192003112));
#874=CARTESIAN_POINT('',(0.019,-0.00419923128985898,0.33569280491242));
#875=CARTESIAN_POINT('',(0.019,-0.00385867537142899,0.333468727201003));
#876=CARTESIAN_POINT('',(0.019,-0.05032067424652,0.328630582992389));
#877=CARTESIAN_POINT('',(0.019,-0.00642330900127609,0.33535224899399));
#878=CARTESIAN_POINT('',(0.019,0.0438973652452428,0.00672166600160118));
#879=CARTESIAN_POINT('',(0.019,-0.00608275308284608,0.333128171282573));
#880=CARTESIAN_POINT('',(0.019,-0.0499801183280826,0.326406505280974));
#881=CARTESIAN_POINT('',(-0.000489969456400059,0.00437232160780313,0.315269059563186));
#882=CARTESIAN_POINT('',(0.116453405306183,0.000788560806018362,0.32908595691119));
#883=CARTESIAN_POINT('',(0.116743312836027,0.000701817458466548,0.329420388809699));
#884=CARTESIAN_POINT('',(0.116163497776345,0.000875304153570651,0.328751525012678));
#885=CARTESIAN_POINT('',(0.115339999999992,0.000701817458466924,0.329420388809697));
#886=CARTESIAN_POINT('',(0.116163497776345,0.00052833076336321,0.330089252606718));
#887=CARTESIAN_POINT('',(0.116453405306187,0.000615074110914678,0.329754820708209));
#888=CARTESIAN_POINT('',(-0.000489969456400059,0.00437232160780313,0.315269059563186));
#889=CARTESIAN_POINT('',(0.11534,0.00495007740878811,0.31304156921549));
#890=CARTESIAN_POINT('',(0.116163497776353,0.00512356410389181,0.31237270541847));
#891=CARTESIAN_POINT('',(0.116163497776353,0.00477659071368438,0.31371043301251));
#892=CARTESIAN_POINT('',(0.116453405306192,0.00486333406123625,0.313376001114));
#893=CARTESIAN_POINT('',(0.116743312836032,0.00495007740878809,0.31304156921549));
#894=CARTESIAN_POINT('',(0.116453405306192,0.00503682075633995,0.312707137316981));
#895=CARTESIAN_POINT('',(0.115339999999992,0.00554166557915581,0.330675725485121));
#896=CARTESIAN_POINT('',(0.115339999999992,0.00312174151881139,0.330048057147409));
#897=CARTESIAN_POINT('',(0.116163497776345,0.00329522821391512,0.32937919335039));
#898=CARTESIAN_POINT('',(0.116163497776345,0.00294825482370767,0.33071692094443));
#899=CARTESIAN_POINT('',(0.116163497776345,0.0053681788840521,0.331344589282141));
#900=CARTESIAN_POINT('',(0.116163497776345,0.00571515227425954,0.330006861688102));
#901=CARTESIAN_POINT('',(0.116453405306187,0.00545492223160356,0.331010157383633));
#902=CARTESIAN_POINT('',(0.117716243310523,0.00341285243386623,0.328925702768123));
#903=CARTESIAN_POINT('',(0.116743312836027,0.00312174151881101,0.330048057147411));
#904=CARTESIAN_POINT('',(0.116743312836027,0.00554166557915543,0.330675725485123));
#905=CARTESIAN_POINT('',(0.116453405306183,0.00562840892670725,0.330341293586613));
#906=CARTESIAN_POINT('',(0.114583326377508,0.00376803192796976,0.327556337210104));
#907=CARTESIAN_POINT('',(0.116453405306192,0.00970318218192513,0.314631337789424));
#908=CARTESIAN_POINT('',(0.109384376215041,0.00516813110971185,0.322158369058457));
#909=CARTESIAN_POINT('',(0.116163497776353,0.00719651477402886,0.314338101350222));
#910=CARTESIAN_POINT('',(0.116743312836032,0.00737000146913257,0.313669237553202));
#911=CARTESIAN_POINT('',(0.116743312836032,0.00978992552947697,0.314296905890914));
#912=CARTESIAN_POINT('',(0.116163497776353,0.00961643883437326,0.314965769687934));
#913=CARTESIAN_POINT('',(0.116453405306192,0.00987666887702883,0.313962473992404));
#914=CARTESIAN_POINT('',(0.122915193472998,0.00552331060381744,0.320789003500429));
#915=CARTESIAN_POINT('',(0.116163497776353,0.00754348816423627,0.313000373756183));
#916=CARTESIAN_POINT('',(0.116163497776353,0.00996341222458069,0.313628042093894));
#917=CARTESIAN_POINT('',(0.11534,0.00978992552947699,0.314296905890914));
#918=CARTESIAN_POINT('',(0.11534,0.00737000146913257,0.313669237553202));
#919=CARTESIAN_POINT('',(0.115211042477721,-0.00147999565846929,0.329976611205017));
#920=CARTESIAN_POINT('',(0.115915827733227,-0.00163692801804186,0.336285589923467));
#921=CARTESIAN_POINT('',(0.116343315274135,-0.00130205948183504,0.341288356545801));
#922=CARTESIAN_POINT('',(0.116343315274135,0.000111208089508354,0.341654923134308));
#923=CARTESIAN_POINT('',(0.11522773975363,-0.00147296726401229,0.329928660688641));
#924=CARTESIAN_POINT('',(0.115935122415266,-0.0016259290766142,0.336229883249599));
#925=CARTESIAN_POINT('',(0.116364382230322,-0.00128754434751714,0.341226759769569));
#926=CARTESIAN_POINT('',(0.116364382230322,0.00012709263886165,0.341593681550404));
#927=CARTESIAN_POINT('',(0.115243683721711,-0.00146591799465988,0.329880776291719));
#928=CARTESIAN_POINT('',(0.115953545320124,-0.00161493847220129,0.336174304692105));
#929=CARTESIAN_POINT('',(0.116384496200803,-0.00127306353414604,0.341165338233975));
#930=CARTESIAN_POINT('',(0.116384496200803,0.000142932436847888,0.341532612501744));
#931=CARTESIAN_POINT('',(0.115274830879319,-0.00145157316053859,0.329783817894144));
#932=CARTESIAN_POINT('',(0.115989539292125,-0.00159266022259894,0.33606185516164));
#933=CARTESIAN_POINT('',(0.116423797740053,-0.00124376111115586,0.341041124309717));
#934=CARTESIAN_POINT('',(0.116423797740053,0.000174966667172554,0.341409107140617));
#935=CARTESIAN_POINT('',(0.115290001882549,-0.0014442722501885,0.329734731884253));
#936=CARTESIAN_POINT('',(0.11600707317711,-0.00158136739873442,0.336004969774062));
#937=CARTESIAN_POINT('',(0.116442944721061,-0.00122893464136909,0.340978315595118));
#938=CARTESIAN_POINT('',(0.116442944721061,0.00019116537349013,0.341346654350172));
#939=CARTESIAN_POINT('',(0.115326203514069,-0.0014260242232354,0.329613336244179));
#940=CARTESIAN_POINT('',(0.116048922828679,-0.00155332460178005,0.335864325471901));
#941=CARTESIAN_POINT('',(0.116488652967037,-0.00119222947775924,0.340823048961136));
#942=CARTESIAN_POINT('',(0.116488652967037,0.000231212836122129,0.341192254625737));
#943=CARTESIAN_POINT('',(0.115346776664639,-0.00141493628160073,0.329540670012558));
#944=CARTESIAN_POINT('',(0.116072691888642,-0.00153644033689482,0.335780171649128));
#945=CARTESIAN_POINT('',(0.116514601388331,-0.00117022592122795,0.340730165342816));
#946=CARTESIAN_POINT('',(0.116514601388331,0.000255172918853348,0.341099878481832));
#947=CARTESIAN_POINT('',(0.115376392386878,-0.0013978342643145,0.329431298121378));
#948=CARTESIAN_POINT('',(0.116106941247776,-0.00151074146787482,0.335653436387127));
#949=CARTESIAN_POINT('',(0.116552020144386,-0.00113695561105632,0.340590224929315));
#950=CARTESIAN_POINT('',(0.116552020144386,0.000291279202939925,0.340960673649692));
#951=CARTESIAN_POINT('',(0.115385665811508,-0.00139233531310778,0.329396291416943));
#952=CARTESIAN_POINT('',(0.11611766348527,-0.00150250301830781,0.33561288587557));
#953=CARTESIAN_POINT('',(0.116563732760722,-0.00112630540724301,0.340545457851981));
#954=CARTESIAN_POINT('',(0.116563732760722,0.000302830080248237,0.340916140184744));
#955=CARTESIAN_POINT('',(0.115422362105773,-0.00137002030063103,0.32925483787197));
#956=CARTESIAN_POINT('',(0.116160088028182,-0.00146916580418528,0.335449090721533));
#957=CARTESIAN_POINT('',(0.116610071593831,-0.00108326837931842,0.340364668424053));
#958=CARTESIAN_POINT('',(0.116610071593831,0.000349479361861367,0.340736287685915));
#959=CARTESIAN_POINT('',(0.115448207715762,-0.00135298359580555,0.329148220365338));
#960=CARTESIAN_POINT('',(0.116189983534541,-0.00144392974508287,0.335325769794347));
#961=CARTESIAN_POINT('',(0.116642738991511,-0.00105082524064988,0.340228638591528));
#962=CARTESIAN_POINT('',(0.116642738991511,0.000384583134244079,0.340600947955847));
#963=CARTESIAN_POINT('',(0.115473303261978,-0.00133531909927104,0.329038804553071));
#964=CARTESIAN_POINT('',(0.116219017516524,-0.00141795304384041,0.335199383818812));
#965=CARTESIAN_POINT('',(0.116674470330247,-0.00101754939116072,0.340089338418161));
#966=CARTESIAN_POINT('',(0.116674470330247,0.000420534172787571,0.340462341660231));
#967=CARTESIAN_POINT('',(0.115474019804203,-0.00133481372935905,0.329035675181555));
#968=CARTESIAN_POINT('',(0.116219846516577,-0.00141721002510903,0.335195769233164));
#969=CARTESIAN_POINT('',(0.116675376351994,-0.00101659769340396,0.340085354585304));
#970=CARTESIAN_POINT('',(0.116675376351994,0.000421562336058617,0.340458377660635));
#971=CARTESIAN_POINT('',(0.115499741829374,-0.00131663630732896,0.328923150164408));
#972=CARTESIAN_POINT('',(0.116249605670676,-0.00139049039773871,0.335065802244502));
#973=CARTESIAN_POINT('',(0.116707900563958,-0.000982377391803552,0.3399421142109));
#974=CARTESIAN_POINT('',(0.116707900563958,0.000458530477498119,0.340315850007795));
#975=CARTESIAN_POINT('',(0.115523197325437,-0.00129883468959776,0.3288141046169));
#976=CARTESIAN_POINT('',(0.116276750732084,-0.00136451611497659,0.334940031329627));
#977=CARTESIAN_POINT('',(0.116737574990558,-0.000949234459962172,0.339803612791003));
#978=CARTESIAN_POINT('',(0.116737574990558,0.000494279020098456,0.340178024418766));
#979=CARTESIAN_POINT('',(0.115551165275268,-0.00127624484537509,0.328677130175866));
#980=CARTESIAN_POINT('',(0.116309138857584,-0.00133179195167128,0.33478228196036));
#981=CARTESIAN_POINT('',(0.116772999330096,-0.000907631051269527,0.339630047527079));
#982=CARTESIAN_POINT('',(0.116772999330096,0.000539082277341329,0.340005289116266));
#983=CARTESIAN_POINT('',(0.115556892988898,-0.00127154175144846,0.328648687961076));
#984=CARTESIAN_POINT('',(0.116315771531221,-0.00132499172908544,0.334749538762078));
#985=CARTESIAN_POINT('',(0.116780253541772,-0.000898993937362757,0.339594029841794));
#986=CARTESIAN_POINT('',(0.116780253541772,0.00054837993406678,0.33996944275942));
#987=CARTESIAN_POINT('',(0.115599900582842,-0.00123566785086225,0.328432305302678));
#988=CARTESIAN_POINT('',(0.11636557267195,-0.00127321823362465,0.334500534238861));
#989=CARTESIAN_POINT('',(0.116834720143755,-0.000833297849500711,0.339320187960376));
#990=CARTESIAN_POINT('',(0.116834720143755,0.000619071649202344,0.33969689661993));
#991=CARTESIAN_POINT('',(0.115634517117075,-0.00120312432023675,0.328241777853625));
#992=CARTESIAN_POINT('',(0.116405709901749,-0.00122705850166282,0.334281517152389));
#993=CARTESIAN_POINT('',(0.116878663775398,-0.000775263768298079,0.339079459936118));
#994=CARTESIAN_POINT('',(0.116878663775398,0.000681232877748255,0.339457239075426));
#995=CARTESIAN_POINT('',(0.115688941513385,-0.00114619617914223,0.327918084857687));
#996=CARTESIAN_POINT('',(0.116468846432109,-0.0011476575482357,0.333909825510193));
#997=CARTESIAN_POINT('',(0.116947816342732,-0.000676349618614335,0.338671156378381));
#998=CARTESIAN_POINT('',(0.116947816342732,0.000786696110367187,0.339050634187522));
#999=CARTESIAN_POINT('',(0.115709952214881,-0.00112249888687031,0.327785898940245));
#1000=CARTESIAN_POINT('',(0.116493237161076,-0.00111496419826814,0.333758149116795));
#1001=CARTESIAN_POINT('',(0.116974545815285,-0.000635868914360873,0.338504603872474));
#1002=CARTESIAN_POINT('',(0.116974545815285,0.00082972431875087,0.338884742441061));
#1003=CARTESIAN_POINT('',(0.115743791567038,-0.00108158198937431,0.327561971383583));
#1004=CARTESIAN_POINT('',(0.116532550883818,-0.00105911980832128,0.333501394705585));
#1005=CARTESIAN_POINT('',(0.117017656020508,-0.000567144303977788,0.338222778240679));
#1006=CARTESIAN_POINT('',(0.117017656020508,0.000902547191576586,0.338603979796992));
#1007=CARTESIAN_POINT('',(0.115757117398546,-0.00106466748825421,0.32747055847583));
#1008=CARTESIAN_POINT('',(0.116548041409432,-0.00103619632137352,0.333396634504492));
#1009=CARTESIAN_POINT('',(0.117034650254253,-0.000539047951484427,0.338107819658346));
#1010=CARTESIAN_POINT('',(0.117034650254253,0.000932256112881991,0.338489439475051));
#1011=CARTESIAN_POINT('',(0.115803522332312,-0.00100294699510712,0.327141066821662));
#1012=CARTESIAN_POINT('',(0.116602015893382,-0.000953110266411454,0.3330192161823));
#1013=CARTESIAN_POINT('',(0.117093891675936,-0.000437616278757637,0.337693764649491));
#1014=CARTESIAN_POINT('',(0.117093891675936,0.00103927578667348,0.338076833855207));
#1015=CARTESIAN_POINT('',(0.115834275702599,-0.000956669025446937,0.326901288327186));
#1016=CARTESIAN_POINT('',(0.11663783352404,-0.000891833357030978,0.332744902415214));
#1017=CARTESIAN_POINT('',(0.117133246303056,-0.000363538842367746,0.33739302199083));
#1018=CARTESIAN_POINT('',(0.117133246303056,0.0011170333947856,0.337777045741899));
#1019=CARTESIAN_POINT('',(0.115888370795138,-0.000865817145896774,0.326443086040828));
#1020=CARTESIAN_POINT('',(0.116700989121462,-0.000773263931452083,0.332221271969463));
#1021=CARTESIAN_POINT('',(0.117202771861767,-0.000221468898428264,0.336819266770249));
#1022=CARTESIAN_POINT('',(0.117202771861767,0.00126542592657425,0.337204930443939));
#1023=CARTESIAN_POINT('',(0.115911834583598,-0.00082224060228478,0.326227613796273));
#1024=CARTESIAN_POINT('',(0.116728433523163,-0.000717042132623825,0.331975484166682));
#1025=CARTESIAN_POINT('',(0.117233028493585,-0.000154581878716499,0.336550235761522));
#1026=CARTESIAN_POINT('',(0.117233028493585,0.00133502354686812,0.336936602497836));
#1027=CARTESIAN_POINT('',(0.115949641870663,-0.000745141614083852,0.325853266455253));
#1028=CARTESIAN_POINT('',(0.116772779559484,-0.00061855396825156,0.331549091437853));
#1029=CARTESIAN_POINT('',(0.117282027312006,-3.81622019852279E-5,0.336083905492033));
#1030=CARTESIAN_POINT('',(0.117282027312006,0.00145569221077038,0.336471374310333));
#1031=CARTESIAN_POINT('',(0.11596478668798,-0.000711951139981454,0.325694122256835));
#1032=CARTESIAN_POINT('',(0.116790579759875,-0.00057645544208476,0.331368019612265));
#1033=CARTESIAN_POINT('',(0.11730172644772,1.13757908565638E-5,0.335885998155861));
#1034=CARTESIAN_POINT('',(0.11730172644772,0.00150691136858459,0.336273903026697));
#1035=CARTESIAN_POINT('',(0.11600566681204,-0.000616251222412848,0.325240615288124));
#1036=CARTESIAN_POINT('',(0.116838732242745,-0.00045582988950751,0.330852477795424));
#1037=CARTESIAN_POINT('',(0.117355106614431,0.000152728801293372,0.335322800032003));
#1038=CARTESIAN_POINT('',(0.117355106614431,0.00165269306432896,0.33571185359407));
#1039=CARTESIAN_POINT('',(0.116029426489169,-0.000552826031978037,0.324946540084117));
#1040=CARTESIAN_POINT('',(0.116866851494858,-0.000376807833752047,0.33051872224733));
#1041=CARTESIAN_POINT('',(0.117386393504992,0.000244612420786284,0.334958528053195));
#1042=CARTESIAN_POINT('',(0.117386393504992,0.00174701232997451,0.33534821336152));
#1043=CARTESIAN_POINT('',(0.116056861455832,-0.000469874407813022,0.324570805179177));
#1044=CARTESIAN_POINT('',(0.11689947017701,-0.000274611893845664,0.330092541124068));
#1045=CARTESIAN_POINT('',(0.117422815572254,0.000362525114750013,0.334493503713671));
#1046=CARTESIAN_POINT('',(0.117422815572254,0.00186745773157625,0.334883845943599));
#1047=CARTESIAN_POINT('',(0.116062500320729,-0.000452218874751666,0.324491319218004));
#1048=CARTESIAN_POINT('',(0.116906184555282,-0.000252923571713558,0.330002397528307));
#1049=CARTESIAN_POINT('',(0.117430321486469,0.000387498144060101,0.334395151158311));
#1050=CARTESIAN_POINT('',(0.117430321486469,0.00189293408590392,0.334785623938276));
#1051=CARTESIAN_POINT('',(0.116094139111431,-0.000349702115550065,0.324032618500837));
#1052=CARTESIAN_POINT('',(0.11694391846856,-0.000127350471926337,0.329482236071176));
#1053=CARTESIAN_POINT('',(0.117472555543993,0.000531798619661035,0.333827634464372));
#1054=CARTESIAN_POINT('',(0.117472555543993,0.00203995109743153,0.334218811846444));
#1055=CARTESIAN_POINT('',(0.116116679826422,-0.000262708805640336,0.323653593886624));
#1056=CARTESIAN_POINT('',(0.116971031481849,-2.2193437134033E-5,0.329053057146532));
#1057=CARTESIAN_POINT('',(0.117503098363239,0.000651514354640123,0.333359754938368));
#1058=CARTESIAN_POINT('',(0.117503098363239,0.00216120403665132,0.333751331033129));
#1059=CARTESIAN_POINT('',(0.116142273060719,-0.00014560241881291,0.323156062115169));
#1060=CARTESIAN_POINT('',(0.117002149825774,0.000117688172032401,0.328490304133332));
#1061=CARTESIAN_POINT('',(0.117538435655485,0.000809382293989561,0.332746599558376));
#1062=CARTESIAN_POINT('',(0.117538435655485,0.00232016763759528,0.333138459840605));
#1063=CARTESIAN_POINT('',(0.116148062188033,-0.000117557647436648,0.323037810042221));
#1064=CARTESIAN_POINT('',(0.117009215924208,0.000151066905381387,0.32835659602541));
#1065=CARTESIAN_POINT('',(0.117546482544722,0.000846953688471781,0.332600941795547));
#1066=CARTESIAN_POINT('',(0.117546482544722,0.00235793450168786,0.33299285277775));
#1067=CARTESIAN_POINT('',(0.11616947652509,-7.81153133261436E-6,0.32257847638557));
#1068=CARTESIAN_POINT('',(0.117035460641068,0.00028123325611848,0.32783738345763));
#1069=CARTESIAN_POINT('',(0.117576459187553,0.000993093863204477,0.33203541378646));
#1070=CARTESIAN_POINT('',(0.117576459187553,0.00250458417705689,0.332427456920504));
#1071=CARTESIAN_POINT('',(0.116183092826766,7.54744509109544E-5,0.322237112141186));
#1072=CARTESIAN_POINT('',(0.117052388306151,0.000379059020314421,0.327451860912372));
#1073=CARTESIAN_POINT('',(0.117595993326927,0.00110212595289032,0.331615690929348));
#1074=CARTESIAN_POINT('',(0.117595993326927,0.00261346037362524,0.332007693628579));
#1075=CARTESIAN_POINT('',(0.116200081342654,0.000199907051299636,0.321737203993901));
#1076=CARTESIAN_POINT('',(0.117073868228537,0.000523926771635556,0.326887558323584));
#1077=CARTESIAN_POINT('',(0.117621075537603,0.00126249628450144,0.331001451761787));
#1078=CARTESIAN_POINT('',(0.117621075537603,0.00277284510045589,0.331393198819561));
#1079=CARTESIAN_POINT('',(0.116205014033448,0.000239505871567762,0.321579544471489));
#1080=CARTESIAN_POINT('',(0.117080165405718,0.000569846653692057,0.326709629637975));
#1081=CARTESIAN_POINT('',(0.117628477421805,0.00131317426329963,0.330807795551228));
#1082=CARTESIAN_POINT('',(0.117628477421805,0.00282310298490778,0.331199433646937));
#1083=CARTESIAN_POINT('',(0.116218327552145,0.00035679733505156,0.321116654267491));
#1084=CARTESIAN_POINT('',(0.117097345018356,0.000705349071743667,0.326187299853967));
#1085=CARTESIAN_POINT('',(0.117648817056941,0.00146227561383908,0.33023931810749));
#1086=CARTESIAN_POINT('',(0.117648817056941,0.00297065610541142,0.330630554630693));
#1087=CARTESIAN_POINT('',(0.116225603107478,0.000435454684771069,0.320811466075061));
#1088=CARTESIAN_POINT('',(0.117106989139577,0.000795541622797803,0.325843093922704));
#1089=CARTESIAN_POINT('',(0.117660437028045,0.001560939098414,0.32986478552569));
#1090=CARTESIAN_POINT('',(0.117660437028045,0.00306789632726833,0.330255652889811));
#1091=CARTESIAN_POINT('',(0.116236607286742,0.00058419946343396,0.320243660826167));
#1092=CARTESIAN_POINT('',(0.11712210466518,0.00096489548439282,0.325203008220339));
#1093=CARTESIAN_POINT('',(0.117679055733207,0.0017451569543331,0.329168457351985));
#1094=CARTESIAN_POINT('',(0.117679055733207,0.00324873400437868,0.32955844798148));
#1095=CARTESIAN_POINT('',(0.116240687234811,0.000653956085854456,0.319981021504986));
#1096=CARTESIAN_POINT('',(0.117127969148053,0.00104384517215344,0.324907059984893));
#1097=CARTESIAN_POINT('',(0.117686472284655,0.00183062545424031,0.328846566211863));
#1098=CARTESIAN_POINT('',(0.117686472284655,0.00333234926740114,0.329236076157632));
#1099=CARTESIAN_POINT('',(0.116250663360612,0.000877186080583007,0.319151617938998));
#1100=CARTESIAN_POINT('',(0.117143248679837,0.00129505616176254,0.323972856372875));
#1101=CARTESIAN_POINT('',(0.117706461590215,0.00210132199975742,0.327830661916715));
#1102=CARTESIAN_POINT('',(0.117706461590215,0.003596303275949,0.328218423015468));
#1103=CARTESIAN_POINT('',(0.116253164794673,0.00103370936429412,0.318585858003324));
#1104=CARTESIAN_POINT('',(0.117148875964071,0.00146915991594058,0.323336215824481));
#1105=CARTESIAN_POINT('',(0.117715017694038,0.00228712626992818,0.327138650291277));
#1106=CARTESIAN_POINT('',(0.117715017694038,0.0037761919208413,0.327524877023417));
#1107=CARTESIAN_POINT('',(0.116251934515577,0.00122054582813115,0.317928194346234));
#1108=CARTESIAN_POINT('',(0.117150810355831,0.00167466821687674,0.322596782277842));
#1109=CARTESIAN_POINT('',(0.117720087522546,0.00250440221653563,0.326335213471501));
#1110=CARTESIAN_POINT('',(0.117720087522546,0.00398514354635668,0.326719281081018));
#1111=CARTESIAN_POINT('',(0.1162516562741,0.00124766824259256,0.317833127347734));
#1112=CARTESIAN_POINT('',(0.11715097741444,0.00170445224737487,0.322489892519976));
#1113=CARTESIAN_POINT('',(0.117720700524188,0.00253584754328631,0.326219066986651));
#1114=CARTESIAN_POINT('',(0.117720700524188,0.00401535226027448,0.326602813849442));
#1115=CARTESIAN_POINT('',(0.116248272823586,0.00149267325777802,0.316977972161133));
#1116=CARTESIAN_POINT('',(0.117151491598172,0.00197306054980397,0.321528361518004));
#1117=CARTESIAN_POINT('',(0.117725160863481,0.0028190418939344,0.32517422361106));
#1118=CARTESIAN_POINT('',(0.117725160863481,0.00428712700160978,0.325555008510162));
#1119=CARTESIAN_POINT('',(0.116239030566019,0.00171904706885282,0.316213152577515));
#1120=CARTESIAN_POINT('',(0.117144954513276,0.0022181391122556,0.320668215509988));
#1121=CARTESIAN_POINT('',(0.117721674538387,0.00307464113427956,0.324239248849862));
#1122=CARTESIAN_POINT('',(0.117721674538387,0.00453046140962246,0.324616852555369));
#1123=CARTESIAN_POINT('',(0.116221627337624,0.00200222540697299,0.315287793413988));
#1124=CARTESIAN_POINT('',(0.117130031208278,0.00252088527936104,0.319627121891112));
#1125=CARTESIAN_POINT('',(0.11770995202211,0.00338690560806739,0.323107093324353));
#1126=CARTESIAN_POINT('',(0.11770995202211,0.00482528766415459,0.323480173987888));
#1127=CARTESIAN_POINT('',(0.116218381693013,0.00205170459638447,0.315127264244527));
#1128=CARTESIAN_POINT('',(0.117127186903555,0.00257363908382015,0.319446498996498));
#1129=CARTESIAN_POINT('',(0.11770764513692,0.00344118717405009,0.322910652609566));
#1130=CARTESIAN_POINT('',(0.11770764513692,0.00487644940571055,0.323282924067952));
#1131=CARTESIAN_POINT('',(0.116199818949583,0.00231878396855159,0.314266912232552));
#1132=CARTESIAN_POINT('',(0.117110625190333,0.00285762807987646,0.318478376770012));
#1133=CARTESIAN_POINT('',(0.117693870627425,0.00373270257296146,0.321857651510918));
#1134=CARTESIAN_POINT('',(0.117693870627425,0.00515073119788015,0.322225452998748));
#1135=CARTESIAN_POINT('',(0.11618059344725,0.00254256733059478,0.31356779443175));
#1136=CARTESIAN_POINT('',(0.117092492673989,0.00309288006840899,0.317691406665687));
#1137=CARTESIAN_POINT('',(0.11767767161612,0.00397171759420123,0.321001339404454));
#1138=CARTESIAN_POINT('',(0.11767767161612,0.00537390318760257,0.321365031602485));
#1139=CARTESIAN_POINT('',(0.116150766862728,0.00284544656301303,0.312648558199222));
#1140=CARTESIAN_POINT('',(0.11706349194985,0.00340785709726569,0.316656486404869));
#1141=CARTESIAN_POINT('',(0.117650824073572,0.0042885865149594,0.319874918214543));
#1142=CARTESIAN_POINT('',(0.117650824073572,0.00566762609247419,0.32023260690959));
#1143=CARTESIAN_POINT('',(0.116143153443714,0.00291982558037312,0.312424904441906));
#1144=CARTESIAN_POINT('',(0.117056029978488,0.00348494338978178,0.316404646508188));
#1145=CARTESIAN_POINT('',(0.117643853949131,0.00436589309263875,0.319600770168489));
#1146=CARTESIAN_POINT('',(0.117643853949131,0.00573912407842192,0.319956952258773));
#1147=CARTESIAN_POINT('',(0.116125190515129,0.00308944672466944,0.311919540853247));
#1148=CARTESIAN_POINT('',(0.117038299198615,0.00366013878290178,0.315835497528547));
#1149=CARTESIAN_POINT('',(0.117627161806268,0.00454104050216511,0.318981106888198));
#1150=CARTESIAN_POINT('',(0.117627161806268,0.00590075847350439,0.319333784037376));
#1151=CARTESIAN_POINT('',(0.116114645267469,0.00318510870306668,0.31163793676488));
#1152=CARTESIAN_POINT('',(0.117027806078534,0.00375852619916742,0.315518281207453));
#1153=CARTESIAN_POINT('',(0.117617196525306,0.00463900657463059,0.318635663083486));
#1154=CARTESIAN_POINT('',(0.117617196525306,0.00599088541795745,0.318986306957104));
#1155=CARTESIAN_POINT('',(0.116087187565375,0.0034257699877391,0.310937684367537));
#1156=CARTESIAN_POINT('',(0.117000292405057,0.0040049953483115,0.314729288466848));
#1157=CARTESIAN_POINT('',(0.1175908706802,0.00488345385222256,0.317776277086195));
#1158=CARTESIAN_POINT('',(0.1175908706802,0.00621514686293047,0.318121685255018));
#1159=CARTESIAN_POINT('',(0.116069681758209,0.00357202074473971,0.310519287713742));
#1160=CARTESIAN_POINT('',(0.116982587712792,0.00415385981619511,0.314257724078026));
#1161=CARTESIAN_POINT('',(0.117573764472214,0.00503024813152053,0.317262488550459));
#1162=CARTESIAN_POINT('',(0.117573764472214,0.00634926375548099,0.317604608519294));
#1163=CARTESIAN_POINT('',(0.116051197197769,0.00372030151880789,0.310101000443498));
#1164=CARTESIAN_POINT('',(0.116963742217496,0.00430401221238278,0.313786199507268));
#1165=CARTESIAN_POINT('',(0.117555404041446,0.0051775934877668,0.316748643871499));
#1166=CARTESIAN_POINT('',(0.117555404041446,0.00648342902929836,0.317087345253543));
#1167=CARTESIAN_POINT('',(0.116385566291789,-8.06963249829615E-5,0.34141162097375));
#1168=CARTESIAN_POINT('',(0.116397269550611,1.33551455728307E-6,0.341432848545866));
#1169=CARTESIAN_POINT('',(0.116402774491775,8.06696818343653E-5,0.341455105430143));
#1170=CARTESIAN_POINT('',(0.116401720587463,0.000156987342724858,0.341478424958291));
#1171=CARTESIAN_POINT('',(0.116385566291789,-8.06963249829588E-5,0.34141162097375));
#1172=CARTESIAN_POINT('',(0.116401726150295,0.000156986912453433,0.341478426617847));
#1173=CARTESIAN_POINT('',(0.116385566291789,-8.06963249829518E-5,0.341411620973749));
#1174=CARTESIAN_POINT('',(0.116516445363928,-0.000190131803626388,0.340834637306304));
#1175=CARTESIAN_POINT('',(0.116670370277208,-0.000278064767342331,0.339644167419294));
#1176=CARTESIAN_POINT('',(0.116903696060354,-0.000206455855156309,0.337253418893651));
#1177=CARTESIAN_POINT('',(0.117049986166114,1.11707328333426E-5,0.33426273597615));
#1178=CARTESIAN_POINT('',(0.117055757772701,0.000251773958102866,0.330668619003302));
#1179=CARTESIAN_POINT('',(0.116945810009061,0.000427281203877051,0.327675945699276));
#1180=CARTESIAN_POINT('',(0.116815847799577,0.000583771416672213,0.325285107995379));
#1181=CARTESIAN_POINT('',(0.116695147824587,0.000701567701991693,0.323493448491811));
#1182=CARTESIAN_POINT('',(0.11655731783976,0.000830331235648861,0.321702001999822));
#1183=CARTESIAN_POINT('',(0.116455257916072,0.000997180448420169,0.320216898696762));
#1184=CARTESIAN_POINT('',(0.116383703816318,0.00117118524605389,0.319035901095455));
#1185=CARTESIAN_POINT('',(0.11634491148582,0.00134244781070949,0.318156673151095));
#1186=CARTESIAN_POINT('',(0.116334508906252,0.00153929516083771,0.31743220638552));
#1187=CARTESIAN_POINT('',(0.116364667208022,0.00178665586976734,0.316867339457588));
#1188=CARTESIAN_POINT('',(0.116421269998946,0.00204279603422374,0.31648519602865));
#1189=CARTESIAN_POINT('',(0.116549809706966,0.00243746202819788,0.316244246908654));
#1190=CARTESIAN_POINT('',(0.116720355637356,0.00287868951599186,0.31626212718071));
#1191=CARTESIAN_POINT('',(0.116881037586373,0.00329016160799321,0.316388451565991));
#1192=CARTESIAN_POINT('',(0.117082198270312,0.00383280675919509,0.31660693418096));
#1193=CARTESIAN_POINT('',(0.117300778756164,0.00451774219525007,0.316884150495537));
#1194=CARTESIAN_POINT('',(0.117428094649161,0.00511088497926456,0.316996252872062));
#1195=CARTESIAN_POINT('',(0.117473701316251,0.00542858341312511,0.3169958621059));
#1196=CARTESIAN_POINT('',(0.117473701316251,0.00542858341312495,0.3169958621059));
#1197=CARTESIAN_POINT('',(0.117473701316251,0.00542858341312496,0.3169958621059));
#1198=CARTESIAN_POINT('',(0.117529643043581,0.00580018055526947,0.317030332037867));
#1199=CARTESIAN_POINT('',(0.1175592842499,0.00613828824167862,0.317114899180609));
#1200=CARTESIAN_POINT('',(0.117561315097818,0.00643991437590295,0.317255112449054));
#1201=CARTESIAN_POINT('',(0.117561322106369,0.00643991443577278,0.31725511221823));
#1202=CARTESIAN_POINT('',(0.115344738288499,0.0147030623326114,0.285397219748081));
#1203=CARTESIAN_POINT('',(0.11534,0.0147229610567691,0.285320501840763));
#1204=CARTESIAN_POINT('',(0.115335261711501,0.0147030623326114,0.285397219748081));
#1205=CARTESIAN_POINT('',(0.115305005457704,0.0146290926296306,0.285682403902235));
#1206=CARTESIAN_POINT('',(0.115276103600111,0.0145516634790593,0.285980925674295));
#1207=CARTESIAN_POINT('',(0.115241382716938,0.014460559084589,0.286332171233352));
#1208=CARTESIAN_POINT('',(0.115205041366274,0.0143637486486835,0.286705415969568));
#1209=CARTESIAN_POINT('',(0.115165964972655,0.0142589574413346,0.287109429918878));
#1210=CARTESIAN_POINT('',(0.115124558502768,0.0141468315803698,0.287541722026721));
#1211=CARTESIAN_POINT('',(0.115080799992364,0.0140271883258947,0.288002996831847));
#1212=CARTESIAN_POINT('',(0.115034792086639,0.0139000791806178,0.288493055769768));
#1213=CARTESIAN_POINT('',(0.114986606000305,0.0137654896803252,0.289011954606078));
#1214=CARTESIAN_POINT('',(0.114936325174834,0.0136234238791218,0.289559677710508));
#1215=CARTESIAN_POINT('',(0.114884032818689,0.013473880645997,0.290136229443578));
#1216=CARTESIAN_POINT('',(0.114829815238071,0.0133168602974703,0.29074160858497));
#1217=CARTESIAN_POINT('',(0.114773760818789,0.0131523627475952,0.291375815466046));
#1218=CARTESIAN_POINT('',(0.114715960299231,0.0129803880183263,0.292038850002161));
#1219=CARTESIAN_POINT('',(0.11465650678368,0.0128009361174996,0.292730712163105));
#1220=CARTESIAN_POINT('',(0.114595495908774,0.0126140069966697,0.293451402135653));
#1221=CARTESIAN_POINT('',(0.114533026192638,0.0124196008556583,0.294200919149411));
#1222=CARTESIAN_POINT('',(0.114469199081475,0.0122177169332615,0.294979266139137));
#1223=CARTESIAN_POINT('',(0.114404120743211,0.012008358159655,0.29578643180778));
#1224=CARTESIAN_POINT('',(0.114337897785145,0.0117915133151252,0.296622459412027));
#1225=CARTESIAN_POINT('',(0.114270656962006,0.0115672253735762,0.297487183269499));
#1226=CARTESIAN_POINT('',(0.114202473844689,0.0113353299366284,0.298381237204735));
#1227=CARTESIAN_POINT('',(0.114133650577547,0.0110964554789042,0.299302198185109));
#1228=CARTESIAN_POINT('',(0.114064153163766,0.0108499487437275,0.30025258478843));
#1229=CARTESIAN_POINT('',(0.113997071816335,0.0106065970839845,0.301190807255863));
#1230=CARTESIAN_POINT('',(0.113932160111472,0.0103657244750067,0.302119471945351));
#1231=CARTESIAN_POINT('',(0.113869566338189,0.0101279786287412,0.303036081656337));
#1232=CARTESIAN_POINT('',(0.113809207845179,0.00989318760746004,0.303941299280699));
#1233=CARTESIAN_POINT('',(0.11375106850683,0.00966139704218789,0.304834948891747));
#1234=CARTESIAN_POINT('',(0.11369511916995,0.00943259481936915,0.305717077192304));
#1235=CARTESIAN_POINT('',(0.113641338204277,0.00920678414992444,0.306587671802928));
#1236=CARTESIAN_POINT('',(0.113589705517152,0.00898396417877433,0.307446736020309));
#1237=CARTESIAN_POINT('',(0.113540203640228,0.00876413512987,0.308294268981021));
#1238=CARTESIAN_POINT('',(0.113492816969101,0.00854729694116638,0.309130270924274));
#1239=CARTESIAN_POINT('',(0.11344753152133,0.00833344962672741,0.309954741795845));
#1240=CARTESIAN_POINT('',(0.113404334584321,0.00812259318060263,0.310767681618676));
#1241=CARTESIAN_POINT('',(0.113363214418847,0.00791472760255537,0.311569090393679));
#1242=CARTESIAN_POINT('',(0.11332415997314,0.00770985289031517,0.312358968129608));
#1243=CARTESIAN_POINT('',(0.113287160619028,0.00750796904500093,0.313137314822149));
#1244=CARTESIAN_POINT('',(0.113252205904307,0.00730907605720624,0.313904130507567));
#1245=CARTESIAN_POINT('',(0.113219285328686,0.00711317395669078,0.314659415071128));
#1246=CARTESIAN_POINT('',(0.113188388115435,0.00692026262944562,0.315403168952382));
#1247=CARTESIAN_POINT('',(0.113159503077434,0.00673034249237612,0.316135390543986));
#1248=CARTESIAN_POINT('',(0.113132618210216,0.00654341200493286,0.316856085785401));
#1249=CARTESIAN_POINT('',(0.113107721363489,0.00635947684501118,0.317565232785965));
#1250=CARTESIAN_POINT('',(0.113084797004587,0.00617851607901124,0.318262912253465));
#1251=CARTESIAN_POINT('',(0.113063837452904,0.00600060686219029,0.318948826722103));
#1252=CARTESIAN_POINT('',(0.113044800842854,0.00582546487500378,0.319624072362681));
#1253=CARTESIAN_POINT('',(0.113027691208281,0.00565339109838013,0.320287488767791));
#1254=CARTESIAN_POINT('',(0.113012092827995,0.0054797466653049,0.320956960710689));
#1255=CARTESIAN_POINT('',(0.112998159642403,0.00530482751755988,0.321631347211983));
#1256=CARTESIAN_POINT('',(0.112985986493443,0.00512835332713747,0.322311729053434));
#1257=CARTESIAN_POINT('',(0.11297571627791,0.00495039983205049,0.322997814233313));
#1258=CARTESIAN_POINT('',(0.112967492480925,0.00477094601841799,0.323689683768923));
#1259=CARTESIAN_POINT('',(0.112961473294055,0.00458999971071976,0.324387307493621));
#1260=CARTESIAN_POINT('',(0.112957830332128,0.00440755061991001,0.325090725075983));
#1261=CARTESIAN_POINT('',(0.112956748251168,0.0042236321432005,0.325799807755784));
#1262=CARTESIAN_POINT('',(0.11295843790758,0.00403812018053201,0.326515033990677));
#1263=CARTESIAN_POINT('',(0.112963096072595,0.00385148020330956,0.327234609193641));
#1264=CARTESIAN_POINT('',(0.112971015933538,0.00366322560972073,0.327960409418257));
#1265=CARTESIAN_POINT('',(0.11298194548017,0.00348106282374297,0.328662723175701));
#1266=CARTESIAN_POINT('',(0.112995748801578,0.00330452712255602,0.329343342166885));
#1267=CARTESIAN_POINT('',(0.113012275448124,0.00313406584169506,0.330000541726157));
#1268=CARTESIAN_POINT('',(0.113031381479802,0.00296956210983353,0.330634772441377));
#1269=CARTESIAN_POINT('',(0.113052910061628,0.00281104646749601,0.331245916566046));
#1270=CARTESIAN_POINT('',(0.113076696366569,0.00265851087615402,0.331834005092054));
#1271=CARTESIAN_POINT('',(0.113102565896542,0.00251195774553244,0.332399028728905));
#1272=CARTESIAN_POINT('',(0.113130335241023,0.00237138536024612,0.332940994090125));
#1273=CARTESIAN_POINT('',(0.113159809452514,0.00223679815888821,0.333459884063081));
#1274=CARTESIAN_POINT('',(0.113190790093446,0.0021081806416653,0.33395575840596));
#1275=CARTESIAN_POINT('',(0.113223045075287,0.00198558860937842,0.33442840198333));
#1276=CARTESIAN_POINT('',(0.113256415988626,0.00186882138160603,0.334878588502178));
#1277=CARTESIAN_POINT('',(0.11329058767323,0.0017580924774883,0.335305494756884));
#1278=CARTESIAN_POINT('',(0.113326372460187,0.00165030949694362,0.335721043243632));
#1279=CARTESIAN_POINT('',(0.113363687430118,0.00154565687356333,0.33612452289376));
#1280=CARTESIAN_POINT('',(0.113402543361097,0.00144395840897996,0.336516613025696));
#1281=CARTESIAN_POINT('',(0.11344288657617,0.00134526032324891,0.336897135441788));
#1282=CARTESIAN_POINT('',(0.113484679998702,0.00124955047958524,0.337266136934419));
#1283=CARTESIAN_POINT('',(0.113527882012631,0.00115683204033151,0.337623605311438));
#1284=CARTESIAN_POINT('',(0.113572452128322,0.00106710415555145,0.337969543849702));
#1285=CARTESIAN_POINT('',(0.113618349620785,0.000980367022271116,0.338303951789595));
#1286=CARTESIAN_POINT('',(0.113665534007651,0.000896620559016893,0.338626829445232));
#1287=CARTESIAN_POINT('',(0.113713965043529,0.000815864751707563,0.3389381768709));
#1288=CARTESIAN_POINT('',(0.113763602838254,0.000738099562065356,0.339237994214178));
#1289=CARTESIAN_POINT('',(0.113814407939327,0.000663324950104341,0.339526281629228));
#1290=CARTESIAN_POINT('',(0.113866341419437,0.00059154086644801,0.339803039306416));
#1291=CARTESIAN_POINT('',(0.11391936495737,0.000522747252039419,0.340068267473432));
#1292=CARTESIAN_POINT('',(0.11397344091414,0.000456944035297379,0.340321966406252));
#1293=CARTESIAN_POINT('',(0.114028532402391,0.000394131129120091,0.340564136440689));
#1294=CARTESIAN_POINT('',(0.114084603347702,0.000334308426856663,0.340794777987927));
#1295=CARTESIAN_POINT('',(0.114141618539734,0.000277475797139198,0.341013891554444));
#1296=CARTESIAN_POINT('',(0.114199543670576,0.000223633077160602,0.341221477767929));
#1297=CARTESIAN_POINT('',(0.11425834535653,0.000172780063934637,0.341417537410981));
#1298=CARTESIAN_POINT('',(0.11431799113837,0.000124916502925779,0.341602071464939));
#1299=CARTESIAN_POINT('',(0.114378449451489,8.00420733692861E-5,0.341775081166486));
#1300=CARTESIAN_POINT('',(0.114439689557148,3.81563694183797E-5,0.341936568080331));
#1301=CARTESIAN_POINT('',(0.114501681404382,-7.41122999138935E-7,0.342086534188437));
#1302=CARTESIAN_POINT('',(0.114564395427811,-3.66510547719452E-5,0.342224982000253));
#1303=CARTESIAN_POINT('',(0.114627802079125,-6.95742396939108E-5,0.342351914653294));
#1304=CARTESIAN_POINT('',(0.114691871456658,-9.95116881503206E-5,0.342467336043019));
#1305=CARTESIAN_POINT('',(0.114756571016957,-0.000126464560725526,0.342571250643966));
#1306=CARTESIAN_POINT('',(0.114821866858929,-0.000150434222708601,0.342663663719895));
#1307=CARTESIAN_POINT('',(0.114887705422965,-0.00017142147116567,0.34274457834383));
#1308=CARTESIAN_POINT('',(0.114954047052798,-0.00018942756079144,0.342813999353143));
#1309=CARTESIAN_POINT('',(0.115020674097092,-0.000204446498599788,0.342871903642366));
#1310=CARTESIAN_POINT('',(0.115087660498117,-0.000216482455426978,0.342918307291818));
#1311=CARTESIAN_POINT('',(0.115153086180907,-0.000225464384694103,0.342952936387211));
#1312=CARTESIAN_POINT('',(0.115218128466749,-0.000231447024128914,0.342976001965388));
#1313=CARTESIAN_POINT('',(0.115269409737609,-0.000234469915818784,0.342987656477641));
#1314=CARTESIAN_POINT('',(0.11534,-0.000236277833900063,0.342994626758283));
#1315=CARTESIAN_POINT('',(0.115410590262391,-0.000234469915818784,0.342987656477641));
#1316=CARTESIAN_POINT('',(0.115461871533251,-0.000231447024128914,0.342976001965388));
#1317=CARTESIAN_POINT('',(0.115526913819093,-0.000225464384694103,0.342952936387211));
#1318=CARTESIAN_POINT('',(0.115592339501883,-0.000216482455426978,0.342918307291818));
#1319=CARTESIAN_POINT('',(0.115659325902908,-0.000204446498599788,0.342871903642366));
#1320=CARTESIAN_POINT('',(0.115725952947202,-0.000189427560791439,0.342813999353143));
#1321=CARTESIAN_POINT('',(0.115792294577035,-0.000171421471165672,0.34274457834383));
#1322=CARTESIAN_POINT('',(0.115858133141071,-0.0001504342227086,0.342663663719895));
#1323=CARTESIAN_POINT('',(0.115923428983043,-0.000126464560725526,0.342571250643966));
#1324=CARTESIAN_POINT('',(0.115988128543342,-9.95116881503206E-5,0.342467336043019));
#1325=CARTESIAN_POINT('',(0.116052197920874,-6.95742396939108E-5,0.342351914653294));
#1326=CARTESIAN_POINT('',(0.116115604572189,-3.66510547719452E-5,0.342224982000253));
#1327=CARTESIAN_POINT('',(0.116178318595618,-7.41122999139803E-7,0.342086534188437));
#1328=CARTESIAN_POINT('',(0.116240310442852,3.81563694183797E-5,0.341936568080331));
#1329=CARTESIAN_POINT('',(0.116301550548511,8.00420733692861E-5,0.341775081166486));
#1330=CARTESIAN_POINT('',(0.11636200886163,0.000124916502925778,0.341602071464939));
#1331=CARTESIAN_POINT('',(0.11642165464347,0.000172780063934637,0.341417537410981));
#1332=CARTESIAN_POINT('',(0.116480456329424,0.000223633077160602,0.341221477767929));
#1333=CARTESIAN_POINT('',(0.116538381460266,0.0002774757971392,0.341013891554444));
#1334=CARTESIAN_POINT('',(0.116595396652298,0.000334308426856661,0.340794777987927));
#1335=CARTESIAN_POINT('',(0.116651467597608,0.000394131129120091,0.340564136440689));
#1336=CARTESIAN_POINT('',(0.11670655908586,0.000456944035297379,0.340321966406252));
#1337=CARTESIAN_POINT('',(0.11676063504263,0.000522747252039418,0.340068267473432));
#1338=CARTESIAN_POINT('',(0.116813658580563,0.00059154086644801,0.339803039306416));
#1339=CARTESIAN_POINT('',(0.116865592060673,0.000663324950104339,0.339526281629228));
#1340=CARTESIAN_POINT('',(0.116916397161746,0.000738099562065357,0.339237994214178));
#1341=CARTESIAN_POINT('',(0.11696603495647,0.000815864751707562,0.338938176870901));
#1342=CARTESIAN_POINT('',(0.117014465992349,0.000896620559016894,0.338626829445232));
#1343=CARTESIAN_POINT('',(0.117061650379214,0.000980367022271116,0.338303951789595));
#1344=CARTESIAN_POINT('',(0.117107547871678,0.00106710415555145,0.337969543849702));
#1345=CARTESIAN_POINT('',(0.117152117987369,0.00115683204033151,0.337623605311438));
#1346=CARTESIAN_POINT('',(0.117195320001298,0.00124955047958523,0.337266136934419));
#1347=CARTESIAN_POINT('',(0.117237113423829,0.00134526032324891,0.336897135441788));
#1348=CARTESIAN_POINT('',(0.117277456638903,0.00144395840897996,0.336516613025696));
#1349=CARTESIAN_POINT('',(0.117316312569881,0.00154565687356333,0.33612452289376));
#1350=CARTESIAN_POINT('',(0.117353627539813,0.00165030949694362,0.335721043243632));
#1351=CARTESIAN_POINT('',(0.11738941232677,0.00175809247748831,0.335305494756884));
#1352=CARTESIAN_POINT('',(0.117423584011374,0.00186882138160603,0.334878588502178));
#1353=CARTESIAN_POINT('',(0.117456954924713,0.00198558860937842,0.33442840198333));
#1354=CARTESIAN_POINT('',(0.117489209906554,0.0021081806416653,0.33395575840596));
#1355=CARTESIAN_POINT('',(0.117520190547486,0.00223679815888821,0.333459884063081));
#1356=CARTESIAN_POINT('',(0.117549664758976,0.00237138536024612,0.332940994090125));
#1357=CARTESIAN_POINT('',(0.117577434103457,0.00251195774553244,0.332399028728905));
#1358=CARTESIAN_POINT('',(0.117603303633431,0.00265851087615402,0.331834005092054));
#1359=CARTESIAN_POINT('',(0.117627089938372,0.002811046467496,0.331245916566046));
#1360=CARTESIAN_POINT('',(0.117648618520198,0.00296956210983352,0.330634772441377));
#1361=CARTESIAN_POINT('',(0.117667724551876,0.00313406584169506,0.330000541726157));
#1362=CARTESIAN_POINT('',(0.117684251198422,0.00330452712255602,0.329343342166885));
#1363=CARTESIAN_POINT('',(0.11769805451983,0.00348106282374297,0.328662723175701));
#1364=CARTESIAN_POINT('',(0.117708984066462,0.00366322560972074,0.327960409418257));
#1365=CARTESIAN_POINT('',(0.117716903927405,0.00385148020330956,0.327234609193641));
#1366=CARTESIAN_POINT('',(0.11772156209242,0.00403812018053202,0.326515033990677));
#1367=CARTESIAN_POINT('',(0.117723251748832,0.0042236321432005,0.325799807755784));
#1368=CARTESIAN_POINT('',(0.117722169667872,0.00440755061991,0.325090725075983));
#1369=CARTESIAN_POINT('',(0.117718526705945,0.00458999971071976,0.324387307493621));
#1370=CARTESIAN_POINT('',(0.117712507519075,0.00477094601841799,0.323689683768923));
#1371=CARTESIAN_POINT('',(0.11770428372209,0.00495039983205049,0.322997814233313));
#1372=CARTESIAN_POINT('',(0.117694013506557,0.00512835332713748,0.322311729053434));
#1373=CARTESIAN_POINT('',(0.117681840357597,0.00530482751755988,0.321631347211983));
#1374=CARTESIAN_POINT('',(0.117667907172005,0.00547974666530489,0.320956960710689));
#1375=CARTESIAN_POINT('',(0.117652308791719,0.00565339109838013,0.320287488767791));
#1376=CARTESIAN_POINT('',(0.117635199157146,0.00582546487500378,0.319624072362681));
#1377=CARTESIAN_POINT('',(0.117616162547096,0.00600060686219029,0.318948826722103));
#1378=CARTESIAN_POINT('',(0.117595202995413,0.00617851607901124,0.318262912253465));
#1379=CARTESIAN_POINT('',(0.117572278636511,0.00635947684501118,0.317565232785965));
#1380=CARTESIAN_POINT('',(0.117547381789784,0.00654341200493286,0.316856085785401));
#1381=CARTESIAN_POINT('',(0.117520496922566,0.00673034249237612,0.316135390543986));
#1382=CARTESIAN_POINT('',(0.117491611884565,0.00692026262944562,0.315403168952382));
#1383=CARTESIAN_POINT('',(0.117460714671314,0.00711317395669078,0.314659415071128));
#1384=CARTESIAN_POINT('',(0.117427794095693,0.00730907605720624,0.313904130507567));
#1385=CARTESIAN_POINT('',(0.117392839380972,0.00750796904500092,0.313137314822149));
#1386=CARTESIAN_POINT('',(0.11735584002686,0.00770985289031517,0.312358968129608));
#1387=CARTESIAN_POINT('',(0.117316785581153,0.00791472760255537,0.311569090393679));
#1388=CARTESIAN_POINT('',(0.117275665415679,0.00812259318060263,0.310767681618676));
#1389=CARTESIAN_POINT('',(0.11723246847867,0.00833344962672741,0.309954741795845));
#1390=CARTESIAN_POINT('',(0.117187183030899,0.00854729694116638,0.309130270924274));
#1391=CARTESIAN_POINT('',(0.117139796359772,0.00876413512987,0.308294268981021));
#1392=CARTESIAN_POINT('',(0.117090294482848,0.00898396417877433,0.307446736020309));
#1393=CARTESIAN_POINT('',(0.117038661795723,0.00920678414992444,0.306587671802928));
#1394=CARTESIAN_POINT('',(0.11698488083005,0.00943259481936915,0.305717077192304));
#1395=CARTESIAN_POINT('',(0.11692893149317,0.00966139704218789,0.304834948891747));
#1396=CARTESIAN_POINT('',(0.116870792154821,0.00989318760746004,0.303941299280699));
#1397=CARTESIAN_POINT('',(0.116810433661811,0.0101279786287412,0.303036081656337));
#1398=CARTESIAN_POINT('',(0.116747839888528,0.0103657244750067,0.302119471945351));
#1399=CARTESIAN_POINT('',(0.116682928183665,0.0106065970839845,0.301190807255863));
#1400=CARTESIAN_POINT('',(0.116615846836234,0.0108499487437275,0.30025258478843));
#1401=CARTESIAN_POINT('',(0.116546349422453,0.0110964554789042,0.299302198185109));
#1402=CARTESIAN_POINT('',(0.116477526155311,0.0113353299366284,0.298381237204735));
#1403=CARTESIAN_POINT('',(0.116409343037994,0.0115672253735762,0.297487183269499));
#1404=CARTESIAN_POINT('',(0.116342102214855,0.0117915133151252,0.296622459412027));
#1405=CARTESIAN_POINT('',(0.116275879256789,0.012008358159655,0.29578643180778));
#1406=CARTESIAN_POINT('',(0.116210800918525,0.0122177169332615,0.294979266139137));
#1407=CARTESIAN_POINT('',(0.116146973807362,0.0124196008556583,0.294200919149411));
#1408=CARTESIAN_POINT('',(0.116084504091226,0.0126140069966697,0.293451402135653));
#1409=CARTESIAN_POINT('',(0.11602349321632,0.0128009361174996,0.292730712163105));
#1410=CARTESIAN_POINT('',(0.115964039700769,0.0129803880183263,0.292038850002161));
#1411=CARTESIAN_POINT('',(0.115906239181211,0.0131523627475952,0.291375815466046));
#1412=CARTESIAN_POINT('',(0.115850184761929,0.0133168602974703,0.29074160858497));
#1413=CARTESIAN_POINT('',(0.115795967181311,0.013473880645997,0.290136229443578));
#1414=CARTESIAN_POINT('',(0.115743674825166,0.0136234238791218,0.289559677710508));
#1415=CARTESIAN_POINT('',(0.115693393999695,0.0137654896803252,0.289011954606078));
#1416=CARTESIAN_POINT('',(0.115645207913361,0.0139000791806178,0.288493055769768));
#1417=CARTESIAN_POINT('',(0.115599200007636,0.0140271883258947,0.288002996831847));
#1418=CARTESIAN_POINT('',(0.115555441497232,0.0141468315803698,0.287541722026721));
#1419=CARTESIAN_POINT('',(0.115514035027345,0.0142589574413346,0.287109429918878));
#1420=CARTESIAN_POINT('',(0.115474958633726,0.0143637486486835,0.286705415969568));
#1421=CARTESIAN_POINT('',(0.115438617283062,0.014460559084589,0.286332171233352));
#1422=CARTESIAN_POINT('',(0.115403896399888,0.0145516634790593,0.285980925674295));
#1423=CARTESIAN_POINT('',(0.115374994542296,0.0146290926296306,0.285682403902235));
#1424=CARTESIAN_POINT('',(0.115344738288499,0.0147030623326114,0.285397219748081));
#1425=CARTESIAN_POINT('',(0.11534,0.0147229610567691,0.285320501840763));
#1426=CARTESIAN_POINT('',(0.115335261711501,0.0147030623326114,0.285397219748081));
#1427=CARTESIAN_POINT('',(0.115306810910407,0.00392044878224142,0.326968706465182));
#1428=CARTESIAN_POINT('',(0.115344738288499,0.0147030623326114,0.285397219748081));
#1429=CARTESIAN_POINT('',(0.11534,0.0147229610567691,0.285320501840763));
#1430=CARTESIAN_POINT('',(0.115335261711501,0.0147030623326114,0.285397219748081));
#1431=CARTESIAN_POINT('',(0.115305005457704,0.0146290926296306,0.285682403902235));
#1432=CARTESIAN_POINT('',(0.115276103600111,0.0145516634790593,0.285980925674295));
#1433=CARTESIAN_POINT('',(0.115241382716938,0.014460559084589,0.286332171233352));
#1434=CARTESIAN_POINT('',(0.115205041366274,0.0143637486486835,0.286705415969568));
#1435=CARTESIAN_POINT('',(0.115165964972655,0.0142589574413346,0.287109429918878));
#1436=CARTESIAN_POINT('',(0.115124558502768,0.0141468315803698,0.287541722026721));
#1437=CARTESIAN_POINT('',(0.115080799992364,0.0140271883258947,0.288002996831847));
#1438=CARTESIAN_POINT('',(0.115034792086639,0.0139000791806178,0.288493055769768));
#1439=CARTESIAN_POINT('',(0.114986606000305,0.0137654896803252,0.289011954606078));
#1440=CARTESIAN_POINT('',(0.114936325174834,0.0136234238791218,0.289559677710508));
#1441=CARTESIAN_POINT('',(0.114884032818689,0.013473880645997,0.290136229443578));
#1442=CARTESIAN_POINT('',(0.114829815238071,0.0133168602974703,0.29074160858497));
#1443=CARTESIAN_POINT('',(0.114773760818789,0.0131523627475952,0.291375815466046));
#1444=CARTESIAN_POINT('',(0.114715960299231,0.0129803880183263,0.292038850002161));
#1445=CARTESIAN_POINT('',(0.11465650678368,0.0128009361174996,0.292730712163105));
#1446=CARTESIAN_POINT('',(0.114595495908774,0.0126140069966697,0.293451402135653));
#1447=CARTESIAN_POINT('',(0.114533026192638,0.0124196008556583,0.294200919149411));
#1448=CARTESIAN_POINT('',(0.114469199081475,0.0122177169332615,0.294979266139137));
#1449=CARTESIAN_POINT('',(0.114404120743211,0.012008358159655,0.29578643180778));
#1450=CARTESIAN_POINT('',(0.114337897785145,0.0117915133151252,0.296622459412027));
#1451=CARTESIAN_POINT('',(0.114270656962006,0.0115672253735762,0.297487183269499));
#1452=CARTESIAN_POINT('',(0.114202473844689,0.0113353299366284,0.298381237204735));
#1453=CARTESIAN_POINT('',(0.114133650577547,0.0110964554789042,0.299302198185109));
#1454=CARTESIAN_POINT('',(0.114064153163766,0.0108499487437275,0.30025258478843));
#1455=CARTESIAN_POINT('',(0.113997071816335,0.0106065970839845,0.301190807255863));
#1456=CARTESIAN_POINT('',(0.113932160111472,0.0103657244750067,0.302119471945351));
#1457=CARTESIAN_POINT('',(0.113869566338189,0.0101279786287412,0.303036081656337));
#1458=CARTESIAN_POINT('',(0.113809207845179,0.00989318760746004,0.303941299280699));
#1459=CARTESIAN_POINT('',(0.11375106850683,0.00966139704218789,0.304834948891747));
#1460=CARTESIAN_POINT('',(0.11369511916995,0.00943259481936915,0.305717077192304));
#1461=CARTESIAN_POINT('',(0.113641338204277,0.00920678414992444,0.306587671802928));
#1462=CARTESIAN_POINT('',(0.113589705517152,0.00898396417877433,0.307446736020309));
#1463=CARTESIAN_POINT('',(0.113540203640228,0.00876413512987,0.308294268981021));
#1464=CARTESIAN_POINT('',(0.113492816969101,0.00854729694116638,0.309130270924274));
#1465=CARTESIAN_POINT('',(0.11344753152133,0.00833344962672741,0.309954741795845));
#1466=CARTESIAN_POINT('',(0.113404334584321,0.00812259318060263,0.310767681618676));
#1467=CARTESIAN_POINT('',(0.113363214418847,0.00791472760255537,0.311569090393679));
#1468=CARTESIAN_POINT('',(0.11332415997314,0.00770985289031517,0.312358968129608));
#1469=CARTESIAN_POINT('',(0.113287160619028,0.00750796904500093,0.313137314822149));
#1470=CARTESIAN_POINT('',(0.113252205904307,0.00730907605720624,0.313904130507567));
#1471=CARTESIAN_POINT('',(0.113219285328686,0.00711317395669078,0.314659415071128));
#1472=CARTESIAN_POINT('',(0.113188388115435,0.00692026262944562,0.315403168952382));
#1473=CARTESIAN_POINT('',(0.113159503077434,0.00673034249237612,0.316135390543986));
#1474=CARTESIAN_POINT('',(0.113132618210216,0.00654341200493286,0.316856085785401));
#1475=CARTESIAN_POINT('',(0.113107721363489,0.00635947684501118,0.317565232785965));
#1476=CARTESIAN_POINT('',(0.113084797004587,0.00617851607901124,0.318262912253465));
#1477=CARTESIAN_POINT('',(0.113063837452904,0.00600060686219029,0.318948826722103));
#1478=CARTESIAN_POINT('',(0.113044800842854,0.00582546487500378,0.319624072362681));
#1479=CARTESIAN_POINT('',(0.113027691208281,0.00565339109838013,0.320287488767791));
#1480=CARTESIAN_POINT('',(0.113012092827995,0.0054797466653049,0.320956960710689));
#1481=CARTESIAN_POINT('',(0.112998159642403,0.00530482751755988,0.321631347211983));
#1482=CARTESIAN_POINT('',(0.112985986493443,0.00512835332713747,0.322311729053434));
#1483=CARTESIAN_POINT('',(0.11297571627791,0.00495039983205049,0.322997814233313));
#1484=CARTESIAN_POINT('',(0.112967492480925,0.00477094601841799,0.323689683768923));
#1485=CARTESIAN_POINT('',(0.112961473294055,0.00458999971071976,0.324387307493621));
#1486=CARTESIAN_POINT('',(0.112957830332128,0.00440755061991001,0.325090725075983));
#1487=CARTESIAN_POINT('',(0.112956748251168,0.0042236321432005,0.325799807755784));
#1488=CARTESIAN_POINT('',(0.11295843790758,0.00403812018053201,0.326515033990677));
#1489=CARTESIAN_POINT('',(0.112963096072595,0.00385148020330956,0.327234609193641));
#1490=CARTESIAN_POINT('',(0.112971015933538,0.00366322560972073,0.327960409418257));
#1491=CARTESIAN_POINT('',(0.11298194548017,0.00348106282374297,0.328662723175701));
#1492=CARTESIAN_POINT('',(0.112995748801578,0.00330452712255602,0.329343342166885));
#1493=CARTESIAN_POINT('',(0.113012275448124,0.00313406584169506,0.330000541726157));
#1494=CARTESIAN_POINT('',(0.113031381479802,0.00296956210983353,0.330634772441377));
#1495=CARTESIAN_POINT('',(0.113052910061628,0.00281104646749601,0.331245916566046));
#1496=CARTESIAN_POINT('',(0.113076696366569,0.00265851087615402,0.331834005092054));
#1497=CARTESIAN_POINT('',(0.113102565896542,0.00251195774553244,0.332399028728905));
#1498=CARTESIAN_POINT('',(0.113130335241023,0.00237138536024612,0.332940994090125));
#1499=CARTESIAN_POINT('',(0.113159809452514,0.00223679815888821,0.333459884063081));
#1500=CARTESIAN_POINT('',(0.113190790093446,0.0021081806416653,0.33395575840596));
#1501=CARTESIAN_POINT('',(0.113223045075287,0.00198558860937842,0.33442840198333));
#1502=CARTESIAN_POINT('',(0.113256415988626,0.00186882138160603,0.334878588502178));
#1503=CARTESIAN_POINT('',(0.11329058767323,0.0017580924774883,0.335305494756884));
#1504=CARTESIAN_POINT('',(0.113326372460187,0.00165030949694362,0.335721043243632));
#1505=CARTESIAN_POINT('',(0.113363687430118,0.00154565687356333,0.33612452289376));
#1506=CARTESIAN_POINT('',(0.113402543361097,0.00144395840897996,0.336516613025696));
#1507=CARTESIAN_POINT('',(0.11344288657617,0.00134526032324891,0.336897135441788));
#1508=CARTESIAN_POINT('',(0.113484679998702,0.00124955047958524,0.337266136934419));
#1509=CARTESIAN_POINT('',(0.113527882012631,0.00115683204033151,0.337623605311438));
#1510=CARTESIAN_POINT('',(0.113572452128322,0.00106710415555145,0.337969543849702));
#1511=CARTESIAN_POINT('',(0.113618349620785,0.000980367022271116,0.338303951789595));
#1512=CARTESIAN_POINT('',(0.113665534007651,0.000896620559016893,0.338626829445232));
#1513=CARTESIAN_POINT('',(0.113713965043529,0.000815864751707563,0.3389381768709));
#1514=CARTESIAN_POINT('',(0.113763602838254,0.000738099562065356,0.339237994214178));
#1515=CARTESIAN_POINT('',(0.113814407939327,0.000663324950104341,0.339526281629228));
#1516=CARTESIAN_POINT('',(0.113866341419437,0.00059154086644801,0.339803039306416));
#1517=CARTESIAN_POINT('',(0.11391936495737,0.000522747252039419,0.340068267473432));
#1518=CARTESIAN_POINT('',(0.11397344091414,0.000456944035297379,0.340321966406252));
#1519=CARTESIAN_POINT('',(0.114028532402391,0.000394131129120091,0.340564136440689));
#1520=CARTESIAN_POINT('',(0.114084603347702,0.000334308426856663,0.340794777987927));
#1521=CARTESIAN_POINT('',(0.114141618539734,0.000277475797139198,0.341013891554444));
#1522=CARTESIAN_POINT('',(0.114199543670576,0.000223633077160602,0.341221477767929));
#1523=CARTESIAN_POINT('',(0.11425834535653,0.000172780063934637,0.341417537410981));
#1524=CARTESIAN_POINT('',(0.11431799113837,0.000124916502925779,0.341602071464939));
#1525=CARTESIAN_POINT('',(0.114378449451489,8.00420733692861E-5,0.341775081166486));
#1526=CARTESIAN_POINT('',(0.114439689557148,3.81563694183797E-5,0.341936568080331));
#1527=CARTESIAN_POINT('',(0.114501681404382,-7.41122999138935E-7,0.342086534188437));
#1528=CARTESIAN_POINT('',(0.114564395427811,-3.66510547719452E-5,0.342224982000253));
#1529=CARTESIAN_POINT('',(0.114627802079125,-6.95742396939108E-5,0.342351914653294));
#1530=CARTESIAN_POINT('',(0.114691871456658,-9.95116881503206E-5,0.342467336043019));
#1531=CARTESIAN_POINT('',(0.114756571016957,-0.000126464560725526,0.342571250643966));
#1532=CARTESIAN_POINT('',(0.114821866858929,-0.000150434222708601,0.342663663719895));
#1533=CARTESIAN_POINT('',(0.114887705422965,-0.00017142147116567,0.34274457834383));
#1534=CARTESIAN_POINT('',(0.114954047052798,-0.00018942756079144,0.342813999353143));
#1535=CARTESIAN_POINT('',(0.115020674097092,-0.000204446498599788,0.342871903642366));
#1536=CARTESIAN_POINT('',(0.115087660498117,-0.000216482455426978,0.342918307291818));
#1537=CARTESIAN_POINT('',(0.115153086180907,-0.000225464384694103,0.342952936387211));
#1538=CARTESIAN_POINT('',(0.115218128466749,-0.000231447024128914,0.342976001965388));
#1539=CARTESIAN_POINT('',(0.115269409737609,-0.000234469915818784,0.342987656477641));
#1540=CARTESIAN_POINT('',(0.11534,-0.000236277833900063,0.342994626758283));
#1541=CARTESIAN_POINT('',(0.115410590262391,-0.000234469915818784,0.342987656477641));
#1542=CARTESIAN_POINT('',(0.115461871533251,-0.000231447024128914,0.342976001965388));
#1543=CARTESIAN_POINT('',(0.115526913819093,-0.000225464384694103,0.342952936387211));
#1544=CARTESIAN_POINT('',(0.115592339501883,-0.000216482455426978,0.342918307291818));
#1545=CARTESIAN_POINT('',(0.115659325902908,-0.000204446498599788,0.342871903642366));
#1546=CARTESIAN_POINT('',(0.115725952947202,-0.000189427560791439,0.342813999353143));
#1547=CARTESIAN_POINT('',(0.115792294577035,-0.000171421471165672,0.34274457834383));
#1548=CARTESIAN_POINT('',(0.115858133141071,-0.0001504342227086,0.342663663719895));
#1549=CARTESIAN_POINT('',(0.115923428983043,-0.000126464560725526,0.342571250643966));
#1550=CARTESIAN_POINT('',(0.115988128543342,-9.95116881503206E-5,0.342467336043019));
#1551=CARTESIAN_POINT('',(0.116052197920874,-6.95742396939108E-5,0.342351914653294));
#1552=CARTESIAN_POINT('',(0.116115604572189,-3.66510547719452E-5,0.342224982000253));
#1553=CARTESIAN_POINT('',(0.116178318595618,-7.41122999139803E-7,0.342086534188437));
#1554=CARTESIAN_POINT('',(0.116240310442852,3.81563694183797E-5,0.341936568080331));
#1555=CARTESIAN_POINT('',(0.116301550548511,8.00420733692861E-5,0.341775081166486));
#1556=CARTESIAN_POINT('',(0.11636200886163,0.000124916502925778,0.341602071464939));
#1557=CARTESIAN_POINT('',(0.11642165464347,0.000172780063934637,0.341417537410981));
#1558=CARTESIAN_POINT('',(0.116480456329424,0.000223633077160602,0.341221477767929));
#1559=CARTESIAN_POINT('',(0.116538381460266,0.0002774757971392,0.341013891554444));
#1560=CARTESIAN_POINT('',(0.116595396652298,0.000334308426856661,0.340794777987927));
#1561=CARTESIAN_POINT('',(0.116651467597608,0.000394131129120091,0.340564136440689));
#1562=CARTESIAN_POINT('',(0.11670655908586,0.000456944035297379,0.340321966406252));
#1563=CARTESIAN_POINT('',(0.11676063504263,0.000522747252039418,0.340068267473432));
#1564=CARTESIAN_POINT('',(0.116813658580563,0.00059154086644801,0.339803039306416));
#1565=CARTESIAN_POINT('',(0.116865592060673,0.000663324950104339,0.339526281629228));
#1566=CARTESIAN_POINT('',(0.116916397161746,0.000738099562065357,0.339237994214178));
#1567=CARTESIAN_POINT('',(0.11696603495647,0.000815864751707562,0.338938176870901));
#1568=CARTESIAN_POINT('',(0.117014465992349,0.000896620559016894,0.338626829445232));
#1569=CARTESIAN_POINT('',(0.117061650379214,0.000980367022271116,0.338303951789595));
#1570=CARTESIAN_POINT('',(0.117107547871678,0.00106710415555145,0.337969543849702));
#1571=CARTESIAN_POINT('',(0.117152117987369,0.00115683204033151,0.337623605311438));
#1572=CARTESIAN_POINT('',(0.117195320001298,0.00124955047958523,0.337266136934419));
#1573=CARTESIAN_POINT('',(0.117237113423829,0.00134526032324891,0.336897135441788));
#1574=CARTESIAN_POINT('',(0.117277456638903,0.00144395840897996,0.336516613025696));
#1575=CARTESIAN_POINT('',(0.117316312569881,0.00154565687356333,0.33612452289376));
#1576=CARTESIAN_POINT('',(0.117353627539813,0.00165030949694362,0.335721043243632));
#1577=CARTESIAN_POINT('',(0.11738941232677,0.00175809247748831,0.335305494756884));
#1578=CARTESIAN_POINT('',(0.117423584011374,0.00186882138160603,0.334878588502178));
#1579=CARTESIAN_POINT('',(0.117456954924713,0.00198558860937842,0.33442840198333));
#1580=CARTESIAN_POINT('',(0.117489209906554,0.0021081806416653,0.33395575840596));
#1581=CARTESIAN_POINT('',(0.117520190547486,0.00223679815888821,0.333459884063081));
#1582=CARTESIAN_POINT('',(0.117549664758976,0.00237138536024612,0.332940994090125));
#1583=CARTESIAN_POINT('',(0.117577434103457,0.00251195774553244,0.332399028728905));
#1584=CARTESIAN_POINT('',(0.117603303633431,0.00265851087615402,0.331834005092054));
#1585=CARTESIAN_POINT('',(0.117627089938372,0.002811046467496,0.331245916566046));
#1586=CARTESIAN_POINT('',(0.117648618520198,0.00296956210983352,0.330634772441377));
#1587=CARTESIAN_POINT('',(0.117667724551876,0.00313406584169506,0.330000541726157));
#1588=CARTESIAN_POINT('',(0.117684251198422,0.00330452712255602,0.329343342166885));
#1589=CARTESIAN_POINT('',(0.11769805451983,0.00348106282374297,0.328662723175701));
#1590=CARTESIAN_POINT('',(0.117708984066462,0.00366322560972074,0.327960409418257));
#1591=CARTESIAN_POINT('',(0.117716903927405,0.00385148020330956,0.327234609193641));
#1592=CARTESIAN_POINT('',(0.11772156209242,0.00403812018053202,0.326515033990677));
#1593=CARTESIAN_POINT('',(0.117723251748832,0.0042236321432005,0.325799807755784));
#1594=CARTESIAN_POINT('',(0.117722169667872,0.00440755061991,0.325090725075983));
#1595=CARTESIAN_POINT('',(0.117718526705945,0.00458999971071976,0.324387307493621));
#1596=CARTESIAN_POINT('',(0.117712507519075,0.00477094601841799,0.323689683768923));
#1597=CARTESIAN_POINT('',(0.11770428372209,0.00495039983205049,0.322997814233313));
#1598=CARTESIAN_POINT('',(0.117694013506557,0.00512835332713748,0.322311729053434));
#1599=CARTESIAN_POINT('',(0.117681840357597,0.00530482751755988,0.321631347211983));
#1600=CARTESIAN_POINT('',(0.117667907172005,0.00547974666530489,0.320956960710689));
#1601=CARTESIAN_POINT('',(0.117652308791719,0.00565339109838013,0.320287488767791));
#1602=CARTESIAN_POINT('',(0.117635199157146,0.00582546487500378,0.319624072362681));
#1603=CARTESIAN_POINT('',(0.117616162547096,0.00600060686219029,0.318948826722103));
#1604=CARTESIAN_POINT('',(0.117595202995413,0.00617851607901124,0.318262912253465));
#1605=CARTESIAN_POINT('',(0.117572278636511,0.00635947684501118,0.317565232785965));
#1606=CARTESIAN_POINT('',(0.117547381789784,0.00654341200493286,0.316856085785401));
#1607=CARTESIAN_POINT('',(0.117520496922566,0.00673034249237612,0.316135390543986));
#1608=CARTESIAN_POINT('',(0.117491611884565,0.00692026262944562,0.315403168952382));
#1609=CARTESIAN_POINT('',(0.117460714671314,0.00711317395669078,0.314659415071128));
#1610=CARTESIAN_POINT('',(0.117427794095693,0.00730907605720624,0.313904130507567));
#1611=CARTESIAN_POINT('',(0.117392839380972,0.00750796904500092,0.313137314822149));
#1612=CARTESIAN_POINT('',(0.11735584002686,0.00770985289031517,0.312358968129608));
#1613=CARTESIAN_POINT('',(0.117316785581153,0.00791472760255537,0.311569090393679));
#1614=CARTESIAN_POINT('',(0.117275665415679,0.00812259318060263,0.310767681618676));
#1615=CARTESIAN_POINT('',(0.11723246847867,0.00833344962672741,0.309954741795845));
#1616=CARTESIAN_POINT('',(0.117187183030899,0.00854729694116638,0.309130270924274));
#1617=CARTESIAN_POINT('',(0.117139796359772,0.00876413512987,0.308294268981021));
#1618=CARTESIAN_POINT('',(0.117090294482848,0.00898396417877433,0.307446736020309));
#1619=CARTESIAN_POINT('',(0.117038661795723,0.00920678414992444,0.306587671802928));
#1620=CARTESIAN_POINT('',(0.11698488083005,0.00943259481936915,0.305717077192304));
#1621=CARTESIAN_POINT('',(0.11692893149317,0.00966139704218789,0.304834948891747));
#1622=CARTESIAN_POINT('',(0.116870792154821,0.00989318760746004,0.303941299280699));
#1623=CARTESIAN_POINT('',(0.116810433661811,0.0101279786287412,0.303036081656337));
#1624=CARTESIAN_POINT('',(0.116747839888528,0.0103657244750067,0.302119471945351));
#1625=CARTESIAN_POINT('',(0.116682928183665,0.0106065970839845,0.301190807255863));
#1626=CARTESIAN_POINT('',(0.116615846836234,0.0108499487437275,0.30025258478843));
#1627=CARTESIAN_POINT('',(0.116546349422453,0.0110964554789042,0.299302198185109));
#1628=CARTESIAN_POINT('',(0.116477526155311,0.0113353299366284,0.298381237204735));
#1629=CARTESIAN_POINT('',(0.116409343037994,0.0115672253735762,0.297487183269499));
#1630=CARTESIAN_POINT('',(0.116342102214855,0.0117915133151252,0.296622459412027));
#1631=CARTESIAN_POINT('',(0.116275879256789,0.012008358159655,0.29578643180778));
#1632=CARTESIAN_POINT('',(0.116210800918525,0.0122177169332615,0.294979266139137));
#1633=CARTESIAN_POINT('',(0.116146973807362,0.0124196008556583,0.294200919149411));
#1634=CARTESIAN_POINT('',(0.116084504091226,0.0126140069966697,0.293451402135653));
#1635=CARTESIAN_POINT('',(0.11602349321632,0.0128009361174996,0.292730712163105));
#1636=CARTESIAN_POINT('',(0.115964039700769,0.0129803880183263,0.292038850002161));
#1637=CARTESIAN_POINT('',(0.115906239181211,0.0131523627475952,0.291375815466046));
#1638=CARTESIAN_POINT('',(0.115850184761929,0.0133168602974703,0.29074160858497));
#1639=CARTESIAN_POINT('',(0.115795967181311,0.013473880645997,0.290136229443578));
#1640=CARTESIAN_POINT('',(0.115743674825166,0.0136234238791218,0.289559677710508));
#1641=CARTESIAN_POINT('',(0.115693393999695,0.0137654896803252,0.289011954606078));
#1642=CARTESIAN_POINT('',(0.115645207913361,0.0139000791806178,0.288493055769768));
#1643=CARTESIAN_POINT('',(0.115599200007636,0.0140271883258947,0.288002996831847));
#1644=CARTESIAN_POINT('',(0.115555441497232,0.0141468315803698,0.287541722026721));
#1645=CARTESIAN_POINT('',(0.115514035027345,0.0142589574413346,0.287109429918878));
#1646=CARTESIAN_POINT('',(0.115474958633726,0.0143637486486835,0.286705415969568));
#1647=CARTESIAN_POINT('',(0.115438617283062,0.014460559084589,0.286332171233352));
#1648=CARTESIAN_POINT('',(0.115403896399888,0.0145516634790593,0.285980925674295));
#1649=CARTESIAN_POINT('',(0.115374994542296,0.0146290926296306,0.285682403902235));
#1650=CARTESIAN_POINT('',(0.115344738288499,0.0147030623326114,0.285397219748081));
#1651=CARTESIAN_POINT('',(0.11534,0.0147229610567691,0.285320501840763));
#1652=CARTESIAN_POINT('',(0.115335261711501,0.0147030623326114,0.285397219748081));
#1653=CARTESIAN_POINT('',(0.11534,-0.000235646182959871,0.342992191479624));
#1654=CARTESIAN_POINT('',(0.115344738288499,0.0147030623326114,0.285397219748081));
#1655=CARTESIAN_POINT('',(0.11534,0.0147229610567691,0.285320501840763));
#1656=CARTESIAN_POINT('',(0.115335261711501,0.0147030623326114,0.285397219748081));
#1657=CARTESIAN_POINT('',(0.115305005457704,0.0146290926296306,0.285682403902235));
#1658=CARTESIAN_POINT('',(0.115276103600111,0.0145516634790593,0.285980925674295));
#1659=CARTESIAN_POINT('',(0.115241382716938,0.014460559084589,0.286332171233352));
#1660=CARTESIAN_POINT('',(0.115205041366274,0.0143637486486835,0.286705415969568));
#1661=CARTESIAN_POINT('',(0.115165964972655,0.0142589574413346,0.287109429918878));
#1662=CARTESIAN_POINT('',(0.115124558502768,0.0141468315803698,0.287541722026721));
#1663=CARTESIAN_POINT('',(0.115080799992364,0.0140271883258947,0.288002996831847));
#1664=CARTESIAN_POINT('',(0.115034792086639,0.0139000791806178,0.288493055769768));
#1665=CARTESIAN_POINT('',(0.114986606000305,0.0137654896803252,0.289011954606078));
#1666=CARTESIAN_POINT('',(0.114936325174834,0.0136234238791218,0.289559677710508));
#1667=CARTESIAN_POINT('',(0.114884032818689,0.013473880645997,0.290136229443578));
#1668=CARTESIAN_POINT('',(0.114829815238071,0.0133168602974703,0.29074160858497));
#1669=CARTESIAN_POINT('',(0.114773760818789,0.0131523627475952,0.291375815466046));
#1670=CARTESIAN_POINT('',(0.114715960299231,0.0129803880183263,0.292038850002161));
#1671=CARTESIAN_POINT('',(0.11465650678368,0.0128009361174996,0.292730712163105));
#1672=CARTESIAN_POINT('',(0.114595495908774,0.0126140069966697,0.293451402135653));
#1673=CARTESIAN_POINT('',(0.114533026192638,0.0124196008556583,0.294200919149411));
#1674=CARTESIAN_POINT('',(0.114469199081475,0.0122177169332615,0.294979266139137));
#1675=CARTESIAN_POINT('',(0.114404120743211,0.012008358159655,0.29578643180778));
#1676=CARTESIAN_POINT('',(0.114337897785145,0.0117915133151252,0.296622459412027));
#1677=CARTESIAN_POINT('',(0.114270656962006,0.0115672253735762,0.297487183269499));
#1678=CARTESIAN_POINT('',(0.114202473844689,0.0113353299366284,0.298381237204735));
#1679=CARTESIAN_POINT('',(0.114133650577547,0.0110964554789042,0.299302198185109));
#1680=CARTESIAN_POINT('',(0.114064153163766,0.0108499487437275,0.30025258478843));
#1681=CARTESIAN_POINT('',(0.113997071816335,0.0106065970839845,0.301190807255863));
#1682=CARTESIAN_POINT('',(0.113932160111472,0.0103657244750067,0.302119471945351));
#1683=CARTESIAN_POINT('',(0.113869566338189,0.0101279786287412,0.303036081656337));
#1684=CARTESIAN_POINT('',(0.113809207845179,0.00989318760746004,0.303941299280699));
#1685=CARTESIAN_POINT('',(0.11375106850683,0.00966139704218789,0.304834948891747));
#1686=CARTESIAN_POINT('',(0.11369511916995,0.00943259481936915,0.305717077192304));
#1687=CARTESIAN_POINT('',(0.113641338204277,0.00920678414992444,0.306587671802928));
#1688=CARTESIAN_POINT('',(0.113589705517152,0.00898396417877433,0.307446736020309));
#1689=CARTESIAN_POINT('',(0.113540203640228,0.00876413512987,0.308294268981021));
#1690=CARTESIAN_POINT('',(0.113492816969101,0.00854729694116638,0.309130270924274));
#1691=CARTESIAN_POINT('',(0.11344753152133,0.00833344962672741,0.309954741795845));
#1692=CARTESIAN_POINT('',(0.113404334584321,0.00812259318060263,0.310767681618676));
#1693=CARTESIAN_POINT('',(0.113363214418847,0.00791472760255537,0.311569090393679));
#1694=CARTESIAN_POINT('',(0.11332415997314,0.00770985289031517,0.312358968129608));
#1695=CARTESIAN_POINT('',(0.113287160619028,0.00750796904500093,0.313137314822149));
#1696=CARTESIAN_POINT('',(0.113252205904307,0.00730907605720624,0.313904130507567));
#1697=CARTESIAN_POINT('',(0.113219285328686,0.00711317395669078,0.314659415071128));
#1698=CARTESIAN_POINT('',(0.113188388115435,0.00692026262944562,0.315403168952382));
#1699=CARTESIAN_POINT('',(0.113159503077434,0.00673034249237612,0.316135390543986));
#1700=CARTESIAN_POINT('',(0.113132618210216,0.00654341200493286,0.316856085785401));
#1701=CARTESIAN_POINT('',(0.113107721363489,0.00635947684501118,0.317565232785965));
#1702=CARTESIAN_POINT('',(0.113084797004587,0.00617851607901124,0.318262912253465));
#1703=CARTESIAN_POINT('',(0.113063837452904,0.00600060686219029,0.318948826722103));
#1704=CARTESIAN_POINT('',(0.113044800842854,0.00582546487500378,0.319624072362681));
#1705=CARTESIAN_POINT('',(0.113027691208281,0.00565339109838013,0.320287488767791));
#1706=CARTESIAN_POINT('',(0.113012092827995,0.0054797466653049,0.320956960710689));
#1707=CARTESIAN_POINT('',(0.112998159642403,0.00530482751755988,0.321631347211983));
#1708=CARTESIAN_POINT('',(0.112985986493443,0.00512835332713747,0.322311729053434));
#1709=CARTESIAN_POINT('',(0.11297571627791,0.00495039983205049,0.322997814233313));
#1710=CARTESIAN_POINT('',(0.112967492480925,0.00477094601841799,0.323689683768923));
#1711=CARTESIAN_POINT('',(0.112961473294055,0.00458999971071976,0.324387307493621));
#1712=CARTESIAN_POINT('',(0.112957830332128,0.00440755061991001,0.325090725075983));
#1713=CARTESIAN_POINT('',(0.112956748251168,0.0042236321432005,0.325799807755784));
#1714=CARTESIAN_POINT('',(0.11295843790758,0.00403812018053201,0.326515033990677));
#1715=CARTESIAN_POINT('',(0.112963096072595,0.00385148020330956,0.327234609193641));
#1716=CARTESIAN_POINT('',(0.112971015933538,0.00366322560972073,0.327960409418257));
#1717=CARTESIAN_POINT('',(0.11298194548017,0.00348106282374297,0.328662723175701));
#1718=CARTESIAN_POINT('',(0.112995748801578,0.00330452712255602,0.329343342166885));
#1719=CARTESIAN_POINT('',(0.113012275448124,0.00313406584169506,0.330000541726157));
#1720=CARTESIAN_POINT('',(0.113031381479802,0.00296956210983353,0.330634772441377));
#1721=CARTESIAN_POINT('',(0.113052910061628,0.00281104646749601,0.331245916566046));
#1722=CARTESIAN_POINT('',(0.113076696366569,0.00265851087615402,0.331834005092054));
#1723=CARTESIAN_POINT('',(0.113102565896542,0.00251195774553244,0.332399028728905));
#1724=CARTESIAN_POINT('',(0.113130335241023,0.00237138536024612,0.332940994090125));
#1725=CARTESIAN_POINT('',(0.113159809452514,0.00223679815888821,0.333459884063081));
#1726=CARTESIAN_POINT('',(0.113190790093446,0.0021081806416653,0.33395575840596));
#1727=CARTESIAN_POINT('',(0.113223045075287,0.00198558860937842,0.33442840198333));
#1728=CARTESIAN_POINT('',(0.113256415988626,0.00186882138160603,0.334878588502178));
#1729=CARTESIAN_POINT('',(0.11329058767323,0.0017580924774883,0.335305494756884));
#1730=CARTESIAN_POINT('',(0.113326372460187,0.00165030949694362,0.335721043243632));
#1731=CARTESIAN_POINT('',(0.113363687430118,0.00154565687356333,0.33612452289376));
#1732=CARTESIAN_POINT('',(0.113402543361097,0.00144395840897996,0.336516613025696));
#1733=CARTESIAN_POINT('',(0.11344288657617,0.00134526032324891,0.336897135441788));
#1734=CARTESIAN_POINT('',(0.113484679998702,0.00124955047958524,0.337266136934419));
#1735=CARTESIAN_POINT('',(0.113527882012631,0.00115683204033151,0.337623605311438));
#1736=CARTESIAN_POINT('',(0.113572452128322,0.00106710415555145,0.337969543849702));
#1737=CARTESIAN_POINT('',(0.113618349620785,0.000980367022271116,0.338303951789595));
#1738=CARTESIAN_POINT('',(0.113665534007651,0.000896620559016893,0.338626829445232));
#1739=CARTESIAN_POINT('',(0.113713965043529,0.000815864751707563,0.3389381768709));
#1740=CARTESIAN_POINT('',(0.113763602838254,0.000738099562065356,0.339237994214178));
#1741=CARTESIAN_POINT('',(0.113814407939327,0.000663324950104341,0.339526281629228));
#1742=CARTESIAN_POINT('',(0.113866341419437,0.00059154086644801,0.339803039306416));
#1743=CARTESIAN_POINT('',(0.11391936495737,0.000522747252039419,0.340068267473432));
#1744=CARTESIAN_POINT('',(0.11397344091414,0.000456944035297379,0.340321966406252));
#1745=CARTESIAN_POINT('',(0.114028532402391,0.000394131129120091,0.340564136440689));
#1746=CARTESIAN_POINT('',(0.114084603347702,0.000334308426856663,0.340794777987927));
#1747=CARTESIAN_POINT('',(0.114141618539734,0.000277475797139198,0.341013891554444));
#1748=CARTESIAN_POINT('',(0.114199543670576,0.000223633077160602,0.341221477767929));
#1749=CARTESIAN_POINT('',(0.11425834535653,0.000172780063934637,0.341417537410981));
#1750=CARTESIAN_POINT('',(0.11431799113837,0.000124916502925779,0.341602071464939));
#1751=CARTESIAN_POINT('',(0.114378449451489,8.00420733692861E-5,0.341775081166486));
#1752=CARTESIAN_POINT('',(0.114439689557148,3.81563694183797E-5,0.341936568080331));
#1753=CARTESIAN_POINT('',(0.114501681404382,-7.41122999138935E-7,0.342086534188437));
#1754=CARTESIAN_POINT('',(0.114564395427811,-3.66510547719452E-5,0.342224982000253));
#1755=CARTESIAN_POINT('',(0.114627802079125,-6.95742396939108E-5,0.342351914653294));
#1756=CARTESIAN_POINT('',(0.114691871456658,-9.95116881503206E-5,0.342467336043019));
#1757=CARTESIAN_POINT('',(0.114756571016957,-0.000126464560725526,0.342571250643966));
#1758=CARTESIAN_POINT('',(0.114821866858929,-0.000150434222708601,0.342663663719895));
#1759=CARTESIAN_POINT('',(0.114887705422965,-0.00017142147116567,0.34274457834383));
#1760=CARTESIAN_POINT('',(0.114954047052798,-0.00018942756079144,0.342813999353143));
#1761=CARTESIAN_POINT('',(0.115020674097092,-0.000204446498599788,0.342871903642366));
#1762=CARTESIAN_POINT('',(0.115087660498117,-0.000216482455426978,0.342918307291818));
#1763=CARTESIAN_POINT('',(0.115153086180907,-0.000225464384694103,0.342952936387211));
#1764=CARTESIAN_POINT('',(0.115218128466749,-0.000231447024128914,0.342976001965388));
#1765=CARTESIAN_POINT('',(0.115269409737609,-0.000234469915818784,0.342987656477641));
#1766=CARTESIAN_POINT('',(0.11534,-0.000236277833900063,0.342994626758283));
#1767=CARTESIAN_POINT('',(0.115410590262391,-0.000234469915818784,0.342987656477641));
#1768=CARTESIAN_POINT('',(0.115461871533251,-0.000231447024128914,0.342976001965388));
#1769=CARTESIAN_POINT('',(0.115526913819093,-0.000225464384694103,0.342952936387211));
#1770=CARTESIAN_POINT('',(0.115592339501883,-0.000216482455426978,0.342918307291818));
#1771=CARTESIAN_POINT('',(0.115659325902908,-0.000204446498599788,0.342871903642366));
#1772=CARTESIAN_POINT('',(0.115725952947202,-0.000189427560791439,0.342813999353143));
#1773=CARTESIAN_POINT('',(0.115792294577035,-0.000171421471165672,0.34274457834383));
#1774=CARTESIAN_POINT('',(0.115858133141071,-0.0001504342227086,0.342663663719895));
#1775=CARTESIAN_POINT('',(0.115923428983043,-0.000126464560725526,0.342571250643966));
#1776=CARTESIAN_POINT('',(0.115988128543342,-9.95116881503206E-5,0.342467336043019));
#1777=CARTESIAN_POINT('',(0.116052197920874,-6.95742396939108E-5,0.342351914653294));
#1778=CARTESIAN_POINT('',(0.116115604572189,-3.66510547719452E-5,0.342224982000253));
#1779=CARTESIAN_POINT('',(0.116178318595618,-7.41122999139803E-7,0.342086534188437));
#1780=CARTESIAN_POINT('',(0.116240310442852,3.81563694183797E-5,0.341936568080331));
#1781=CARTESIAN_POINT('',(0.116301550548511,8.00420733692861E-5,0.341775081166486));
#1782=CARTESIAN_POINT('',(0.11636200886163,0.000124916502925778,0.341602071464939));
#1783=CARTESIAN_POINT('',(0.11642165464347,0.000172780063934637,0.341417537410981));
#1784=CARTESIAN_POINT('',(0.116480456329424,0.000223633077160602,0.341221477767929));
#1785=CARTESIAN_POINT('',(0.116538381460266,0.0002774757971392,0.341013891554444));
#1786=CARTESIAN_POINT('',(0.116595396652298,0.000334308426856661,0.340794777987927));
#1787=CARTESIAN_POINT('',(0.116651467597608,0.000394131129120091,0.340564136440689));
#1788=CARTESIAN_POINT('',(0.11670655908586,0.000456944035297379,0.340321966406252));
#1789=CARTESIAN_POINT('',(0.11676063504263,0.000522747252039418,0.340068267473432));
#1790=CARTESIAN_POINT('',(0.116813658580563,0.00059154086644801,0.339803039306416));
#1791=CARTESIAN_POINT('',(0.116865592060673,0.000663324950104339,0.339526281629228));
#1792=CARTESIAN_POINT('',(0.116916397161746,0.000738099562065357,0.339237994214178));
#1793=CARTESIAN_POINT('',(0.11696603495647,0.000815864751707562,0.338938176870901));
#1794=CARTESIAN_POINT('',(0.117014465992349,0.000896620559016894,0.338626829445232));
#1795=CARTESIAN_POINT('',(0.117061650379214,0.000980367022271116,0.338303951789595));
#1796=CARTESIAN_POINT('',(0.117107547871678,0.00106710415555145,0.337969543849702));
#1797=CARTESIAN_POINT('',(0.117152117987369,0.00115683204033151,0.337623605311438));
#1798=CARTESIAN_POINT('',(0.117195320001298,0.00124955047958523,0.337266136934419));
#1799=CARTESIAN_POINT('',(0.117237113423829,0.00134526032324891,0.336897135441788));
#1800=CARTESIAN_POINT('',(0.117277456638903,0.00144395840897996,0.336516613025696));
#1801=CARTESIAN_POINT('',(0.117316312569881,0.00154565687356333,0.33612452289376));
#1802=CARTESIAN_POINT('',(0.117353627539813,0.00165030949694362,0.335721043243632));
#1803=CARTESIAN_POINT('',(0.11738941232677,0.00175809247748831,0.335305494756884));
#1804=CARTESIAN_POINT('',(0.117423584011374,0.00186882138160603,0.334878588502178));
#1805=CARTESIAN_POINT('',(0.117456954924713,0.00198558860937842,0.33442840198333));
#1806=CARTESIAN_POINT('',(0.117489209906554,0.0021081806416653,0.33395575840596));
#1807=CARTESIAN_POINT('',(0.117520190547486,0.00223679815888821,0.333459884063081));
#1808=CARTESIAN_POINT('',(0.117549664758976,0.00237138536024612,0.332940994090125));
#1809=CARTESIAN_POINT('',(0.117577434103457,0.00251195774553244,0.332399028728905));
#1810=CARTESIAN_POINT('',(0.117603303633431,0.00265851087615402,0.331834005092054));
#1811=CARTESIAN_POINT('',(0.117627089938372,0.002811046467496,0.331245916566046));
#1812=CARTESIAN_POINT('',(0.117648618520198,0.00296956210983352,0.330634772441377));
#1813=CARTESIAN_POINT('',(0.117667724551876,0.00313406584169506,0.330000541726157));
#1814=CARTESIAN_POINT('',(0.117684251198422,0.00330452712255602,0.329343342166885));
#1815=CARTESIAN_POINT('',(0.11769805451983,0.00348106282374297,0.328662723175701));
#1816=CARTESIAN_POINT('',(0.117708984066462,0.00366322560972074,0.327960409418257));
#1817=CARTESIAN_POINT('',(0.117716903927405,0.00385148020330956,0.327234609193641));
#1818=CARTESIAN_POINT('',(0.11772156209242,0.00403812018053202,0.326515033990677));
#1819=CARTESIAN_POINT('',(0.117723251748832,0.0042236321432005,0.325799807755784));
#1820=CARTESIAN_POINT('',(0.117722169667872,0.00440755061991,0.325090725075983));
#1821=CARTESIAN_POINT('',(0.117718526705945,0.00458999971071976,0.324387307493621));
#1822=CARTESIAN_POINT('',(0.117712507519075,0.00477094601841799,0.323689683768923));
#1823=CARTESIAN_POINT('',(0.11770428372209,0.00495039983205049,0.322997814233313));
#1824=CARTESIAN_POINT('',(0.117694013506557,0.00512835332713748,0.322311729053434));
#1825=CARTESIAN_POINT('',(0.117681840357597,0.00530482751755988,0.321631347211983));
#1826=CARTESIAN_POINT('',(0.117667907172005,0.00547974666530489,0.320956960710689));
#1827=CARTESIAN_POINT('',(0.117652308791719,0.00565339109838013,0.320287488767791));
#1828=CARTESIAN_POINT('',(0.117635199157146,0.00582546487500378,0.319624072362681));
#1829=CARTESIAN_POINT('',(0.117616162547096,0.00600060686219029,0.318948826722103));
#1830=CARTESIAN_POINT('',(0.117595202995413,0.00617851607901124,0.318262912253465));
#1831=CARTESIAN_POINT('',(0.117572278636511,0.00635947684501118,0.317565232785965));
#1832=CARTESIAN_POINT('',(0.117547381789784,0.00654341200493286,0.316856085785401));
#1833=CARTESIAN_POINT('',(0.117520496922566,0.00673034249237612,0.316135390543986));
#1834=CARTESIAN_POINT('',(0.117491611884565,0.00692026262944562,0.315403168952382));
#1835=CARTESIAN_POINT('',(0.117460714671314,0.00711317395669078,0.314659415071128));
#1836=CARTESIAN_POINT('',(0.117427794095693,0.00730907605720624,0.313904130507567));
#1837=CARTESIAN_POINT('',(0.117392839380972,0.00750796904500092,0.313137314822149));
#1838=CARTESIAN_POINT('',(0.11735584002686,0.00770985289031517,0.312358968129608));
#1839=CARTESIAN_POINT('',(0.117316785581153,0.00791472760255537,0.311569090393679));
#1840=CARTESIAN_POINT('',(0.117275665415679,0.00812259318060263,0.310767681618676));
#1841=CARTESIAN_POINT('',(0.11723246847867,0.00833344962672741,0.309954741795845));
#1842=CARTESIAN_POINT('',(0.117187183030899,0.00854729694116638,0.309130270924274));
#1843=CARTESIAN_POINT('',(0.117139796359772,0.00876413512987,0.308294268981021));
#1844=CARTESIAN_POINT('',(0.117090294482848,0.00898396417877433,0.307446736020309));
#1845=CARTESIAN_POINT('',(0.117038661795723,0.00920678414992444,0.306587671802928));
#1846=CARTESIAN_POINT('',(0.11698488083005,0.00943259481936915,0.305717077192304));
#1847=CARTESIAN_POINT('',(0.11692893149317,0.00966139704218789,0.304834948891747));
#1848=CARTESIAN_POINT('',(0.116870792154821,0.00989318760746004,0.303941299280699));
#1849=CARTESIAN_POINT('',(0.116810433661811,0.0101279786287412,0.303036081656337));
#1850=CARTESIAN_POINT('',(0.116747839888528,0.0103657244750067,0.302119471945351));
#1851=CARTESIAN_POINT('',(0.116682928183665,0.0106065970839845,0.301190807255863));
#1852=CARTESIAN_POINT('',(0.116615846836234,0.0108499487437275,0.30025258478843));
#1853=CARTESIAN_POINT('',(0.116546349422453,0.0110964554789042,0.299302198185109));
#1854=CARTESIAN_POINT('',(0.116477526155311,0.0113353299366284,0.298381237204735));
#1855=CARTESIAN_POINT('',(0.116409343037994,0.0115672253735762,0.297487183269499));
#1856=CARTESIAN_POINT('',(0.116342102214855,0.0117915133151252,0.296622459412027));
#1857=CARTESIAN_POINT('',(0.116275879256789,0.012008358159655,0.29578643180778));
#1858=CARTESIAN_POINT('',(0.116210800918525,0.0122177169332615,0.294979266139137));
#1859=CARTESIAN_POINT('',(0.116146973807362,0.0124196008556583,0.294200919149411));
#1860=CARTESIAN_POINT('',(0.116084504091226,0.0126140069966697,0.293451402135653));
#1861=CARTESIAN_POINT('',(0.11602349321632,0.0128009361174996,0.292730712163105));
#1862=CARTESIAN_POINT('',(0.115964039700769,0.0129803880183263,0.292038850002161));
#1863=CARTESIAN_POINT('',(0.115906239181211,0.0131523627475952,0.291375815466046));
#1864=CARTESIAN_POINT('',(0.115850184761929,0.0133168602974703,0.29074160858497));
#1865=CARTESIAN_POINT('',(0.115795967181311,0.013473880645997,0.290136229443578));
#1866=CARTESIAN_POINT('',(0.115743674825166,0.0136234238791218,0.289559677710508));
#1867=CARTESIAN_POINT('',(0.115693393999695,0.0137654896803252,0.289011954606078));
#1868=CARTESIAN_POINT('',(0.115645207913361,0.0139000791806178,0.288493055769768));
#1869=CARTESIAN_POINT('',(0.115599200007636,0.0140271883258947,0.288002996831847));
#1870=CARTESIAN_POINT('',(0.115555441497232,0.0141468315803698,0.287541722026721));
#1871=CARTESIAN_POINT('',(0.115514035027345,0.0142589574413346,0.287109429918878));
#1872=CARTESIAN_POINT('',(0.115474958633726,0.0143637486486835,0.286705415969568));
#1873=CARTESIAN_POINT('',(0.115438617283062,0.014460559084589,0.286332171233352));
#1874=CARTESIAN_POINT('',(0.115403896399888,0.0145516634790593,0.285980925674295));
#1875=CARTESIAN_POINT('',(0.115374994542296,0.0146290926296306,0.285682403902235));
#1876=CARTESIAN_POINT('',(0.115344738288499,0.0147030623326114,0.285397219748081));
#1877=CARTESIAN_POINT('',(0.11534,0.0147229610567691,0.285320501840763));
#1878=CARTESIAN_POINT('',(0.115335261711501,0.0147030623326114,0.285397219748081));
#1879=CARTESIAN_POINT('',(0.115703557975959,0.0137366357702363,0.289123198502041));
#1880=CARTESIAN_POINT('',(0.11534,0.0137284979419489,0.289154573234982));
#1881=CARTESIAN_POINT('',(0.115641898648091,0.0137800048016692,0.288955992740123));
#1882=CARTESIAN_POINT('',(0.11534,0.0137284979419489,0.289154573234982));
#1883=CARTESIAN_POINT('',(0.114976442024041,0.0137366357702361,0.289123198502041));
#1884=CARTESIAN_POINT('',(0.115344738288499,0.0147030623326114,0.285397219748081));
#1885=CARTESIAN_POINT('',(0.11534,0.0147229610567691,0.285320501840763));
#1886=CARTESIAN_POINT('',(0.115335261711501,0.0147030623326114,0.285397219748081));
#1887=CARTESIAN_POINT('',(0.115305005457704,0.0146290926296306,0.285682403902235));
#1888=CARTESIAN_POINT('',(0.115276103600111,0.0145516634790593,0.285980925674295));
#1889=CARTESIAN_POINT('',(0.115241382716938,0.014460559084589,0.286332171233352));
#1890=CARTESIAN_POINT('',(0.115205041366274,0.0143637486486835,0.286705415969568));
#1891=CARTESIAN_POINT('',(0.115165964972655,0.0142589574413346,0.287109429918878));
#1892=CARTESIAN_POINT('',(0.115124558502768,0.0141468315803698,0.287541722026721));
#1893=CARTESIAN_POINT('',(0.115080799992364,0.0140271883258947,0.288002996831847));
#1894=CARTESIAN_POINT('',(0.115034792086639,0.0139000791806178,0.288493055769768));
#1895=CARTESIAN_POINT('',(0.114986606000305,0.0137654896803252,0.289011954606078));
#1896=CARTESIAN_POINT('',(0.114936325174834,0.0136234238791218,0.289559677710508));
#1897=CARTESIAN_POINT('',(0.114884032818689,0.013473880645997,0.290136229443578));
#1898=CARTESIAN_POINT('',(0.114829815238071,0.0133168602974703,0.29074160858497));
#1899=CARTESIAN_POINT('',(0.114773760818789,0.0131523627475952,0.291375815466046));
#1900=CARTESIAN_POINT('',(0.114715960299231,0.0129803880183263,0.292038850002161));
#1901=CARTESIAN_POINT('',(0.11465650678368,0.0128009361174996,0.292730712163105));
#1902=CARTESIAN_POINT('',(0.114595495908774,0.0126140069966697,0.293451402135653));
#1903=CARTESIAN_POINT('',(0.114533026192638,0.0124196008556583,0.294200919149411));
#1904=CARTESIAN_POINT('',(0.114469199081475,0.0122177169332615,0.294979266139137));
#1905=CARTESIAN_POINT('',(0.114404120743211,0.012008358159655,0.29578643180778));
#1906=CARTESIAN_POINT('',(0.114337897785145,0.0117915133151252,0.296622459412027));
#1907=CARTESIAN_POINT('',(0.114270656962006,0.0115672253735762,0.297487183269499));
#1908=CARTESIAN_POINT('',(0.114202473844689,0.0113353299366284,0.298381237204735));
#1909=CARTESIAN_POINT('',(0.114133650577547,0.0110964554789042,0.299302198185109));
#1910=CARTESIAN_POINT('',(0.114064153163766,0.0108499487437275,0.30025258478843));
#1911=CARTESIAN_POINT('',(0.113997071816335,0.0106065970839845,0.301190807255863));
#1912=CARTESIAN_POINT('',(0.113932160111472,0.0103657244750067,0.302119471945351));
#1913=CARTESIAN_POINT('',(0.113869566338189,0.0101279786287412,0.303036081656337));
#1914=CARTESIAN_POINT('',(0.113809207845179,0.00989318760746004,0.303941299280699));
#1915=CARTESIAN_POINT('',(0.11375106850683,0.00966139704218789,0.304834948891747));
#1916=CARTESIAN_POINT('',(0.11369511916995,0.00943259481936915,0.305717077192304));
#1917=CARTESIAN_POINT('',(0.113641338204277,0.00920678414992444,0.306587671802928));
#1918=CARTESIAN_POINT('',(0.113589705517152,0.00898396417877433,0.307446736020309));
#1919=CARTESIAN_POINT('',(0.113540203640228,0.00876413512987,0.308294268981021));
#1920=CARTESIAN_POINT('',(0.113492816969101,0.00854729694116638,0.309130270924274));
#1921=CARTESIAN_POINT('',(0.11344753152133,0.00833344962672741,0.309954741795845));
#1922=CARTESIAN_POINT('',(0.113404334584321,0.00812259318060263,0.310767681618676));
#1923=CARTESIAN_POINT('',(0.113363214418847,0.00791472760255537,0.311569090393679));
#1924=CARTESIAN_POINT('',(0.11332415997314,0.00770985289031517,0.312358968129608));
#1925=CARTESIAN_POINT('',(0.113287160619028,0.00750796904500093,0.313137314822149));
#1926=CARTESIAN_POINT('',(0.113252205904307,0.00730907605720624,0.313904130507567));
#1927=CARTESIAN_POINT('',(0.113219285328686,0.00711317395669078,0.314659415071128));
#1928=CARTESIAN_POINT('',(0.113188388115435,0.00692026262944562,0.315403168952382));
#1929=CARTESIAN_POINT('',(0.113159503077434,0.00673034249237612,0.316135390543986));
#1930=CARTESIAN_POINT('',(0.113132618210216,0.00654341200493286,0.316856085785401));
#1931=CARTESIAN_POINT('',(0.113107721363489,0.00635947684501118,0.317565232785965));
#1932=CARTESIAN_POINT('',(0.113084797004587,0.00617851607901124,0.318262912253465));
#1933=CARTESIAN_POINT('',(0.113063837452904,0.00600060686219029,0.318948826722103));
#1934=CARTESIAN_POINT('',(0.113044800842854,0.00582546487500378,0.319624072362681));
#1935=CARTESIAN_POINT('',(0.113027691208281,0.00565339109838013,0.320287488767791));
#1936=CARTESIAN_POINT('',(0.113012092827995,0.0054797466653049,0.320956960710689));
#1937=CARTESIAN_POINT('',(0.112998159642403,0.00530482751755988,0.321631347211983));
#1938=CARTESIAN_POINT('',(0.112985986493443,0.00512835332713747,0.322311729053434));
#1939=CARTESIAN_POINT('',(0.11297571627791,0.00495039983205049,0.322997814233313));
#1940=CARTESIAN_POINT('',(0.112967492480925,0.00477094601841799,0.323689683768923));
#1941=CARTESIAN_POINT('',(0.112961473294055,0.00458999971071976,0.324387307493621));
#1942=CARTESIAN_POINT('',(0.112957830332128,0.00440755061991001,0.325090725075983));
#1943=CARTESIAN_POINT('',(0.112956748251168,0.0042236321432005,0.325799807755784));
#1944=CARTESIAN_POINT('',(0.11295843790758,0.00403812018053201,0.326515033990677));
#1945=CARTESIAN_POINT('',(0.112963096072595,0.00385148020330956,0.327234609193641));
#1946=CARTESIAN_POINT('',(0.112971015933538,0.00366322560972073,0.327960409418257));
#1947=CARTESIAN_POINT('',(0.11298194548017,0.00348106282374297,0.328662723175701));
#1948=CARTESIAN_POINT('',(0.112995748801578,0.00330452712255602,0.329343342166885));
#1949=CARTESIAN_POINT('',(0.113012275448124,0.00313406584169506,0.330000541726157));
#1950=CARTESIAN_POINT('',(0.113031381479802,0.00296956210983353,0.330634772441377));
#1951=CARTESIAN_POINT('',(0.113052910061628,0.00281104646749601,0.331245916566046));
#1952=CARTESIAN_POINT('',(0.113076696366569,0.00265851087615402,0.331834005092054));
#1953=CARTESIAN_POINT('',(0.113102565896542,0.00251195774553244,0.332399028728905));
#1954=CARTESIAN_POINT('',(0.113130335241023,0.00237138536024612,0.332940994090125));
#1955=CARTESIAN_POINT('',(0.113159809452514,0.00223679815888821,0.333459884063081));
#1956=CARTESIAN_POINT('',(0.113190790093446,0.0021081806416653,0.33395575840596));
#1957=CARTESIAN_POINT('',(0.113223045075287,0.00198558860937842,0.33442840198333));
#1958=CARTESIAN_POINT('',(0.113256415988626,0.00186882138160603,0.334878588502178));
#1959=CARTESIAN_POINT('',(0.11329058767323,0.0017580924774883,0.335305494756884));
#1960=CARTESIAN_POINT('',(0.113326372460187,0.00165030949694362,0.335721043243632));
#1961=CARTESIAN_POINT('',(0.113363687430118,0.00154565687356333,0.33612452289376));
#1962=CARTESIAN_POINT('',(0.113402543361097,0.00144395840897996,0.336516613025696));
#1963=CARTESIAN_POINT('',(0.11344288657617,0.00134526032324891,0.336897135441788));
#1964=CARTESIAN_POINT('',(0.113484679998702,0.00124955047958524,0.337266136934419));
#1965=CARTESIAN_POINT('',(0.113527882012631,0.00115683204033151,0.337623605311438));
#1966=CARTESIAN_POINT('',(0.113572452128322,0.00106710415555145,0.337969543849702));
#1967=CARTESIAN_POINT('',(0.113618349620785,0.000980367022271116,0.338303951789595));
#1968=CARTESIAN_POINT('',(0.113665534007651,0.000896620559016893,0.338626829445232));
#1969=CARTESIAN_POINT('',(0.113713965043529,0.000815864751707563,0.3389381768709));
#1970=CARTESIAN_POINT('',(0.113763602838254,0.000738099562065356,0.339237994214178));
#1971=CARTESIAN_POINT('',(0.113814407939327,0.000663324950104341,0.339526281629228));
#1972=CARTESIAN_POINT('',(0.113866341419437,0.00059154086644801,0.339803039306416));
#1973=CARTESIAN_POINT('',(0.11391936495737,0.000522747252039419,0.340068267473432));
#1974=CARTESIAN_POINT('',(0.11397344091414,0.000456944035297379,0.340321966406252));
#1975=CARTESIAN_POINT('',(0.114028532402391,0.000394131129120091,0.340564136440689));
#1976=CARTESIAN_POINT('',(0.114084603347702,0.000334308426856663,0.340794777987927));
#1977=CARTESIAN_POINT('',(0.114141618539734,0.000277475797139198,0.341013891554444));
#1978=CARTESIAN_POINT('',(0.114199543670576,0.000223633077160602,0.341221477767929));
#1979=CARTESIAN_POINT('',(0.11425834535653,0.000172780063934637,0.341417537410981));
#1980=CARTESIAN_POINT('',(0.11431799113837,0.000124916502925779,0.341602071464939));
#1981=CARTESIAN_POINT('',(0.114378449451489,8.00420733692861E-5,0.341775081166486));
#1982=CARTESIAN_POINT('',(0.114439689557148,3.81563694183797E-5,0.341936568080331));
#1983=CARTESIAN_POINT('',(0.114501681404382,-7.41122999138935E-7,0.342086534188437));
#1984=CARTESIAN_POINT('',(0.114564395427811,-3.66510547719452E-5,0.342224982000253));
#1985=CARTESIAN_POINT('',(0.114627802079125,-6.95742396939108E-5,0.342351914653294));
#1986=CARTESIAN_POINT('',(0.114691871456658,-9.95116881503206E-5,0.342467336043019));
#1987=CARTESIAN_POINT('',(0.114756571016957,-0.000126464560725526,0.342571250643966));
#1988=CARTESIAN_POINT('',(0.114821866858929,-0.000150434222708601,0.342663663719895));
#1989=CARTESIAN_POINT('',(0.114887705422965,-0.00017142147116567,0.34274457834383));
#1990=CARTESIAN_POINT('',(0.114954047052798,-0.00018942756079144,0.342813999353143));
#1991=CARTESIAN_POINT('',(0.115020674097092,-0.000204446498599788,0.342871903642366));
#1992=CARTESIAN_POINT('',(0.115087660498117,-0.000216482455426978,0.342918307291818));
#1993=CARTESIAN_POINT('',(0.115153086180907,-0.000225464384694103,0.342952936387211));
#1994=CARTESIAN_POINT('',(0.115218128466749,-0.000231447024128914,0.342976001965388));
#1995=CARTESIAN_POINT('',(0.115269409737609,-0.000234469915818784,0.342987656477641));
#1996=CARTESIAN_POINT('',(0.11534,-0.000236277833900063,0.342994626758283));
#1997=CARTESIAN_POINT('',(0.115410590262391,-0.000234469915818784,0.342987656477641));
#1998=CARTESIAN_POINT('',(0.115461871533251,-0.000231447024128914,0.342976001965388));
#1999=CARTESIAN_POINT('',(0.115526913819093,-0.000225464384694103,0.342952936387211));
#2000=CARTESIAN_POINT('',(0.115592339501883,-0.000216482455426978,0.342918307291818));
#2001=CARTESIAN_POINT('',(0.115659325902908,-0.000204446498599788,0.342871903642366));
#2002=CARTESIAN_POINT('',(0.115725952947202,-0.000189427560791439,0.342813999353143));
#2003=CARTESIAN_POINT('',(0.115792294577035,-0.000171421471165672,0.34274457834383));
#2004=CARTESIAN_POINT('',(0.115858133141071,-0.0001504342227086,0.342663663719895));
#2005=CARTESIAN_POINT('',(0.115923428983043,-0.000126464560725526,0.342571250643966));
#2006=CARTESIAN_POINT('',(0.115988128543342,-9.95116881503206E-5,0.342467336043019));
#2007=CARTESIAN_POINT('',(0.116052197920874,-6.95742396939108E-5,0.342351914653294));
#2008=CARTESIAN_POINT('',(0.116115604572189,-3.66510547719452E-5,0.342224982000253));
#2009=CARTESIAN_POINT('',(0.116178318595618,-7.41122999139803E-7,0.342086534188437));
#2010=CARTESIAN_POINT('',(0.116240310442852,3.81563694183797E-5,0.341936568080331));
#2011=CARTESIAN_POINT('',(0.116301550548511,8.00420733692861E-5,0.341775081166486));
#2012=CARTESIAN_POINT('',(0.11636200886163,0.000124916502925778,0.341602071464939));
#2013=CARTESIAN_POINT('',(0.11642165464347,0.000172780063934637,0.341417537410981));
#2014=CARTESIAN_POINT('',(0.116480456329424,0.000223633077160602,0.341221477767929));
#2015=CARTESIAN_POINT('',(0.116538381460266,0.0002774757971392,0.341013891554444));
#2016=CARTESIAN_POINT('',(0.116595396652298,0.000334308426856661,0.340794777987927));
#2017=CARTESIAN_POINT('',(0.116651467597608,0.000394131129120091,0.340564136440689));
#2018=CARTESIAN_POINT('',(0.11670655908586,0.000456944035297379,0.340321966406252));
#2019=CARTESIAN_POINT('',(0.11676063504263,0.000522747252039418,0.340068267473432));
#2020=CARTESIAN_POINT('',(0.116813658580563,0.00059154086644801,0.339803039306416));
#2021=CARTESIAN_POINT('',(0.116865592060673,0.000663324950104339,0.339526281629228));
#2022=CARTESIAN_POINT('',(0.116916397161746,0.000738099562065357,0.339237994214178));
#2023=CARTESIAN_POINT('',(0.11696603495647,0.000815864751707562,0.338938176870901));
#2024=CARTESIAN_POINT('',(0.117014465992349,0.000896620559016894,0.338626829445232));
#2025=CARTESIAN_POINT('',(0.117061650379214,0.000980367022271116,0.338303951789595));
#2026=CARTESIAN_POINT('',(0.117107547871678,0.00106710415555145,0.337969543849702));
#2027=CARTESIAN_POINT('',(0.117152117987369,0.00115683204033151,0.337623605311438));
#2028=CARTESIAN_POINT('',(0.117195320001298,0.00124955047958523,0.337266136934419));
#2029=CARTESIAN_POINT('',(0.117237113423829,0.00134526032324891,0.336897135441788));
#2030=CARTESIAN_POINT('',(0.117277456638903,0.00144395840897996,0.336516613025696));
#2031=CARTESIAN_POINT('',(0.117316312569881,0.00154565687356333,0.33612452289376));
#2032=CARTESIAN_POINT('',(0.117353627539813,0.00165030949694362,0.335721043243632));
#2033=CARTESIAN_POINT('',(0.11738941232677,0.00175809247748831,0.335305494756884));
#2034=CARTESIAN_POINT('',(0.117423584011374,0.00186882138160603,0.334878588502178));
#2035=CARTESIAN_POINT('',(0.117456954924713,0.00198558860937842,0.33442840198333));
#2036=CARTESIAN_POINT('',(0.117489209906554,0.0021081806416653,0.33395575840596));
#2037=CARTESIAN_POINT('',(0.117520190547486,0.00223679815888821,0.333459884063081));
#2038=CARTESIAN_POINT('',(0.117549664758976,0.00237138536024612,0.332940994090125));
#2039=CARTESIAN_POINT('',(0.117577434103457,0.00251195774553244,0.332399028728905));
#2040=CARTESIAN_POINT('',(0.117603303633431,0.00265851087615402,0.331834005092054));
#2041=CARTESIAN_POINT('',(0.117627089938372,0.002811046467496,0.331245916566046));
#2042=CARTESIAN_POINT('',(0.117648618520198,0.00296956210983352,0.330634772441377));
#2043=CARTESIAN_POINT('',(0.117667724551876,0.00313406584169506,0.330000541726157));
#2044=CARTESIAN_POINT('',(0.117684251198422,0.00330452712255602,0.329343342166885));
#2045=CARTESIAN_POINT('',(0.11769805451983,0.00348106282374297,0.328662723175701));
#2046=CARTESIAN_POINT('',(0.117708984066462,0.00366322560972074,0.327960409418257));
#2047=CARTESIAN_POINT('',(0.117716903927405,0.00385148020330956,0.327234609193641));
#2048=CARTESIAN_POINT('',(0.11772156209242,0.00403812018053202,0.326515033990677));
#2049=CARTESIAN_POINT('',(0.117723251748832,0.0042236321432005,0.325799807755784));
#2050=CARTESIAN_POINT('',(0.117722169667872,0.00440755061991,0.325090725075983));
#2051=CARTESIAN_POINT('',(0.117718526705945,0.00458999971071976,0.324387307493621));
#2052=CARTESIAN_POINT('',(0.117712507519075,0.00477094601841799,0.323689683768923));
#2053=CARTESIAN_POINT('',(0.11770428372209,0.00495039983205049,0.322997814233313));
#2054=CARTESIAN_POINT('',(0.117694013506557,0.00512835332713748,0.322311729053434));
#2055=CARTESIAN_POINT('',(0.117681840357597,0.00530482751755988,0.321631347211983));
#2056=CARTESIAN_POINT('',(0.117667907172005,0.00547974666530489,0.320956960710689));
#2057=CARTESIAN_POINT('',(0.117652308791719,0.00565339109838013,0.320287488767791));
#2058=CARTESIAN_POINT('',(0.117635199157146,0.00582546487500378,0.319624072362681));
#2059=CARTESIAN_POINT('',(0.117616162547096,0.00600060686219029,0.318948826722103));
#2060=CARTESIAN_POINT('',(0.117595202995413,0.00617851607901124,0.318262912253465));
#2061=CARTESIAN_POINT('',(0.117572278636511,0.00635947684501118,0.317565232785965));
#2062=CARTESIAN_POINT('',(0.117547381789784,0.00654341200493286,0.316856085785401));
#2063=CARTESIAN_POINT('',(0.117520496922566,0.00673034249237612,0.316135390543986));
#2064=CARTESIAN_POINT('',(0.117491611884565,0.00692026262944562,0.315403168952382));
#2065=CARTESIAN_POINT('',(0.117460714671314,0.00711317395669078,0.314659415071128));
#2066=CARTESIAN_POINT('',(0.117427794095693,0.00730907605720624,0.313904130507567));
#2067=CARTESIAN_POINT('',(0.117392839380972,0.00750796904500092,0.313137314822149));
#2068=CARTESIAN_POINT('',(0.11735584002686,0.00770985289031517,0.312358968129608));
#2069=CARTESIAN_POINT('',(0.117316785581153,0.00791472760255537,0.311569090393679));
#2070=CARTESIAN_POINT('',(0.117275665415679,0.00812259318060263,0.310767681618676));
#2071=CARTESIAN_POINT('',(0.11723246847867,0.00833344962672741,0.309954741795845));
#2072=CARTESIAN_POINT('',(0.117187183030899,0.00854729694116638,0.309130270924274));
#2073=CARTESIAN_POINT('',(0.117139796359772,0.00876413512987,0.308294268981021));
#2074=CARTESIAN_POINT('',(0.117090294482848,0.00898396417877433,0.307446736020309));
#2075=CARTESIAN_POINT('',(0.117038661795723,0.00920678414992444,0.306587671802928));
#2076=CARTESIAN_POINT('',(0.11698488083005,0.00943259481936915,0.305717077192304));
#2077=CARTESIAN_POINT('',(0.11692893149317,0.00966139704218789,0.304834948891747));
#2078=CARTESIAN_POINT('',(0.116870792154821,0.00989318760746004,0.303941299280699));
#2079=CARTESIAN_POINT('',(0.116810433661811,0.0101279786287412,0.303036081656337));
#2080=CARTESIAN_POINT('',(0.116747839888528,0.0103657244750067,0.302119471945351));
#2081=CARTESIAN_POINT('',(0.116682928183665,0.0106065970839845,0.301190807255863));
#2082=CARTESIAN_POINT('',(0.116615846836234,0.0108499487437275,0.30025258478843));
#2083=CARTESIAN_POINT('',(0.116546349422453,0.0110964554789042,0.299302198185109));
#2084=CARTESIAN_POINT('',(0.116477526155311,0.0113353299366284,0.298381237204735));
#2085=CARTESIAN_POINT('',(0.116409343037994,0.0115672253735762,0.297487183269499));
#2086=CARTESIAN_POINT('',(0.116342102214855,0.0117915133151252,0.296622459412027));
#2087=CARTESIAN_POINT('',(0.116275879256789,0.012008358159655,0.29578643180778));
#2088=CARTESIAN_POINT('',(0.116210800918525,0.0122177169332615,0.294979266139137));
#2089=CARTESIAN_POINT('',(0.116146973807362,0.0124196008556583,0.294200919149411));
#2090=CARTESIAN_POINT('',(0.116084504091226,0.0126140069966697,0.293451402135653));
#2091=CARTESIAN_POINT('',(0.11602349321632,0.0128009361174996,0.292730712163105));
#2092=CARTESIAN_POINT('',(0.115964039700769,0.0129803880183263,0.292038850002161));
#2093=CARTESIAN_POINT('',(0.115906239181211,0.0131523627475952,0.291375815466046));
#2094=CARTESIAN_POINT('',(0.115850184761929,0.0133168602974703,0.29074160858497));
#2095=CARTESIAN_POINT('',(0.115795967181311,0.013473880645997,0.290136229443578));
#2096=CARTESIAN_POINT('',(0.115743674825166,0.0136234238791218,0.289559677710508));
#2097=CARTESIAN_POINT('',(0.115693393999695,0.0137654896803252,0.289011954606078));
#2098=CARTESIAN_POINT('',(0.115645207913361,0.0139000791806178,0.288493055769768));
#2099=CARTESIAN_POINT('',(0.115599200007636,0.0140271883258947,0.288002996831847));
#2100=CARTESIAN_POINT('',(0.115555441497232,0.0141468315803698,0.287541722026721));
#2101=CARTESIAN_POINT('',(0.115514035027345,0.0142589574413346,0.287109429918878));
#2102=CARTESIAN_POINT('',(0.115474958633726,0.0143637486486835,0.286705415969568));
#2103=CARTESIAN_POINT('',(0.115438617283062,0.014460559084589,0.286332171233352));
#2104=CARTESIAN_POINT('',(0.115403896399888,0.0145516634790593,0.285980925674295));
#2105=CARTESIAN_POINT('',(0.115374994542296,0.0146290926296306,0.285682403902235));
#2106=CARTESIAN_POINT('',(0.115344738288499,0.0147030623326114,0.285397219748081));
#2107=CARTESIAN_POINT('',(0.11534,0.0147229610567691,0.285320501840763));
#2108=CARTESIAN_POINT('',(0.115335261711501,0.0147030623326114,0.285397219748081));
#2109=CARTESIAN_POINT('',(0.113019114421432,0.00555707812617636,0.320658815573296));
#2110=CARTESIAN_POINT('',(0.115344738288499,0.0147030623326114,0.285397219748081));
#2111=CARTESIAN_POINT('',(0.11534,0.0147229610567691,0.285320501840763));
#2112=CARTESIAN_POINT('',(0.115335261711501,0.0147030623326114,0.285397219748081));
#2113=CARTESIAN_POINT('',(0.115305005457704,0.0146290926296306,0.285682403902235));
#2114=CARTESIAN_POINT('',(0.115276103600111,0.0145516634790593,0.285980925674295));
#2115=CARTESIAN_POINT('',(0.115241382716938,0.014460559084589,0.286332171233352));
#2116=CARTESIAN_POINT('',(0.115205041366274,0.0143637486486835,0.286705415969568));
#2117=CARTESIAN_POINT('',(0.115165964972655,0.0142589574413346,0.287109429918878));
#2118=CARTESIAN_POINT('',(0.115124558502768,0.0141468315803698,0.287541722026721));
#2119=CARTESIAN_POINT('',(0.115080799992364,0.0140271883258947,0.288002996831847));
#2120=CARTESIAN_POINT('',(0.115034792086639,0.0139000791806178,0.288493055769768));
#2121=CARTESIAN_POINT('',(0.114986606000305,0.0137654896803252,0.289011954606078));
#2122=CARTESIAN_POINT('',(0.114936325174834,0.0136234238791218,0.289559677710508));
#2123=CARTESIAN_POINT('',(0.114884032818689,0.013473880645997,0.290136229443578));
#2124=CARTESIAN_POINT('',(0.114829815238071,0.0133168602974703,0.29074160858497));
#2125=CARTESIAN_POINT('',(0.114773760818789,0.0131523627475952,0.291375815466046));
#2126=CARTESIAN_POINT('',(0.114715960299231,0.0129803880183263,0.292038850002161));
#2127=CARTESIAN_POINT('',(0.11465650678368,0.0128009361174996,0.292730712163105));
#2128=CARTESIAN_POINT('',(0.114595495908774,0.0126140069966697,0.293451402135653));
#2129=CARTESIAN_POINT('',(0.114533026192638,0.0124196008556583,0.294200919149411));
#2130=CARTESIAN_POINT('',(0.114469199081475,0.0122177169332615,0.294979266139137));
#2131=CARTESIAN_POINT('',(0.114404120743211,0.012008358159655,0.29578643180778));
#2132=CARTESIAN_POINT('',(0.114337897785145,0.0117915133151252,0.296622459412027));
#2133=CARTESIAN_POINT('',(0.114270656962006,0.0115672253735762,0.297487183269499));
#2134=CARTESIAN_POINT('',(0.114202473844689,0.0113353299366284,0.298381237204735));
#2135=CARTESIAN_POINT('',(0.114133650577547,0.0110964554789042,0.299302198185109));
#2136=CARTESIAN_POINT('',(0.114064153163766,0.0108499487437275,0.30025258478843));
#2137=CARTESIAN_POINT('',(0.113997071816335,0.0106065970839845,0.301190807255863));
#2138=CARTESIAN_POINT('',(0.113932160111472,0.0103657244750067,0.302119471945351));
#2139=CARTESIAN_POINT('',(0.113869566338189,0.0101279786287412,0.303036081656337));
#2140=CARTESIAN_POINT('',(0.113809207845179,0.00989318760746004,0.303941299280699));
#2141=CARTESIAN_POINT('',(0.11375106850683,0.00966139704218789,0.304834948891747));
#2142=CARTESIAN_POINT('',(0.11369511916995,0.00943259481936915,0.305717077192304));
#2143=CARTESIAN_POINT('',(0.113641338204277,0.00920678414992444,0.306587671802928));
#2144=CARTESIAN_POINT('',(0.113589705517152,0.00898396417877433,0.307446736020309));
#2145=CARTESIAN_POINT('',(0.113540203640228,0.00876413512987,0.308294268981021));
#2146=CARTESIAN_POINT('',(0.113492816969101,0.00854729694116638,0.309130270924274));
#2147=CARTESIAN_POINT('',(0.11344753152133,0.00833344962672741,0.309954741795845));
#2148=CARTESIAN_POINT('',(0.113404334584321,0.00812259318060263,0.310767681618676));
#2149=CARTESIAN_POINT('',(0.113363214418847,0.00791472760255537,0.311569090393679));
#2150=CARTESIAN_POINT('',(0.11332415997314,0.00770985289031517,0.312358968129608));
#2151=CARTESIAN_POINT('',(0.113287160619028,0.00750796904500093,0.313137314822149));
#2152=CARTESIAN_POINT('',(0.113252205904307,0.00730907605720624,0.313904130507567));
#2153=CARTESIAN_POINT('',(0.113219285328686,0.00711317395669078,0.314659415071128));
#2154=CARTESIAN_POINT('',(0.113188388115435,0.00692026262944562,0.315403168952382));
#2155=CARTESIAN_POINT('',(0.113159503077434,0.00673034249237612,0.316135390543986));
#2156=CARTESIAN_POINT('',(0.113132618210216,0.00654341200493286,0.316856085785401));
#2157=CARTESIAN_POINT('',(0.113107721363489,0.00635947684501118,0.317565232785965));
#2158=CARTESIAN_POINT('',(0.113084797004587,0.00617851607901124,0.318262912253465));
#2159=CARTESIAN_POINT('',(0.113063837452904,0.00600060686219029,0.318948826722103));
#2160=CARTESIAN_POINT('',(0.113044800842854,0.00582546487500378,0.319624072362681));
#2161=CARTESIAN_POINT('',(0.113027691208281,0.00565339109838013,0.320287488767791));
#2162=CARTESIAN_POINT('',(0.113012092827995,0.0054797466653049,0.320956960710689));
#2163=CARTESIAN_POINT('',(0.112998159642403,0.00530482751755988,0.321631347211983));
#2164=CARTESIAN_POINT('',(0.112985986493443,0.00512835332713747,0.322311729053434));
#2165=CARTESIAN_POINT('',(0.11297571627791,0.00495039983205049,0.322997814233313));
#2166=CARTESIAN_POINT('',(0.112967492480925,0.00477094601841799,0.323689683768923));
#2167=CARTESIAN_POINT('',(0.112961473294055,0.00458999971071976,0.324387307493621));
#2168=CARTESIAN_POINT('',(0.112957830332128,0.00440755061991001,0.325090725075983));
#2169=CARTESIAN_POINT('',(0.112956748251168,0.0042236321432005,0.325799807755784));
#2170=CARTESIAN_POINT('',(0.11295843790758,0.00403812018053201,0.326515033990677));
#2171=CARTESIAN_POINT('',(0.112963096072595,0.00385148020330956,0.327234609193641));
#2172=CARTESIAN_POINT('',(0.112971015933538,0.00366322560972073,0.327960409418257));
#2173=CARTESIAN_POINT('',(0.11298194548017,0.00348106282374297,0.328662723175701));
#2174=CARTESIAN_POINT('',(0.112995748801578,0.00330452712255602,0.329343342166885));
#2175=CARTESIAN_POINT('',(0.113012275448124,0.00313406584169506,0.330000541726157));
#2176=CARTESIAN_POINT('',(0.113031381479802,0.00296956210983353,0.330634772441377));
#2177=CARTESIAN_POINT('',(0.113052910061628,0.00281104646749601,0.331245916566046));
#2178=CARTESIAN_POINT('',(0.113076696366569,0.00265851087615402,0.331834005092054));
#2179=CARTESIAN_POINT('',(0.113102565896542,0.00251195774553244,0.332399028728905));
#2180=CARTESIAN_POINT('',(0.113130335241023,0.00237138536024612,0.332940994090125));
#2181=CARTESIAN_POINT('',(0.113159809452514,0.00223679815888821,0.333459884063081));
#2182=CARTESIAN_POINT('',(0.113190790093446,0.0021081806416653,0.33395575840596));
#2183=CARTESIAN_POINT('',(0.113223045075287,0.00198558860937842,0.33442840198333));
#2184=CARTESIAN_POINT('',(0.113256415988626,0.00186882138160603,0.334878588502178));
#2185=CARTESIAN_POINT('',(0.11329058767323,0.0017580924774883,0.335305494756884));
#2186=CARTESIAN_POINT('',(0.113326372460187,0.00165030949694362,0.335721043243632));
#2187=CARTESIAN_POINT('',(0.113363687430118,0.00154565687356333,0.33612452289376));
#2188=CARTESIAN_POINT('',(0.113402543361097,0.00144395840897996,0.336516613025696));
#2189=CARTESIAN_POINT('',(0.11344288657617,0.00134526032324891,0.336897135441788));
#2190=CARTESIAN_POINT('',(0.113484679998702,0.00124955047958524,0.337266136934419));
#2191=CARTESIAN_POINT('',(0.113527882012631,0.00115683204033151,0.337623605311438));
#2192=CARTESIAN_POINT('',(0.113572452128322,0.00106710415555145,0.337969543849702));
#2193=CARTESIAN_POINT('',(0.113618349620785,0.000980367022271116,0.338303951789595));
#2194=CARTESIAN_POINT('',(0.113665534007651,0.000896620559016893,0.338626829445232));
#2195=CARTESIAN_POINT('',(0.113713965043529,0.000815864751707563,0.3389381768709));
#2196=CARTESIAN_POINT('',(0.113763602838254,0.000738099562065356,0.339237994214178));
#2197=CARTESIAN_POINT('',(0.113814407939327,0.000663324950104341,0.339526281629228));
#2198=CARTESIAN_POINT('',(0.113866341419437,0.00059154086644801,0.339803039306416));
#2199=CARTESIAN_POINT('',(0.11391936495737,0.000522747252039419,0.340068267473432));
#2200=CARTESIAN_POINT('',(0.11397344091414,0.000456944035297379,0.340321966406252));
#2201=CARTESIAN_POINT('',(0.114028532402391,0.000394131129120091,0.340564136440689));
#2202=CARTESIAN_POINT('',(0.114084603347702,0.000334308426856663,0.340794777987927));
#2203=CARTESIAN_POINT('',(0.114141618539734,0.000277475797139198,0.341013891554444));
#2204=CARTESIAN_POINT('',(0.114199543670576,0.000223633077160602,0.341221477767929));
#2205=CARTESIAN_POINT('',(0.11425834535653,0.000172780063934637,0.341417537410981));
#2206=CARTESIAN_POINT('',(0.11431799113837,0.000124916502925779,0.341602071464939));
#2207=CARTESIAN_POINT('',(0.114378449451489,8.00420733692861E-5,0.341775081166486));
#2208=CARTESIAN_POINT('',(0.114439689557148,3.81563694183797E-5,0.341936568080331));
#2209=CARTESIAN_POINT('',(0.114501681404382,-7.41122999138935E-7,0.342086534188437));
#2210=CARTESIAN_POINT('',(0.114564395427811,-3.66510547719452E-5,0.342224982000253));
#2211=CARTESIAN_POINT('',(0.114627802079125,-6.95742396939108E-5,0.342351914653294));
#2212=CARTESIAN_POINT('',(0.114691871456658,-9.95116881503206E-5,0.342467336043019));
#2213=CARTESIAN_POINT('',(0.114756571016957,-0.000126464560725526,0.342571250643966));
#2214=CARTESIAN_POINT('',(0.114821866858929,-0.000150434222708601,0.342663663719895));
#2215=CARTESIAN_POINT('',(0.114887705422965,-0.00017142147116567,0.34274457834383));
#2216=CARTESIAN_POINT('',(0.114954047052798,-0.00018942756079144,0.342813999353143));
#2217=CARTESIAN_POINT('',(0.115020674097092,-0.000204446498599788,0.342871903642366));
#2218=CARTESIAN_POINT('',(0.115087660498117,-0.000216482455426978,0.342918307291818));
#2219=CARTESIAN_POINT('',(0.115153086180907,-0.000225464384694103,0.342952936387211));
#2220=CARTESIAN_POINT('',(0.115218128466749,-0.000231447024128914,0.342976001965388));
#2221=CARTESIAN_POINT('',(0.115269409737609,-0.000234469915818784,0.342987656477641));
#2222=CARTESIAN_POINT('',(0.11534,-0.000236277833900063,0.342994626758283));
#2223=CARTESIAN_POINT('',(0.115410590262391,-0.000234469915818784,0.342987656477641));
#2224=CARTESIAN_POINT('',(0.115461871533251,-0.000231447024128914,0.342976001965388));
#2225=CARTESIAN_POINT('',(0.115526913819093,-0.000225464384694103,0.342952936387211));
#2226=CARTESIAN_POINT('',(0.115592339501883,-0.000216482455426978,0.342918307291818));
#2227=CARTESIAN_POINT('',(0.115659325902908,-0.000204446498599788,0.342871903642366));
#2228=CARTESIAN_POINT('',(0.115725952947202,-0.000189427560791439,0.342813999353143));
#2229=CARTESIAN_POINT('',(0.115792294577035,-0.000171421471165672,0.34274457834383));
#2230=CARTESIAN_POINT('',(0.115858133141071,-0.0001504342227086,0.342663663719895));
#2231=CARTESIAN_POINT('',(0.115923428983043,-0.000126464560725526,0.342571250643966));
#2232=CARTESIAN_POINT('',(0.115988128543342,-9.95116881503206E-5,0.342467336043019));
#2233=CARTESIAN_POINT('',(0.116052197920874,-6.95742396939108E-5,0.342351914653294));
#2234=CARTESIAN_POINT('',(0.116115604572189,-3.66510547719452E-5,0.342224982000253));
#2235=CARTESIAN_POINT('',(0.116178318595618,-7.41122999139803E-7,0.342086534188437));
#2236=CARTESIAN_POINT('',(0.116240310442852,3.81563694183797E-5,0.341936568080331));
#2237=CARTESIAN_POINT('',(0.116301550548511,8.00420733692861E-5,0.341775081166486));
#2238=CARTESIAN_POINT('',(0.11636200886163,0.000124916502925778,0.341602071464939));
#2239=CARTESIAN_POINT('',(0.11642165464347,0.000172780063934637,0.341417537410981));
#2240=CARTESIAN_POINT('',(0.116480456329424,0.000223633077160602,0.341221477767929));
#2241=CARTESIAN_POINT('',(0.116538381460266,0.0002774757971392,0.341013891554444));
#2242=CARTESIAN_POINT('',(0.116595396652298,0.000334308426856661,0.340794777987927));
#2243=CARTESIAN_POINT('',(0.116651467597608,0.000394131129120091,0.340564136440689));
#2244=CARTESIAN_POINT('',(0.11670655908586,0.000456944035297379,0.340321966406252));
#2245=CARTESIAN_POINT('',(0.11676063504263,0.000522747252039418,0.340068267473432));
#2246=CARTESIAN_POINT('',(0.116813658580563,0.00059154086644801,0.339803039306416));
#2247=CARTESIAN_POINT('',(0.116865592060673,0.000663324950104339,0.339526281629228));
#2248=CARTESIAN_POINT('',(0.116916397161746,0.000738099562065357,0.339237994214178));
#2249=CARTESIAN_POINT('',(0.11696603495647,0.000815864751707562,0.338938176870901));
#2250=CARTESIAN_POINT('',(0.117014465992349,0.000896620559016894,0.338626829445232));
#2251=CARTESIAN_POINT('',(0.117061650379214,0.000980367022271116,0.338303951789595));
#2252=CARTESIAN_POINT('',(0.117107547871678,0.00106710415555145,0.337969543849702));
#2253=CARTESIAN_POINT('',(0.117152117987369,0.00115683204033151,0.337623605311438));
#2254=CARTESIAN_POINT('',(0.117195320001298,0.00124955047958523,0.337266136934419));
#2255=CARTESIAN_POINT('',(0.117237113423829,0.00134526032324891,0.336897135441788));
#2256=CARTESIAN_POINT('',(0.117277456638903,0.00144395840897996,0.336516613025696));
#2257=CARTESIAN_POINT('',(0.117316312569881,0.00154565687356333,0.33612452289376));
#2258=CARTESIAN_POINT('',(0.117353627539813,0.00165030949694362,0.335721043243632));
#2259=CARTESIAN_POINT('',(0.11738941232677,0.00175809247748831,0.335305494756884));
#2260=CARTESIAN_POINT('',(0.117423584011374,0.00186882138160603,0.334878588502178));
#2261=CARTESIAN_POINT('',(0.117456954924713,0.00198558860937842,0.33442840198333));
#2262=CARTESIAN_POINT('',(0.117489209906554,0.0021081806416653,0.33395575840596));
#2263=CARTESIAN_POINT('',(0.117520190547486,0.00223679815888821,0.333459884063081));
#2264=CARTESIAN_POINT('',(0.117549664758976,0.00237138536024612,0.332940994090125));
#2265=CARTESIAN_POINT('',(0.117577434103457,0.00251195774553244,0.332399028728905));
#2266=CARTESIAN_POINT('',(0.117603303633431,0.00265851087615402,0.331834005092054));
#2267=CARTESIAN_POINT('',(0.117627089938372,0.002811046467496,0.331245916566046));
#2268=CARTESIAN_POINT('',(0.117648618520198,0.00296956210983352,0.330634772441377));
#2269=CARTESIAN_POINT('',(0.117667724551876,0.00313406584169506,0.330000541726157));
#2270=CARTESIAN_POINT('',(0.117684251198422,0.00330452712255602,0.329343342166885));
#2271=CARTESIAN_POINT('',(0.11769805451983,0.00348106282374297,0.328662723175701));
#2272=CARTESIAN_POINT('',(0.117708984066462,0.00366322560972074,0.327960409418257));
#2273=CARTESIAN_POINT('',(0.117716903927405,0.00385148020330956,0.327234609193641));
#2274=CARTESIAN_POINT('',(0.11772156209242,0.00403812018053202,0.326515033990677));
#2275=CARTESIAN_POINT('',(0.117723251748832,0.0042236321432005,0.325799807755784));
#2276=CARTESIAN_POINT('',(0.117722169667872,0.00440755061991,0.325090725075983));
#2277=CARTESIAN_POINT('',(0.117718526705945,0.00458999971071976,0.324387307493621));
#2278=CARTESIAN_POINT('',(0.117712507519075,0.00477094601841799,0.323689683768923));
#2279=CARTESIAN_POINT('',(0.11770428372209,0.00495039983205049,0.322997814233313));
#2280=CARTESIAN_POINT('',(0.117694013506557,0.00512835332713748,0.322311729053434));
#2281=CARTESIAN_POINT('',(0.117681840357597,0.00530482751755988,0.321631347211983));
#2282=CARTESIAN_POINT('',(0.117667907172005,0.00547974666530489,0.320956960710689));
#2283=CARTESIAN_POINT('',(0.117652308791719,0.00565339109838013,0.320287488767791));
#2284=CARTESIAN_POINT('',(0.117635199157146,0.00582546487500378,0.319624072362681));
#2285=CARTESIAN_POINT('',(0.117616162547096,0.00600060686219029,0.318948826722103));
#2286=CARTESIAN_POINT('',(0.117595202995413,0.00617851607901124,0.318262912253465));
#2287=CARTESIAN_POINT('',(0.117572278636511,0.00635947684501118,0.317565232785965));
#2288=CARTESIAN_POINT('',(0.117547381789784,0.00654341200493286,0.316856085785401));
#2289=CARTESIAN_POINT('',(0.117520496922566,0.00673034249237612,0.316135390543986));
#2290=CARTESIAN_POINT('',(0.117491611884565,0.00692026262944562,0.315403168952382));
#2291=CARTESIAN_POINT('',(0.117460714671314,0.00711317395669078,0.314659415071128));
#2292=CARTESIAN_POINT('',(0.117427794095693,0.00730907605720624,0.313904130507567));
#2293=CARTESIAN_POINT('',(0.117392839380972,0.00750796904500092,0.313137314822149));
#2294=CARTESIAN_POINT('',(0.11735584002686,0.00770985289031517,0.312358968129608));
#2295=CARTESIAN_POINT('',(0.117316785581153,0.00791472760255537,0.311569090393679));
#2296=CARTESIAN_POINT('',(0.117275665415679,0.00812259318060263,0.310767681618676));
#2297=CARTESIAN_POINT('',(0.11723246847867,0.00833344962672741,0.309954741795845));
#2298=CARTESIAN_POINT('',(0.117187183030899,0.00854729694116638,0.309130270924274));
#2299=CARTESIAN_POINT('',(0.117139796359772,0.00876413512987,0.308294268981021));
#2300=CARTESIAN_POINT('',(0.117090294482848,0.00898396417877433,0.307446736020309));
#2301=CARTESIAN_POINT('',(0.117038661795723,0.00920678414992444,0.306587671802928));
#2302=CARTESIAN_POINT('',(0.11698488083005,0.00943259481936915,0.305717077192304));
#2303=CARTESIAN_POINT('',(0.11692893149317,0.00966139704218789,0.304834948891747));
#2304=CARTESIAN_POINT('',(0.116870792154821,0.00989318760746004,0.303941299280699));
#2305=CARTESIAN_POINT('',(0.116810433661811,0.0101279786287412,0.303036081656337));
#2306=CARTESIAN_POINT('',(0.116747839888528,0.0103657244750067,0.302119471945351));
#2307=CARTESIAN_POINT('',(0.116682928183665,0.0106065970839845,0.301190807255863));
#2308=CARTESIAN_POINT('',(0.116615846836234,0.0108499487437275,0.30025258478843));
#2309=CARTESIAN_POINT('',(0.116546349422453,0.0110964554789042,0.299302198185109));
#2310=CARTESIAN_POINT('',(0.116477526155311,0.0113353299366284,0.298381237204735));
#2311=CARTESIAN_POINT('',(0.116409343037994,0.0115672253735762,0.297487183269499));
#2312=CARTESIAN_POINT('',(0.116342102214855,0.0117915133151252,0.296622459412027));
#2313=CARTESIAN_POINT('',(0.116275879256789,0.012008358159655,0.29578643180778));
#2314=CARTESIAN_POINT('',(0.116210800918525,0.0122177169332615,0.294979266139137));
#2315=CARTESIAN_POINT('',(0.116146973807362,0.0124196008556583,0.294200919149411));
#2316=CARTESIAN_POINT('',(0.116084504091226,0.0126140069966697,0.293451402135653));
#2317=CARTESIAN_POINT('',(0.11602349321632,0.0128009361174996,0.292730712163105));
#2318=CARTESIAN_POINT('',(0.115964039700769,0.0129803880183263,0.292038850002161));
#2319=CARTESIAN_POINT('',(0.115906239181211,0.0131523627475952,0.291375815466046));
#2320=CARTESIAN_POINT('',(0.115850184761929,0.0133168602974703,0.29074160858497));
#2321=CARTESIAN_POINT('',(0.115795967181311,0.013473880645997,0.290136229443578));
#2322=CARTESIAN_POINT('',(0.115743674825166,0.0136234238791218,0.289559677710508));
#2323=CARTESIAN_POINT('',(0.115693393999695,0.0137654896803252,0.289011954606078));
#2324=CARTESIAN_POINT('',(0.115645207913361,0.0139000791806178,0.288493055769768));
#2325=CARTESIAN_POINT('',(0.115599200007636,0.0140271883258947,0.288002996831847));
#2326=CARTESIAN_POINT('',(0.115555441497232,0.0141468315803698,0.287541722026721));
#2327=CARTESIAN_POINT('',(0.115514035027345,0.0142589574413346,0.287109429918878));
#2328=CARTESIAN_POINT('',(0.115474958633726,0.0143637486486835,0.286705415969568));
#2329=CARTESIAN_POINT('',(0.115438617283062,0.014460559084589,0.286332171233352));
#2330=CARTESIAN_POINT('',(0.115403896399888,0.0145516634790593,0.285980925674295));
#2331=CARTESIAN_POINT('',(0.115374994542296,0.0146290926296306,0.285682403902235));
#2332=CARTESIAN_POINT('',(0.115344738288499,0.0147030623326114,0.285397219748081));
#2333=CARTESIAN_POINT('',(0.11534,0.0147229610567691,0.285320501840763));
#2334=CARTESIAN_POINT('',(0.115335261711501,0.0147030623326114,0.285397219748081));
#2335=CARTESIAN_POINT('',(0.1095,0.001,0.30293));
#2336=CARTESIAN_POINT('',(0.112214912623944,0.001,0.30293));
#2337=CARTESIAN_POINT('',(0.114650800466955,-0.00291852239855826,0.332843757739237));
#2338=CARTESIAN_POINT('',(0.115216632184146,-0.00129570189977901,0.340986591411632));
#2339=CARTESIAN_POINT('',(0.1095,0.000997284873705154,0.302927494324326));
#2340=CARTESIAN_POINT('',(0.112219524645626,0.000997284873705154,0.302927494324326));
#2341=CARTESIAN_POINT('',(0.114664074869281,-0.002919965331064,0.33284296180711));
#2342=CARTESIAN_POINT('',(0.115231997343096,-0.00129612061539676,0.340986405604367));
#2343=CARTESIAN_POINT('',(0.1095,0.000994569747410317,0.302924988648653));
#2344=CARTESIAN_POINT('',(0.112224411520676,0.000994569747410317,0.302924988648653));
#2345=CARTESIAN_POINT('',(0.11467815182211,-0.00292120790205703,0.332841393670899));
#2346=CARTESIAN_POINT('',(0.115248292512895,-0.00129628900604468,0.340985254791983));
#2347=CARTESIAN_POINT('',(0.1095,0.000991593852375079,0.302922240895963));
#2348=CARTESIAN_POINT('',(0.112229964999369,0.000991593852375079,0.302922240895963));
#2349=CARTESIAN_POINT('',(0.114694113141103,-0.00292235945286105,0.332838863478415));
#2350=CARTESIAN_POINT('',(0.115266765684381,-0.00129621067263442,0.340982979781365));
#2351=CARTESIAN_POINT('',(0.1095,0.000991332640098874,0.302921999697083));
#2352=CARTESIAN_POINT('',(0.11223045412806,0.000991332640098874,0.302921999697083));
#2353=CARTESIAN_POINT('',(0.114695510256353,-0.00292245887593137,0.332838635001956));
#2354=CARTESIAN_POINT('',(0.115268381862932,-0.00129620172787843,0.34098277211245));
#2355=CARTESIAN_POINT('',(0.1095,0.000988940013240338,0.302919790266161));
#2356=CARTESIAN_POINT('',(0.112234948890883,0.000988940013240338,0.302919790266161));
#2357=CARTESIAN_POINT('',(0.114708262810126,-0.00292335496223126,0.332836485900406));
#2358=CARTESIAN_POINT('',(0.115283125991927,-0.00129610155017134,0.340980799570589));
#2359=CARTESIAN_POINT('',(0.1095,0.000986808896664316,0.302917821444107));
#2360=CARTESIAN_POINT('',(0.112238573459275,0.000986808896664316,0.302917821444107));
#2361=CARTESIAN_POINT('',(0.114719176379287,-0.00292404698168722,0.332834162256337));
#2362=CARTESIAN_POINT('',(0.115295802830787,-0.00129587968571935,0.340978531193247));
#2363=CARTESIAN_POINT('',(0.1095,0.000983834247983787,0.302915071223814));
#2364=CARTESIAN_POINT('',(0.112243580699717,0.000983834247983787,0.302915071223814));
#2365=CARTESIAN_POINT('',(0.114733192216774,-0.00292491148603046,0.332830526997615));
#2366=CARTESIAN_POINT('',(0.115311989701809,-0.00129544318167189,0.34097487578614));
#2367=CARTESIAN_POINT('',(0.1095,0.000982990278118622,0.302914290692277));
#2368=CARTESIAN_POINT('',(0.112244995512283,0.000982990278118621,0.302914290692277));
#2369=CARTESIAN_POINT('',(0.114737274693284,-0.00292512806983264,0.332829384877909));
#2370=CARTESIAN_POINT('',(0.115316716132819,-0.00129528347054494,0.34097370036885));
#2371=CARTESIAN_POINT('',(0.1095,0.000980667868620414,0.302912142091216));
#2372=CARTESIAN_POINT('',(0.112248931130624,0.000980667868620414,0.302912142091216));
#2373=CARTESIAN_POINT('',(0.114748716729408,-0.00292565661771511,0.332825981706626));
#2374=CARTESIAN_POINT('',(0.115329970871447,-0.00129475967664675,0.340970140775937));
#2375=CARTESIAN_POINT('',(0.1095,0.000979189625543265,0.30291077363254));
#2376=CARTESIAN_POINT('',(0.112251561165344,0.000979189625543265,0.302910773632539));
#2377=CARTESIAN_POINT('',(0.114756251169855,-0.00292591781080218,0.332823525138221));
#2378=CARTESIAN_POINT('',(0.115338688748315,-0.00129433222647404,0.340967512360809));
#2379=CARTESIAN_POINT('',(0.1095,0.000976216917269606,0.302908019570519));
#2380=CARTESIAN_POINT('',(0.112256817578237,0.000976216917269606,0.302908019570519));
#2381=CARTESIAN_POINT('',(0.11477145234119,-0.0029263370373046,0.332818175356699));
#2382=CARTESIAN_POINT('',(0.115356290789551,-0.00129334005117574,0.340961715272944));
#2383=CARTESIAN_POINT('',(0.1095,0.000974722460470216,0.302906633950549));
#2384=CARTESIAN_POINT('',(0.112259443568513,0.000974722460470217,0.302906633950549));
#2385=CARTESIAN_POINT('',(0.114778842464044,-0.00292651559978414,0.332815361300928));
#2386=CARTESIAN_POINT('',(0.115364829391711,-0.00129280098360578,0.340958645523564));
#2387=CARTESIAN_POINT('',(0.1095,0.000972097306179984,0.302904197693253));
#2388=CARTESIAN_POINT('',(0.112263770630682,0.000972097306179984,0.302904197693253));
#2389=CARTESIAN_POINT('',(0.114791373971078,-0.00292678161355369,0.332810233434321));
#2390=CARTESIAN_POINT('',(0.11537934176889,-0.00129179441601253,0.340953022989019));
#2391=CARTESIAN_POINT('',(0.1095,0.000970966417765971,0.302903147433926));
#2392=CARTESIAN_POINT('',(0.112265600854454,0.00097096641776597,0.302903147433926));
#2393=CARTESIAN_POINT('',(0.114796640414575,-0.00292688066040346,0.332807964126845));
#2394=CARTESIAN_POINT('',(0.115385437569029,-0.00129134133357774,0.340950525729946));
#2395=CARTESIAN_POINT('',(0.1095,0.000967996772349077,0.302900387307888));
#2396=CARTESIAN_POINT('',(0.112270355120539,0.000967996772349078,0.302900387307888));
#2397=CARTESIAN_POINT('',(0.11481016912469,-0.00292710569419667,0.332801868909577));
#2398=CARTESIAN_POINT('',(0.115401082796678,-0.00129010765574601,0.340943798511626));
#2399=CARTESIAN_POINT('',(0.1095,0.000966158490985399,0.30289867649948));
#2400=CARTESIAN_POINT('',(0.112273245939491,0.000966158490985399,0.30289867649948));
#2401=CARTESIAN_POINT('',(0.114818573038178,-0.00292715334515544,0.332797741476014));
#2402=CARTESIAN_POINT('',(0.115410818046279,-0.00128922934670772,0.340939191970521));
#2403=CARTESIAN_POINT('',(0.1095,0.000958387214649296,0.302891432974093));
#2404=CARTESIAN_POINT('',(0.112285502933966,0.000958387214649296,0.302891432974093));
#2405=CARTESIAN_POINT('',(0.114854021600665,-0.00292703912245962,0.332779070762646));
#2406=CARTESIAN_POINT('',(0.115451865550037,-0.00128512132005991,0.340918193652751));
#2407=CARTESIAN_POINT('',(0.1095,0.000952462750942101,0.302885883366434));
#2408=CARTESIAN_POINT('',(0.112294904830237,0.0009524627509421,0.302885883366434));
#2409=CARTESIAN_POINT('',(0.114880843892776,-0.00292617323541168,0.33276182186363));
#2410=CARTESIAN_POINT('',(0.11548289045988,-0.00128101499976761,0.340898424727275));
#2411=CARTESIAN_POINT('',(0.1095,0.000945998123123858,0.30287978261939));
#2412=CARTESIAN_POINT('',(0.112304031838991,0.000945998123123858,0.30287978261939));
#2413=CARTESIAN_POINT('',(0.11490726649384,-0.00292500267016691,0.332742108628977));
#2414=CARTESIAN_POINT('',(0.115513488803964,-0.00127624990015412,0.34087575096131));
#2415=CARTESIAN_POINT('',(0.1095,0.00094544392957437,0.302879259256282));
#2416=CARTESIAN_POINT('',(0.112304811054333,0.00094544392957437,0.302879259256282));
#2417=CARTESIAN_POINT('',(0.114909510165192,-0.00292490050137255,0.332740411483351));
#2418=CARTESIAN_POINT('',(0.115516085944801,-0.00127583910966389,0.340873798319195));
#2419=CARTESIAN_POINT('',(0.1095,0.000939536316256383,0.302873676287269));
#2420=CARTESIAN_POINT('',(0.112313084180994,0.000939536316256383,0.302873676287269));
#2421=CARTESIAN_POINT('',(0.114933180026914,-0.00292379703690236,0.332722262916844));
#2422=CARTESIAN_POINT('',(0.115543470792329,-0.00127144199786815,0.340852912956346));
#2423=CARTESIAN_POINT('',(0.1095,0.000934194754969653,0.302868593203273));
#2424=CARTESIAN_POINT('',(0.112320273982227,0.000934194754969653,0.302868593203273));
#2425=CARTESIAN_POINT('',(0.114954058764804,-0.00292236807079492,0.332704174082975));
#2426=CARTESIAN_POINT('',(0.115567655033152,-0.00126692552078748,0.340831939549253));
#2427=CARTESIAN_POINT('',(0.1095,0.00092613379810144,0.302860853554054));
#2428=CARTESIAN_POINT('',(0.112330826185096,0.00092613379810144,0.302860853554054));
#2429=CARTESIAN_POINT('',(0.11498444414919,-0.00291978626839912,0.332675203208091));
#2430=CARTESIAN_POINT('',(0.115602827479258,-0.00125957454420234,0.340798215991954));
#2431=CARTESIAN_POINT('',(0.1095,0.00092340299095503,0.302858219582092));
#2432=CARTESIAN_POINT('',(0.112334326390895,0.00092340299095503,0.302858219582092));
#2433=CARTESIAN_POINT('',(0.114994536006252,-0.0029188373142211,0.332665096446176));
#2434=CARTESIAN_POINT('',(0.115614510445848,-0.00125699075290132,0.340786429351799));
#2435=CARTESIAN_POINT('',(0.1095,0.000917544292104988,0.30285253976945));
#2436=CARTESIAN_POINT('',(0.11234165872626,0.000917544292104987,0.30285253976945));
#2437=CARTESIAN_POINT('',(0.115015678395234,-0.00291668537209288,0.332642951930186));
#2438=CARTESIAN_POINT('',(0.115638986354445,-0.00125130091088398,0.34076057322799));
#2439=CARTESIAN_POINT('',(0.1095,0.000914417861089253,0.302849491036816));
#2440=CARTESIAN_POINT('',(0.112345462605016,0.000914417861089253,0.302849491036816));
#2441=CARTESIAN_POINT('',(0.115026647865316,-0.00291546652638737,0.33263085440602));
#2442=CARTESIAN_POINT('',(0.115651685490191,-0.0012481755626948,0.340746429734134));
#2443=CARTESIAN_POINT('',(0.1095,0.00090641514250011,0.302841636084159));
#2444=CARTESIAN_POINT('',(0.112354889260863,0.00090641514250011,0.302841636084159));
#2445=CARTESIAN_POINT('',(0.115053791605355,-0.00291227546827781,0.332599589117827));
#2446=CARTESIAN_POINT('',(0.115683105532402,-0.00124008392349198,0.340709866136747));
#2447=CARTESIAN_POINT('',(0.1095,0.000901548632822483,0.302836810505305));
#2448=CARTESIAN_POINT('',(0.112360262841289,0.000901548632822483,0.302836810505305));
#2449=CARTESIAN_POINT('',(0.115069387716273,-0.00291026683385569,0.332580290025178));
#2450=CARTESIAN_POINT('',(0.115701170035167,-0.00123507557965128,0.34068728648574));
#2451=CARTESIAN_POINT('',(0.1095,0.000895756598750565,0.302830998705965));
#2452=CARTESIAN_POINT('',(0.112366283752308,0.000895756598750565,0.302830998705965));
#2453=CARTESIAN_POINT('',(0.115086651956264,-0.00290799088095817,0.332557729285457));
#2454=CARTESIAN_POINT('',(0.11572114742944,-0.00122925434848034,0.340660941376852));
#2455=CARTESIAN_POINT('',(0.1095,0.000894812520309533,0.30283004921983));
#2456=CARTESIAN_POINT('',(0.112367253177834,0.000894812520309533,0.30283004921983));
#2457=CARTESIAN_POINT('',(0.115089451886281,-0.00290761453145605,0.332554030170982));
#2458=CARTESIAN_POINT('',(0.115724389251533,-0.00122829867162602,0.340656620558281));
#2459=CARTESIAN_POINT('',(0.1095,0.000882303346497939,0.302817438571646));
#2460=CARTESIAN_POINT('',(0.112379944045639,0.000882303346497939,0.302817438571646));
#2461=CARTESIAN_POINT('',(0.115126368623517,-0.00290255795718095,0.332504732334004));
#2462=CARTESIAN_POINT('',(0.115767156389693,-0.00121554686071772,0.340599022005059));
#2463=CARTESIAN_POINT('',(0.1095,0.000870850729404474,0.302805554718743));
#2464=CARTESIAN_POINT('',(0.112391146765151,0.000870850729404474,0.302805554718743));
#2465=CARTESIAN_POINT('',(0.115158426845003,-0.00289713556170941,0.332456375794065));
#2466=CARTESIAN_POINT('',(0.115804246765662,-0.00120286287266376,0.340542350552584));
#2467=CARTESIAN_POINT('',(0.1095,0.000849996303691054,0.302783074399452));
#2468=CARTESIAN_POINT('',(0.11241046720291,0.000849996303691054,0.302783074399452));
#2469=CARTESIAN_POINT('',(0.115214212182552,-0.00288615986743058,0.332363659155293));
#2470=CARTESIAN_POINT('',(0.115868834757783,-0.00117834292139125,0.340433550835786));
#2471=CARTESIAN_POINT('',(0.1095,0.000840551385299235,0.302772563284227));
#2472=CARTESIAN_POINT('',(0.112418869625449,0.000840551385299234,0.302772563284227));
#2473=CARTESIAN_POINT('',(0.115238479698951,-0.0028807566676548,0.332319838559251));
#2474=CARTESIAN_POINT('',(0.115896932174214,-0.00116667945750867,0.340382076574249));
#2475=CARTESIAN_POINT('',(0.1095,0.000829531935715018,0.302759821821795));
#2476=CARTESIAN_POINT('',(0.112428360635401,0.000829531935715018,0.302759821821795));
#2477=CARTESIAN_POINT('',(0.115265901583661,-0.00287407820250183,0.33226703220574));
#2478=CARTESIAN_POINT('',(0.115928682732577,-0.00115257706681304,0.340320047308558));
#2479=CARTESIAN_POINT('',(0.1095,0.000827831173717439,0.302757841366453));
#2480=CARTESIAN_POINT('',(0.112429816570422,0.000827831173717439,0.302757841366453));
#2481=CARTESIAN_POINT('',(0.115270108407679,-0.00287303647399957,0.332258832809755));
#2482=CARTESIAN_POINT('',(0.115933553648016,-0.00115038600371705,0.340310415831696));
#2483=CARTESIAN_POINT('',(0.1095,0.000815172475918818,0.302742997939208));
#2484=CARTESIAN_POINT('',(0.112440589226797,0.000815172475918819,0.302742997939208));
#2485=CARTESIAN_POINT('',(0.115301236192244,-0.0028652028906006,0.332197445715754));
#2486=CARTESIAN_POINT('',(0.115969595366672,-0.00113397232364454,0.340238307289085));
#2487=CARTESIAN_POINT('',(0.1095,0.000804394232169265,0.302729781680537));
#2488=CARTESIAN_POINT('',(0.11244940030986,0.000804394232169265,0.302729781680537));
#2489=CARTESIAN_POINT('',(0.11532670994606,-0.00285808387773452,0.332143161464384));
#2490=CARTESIAN_POINT('',(0.115999091773169,-0.00111940387710275,0.340174543402295));
#2491=CARTESIAN_POINT('',(0.1095,0.000785611109155423,0.302705780921509));
#2492=CARTESIAN_POINT('',(0.112464273631373,0.000785611109155423,0.302705780921509));
#2493=CARTESIAN_POINT('',(0.115369723337784,-0.00284499498986147,0.332045474256682));
#2494=CARTESIAN_POINT('',(0.116048898765162,-0.0010931140426417,0.340059820009713));
#2495=CARTESIAN_POINT('',(0.1095,0.000777534040856101,0.302695128748732));
#2496=CARTESIAN_POINT('',(0.112470515985826,0.000777534040856101,0.302695128748732));
#2497=CARTESIAN_POINT('',(0.11538775082476,-0.00283913303129099,0.332002411253018));
#2498=CARTESIAN_POINT('',(0.11606977122077,-0.00108150057110269,0.340009254605127));
#2499=CARTESIAN_POINT('',(0.1095,0.000756880576252059,0.30266707011768));
#2500=CARTESIAN_POINT('',(0.112486064674544,0.000756880576252058,0.30266707011768));
#2501=CARTESIAN_POINT('',(0.115432907554524,-0.00282361655919804,0.331889896019448));
#2502=CARTESIAN_POINT('',(0.11612207751596,-0.00105110803884862,0.339877170516934));
#2503=CARTESIAN_POINT('',(0.1095,0.000744463264561387,0.302649389338653));
#2504=CARTESIAN_POINT('',(0.112495003960934,0.000744463264561387,0.302649389338653));
#2505=CARTESIAN_POINT('',(0.115458655131717,-0.00281407541447489,0.331821066456497));
#2506=CARTESIAN_POINT('',(0.116151882103182,-0.00103253296019726,0.33979649257913));
#2507=CARTESIAN_POINT('',(0.1095,0.000721735599979074,0.30261562624172));
#2508=CARTESIAN_POINT('',(0.112510555437796,0.000721735599979074,0.30261562624172));
#2509=CARTESIAN_POINT('',(0.11550388442682,-0.00279616699086915,0.331692791497653));
#2510=CARTESIAN_POINT('',(0.116204278340614,-0.00099792508782797,0.339646322139587));
#2511=CARTESIAN_POINT('',(0.1095,0.000711363025557313,0.302599639783249));
#2512=CARTESIAN_POINT('',(0.112517404518172,0.000711363025557312,0.302599639783249));
#2513=CARTESIAN_POINT('',(0.115523766154564,-0.00278781750035461,0.331633301384365));
#2514=CARTESIAN_POINT('',(0.116227307033402,-0.000981882062560972,0.339576754214912));
#2515=CARTESIAN_POINT('',(0.1095,0.000692253748192978,0.302569182770362));
#2516=CARTESIAN_POINT('',(0.112529685615051,0.000692253748192978,0.302569182770362));
#2517=CARTESIAN_POINT('',(0.115559493864099,-0.00277207849118278,0.331521870076527));
#2518=CARTESIAN_POINT('',(0.116268696982255,-0.000951832981494078,0.339446562213827));
#2519=CARTESIAN_POINT('',(0.1095,0.000683472322867254,0.302554779285839));
#2520=CARTESIAN_POINT('',(0.112535187921778,0.000683472322867255,0.302554779285839));
#2521=CARTESIAN_POINT('',(0.115575532710807,-0.00276469458697437,0.331469894690367));
#2522=CARTESIAN_POINT('',(0.116287280609566,-0.000937816145564735,0.339385880385111));
#2523=CARTESIAN_POINT('',(0.1095,0.000662233366920469,0.302518966869664));
#2524=CARTESIAN_POINT('',(0.112548269028327,0.000662233366920468,0.302518966869664));
#2525=CARTESIAN_POINT('',(0.115613807602996,-0.00274622074749652,0.331341378473363));
#2526=CARTESIAN_POINT('',(0.116331641468736,-0.000903101973875439,0.339235860786198));
#2527=CARTESIAN_POINT('',(0.1095,0.000649930858903256,0.30249736603335));
#2528=CARTESIAN_POINT('',(0.112555772923657,0.000649930858903256,0.30249736603335));
#2529=CARTESIAN_POINT('',(0.115635555555539,-0.0027349799841704,0.331264471572552));
#2530=CARTESIAN_POINT('',(0.116356828619549,-0.000882280476567644,0.339146106819478));
#2531=CARTESIAN_POINT('',(0.1095,0.000632270473510783,0.302465145158705));
#2532=CARTESIAN_POINT('',(0.112566407841871,0.000632270473510783,0.302465145158705));
#2533=CARTESIAN_POINT('',(0.115666870609587,-0.00271759216636305,0.331148718207198));
#2534=CARTESIAN_POINT('',(0.116393140894288,-0.000850775164035491,0.33901089119476));
#2535=CARTESIAN_POINT('',(0.1095,0.000626688662971525,0.30245477002737));
#2536=CARTESIAN_POINT('',(0.112569748507844,0.000626688662971525,0.30245477002737));
#2537=CARTESIAN_POINT('',(0.115676675619507,-0.00271199940544577,0.331111675132916));
#2538=CARTESIAN_POINT('',(0.116404507716577,-0.000840687946338247,0.338967632432687));
#2539=CARTESIAN_POINT('',(0.1095,0.000604408516230857,0.302412577151065));
#2540=CARTESIAN_POINT('',(0.112582992896249,0.000604408516230857,0.302412577151065));
#2541=CARTESIAN_POINT('',(0.115715474258802,-0.00268929658330108,0.330962019062484));
#2542=CARTESIAN_POINT('',(0.116449479771155,-0.000799918130952884,0.338792920720067));
#2543=CARTESIAN_POINT('',(0.1095,0.000588242675086835,0.302380159477772));
#2544=CARTESIAN_POINT('',(0.112592242961144,0.000588242675086835,0.302380159477772));
#2545=CARTESIAN_POINT('',(0.115742804388905,-0.00267194759051559,0.330849278363644));
#2546=CARTESIAN_POINT('',(0.116481179575748,-0.000769166315102153,0.338661432951328));
#2547=CARTESIAN_POINT('',(0.1095,0.000572223957096888,0.302346120642228));
#2548=CARTESIAN_POINT('',(0.112601193842275,0.000572223957096888,0.302346120642229));
#2549=CARTESIAN_POINT('',(0.115769342874459,-0.00265394669453386,0.330733648081981));
#2550=CARTESIAN_POINT('',(0.116511969451557,-0.000737609026312509,0.338526746075292));
#2551=CARTESIAN_POINT('',(0.1095,0.000571766291731496,0.302345146456866));
#2552=CARTESIAN_POINT('',(0.11260144938564,0.000571766291731496,0.302345146456866));
#2553=CARTESIAN_POINT('',(0.115770100617635,-0.00265343168972009,0.330730341030765));
#2554=CARTESIAN_POINT('',(0.116512848590393,-0.000736706466225329,0.338522894145593));
#2555=CARTESIAN_POINT('',(0.1095,0.00055532700336217,0.302310093583353));
#2556=CARTESIAN_POINT('',(0.112610621815552,0.00055532700336217,0.302310093583353));
#2557=CARTESIAN_POINT('',(0.115797301696067,-0.00263490732764944,0.330611429170047));
#2558=CARTESIAN_POINT('',(0.11654440771651,-0.000704252524577806,0.338384395248122));
#2559=CARTESIAN_POINT('',(0.1095,0.000539984369409819,0.302275329063559));
#2560=CARTESIAN_POINT('',(0.112618944624418,0.000539984369409819,0.302275329063559));
#2561=CARTESIAN_POINT('',(0.115822107937933,-0.00261675280489298,0.330496266015157));
#2562=CARTESIAN_POINT('',(0.116573199471492,-0.00067280373057957,0.338250439135932));
#2563=CARTESIAN_POINT('',(0.1095,0.000521440995593765,0.302230610435984));
#2564=CARTESIAN_POINT('',(0.112628763304247,0.000521440995593765,0.302230610435984));
#2565=CARTESIAN_POINT('',(0.115851691638332,-0.00259369735204285,0.330351701299188));
#2566=CARTESIAN_POINT('',(0.116607564646617,-0.000633306692414082,0.338082517988373));
#2567=CARTESIAN_POINT('',(0.1095,0.000517630523167867,0.302221267187571));
#2568=CARTESIAN_POINT('',(0.112630775507092,0.000517630523167867,0.302221267187571));
#2569=CARTESIAN_POINT('',(0.115857750183186,-0.00258889646006043,0.33032168813385));
#2570=CARTESIAN_POINT('',(0.116614602033633,-0.000625105746228297,0.338047668701842));
#2571=CARTESIAN_POINT('',(0.1095,0.000488944696022621,0.302149741310286));
#2572=CARTESIAN_POINT('',(0.112645892159901,0.000488944696022621,0.302149741310286));
#2573=CARTESIAN_POINT('',(0.11590324151039,-0.00255227000726553,0.33009339357461));
#2574=CARTESIAN_POINT('',(0.116667441053483,-0.000562718723999999,0.337782688156207));
#2575=CARTESIAN_POINT('',(0.1095,0.000466037955831381,0.302085655925956));
#2576=CARTESIAN_POINT('',(0.112657793074103,0.000466037955831381,0.302085655925956));
#2577=CARTESIAN_POINT('',(0.115939870196698,-0.00251894636560664,0.329892518005715));
#2578=CARTESIAN_POINT('',(0.116710057753253,-0.000507545588884774,0.33754968802748));
#2579=CARTESIAN_POINT('',(0.1095,0.000431166474842571,0.301974876856481));
#2580=CARTESIAN_POINT('',(0.112676339486202,0.000431166474842571,0.301974876856481));
#2581=CARTESIAN_POINT('',(0.115997466140052,-0.00246049491988199,0.329551484903831));
#2582=CARTESIAN_POINT('',(0.116777113682804,-0.000413400396346816,0.33715438542324));
#2583=CARTESIAN_POINT('',(0.1095,0.000418035981064872,0.301929116267431));
#2584=CARTESIAN_POINT('',(0.112683414923773,0.000418035981064872,0.301929116267431));
#2585=CARTESIAN_POINT('',(0.116019705352212,-0.00243612124954748,0.329412283859199));
#2586=CARTESIAN_POINT('',(0.116803028383157,-0.000374842053233806,0.336993106918173));
#2587=CARTESIAN_POINT('',(0.1095,0.000397704754517579,0.301850697084008));
#2588=CARTESIAN_POINT('',(0.112694655654316,0.00039770475451758,0.301850697084008));
#2589=CARTESIAN_POINT('',(0.11605553087677,-0.0023939662552984,0.329176585874856));
#2590=CARTESIAN_POINT('',(0.116844816512796,-0.000309330421861359,0.336720155073138));
#2591=CARTESIAN_POINT('',(0.1095,0.000389924229662713,0.301818432436706));
#2592=CARTESIAN_POINT('',(0.112699037138179,0.000389924229662713,0.301818432436706));
#2593=CARTESIAN_POINT('',(0.116069641058726,-0.00237651998971337,0.329080399673536));
#2594=CARTESIAN_POINT('',(0.116861287256981,-0.000282534107543081,0.336608802040954));
#2595=CARTESIAN_POINT('',(0.1095,0.000363682647295082,0.301701270497167));
#2596=CARTESIAN_POINT('',(0.112714136070028,0.000363682647295082,0.301701270497167));
#2597=CARTESIAN_POINT('',(0.116118785117378,-0.00231277795828185,0.328733815483517));
#2598=CARTESIAN_POINT('',(0.11691869563759,-0.000185750992219753,0.336207684209958));
#2599=CARTESIAN_POINT('',(0.1095,0.000347949357630677,0.301614397272551));
#2600=CARTESIAN_POINT('',(0.112723900461838,0.000347949357630676,0.301614397272551));
#2601=CARTESIAN_POINT('',(0.116151365571427,-0.00226486290517735,0.32848180104949));
#2602=CARTESIAN_POINT('',(0.116956820125401,-0.000114980465176192,0.335916247769716));
#2603=CARTESIAN_POINT('',(0.1095,0.000323692958884144,0.301445697906876));
#2604=CARTESIAN_POINT('',(0.112740303971749,0.000323692958884144,0.301445697906876));
#2605=CARTESIAN_POINT('',(0.11620871220837,-0.00217055628185723,0.328000568698542));
#2606=CARTESIAN_POINT('',(0.117024132888453,2.08925914537297E-5,0.335360093234051));
#2607=CARTESIAN_POINT('',(0.1095,0.000314568281930687,0.301364303308567));
#2608=CARTESIAN_POINT('',(0.112747162758549,0.000314568281930687,0.301364303308567));
#2609=CARTESIAN_POINT('',(0.116233598873016,-0.00212524747553865,0.327774476666933));
#2610=CARTESIAN_POINT('',(0.117053413459849,8.49212718653467E-5,0.335099207156716));
#2611=CARTESIAN_POINT('',(0.1095,0.000302163585215954,0.301220026201906));
#2612=CARTESIAN_POINT('',(0.112757582624896,0.000302163585215954,0.301220026201906));
#2613=CARTESIAN_POINT('',(0.116273729701611,-0.00204491673207131,0.327381991627574));
#2614=CARTESIAN_POINT('',(0.117100799466778,0.0001964458414258,0.33464684117742));
#2615=CARTESIAN_POINT('',(0.1095,0.000297983081251734,0.301157784236321));
#2616=CARTESIAN_POINT('',(0.11276157385797,0.000297983081251734,0.301157784236321));
#2617=CARTESIAN_POINT('',(0.116289814207902,-0.00201030090233705,0.327215231091248));
#2618=CARTESIAN_POINT('',(0.117119840948349,0.00024392927558191,0.334454812165506));
#2619=CARTESIAN_POINT('',(0.1095,0.000288819511148108,0.300978329518346));
#2620=CARTESIAN_POINT('',(0.112771817060565,0.000288819511148108,0.300978329518346));
#2621=CARTESIAN_POINT('',(0.116333256717064,-0.00191036539858115,0.326740253220011));
#2622=CARTESIAN_POINT('',(0.117171412277311,0.000379484000546853,0.333908229005106));
#2623=CARTESIAN_POINT('',(0.1095,0.00028626756461159,0.300859440141663));
#2624=CARTESIAN_POINT('',(0.112777097812947,0.00028626756461159,0.300859440141663));
#2625=CARTESIAN_POINT('',(0.116358538516104,-0.0018439885330637,0.326432536741229));
#2626=CARTESIAN_POINT('',(0.117201605187118,0.000467679207226034,0.333554566235242));
#2627=CARTESIAN_POINT('',(0.1095,0.000287305396127525,0.300706264604008));
#2628=CARTESIAN_POINT('',(0.112782437115169,0.000287305396127525,0.300706264604008));
#2629=CARTESIAN_POINT('',(0.116387768094683,-0.00175697062531196,0.326039590790463));
#2630=CARTESIAN_POINT('',(0.11723671593654,0.00058095612150339,0.333103003300305));
#2631=CARTESIAN_POINT('',(0.1095,0.000287765841612895,0.300673789308377));
#2632=CARTESIAN_POINT('',(0.112783483523787,0.000287765841612895,0.300673789308377));
#2633=CARTESIAN_POINT('',(0.116393778307863,-0.00173843834679125,0.32595647609464));
#2634=CARTESIAN_POINT('',(0.117243949091715,0.000604952767450543,0.333007493221022));
#2635=CARTESIAN_POINT('',(0.1095,0.000291801547081246,0.300486139172783));
#2636=CARTESIAN_POINT('',(0.112789048019209,0.000291801547081246,0.300486139172783));
#2637=CARTESIAN_POINT('',(0.116427515658307,-0.0016307643878801,0.325476892426044));
#2638=CARTESIAN_POINT('',(0.11728463327864,0.000743642136406496,0.332456359935796));
#2639=CARTESIAN_POINT('',(0.1095,0.00030056440631545,0.300328112913801));
#2640=CARTESIAN_POINT('',(0.11279184843603,0.00030056440631545,0.300328112913801));
#2641=CARTESIAN_POINT('',(0.11645160832175,-0.0015391668662648,0.325080984816438));
#2642=CARTESIAN_POINT('',(0.117313998058515,0.000858829262311745,0.332001818262962));
#2643=CARTESIAN_POINT('',(0.1095,0.000318685647049301,0.30011771836217));
#2644=CARTESIAN_POINT('',(0.112793338985059,0.000318685647049301,0.30011771836217));
#2645=CARTESIAN_POINT('',(0.116479046176437,-0.00141554035560982,0.324561708608255));
#2646=CARTESIAN_POINT('',(0.117347890607014,0.001010869566423,0.33140596553178));
#2647=CARTESIAN_POINT('',(0.1095,0.000323482433063887,0.300067493775881));
#2648=CARTESIAN_POINT('',(0.112793538406521,0.000323482433063887,0.300067493775881));
#2649=CARTESIAN_POINT('',(0.116485259280066,-0.00138591367089433,0.324438318518784));
#2650=CARTESIAN_POINT('',(0.117355601959515,0.00104706515608073,0.331264405138086));
#2651=CARTESIAN_POINT('',(0.1095,0.000343970857276015,0.299871639418322));
#2652=CARTESIAN_POINT('',(0.112793735427303,0.000343970857276015,0.299871639418322));
#2653=CARTESIAN_POINT('',(0.116508268339255,-0.0012698969839972,0.323959137156286));
#2654=CARTESIAN_POINT('',(0.117384303127833,0.00118789541829869,0.330714739395043));
#2655=CARTESIAN_POINT('',(0.1095,0.000363145929427214,0.299724432553659));
#2656=CARTESIAN_POINT('',(0.112792645753468,0.000363145929427214,0.299724432553659));
#2657=CARTESIAN_POINT('',(0.116522957988009,-0.00118168041066019,0.323603259849833));
#2658=CARTESIAN_POINT('',(0.117402949170246,0.00129305361832996,0.330306689577968));
#2659=CARTESIAN_POINT('',(0.1095,0.000396649878864178,0.29950744585971));
#2660=CARTESIAN_POINT('',(0.112789463789531,0.000396649878864178,0.29950744585971));
#2661=CARTESIAN_POINT('',(0.116541374691071,-0.00104962971793064,0.323082364448934));
#2662=CARTESIAN_POINT('',(0.117426807707838,0.00144784177571526,0.329709437483223));
#2663=CARTESIAN_POINT('',(0.1095,0.000407998656663366,0.299438809718045));
#2664=CARTESIAN_POINT('',(0.11278823415614,0.000407998656663366,0.299438809718045));
#2665=CARTESIAN_POINT('',(0.116546736995796,-0.00100757097518787,0.322918124446838));
#2666=CARTESIAN_POINT('',(0.117433834894637,0.00149677238126818,0.329521123107207));
#2667=CARTESIAN_POINT('',(0.1095,0.000443538996335475,0.299236893625577));
#2668=CARTESIAN_POINT('',(0.112783987317707,0.000443538996335475,0.299236893625577));
#2669=CARTESIAN_POINT('',(0.116561255386779,-0.000882889014079579,0.322436010574021));
#2670=CARTESIAN_POINT('',(0.117453104326366,0.00164077890852314,0.328968295938385));
#2671=CARTESIAN_POINT('',(0.1095,0.000469938247440432,0.299102902518194));
#2672=CARTESIAN_POINT('',(0.11278037126143,0.000469938247440432,0.299102902518194));
#2673=CARTESIAN_POINT('',(0.116569252644771,-0.000799152929203949,0.322118298237918));
#2674=CARTESIAN_POINT('',(0.117464057272362,0.00173613579796566,0.328604017674503));
#2675=CARTESIAN_POINT('',(0.1095,0.000524418293180769,0.298852033185061));
#2676=CARTESIAN_POINT('',(0.112772224103493,0.000524418293180769,0.298852033185061));
#2677=CARTESIAN_POINT('',(0.116581479190755,-0.000640582419661168,0.321527465177701));
#2678=CARTESIAN_POINT('',(0.117481497200847,0.0019142957353639,0.327926651036573));
#2679=CARTESIAN_POINT('',(0.1095,0.000551755456065724,0.298735364747708));
#2680=CARTESIAN_POINT('',(0.112767886060208,0.000551755456065724,0.298735364747708));
#2681=CARTESIAN_POINT('',(0.116586076694018,-0.000566132636680859,0.321254282818026));
#2682=CARTESIAN_POINT('',(0.117488393119445,0.00199699999322136,0.327613484160642));
#2683=CARTESIAN_POINT('',(0.1095,0.000644689976200876,0.298364976382939));
#2684=CARTESIAN_POINT('',(0.112752519992365,0.000644689976200876,0.298364976382939));
#2685=CARTESIAN_POINT('',(0.116597550768126,-0.000327628594920176,0.320391919973169));
#2686=CARTESIAN_POINT('',(0.117506807451822,0.0022590852592743,0.326624986635263));
#2687=CARTESIAN_POINT('',(0.1095,0.000717545437241289,0.298109289970278));
#2688=CARTESIAN_POINT('',(0.11273957364674,0.000717545437241289,0.298109289970278));
#2689=CARTESIAN_POINT('',(0.116600871962782,-0.000160000619412687,0.31980418400324));
#2690=CARTESIAN_POINT('',(0.11751439167908,0.00243917768913568,0.325951448253562));
#2691=CARTESIAN_POINT('',(0.1095,0.000813328109717331,0.297808918220511));
#2692=CARTESIAN_POINT('',(0.112722134641787,0.000813328109717331,0.297808918220511));
#2693=CARTESIAN_POINT('',(0.116600401308004,4.04631344933203E-5,0.319121517521214));
#2694=CARTESIAN_POINT('',(0.117518429023981,0.00265002084648863,0.325169252875666));
#2695=CARTESIAN_POINT('',(0.1095,0.000827417378582853,0.297765501333831));
#2696=CARTESIAN_POINT('',(0.112719559774214,0.000827417378582853,0.297765501333831));
#2697=CARTESIAN_POINT('',(0.116600227988479,6.95729841373022E-5,0.319022843165396));
#2698=CARTESIAN_POINT('',(0.117518895389011,0.00268054022378629,0.325056176062535));
#2699=CARTESIAN_POINT('',(0.1095,0.000956357366781433,0.297374988741455));
#2700=CARTESIAN_POINT('',(0.112695930967939,0.000956357366781433,0.297374988741455));
#2701=CARTESIAN_POINT('',(0.116597745184825,0.000332609687700288,0.318135298892612));
#2702=CARTESIAN_POINT('',(0.117522060014364,0.0029554418791187,0.324038938553266));
#2703=CARTESIAN_POINT('',(0.1095,0.00108730153681255,0.297025982988248));
#2704=CARTESIAN_POINT('',(0.112671594652019,0.00108730153681255,0.297025982988248));
#2705=CARTESIAN_POINT('',(0.11658899919466,0.000576160218479844,0.317341927668858));
#2706=CARTESIAN_POINT('',(0.117517585465537,0.00320389244782628,0.323128607644208));
#2707=CARTESIAN_POINT('',(0.1095,0.00126569967298663,0.296604747949334));
#2708=CARTESIAN_POINT('',(0.112639003501898,0.00126569967298663,0.296604747949334));
#2709=CARTESIAN_POINT('',(0.116571884021623,0.000881445354153431,0.316382497764809));
#2710=CARTESIAN_POINT('',(0.117504841813752,0.00350785152573028,0.322026253279682));
#2711=CARTESIAN_POINT('',(0.1095,0.00129742776387751,0.296531718732106));
#2712=CARTESIAN_POINT('',(0.112633234999714,0.00129742776387751,0.296531718732106));
#2713=CARTESIAN_POINT('',(0.116568676974255,0.000934805077807671,0.316216074738706));
#2714=CARTESIAN_POINT('',(0.117502364136346,0.00356070703117623,0.321834982326611));
#2715=CARTESIAN_POINT('',(0.1095,0.00147163697534638,0.296140522435229));
#2716=CARTESIAN_POINT('',(0.112601733590179,0.00147163697534638,0.296140522435229));
#2717=CARTESIAN_POINT('',(0.116550262188609,0.00122293167401464,0.315324228403315));
#2718=CARTESIAN_POINT('',(0.117487707373354,0.00384465687548605,0.32080968529477));
#2719=CARTESIAN_POINT('',(0.1095,0.00162797189118282,0.295823351998345));
#2720=CARTESIAN_POINT('',(0.112574066590136,0.00162797189118282,0.295823351998345));
#2721=CARTESIAN_POINT('',(0.116530947701658,0.00146472080986811,0.314599854983683));
#2722=CARTESIAN_POINT('',(0.117470909258155,0.00407779509532486,0.319975873504376));
#2723=CARTESIAN_POINT('',(0.1095,0.00185279416177037,0.29540642848534));
#2724=CARTESIAN_POINT('',(0.112535547612036,0.00185279416177037,0.29540642848534));
#2725=CARTESIAN_POINT('',(0.116500767964885,0.00179237120722444,0.313647894081645));
#2726=CARTESIAN_POINT('',(0.117443411676593,0.00438731017717575,0.318878974448928));
#2727=CARTESIAN_POINT('',(0.1095,0.00190903009990273,0.295305114931565));
#2728=CARTESIAN_POINT('',(0.112526015935747,0.00190903009990273,0.295305114931565));
#2729=CARTESIAN_POINT('',(0.116493049722433,0.00187285834749941,0.313416306427421));
#2730=CARTESIAN_POINT('',(0.117436294693862,0.00446285822676172,0.318612011528746));
#2731=CARTESIAN_POINT('',(0.1095,0.00203962712235487,0.295076505379983));
#2732=CARTESIAN_POINT('',(0.112504160864567,0.00203962712235487,0.295076505379983));
#2733=CARTESIAN_POINT('',(0.116474808520715,0.00205645081448379,0.312893074132362));
#2734=CARTESIAN_POINT('',(0.117419296267394,0.00463410610665896,0.318008591092246));
#2735=CARTESIAN_POINT('',(0.1095,0.00211488586989104,0.294949334698137));
#2736=CARTESIAN_POINT('',(0.112491756794313,0.00211488586989104,0.294949334698137));
#2737=CARTESIAN_POINT('',(0.116464079099348,0.00216005032469294,0.312601562332926));
#2738=CARTESIAN_POINT('',(0.117409178215142,0.00472994444054654,0.317672202168783));
#2739=CARTESIAN_POINT('',(0.1095,0.00233197690291658,0.294595146450948));
#2740=CARTESIAN_POINT('',(0.112456600329219,0.00233197690291658,0.294595146450948));
#2741=CARTESIAN_POINT('',(0.116432673670961,0.00245261957247874,0.311788177024112));
#2742=CARTESIAN_POINT('',(0.117379257070674,0.00499848282909855,0.31673305463478));
#2743=CARTESIAN_POINT('',(0.1095,0.00247921221533555,0.29436877224775));
#2744=CARTESIAN_POINT('',(0.112433441077665,0.00247921221533555,0.29436877224775));
#2745=CARTESIAN_POINT('',(0.116410856261485,0.0026441315163414,0.311266886838523));
#2746=CARTESIAN_POINT('',(0.117358135531396,0.00517187127756038,0.316130568777811));
#2747=CARTESIAN_POINT('',(0.1095,0.00267293369879412,0.294084229402507));
#2748=CARTESIAN_POINT('',(0.112403773618132,0.00267293369879412,0.294084229402507));
#2749=CARTESIAN_POINT('',(0.116381545114656,0.00288911602574111,0.310611069298379));
#2750=CARTESIAN_POINT('',(0.117329375622406,0.00539126793656678,0.315372103627984));
#2751=CARTESIAN_POINT('',(0.1095,0.00271314381947383,0.29402579381397));
#2752=CARTESIAN_POINT('',(0.112397652145078,0.00271314381947383,0.29402579381397));
#2753=CARTESIAN_POINT('',(0.11637542606968,0.00293964057917328,0.310476372516365));
#2754=CARTESIAN_POINT('',(0.117323352569155,0.00543639449288815,0.315216299709625));
#2755=CARTESIAN_POINT('',(0.1095,0.00287017726915129,0.293799736090951));
#2756=CARTESIAN_POINT('',(0.112373875978051,0.00287017726915129,0.293799736090951));
#2757=CARTESIAN_POINT('',(0.116351383156814,0.0031358361464325,0.309955280823113));
#2758=CARTESIAN_POINT('',(0.117299613544525,0.00561120331284652,0.314613467671031));
#2759=CARTESIAN_POINT('',(0.1095,0.00298976841721736,0.293632112652878));
#2760=CARTESIAN_POINT('',(0.112356051347951,0.00298976841721736,0.293632112652878));
#2761=CARTESIAN_POINT('',(0.116332767210053,0.00328267343625912,0.309568792057095));
#2762=CARTESIAN_POINT('',(0.117281077785787,0.00574124682282868,0.3141662174928));
#2763=CARTESIAN_POINT('',(0.1095,0.00327603207084606,0.293237844068858));
#2764=CARTESIAN_POINT('',(0.112313837492765,0.00327603207084606,0.293237844068858));
#2765=CARTESIAN_POINT('',(0.116287313151832,0.00363029575455115,0.3086600736377));
#2766=CARTESIAN_POINT('',(0.117235472570477,0.00604772749653377,0.31311441881539));
#2767=CARTESIAN_POINT('',(0.1095,0.00344497952289041,0.293011248851129));
#2768=CARTESIAN_POINT('',(0.112289326030239,0.00344497952289041,0.293011248851129));
#2769=CARTESIAN_POINT('',(0.116259870943458,0.00383213511643764,0.308137552371563));
#2770=CARTESIAN_POINT('',(0.117207680622248,0.00622455086765689,0.312509399180628));
#2771=CARTESIAN_POINT('',(0.1095,0.00363135608706422,0.292768113833138));
#2772=CARTESIAN_POINT('',(0.112262809806242,0.00363135608706422,0.292768113833138));
#2773=CARTESIAN_POINT('',(0.116229024910295,0.00405153119820742,0.307574410646576));
#2774=CARTESIAN_POINT('',(0.11717616680208,0.00641572769058156,0.311856908076733));
#2775=CARTESIAN_POINT('',(0.1095,0.00364434349198123,0.292751203662257));
#2776=CARTESIAN_POINT('',(0.112260964588389,0.00364434349198123,0.292751203662257));
#2777=CARTESIAN_POINT('',(0.116226873899433,0.00406679626634134,0.307535262315854));
#2778=CARTESIAN_POINT('',(0.117173968200342,0.00642902133655223,0.311811549011912));
#2779=CARTESIAN_POINT('',(0.1095,0.00397348000889016,0.292323459658944));
#2780=CARTESIAN_POINT('',(0.112214265624794,0.00397348000889016,0.292323459658944));
#2781=CARTESIAN_POINT('',(0.116172321386297,0.00445307881163491,0.306545452585087));
#2782=CARTESIAN_POINT('',(0.117118182664577,0.00676521871111525,0.310664724453998));
#2783=CARTESIAN_POINT('',(0.1095,0.00430363732919005,0.291913167630556));
#2784=CARTESIAN_POINT('',(0.112169264424114,0.00430363732919005,0.291913167630556));
#2785=CARTESIAN_POINT('',(0.116116756469356,0.00482706328642309,0.305606513035953));
#2786=CARTESIAN_POINT('',(0.117060681658872,0.00708612260461935,0.309577198683611));
#2787=CARTESIAN_POINT('',(0.1095,0.00469307290619536,0.291442853303171));
#2788=CARTESIAN_POINT('',(0.112117844758452,0.00469307290619536,0.291442853303171));
#2789=CARTESIAN_POINT('',(0.116049547670724,0.0052595824711112,0.304530786841464));
#2790=CARTESIAN_POINT('',(0.116990332224282,0.00745485962167545,0.308330993953329));
#2791=CARTESIAN_POINT('',(0.1095,0.00474305390707203,0.291382740571907));
#2792=CARTESIAN_POINT('',(0.112111276812895,0.00474305390707203,0.291382740571907));
#2793=CARTESIAN_POINT('',(0.116040891866942,0.00531493436146686,0.304393304301854));
#2794=CARTESIAN_POINT('',(0.116981257515151,0.00750200533393423,0.308171719249653));
#2795=CARTESIAN_POINT('',(0.1095,0.00508540007077342,0.290972558376878));
#2796=CARTESIAN_POINT('',(0.112066481622817,0.00508540007077342,0.290972558376878));
#2797=CARTESIAN_POINT('',(0.115981381238702,0.00569312144802358,0.303455045010085));
#2798=CARTESIAN_POINT('',(0.116918771082711,0.00782387219960194,0.307084693011199));
#2799=CARTESIAN_POINT('',(0.1095,0.00538393158857384,0.290622395385392));
#2800=CARTESIAN_POINT('',(0.112028360181386,0.00538393158857384,0.290622395385392));
#2801=CARTESIAN_POINT('',(0.115928366901984,0.00601829288731668,0.302653587202237));
#2802=CARTESIAN_POINT('',(0.116862632647261,0.0080993814330442,0.3061559602033));
#2803=CARTESIAN_POINT('',(0.1095,0.00580520598260377,0.290135774771457));
#2804=CARTESIAN_POINT('',(0.111975128114948,0.00580520598260377,0.290135774771457));
#2805=CARTESIAN_POINT('',(0.115850852946906,0.00647598634657657,0.301525488221581));
#2806=CARTESIAN_POINT('',(0.116779886023585,0.00848742436586911,0.304847287896219));
#2807=CARTESIAN_POINT('',(0.1095,0.00592440739242017,0.289998900124477));
#2808=CARTESIAN_POINT('',(0.111960072377218,0.00592440739242017,0.289998900124477));
#2809=CARTESIAN_POINT('',(0.115828612616115,0.00660536736130937,0.301206601677438));
#2810=CARTESIAN_POINT('',(0.116756086611057,0.00859714283488504,0.30447720170015));
#2811=CARTESIAN_POINT('',(0.1095,0.00610347938333912,0.289794321821048));
#2812=CARTESIAN_POINT('',(0.111937632580613,0.00610347938333912,0.289794321821048));
#2813=CARTESIAN_POINT('',(0.115794720134592,0.00679985608253247,0.300726729593501));
#2814=CARTESIAN_POINT('',(0.116719684549204,0.008762248762059,0.30391998119302));
#2815=CARTESIAN_POINT('',(0.1095,0.00616296991353663,0.289726542752332));
#2816=CARTESIAN_POINT('',(0.111930207519387,0.00616296991353663,0.289726542752332));
#2817=CARTESIAN_POINT('',(0.115783466768845,0.00686414018641832,0.300568516324371));
#2818=CARTESIAN_POINT('',(0.116707591119642,0.00881671090651148,0.303736332436609));
#2819=CARTESIAN_POINT('',(0.1095,0.0063869558564277,0.289472008396933));
#2820=CARTESIAN_POINT('',(0.111902416057142,0.00638695585642769,0.289472008396933));
#2821=CARTESIAN_POINT('',(0.115741087561942,0.00710515385887136,0.299976520781822));
#2822=CARTESIAN_POINT('',(0.116662003033924,0.00902057453257555,0.303049349006141));
#2823=CARTESIAN_POINT('',(0.1095,0.00655222724332411,0.289285526444404));
#2824=CARTESIAN_POINT('',(0.111882248963514,0.00655222724332411,0.289285526444404));
#2825=CARTESIAN_POINT('',(0.11570980001615,0.00728092841397133,0.299547157579645));
#2826=CARTESIAN_POINT('',(0.116628253438415,0.00916859462633926,0.302551469913296));
#2827=CARTESIAN_POINT('',(0.1095,0.00673369242016396,0.289082007163015));
#2828=CARTESIAN_POINT('',(0.111860356745688,0.00673369242016396,0.289082007163015));
#2829=CARTESIAN_POINT('',(0.11567511665857,0.00747295892942116,0.29907871969687));
#2830=CARTESIAN_POINT('',(0.116590717813796,0.00933012705486949,0.302008298712147));
#2831=CARTESIAN_POINT('',(0.1095,0.00674928278159442,0.289064531889317));
#2832=CARTESIAN_POINT('',(0.111858477913882,0.00674928278159442,0.289064531889317));
#2833=CARTESIAN_POINT('',(0.115672134213669,0.0074894492652569,0.299038498370287));
#2834=CARTESIAN_POINT('',(0.116587489120633,0.00934399699177665,0.301961660735977));
#2835=CARTESIAN_POINT('',(0.1095,0.00694646676514741,0.288843634098964));
#2836=CARTESIAN_POINT('',(0.111834739342127,0.00694646676514741,0.288843634098964));
#2837=CARTESIAN_POINT('',(0.115634375709984,0.00769792930580399,0.298530043728097));
#2838=CARTESIAN_POINT('',(0.116546600343774,0.00951933571793676,0.301372088078407));
#2839=CARTESIAN_POINT('',(0.1095,0.00712876725061539,0.288640762601663));
#2840=CARTESIAN_POINT('',(0.111812958944443,0.00712876725061539,0.288640762601663));
#2841=CARTESIAN_POINT('',(0.115599045446023,0.00788990560567959,0.298062766064299));
#2842=CARTESIAN_POINT('',(0.116508226649189,0.00968058212752635,0.300830202505948));
#2843=CARTESIAN_POINT('',(0.1095,0.00734087239960381,0.28840655481547));
#2844=CARTESIAN_POINT('',(0.11178753961098,0.00734087239960381,0.28840655481547));
#2845=CARTESIAN_POINT('',(0.115556923686207,0.00811407987757601,0.29751576456471));
#2846=CARTESIAN_POINT('',(0.116462331103222,0.00986933859291119,0.300195141913054));
#2847=CARTESIAN_POINT('',(0.1095,0.00737009848219714,0.288374323354667));
#2848=CARTESIAN_POINT('',(0.111784041530837,0.00737009848219714,0.288374323354667));
#2849=CARTESIAN_POINT('',(0.115551098988185,0.00814498676035959,0.29744031997608));
#2850=CARTESIAN_POINT('',(0.116455980056877,0.00989537260748738,0.300107536134726));
#2851=CARTESIAN_POINT('',(0.1095,0.00755317932776844,0.288172673163764));
#2852=CARTESIAN_POINT('',(0.111762159364189,0.00755317932776844,0.288172673163764));
#2853=CARTESIAN_POINT('',(0.115514472280856,0.00833874532517987,0.296967111781394));
#2854=CARTESIAN_POINT('',(0.116416013246184,0.0100586618937178,0.299557937245096));
#2855=CARTESIAN_POINT('',(0.1095,0.00770744352606932,0.288003921567135));
#2856=CARTESIAN_POINT('',(0.111743859887111,0.00770744352606932,0.288003921567135));
#2857=CARTESIAN_POINT('',(0.115483504218883,0.00850085495210417,0.2965726933687));
#2858=CARTESIAN_POINT('',(0.116382167531294,0.0101948964373424,0.299099960206507));
#2859=CARTESIAN_POINT('',(0.1095,0.00804599126963427,0.287636171769236));
#2860=CARTESIAN_POINT('',(0.111704141714184,0.00804599126963427,0.287636171769236));
#2861=CARTESIAN_POINT('',(0.11541491818563,0.00885555938900004,0.295710897144912));
#2862=CARTESIAN_POINT('',(0.116306993335569,0.0104927428160835,0.298099028168495));
#2863=CARTESIAN_POINT('',(0.1095,0.00823040748387691,0.287437521096911));
#2864=CARTESIAN_POINT('',(0.111682644665419,0.00823040748387691,0.287437521096911));
#2865=CARTESIAN_POINT('',(0.115377118451781,0.00904814891539846,0.295243915887079));
#2866=CARTESIAN_POINT('',(0.116265458496151,0.0106542776834318,0.297556472301565));
#2867=CARTESIAN_POINT('',(0.1095,0.00853477623025086,0.287112490374749));
#2868=CARTESIAN_POINT('',(0.111647291560491,0.00853477623025086,0.287112490374749));
#2869=CARTESIAN_POINT('',(0.115313443179771,0.0093668615611565,0.294470135302242));
#2870=CARTESIAN_POINT('',(0.116195263280643,0.0109220395657692,0.296656514087721));
#2871=CARTESIAN_POINT('',(0.1095,0.00865456996433591,0.286985284789882));
#2872=CARTESIAN_POINT('',(0.111633341064542,0.00865456996433591,0.286985284789882));
#2873=CARTESIAN_POINT('',(0.115288036812328,0.00949251812940331,0.294164813058696));
#2874=CARTESIAN_POINT('',(0.116167214256003,0.0110277200324834,0.296301162867686));
#2875=CARTESIAN_POINT('',(0.1095,0.00883954010419027,0.286790002613224));
#2876=CARTESIAN_POINT('',(0.111611869889961,0.00883954010419027,0.286790002613224));
#2877=CARTESIAN_POINT('',(0.115248168317694,0.00968735693615527,0.293690364777146));
#2878=CARTESIAN_POINT('',(0.116123087312889,0.0111919451920883,0.295748439421849));
#2879=CARTESIAN_POINT('',(0.1095,0.00890467253606678,0.286721460569518));
#2880=CARTESIAN_POINT('',(0.111604322981199,0.00890467253606678,0.286721460569518));
#2881=CARTESIAN_POINT('',(0.115234057689155,0.00975594052544702,0.293523416971822));
#2882=CARTESIAN_POINT('',(0.116107455604323,0.0112497487535786,0.29555390440393));
#2883=CARTESIAN_POINT('',(0.1095,0.00915489757511592,0.286458998911547));
#2884=CARTESIAN_POINT('',(0.111575431672626,0.00915489757511592,0.286458998911547));
#2885=CARTESIAN_POINT('',(0.115179589415185,0.0100193176068694,0.292882562591663));
#2886=CARTESIAN_POINT('',(0.116047052056458,0.0114717035572935,0.294806986160571));
#2887=CARTESIAN_POINT('',(0.1095,0.00934009723805772,0.286266554205897));
#2888=CARTESIAN_POINT('',(0.11155429967396,0.00934009723805772,0.286266554205897));
#2889=CARTESIAN_POINT('',(0.115138742317334,0.0102139607129983,0.292409328528126));
#2890=CARTESIAN_POINT('',(0.116001612232606,0.0116357144000044,0.294255094383363));
#2891=CARTESIAN_POINT('',(0.1095,0.00971039714956405,0.285885535804055));
#2892=CARTESIAN_POINT('',(0.111512858039346,0.00971039714956405,0.285885535804055));
#2893=CARTESIAN_POINT('',(0.115056146711847,0.0106021866771692,0.291466129274933));
#2894=CARTESIAN_POINT('',(0.115909388009536,0.0119627837508955,0.293154519584294));
#2895=CARTESIAN_POINT('',(0.1095,0.00989549739812858,0.285696962107862));
#2896=CARTESIAN_POINT('',(0.111492551398768,0.00989549739812858,0.285696962107862));
#2897=CARTESIAN_POINT('',(0.115014398952025,0.0107957808703505,0.290996167025331));
#2898=CARTESIAN_POINT('',(0.115862603750342,0.0121258465039166,0.292605837663438));
#2899=CARTESIAN_POINT('',(0.1095,0.0104501333110334,0.285137803537559));
#2900=CARTESIAN_POINT('',(0.111433792672128,0.0104501333110334,0.285137803537559));
#2901=CARTESIAN_POINT('',(0.114888232681346,0.0113734148172866,0.289593658786465));
#2902=CARTESIAN_POINT('',(0.115720524317642,0.0126124777062751,0.290967688406652));
#2903=CARTESIAN_POINT('',(0.1095,0.0108190041425848,0.284773781181721));
#2904=CARTESIAN_POINT('',(0.111397367128128,0.0108190041425848,0.284773781181721));
#2905=CARTESIAN_POINT('',(0.114802857562237,0.0117547100479454,0.288668596123133));
#2906=CARTESIAN_POINT('',(0.115623496194479,0.0129336404319022,0.289886156828529));
#2907=CARTESIAN_POINT('',(0.1095,0.0111856133004903,0.284420524861145));
#2908=CARTESIAN_POINT('',(0.111367730241151,0.0111856133004903,0.284420524861145));
#2909=CARTESIAN_POINT('',(0.114717753957289,0.0121252346206735,0.287759345063042));
#2910=CARTESIAN_POINT('',(0.115525006755159,0.0132474790934424,0.288823141472072));
#2911=CARTESIAN_POINT('',(0.115510292368818,0.0132274188217959,0.288803865752052));
#2912=CARTESIAN_POINT('',(0.115381073577605,0.0129973073444388,0.288755243233874));
#2913=CARTESIAN_POINT('',(0.115159578460857,0.0126566909061151,0.28885341652636));
#2914=CARTESIAN_POINT('',(0.114952793173533,0.01226126343478,0.289139861243291));
#2915=CARTESIAN_POINT('',(0.114874582451887,0.0120779122892659,0.289322488706328));
#2916=CARTESIAN_POINT('',(0.114861046596275,0.0120065311113987,0.289435412253932));
#2917=CARTESIAN_POINT('',(0.115510292368818,0.0132274188217959,0.288803865752051));
#2918=CARTESIAN_POINT('',(0.114861046596275,0.0120065311113987,0.289435412253932));
#2919=CARTESIAN_POINT('',(0.114861046596275,0.0120065311113988,0.289435412253932));
#2920=CARTESIAN_POINT('',(0.114750294144877,0.0114256862330305,0.290352744029672));
#2921=CARTESIAN_POINT('',(0.114521218564624,0.0102026806610289,0.292152351740093));
#2922=CARTESIAN_POINT('',(0.114129848755486,0.00815549365632863,0.294651654305223));
#2923=CARTESIAN_POINT('',(0.11372938365715,0.00623895204039965,0.296538728289474));
#2924=CARTESIAN_POINT('',(0.11331690365079,0.0045489742979306,0.29787281328195));
#2925=CARTESIAN_POINT('',(0.112954711418807,0.00324970121857896,0.298797252000915));
#2926=CARTESIAN_POINT('',(0.112503715429195,0.00192566448284325,0.299670742263383));
#2927=CARTESIAN_POINT('',(0.112098162416262,0.000892285381926822,0.300894967976621));
#2928=CARTESIAN_POINT('',(0.111915647502148,0.000312830691142384,0.302423630113008));
#2929=CARTESIAN_POINT('',(0.111872388453329,3.28741916715717E-5,0.30402538371914));
#2930=CARTESIAN_POINT('',(0.11189371867123,-4.92866858644607E-5,0.305645712475148));
#2931=CARTESIAN_POINT('',(0.111949128171053,1.97390144838685E-5,0.307266390208112));
#2932=CARTESIAN_POINT('',(0.111996130765655,0.000129344434273189,0.308888826403178));
#2933=CARTESIAN_POINT('',(0.111989636336484,0.000111736299235848,0.309972965469332));
#2934=CARTESIAN_POINT('',(0.111983635354443,9.63536013561719E-5,0.310514689523849));
#2935=CARTESIAN_POINT('',(0.111983635354443,9.6353601356877E-5,0.31051468952385));
#2936=CARTESIAN_POINT('',(0.1095,0.001,0.30293));
#2937=CARTESIAN_POINT('',(0.112602148801527,0.001,0.30293));
#2938=CARTESIAN_POINT('',(0.11534,-0.00411606285486136,0.341985707548167));
#2939=CARTESIAN_POINT('',(0.11534,-0.000235646182959871,0.342992191479624));
#2940=CARTESIAN_POINT('',(0.1095,0.001,0.30293));
#2941=CARTESIAN_POINT('',(0.1095,0.016950662228182,0.280236180053722));
#2942=CARTESIAN_POINT('',(0.1095,0.0169347552567383,0.280241384348853));
#2943=CARTESIAN_POINT('',(0.1095,0.0168925918823928,0.280255178969947));
#2944=CARTESIAN_POINT('',(0.1095,0.0167369182600813,0.280293391942569));
#2945=CARTESIAN_POINT('',(0.1095,0.0165241888141917,0.280336398306878));
#2946=CARTESIAN_POINT('',(0.1095,0.0162640259533468,0.280406684742171));
#2947=CARTESIAN_POINT('',(0.1095,0.0159724818372106,0.280531414610689));
#2948=CARTESIAN_POINT('',(0.1095,0.015640470740642,0.280717172766481));
#2949=CARTESIAN_POINT('',(0.1095,0.0152612845588618,0.280958374891649));
#2950=CARTESIAN_POINT('',(0.1095,0.014837825159806,0.28125459993662));
#2951=CARTESIAN_POINT('',(0.1095,0.0143721018561571,0.281605157129933));
#2952=CARTESIAN_POINT('',(0.1095,0.0138671793514102,0.282008373112277));
#2953=CARTESIAN_POINT('',(0.1095,0.0133258390089573,0.282461808927532));
#2954=CARTESIAN_POINT('',(0.1095,0.0127514114243147,0.282963475925606));
#2955=CARTESIAN_POINT('',(0.1095,0.0121475778886266,0.28351051779383));
#2956=CARTESIAN_POINT('',(0.1095,0.0115179474198506,0.284099718631998));
#2957=CARTESIAN_POINT('',(0.1095,0.0108661099041407,0.2847274691012));
#2958=CARTESIAN_POINT('',(0.1095,0.0101969996241677,0.285390546671144));
#2959=CARTESIAN_POINT('',(0.1095,0.00951398577693914,0.286084476096805));
#2960=CARTESIAN_POINT('',(0.1095,0.00882212206727137,0.286805726769158));
#2961=CARTESIAN_POINT('',(0.1095,0.00812447049678952,0.287549279459658));
#2962=CARTESIAN_POINT('',(0.1095,0.00742602218701632,0.288310124864875));
#2963=CARTESIAN_POINT('',(0.1095,0.00673102465965881,0.289082837687708));
#2964=CARTESIAN_POINT('',(0.1095,0.00604363215645219,0.289859988495273));
#2965=CARTESIAN_POINT('',(0.1095,0.00537123676109878,0.290636212416463));
#2966=CARTESIAN_POINT('',(0.1095,0.00472062967439991,0.291405387052812));
#2967=CARTESIAN_POINT('',(0.1095,0.0040998859482973,0.292164941540363));
#2968=CARTESIAN_POINT('',(0.1095,0.0035156720839977,0.292912253991063));
#2969=CARTESIAN_POINT('',(0.1095,0.00297496473620408,0.293647096545899));
#2970=CARTESIAN_POINT('',(0.1095,0.00247731577019464,0.294362551471702));
#2971=CARTESIAN_POINT('',(0.1095,0.00203851686776193,0.295064418960695));
#2972=CARTESIAN_POINT('',(0.1095,0.00165895733567819,0.295757576113524));
#2973=CARTESIAN_POINT('',(0.1095,0.00133011413792376,0.296440777790506));
#2974=CARTESIAN_POINT('',(0.1095,0.00105265267519501,0.297113508021266));
#2975=CARTESIAN_POINT('',(0.1095,0.00081953716486333,0.297770962930193));
#2976=CARTESIAN_POINT('',(0.1095,0.000630222134175067,0.29840781626811));
#2977=CARTESIAN_POINT('',(0.1095,0.000482257621088551,0.29901881177613));
#2978=CARTESIAN_POINT('',(0.1095,0.000376566671465465,0.299600952252023));
#2979=CARTESIAN_POINT('',(0.1095,0.000310113745108346,0.300149524385677));
#2980=CARTESIAN_POINT('',(0.1095,0.000282050040541771,0.300660765333945));
#2981=CARTESIAN_POINT('',(0.1095,0.000290864973434328,0.301130512574211));
#2982=CARTESIAN_POINT('',(0.1095,0.000332058674550248,0.301554745533813));
#2983=CARTESIAN_POINT('',(0.1095,0.000410370112484725,0.301929431528116));
#2984=CARTESIAN_POINT('',(0.1095,0.000524489847580411,0.302256042357662));
#2985=CARTESIAN_POINT('',(0.1095,0.000663515096051272,0.302534105506088));
#2986=CARTESIAN_POINT('',(0.1095,0.000821012167728607,0.302764819670055));
#2987=CARTESIAN_POINT('',(0.1095,0.000941718198612284,0.302876214180814));
#2988=CARTESIAN_POINT('',(0.1095,0.001,0.30293));
#2989=CARTESIAN_POINT('',(0.1095,0.0111856133004903,0.284420524861145));
#2990=CARTESIAN_POINT('',(0.1095,0.0111856133004903,0.284420524861145));
#2991=CARTESIAN_POINT('',(0.111634130239797,0.0111856133004903,0.284420524861145));
#2992=CARTESIAN_POINT('',(0.115703557975959,0.0124123924904201,0.288779722608814));
#2993=CARTESIAN_POINT('',(0.115703557975959,0.0137366357702363,0.289123198502041));
#2994=CARTESIAN_POINT('',(0.114976442024041,0.0137366357702363,0.28912319850204));
#2995=CARTESIAN_POINT('',(0.114976442024041,0.00956559434053562,0.288041333709831));
#2996=CARTESIAN_POINT('',(0.111937976943897,-0.00263352216046282,0.305582617071572));
#2997=CARTESIAN_POINT('',(0.1095,-0.00263352216046282,0.305582617071572));
#2998=CARTESIAN_POINT('',(0.114980445996789,0.0137479112931996,0.289079726643301));
#2999=CARTESIAN_POINT('',(0.114980445996789,0.00957662294615325,0.28799779780685));
#3000=CARTESIAN_POINT('',(0.111939284241438,-0.00262266342894627,0.305537704587435));
#3001=CARTESIAN_POINT('',(0.1095,-0.00262266342894627,0.305537704587435));
#3002=CARTESIAN_POINT('',(0.114992778944743,0.0137588565608563,0.289037528056949));
#3003=CARTESIAN_POINT('',(0.114992778944743,0.00958444771118839,0.287954789839442));
#3004=CARTESIAN_POINT('',(0.111943438758159,-0.00262034902656525,0.305490228232972));
#3005=CARTESIAN_POINT('',(0.1095,-0.00262034902656525,0.305490228232972));
#3006=CARTESIAN_POINT('',(0.115031739032807,0.0137788110195247,0.288960595269772));
#3007=CARTESIAN_POINT('',(0.115031739032807,0.00959261077232911,0.287874798655926));
#3008=CARTESIAN_POINT('',(0.111956421303828,-0.00263401401250994,0.305397276047792));
#3009=CARTESIAN_POINT('',(0.1095,-0.00263401401250994,0.305397276047792));
#3010=CARTESIAN_POINT('',(0.115058352567814,0.0137878155793574,0.288925878924081));
#3011=CARTESIAN_POINT('',(0.115058352567814,0.00959294720825516,0.287837834013681));
#3012=CARTESIAN_POINT('',(0.111965249332776,-0.00264999719290953,0.305351851297421));
#3013=CARTESIAN_POINT('',(0.1095,-0.00264999719290953,0.305351851297421));
#3014=CARTESIAN_POINT('',(0.1151222742862,0.0138028666377276,0.288867850796652));
#3015=CARTESIAN_POINT('',(0.1151222742862,0.00958632440370789,0.287774184223271));
#3016=CARTESIAN_POINT('',(0.111986557976766,-0.00269823811292492,0.30527026873047));
#3017=CARTESIAN_POINT('',(0.1095,-0.00269823811292492,0.30527026873047));
#3018=CARTESIAN_POINT('',(0.115159573901434,0.013808912370395,0.288844541967665));
#3019=CARTESIAN_POINT('',(0.115159573901434,0.0095793753246377,0.287747504862119));
#3020=CARTESIAN_POINT('',(0.111998991784495,-0.00273047276623982,0.305234159344908));
#3021=CARTESIAN_POINT('',(0.1095,-0.00273047276623982,0.305234159344908));
#3022=CARTESIAN_POINT('',(0.115240387626439,0.0138173406005819,0.288812047613896));
#3023=CARTESIAN_POINT('',(0.115240387626439,0.00955950490969548,0.287707670541018));
#3024=CARTESIAN_POINT('',(0.112025960089941,-0.002806201377145,0.305176971189208));
#3025=CARTESIAN_POINT('',(0.1095,-0.002806201377145,0.305176971189208));
#3026=CARTESIAN_POINT('',(0.115283894789119,0.01381972188155,0.288802866779428));
#3027=CARTESIAN_POINT('',(0.115283894789119,0.00954659854584253,0.287694524470298));
#3028=CARTESIAN_POINT('',(0.112040485385771,-0.00284965098087201,0.305155922909194));
#3029=CARTESIAN_POINT('',(0.1095,-0.00284965098087201,0.305155922909194));
#3030=CARTESIAN_POINT('',(0.115371983660277,0.0138204530725583,0.288800047732158));
#3031=CARTESIAN_POINT('',(0.115371983660277,0.00951686730908681,0.287683804224098));
#3032=CARTESIAN_POINT('',(0.112069928369484,-0.00294084039241579,0.305131880287976));
#3033=CARTESIAN_POINT('',(0.1095,-0.00294084039241579,0.305131880287976));
#3034=CARTESIAN_POINT('',(0.115416557025809,0.013818801052923,0.288806416959063));
#3035=CARTESIAN_POINT('',(0.115416557025809,0.00950005729840084,0.287686241843725));
#3036=CARTESIAN_POINT('',(0.112084833473416,-0.00298852739156216,0.305128890124697));
#3037=CARTESIAN_POINT('',(0.1095,-0.00298852739156216,0.305128890124697));
#3038=CARTESIAN_POINT('',(0.115501195404616,0.0138114810949331,0.288834638459808));
#3039=CARTESIAN_POINT('',(0.115501195404616,0.00946483464635491,0.287707226077035));
#3040=CARTESIAN_POINT('',(0.112113125190663,-0.00308078056464014,0.305140701632177));
#3041=CARTESIAN_POINT('',(0.1095,-0.00308078056464014,0.305140701632177));
#3042=CARTESIAN_POINT('',(0.115541247131957,0.013805810689637,0.28885650024474));
#3043=CARTESIAN_POINT('',(0.115541247131957,0.00944643230413655,0.287725785513017));
#3044=CARTESIAN_POINT('',(0.112126511803979,-0.00312530051454521,0.305155481397752));
#3045=CARTESIAN_POINT('',(0.1095,-0.00312530051454521,0.305155481397752));
#3046=CARTESIAN_POINT('',(0.115611126638197,0.0137909201297031,0.288913909583544));
#3047=CARTESIAN_POINT('',(0.115611126638197,0.00941020993527503,0.287777661909167));
#3048=CARTESIAN_POINT('',(0.112149880825226,-0.00320490996231101,0.305199560635251));
#3049=CARTESIAN_POINT('',(0.1095,-0.00320490996231101,0.305199560635251));
#3050=CARTESIAN_POINT('',(0.115640932658734,0.0137816977095365,0.288949465871977));
#3051=CARTESIAN_POINT('',(0.115640932658734,0.00939239336726279,0.287810989088604));
#3052=CARTESIAN_POINT('',(0.112159819915813,-0.00323997170502522,0.305228820388699));
#3053=CARTESIAN_POINT('',(0.1095,-0.00323997170502522,0.305228820388699));
#3054=CARTESIAN_POINT('',(0.115684984789742,0.0137606945311315,0.289030441912526));
#3055=CARTESIAN_POINT('',(0.115684984789742,0.00935918612151847,0.287888799696491));
#3056=CARTESIAN_POINT('',(0.112174482450801,-0.00329660708078921,0.305296540266614));
#3057=CARTESIAN_POINT('',(0.1095,-0.00329660708078921,0.305296540266614));
#3058=CARTESIAN_POINT('',(0.115699198237929,0.0137489131580627,0.289075864035071));
#3059=CARTESIAN_POINT('',(0.115699198237929,0.00934379253361887,0.287933284900017));
#3060=CARTESIAN_POINT('',(0.112179184894759,-0.0033181763957931,0.305334955578202));
#3061=CARTESIAN_POINT('',(0.1095,-0.0033181763957931,0.305334955578202));
#3062=CARTESIAN_POINT('',(0.115749322412971,0.0136077592785914,0.289620071299672));
#3063=CARTESIAN_POINT('',(0.115749322412971,0.00918937783734702,0.288474052637332));
#3064=CARTESIAN_POINT('',(0.112195190293775,-0.00348107677530481,0.305794744575761));
#3065=CARTESIAN_POINT('',(0.1095,-0.00348107677530481,0.305794744575761));
#3066=CARTESIAN_POINT('',(0.115796293457858,0.0134734108802942,0.290138040586914));
#3067=CARTESIAN_POINT('',(0.115796293457858,0.00904444179478656,0.288989275752003));
#3068=CARTESIAN_POINT('',(0.112209725716314,-0.00362754204440703,0.306221535776386));
#3069=CARTESIAN_POINT('',(0.1095,-0.00362754204440703,0.306221535776386));
#3070=CARTESIAN_POINT('',(0.115892012415711,0.0131947480259062,0.291212402484019));
#3071=CARTESIAN_POINT('',(0.115892012415711,0.00874735155701002,0.290058858042472));
#3072=CARTESIAN_POINT('',(0.112238520183875,-0.00391601980658106,0.307086161082026));
#3073=CARTESIAN_POINT('',(0.1095,-0.00391601980658106,0.307086161082026));
#3074=CARTESIAN_POINT('',(0.115940762071187,0.0130504298950432,0.29176880926167));
#3075=CARTESIAN_POINT('',(0.115940762071187,0.00859519368702168,0.290613231386055));
#3076=CARTESIAN_POINT('',(0.112252779228898,-0.0040580307138048,0.307523987851165));
#3077=CARTESIAN_POINT('',(0.1095,-0.0040580307138048,0.307523987851165));
#3078=CARTESIAN_POINT('',(0.11603951946455,0.0127525561853249,0.292917237043958));
#3079=CARTESIAN_POINT('',(0.11603951946455,0.00828409678276069,0.291758229399337));
#3080=CARTESIAN_POINT('',(0.112280900257703,-0.00433775384546071,0.308408294255707));
#3081=CARTESIAN_POINT('',(0.1095,-0.00433775384546071,0.308408294255707));
#3082=CARTESIAN_POINT('',(0.116089528379625,0.0125989985726808,0.293509265889703));
#3083=CARTESIAN_POINT('',(0.116089528379625,0.00812519417406173,0.292348871885551));
#3084=CARTESIAN_POINT('',(0.11229476421864,-0.00447548839811488,0.308854768315033));
#3085=CARTESIAN_POINT('',(0.1095,-0.00447548839811488,0.308854768315033));
#3086=CARTESIAN_POINT('',(0.11619035212386,0.0122832268787598,0.294726697889668));
#3087=CARTESIAN_POINT('',(0.11619035212386,0.00780111606641271,0.29356414940762));
#3088=CARTESIAN_POINT('',(0.112322029873973,-0.00474617003119865,0.309754373480842));
#3089=CARTESIAN_POINT('',(0.1095,-0.00474617003119865,0.309754373480842));
#3090=CARTESIAN_POINT('',(0.116241167191609,0.0121210138969375,0.29535209680503));
#3091=CARTESIAN_POINT('',(0.116241167191609,0.00763594166691727,0.294188780204618));
#3092=CARTESIAN_POINT('',(0.112335431568368,-0.00487908060165912,0.310207499608059));
#3093=CARTESIAN_POINT('',(0.1095,-0.00487908060165912,0.310207499608059));
#3094=CARTESIAN_POINT('',(0.11634318886819,0.0117884058889038,0.296634439840268));
#3095=CARTESIAN_POINT('',(0.11634318886819,0.00729964477786734,0.295470166435527));
#3096=CARTESIAN_POINT('',(0.112361703531003,-0.00514040453940949,0.311118696007023));
#3097=CARTESIAN_POINT('',(0.1095,-0.00514040453940949,0.311118696007023));
#3098=CARTESIAN_POINT('',(0.116394395831908,0.0116180116861475,0.297291380785379));
#3099=CARTESIAN_POINT('',(0.116394395831908,0.00712848680616134,0.296126909277899));
#3100=CARTESIAN_POINT('',(0.112374582682318,-0.00526886739156988,0.311576757229186));
#3101=CARTESIAN_POINT('',(0.1095,-0.00526886739156988,0.311576757229186));
#3102=CARTESIAN_POINT('',(0.11647119657701,0.0113565887570247,0.298299275557347));
#3103=CARTESIAN_POINT('',(0.11647119657701,0.00686748378800229,0.297134912964366));
#3104=CARTESIAN_POINT('',(0.112393420699252,-0.0054579278063374,0.312266483392471));
#3105=CARTESIAN_POINT('',(0.1095,-0.0054579278063374,0.312266483392471));
#3106=CARTESIAN_POINT('',(0.116496755526792,0.0112686189732966,0.298638435880462));
#3107=CARTESIAN_POINT('',(0.116496755526792,0.00677991490199343,0.297474177270415));
#3108=CARTESIAN_POINT('',(0.112399641380861,-0.00552033207620807,0.312496831558574));
#3109=CARTESIAN_POINT('',(0.1095,-0.00552033207620807,0.312496831558574));
#3110=CARTESIAN_POINT('',(0.116535113022301,0.0111350223247644,0.299153506857824));
#3111=CARTESIAN_POINT('',(0.116535113022301,0.00664730406076849,0.297989503941765));
#3112=CARTESIAN_POINT('',(0.112408856266499,-0.00561302282703173,0.312842892520105));
#3113=CARTESIAN_POINT('',(0.1095,-0.00561302282703173,0.312842892520105));
#3114=CARTESIAN_POINT('',(0.116547914771604,0.0110901703386419,0.299326430030542));
#3115=CARTESIAN_POINT('',(0.116547914771604,0.00660284475386986,0.298162528965744));
#3116=CARTESIAN_POINT('',(0.112411908538915,-0.00564376884321102,0.312958336156248));
#3117=CARTESIAN_POINT('',(0.1095,-0.00564376884321102,0.312958336156248));
#3118=CARTESIAN_POINT('',(0.116573523888928,0.0109999033695819,0.299674446964261));
#3119=CARTESIAN_POINT('',(0.116573523888928,0.00651349014177216,0.298510782542251));
#3120=CARTESIAN_POINT('',(0.112417969679704,-0.00570496684309359,0.313189384374018));
#3121=CARTESIAN_POINT('',(0.1095,-0.00570496684309359,0.313189384374018));
#3122=CARTESIAN_POINT('',(0.116586318469208,0.0109545345768937,0.299849362642523));
#3123=CARTESIAN_POINT('',(0.116586318469208,0.00646864102682244,0.298685833012042));
#3124=CARTESIAN_POINT('',(0.112420978548075,-0.00573541882672507,0.313304988955907));
#3125=CARTESIAN_POINT('',(0.1095,-0.00573541882672507,0.313304988955907));
#3126=CARTESIAN_POINT('',(0.116611741784901,0.0108638350706279,0.300199047188145));
#3127=CARTESIAN_POINT('',(0.116611741784901,0.00637910671948687,0.299035819781394));
#3128=CARTESIAN_POINT('',(0.112426948188987,-0.00579603643472509,0.313536340338897));
#3129=CARTESIAN_POINT('',(0.1095,-0.00579603643472509,0.313536340338897));
#3130=CARTESIAN_POINT('',(0.116624357590028,0.0108185494364928,0.300373642255392));
#3131=CARTESIAN_POINT('',(0.116624357590028,0.00633446346471021,0.299210581465928));
#3132=CARTESIAN_POINT('',(0.112429873773931,-0.0058262020590226,0.313652087140254));
#3133=CARTESIAN_POINT('',(0.1095,-0.0058262020590226,0.313652087140254));
#3134=CARTESIAN_POINT('',(0.116649361073437,0.0107282335596295,0.300721847749156));
#3135=CARTESIAN_POINT('',(0.116649361073437,0.0062455505819281,0.299559150861592));
#3136=CARTESIAN_POINT('',(0.112435616030113,-0.00588625452802057,0.313883704520454));
#3137=CARTESIAN_POINT('',(0.1095,-0.00588625452802057,0.313883704520454));
#3138=CARTESIAN_POINT('',(0.116661758665864,0.0106831687527933,0.30089559143477));
#3139=CARTESIAN_POINT('',(0.116661758665864,0.00620124638981449,0.299733091831818));
#3140=CARTESIAN_POINT('',(0.11243843270135,-0.00591614215705367,0.313999575315685));
#3141=CARTESIAN_POINT('',(0.1095,-0.00591614215705367,0.313999575315685));
#3142=CARTESIAN_POINT('',(0.116698697231573,0.0105480511033088,0.301416526507195));
#3143=CARTESIAN_POINT('',(0.116698697231573,0.00606858595090998,0.30025466424378));
#3144=CARTESIAN_POINT('',(0.112446733680466,-0.00600538791529371,0.314347343312071));
#3145=CARTESIAN_POINT('',(0.1095,-0.00600538791529371,0.314347343312071));
#3146=CARTESIAN_POINT('',(0.11672300286074,0.0104580096535816,0.301763673969528));
#3147=CARTESIAN_POINT('',(0.11672300286074,0.0059804164634524,0.30060229724674));
#3148=CARTESIAN_POINT('',(0.112452068953754,-0.00606432754526291,0.314579395604253));
#3149=CARTESIAN_POINT('',(0.1095,-0.00606432754526291,0.314579395604253));
#3150=CARTESIAN_POINT('',(0.11679483916245,0.010188406843463,0.302803105605223));
#3151=CARTESIAN_POINT('',(0.11679483916245,0.00571711511271928,0.301643363324855));
#3152=CARTESIAN_POINT('',(0.112467593323005,-0.00623943593123318,0.315275925429613));
#3153=CARTESIAN_POINT('',(0.1095,-0.00623943593123318,0.315275925429613));
#3154=CARTESIAN_POINT('',(0.116841293840905,0.010009354446288,0.303493427512436));
#3155=CARTESIAN_POINT('',(0.116841293840905,0.00554317778523687,0.302335011954399));
#3156=CARTESIAN_POINT('',(0.112477168852905,-0.00635387333471397,0.315740758864642));
#3157=CARTESIAN_POINT('',(0.1095,-0.00635387333471397,0.315740758864642));
#3158=CARTESIAN_POINT('',(0.116976282134993,0.0094742964874437,0.305556299813763));
#3159=CARTESIAN_POINT('',(0.116976282134993,0.00502608018120129,0.304402542726723));
#3160=CARTESIAN_POINT('',(0.11250376825635,-0.00669024849948646,0.317134987074594));
#3161=CARTESIAN_POINT('',(0.1095,-0.00669024849948646,0.317134987074594));
#3162=CARTESIAN_POINT('',(0.11706041745014,0.00912051213718321,0.306920286508535));
#3163=CARTESIAN_POINT('',(0.11706041745014,0.00468775436691512,0.305770538982678));
#3164=CARTESIAN_POINT('',(0.112518585280631,-0.00690520508598699,0.318064371986528));
#3165=CARTESIAN_POINT('',(0.1095,-0.00690520508598699,0.318064371986528));
#3166=CARTESIAN_POINT('',(0.117215851261742,0.00842055354521862,0.3096189197455));
#3167=CARTESIAN_POINT('',(0.117215851261742,0.00402374634083676,0.30847849690561));
#3168=CARTESIAN_POINT('',(0.112542759938481,-0.00731894684315676,0.319912553172349));
#3169=CARTESIAN_POINT('',(0.1095,-0.00731894684315676,0.319912553172349));
#3170=CARTESIAN_POINT('',(0.117287145619479,0.00807437952801335,0.310953565422156));
#3171=CARTESIAN_POINT('',(0.117287145619479,0.00369824956366796,0.309818505745969));
#3172=CARTESIAN_POINT('',(0.112552116420513,-0.00751714452158821,0.320831461490464));
#3173=CARTESIAN_POINT('',(0.1095,-0.00751714452158821,0.320831461490464));
#3174=CARTESIAN_POINT('',(0.117415382104014,0.00739151019271125,0.313586312424486));
#3175=CARTESIAN_POINT('',(0.117415382104014,0.00306287094101576,0.312463570662384));
#3176=CARTESIAN_POINT('',(0.112565504401734,-0.00789001771429527,0.322649162133386));
#3177=CARTESIAN_POINT('',(0.1095,-0.00789001771429527,0.322649162133386));
#3178=CARTESIAN_POINT('',(0.117472319407597,0.00705481379290848,0.314884417920591));
#3179=CARTESIAN_POINT('',(0.117472319407597,0.0027529492480164,0.313768620853979));
#3180=CARTESIAN_POINT('',(0.11256954257128,-0.00806481951133032,0.323547875393088));
#3181=CARTESIAN_POINT('',(0.1095,-0.00806481951133032,0.323547875393088));
#3182=CARTESIAN_POINT('',(0.117545634752067,0.00655837556348361,0.316798395006386));
#3183=CARTESIAN_POINT('',(0.117545634752067,0.00230378694189715,0.315694860142825));
#3184=CARTESIAN_POINT('',(0.112571474504058,-0.0082991696313897,0.324876476885432));
#3185=CARTESIAN_POINT('',(0.1095,-0.0082991696313897,0.324876476885432));
#3186=CARTESIAN_POINT('',(0.117568056986657,0.00639432724864018,0.317430869898453));
#3187=CARTESIAN_POINT('',(0.117568056986657,0.00215667629477031,0.316331728246198));
#3188=CARTESIAN_POINT('',(0.112571435107222,-0.00837273178149541,0.32531604248535));
#3189=CARTESIAN_POINT('',(0.1095,-0.00837273178149541,0.32531604248535));
#3190=CARTESIAN_POINT('',(0.117598490985244,0.00615062128216923,0.318370458366565));
#3191=CARTESIAN_POINT('',(0.117598490985244,0.00194053068876889,0.317278465188894));
#3192=CARTESIAN_POINT('',(0.112570300546207,-0.00847459920286589,0.3259701153485));
#3193=CARTESIAN_POINT('',(0.1095,-0.00847459920286589,0.3259701153485));
#3194=CARTESIAN_POINT('',(0.117608099758711,0.00606980942595049,0.31868202188423));
#3195=CARTESIAN_POINT('',(0.117608099758711,0.00186929180104234,0.317592511697377));
#3196=CARTESIAN_POINT('',(0.112569743114908,-0.00850713401516262,0.326187265474508));
#3197=CARTESIAN_POINT('',(0.1095,-0.00850713401516262,0.326187265474508));
#3198=CARTESIAN_POINT('',(0.117621700772869,0.0059491056814991,0.319147385321927));
#3199=CARTESIAN_POINT('',(0.117621700772869,0.00176354129524286,0.318061753634653));
#3200=CARTESIAN_POINT('',(0.112568631801005,-0.00855358129329105,0.326511651551451));
#3201=CARTESIAN_POINT('',(0.1095,-0.00855358129329105,0.326511651551451));
#3202=CARTESIAN_POINT('',(0.117626098677153,0.00590896127928792,0.319302158788999));
#3203=CARTESIAN_POINT('',(0.117626098677153,0.00172848027023458,0.31821784560381));
#3204=CARTESIAN_POINT('',(0.112568215501878,-0.00856867340472094,0.326619556336369));
#3205=CARTESIAN_POINT('',(0.1095,-0.00856867340472094,0.326619556336369));
#3206=CARTESIAN_POINT('',(0.117634608920811,0.00582897155399695,0.319610552647957));
#3207=CARTESIAN_POINT('',(0.117634608920811,0.00165885764688899,0.318528928432124));
#3208=CARTESIAN_POINT('',(0.112567290131219,-0.00859809301756868,0.326834895713361));
#3209=CARTESIAN_POINT('',(0.1095,-0.00859809301756868,0.326834895713361));
#3210=CARTESIAN_POINT('',(0.117638717584525,0.00578916652767845,0.319764017678966));
#3211=CARTESIAN_POINT('',(0.117638717584525,0.00162433634531296,0.318683763930406));
#3212=CARTESIAN_POINT('',(0.112566781059688,-0.0086124205188235,0.326942330305736));
#3213=CARTESIAN_POINT('',(0.1095,-0.0086124205188235,0.326942330305736));
#3214=CARTESIAN_POINT('',(0.117646662834795,0.00570967279812987,0.32007049926681));
#3215=CARTESIAN_POINT('',(0.117646662834795,0.00155561283169058,0.318993039045384));
#3216=CARTESIAN_POINT('',(0.112565669094135,-0.00864032676692561,0.327156706987304));
#3217=CARTESIAN_POINT('',(0.1095,-0.00864032676692561,0.327156706987304));
#3218=CARTESIAN_POINT('',(0.117650502430267,0.00566995270919172,0.32022363682868));
#3219=CARTESIAN_POINT('',(0.117650502430267,0.00152136346347684,0.319147595576652));
#3220=CARTESIAN_POINT('',(0.112565073513442,-0.0086539055136108,0.327263649076796));
#3221=CARTESIAN_POINT('',(0.1095,-0.0086539055136108,0.327263649076796));
#3222=CARTESIAN_POINT('',(0.117657945686585,0.00559019076932618,0.320531152479515));
#3223=CARTESIAN_POINT('',(0.117657945686585,0.00145272364479927,0.319457996030127));
#3224=CARTESIAN_POINT('',(0.112563797317818,-0.00868032994977355,0.327477018500315));
#3225=CARTESIAN_POINT('',(0.1095,-0.00868032994977355,0.327477018500315));
#3226=CARTESIAN_POINT('',(0.1176615456038,0.00555018335710413,0.320685397792862));
#3227=CARTESIAN_POINT('',(0.1176615456038,0.00141836763304075,0.319613707176717));
#3228=CARTESIAN_POINT('',(0.112563116702888,-0.00869317563908993,0.327583445834643));
#3229=CARTESIAN_POINT('',(0.1095,-0.00869317563908993,0.327583445834643));
#3230=CARTESIAN_POINT('',(0.117671945192264,0.00542995671480654,0.321148921802136));
#3231=CARTESIAN_POINT('',(0.117671945192264,0.0013153803930672,0.320081702659777));
#3232=CARTESIAN_POINT('',(0.11256093854914,-0.00873063643669383,0.327901922399579));
#3233=CARTESIAN_POINT('',(0.1095,-0.00873063643669383,0.327901922399579));
#3234=CARTESIAN_POINT('',(0.117678339312999,0.00534958623807807,0.321458783617192));
#3235=CARTESIAN_POINT('',(0.117678339312999,0.00124688311913263,0.320394644089431));
#3236=CARTESIAN_POINT('',(0.112559304701365,-0.00875424061527643,0.328113163432765));
#3237=CARTESIAN_POINT('',(0.1095,-0.00875424061527643,0.328113163432765));
#3238=CARTESIAN_POINT('',(0.117695792626984,0.00510757295553643,0.322391846080531));
#3239=CARTESIAN_POINT('',(0.117695792626984,0.0010417436993042,0.321337270719056));
#3240=CARTESIAN_POINT('',(0.112553787861382,-0.00881964520651105,0.328743453082374));
#3241=CARTESIAN_POINT('',(0.1095,-0.00881964520651105,0.328743453082374));
#3242=CARTESIAN_POINT('',(0.117705119417415,0.00494510420684662,0.323018231084181));
#3243=CARTESIAN_POINT('',(0.117705119417415,0.000905848397156003,0.321970548216273));
#3244=CARTESIAN_POINT('',(0.112549289572521,-0.00885580079821382,0.329159000308048));
#3245=CARTESIAN_POINT('',(0.1095,-0.00885580079821382,0.329159000308048));
#3246=CARTESIAN_POINT('',(0.117718291663321,0.00461807223563909,0.324279076164421));
#3247=CARTESIAN_POINT('',(0.117718291663321,0.000637759857936155,0.323246681762206));
#3248=CARTESIAN_POINT('',(0.112538278545987,-0.00890683614461784,0.329980238466919));
#3249=CARTESIAN_POINT('',(0.1095,-0.00890683614461784,0.329980238466919));
#3250=CARTESIAN_POINT('',(0.11772214012315,0.00445350665596038,0.324913545328855));
#3251=CARTESIAN_POINT('',(0.11772214012315,0.000505519505972297,0.323889535289718));
#3252=CARTESIAN_POINT('',(0.112531761627531,-0.00892197194839464,0.330386096703045));
#3253=CARTESIAN_POINT('',(0.1095,-0.00892197194839464,0.330386096703045));
#3254=CARTESIAN_POINT('',(0.117723021619628,0.00420515056900581,0.325871061957056));
#3255=CARTESIAN_POINT('',(0.117723021619628,0.000310394925926537,0.324860858851782));
#3256=CARTESIAN_POINT('',(0.11252019307293,-0.00892783096508673,0.330988365621055));
#3257=CARTESIAN_POINT('',(0.1095,-0.00892783096508673,0.330988365621055));
#3258=CARTESIAN_POINT('',(0.117722495959104,0.00412206549718098,0.326191389672003));
#3259=CARTESIAN_POINT('',(0.117722495959104,0.000245807773265725,0.325185984468599));
#3260=CARTESIAN_POINT('',(0.112516038025243,-0.00892706556331495,0.331188022874113));
#3261=CARTESIAN_POINT('',(0.1095,-0.00892706556331495,0.331188022874113));
#3262=CARTESIAN_POINT('',(0.117720376115153,0.00399722215846555,0.326672712977608));
#3263=CARTESIAN_POINT('',(0.117720376115153,0.000149785143463707,0.325674783151945));
#3264=CARTESIAN_POINT('',(0.112509322650843,-0.00892207172958874,0.331485881563945));
#3265=CARTESIAN_POINT('',(0.1095,-0.00892207172958874,0.331485881563945));
#3266=CARTESIAN_POINT('',(0.117719447734495,0.00395557519227108,0.326833279457514));
#3267=CARTESIAN_POINT('',(0.117719447734495,0.000117924051934931,0.325837887845253));
#3268=CARTESIAN_POINT('',(0.112507003725564,-0.00891976613275086,0.33158489658693));
#3269=CARTESIAN_POINT('',(0.1095,-0.00891976613275086,0.33158489658693));
#3270=CARTESIAN_POINT('',(0.117717116296328,0.00387204380801076,0.327155327893638));
#3271=CARTESIAN_POINT('',(0.117717116296328,5.4312811207771E-5,0.326165103073008));
#3272=CARTESIAN_POINT('',(0.112502199189276,-0.00891391126674835,0.331782387679882));
#3273=CARTESIAN_POINT('',(0.1095,-0.00891391126674835,0.331782387679882));
#3274=CARTESIAN_POINT('',(0.117715710410544,0.00383010777300218,0.327317008854769));
#3275=CARTESIAN_POINT('',(0.117715710410544,2.25110450666338E-5,0.326329412612365));
#3276=CARTESIAN_POINT('',(0.112499713578267,-0.00891036499754178,0.331880864832615));
#3277=CARTESIAN_POINT('',(0.1095,-0.00891036499754178,0.331880864832615));
#3278=CARTESIAN_POINT('',(0.117712409860521,0.00374613636881212,0.327640753751829));
#3279=CARTESIAN_POINT('',(0.117712409860521,-4.08529763741509E-5,0.326658502553878));
#3280=CARTESIAN_POINT('',(0.112494569919078,-0.00890201655677688,0.33207726541993));
#3281=CARTESIAN_POINT('',(0.1095,-0.00890201655677688,0.33207726541993));
#3282=CARTESIAN_POINT('',(0.117710517994911,0.00370415208628294,0.32780262072734));
#3283=CARTESIAN_POINT('',(0.117710517994911,-7.23618177901359E-5,0.32682308659924));
#3284=CARTESIAN_POINT('',(0.112491917932745,-0.00889721391478869,0.332175188684898));
#3285=CARTESIAN_POINT('',(0.1095,-0.00889721391478869,0.332175188684898));
#3286=CARTESIAN_POINT('',(0.117706265037393,0.00362083586952857,0.328123839602702));
#3287=CARTESIAN_POINT('',(0.117706265037393,-0.000134381299062281,0.327149829320074));
#3288=CARTESIAN_POINT('',(0.112486454652036,-0.00888633044035675,0.332370463105501));
#3289=CARTESIAN_POINT('',(0.1095,-0.00888633044035675,0.332370463105501));
#3290=CARTESIAN_POINT('',(0.117703903907017,0.00357950248241804,0.328283197104037));
#3291=CARTESIAN_POINT('',(0.117703903907017,-0.000164893391803783,0.327311993597025));
#3292=CARTESIAN_POINT('',(0.112483643357659,-0.00888024960815539,0.332467814261376));
#3293=CARTESIAN_POINT('',(0.1095,-0.00888024960815539,0.332467814261376));
#3294=CARTESIAN_POINT('',(0.117696105307012,0.00345623109997734,0.328758459860491));
#3295=CARTESIAN_POINT('',(0.117696105307012,-0.000255178580585606,0.327795812154747));
#3296=CARTESIAN_POINT('',(0.112474972020607,-0.00886005757621682,0.332758982403538));
#3297=CARTESIAN_POINT('',(0.1095,-0.00886005757621682,0.332758982403538));
#3298=CARTESIAN_POINT('',(0.117689948956906,0.00337489865072306,0.329072030482127));
#3299=CARTESIAN_POINT('',(0.117689948956906,-0.000313823819998206,0.328115267276446));
#3300=CARTESIAN_POINT('',(0.112468874524012,-0.00884397022572203,0.332951910457428));
#3301=CARTESIAN_POINT('',(0.1095,-0.00884397022572203,0.332951910457428));
#3302=CARTESIAN_POINT('',(0.117668587309807,0.00313379468222421,0.330001587159371));
#3303=CARTESIAN_POINT('',(0.117668587309807,-0.000484748671420255,0.329063026677685));
#3304=CARTESIAN_POINT('',(0.11244964428371,-0.00878786105939674,0.333526963832138));
#3305=CARTESIAN_POINT('',(0.1095,-0.00878786105939674,0.333526963832138));
#3306=CARTESIAN_POINT('',(0.117650485073732,0.00297695592823618,0.330606266177837));
#3307=CARTESIAN_POINT('',(0.117650485073732,-0.000592090102326335,0.329680544075259));
#3308=CARTESIAN_POINT('',(0.11243557378949,-0.00874020327423869,0.333905409451529));
#3309=CARTESIAN_POINT('',(0.1095,-0.00874020327423869,0.333905409451529));
#3310=CARTESIAN_POINT('',(0.11760652809656,0.00267188180322973,0.331782454573739));
#3311=CARTESIAN_POINT('',(0.11760652809656,-0.000793707022054408,0.330883566706633));
#3312=CARTESIAN_POINT('',(0.112404996480576,-0.00862725898970177,0.334651718976938));
#3313=CARTESIAN_POINT('',(0.1095,-0.00862725898970177,0.334651718976938));
#3314=CARTESIAN_POINT('',(0.117580669292409,0.00252366043912999,0.332353909948642));
#3315=CARTESIAN_POINT('',(0.117580669292409,-0.000887924659812097,0.331469029309986));
#3316=CARTESIAN_POINT('',(0.112388492751947,-0.0085617758295491,0.335019463528505));
#3317=CARTESIAN_POINT('',(0.1095,-0.0085617758295491,0.335019463528505));
#3318=CARTESIAN_POINT('',(0.117536215863232,0.0023086996590113,0.333182673696286));
#3319=CARTESIAN_POINT('',(0.117536215863232,-0.00101871522513705,0.332319624725685));
#3320=CARTESIAN_POINT('',(0.112362028436729,-0.00845031908945044,0.335561203915371));
#3321=CARTESIAN_POINT('',(0.1095,-0.00845031908945044,0.335561203915371));
#3322=CARTESIAN_POINT('',(0.117520455135098,0.00223827451464742,0.333454192093917));
#3323=CARTESIAN_POINT('',(0.117520455135098,-0.00106056625729774,0.332598554539981));
#3324=CARTESIAN_POINT('',(0.112352924833012,-0.00841097604566543,0.335740142974241));
#3325=CARTESIAN_POINT('',(0.1095,-0.00841097604566543,0.335740142974241));
#3326=CARTESIAN_POINT('',(0.117487110173957,0.00210007043318806,0.333987026652978));
#3327=CARTESIAN_POINT('',(0.117487110173957,-0.00114064603030667,0.333146465104386));
#3328=CARTESIAN_POINT('',(0.112334183801437,-0.00832805090929199,0.336094476651939));
#3329=CARTESIAN_POINT('',(0.1095,-0.00832805090929199,0.336094476651939));
#3330=CARTESIAN_POINT('',(0.117469535256579,0.00203232073035833,0.334248230104082));
#3331=CARTESIAN_POINT('',(0.117469535256579,-0.00117884553688915,0.333415333144169));
#3332=CARTESIAN_POINT('',(0.112324546373578,-0.00828449081662926,0.336269874031539));
#3333=CARTESIAN_POINT('',(0.1095,-0.00828449081662926,0.336269874031539));
#3334=CARTESIAN_POINT('',(0.117441845017064,0.0019327496001489,0.334632118471922));
#3335=CARTESIAN_POINT('',(0.117441845017064,-0.00123340330756952,0.333810896862081));
#3336=CARTESIAN_POINT('',(0.112309712743543,-0.00821597480516288,0.336530100095225));
#3337=CARTESIAN_POINT('',(0.1095,-0.00821597480516288,0.336530100095225));
#3338=CARTESIAN_POINT('',(0.117432397935352,0.0018999136170364,0.334758714925503));
#3339=CARTESIAN_POINT('',(0.117432397935352,-0.00125111429762163,0.333941416364077));
#3340=CARTESIAN_POINT('',(0.112304716957404,-0.0081926017884341,0.336616363130938));
#3341=CARTESIAN_POINT('',(0.1095,-0.0081926017884341,0.336616363130938));
#3342=CARTESIAN_POINT('',(0.117413134570822,0.00183513018311499,0.335008482168868));
#3343=CARTESIAN_POINT('',(0.117413134570822,-0.00128540305235009,0.334199093171595));
#3344=CARTESIAN_POINT('',(0.112294602608304,-0.00814476223985533,0.336787892489457));
#3345=CARTESIAN_POINT('',(0.1095,-0.00814476223985533,0.336787892489457));
#3346=CARTESIAN_POINT('',(0.11740331719528,0.00180317936140588,0.335131665954884));
#3347=CARTESIAN_POINT('',(0.11740331719528,-0.00130198418792664,0.334326263473347));
#3348=CARTESIAN_POINT('',(0.112289484045343,-0.00812029570826732,0.336873158812722));
#3349=CARTESIAN_POINT('',(0.1095,-0.00812029570826732,0.336873158812722));
#3350=CARTESIAN_POINT('',(0.117373054986932,0.00170783862405872,0.33549924438823));
#3351=CARTESIAN_POINT('',(0.117373054986932,-0.00135084340731166,0.334705898060683));
#3352=CARTESIAN_POINT('',(0.112273913754378,-0.0080452183081741,0.337127404250848));
#3353=CARTESIAN_POINT('',(0.1095,-0.0080452183081741,0.337127404250848));
#3354=CARTESIAN_POINT('',(0.117351769168361,0.00164485108412326,0.335742087708873));
#3355=CARTESIAN_POINT('',(0.117351769168361,-0.0013823466558531,0.33495690762636));
#3356=CARTESIAN_POINT('',(0.112263247424293,-0.00799290338926737,0.33729483346689));
#3357=CARTESIAN_POINT('',(0.1095,-0.00799290338926737,0.33729483346689));
#3358=CARTESIAN_POINT('',(0.117284735544323,0.00145873678250036,0.336459636212455));
#3359=CARTESIAN_POINT('',(0.117284735544323,-0.00147247488538687,0.335699352538594));
#3360=CARTESIAN_POINT('',(0.112230146530918,-0.00782926043456255,0.337790393066615));
#3361=CARTESIAN_POINT('',(0.1095,-0.00782926043456255,0.337790393066615));
#3362=CARTESIAN_POINT('',(0.117235684392342,0.0013379743895758,0.336925225764555));
#3363=CARTESIAN_POINT('',(0.117235684392342,-0.00152735588892441,0.33618203009062));
#3364=CARTESIAN_POINT('',(0.112206849182648,-0.00771139014478136,0.338111839915051));
#3365=CARTESIAN_POINT('',(0.1095,-0.00771139014478136,0.338111839915051));
#3366=CARTESIAN_POINT('',(0.117127980761082,0.00110395129712709,0.337827482701965));
#3367=CARTESIAN_POINT('',(0.117127980761082,-0.0016261767938672,0.33711935512528));
#3368=CARTESIAN_POINT('',(0.112157437281461,-0.00745852916268203,0.338733558468117));
#3369=CARTESIAN_POINT('',(0.1095,-0.00745852916268203,0.338733558468117));
#3370=CARTESIAN_POINT('',(0.117069334232807,0.000990676430548588,0.338264204707196));
#3371=CARTESIAN_POINT('',(0.117069334232807,-0.00167009167090482,0.337574067393119));
#3372=CARTESIAN_POINT('',(0.112131350998519,-0.00732338101781688,0.339033846299));
#3373=CARTESIAN_POINT('',(0.1095,-0.00732338101781688,0.339033846299));
#3374=CARTESIAN_POINT('',(0.116941116400256,0.000772662657315996,0.339104739020677));
#3375=CARTESIAN_POINT('',(0.116941116400256,-0.00174608685549982,0.338451437809399));
#3376=CARTESIAN_POINT('',(0.11207610456397,-0.00703510433571715,0.339608632415288));
#3377=CARTESIAN_POINT('',(0.1095,-0.00703510433571715,0.339608632415288));
#3378=CARTESIAN_POINT('',(0.116871564702877,0.000667914879259316,0.339508585531894));
#3379=CARTESIAN_POINT('',(0.116871564702877,-0.00177812409228124,0.338874143633323));
#3380=CARTESIAN_POINT('',(0.112046948169722,-0.00688180209581589,0.339883085270591));
#3381=CARTESIAN_POINT('',(0.1095,-0.00688180209581589,0.339883085270591));
#3382=CARTESIAN_POINT('',(0.116719381803814,0.000468455743515468,0.340277583954535));
#3383=CARTESIAN_POINT('',(0.116719381803814,-0.00182978619964116,0.339681476942849));
#3384=CARTESIAN_POINT('',(0.111985050185095,-0.00655864790998239,0.340400724810385));
#3385=CARTESIAN_POINT('',(0.1095,-0.00655864790998239,0.340400724810385));
#3386=CARTESIAN_POINT('',(0.116636802211929,0.000373720864717469,0.340642826549682));
#3387=CARTESIAN_POINT('',(0.116636802211929,-0.00184947688387057,0.340066184142538));
#3388=CARTESIAN_POINT('',(0.111952333422953,-0.00638906046984911,0.34064406550923));
#3389=CARTESIAN_POINT('',(0.1095,-0.00638906046984911,0.34064406550923));
#3390=CARTESIAN_POINT('',(0.11650014797187,0.000240938739599429,0.341154757198482));
#3391=CARTESIAN_POINT('',(0.11650014797187,-0.00186750152010925,0.340607880040367));
#3392=CARTESIAN_POINT('',(0.111899695553603,-0.00611787646491007,0.340975118957332));
#3393=CARTESIAN_POINT('',(0.1095,-0.00611787646491007,0.340975118957332));
#3394=CARTESIAN_POINT('',(0.116452448391134,0.000198239680567079,0.341319379936477));
#3395=CARTESIAN_POINT('',(0.116452448391134,-0.00187155030447781,0.34078252770189));
#3396=CARTESIAN_POINT('',(0.11188158118035,-0.00602472170403702,0.341079903563568));
#3397=CARTESIAN_POINT('',(0.1095,-0.00602472170403702,0.341079903563568));
#3398=CARTESIAN_POINT('',(0.116351870121063,0.000116448268335002,0.341634720052424));
#3399=CARTESIAN_POINT('',(0.116351870121063,-0.00187527833071066,0.341118115525824));
#3400=CARTESIAN_POINT('',(0.111843882484603,-0.00583240246413772,0.341277241203566));
#3401=CARTESIAN_POINT('',(0.1095,-0.00583240246413772,0.341277241203566));
#3402=CARTESIAN_POINT('',(0.116299000042964,7.73512005082496E-5,0.341785455607235));
#3403=CARTESIAN_POINT('',(0.116299000042964,-0.00187493518495357,0.341279080894747));
#3404=CARTESIAN_POINT('',(0.111824298162108,-0.00573318960036458,0.341369782408354));
#3405=CARTESIAN_POINT('',(0.1095,-0.00573318960036458,0.341369782408354));
#3406=CARTESIAN_POINT('',(0.116186729211936,3.4777008646944E-6,0.342070268857272));
#3407=CARTESIAN_POINT('',(0.116186729211936,-0.00186967493336773,0.34158441947899));
#3408=CARTESIAN_POINT('',(0.111783326452244,-0.00553020569614277,0.34154199312309));
#3409=CARTESIAN_POINT('',(0.1095,-0.00553020569614277,0.34154199312309));
#3410=CARTESIAN_POINT('',(0.116127346132698,-3.13114108000251E-5,0.342204395438617));
#3411=CARTESIAN_POINT('',(0.116127346132698,-0.00186478549899686,0.341728837691977));
#3412=CARTESIAN_POINT('',(0.111761951169549,-0.00542650484036008,0.341621670339417));
#3413=CARTESIAN_POINT('',(0.1095,-0.00542650484036008,0.341621670339417));
#3414=CARTESIAN_POINT('',(0.116031717451366,-7.93668978748986E-5,0.342389669447862));
#3415=CARTESIAN_POINT('',(0.116031717451366,-0.00185348390444928,0.341929507457381));
#3416=CARTESIAN_POINT('',(0.111727998092792,-0.00526837219804092,0.341731026097416));
#3417=CARTESIAN_POINT('',(0.1095,-0.00526837219804092,0.341731026097416));
#3418=CARTESIAN_POINT('',(0.115998740926736,-9.46932305734838E-5,0.342448758873003));
#3419=CARTESIAN_POINT('',(0.115998740926736,-0.00184903262105203,0.341993726706064));
#3420=CARTESIAN_POINT('',(0.111716367385287,-0.00521521986226278,0.341765783369765));
#3421=CARTESIAN_POINT('',(0.1095,-0.00521521986226278,0.341765783369765));
#3422=CARTESIAN_POINT('',(0.115930180165053,-0.000123720211197389,0.34256067002829));
#3423=CARTESIAN_POINT('',(0.115930180165053,-0.00183859677904558,0.342115873539689));
#3424=CARTESIAN_POINT('',(0.111692341341463,-0.00510811358817363,0.341831816434523));
#3425=CARTESIAN_POINT('',(0.1095,-0.00510811358817363,0.341831816434523));
#3426=CARTESIAN_POINT('',(0.115894593402243,-0.000137422207916162,0.342613496958601));
#3427=CARTESIAN_POINT('',(0.115894593402243,-0.00183261356922983,0.342173806324793));
#3428=CARTESIAN_POINT('',(0.111679946005144,-0.00505413712538082,0.341863165533428));
#3429=CARTESIAN_POINT('',(0.1095,-0.00505413712538082,0.341863165533428));
#3430=CARTESIAN_POINT('',(0.115820317500539,-0.000162854166415007,0.342711547799428));
#3431=CARTESIAN_POINT('',(0.115820317500539,-0.00181884377822562,0.342282025128057));
#3432=CARTESIAN_POINT('',(0.111654252105386,-0.00494563464562683,0.34192173503868));
#3433=CARTESIAN_POINT('',(0.1095,-0.00494563464562683,0.34192173503868));
#3434=CARTESIAN_POINT('',(0.115781608808893,-0.00017458742569833,0.342756784423198));
#3435=CARTESIAN_POINT('',(0.115781608808893,-0.001811102143882,0.342332313056665));
#3436=CARTESIAN_POINT('',(0.111640929084829,-0.00489112123282355,0.341948914420946));
#3437=CARTESIAN_POINT('',(0.1095,-0.00489112123282355,0.341948914420946));
#3438=CARTESIAN_POINT('',(0.115720864881928,-0.000190315180650331,0.342817421499082));
#3439=CARTESIAN_POINT('',(0.115720864881928,-0.00179795290151769,0.342400440110106));
#3440=CARTESIAN_POINT('',(0.111620148125019,-0.00480925023369151,0.341985704246884));
#3441=CARTESIAN_POINT('',(0.1095,-0.00480925023369151,0.341985704246884));
#3442=CARTESIAN_POINT('',(0.115700139246005,-0.000195247216191024,0.342836436559671));
#3443=CARTESIAN_POINT('',(0.115700139246005,-0.00179331516180696,0.342421937333265));
#3444=CARTESIAN_POINT('',(0.111613076836495,-0.00478194576933403,0.341997283740102));
#3445=CARTESIAN_POINT('',(0.1095,-0.00478194576933403,0.341997283740102));
#3446=CARTESIAN_POINT('',(0.11565779030432,-0.00020439181159561,0.342871692801084));
#3447=CARTESIAN_POINT('',(0.11565779030432,-0.00178345638298961,0.342462122579064));
#3448=CARTESIAN_POINT('',(0.111598665088221,-0.0047273488075125,0.342019005276331));
#3449=CARTESIAN_POINT('',(0.1095,-0.0047273488075125,0.342019005276331));
#3450=CARTESIAN_POINT('',(0.115636166998557,-0.000208604371459501,0.342887933981908));
#3451=CARTESIAN_POINT('',(0.115636166998557,-0.00177823534388298,0.342480810601705));
#3452=CARTESIAN_POINT('',(0.11159132462883,-0.00470005631004845,0.342029147319339));
#3453=CARTESIAN_POINT('',(0.1095,-0.00470005631004845,0.342029147319339));
#3454=CARTESIAN_POINT('',(0.115592080367892,-0.000216211638720295,0.342917263180104));
#3455=CARTESIAN_POINT('',(0.115592080367892,-0.00176713598472318,0.342514991835261));
#3456=CARTESIAN_POINT('',(0.111576393721525,-0.00464552351153412,0.342047924069128));
#3457=CARTESIAN_POINT('',(0.1095,-0.00464552351153412,0.342047924069128));
#3458=CARTESIAN_POINT('',(0.115569827920826,-0.000219596044730722,0.34293031148132));
#3459=CARTESIAN_POINT('',(0.115569827920826,-0.00176123743698285,0.342530447904657));
#3460=CARTESIAN_POINT('',(0.111568851502606,-0.00461827460261389,0.34205662490422));
#3461=CARTESIAN_POINT('',(0.1095,-0.00461827460261389,0.34205662490422));
#3462=CARTESIAN_POINT('',(0.115535614495542,-0.000223987241432093,0.342947241381895));
#3463=CARTESIAN_POINT('',(0.115535614495542,-0.00175178591326857,0.342550968263898));
#3464=CARTESIAN_POINT('',(0.111557348254134,-0.00457741742203631,0.342068901967059));
#3465=CARTESIAN_POINT('',(0.1095,-0.00457741742203631,0.342068901967059));
#3466=CARTESIAN_POINT('',(0.115524007433671,-0.000225338913490045,0.342952452643222));
#3467=CARTESIAN_POINT('',(0.115524007433671,-0.00174853696355638,0.342557372812513));
#3468=CARTESIAN_POINT('',(0.111553408732667,-0.00456380105857452,0.342072865300186));
#3469=CARTESIAN_POINT('',(0.1095,-0.00456380105857452,0.342072865300186));
#3470=CARTESIAN_POINT('',(0.115500582436005,-0.000227800245504437,0.342961942107968));
#3471=CARTESIAN_POINT('',(0.115500582436005,-0.00174182031727085,0.342569242817406));
#3472=CARTESIAN_POINT('',(0.111545544848917,-0.00453657204477598,0.34208057690451));
#3473=CARTESIAN_POINT('',(0.1095,-0.00453657204477598,0.34208057690451));
#3474=CARTESIAN_POINT('',(0.115488847260801,-0.000228907256846667,0.342966210099868));
#3475=CARTESIAN_POINT('',(0.115488847260801,-0.0017383499720833,0.342574698062169));
#3476=CARTESIAN_POINT('',(0.111541620486633,-0.00452295939444044,0.342084325175675));
#3477=CARTESIAN_POINT('',(0.1095,-0.00452295939444044,0.342084325175675));
#3478=CARTESIAN_POINT('',(0.1154663099003,-0.00023083101044253,0.342973626974885));
#3479=CARTESIAN_POINT('',(0.1154663099003,-0.0017311383063635,0.342584484438589));
#3480=CARTESIAN_POINT('',(0.111534012291048,-0.00449573612325524,0.342091649722331));
#3481=CARTESIAN_POINT('',(0.1095,-0.00449573612325524,0.342091649722331));
#3482=CARTESIAN_POINT('',(0.115455705317937,-0.00023163782101874,0.342976737567229));
#3483=CARTESIAN_POINT('',(0.115455705317937,-0.00172738705415381,0.342588777279475));
#3484=CARTESIAN_POINT('',(0.111530470461726,-0.00448212550240681,0.342095225997791));
#3485=CARTESIAN_POINT('',(0.1095,-0.00448212550240681,0.342095225997791));
#3486=CARTESIAN_POINT('',(0.115435192817573,-0.000232979254075026,0.342981909352921));
#3487=CARTESIAN_POINT('',(0.115435192817573,-0.00171962768388574,0.342596309588039));
#3488=CARTESIAN_POINT('',(0.11152358904933,-0.00445490460321482,0.342102249706196));
#3489=CARTESIAN_POINT('',(0.1095,-0.00445490460321482,0.342102249706196));
#3490=CARTESIAN_POINT('',(0.115425099851748,-0.000233523177209636,0.342984006404184));
#3491=CARTESIAN_POINT('',(0.115425099851748,-0.00171562886648189,0.342599584913633));
#3492=CARTESIAN_POINT('',(0.111520198698078,-0.00444129432487248,0.342105697139109));
#3493=CARTESIAN_POINT('',(0.1095,-0.00444129432487248,0.342105697139109));
#3494=CARTESIAN_POINT('',(0.115392184598728,-0.000234940982454006,0.342989472636616));
#3495=CARTESIAN_POINT('',(0.115392184598728,-0.00170343547623728,0.342608581552901));
#3496=CARTESIAN_POINT('',(0.111509206025288,-0.00440046146806315,0.342115911035612));
#3497=CARTESIAN_POINT('',(0.1095,-0.00440046146806315,0.342115911035612));
#3498=CARTESIAN_POINT('',(0.115366132021744,-0.000235646182959871,0.342992191479624));
#3499=CARTESIAN_POINT('',(0.115366132021744,-0.00169508924791906,0.342613648112259));
#3500=CARTESIAN_POINT('',(0.111500491606129,-0.00437323686355351,0.342122549053434));
#3501=CARTESIAN_POINT('',(0.1095,-0.00437323686355351,0.342122549053434));
#3502=CARTESIAN_POINT('',(0.11534,-0.000235646182959871,0.342992191479624));
#3503=CARTESIAN_POINT('',(0.11534,-0.00168604463461101,0.342615994060834));
#3504=CARTESIAN_POINT('',(0.111491780928273,-0.00434600279503512,0.342129189319368));
#3505=CARTESIAN_POINT('',(0.1095,-0.00434600279503512,0.342129189319368));
#3506=CARTESIAN_POINT('',(0.11534,-0.000235646182959871,0.342992191479624));
#3507=CARTESIAN_POINT('',(0.11534,-0.00168604463461101,0.342615994060834));
#3508=CARTESIAN_POINT('',(0.111491780928273,-0.00434600279503512,0.342129189319368));
#3509=CARTESIAN_POINT('',(0.1095,-0.00434600279503512,0.342129189319368));
#3510=CARTESIAN_POINT('',(0.1095,-0.00434600279503512,0.342129189319368));
#3511=CARTESIAN_POINT('',(0.1095,0.000309651883804039,0.298579457762298));
#3512=CARTESIAN_POINT('',(0.1095,0.000291668528499571,0.298598821391564));
#3513=CARTESIAN_POINT('',(0.1095,0.000244001444644566,0.298650147060457));
#3514=CARTESIAN_POINT('',(0.1095,5.82711269442229E-5,0.298822084779361));
#3515=CARTESIAN_POINT('',(0.1095,-0.000202582767552802,0.299044317667205));
#3516=CARTESIAN_POINT('',(0.1095,-0.000508058596749274,0.299340533497553));
#3517=CARTESIAN_POINT('',(0.1095,-0.000815195421933563,0.299735956539612));
#3518=CARTESIAN_POINT('',(0.1095,-0.00113149980153507,0.300246635356657));
#3519=CARTESIAN_POINT('',(0.1095,-0.00147051021714776,0.300869993105395));
#3520=CARTESIAN_POINT('',(0.1095,-0.001828541560349,0.301603226977805));
#3521=CARTESIAN_POINT('',(0.1095,-0.0022033477914246,0.302443844926855));
#3522=CARTESIAN_POINT('',(0.1095,-0.00259197755871791,0.303387190082916));
#3523=CARTESIAN_POINT('',(0.1095,-0.00299245685300001,0.304427765197328));
#3524=CARTESIAN_POINT('',(0.1095,-0.00340170848304204,0.305560274453286));
#3525=CARTESIAN_POINT('',(0.1095,-0.00381683514054488,0.306777955357036));
#3526=CARTESIAN_POINT('',(0.1095,-0.00423531458518631,0.308073604156488));
#3527=CARTESIAN_POINT('',(0.1095,-0.00465495217020045,0.309439488414358));
#3528=CARTESIAN_POINT('',(0.1095,-0.0050714005684671,0.310867380747156));
#3529=CARTESIAN_POINT('',(0.1095,-0.00548343274168171,0.312348521854964));
#3530=CARTESIAN_POINT('',(0.1095,-0.00588677227415153,0.31387416748787));
#3531=CARTESIAN_POINT('',(0.1095,-0.00628103277111856,0.315435042271066));
#3532=CARTESIAN_POINT('',(0.1095,-0.00666315616718692,0.317020407816294));
#3533=CARTESIAN_POINT('',(0.1095,-0.00703142973083304,0.318619520474379));
#3534=CARTESIAN_POINT('',(0.1095,-0.00738580369181496,0.320218940332518));
#3535=CARTESIAN_POINT('',(0.1095,-0.00772017649072095,0.321805600061312));
#3536=CARTESIAN_POINT('',(0.1095,-0.00802985625326806,0.323365846171546));
#3537=CARTESIAN_POINT('',(0.1095,-0.00830565947421522,0.324889946992989));
#3538=CARTESIAN_POINT('',(0.1095,-0.00854038688495959,0.326369178622146));
#3539=CARTESIAN_POINT('',(0.1095,-0.008724578298998,0.327797885839071));
#3540=CARTESIAN_POINT('',(0.1095,-0.00886414802851486,0.329166858445237));
#3541=CARTESIAN_POINT('',(0.1095,-0.00893284811809981,0.330472018024593));
#3542=CARTESIAN_POINT('',(0.1095,-0.00892640757719338,0.331719801738202));
#3543=CARTESIAN_POINT('',(0.1095,-0.00885754967573841,0.332915014364197));
#3544=CARTESIAN_POINT('',(0.1095,-0.00872575047927224,0.334056434001759));
#3545=CARTESIAN_POINT('',(0.1095,-0.00854440356556097,0.33514281241535));
#3546=CARTESIAN_POINT('',(0.1095,-0.00831833940522915,0.336167211722773));
#3547=CARTESIAN_POINT('',(0.1095,-0.0080549649508409,0.337124248562279));
#3548=CARTESIAN_POINT('',(0.1095,-0.00775529982088068,0.338009077280737));
#3549=CARTESIAN_POINT('',(0.1095,-0.0074271440175041,0.338817512570535));
#3550=CARTESIAN_POINT('',(0.1095,-0.0070745501318487,0.339545007774334));
#3551=CARTESIAN_POINT('',(0.1095,-0.00670279061312809,0.340186970873453));
#3552=CARTESIAN_POINT('',(0.1095,-0.00632115738758036,0.340741294143388));
#3553=CARTESIAN_POINT('',(0.1095,-0.00592619301675723,0.341198780905683));
#3554=CARTESIAN_POINT('',(0.1095,-0.00551857916171135,0.341562466046713));
#3555=CARTESIAN_POINT('',(0.1095,-0.00511373403829761,0.341840042991228));
#3556=CARTESIAN_POINT('',(0.1095,-0.00471962484525986,0.342038092031773));
#3557=CARTESIAN_POINT('',(0.1095,-0.00446766115498581,0.342099526330799));
#3558=CARTESIAN_POINT('',(0.1095,-0.00434600279503512,0.342129189319368));
#3559=CARTESIAN_POINT('',(0.1095,-0.00333234526698404,0.305374947449927));
#3560=CARTESIAN_POINT('',(0.1095,-0.00298830009382218,0.305496840512995));
#3561=CARTESIAN_POINT('',(0.1095,-0.00263352216046281,0.305582617071572));
#3562=CARTESIAN_POINT('',(0.114976442024041,0.0137366357702363,0.28912319850204));
#3563=CARTESIAN_POINT('',(0.114976442024041,0.00956559434053563,0.288041333709831));
#3564=CARTESIAN_POINT('',(0.111937976943897,-0.0026335221604628,0.305582617071572));
#3565=CARTESIAN_POINT('',(0.1095,-0.0026335221604628,0.305582617071572));
#3566=CARTESIAN_POINT('',(0.115510292368818,0.0132274188217959,0.288803865752051));
#3567=CARTESIAN_POINT('',(0.115584939448284,0.0133639526417726,0.288831598910536));
#3568=CARTESIAN_POINT('',(0.115623876366177,0.013511581522918,0.288881222947504));
#3569=CARTESIAN_POINT('',(0.115639129790679,0.0136617896835734,0.288927303349344));
#3570=CARTESIAN_POINT('',(0.115639129790679,0.0136617896835734,0.288927303349344));
#3571=CARTESIAN_POINT('',(0.115639129790679,0.0136617896835734,0.288927303349343));
#3572=CARTESIAN_POINT('',(0.115640329493716,0.0137018289483373,0.288935423530714));
#3573=CARTESIAN_POINT('',(0.115641253507352,0.0137412364568159,0.288944987872238));
#3574=CARTESIAN_POINT('',(0.115641898467838,0.0137799973346102,0.288956021501425));
#3575=CARTESIAN_POINT('',(0.11534,-0.000235646182959871,0.342992191479624));
#3576=CARTESIAN_POINT('',(0.11534,-0.00168604463461101,0.342615994060834));
#3577=CARTESIAN_POINT('',(0.111491780928273,-0.00434600279503512,0.342129189319368));
#3578=CARTESIAN_POINT('',(0.1095,-0.00434600279503512,0.342129189319368));
#3579=CARTESIAN_POINT('',(0.115313867787733,-0.000235646182959871,0.342992191479624));
#3580=CARTESIAN_POINT('',(0.115313867787733,-0.00167874203110294,0.342617888175232));
#3581=CARTESIAN_POINT('',(0.111483070196671,-0.00432321899767629,0.342131507644902));
#3582=CARTESIAN_POINT('',(0.1095,-0.00432321899767629,0.342131507644902));
#3583=CARTESIAN_POINT('',(0.115287824660736,-0.000234941103189171,0.3429894731021));
#3584=CARTESIAN_POINT('',(0.115287824660736,-0.0016707430829299,0.342617061646437));
#3585=CARTESIAN_POINT('',(0.111474386850017,-0.00430043520031746,0.342133825970435));
#3586=CARTESIAN_POINT('',(0.1095,-0.00430043520031746,0.342133825970435));
#3587=CARTESIAN_POINT('',(0.115254926968677,-0.000233524471339816,0.342984011393597));
#3588=CARTESIAN_POINT('',(0.115254926968677,-0.00165844090834703,0.342614423377985));
#3589=CARTESIAN_POINT('',(0.11146348304455,-0.00426633124637809,0.342137079776043));
#3590=CARTESIAN_POINT('',(0.1095,-0.00426633124637809,0.342137079776043));
#3591=CARTESIAN_POINT('',(0.115244840969275,-0.000232981131112635,0.342981916589686));
#3592=CARTESIAN_POINT('',(0.115244840969275,-0.00165427826385368,0.342613267331917));
#3593=CARTESIAN_POINT('',(0.111460129694289,-0.00425497521874812,0.342138127097463));
#3594=CARTESIAN_POINT('',(0.1095,-0.00425497521874812,0.342138127097463));
#3595=CARTESIAN_POINT('',(0.115224348885671,-0.0002316416967701,0.342976752509872));
#3596=CARTESIAN_POINT('',(0.115224348885671,-0.00164572566713737,0.342609974167687));
#3597=CARTESIAN_POINT('',(0.11145333814941,-0.0042322990345376,0.342140109898959));
#3598=CARTESIAN_POINT('',(0.1095,-0.0042322990345376,0.342140109898959));
#3599=CARTESIAN_POINT('',(0.115213759240445,-0.000230836376731515,0.342973647664175));
#3600=CARTESIAN_POINT('',(0.115213759240445,-0.00164132648899118,0.342607801479731));
#3601=CARTESIAN_POINT('',(0.111449849570436,-0.00422097887795706,0.342141045379034));
#3602=CARTESIAN_POINT('',(0.1095,-0.00422097887795706,0.342141045379034));
#3603=CARTESIAN_POINT('',(0.115191255061993,-0.00022891652235114,0.342966245822265));
#3604=CARTESIAN_POINT('',(0.115191255061993,-0.00163225139075606,0.342602255530777));
#3605=CARTESIAN_POINT('',(0.111442363515736,-0.0041983863928619,0.342142767217388));
#3606=CARTESIAN_POINT('',(0.1095,-0.0041983863928619,0.342142767217388));
#3607=CARTESIAN_POINT('',(0.115179538247932,-0.000227811925532178,0.342961987139361));
#3608=CARTESIAN_POINT('',(0.115179538247932,-0.00162758540818996,0.342598920583087));
#3609=CARTESIAN_POINT('',(0.111438507310657,-0.00418711406434727,0.342143553575668));
#3610=CARTESIAN_POINT('',(0.1095,-0.00418711406434727,0.342143553575668));
#3611=CARTESIAN_POINT('',(0.115156149742654,-0.000225356417221956,0.342952520127432));
#3612=CARTESIAN_POINT('',(0.115156149742654,-0.00161804662694781,0.34259129079664));
#3613=CARTESIAN_POINT('',(0.111430794080034,-0.00416462919240042,0.342144939889984));
#3614=CARTESIAN_POINT('',(0.1095,-0.00416462919240042,0.342144939889984));
#3615=CARTESIAN_POINT('',(0.115144560188285,-0.000224008134376255,0.342947321932937));
#3616=CARTESIAN_POINT('',(0.115144560188285,-0.00161317645691732,0.342587006092411));
#3617=CARTESIAN_POINT('',(0.111426937054491,-0.00415341664896819,0.34214553984602));
#3618=CARTESIAN_POINT('',(0.1095,-0.00415341664896819,0.34214553984602));
#3619=CARTESIAN_POINT('',(0.115110405813809,-0.000219629059598506,0.342930438767449));
#3620=CARTESIAN_POINT('',(0.115110405813809,-0.00159830150773162,0.342572845296667));
#3621=CARTESIAN_POINT('',(0.111415703049656,-0.00411988663181981,0.342147004190091));
#3622=CARTESIAN_POINT('',(0.1095,-0.00411988663181981,0.342147004190091));
#3623=CARTESIAN_POINT('',(0.115088200476412,-0.0002162553357085,0.342917431650276));
#3624=CARTESIAN_POINT('',(0.115088200476412,-0.00158802358376484,0.342561628957914));
#3625=CARTESIAN_POINT('',(0.111408371517805,-0.00409767677125198,0.342147533054088));
#3626=CARTESIAN_POINT('',(0.1095,-0.00409767677125198,0.342147533054088));
#3627=CARTESIAN_POINT('',(0.115044216995593,-0.000208675322677641,0.34288820752854));
#3628=CARTESIAN_POINT('',(0.115044216995593,-0.00156687747925263,0.342535923544153));
#3629=CARTESIAN_POINT('',(0.111393921115723,-0.00405363967464364,0.342147397807722));
#3630=CARTESIAN_POINT('',(0.1095,-0.00405363967464364,0.342147397807722));
#3631=CARTESIAN_POINT('',(0.115022648425352,-0.000204479294278437,0.342872030083429));
#3632=CARTESIAN_POINT('',(0.115022648425352,-0.00155599925065423,0.342521479296195));
#3633=CARTESIAN_POINT('',(0.111386850396875,-0.00403177187074761,0.342146743404577));
#3634=CARTESIAN_POINT('',(0.1095,-0.00403177187074761,0.342146743404577));
#3635=CARTESIAN_POINT('',(0.114980415544768,-0.000195374118014262,0.342836925819296));
#3636=CARTESIAN_POINT('',(0.114980415544768,-0.00153385079451621,0.342489758135659));
#3637=CARTESIAN_POINT('',(0.111373036428142,-0.0039886142441589,0.342143919523648));
#3638=CARTESIAN_POINT('',(0.1095,-0.0039886142441589,0.342143919523648));
#3639=CARTESIAN_POINT('',(0.114959751234426,-0.000190464970149294,0.342817999000273));
#3640=CARTESIAN_POINT('',(0.114959751234426,-0.00152258056697658,0.342472481223082));
#3641=CARTESIAN_POINT('',(0.111366293183968,-0.00396732442146622,0.342141750045863));
#3642=CARTESIAN_POINT('',(0.1095,-0.00396732442146622,0.342141750045863));
#3643=CARTESIAN_POINT('',(0.114899201572589,-0.000174816233808426,0.342757666574197));
#3644=CARTESIAN_POINT('',(0.114899201572589,-0.00148850941656092,0.342416927114726));
#3645=CARTESIAN_POINT('',(0.111346581069682,-0.00390473666377373,0.342132456728475));
#3646=CARTESIAN_POINT('',(0.1095,-0.00390473666377373,0.342132456728475));
#3647=CARTESIAN_POINT('',(0.114860633219529,-0.00016314932890075,0.342712685774308));
#3648=CARTESIAN_POINT('',(0.114860633219529,-0.0014654830130018,0.342374892687308));
#3649=CARTESIAN_POINT('',(0.111334081611318,-0.00386483176512413,0.342122521366376));
#3650=CARTESIAN_POINT('',(0.1095,-0.00386483176512413,0.342122521366376));
#3651=CARTESIAN_POINT('',(0.114805150343523,-0.000144196951077642,0.342639616428063));
#3652=CARTESIAN_POINT('',(0.114805150343523,-0.00143169679126481,0.342305670872606));
#3653=CARTESIAN_POINT('',(0.11131619398424,-0.00380997931044335,0.342099812223197));
#3654=CARTESIAN_POINT('',(0.1095,-0.00380997931044335,0.342099812223197));
#3655=CARTESIAN_POINT('',(0.114787046417119,-0.000137635749495677,0.342614320250737));
#3656=CARTESIAN_POINT('',(0.114787046417119,-0.00142059015329432,0.342281553668847));
#3657=CARTESIAN_POINT('',(0.111310366671037,-0.00379252930776538,0.342090941492132));
#3658=CARTESIAN_POINT('',(0.1095,-0.00379252930776538,0.342090941492132));
#3659=CARTESIAN_POINT('',(0.11475155615327,-0.000124073152108589,0.342562030763175));
#3660=CARTESIAN_POINT('',(0.11475155615327,-0.00139879631614981,0.342231399160915));
#3661=CARTESIAN_POINT('',(0.111298962694248,-0.00375967668076989,0.34207023193428));
#3662=CARTESIAN_POINT('',(0.1095,-0.00375967668076989,0.34207023193428));
#3663=CARTESIAN_POINT('',(0.114734169526674,-0.000117072426407017,0.342535040036469));
#3664=CARTESIAN_POINT('',(0.114734169526674,-0.00138810978707935,0.342205364440272));
#3665=CARTESIAN_POINT('',(0.111293386030661,-0.00374430376548905,0.342058355892612));
#3666=CARTESIAN_POINT('',(0.1095,-0.00374430376548905,0.342058355892612));
#3667=CARTESIAN_POINT('',(0.114682996249766,-9.54694650046927E-5,0.342451751581514));
#3668=CARTESIAN_POINT('',(0.114682996249766,-0.00135683077988098,0.342124585711833));
#3669=CARTESIAN_POINT('',(0.111277002301276,-0.00370114511187119,0.342018577823381));
#3670=CARTESIAN_POINT('',(0.1095,-0.00370114511187119,0.342018577823381));
#3671=CARTESIAN_POINT('',(0.11465019154765,-8.02701959471512E-5,0.342393152039873));
#3672=CARTESIAN_POINT('',(0.11465019154765,-0.00133683081124272,0.342067231352708));
#3673=CARTESIAN_POINT('',(0.111266541496854,-0.00367629833941691,0.341986552315406));
#3674=CARTESIAN_POINT('',(0.1095,-0.00367629833941691,0.341986552315406));
#3675=CARTESIAN_POINT('',(0.114586793658635,-4.85198419415437E-5,0.342270741140731));
#3676=CARTESIAN_POINT('',(0.114586793658635,-0.00129831937384458,0.341946574111063));
#3677=CARTESIAN_POINT('',(0.111246384782095,-0.00363312036893135,0.341914031261532));
#3678=CARTESIAN_POINT('',(0.1095,-0.00363312036893135,0.341914031261532));
#3679=CARTESIAN_POINT('',(0.114556201621236,-3.19673007974598E-5,0.342206924168984));
#3680=CARTESIAN_POINT('',(0.114556201621236,-0.00127975823691881,0.341883278119291));
#3681=CARTESIAN_POINT('',(0.11123669304337,-0.00361480032063664,0.341873561448505));
#3682=CARTESIAN_POINT('',(0.1095,-0.00361480032063664,0.341873561448505));
#3683=CARTESIAN_POINT('',(0.114496912020559,2.31782944661117E-6,0.342074740646883));
#3684=CARTESIAN_POINT('',(0.114496912020559,-0.00124355967417167,0.341751590894169));
#3685=CARTESIAN_POINT('',(0.111217982137312,-0.00358328830592358,0.34178657592344));
#3686=CARTESIAN_POINT('',(0.1095,-0.00358328830592358,0.34178657592344));
#3687=CARTESIAN_POINT('',(0.114468214937356,2.00509272774716E-5,0.342006372135159));
#3688=CARTESIAN_POINT('',(0.114468214937356,-0.00122592173961944,0.341683197699448));
#3689=CARTESIAN_POINT('',(0.111208962969981,-0.00357006152395043,0.341739979859353));
#3690=CARTESIAN_POINT('',(0.1095,-0.00357006152395043,0.341739979859353));
#3691=CARTESIAN_POINT('',(0.114412469082802,5.65675080499333E-5,0.341865585437627));
#3692=CARTESIAN_POINT('',(0.114412469082802,-0.00119105911169568,0.341541982007529));
#3693=CARTESIAN_POINT('',(0.111191496540795,-0.0035468302991453,0.341641969883127));
#3694=CARTESIAN_POINT('',(0.1095,-0.0035468302991453,0.341641969883127));
#3695=CARTESIAN_POINT('',(0.114385420868136,7.53513633400356E-5,0.341793165816257));
#3696=CARTESIAN_POINT('',(0.114385420868136,-0.00117380004387106,0.341469166894074));
#3697=CARTESIAN_POINT('',(0.111183058759043,-0.0035368258563133,0.341590555970988));
#3698=CARTESIAN_POINT('',(0.1095,-0.0035368258563133,0.341590555970988));
#3699=CARTESIAN_POINT('',(0.114332779963508,0.00011386853437481,0.341644666006209));
#3700=CARTESIAN_POINT('',(0.114332779963508,-0.00113908591487302,0.341319680669158));
#3701=CARTESIAN_POINT('',(0.11116672601005,-0.00351820319816481,0.341484299053724));
#3702=CARTESIAN_POINT('',(0.1095,-0.00351820319816481,0.341484299053724));
#3703=CARTESIAN_POINT('',(0.114307187961999,0.000133602232460795,0.341568584343445));
#3704=CARTESIAN_POINT('',(0.114307187961999,-0.00112158668087153,0.341243019441778));
#3705=CARTESIAN_POINT('',(0.11115883104281,-0.00350945197474198,0.341429537658558));
#3706=CARTESIAN_POINT('',(0.1095,-0.00350945197474198,0.341429537658558));
#3707=CARTESIAN_POINT('',(0.114232366493333,0.000194106803718543,0.341335313905937));
#3708=CARTESIAN_POINT('',(0.114232366493333,-0.00106824886827683,0.341007890124659));
#3709=CARTESIAN_POINT('',(0.111135888286107,-0.00348377891399906,0.341261422666827));
#3710=CARTESIAN_POINT('',(0.1095,-0.00348377891399906,0.341261422666827));
#3711=CARTESIAN_POINT('',(0.114185080930809,0.000236176078396151,0.341173119250134));
#3712=CARTESIAN_POINT('',(0.114185080930809,-0.00103188040526135,0.340844216819572));
#3713=CARTESIAN_POINT('',(0.111121582641661,-0.00346790183112247,0.341143953478017));
#3714=CARTESIAN_POINT('',(0.1095,-0.00346790183112247,0.341143953478017));
#3715=CARTESIAN_POINT('',(0.114094805113836,0.000323295216030086,0.340837238523626));
#3716=CARTESIAN_POINT('',(0.114094805113836,-0.000958162027291831,0.340504860268066));
#3717=CARTESIAN_POINT('',(0.111094565996801,-0.00343994855951572,0.340899514841979));
#3718=CARTESIAN_POINT('',(0.1095,-0.00343994855951572,0.340899514841979));
#3719=CARTESIAN_POINT('',(0.114051819899489,0.000368347533723607,0.340663542988882));
#3720=CARTESIAN_POINT('',(0.114051819899489,-0.000920895344708868,0.340329145332495));
#3721=CARTESIAN_POINT('',(0.111081867786087,-0.0034280715300191,0.340772537022462));
#3722=CARTESIAN_POINT('',(0.1095,-0.0034280715300191,0.340772537022462));
#3723=CARTESIAN_POINT('',(0.113969543079647,0.000461089056348555,0.340305985615809));
#3724=CARTESIAN_POINT('',(0.113969543079647,-0.000845551082129475,0.339967075541255));
#3725=CARTESIAN_POINT('',(0.111057913393206,-0.00340780315598971,0.340510434844391));
#3726=CARTESIAN_POINT('',(0.1095,-0.00340780315598971,0.340510434844391));
#3727=CARTESIAN_POINT('',(0.113930254530312,0.000508779688546577,0.340122118274771));
#3728=CARTESIAN_POINT('',(0.113930254530312,-0.000807439525417794,0.339780723625397));
#3729=CARTESIAN_POINT('',(0.111046657211039,-0.00339931769559471,0.340375314442296));
#3730=CARTESIAN_POINT('',(0.1095,-0.00339931769559471,0.340375314442296));
#3731=CARTESIAN_POINT('',(0.113817283776623,0.000655415694058234,0.339556775120544));
#3732=CARTESIAN_POINT('',(0.113817283776623,-0.000691392237368517,0.339207446515821));
#3733=CARTESIAN_POINT('',(0.111014784415035,-0.00337675673219318,0.339959842209965));
#3734=CARTESIAN_POINT('',(0.1095,-0.00337675673219318,0.339959842209965));
#3735=CARTESIAN_POINT('',(0.11374846394108,0.000757908053623566,0.339161624191284));
#3736=CARTESIAN_POINT('',(0.11374846394108,-0.00061163719516758,0.338806398089848));
#3737=CARTESIAN_POINT('',(0.110996102274419,-0.00336533175256524,0.339669517111941));
#3738=CARTESIAN_POINT('',(0.1095,-0.00336533175256524,0.339669517111941));
#3739=CARTESIAN_POINT('',(0.113621547251134,0.000970868714243829,0.338340571741163));
#3740=CARTESIAN_POINT('',(0.113621547251134,-0.000448298932911617,0.337972474819189));
#3741=CARTESIAN_POINT('',(0.110963052689008,-0.00334931233237033,0.33906743616713));
#3742=CARTESIAN_POINT('',(0.1095,-0.00334931233237033,0.33906743616713));
#3743=CARTESIAN_POINT('',(0.11356347045087,0.00108134635343917,0.337914634217863));
#3744=CARTESIAN_POINT('',(0.11356347045087,-0.00036470725479911,0.337539563743794));
#3745=CARTESIAN_POINT('',(0.11094869635973,-0.00334473914221131,0.338755689401647));
#3746=CARTESIAN_POINT('',(0.1095,-0.00334473914221131,0.338755689401647));
#3747=CARTESIAN_POINT('',(0.113456688822487,0.00130927168878557,0.337035886685405));
#3748=CARTESIAN_POINT('',(0.113456688822487,-0.000194075133422288,0.336645955771306));
#3749=CARTESIAN_POINT('',(0.110923832112665,-0.00334147360037629,0.338114609738281));
#3750=CARTESIAN_POINT('',(0.1095,-0.00334147360037629,0.338114609738281));
#3751=CARTESIAN_POINT('',(0.113407989499351,0.00142673687974379,0.336583009226444));
#3752=CARTESIAN_POINT('',(0.113407989499351,-0.000107002225934945,0.336185195307107));
#3753=CARTESIAN_POINT('',(0.110913344181421,-0.00334276055788103,0.337785293484808));
#3754=CARTESIAN_POINT('',(0.1095,-0.00334276055788103,0.337785293484808));
#3755=CARTESIAN_POINT('',(0.113352407163633,0.00157742740619056,0.336002034197588));
#3756=CARTESIAN_POINT('',(0.113352407163633,3.72029060644648E-6,0.335593853566853));
#3757=CARTESIAN_POINT('',(0.110902392284106,-0.00334781083518232,0.337364723573202));
#3758=CARTESIAN_POINT('',(0.1095,-0.00334781083518232,0.337364723573202));
#3759=CARTESIAN_POINT('',(0.113341556823342,0.00160775629936658,0.335885103624688));
#3760=CARTESIAN_POINT('',(0.113341556823342,2.59641306357529E-5,0.335474825931506));
#3761=CARTESIAN_POINT('',(0.11090031986623,-0.0033489907588592,0.337280164416621));
#3762=CARTESIAN_POINT('',(0.1095,-0.0033489907588592,0.337280164416621));
#3763=CARTESIAN_POINT('',(0.113320365548593,0.00166882397118028,0.335649662198934));
#3764=CARTESIAN_POINT('',(0.113320365548593,7.06602666130833E-5,0.335235138135028));
#3765=CARTESIAN_POINT('',(0.110896394798962,-0.00335170096991384,0.337110199056852));
#3766=CARTESIAN_POINT('',(0.1095,-0.00335170096991384,0.337110199056852));
#3767=CARTESIAN_POINT('',(0.1133100220605,0.00169957140972597,0.335531117958512));
#3768=CARTESIAN_POINT('',(0.1133100220605,9.31212224691063E-5,0.335114444586328));
#3769=CARTESIAN_POINT('',(0.110894542149569,-0.00335323708408765,0.337024789984211));
#3770=CARTESIAN_POINT('',(0.1095,-0.00335323708408765,0.337024789984211));
#3771=CARTESIAN_POINT('',(0.113289866407144,0.00176135267488929,0.335292925331827));
#3772=CARTESIAN_POINT('',(0.113289866407144,0.00013810956549844,0.334871896291755));
#3773=CARTESIAN_POINT('',(0.110891040464576,-0.00335674633381814,0.336853130652456));
#3774=CARTESIAN_POINT('',(0.1095,-0.00335674633381814,0.336853130652456));
#3775=CARTESIAN_POINT('',(0.113280068301959,0.00179233750967568,0.33517346582957));
#3776=CARTESIAN_POINT('',(0.113280068301959,0.000160587960840493,0.334750230429888));
#3777=CARTESIAN_POINT('',(0.110889391428974,-0.00335871946937483,0.336766880393342));
#3778=CARTESIAN_POINT('',(0.1095,-0.00335871946937483,0.336766880393342));
#3779=CARTESIAN_POINT('',(0.113260913214563,0.00185486181498455,0.334932408472232));
#3780=CARTESIAN_POINT('',(0.113260913214563,0.00020586090329437,0.334504698496499));
#3781=CARTESIAN_POINT('',(0.110886280816872,-0.00336317776596097,0.33659355028767));
#3782=CARTESIAN_POINT('',(0.1095,-0.00336317776596097,0.33659355028767));
#3783=CARTESIAN_POINT('',(0.113251536345855,0.00188646492480736,0.334810565261022));
#3784=CARTESIAN_POINT('',(0.113251536345855,0.000228719089706505,0.334380587068847));
#3785=CARTESIAN_POINT('',(0.110884819240371,-0.00336566292699043,0.336506470441113));
#3786=CARTESIAN_POINT('',(0.1095,-0.00336566292699043,0.336506470441113));
#3787=CARTESIAN_POINT('',(0.113223946339093,0.0019825120127988,0.334440263550403));
#3788=CARTESIAN_POINT('',(0.113223946339093,0.00029814589069886,0.334003380715407));
#3789=CARTESIAN_POINT('',(0.110880691467479,-0.00337399895442279,0.336244003918834));
#3790=CARTESIAN_POINT('',(0.1095,-0.00337399895442279,0.336244003918834));
#3791=CARTESIAN_POINT('',(0.113206360869714,0.00204793058267333,0.334188047592195));
#3792=CARTESIAN_POINT('',(0.113206360869714,0.00034525119410621,0.333746414749664));
#3793=CARTESIAN_POINT('',(0.110878272203937,-0.00338076015549921,0.336067398345368));
#3794=CARTESIAN_POINT('',(0.1095,-0.00338076015549921,0.336067398345368));
#3795=CARTESIAN_POINT('',(0.113172932093108,0.00218123455115289,0.333674105018894));
#3796=CARTESIAN_POINT('',(0.113172932093108,0.000440811858981111,0.333222682498653));
#3797=CARTESIAN_POINT('',(0.110874128597556,-0.00339708389540782,0.335710968193104));
#3798=CARTESIAN_POINT('',(0.1095,-0.00339708389540782,0.335710968193104));
#3799=CARTESIAN_POINT('',(0.113157073910414,0.0022491641262611,0.333412208084897));
#3800=CARTESIAN_POINT('',(0.113157073910414,0.000489311396951854,0.332955745894482));
#3801=CARTESIAN_POINT('',(0.110872404254717,-0.00340658224596659,0.335531126194102));
#3802=CARTESIAN_POINT('',(0.1095,-0.00340658224596659,0.335531126194102));
#3803=CARTESIAN_POINT('',(0.113112177909609,0.00245646149389861,0.332612989998765));
#3804=CARTESIAN_POINT('',(0.113112177909609,0.000636667566569426,0.332140980546872));
#3805=CARTESIAN_POINT('',(0.110868318233157,-0.00343868458998488,0.334986505210194));
#3806=CARTESIAN_POINT('',(0.1095,-0.00343868458998488,0.334986505210194));
#3807=CARTESIAN_POINT('',(0.113085816218739,0.00259936078943647,0.332062053424938));
#3808=CARTESIAN_POINT('',(0.113085816218739,0.000737434371481474,0.331579115848983));
#3809=CARTESIAN_POINT('',(0.110867017917875,-0.00346508678678375,0.334616503704323));
#3810=CARTESIAN_POINT('',(0.1095,-0.00346508678678375,0.334616503704323));
#3811=CARTESIAN_POINT('',(0.113040442103587,0.00289345825813059,0.33092818463179));
#3812=CARTESIAN_POINT('',(0.113040442103587,0.000943998028679465,0.330422542954141));
#3813=CARTESIAN_POINT('',(0.11086727277767,-0.0035242999778744,0.333862483582994));
#3814=CARTESIAN_POINT('',(0.1095,-0.0035242999778744,0.333862483582994));
#3815=CARTESIAN_POINT('',(0.113021425412894,0.00304466432144671,0.3303452219926));
#3816=CARTESIAN_POINT('',(0.113021425412894,0.00104991561420236,0.329827833606019));
#3817=CARTESIAN_POINT('',(0.110868830712314,-0.00355681646322459,0.333478624477085));
#3818=CARTESIAN_POINT('',(0.1095,-0.00355681646322459,0.333478624477085));
#3819=CARTESIAN_POINT('',(0.112998402371326,0.00327706499349716,0.329449220164651));
#3820=CARTESIAN_POINT('',(0.112998402371326,0.00121343476904157,0.328913965619328));
#3821=CARTESIAN_POINT('',(0.110873258089112,-0.00360597487259014,0.332893468943004));
#3822=CARTESIAN_POINT('',(0.1095,-0.00360597487259014,0.332893468943004));
#3823=CARTESIAN_POINT('',(0.112991642625926,0.00335550552416971,0.329146799099136));
#3824=CARTESIAN_POINT('',(0.112991642625926,0.00126873280925116,0.328605541965238));
#3825=CARTESIAN_POINT('',(0.110875090375269,-0.0036224920566295,0.332696857994838));
#3826=CARTESIAN_POINT('',(0.1095,-0.0036224920566295,0.332696857994838));
#3827=CARTESIAN_POINT('',(0.112979943504176,0.00351408262016731,0.328535418044895));
#3828=CARTESIAN_POINT('',(0.112979943504176,0.00138072490323122,0.327982077915807));
#3829=CARTESIAN_POINT('',(0.11087942994577,-0.00365566417113587,0.332300685418354));
#3830=CARTESIAN_POINT('',(0.1095,-0.00365566417113587,0.332300685418354));
#3831=CARTESIAN_POINT('',(0.112975007395186,0.0035940981032937,0.328226924878706));
#3832=CARTESIAN_POINT('',(0.112975007395186,0.00143729787480303,0.327667504343005));
#3833=CARTESIAN_POINT('',(0.110881937230114,-0.00367231910160288,0.332101123790036));
#3834=CARTESIAN_POINT('',(0.1095,-0.00367231910160288,0.332101123790036));
#3835=CARTESIAN_POINT('',(0.11296893678511,0.00371597196248415,0.327757050159109));
#3836=CARTESIAN_POINT('',(0.11296893678511,0.00152383091211299,0.327188463089926));
#3837=CARTESIAN_POINT('',(0.110886175913077,-0.00369731154556862,0.331799693982542));
#3838=CARTESIAN_POINT('',(0.1095,-0.00369731154556862,0.331799693982542));
#3839=CARTESIAN_POINT('',(0.112967136235976,0.00375687676578428,0.327599345027685));
#3840=CARTESIAN_POINT('',(0.112967136235976,0.0015529220702136,0.327027693791669));
#3841=CARTESIAN_POINT('',(0.110887679376,-0.00370564423908147,0.331698869489241));
#3842=CARTESIAN_POINT('',(0.1095,-0.00370564423908147,0.331698869489241));
#3843=CARTESIAN_POINT('',(0.112963994133667,0.00383864826165749,0.327284081697636));
#3844=CARTESIAN_POINT('',(0.112963994133667,0.00161100673305097,0.326706286684068));
#3845=CARTESIAN_POINT('',(0.110890863594844,-0.00372229640966137,0.331496545638289));
#3846=CARTESIAN_POINT('',(0.1095,-0.00372229640966137,0.331496545638289));
#3847=CARTESIAN_POINT('',(0.11296265545868,0.00387946242210567,0.327126726032331));
#3848=CARTESIAN_POINT('',(0.11296265545868,0.00163994770566282,0.326545851408045));
#3849=CARTESIAN_POINT('',(0.110892544350764,-0.00373061548149428,0.331395046273956));
#3850=CARTESIAN_POINT('',(0.1095,-0.00373061548149428,0.331395046273956));
#3851=CARTESIAN_POINT('',(0.112960431208807,0.00396079941827147,0.326813137880449));
#3852=CARTESIAN_POINT('',(0.112960431208807,0.00169748598336108,0.326226090458304));
#3853=CARTESIAN_POINT('',(0.110896079311397,-0.00374721858388951,0.3311913935182));
#3854=CARTESIAN_POINT('',(0.1095,-0.00374721858388951,0.3311913935182));
#3855=CARTESIAN_POINT('',(0.112959543390531,0.0040013631831041,0.326656747595009));
#3856=CARTESIAN_POINT('',(0.112959543390531,0.0017261242175625,0.326066606985722));
#3857=CARTESIAN_POINT('',(0.110897933516109,-0.00375550261445184,0.331089240126778));
#3858=CARTESIAN_POINT('',(0.1095,-0.00375550261445184,0.331089240126778));
#3859=CARTESIAN_POINT('',(0.112958187843622,0.00408244113272816,0.326344158175931));
#3860=CARTESIAN_POINT('',(0.112958187843622,0.00178330596297115,0.325747819483397));
#3861=CARTESIAN_POINT('',(0.110901811530117,-0.00377201461994938,0.330884300167471));
#3862=CARTESIAN_POINT('',(0.1095,-0.00377201461994938,0.330884300167471));
#3863=CARTESIAN_POINT('',(0.112957720301217,0.00412295247002488,0.326187970020577));
#3864=CARTESIAN_POINT('',(0.112957720301217,0.00181184662668369,0.325588526431939));
#3865=CARTESIAN_POINT('',(0.110903835339414,-0.0037802425948846,0.330781513599586));
#3866=CARTESIAN_POINT('',(0.1095,-0.0037802425948846,0.330781513599586));
#3867=CARTESIAN_POINT('',(0.112956395793808,0.00432526062241321,0.325407987446734));
#3868=CARTESIAN_POINT('',(0.112956395793808,0.00195420655337347,0.324792994773813));
#3869=CARTESIAN_POINT('',(0.110914368786842,-0.00382118979460164,0.330266049945572));
#3870=CARTESIAN_POINT('',(0.1095,-0.00382118979460164,0.330266049945572));
#3871=CARTESIAN_POINT('',(0.112958574978745,0.00448620099772512,0.324787494961933));
#3872=CARTESIAN_POINT('',(0.112958574978745,0.00206690869695026,0.324159990486999));
#3873=CARTESIAN_POINT('',(0.11092407517638,-0.00385331137689019,0.329848802061143));
#3874=CARTESIAN_POINT('',(0.1095,-0.00385331137689019,0.329848802061143));
#3875=CARTESIAN_POINT('',(0.112968402777172,0.00480636482250674,0.323553129459819));
#3876=CARTESIAN_POINT('',(0.112968402777172,0.00229049939367204,0.322900576308461));
#3877=CARTESIAN_POINT('',(0.110945705210017,-0.00391508740747841,0.329005721150333));
#3878=CARTESIAN_POINT('',(0.1095,-0.00391508740747841,0.329005721150333));
#3879=CARTESIAN_POINT('',(0.112976054229791,0.00496556454360077,0.322939347925322));
#3880=CARTESIAN_POINT('',(0.112976054229791,0.00240136723169966,0.322274258681118));
#3881=CARTESIAN_POINT('',(0.110957622772173,-0.00394476547457813,0.328579861831871));
#3882=CARTESIAN_POINT('',(0.1095,-0.00394476547457813,0.328579861831871));
#3883=CARTESIAN_POINT('',(0.112991027067684,0.0052030270896234,0.322023830455307));
#3884=CARTESIAN_POINT('',(0.112991027067684,0.00256652293215103,0.32133998660706));
#3885=CARTESIAN_POINT('',(0.110976943912267,-0.00398672193158634,0.327935306292826));
#3886=CARTESIAN_POINT('',(0.1095,-0.00398672193158634,0.327935306292826));
#3887=CARTESIAN_POINT('',(0.112996601599975,0.00528195564612875,0.321719527846015));
#3888=CARTESIAN_POINT('',(0.112996601599975,0.00262138103663735,0.321029440718959));
#3889=CARTESIAN_POINT('',(0.110983625091775,-0.00400028157820354,0.327719494248768));
#3890=CARTESIAN_POINT('',(0.1095,-0.00400028157820354,0.327719494248768));
#3891=CARTESIAN_POINT('',(0.113008827112303,0.00543933575569352,0.321112761675296));
#3892=CARTESIAN_POINT('',(0.113008827112303,0.0027307270614374,0.320410215696892));
#3893=CARTESIAN_POINT('',(0.110997434212886,-0.00402645880149103,0.327286100867089));
#3894=CARTESIAN_POINT('',(0.1095,-0.00402645880149103,0.327286100867089));
#3895=CARTESIAN_POINT('',(0.113015487580591,0.00551787487169454,0.320809960522091));
#3896=CARTESIAN_POINT('',(0.113015487580591,0.00278530254469271,0.320101198971151));
#3897=CARTESIAN_POINT('',(0.111004562154489,-0.00403907637816131,0.327068519529468));
#3898=CARTESIAN_POINT('',(0.1095,-0.00403907637816131,0.327068519529468));
#3899=CARTESIAN_POINT('',(0.113026214328341,0.00563522262735536,0.320357535825338));
#3900=CARTESIAN_POINT('',(0.113026214328341,0.00286681733538787,0.319639480091194));
#3901=CARTESIAN_POINT('',(0.111015563010822,-0.00405722839682466,0.326740933879257));
#3902=CARTESIAN_POINT('',(0.1095,-0.00405722839682466,0.326740933879257));
#3903=CARTESIAN_POINT('',(0.11302990724576,0.00567421165417194,0.320207216813825));
#3904=CARTESIAN_POINT('',(0.11302990724576,0.00289388353707215,0.319486068594279));
#3905=CARTESIAN_POINT('',(0.11101927970757,-0.00406315001198876,0.326631536388557));
#3906=CARTESIAN_POINT('',(0.1095,-0.00406315001198876,0.326631536388557));
#3907=CARTESIAN_POINT('',(0.113037535201388,0.00575209268292874,0.319906952862293));
#3908=CARTESIAN_POINT('',(0.113037535201388,0.00294796824673618,0.319179632467225));
#3909=CARTESIAN_POINT('',(0.111026808691741,-0.0040747238278893,0.326412355746961));
#3910=CARTESIAN_POINT('',(0.1095,-0.0040747238278893,0.326412355746961));
#3911=CARTESIAN_POINT('',(0.113041473683299,0.00579101643110921,0.319756885527235));
#3912=CARTESIAN_POINT('',(0.113041473683299,0.00297501850095619,0.319026485442049));
#3913=CARTESIAN_POINT('',(0.111030620979165,-0.00408037601309837,0.326302572735507));
#3914=CARTESIAN_POINT('',(0.1095,-0.00408037601309837,0.326302572735507));
#3915=CARTESIAN_POINT('',(0.113053713900876,0.0059083406576184,0.319304551545205));
#3916=CARTESIAN_POINT('',(0.113053713900876,0.00305680574953075,0.318564934048518));
#3917=CARTESIAN_POINT('',(0.111042195379552,-0.00409691160990771,0.325972672543));
#3918=CARTESIAN_POINT('',(0.1095,-0.00409691160990771,0.325972672543));
#3919=CARTESIAN_POINT('',(0.113062434102331,0.00598722498602067,0.319000419453756));
#3920=CARTESIAN_POINT('',(0.113062434102331,0.00311211009790561,0.31825468589454));
#3921=CARTESIAN_POINT('',(0.111050095030632,-0.00410737422227141,0.325752002770723));
#3922=CARTESIAN_POINT('',(0.1095,-0.00410737422227141,0.325752002770723));
#3923=CARTESIAN_POINT('',(0.113090152179684,0.00622486781798326,0.31808420690601));
#3924=CARTESIAN_POINT('',(0.113090152179684,0.00327942306308498,0.317320231522062));
#3925=CARTESIAN_POINT('',(0.111074297353157,-0.00413694971067049,0.325087951944689));
#3926=CARTESIAN_POINT('',(0.1095,-0.00413694971067049,0.325087951944689));
#3927=CARTESIAN_POINT('',(0.113110748081642,0.00638506228516846,0.317466590209127));
#3928=CARTESIAN_POINT('',(0.113110748081642,0.00339327771681338,0.316690595425827));
#3929=CARTESIAN_POINT('',(0.11109110339389,-0.00415424933875804,0.32464252859753));
#3930=CARTESIAN_POINT('',(0.1095,-0.00415424933875804,0.32464252859753));
#3931=CARTESIAN_POINT('',(0.113178633104144,0.00687077629075863,0.315593959493265));
#3932=CARTESIAN_POINT('',(0.113178633104144,0.00374222103532499,0.31478248978279));
#3933=CARTESIAN_POINT('',(0.11114316072781,-0.00419787252840817,0.323299436816259));
#3934=CARTESIAN_POINT('',(0.1095,-0.00419787252840817,0.323299436816259));
#3935=CARTESIAN_POINT('',(0.113232009760234,0.00720138480950119,0.314319325325838));
#3936=CARTESIAN_POINT('',(0.113232009760234,0.00398455905237419,0.313484960434487));
#3937=CARTESIAN_POINT('',(0.111180076926412,-0.00421602145208937,0.322395029910332));
#3938=CARTESIAN_POINT('',(0.1095,-0.00421602145208937,0.322395029910332));
#3939=CARTESIAN_POINT('',(0.113353722948171,0.00787512949837542,0.311721757653268));
#3940=CARTESIAN_POINT('',(0.113353722948171,0.00449003669049956,0.310843748458459));
#3941=CARTESIAN_POINT('',(0.111256665737522,-0.00422684940171672,0.320577024786475));
#3942=CARTESIAN_POINT('',(0.1095,-0.00422684940171672,0.320577024786475));
#3943=CARTESIAN_POINT('',(0.113422054928477,0.00821826974568413,0.310398808428902));
#3944=CARTESIAN_POINT('',(0.113422054928477,0.00475328246624889,0.309500076587885));
#3945=CARTESIAN_POINT('',(0.111296337082206,-0.00421914298287903,0.31966323502169));
#3946=CARTESIAN_POINT('',(0.1095,-0.00421914298287903,0.31966323502169));
#3947=CARTESIAN_POINT('',(0.113572659396356,0.008916211063864,0.307707952626411));
#3948=CARTESIAN_POINT('',(0.113572659396356,0.00530210068967388,0.306770541949751));
#3949=CARTESIAN_POINT('',(0.111377138805093,-0.00417413229006951,0.317834175825914));
#3950=CARTESIAN_POINT('',(0.1095,-0.00417413229006951,0.317834175825914));
#3951=CARTESIAN_POINT('',(0.113654927268747,0.00927101422168962,0.306340038002203));
#3952=CARTESIAN_POINT('',(0.113654927268747,0.00558760034882262,0.305384651715264));
#3953=CARTESIAN_POINT('',(0.111418255336295,-0.00413710450268504,0.316918935078514));
#3954=CARTESIAN_POINT('',(0.1095,-0.00413710450268504,0.316918935078514));
#3955=CARTESIAN_POINT('',(0.113788330059286,0.00981140970017878,0.30425658732941));
#3956=CARTESIAN_POINT('',(0.113788330059286,0.00603328007335901,0.303276634122866));
#3957=CARTESIAN_POINT('',(0.111480425003001,-0.00405791003327522,0.315551787550043));
#3958=CARTESIAN_POINT('',(0.1095,-0.00405791003327522,0.315551787550043));
#3959=CARTESIAN_POINT('',(0.113834470825679,0.0099929168642719,0.303556801268645));
#3960=CARTESIAN_POINT('',(0.113834470825679,0.00618475487114574,0.302569058410457));
#3961=CARTESIAN_POINT('',(0.111501235016573,-0.00402756461129063,0.31509702660935));
#3962=CARTESIAN_POINT('',(0.1095,-0.00402756461129063,0.31509702660935));
#3963=CARTESIAN_POINT('',(0.113906161602765,0.0102671359406303,0.302499571995134));
#3964=CARTESIAN_POINT('',(0.113906161602765,0.00641639152294845,0.30150078431117));
#3965=CARTESIAN_POINT('',(0.111532561466705,-0.00397587832062879,0.31441719465276));
#3966=CARTESIAN_POINT('',(0.1095,-0.00397587832062879,0.31441719465276));
#3967=CARTESIAN_POINT('',(0.113930477357931,0.0103588869467227,0.30214583347773));
#3968=CARTESIAN_POINT('',(0.113930477357931,0.00649435940833954,0.30114347079379));
#3969=CARTESIAN_POINT('',(0.111543025431753,-0.00395762153076133,0.314190968910533));
#3970=CARTESIAN_POINT('',(0.1095,-0.00395762153076133,0.314190968910533));
#3971=CARTESIAN_POINT('',(0.113967578297445,0.0104970182600268,0.301613279470354));
#3972=CARTESIAN_POINT('',(0.113967578297445,0.00661245217149114,0.300605719283041));
#3973=CARTESIAN_POINT('',(0.111558751148666,-0.00392866339898936,0.313852317301833));
#3974=CARTESIAN_POINT('',(0.1095,-0.00392866339898936,0.313852317301833));
#3975=CARTESIAN_POINT('',(0.113980047681212,0.0105431385509368,0.301435466452017));
#3976=CARTESIAN_POINT('',(0.113980047681212,0.00665199896750015,0.300426201263012));
#3977=CARTESIAN_POINT('',(0.111563998015861,-0.00391874837318684,0.31373954783383));
#3978=CARTESIAN_POINT('',(0.1095,-0.00391874837318684,0.31373954783383));
#3979=CARTESIAN_POINT('',(0.114005179874225,0.0106354903353715,0.301079411682735));
#3980=CARTESIAN_POINT('',(0.114005179874225,0.00673141907237829,0.300066792336489));
#3981=CARTESIAN_POINT('',(0.11157450118117,-0.00389839112897644,0.313514257606309));
#3982=CARTESIAN_POINT('',(0.1095,-0.00389839112897644,0.313514257606309));
#3983=CARTESIAN_POINT('',(0.114017840086561,0.0106817128360849,0.300901204602841));
#3984=CARTESIAN_POINT('',(0.114017840086561,0.00677128338843608,0.299886936101045));
#3985=CARTESIAN_POINT('',(0.111579757479284,-0.00388794894068774,0.313401736865777));
#3986=CARTESIAN_POINT('',(0.1095,-0.00388794894068774,0.313401736865777));
#3987=CARTESIAN_POINT('',(0.114043390221694,0.0107743922699955,0.300543886607741));
#3988=CARTESIAN_POINT('',(0.114043390221694,0.00685146502989295,0.299526376488266));
#3989=CARTESIAN_POINT('',(0.111590279014239,-0.00386653506180485,0.31317696415772));
#3990=CARTESIAN_POINT('',(0.1095,-0.00386653506180485,0.31317696415772));
#3991=CARTESIAN_POINT('',(0.114056281890782,0.0108208552828827,0.300364752252786));
#3992=CARTESIAN_POINT('',(0.114056281890782,0.00689178772259187,0.299345649486406));
#3993=CARTESIAN_POINT('',(0.111595555592242,-0.00385556337121067,0.313064712190194));
#3994=CARTESIAN_POINT('',(0.1095,-0.00385556337121067,0.313064712190194));
#3995=CARTESIAN_POINT('',(0.114082333479809,0.0109141466420919,0.300005075029628));
#3996=CARTESIAN_POINT('',(0.114082333479809,0.00697301228768131,0.298982842435858));
#3997=CARTESIAN_POINT('',(0.111606122996955,-0.00383308811777835,0.312840497054693));
#3998=CARTESIAN_POINT('',(0.1095,-0.00383308811777835,0.312840497054693));
#3999=CARTESIAN_POINT('',(0.114095483710794,0.0109609412093852,0.299824662393714));
#4000=CARTESIAN_POINT('',(0.114095483710794,0.00701388038104314,0.298800892619458));
#4001=CARTESIAN_POINT('',(0.111611413823664,-0.00382158455494022,0.312728533886718));
#4002=CARTESIAN_POINT('',(0.1095,-0.00382158455494022,0.312728533886718));
#4003=CARTESIAN_POINT('',(0.114121874349134,0.0110542714013176,0.299464835454159));
#4004=CARTESIAN_POINT('',(0.114121874349134,0.0070955681655495,0.298438045927906));
#4005=CARTESIAN_POINT('',(0.111621992353445,-0.00379804318708152,0.312504916376865));
#4006=CARTESIAN_POINT('',(0.1095,-0.00379804318708152,0.312504916376865));
#4007=CARTESIAN_POINT('',(0.114135106669528,0.0111007778151817,0.299285533770279));
#4008=CARTESIAN_POINT('',(0.114135106669528,0.00713635864591893,0.298257261672513));
#4009=CARTESIAN_POINT('',(0.111627280056516,-0.00378600538206097,0.312393262034986));
#4010=CARTESIAN_POINT('',(0.1095,-0.00378600538206097,0.312393262034986));
#4011=CARTESIAN_POINT('',(0.114161544296092,0.0111931249052877,0.298929497099599));
#4012=CARTESIAN_POINT('',(0.114161544296092,0.00721748110365229,0.297898313610332));
#4013=CARTESIAN_POINT('',(0.111637834966674,-0.00376139315989895,0.312170282203872));
#4014=CARTESIAN_POINT('',(0.1095,-0.00376139315989895,0.312170282203872));
#4015=CARTESIAN_POINT('',(0.114174763884404,0.0112390171698209,0.298752563218352));
#4016=CARTESIAN_POINT('',(0.114174763884404,0.00725786466930752,0.297719950909096));
#4017=CARTESIAN_POINT('',(0.111643102173761,-0.00374881874275749,0.312058956714637));
#4018=CARTESIAN_POINT('',(0.1095,-0.00374881874275749,0.312058956714637));
#4019=CARTESIAN_POINT('',(0.114214477658517,0.0113760651820508,0.298224185789873));
#4020=CARTESIAN_POINT('',(0.114214477658517,0.00737869247809834,0.297187366361768));
#4021=CARTESIAN_POINT('',(0.11165884699253,-0.00371028701824406,0.311725503565713));
#4022=CARTESIAN_POINT('',(0.1095,-0.00371028701824406,0.311725503565713));
#4023=CARTESIAN_POINT('',(0.114241053159553,0.0114666876045965,0.297874798434244));
#4024=CARTESIAN_POINT('',(0.114241053159553,0.00745893292143485,0.296835286177988));
#4025=CARTESIAN_POINT('',(0.11166931645644,-0.0036835210310865,0.311503898481945));
#4026=CARTESIAN_POINT('',(0.1095,-0.0036835210310865,0.311503898481945));
#4027=CARTESIAN_POINT('',(0.114294298737133,0.0116461939836194,0.297182726237061));
#4028=CARTESIAN_POINT('',(0.114294298737133,0.00761854936659281,0.296138055024815));
#4029=CARTESIAN_POINT('',(0.111690151182139,-0.00362781875989925,0.311062260543028));
#4030=CARTESIAN_POINT('',(0.1095,-0.00362781875989925,0.311062260543028));
#4031=CARTESIAN_POINT('',(0.114320960691751,0.0117350485626765,0.296840154657752));
#4032=CARTESIAN_POINT('',(0.114320960691751,0.00769789599099415,0.295793017317667));
#4033=CARTESIAN_POINT('',(0.111700516443929,-0.0035988824985701,0.310842227769464));
#4034=CARTESIAN_POINT('',(0.1095,-0.0035988824985701,0.310842227769464));
#4035=CARTESIAN_POINT('',(0.114454391708851,0.0121748647734935,0.295144479144526));
#4036=CARTESIAN_POINT('',(0.114454391708851,0.00809238510254839,0.294085585078056));
#4037=CARTESIAN_POINT('',(0.111751957151952,-0.00344874102811652,0.309746441643673));
#4038=CARTESIAN_POINT('',(0.1095,-0.00344874102811652,0.309746441643673));
#4039=CARTESIAN_POINT('',(0.114561515541055,0.0125123904865847,0.293843176298707));
#4040=CARTESIAN_POINT('',(0.114561515541055,0.00840080946929092,0.292776734064101));
#4041=CARTESIAN_POINT('',(0.111792091074996,-0.00331124493397183,0.308883713097129));
#4042=CARTESIAN_POINT('',(0.1095,-0.00331124493397183,0.308883713097129));
#4043=CARTESIAN_POINT('',(0.114772657412698,0.0131528336106516,0.291374000091953));
#4044=CARTESIAN_POINT('',(0.114772657412698,0.0089991594947313,0.290296639950592));
#4045=CARTESIAN_POINT('',(0.111868458359923,-0.00299957486399756,0.307198737112126));
#4046=CARTESIAN_POINT('',(0.1095,-0.00299957486399756,0.307198737112126));
#4047=CARTESIAN_POINT('',(0.114876709923179,0.0134557818123875,0.290206008019753));
#4048=CARTESIAN_POINT('',(0.114876709923179,0.00928910417806085,0.289125275087932));
#4049=CARTESIAN_POINT('',(0.111904732485273,-0.00282546537082938,0.306376507810793));
#4050=CARTESIAN_POINT('',(0.1095,-0.00282546537082938,0.306376507810793));
#4051=CARTESIAN_POINT('',(0.114976442024041,0.0137366357702363,0.28912319850204));
#4052=CARTESIAN_POINT('',(0.114976442024041,0.00956559434053563,0.288041333709831));
#4053=CARTESIAN_POINT('',(0.111937976943897,-0.0026335221604628,0.305582617071572));
#4054=CARTESIAN_POINT('',(0.1095,-0.0026335221604628,0.305582617071572));
#4055=CARTESIAN_POINT('',(0.1095,-0.00434600279503512,0.342129189319368));
#4056=CARTESIAN_POINT('',(0.1095,-0.00423632628655195,0.34214034926106));
#4057=CARTESIAN_POINT('',(0.1095,-0.00402783305819724,0.342161564125608));
#4058=CARTESIAN_POINT('',(0.1095,-0.00374838711916197,0.342104117822179));
#4059=CARTESIAN_POINT('',(0.1095,-0.00358573566235352,0.341858410090922));
#4060=CARTESIAN_POINT('',(0.1095,-0.00350843179225321,0.341448575875552));
#4061=CARTESIAN_POINT('',(0.1095,-0.00343264374638343,0.340891234209553));
#4062=CARTESIAN_POINT('',(0.1095,-0.00338519177726121,0.340182470153374));
#4063=CARTESIAN_POINT('',(0.1095,-0.00335267508159505,0.339334981501817));
#4064=CARTESIAN_POINT('',(0.1095,-0.00333936058841638,0.338356847491001));
#4065=CARTESIAN_POINT('',(0.1095,-0.00334599561620203,0.337257875170003));
#4066=CARTESIAN_POINT('',(0.1095,-0.0033745582960017,0.336048024194372));
#4067=CARTESIAN_POINT('',(0.1095,-0.00345246377606731,0.334724132716328));
#4068=CARTESIAN_POINT('',(0.1095,-0.00357413198507515,0.333271041504484));
#4069=CARTESIAN_POINT('',(0.1095,-0.00370734458773304,0.331689410191219));
#4070=CARTESIAN_POINT('',(0.1095,-0.00384484683733379,0.329988180105358));
#4071=CARTESIAN_POINT('',(0.1095,-0.00397480295017548,0.328180422078414));
#4072=CARTESIAN_POINT('',(0.1095,-0.00408668166572124,0.326278886099427));
#4073=CARTESIAN_POINT('',(0.1095,-0.0041716102984447,0.324300689338707));
#4074=CARTESIAN_POINT('',(0.1095,-0.00422074934639551,0.322262258787497));
#4075=CARTESIAN_POINT('',(0.1095,-0.00422835296393344,0.320183883594454));
#4076=CARTESIAN_POINT('',(0.1095,-0.00418642156745114,0.318085054311956));
#4077=CARTESIAN_POINT('',(0.1095,-0.00409249563425481,0.315987359449902));
#4078=CARTESIAN_POINT('',(0.1095,-0.0039439049645716,0.313913422748907));
#4079=CARTESIAN_POINT('',(0.1095,-0.00373920161497648,0.311885833466347));
#4080=CARTESIAN_POINT('',(0.1095,-0.0034801494431737,0.309927308272258));
#4081=CARTESIAN_POINT('',(0.1095,-0.00317031726560637,0.308060377082187));
#4082=CARTESIAN_POINT('',(0.1095,-0.0028133684461481,0.306307008342821));
#4083=CARTESIAN_POINT('',(0.1095,-0.00241835961344285,0.304688806077823));
#4084=CARTESIAN_POINT('',(0.1095,-0.00199308098582668,0.303224547539524));
#4085=CARTESIAN_POINT('',(0.1095,-0.00155001240948947,0.301933856101665));
#4086=CARTESIAN_POINT('',(0.1095,-0.00110170728353313,0.30083313402709));
#4087=CARTESIAN_POINT('',(0.1095,-0.00065845167641714,0.299947267731372));
#4088=CARTESIAN_POINT('',(0.1095,-0.000249402359550381,0.299301767703936));
#4089=CARTESIAN_POINT('',(0.1095,5.51110959767448E-5,0.298895745822095));
#4090=CARTESIAN_POINT('',(0.1095,0.000245661120766685,0.298657006049024));
#4091=CARTESIAN_POINT('',(0.1095,0.000292698781645768,0.298600002665416));
#4092=CARTESIAN_POINT('',(0.1095,0.000309651883804039,0.298579457762298));
#4093=CARTESIAN_POINT('',(0.113005599667147,0.00512831643779977,0.320547292777528));
#4094=CARTESIAN_POINT('',(0.113014972000303,0.00528098790744242,0.320566157171811));
#4095=CARTESIAN_POINT('',(0.113019583338027,0.0054243533468078,0.320602753016575));
#4096=CARTESIAN_POINT('',(0.113019114327418,0.00555707812274435,0.320658815569587));
#4097=CARTESIAN_POINT('',(0.113005599667147,0.00512831643779977,0.320547292777528));
#4098=CARTESIAN_POINT('',(0.111983635354443,9.6353601356877E-5,0.31051468952385));
#4099=CARTESIAN_POINT('',(0.111969384022966,5.83734076711352E-5,0.311568248327434));
#4100=CARTESIAN_POINT('',(0.111976207107029,0.000103962489111299,0.313150962968721));
#4101=CARTESIAN_POINT('',(0.112054989768284,0.000427939760616467,0.315233550744506));
#4102=CARTESIAN_POINT('',(0.112159506034297,0.000842097007185822,0.316731890340769));
#4103=CARTESIAN_POINT('',(0.112309387389483,0.00143011740437315,0.318170744447797));
#4104=CARTESIAN_POINT('',(0.112520629210107,0.00226815909532133,0.319529622174703));
#4105=CARTESIAN_POINT('',(0.112811452923642,0.00350748392801506,0.320533210173371));
#4106=CARTESIAN_POINT('',(0.112972158099131,0.00460638314104981,0.320658008979241));
#4107=CARTESIAN_POINT('',(0.113005599667147,0.00512831643779977,0.320547292777528));
#4108=CARTESIAN_POINT('',(0.0189999999999995,-0.00173269966525362,0.317552320313533));
#4109=CARTESIAN_POINT('',(0.0309149519557117,-0.000813544787797919,0.316027271730739));
#4110=CARTESIAN_POINT('',(0.0610715663379971,0.000913050038817798,0.312125881747253));
#4111=CARTESIAN_POINT('',(0.0912476283095672,-0.00173228250973837,0.307919332075548));
#4112=CARTESIAN_POINT('',(0.1095,-0.00333234526698404,0.305374947449927));
#4113=CARTESIAN_POINT('',(0.0189999999999995,-0.00171539685718805,0.317509511213121));
#4114=CARTESIAN_POINT('',(0.0309149519557117,-0.000795168479142983,0.315984896547123));
#4115=CARTESIAN_POINT('',(0.0610715663379971,0.000933442874403537,0.312084321658583));
#4116=CARTESIAN_POINT('',(0.0912476283095672,-0.00171497921446797,0.307876523172068));
#4117=CARTESIAN_POINT('',(0.1095,-0.00331691071914138,0.305331383185058));
#4118=CARTESIAN_POINT('',(0.0189999999999995,-0.00168994911604997,0.317470197039464));
#4119=CARTESIAN_POINT('',(0.0309149519557117,-0.000768734882339309,0.315946220536235));
#4120=CARTESIAN_POINT('',(0.0610715663379971,0.000961728360735027,0.312046844410342));
#4121=CARTESIAN_POINT('',(0.0912476283095672,-0.00168953102590243,0.307837209288039));
#4122=CARTESIAN_POINT('',(0.1095,-0.00329317870591606,0.305290958388709));
#4123=CARTESIAN_POINT('',(0.0189999999999995,-0.00162647747206496,0.317403797228595));
#4124=CARTESIAN_POINT('',(0.0309149519557117,-0.000703598183722355,0.315881412413092));
#4125=CARTESIAN_POINT('',(0.0610715663379971,0.00102999279634611,0.311985026207464));
#4126=CARTESIAN_POINT('',(0.0912476283095672,-0.00162605862623767,0.307770810199552));
#4127=CARTESIAN_POINT('',(0.1095,-0.00323260482963479,0.305221788493783));
#4128=CARTESIAN_POINT('',(0.0189999999999995,-0.00158847743365144,0.31737673723814));
#4129=CARTESIAN_POINT('',(0.0309149519557117,-0.000664919589465903,0.315855305349143));
#4130=CARTESIAN_POINT('',(0.0610715663379971,0.00106994602998782,0.311960709176964));
#4131=CARTESIAN_POINT('',(0.0912476283095672,-0.00158805827986374,0.30774375064158));
#4132=CARTESIAN_POINT('',(0.1095,-0.0031957857117563,0.305193070083478));
#4133=CARTESIAN_POINT('',(0.0189999999999995,-0.0015052400782388,0.317338493689247));
#4134=CARTESIAN_POINT('',(0.0309149519557117,-0.000580723253528946,0.315819149132418));
#4135=CARTESIAN_POINT('',(0.0610715663379971,0.00115594377159941,0.311928473928305));
#4136=CARTESIAN_POINT('',(0.0912476283095672,-0.00150482048922085,0.307705508040017));
#4137=CARTESIAN_POINT('',(0.1095,-0.00311421731226773,0.305151193858741));
#4138=CARTESIAN_POINT('',(0.0189999999999995,-0.00146002648593757,0.31732731964871));
#4139=CARTESIAN_POINT('',(0.0309149519557117,-0.000535229475212101,0.315809108902602));
#4140=CARTESIAN_POINT('',(0.0610715663379971,0.00120196386788172,0.311920563515533));
#4141=CARTESIAN_POINT('',(0.0912476283095672,-0.00145960676975808,0.307694334514056));
#4142=CARTESIAN_POINT('',(0.1095,-0.00306949133999501,0.30513804659761));
#4143=CARTESIAN_POINT('',(0.0189999999999995,-0.00136859380328332,0.317322374927521));
#4144=CARTESIAN_POINT('',(0.0309149519557117,-0.000443672838962202,0.315806457009108));
#4145=CARTESIAN_POINT('',(0.0610715663379971,0.00129375334588902,0.311922218605044));
#4146=CARTESIAN_POINT('',(0.0912476283095672,-0.00136817403084789,0.307689390833459));
#4147=CARTESIAN_POINT('',(0.1095,-0.00297827437922721,0.305129111567684));
#4148=CARTESIAN_POINT('',(0.0189999999999995,-0.0013224001231196,0.317328606249334));
#4149=CARTESIAN_POINT('',(0.0309149519557117,-0.000397635441421463,0.315813846710691));
#4150=CARTESIAN_POINT('',(0.0610715663379971,0.00133949717291738,0.311931784275627));
#4151=CARTESIAN_POINT('',(0.0912476283095672,-0.00132198042161254,0.307695622680998));
#4152=CARTESIAN_POINT('',(0.1095,-0.00293180871355092,0.305133326910306));
#4153=CARTESIAN_POINT('',(0.0189999999999995,-0.00123539498679202,0.31735772190629));
#4154=CARTESIAN_POINT('',(0.0309149519557117,-0.000311360469562626,0.31584514415113));
#4155=CARTESIAN_POINT('',(0.0610715663379971,0.00142440056069912,0.311967180107063));
#4156=CARTESIAN_POINT('',(0.0912476283095672,-0.00123497561666778,0.30772473932815));
#4157=CARTESIAN_POINT('',(0.1095,-0.00284353283993019,0.305158645513645));
#4158=CARTESIAN_POINT('',(0.0189999999999995,-0.00119460873649852,0.317380600468524));
#4159=CARTESIAN_POINT('',(0.0309149519557117,-0.00027114795633766,0.315869045485));
#4160=CARTESIAN_POINT('',(0.0610715663379971,0.00146353533231746,0.311993002675602));
#4161=CARTESIAN_POINT('',(0.0912476283095672,-0.00119418962676302,0.307747618354565));
#4162=CARTESIAN_POINT('',(0.1095,-0.00280174808981827,0.305179744101481));
#4163=CARTESIAN_POINT('',(0.0189999999999995,-0.00112419537125564,0.317440038751277));
#4164=CARTESIAN_POINT('',(0.0309149519557117,-0.000202225137542023,0.315930249470799));
#4165=CARTESIAN_POINT('',(0.0610715663379971,0.00152965822060327,0.31205752346232));
#4166=CARTESIAN_POINT('',(0.0912476283095672,-0.0011237769379999,0.307807057438677));
#4167=CARTESIAN_POINT('',(0.1095,-0.00272874066112974,0.305236109453676));
#4168=CARTESIAN_POINT('',(0.0189999999999995,-0.00109459124150795,0.317476584926831));
#4169=CARTESIAN_POINT('',(0.0309149519557117,-0.000173537477499771,0.315967538001376));
#4170=CARTESIAN_POINT('',(0.0610715663379971,0.00155662432980468,0.312096206476433));
#4171=CARTESIAN_POINT('',(0.0912476283095672,-0.00109417322418907,0.307843603951147));
#4172=CARTESIAN_POINT('',(0.1095,-0.00269754155890311,0.30527136367618));
#4173=CARTESIAN_POINT('',(0.0189999999999995,-0.00105097725349874,0.317558455159315));
#4174=CARTESIAN_POINT('',(0.0309149519557117,-0.000131976541347226,0.316050501887654));
#4175=CARTESIAN_POINT('',(0.0610715663379971,0.00159432869205283,0.312181224746612));
#4176=CARTESIAN_POINT('',(0.0912476283095672,-0.00105056016795091,0.307925474679983));
#4177=CARTESIAN_POINT('',(0.1095,-0.00265035455457947,0.305351330574934));
#4178=CARTESIAN_POINT('',(0.0189999999999995,-0.00103698594113541,0.3176037582796));
#4179=CARTESIAN_POINT('',(0.0309149519557117,-0.000119121286105398,0.316096155841651));
#4180=CARTESIAN_POINT('',(0.0610715663379971,0.00160504991047797,0.312227537727379));
#4181=CARTESIAN_POINT('',(0.0912476283095672,-0.00103656937118349,0.307970777959493));
#4182=CARTESIAN_POINT('',(0.1095,-0.00263438611211293,0.305396023123904));
#4183=CARTESIAN_POINT('',(0.0189999999999995,-0.00102705905088329,0.317696826893202));
#4184=CARTESIAN_POINT('',(0.0309149519557117,-0.000111528249582657,0.316189473344178));
#4185=CARTESIAN_POINT('',(0.0610715663379971,0.00160825889826849,0.312321322757571));
#4186=CARTESIAN_POINT('',(0.0912476283095672,-0.00102664354014346,0.308063846686051));
#4187=CARTESIAN_POINT('',(0.1095,-0.00262039751371473,0.305488658585176));
#4188=CARTESIAN_POINT('',(0.0189999999999995,-0.00103113515576204,0.317744565017148));
#4189=CARTESIAN_POINT('',(0.0309149519557117,-0.000116801464731623,0.316237109230387));
#4190=CARTESIAN_POINT('',(0.0610715663379971,0.00160073696046121,0.312368766594374));
#4191=CARTESIAN_POINT('',(0.0912476283095672,-0.0010307201883269,0.308111584763597));
#4192=CARTESIAN_POINT('',(0.1095,-0.00262239023501417,0.305536574637945));
#4193=CARTESIAN_POINT('',(0.0189999999999995,-0.00126486180549356,0.318554818864444));
#4194=CARTESIAN_POINT('',(0.0309149519557117,-0.000370846455225933,0.317041501611386));
#4195=CARTESIAN_POINT('',(0.0610715663379971,0.00130852479824546,0.313162148450776));
#4196=CARTESIAN_POINT('',(0.0912476283095672,-0.00126445605947269,0.308921835950685));
#4197=CARTESIAN_POINT('',(0.1095,-0.0028207559839521,0.30635702945247));
#4198=CARTESIAN_POINT('',(0.0189999999999995,-0.00147040686641859,0.319349720254368));
#4199=CARTESIAN_POINT('',(0.0309149519557117,-0.000596324882110396,0.317831248242135));
#4200=CARTESIAN_POINT('',(0.0610715663379971,0.00104560235905496,0.313942212077342));
#4201=CARTESIAN_POINT('',(0.0912476283095672,-0.00147001016709241,0.309716735001139));
#4202=CARTESIAN_POINT('',(0.1095,-0.00299161013264156,0.307160901896179));
#4203=CARTESIAN_POINT('',(0.0189999999999995,-0.00184917494922928,0.320984977454467));
#4204=CARTESIAN_POINT('',(0.0309149519557117,-0.00101609955676763,0.319457006430733));
#4205=CARTESIAN_POINT('',(0.0610715663379971,0.000548798479553184,0.315550126761524));
#4206=CARTESIAN_POINT('',(0.0912476283095672,-0.00184879686061427,0.311351987890141));
#4207=CARTESIAN_POINT('',(0.1095,-0.00329901264268736,0.30881269064318));
#4208=CARTESIAN_POINT('',(0.0189999999999995,-0.00202229204024925,0.321825308959668));
#4209=CARTESIAN_POINT('',(0.0309149519557117,-0.00121028926423778,0.320292996340012));
#4210=CARTESIAN_POINT('',(0.0610715663379971,0.000315024724346871,0.316377961160515));
#4211=CARTESIAN_POINT('',(0.0912476283095672,-0.00202192351537414,0.312192317424923));
#4212=CARTESIAN_POINT('',(0.1095,-0.00343545613380782,0.309660578018445));
#4213=CARTESIAN_POINT('',(0.0189999999999995,-0.00233668687484231,0.323539248306829));
#4214=CARTESIAN_POINT('',(0.0309149519557117,-0.00156766380589696,0.321999050903676));
#4215=CARTESIAN_POINT('',(0.0610715663379971,-0.000123085438359356,0.318069204481015));
#4216=CARTESIAN_POINT('',(0.0912476283095671,-0.00233633785617044,0.313906253193601));
#4217=CARTESIAN_POINT('',(0.1095,-0.00367505149656184,0.31138823960062));
#4218=CARTESIAN_POINT('',(0.0189999999999995,-0.00247786737444156,0.324412887921905));
#4219=CARTESIAN_POINT('',(0.0309149519557117,-0.00173075219292166,0.322869149769715));
#4220=CARTESIAN_POINT('',(0.0610715663379971,-0.000327326895469026,0.318932652194872));
#4221=CARTESIAN_POINT('',(0.0912476283095672,-0.00247752829859466,0.314779891201719));
#4222=CARTESIAN_POINT('',(0.1095,-0.00377810473749893,0.312268041336751));
#4223=CARTESIAN_POINT('',(0.0189999999999995,-0.00272819233309318,0.32618279398484));
#4224=CARTESIAN_POINT('',(0.0309149519557117,-0.00202546034680375,0.324632777680388));
#4225=CARTESIAN_POINT('',(0.0610715663379971,-0.000705407065485874,0.320684486853416));
#4226=CARTESIAN_POINT('',(0.0912476283095672,-0.00272787340041816,0.316549794415334));
#4227=CARTESIAN_POINT('',(0.1095,-0.00395118767221911,0.314048873543797));
#4228=CARTESIAN_POINT('',(0.0189999999999995,-0.00283725590579311,0.327079071530883));
#4229=CARTESIAN_POINT('',(0.0309149519557117,-0.0021569995056524,0.32552631985156));
#4230=CARTESIAN_POINT('',(0.0610715663379971,-0.000879165693241635,0.321572890734821));
#4231=CARTESIAN_POINT('',(0.0912476283095672,-0.00283694717359131,0.317446070719936));
#4232=CARTESIAN_POINT('',(0.1095,-0.00402113599523591,0.314949911582864));
#4233=CARTESIAN_POINT('',(0.0189999999999995,-0.00302463151204883,0.32888450994345));
#4234=CARTESIAN_POINT('',(0.0309149519557117,-0.00238964936933089,0.327327058653836));
#4235=CARTESIAN_POINT('',(0.0610715663379971,-0.00119686139692198,0.323364801511466));
#4236=CARTESIAN_POINT('',(0.0912476283095672,-0.00302434332742465,0.3192515069996));
#4237=CARTESIAN_POINT('',(0.1095,-0.00412971882289222,0.316763528933625));
#4238=CARTESIAN_POINT('',(0.0189999999999995,-0.00310299670384208,0.329793679178961));
#4239=CARTESIAN_POINT('',(0.0309149519557117,-0.00249081344223906,0.328234262320891));
#4240=CARTESIAN_POINT('',(0.0610715663379971,-0.00134085223510239,0.324268312938606));
#4241=CARTESIAN_POINT('',(0.0912476283095672,-0.00310271886641752,0.320160675343043));
#4242=CARTESIAN_POINT('',(0.1095,-0.00416840612057388,0.317676118934244));
#4243=CARTESIAN_POINT('',(0.0189999999999995,-0.00323084411907567,0.331615358159231));
#4244=CARTESIAN_POINT('',(0.0309149519557117,-0.00266434240220643,0.330052734450741));
#4245=CARTESIAN_POINT('',(0.0610715663379971,-0.00160019210761965,0.326080761131161));
#4246=CARTESIAN_POINT('',(0.0912476283095672,-0.00323058701407477,0.321982352867896));
#4247=CARTESIAN_POINT('',(0.1095,-0.00421675193721299,0.319503378937143));
#4248=CARTESIAN_POINT('',(0.0189999999999995,-0.00328008763470726,0.332527852496449));
#4249=CARTESIAN_POINT('',(0.0309149519557117,-0.00273646819520076,0.330963993491993));
#4250=CARTESIAN_POINT('',(0.0610715663379971,-0.0017153013223253,0.326989699719488));
#4251=CARTESIAN_POINT('',(0.0912476283095672,-0.00327984091475511,0.322894846644478));
#4252=CARTESIAN_POINT('',(0.1095,-0.0042261724205802,0.320418023114184));
#4253=CARTESIAN_POINT('',(0.0189999999999995,-0.00335162705128253,0.33434727696413));
#4254=CARTESIAN_POINT('',(0.0309149519557117,-0.00285363264764276,0.332781623126276));
#4255=CARTESIAN_POINT('',(0.0610715663379971,-0.00191817053772272,0.328803957832676));
#4256=CARTESIAN_POINT('',(0.0912476283095672,-0.00335140103810766,0.324714270297579));
#4257=CARTESIAN_POINT('',(0.1095,-0.00421830858342412,0.322240571209253));
#4258=CARTESIAN_POINT('',(0.0189999999999995,-0.00337434035953077,0.335254388139438));
#4259=CARTESIAN_POINT('',(0.0309149519557117,-0.00289909325419481,0.33368816429689));
#4260=CARTESIAN_POINT('',(0.0610715663379971,-0.00200636101334706,0.329709428272797));
#4261=CARTESIAN_POINT('',(0.0912476283095672,-0.00337412467014483,0.325621381214192));
#4262=CARTESIAN_POINT('',(0.1095,-0.0042014337693924,0.323148674388765));
#4263=CARTESIAN_POINT('',(0.0189999999999995,-0.00339686543289809,0.337053858782821));
#4264=CARTESIAN_POINT('',(0.0309149519557117,-0.00296674301165826,0.335487069231868));
#4265=CARTESIAN_POINT('',(0.0610715663379971,-0.00215877564343864,0.331507270547683));
#4266=CARTESIAN_POINT('',(0.0912476283095672,-0.00339667022320639,0.327420851600831));
#4267=CARTESIAN_POINT('',(0.1095,-0.00414542637318979,0.324949129559332));
#4268=CARTESIAN_POINT('',(0.0189999999999995,-0.00339649647767664,0.337946108955999));
#4269=CARTESIAN_POINT('',(0.0309149519557117,-0.00298874870156516,0.336379328233247));
#4270=CARTESIAN_POINT('',(0.0610715663379971,-0.00222281118867622,0.332399546132475));
#4271=CARTESIAN_POINT('',(0.0912476283095672,-0.00339631142264641,0.328313101778015));
#4272=CARTESIAN_POINT('',(0.1095,-0.00410611784037625,0.325841364368404));
#4273=CARTESIAN_POINT('',(0.0189999999999995,-0.00337759784181755,0.339707294340048));
#4274=CARTESIAN_POINT('',(0.0309149519557117,-0.00301401470345164,0.338140986694923));
#4275=CARTESIAN_POINT('',(0.0610715663379971,-0.00233103865540521,0.334162093251118));
#4276=CARTESIAN_POINT('',(0.0912476283095672,-0.00337743283076757,0.33007428737677));
#4277=CARTESIAN_POINT('',(0.1095,-0.00401035754577551,0.327601726434681));
#4278=CARTESIAN_POINT('',(0.0189999999999995,-0.00335896374976045,0.340575978268988));
#4279=CARTESIAN_POINT('',(0.0309149519557117,-0.00301716430275244,0.339010137491698));
#4280=CARTESIAN_POINT('',(0.0610715663379971,-0.00237510802756002,0.335032121040016));
#4281=CARTESIAN_POINT('',(0.0912476283095671,-0.00335880862516945,0.330942971517595));
#4282=CARTESIAN_POINT('',(0.1095,-0.0039538123389272,0.328469597853023));
#4283=CARTESIAN_POINT('',(0.0189999999999995,-0.00330969005967346,0.3422796481481));
#4284=CARTESIAN_POINT('',(0.0309149519557117,-0.0030106129686798,0.340715042180358));
#4285=CARTESIAN_POINT('',(0.0610715663379971,-0.0024488088911142,0.336739345267885));
#4286=CARTESIAN_POINT('',(0.0912476283095672,-0.00330955432448774,0.332646641957122));
#4287=CARTESIAN_POINT('',(0.1095,-0.00383018705633917,0.330171118738847));
#4288=CARTESIAN_POINT('',(0.0189999999999995,-0.00327901871108322,0.343115007400332));
#4289=CARTESIAN_POINT('',(0.0309149519557117,-0.00300088964592605,0.341551170170323));
#4290=CARTESIAN_POINT('',(0.0610715663379971,-0.00247843557772689,0.337576917300227));
#4291=CARTESIAN_POINT('',(0.0912476283095672,-0.00327889248309235,0.333482001558242));
#4292=CARTESIAN_POINT('',(0.1095,-0.00376305893836635,0.331005140123038));
#4293=CARTESIAN_POINT('',(0.0189999999999995,-0.00323147545677761,0.344334810788328));
#4294=CARTESIAN_POINT('',(0.0309149519557117,-0.00298393499635912,0.342772165204248));
#4295=CARTESIAN_POINT('',(0.0610715663379971,-0.00251894037051355,0.33880015079227));
#4296=CARTESIAN_POINT('',(0.0912476283095672,-0.00323136311132763,0.334701805487063));
#4297=CARTESIAN_POINT('',(0.1095,-0.00366228099180873,0.332222869637287));
#4298=CARTESIAN_POINT('',(0.0189999999999995,-0.00321537422576413,0.344735852042973));
#4299=CARTESIAN_POINT('',(0.0309149519557117,-0.00297789054401626,0.343173610033264));
#4300=CARTESIAN_POINT('',(0.0610715663379971,-0.00253178716539249,0.339202353719227));
#4301=CARTESIAN_POINT('',(0.0912476283095672,-0.00321526644455113,0.33510284692487));
#4302=CARTESIAN_POINT('',(0.1095,-0.00362867750718965,0.332623208533732));
#4303=CARTESIAN_POINT('',(0.0189999999999995,-0.0031836245133516,0.345525338577055));
#4304=CARTESIAN_POINT('',(0.0309149519557117,-0.00296593852387315,0.343963892368629));
#4305=CARTESIAN_POINT('',(0.0610715663379971,-0.0025570243000803,0.339994130934736));
#4306=CARTESIAN_POINT('',(0.0912476283095672,-0.00318352571725822,0.335892333820124));
#4307=CARTESIAN_POINT('',(0.1095,-0.00356247300142299,0.333411310099892));
#4308=CARTESIAN_POINT('',(0.0189999999999995,-0.00316765421904607,0.345913788033496));
#4309=CARTESIAN_POINT('',(0.0309149519557117,-0.00295970924806456,0.344352742121969));
#4310=CARTESIAN_POINT('',(0.0610715663379971,-0.00256909312892774,0.340383732629422));
#4311=CARTESIAN_POINT('',(0.0912476283095672,-0.00316755984388292,0.336280783458238));
#4312=CARTESIAN_POINT('',(0.1095,-0.00352954998481005,0.333799062902058));
#4313=CARTESIAN_POINT('',(0.0189999999999995,-0.00314063507504374,0.346676575126032));
#4314=CARTESIAN_POINT('',(0.0309149519557117,-0.00295181826154355,0.345116206401666));
#4315=CARTESIAN_POINT('',(0.0610715663379971,-0.00259713360353475,0.341148468977494));
#4316=CARTESIAN_POINT('',(0.0912476283095672,-0.00314054938113398,0.337043570858113));
#4317=CARTESIAN_POINT('',(0.1095,-0.0034692412682507,0.334560671456034));
#4318=CARTESIAN_POINT('',(0.0189999999999995,-0.00312990119791668,0.347050749155369));
#4319=CARTESIAN_POINT('',(0.0309149519557117,-0.00295046742054187,0.345490649422887));
#4320=CARTESIAN_POINT('',(0.0610715663379971,-0.00261340841195232,0.341523417288962));
#4321=CARTESIAN_POINT('',(0.0912476283095672,-0.00312981976246799,0.337417745009531));
#4322=CARTESIAN_POINT('',(0.1095,-0.00344217768125974,0.334934377346982));
#4323=CARTESIAN_POINT('',(0.0189999999999995,-0.0031179162326842,0.347784445822202));
#4324=CARTESIAN_POINT('',(0.0309149519557117,-0.00295688111523487,0.346224646283872));
#4325=CARTESIAN_POINT('',(0.0610715663379971,-0.00265438323646485,0.342257978052377));
#4326=CARTESIAN_POINT('',(0.0912476283095672,-0.00311784314740875,0.338151441812606));
#4327=CARTESIAN_POINT('',(0.1095,-0.00339817272010557,0.335667551572749));
#4328=CARTESIAN_POINT('',(0.0189999999999995,-0.00311668092709689,0.348144176352743));
#4329=CARTESIAN_POINT('',(0.0309149519557117,-0.00296466664670122,0.346584407620809));
#4330=CARTESIAN_POINT('',(0.0610715663379971,-0.00267911404121496,0.342617797257869));
#4331=CARTESIAN_POINT('',(0.0912476283095672,-0.00311661193589963,0.338511172357129));
#4332=CARTESIAN_POINT('',(0.1095,-0.00338123805560636,0.336027228489565));
#4333=CARTESIAN_POINT('',(0.0189999999999995,-0.00312438571228519,0.348850081057397));
#4334=CARTESIAN_POINT('',(0.0309149519557117,-0.00299007315316185,0.347290118779848));
#4335=CARTESIAN_POINT('',(0.0610715663379971,-0.00273777250675304,0.34332314484939));
#4336=CARTESIAN_POINT('',(0.0912476283095672,-0.00312432475495778,0.339217076973942));
#4337=CARTESIAN_POINT('',(0.1095,-0.00335813575782,0.336733470030153));
#4338=CARTESIAN_POINT('',(0.0189999999999995,-0.003132748919076,0.34919616259076));
#4339=CARTESIAN_POINT('',(0.0309149519557117,-0.00300711492132581,0.347635990427561));
#4340=CARTESIAN_POINT('',(0.0610715663379971,-0.00277111659734044,0.343668622235498));
#4341=CARTESIAN_POINT('',(0.0912476283095672,-0.00313269190048604,0.339563158412049));
#4342=CARTESIAN_POINT('',(0.1095,-0.00335139528309813,0.33707991683673));
#4343=CARTESIAN_POINT('',(0.0189999999999995,-0.00315386032191442,0.349873842439661));
#4344=CARTESIAN_POINT('',(0.0309149519557117,-0.00304522025424843,0.348313140551206));
#4345=CARTESIAN_POINT('',(0.0610715663379971,-0.00284114433255557,0.344344777291924));
#4346=CARTESIAN_POINT('',(0.0912476283095672,-0.00315381101596553,0.340240838020537));
#4347=CARTESIAN_POINT('',(0.1095,-0.00334293140305216,0.337758518589762));
#4348=CARTESIAN_POINT('',(0.0189999999999995,-0.00316688380462968,0.350205290041091));
#4349=CARTESIAN_POINT('',(0.0309149519557117,-0.00306655532613904,0.348644261409833));
#4350=CARTESIAN_POINT('',(0.0610715663379971,-0.00287809238461207,0.344675284377565));
#4351=CARTESIAN_POINT('',(0.0912476283095672,-0.00316683827086909,0.340572285473675));
#4352=CARTESIAN_POINT('',(0.1095,-0.00334148986208771,0.338090534836042));
#4353=CARTESIAN_POINT('',(0.0189999999999995,-0.00319804414942524,0.350850036654538));
#4354=CARTESIAN_POINT('',(0.0309149519557117,-0.00311388374103809,0.349288226319875));
#4355=CARTESIAN_POINT('',(0.0610715663379971,-0.00295579185762304,0.345317780889748));
#4356=CARTESIAN_POINT('',(0.0912476283095672,-0.00319800595349179,0.341217031732349));
#4357=CARTESIAN_POINT('',(0.1095,-0.00334451220439437,0.338736641882255));
#4358=CARTESIAN_POINT('',(0.0189999999999995,-0.00321619549599627,0.351163322415812));
#4359=CARTESIAN_POINT('',(0.0309149519557117,-0.00313989123624615,0.349601056757331));
#4360=CARTESIAN_POINT('',(0.0610715663379971,-0.00299655680658181,0.345629756020042));
#4361=CARTESIAN_POINT('',(0.0912476283095672,-0.00321616086555088,0.341530317286976));
#4362=CARTESIAN_POINT('',(0.1095,-0.00334899115045709,0.339050720063568));
#4363=CARTESIAN_POINT('',(0.0189999999999995,-0.00325846597825037,0.351767785309301));
#4364=CARTESIAN_POINT('',(0.0309149519557117,-0.00319731960259451,0.350204459361533));
#4365=CARTESIAN_POINT('',(0.0610715663379971,-0.00308245863795931,0.346231166914203));
#4366=CARTESIAN_POINT('',(0.0912476283095672,-0.00325843822716243,0.342134779699256));
#4367=CARTESIAN_POINT('',(0.1095,-0.00336488170130067,0.339657028225072));
#4368=CARTESIAN_POINT('',(0.0189999999999995,-0.0032825735571977,0.352058961035415));
#4369=CARTESIAN_POINT('',(0.0309149519557117,-0.00322872888174424,0.350495030411982));
#4370=CARTESIAN_POINT('',(0.0610715663379971,-0.00312758386216268,0.346520602106159));
#4371=CARTESIAN_POINT('',(0.0912476283095672,-0.00328254911996314,0.34242595515094));
#4372=CARTESIAN_POINT('',(0.1095,-0.00337628181070134,0.339949256294801));
#4373=CARTESIAN_POINT('',(0.0189999999999995,-0.00332328669541194,0.352475159951321));
#4374=CARTESIAN_POINT('',(0.0309149519557117,-0.00327987887499355,0.350910208181026));
#4375=CARTESIAN_POINT('',(0.0610715663379971,-0.00319833906053212,0.346933861692607));
#4376=CARTESIAN_POINT('',(0.0912476283095672,-0.00332326699491082,0.342842153603401));
#4377=CARTESIAN_POINT('',(0.1095,-0.00339883123172032,0.340367232357439));
#4378=CARTESIAN_POINT('',(0.0189999999999995,-0.00333766520877212,0.352610435431343));
#4379=CARTESIAN_POINT('',(0.0309149519557117,-0.00329764963733436,0.351045123031829));
#4380=CARTESIAN_POINT('',(0.0610715663379971,-0.00322248202377639,0.347068099116179));
#4381=CARTESIAN_POINT('',(0.0912476283095672,-0.0033376470478324,0.342977428919753));
#4382=CARTESIAN_POINT('',(0.1095,-0.00340730606519486,0.340503135456328));
#4383=CARTESIAN_POINT('',(0.0189999999999995,-0.00336935554551876,0.352872602236645));
#4384=CARTESIAN_POINT('',(0.0309149519557117,-0.00333591422413777,0.35130649502509));
#4385=CARTESIAN_POINT('',(0.0610715663379971,-0.00327309607030123,0.347327978087544));
#4386=CARTESIAN_POINT('',(0.0912476283095672,-0.0033693403682815,0.343239595364332));
#4387=CARTESIAN_POINT('',(0.1095,-0.00342755494583228,0.340766685507933));
#4388=CARTESIAN_POINT('',(0.0189999999999995,-0.00338675608602982,0.352999485930668));
#4389=CARTESIAN_POINT('',(0.0309149519557117,-0.00335649657431644,0.351432942311566));
#4390=CARTESIAN_POINT('',(0.0610715663379971,-0.00329965531974481,0.3474536056003));
#4391=CARTESIAN_POINT('',(0.0912476283095672,-0.00338674235284675,0.343366478860293));
#4392=CARTESIAN_POINT('',(0.1095,-0.0034394180432364,0.340894328701177));
#4393=CARTESIAN_POINT('',(0.0189999999999995,-0.00342537093202876,0.353243442882515));
#4394=CARTESIAN_POINT('',(0.0309149519557117,-0.00340122902496746,0.351675930816532));
#4395=CARTESIAN_POINT('',(0.0610715663379971,-0.0033558794404099,0.347694774917427));
#4396=CARTESIAN_POINT('',(0.0912476283095672,-0.00342535997530109,0.343610435372613));
#4397=CARTESIAN_POINT('',(0.1095,-0.00346738615317941,0.341139971083665));
#4398=CARTESIAN_POINT('',(0.0189999999999995,-0.00344638485747043,0.353360533324547));
#4399=CARTESIAN_POINT('',(0.0309149519557117,-0.00342517917641115,0.351792494244082));
#4400=CARTESIAN_POINT('',(0.0610715663379971,-0.00338534517225164,0.347810348369839));
#4401=CARTESIAN_POINT('',(0.0912476283095672,-0.00344637523333958,0.343727525575461));
#4402=CARTESIAN_POINT('',(0.1095,-0.00348329003555321,0.341257978712145));
#4403=CARTESIAN_POINT('',(0.0189999999999995,-0.00347941673718181,0.353527918312681));
#4404=CARTESIAN_POINT('',(0.0309149519557117,-0.00346240849512379,0.351959050823809));
#4405=CARTESIAN_POINT('',(0.0610715663379971,-0.00343045920837409,0.347975348818269));
#4406=CARTESIAN_POINT('',(0.0912476283095672,-0.0034794090180453,0.343894910187626));
#4407=CARTESIAN_POINT('',(0.1095,-0.0035090169278228,0.341426805415814));
#4408=CARTESIAN_POINT('',(0.0189999999999995,-0.00349056991552385,0.353582412059371));
#4409=CARTESIAN_POINT('',(0.0309149519557117,-0.00347492818875771,0.35201326486026));
#4410=CARTESIAN_POINT('',(0.0610715663379971,-0.0034455458450677,0.348029037430483));
#4411=CARTESIAN_POINT('',(0.0912476283095672,-0.00349056281657594,0.343949403807369));
#4412=CARTESIAN_POINT('',(0.1095,-0.00351779189958619,0.341481785954516));
#4413=CARTESIAN_POINT('',(0.0189999999999995,-0.00351382184864255,0.353688080730359));
#4414=CARTESIAN_POINT('',(0.0309149519557117,-0.00350082992706468,0.352118350400459));
#4415=CARTESIAN_POINT('',(0.0610715663379971,-0.00347642513399409,0.348133027583356));
#4416=CARTESIAN_POINT('',(0.0912476283095672,-0.0035138159523003,0.344055072213706));
#4417=CARTESIAN_POINT('',(0.1095,-0.00353643226035857,0.341588469473627));
#4418=CARTESIAN_POINT('',(0.0189999999999995,-0.00352605426833267,0.353739165390481));
#4419=CARTESIAN_POINT('',(0.0309149519557117,-0.00351434337306454,0.352169128288205));
#4420=CARTESIAN_POINT('',(0.0610715663379971,-0.00349234493549876,0.348183229211747));
#4421=CARTESIAN_POINT('',(0.0912476283095672,-0.00352604895338013,0.344106156734599));
#4422=CARTESIAN_POINT('',(0.1095,-0.00354643525370027,0.341640088023187));
#4423=CARTESIAN_POINT('',(0.0189999999999995,-0.00355351772077392,0.353836359756452));
#4424=CARTESIAN_POINT('',(0.0309149519557117,-0.00354424412151538,0.35226563391662));
#4425=CARTESIAN_POINT('',(0.0610715663379971,-0.00352682404477246,0.348278441074845));
#4426=CARTESIAN_POINT('',(0.0912476283095672,-0.00355351351198041,0.34420335078799));
#4427=CARTESIAN_POINT('',(0.1095,-0.00356965697285208,0.341738481029376));
#4428=CARTESIAN_POINT('',(0.0189999999999995,-0.00356874875876881,0.353882469457966));
#4429=CARTESIAN_POINT('',(0.0309149519557117,-0.00356063142910139,0.352311361652822));
#4430=CARTESIAN_POINT('',(0.0610715663379971,-0.00354538335747226,0.348323451304837));
#4431=CARTESIAN_POINT('',(0.0912476283095672,-0.00356874507474458,0.34424946031615));
#4432=CARTESIAN_POINT('',(0.1095,-0.00358287570409519,0.3417852554819));
#4433=CARTESIAN_POINT('',(0.0189999999999995,-0.00360399173090963,0.353968241223596));
#4434=CARTESIAN_POINT('',(0.0309149519557117,-0.00359802525300894,0.352396249602034));
#4435=CARTESIAN_POINT('',(0.0610715663379971,-0.00358681746841343,0.348406679041071));
#4436=CARTESIAN_POINT('',(0.0912476283095672,-0.00360398902304262,0.344335231680663));
#4437=CARTESIAN_POINT('',(0.1095,-0.00361437545444278,0.34187256539206));
#4438=CARTESIAN_POINT('',(0.0189999999999995,-0.00362404260828156,0.354007983382606));
#4439=CARTESIAN_POINT('',(0.0309149519557117,-0.00361907272104958,0.352435488933333));
#4440=CARTESIAN_POINT('',(0.0610715663379971,-0.00360973699124596,0.348444973831092));
#4441=CARTESIAN_POINT('',(0.0912476283095672,-0.00362404035271406,0.344374973611466));
#4442=CARTESIAN_POINT('',(0.1095,-0.00363269192130457,0.341913182644216));
#4443=CARTESIAN_POINT('',(0.0189999999999995,-0.00367031549165544,0.354078751340881));
#4444=CARTESIAN_POINT('',(0.0309149519557117,-0.00366712020572943,0.352505096489099));
#4445=CARTESIAN_POINT('',(0.0610715663379971,-0.00366111799186459,0.348512401618228));
#4446=CARTESIAN_POINT('',(0.0912476283095672,-0.00367031404148509,0.344445741043095));
#4447=CARTESIAN_POINT('',(0.1095,-0.00367587638808668,0.34198597010194));
#4448=CARTESIAN_POINT('',(0.0189999999999995,-0.00369652445084723,0.35410975028653));
#4449=CARTESIAN_POINT('',(0.0309149519557117,-0.003694106502166,0.352535438187133));
#4450=CARTESIAN_POINT('',(0.0610715663379971,-0.0036895644845078,0.348541508703509));
#4451=CARTESIAN_POINT('',(0.0912476283095672,-0.00369652335346891,0.344476739690455));
#4452=CARTESIAN_POINT('',(0.1095,-0.0037007325131314,0.342018112884481));
#4453=CARTESIAN_POINT('',(0.0189999999999995,-0.00374136366234171,0.354147719278382));
#4454=CARTESIAN_POINT('',(0.0309149519557117,-0.0037398978274593,0.352572282743749));
#4455=CARTESIAN_POINT('',(0.0610715663379971,-0.00373714431661286,0.348576241054544));
#4456=CARTESIAN_POINT('',(0.0912476283095672,-0.00374136299707722,0.344514708171986));
#4457=CARTESIAN_POINT('',(0.1095,-0.00374391471916577,0.34205803878036));
#4458=CARTESIAN_POINT('',(0.0189999999999995,-0.00375723555708377,0.354158947842397));
#4459=CARTESIAN_POINT('',(0.0309149519557117,-0.00375605128942507,0.352583113288485));
#4460=CARTESIAN_POINT('',(0.0610715663379971,-0.00375382669108698,0.348586323936353));
#4461=CARTESIAN_POINT('',(0.0912476283095672,-0.00375723501960766,0.344525936555361));
#4462=CARTESIAN_POINT('',(0.1095,-0.00375929659010222,0.342069960034805));
#4463=CARTESIAN_POINT('',(0.0189999999999995,-0.00379095408490107,0.354178264174044));
#4464=CARTESIAN_POINT('',(0.0309149519557117,-0.0037902541901011,0.352601584063247));
#4465=CARTESIAN_POINT('',(0.0610715663379971,-0.00378893946635819,0.348603206367104));
#4466=CARTESIAN_POINT('',(0.0912476283095672,-0.00379095376725604,0.344545252503255));
#4467=CARTESIAN_POINT('',(0.1095,-0.00379217214256023,0.342090747926236));
#4468=CARTESIAN_POINT('',(0.0189999999999995,-0.00380877347932811,0.354186389292602));
#4469=CARTESIAN_POINT('',(0.0309149519557117,-0.00380827732681219,0.352609262327234));
#4470=CARTESIAN_POINT('',(0.0610715663379971,-0.00380734532461299,0.348610045233064));
#4471=CARTESIAN_POINT('',(0.0912476283095672,-0.00380877325415087,0.344553377419009));
#4472=CARTESIAN_POINT('',(0.1095,-0.00380963695534216,0.34209965072543));
#4473=CARTESIAN_POINT('',(0.0189999999999995,-0.00386456449781138,0.354206743184136));
#4474=CARTESIAN_POINT('',(0.0309149519557117,-0.00386457872619201,0.352628217157275));
#4475=CARTESIAN_POINT('',(0.0610715663379971,-0.0038646054536228,0.348626371983339));
#4476=CARTESIAN_POINT('',(0.0912476283095672,-0.00386456450426889,0.344573730675584));
#4477=CARTESIAN_POINT('',(0.1095,-0.00386453973553568,0.342122439465126));
#4478=CARTESIAN_POINT('',(0.0189999999999995,-0.00390486876992679,0.354214950685565));
#4479=CARTESIAN_POINT('',(0.0309149519557117,-0.00390508879579396,0.352635413958694));
#4480=CARTESIAN_POINT('',(0.0610715663379971,-0.00390550210538224,0.348631670226147));
#4481=CARTESIAN_POINT('',(0.0912476283095672,-0.00390486886978483,0.34458193771831));
#4482=CARTESIAN_POINT('',(0.1095,-0.00390448584924681,0.34213240593217));
#4483=CARTESIAN_POINT('',(0.0189999999999995,-0.00398878193825714,0.354223718585575));
#4484=CARTESIAN_POINT('',(0.0309149519557117,-0.0039892217938086,0.352642077593419));
#4485=CARTESIAN_POINT('',(0.0610715663379971,-0.00399004804446366,0.348634381084637));
#4486=CARTESIAN_POINT('',(0.0912476283095671,-0.00398878213788418,0.344590704663306));
#4487=CARTESIAN_POINT('',(0.1095,-0.00398801643832286,0.342144835977474));
#4488=CARTESIAN_POINT('',(0.0189999999999995,-0.00403228100177707,0.35422431039309));
#4489=CARTESIAN_POINT('',(0.0309149519557117,-0.00403273567720927,0.352641578589879));
#4490=CARTESIAN_POINT('',(0.0610715663379971,-0.0040335897664039,0.348631833037164));
#4491=CARTESIAN_POINT('',(0.0912476283095672,-0.00403228120813006,0.344591295975759));
#4492=CARTESIAN_POINT('',(0.1095,-0.00403148971015346,0.342147326171376));
#4493=CARTESIAN_POINT('',(0.0189999999999995,-0.00416425438590135,0.354218967664233));
#4494=CARTESIAN_POINT('',(0.0309149519557117,-0.0041645750208858,0.352632926413249));
#4495=CARTESIAN_POINT('',(0.0610715663379971,-0.00416517732058411,0.348616964198313));
#4496=CARTESIAN_POINT('',(0.0912476283095672,-0.00416425453142052,0.34458595174492));
#4497=CARTESIAN_POINT('',(0.1095,-0.0041636963707559,0.342147743019825));
#4498=CARTESIAN_POINT('',(0.0189999999999995,-0.00425484853363031,0.354205733511311));
#4499=CARTESIAN_POINT('',(0.0309149519557117,-0.00425483725735254,0.352617420468917));
#4500=CARTESIAN_POINT('',(0.0610715663379971,-0.00425481607532617,0.348597190786774));
#4501=CARTESIAN_POINT('',(0.0912476283095672,-0.0042548485285126,0.344572716560953));
#4502=CARTESIAN_POINT('',(0.1095,-0.00425486815823175,0.34213846256527));
#4503=CARTESIAN_POINT('',(0.0189999999999995,-0.0043454059153423,0.354192508171577));
#4504=CARTESIAN_POINT('',(0.0309149519557117,-0.00434506294882501,0.352601924259736));
#4505=CARTESIAN_POINT('',(0.0610715663379971,-0.00434441870025606,0.34857742884226));
#4506=CARTESIAN_POINT('',(0.0912476283095672,-0.00434540575968803,0.344559490190592));
#4507=CARTESIAN_POINT('',(0.1095,-0.00434600279503512,0.342129189319368));
#4508=CARTESIAN_POINT('',(0.,-0.00434600279503512,0.356729189319368));
#4509=CARTESIAN_POINT('',(0.0182476258412845,-0.00434540555264287,0.354292822691742));
#4510=CARTESIAN_POINT('',(0.0547333895289436,-0.0043442113783992,0.349421356244259));
#4511=CARTESIAN_POINT('',(0.0912476283095672,-0.00434540575968803,0.344559490190592));
#4512=CARTESIAN_POINT('',(0.1095,-0.00434600279503512,0.342129189319368));
#4513=CARTESIAN_POINT('',(0.,-0.00333234526698403,0.319974947449927));
#4514=CARTESIAN_POINT('',(0.0182476258412845,-0.00173172762591626,0.317652704139665));
#4515=CARTESIAN_POINT('',(0.0547333895289436,0.00146867540263391,0.313009424987601));
#4516=CARTESIAN_POINT('',(0.0912476283095672,-0.00173228250973838,0.307919332075548));
#4517=CARTESIAN_POINT('',(0.1095,-0.00333234526698404,0.305374947449927));
#4518=CARTESIAN_POINT('',(0.019,-0.0043454059153423,0.354192508171577));
#4519=CARTESIAN_POINT('',(0.030914951955712,-0.00434506294882501,0.352601924259736));
#4520=CARTESIAN_POINT('',(0.0610715663379973,-0.00434441870025606,0.34857742884226));
#4521=CARTESIAN_POINT('',(0.0912476283095672,-0.00434540575968803,0.344559490190592));
#4522=CARTESIAN_POINT('',(0.1095,-0.00434600279503512,0.342129189319368));
#4523=CARTESIAN_POINT('',(0.019,-0.00445297806303146,0.354161252464752));
#4524=CARTESIAN_POINT('',(0.030914951955712,-0.00445185125699216,0.352567971018708));
#4525=CARTESIAN_POINT('',(0.0610715663379973,-0.00444973459795485,0.34853840839361));
#4526=CARTESIAN_POINT('',(0.0912476283095672,-0.00445297755163412,0.344528233259499));
#4527=CARTESIAN_POINT('',(0.1095,-0.00445493909307001,0.342102628249791));
#4528=CARTESIAN_POINT('',(0.019,-0.00456055021072063,0.354129996757927));
#4529=CARTESIAN_POINT('',(0.030914951955712,-0.00455863956515931,0.35253401777768));
#4530=CARTESIAN_POINT('',(0.0610715663379973,-0.00455505049565364,0.348499387944961));
#4531=CARTESIAN_POINT('',(0.0912476283095672,-0.00456054934358022,0.344496976328408));
#4532=CARTESIAN_POINT('',(0.1095,-0.0045638753911049,0.342076067180213));
#4533=CARTESIAN_POINT('',(0.019,-0.00477557932214574,0.354045239816241));
#4534=CARTESIAN_POINT('',(0.030914951955712,-0.00477154315428326,0.352443868666585));
#4535=CARTESIAN_POINT('',(0.0610715663379973,-0.0047639613781086,0.348399109864271));
#4536=CARTESIAN_POINT('',(0.0912476283095672,-0.0047755774903438,0.344412216939502));
#4537=CARTESIAN_POINT('',(0.1095,-0.00478260364234185,0.342000694467769));
#4538=CARTESIAN_POINT('',(0.019,-0.00488315851644508,0.353990321597137));
#4539=CARTESIAN_POINT('',(0.030914951955712,-0.00487774513252803,0.352386252747815));
#4540=CARTESIAN_POINT('',(0.0610715663379973,-0.00486757631234886,0.348336426427067));
#4541=CARTESIAN_POINT('',(0.0912476283095672,-0.00488315605959802,0.344357297496056));
#4542=CARTESIAN_POINT('',(0.1095,-0.0048925796662271,0.341950471173874));
#4543=CARTESIAN_POINT('',(0.019,-0.00504260123482061,0.353894901452768));
#4544=CARTESIAN_POINT('',(0.030914951955712,-0.0050347949576174,0.352286834359605));
#4545=CARTESIAN_POINT('',(0.0610715663379973,-0.0050201311853144,0.348229497501405));
#4546=CARTESIAN_POINT('',(0.0912476283095671,-0.00504259769196655,0.344261875537097));
#4547=CARTESIAN_POINT('',(0.1095,-0.00505618684188236,0.341862009348862));
#4548=CARTESIAN_POINT('',(0.019,-0.00509541211278519,0.353861012531915));
#4549=CARTESIAN_POINT('',(0.030914951955712,-0.0050867559898947,0.352251621134972));
#4550=CARTESIAN_POINT('',(0.0610715663379973,-0.0050704958172428,0.348191796626311));
#4551=CARTESIAN_POINT('',(0.0912476283095672,-0.00509540818423137,0.344227986015212));
#4552=CARTESIAN_POINT('',(0.1095,-0.00511047674362101,0.341830425172037));
#4553=CARTESIAN_POINT('',(0.019,-0.00520009442166271,0.353789856089604));
#4554=CARTESIAN_POINT('',(0.030914951955712,-0.00518965388386057,0.352177839644893));
#4555=CARTESIAN_POINT('',(0.0610715663379973,-0.00517004176081319,0.348113084091411));
#4556=CARTESIAN_POINT('',(0.0912476283095672,-0.00520008968325786,0.344156828381532));
#4557=CARTESIAN_POINT('',(0.1095,-0.00521826454813924,0.34176383721565));
#4558=CARTESIAN_POINT('',(0.019,-0.00525198533000584,0.353752513690952));
#4559=CARTESIAN_POINT('',(0.030914951955712,-0.00524060834530087,0.352139196013858));
#4560=CARTESIAN_POINT('',(0.0610715663379973,-0.00521923714506478,0.34807199614859));
#4561=CARTESIAN_POINT('',(0.0912476283095672,-0.00525198016659755,0.34411948539232));
#4562=CARTESIAN_POINT('',(0.1095,-0.00527178519615532,0.341728759408861));
#4563=CARTESIAN_POINT('',(0.019,-0.00540618128555377,0.353635322973276));
#4564=CARTESIAN_POINT('',(0.030914951955712,-0.00539186547701717,0.352018138633919));
#4565=CARTESIAN_POINT('',(0.0610715663379973,-0.0053649738164664,0.347943675401808));
#4566=CARTESIAN_POINT('',(0.0912476283095672,-0.00540617478836964,0.344002292919772));
#4567=CARTESIAN_POINT('',(0.1095,-0.00543109571588806,0.341618298013344));
#4568=CARTESIAN_POINT('',(0.019,-0.00550705879898745,0.353550314099561));
#4569=CARTESIAN_POINT('',(0.030914951955712,-0.00549061120477856,0.351930600130539));
#4570=CARTESIAN_POINT('',(0.0610715663379973,-0.00545971507207244,0.347851385092612));
#4571=CARTESIAN_POINT('',(0.0912476283095672,-0.00550705133429918,0.343917282897993));
#4572=CARTESIAN_POINT('',(0.1095,-0.00553568326955343,0.341537691565234));
#4573=CARTESIAN_POINT('',(0.019,-0.00570393578492226,0.353367198878921));
#4574=CARTESIAN_POINT('',(0.030914951955712,-0.00568289618094023,0.351742547981715));
#4575=CARTESIAN_POINT('',(0.0610715663379973,-0.00564337414577466,0.34765405912621));
#4576=CARTESIAN_POINT('',(0.0912476283095672,-0.00570392623616497,0.343734165436743));
#4577=CARTESIAN_POINT('',(0.1095,-0.00574055193177356,0.341363168297536));
#4578=CARTESIAN_POINT('',(0.019,-0.005799860127032,0.353269087066893));
#4579=CARTESIAN_POINT('',(0.030914951955712,-0.00577636016193835,0.35164203075519));
#4580=CARTESIAN_POINT('',(0.0610715663379973,-0.00573221643909953,0.347549023426979));
#4581=CARTESIAN_POINT('',(0.0912476283095672,-0.00579984946164765,0.343636052533025));
#4582=CARTESIAN_POINT('',(0.1095,-0.00584075814838281,0.341269242734));
#4583=CARTESIAN_POINT('',(0.019,-0.00598508316390759,0.353060393138843));
#4584=CARTESIAN_POINT('',(0.030914951955712,-0.00595634976629521,0.351428692153109));
#4585=CARTESIAN_POINT('',(0.0610715663379973,-0.00590237525461558,0.347326959994783));
#4586=CARTESIAN_POINT('',(0.0912476283095672,-0.00598507012334655,0.343427356497005));
#4587=CARTESIAN_POINT('',(0.1095,-0.0060350891577186,0.341068632136159));
#4588=CARTESIAN_POINT('',(0.019,-0.00607445650014349,0.352949825922196));
#4589=CARTESIAN_POINT('',(0.030914951955712,-0.00604295040471493,0.351315883805162));
#4590=CARTESIAN_POINT('',(0.0610715663379973,-0.00598376749364297,0.347209941773393));
#4591=CARTESIAN_POINT('',(0.0912476283095672,-0.00607444220120237,0.343316788263227));
#4592=CARTESIAN_POINT('',(0.1095,-0.00612928794173852,0.340961965258741));
#4593=CARTESIAN_POINT('',(0.019,-0.00633362178463951,0.352601050608953));
#4594=CARTESIAN_POINT('',(0.030914951955712,-0.00629336944974522,0.350960609660613));
#4595=CARTESIAN_POINT('',(0.0610715663379973,-0.00621775708572223,0.34684245984016));
#4596=CARTESIAN_POINT('',(0.0912476283095672,-0.00633360351624545,0.34296801000051));
#4597=CARTESIAN_POINT('',(0.1095,-0.00640367469090408,0.340624500147042));
#4598=CARTESIAN_POINT('',(0.019,-0.00649430876274779,0.352345431224201));
#4599=CARTESIAN_POINT('',(0.030914951955712,-0.00644764627375799,0.350700960906274));
#4600=CARTESIAN_POINT('',(0.0610715663379973,-0.00635999269756221,0.34657524207993));
#4601=CARTESIAN_POINT('',(0.0912476283095672,-0.00649428758512571,0.342712388787041));
#4602=CARTESIAN_POINT('',(0.1095,-0.00657551754171326,0.340375893251148));
#4603=CARTESIAN_POINT('',(0.019,-0.00679843429849527,0.351802383090069));
#4604=CARTESIAN_POINT('',(0.030914951955712,-0.00673815383721928,0.350150286580681));
#4605=CARTESIAN_POINT('',(0.0610715663379973,-0.00662491945731451,0.34601024226573));
#4606=CARTESIAN_POINT('',(0.0912476283095672,-0.0067984069403998,0.342169337191787));
#4607=CARTESIAN_POINT('',(0.1095,-0.00690334303272007,0.339846117312954));
#4608=CARTESIAN_POINT('',(0.0189999999999999,-0.00694142727552928,0.351514667883427));
#4609=CARTESIAN_POINT('',(0.030914951955712,-0.00687393181288589,0.349858985725967));
#4610=CARTESIAN_POINT('',(0.0610715663379973,-0.00674714434814142,0.345712205917836));
#4611=CARTESIAN_POINT('',(0.0912476283095671,-0.00694139664292841,0.34188162035781));
#4612=CARTESIAN_POINT('',(0.1095,-0.00705889259351044,0.339564642367128));
#4613=CARTESIAN_POINT('',(0.019,-0.0072075554295769,0.350912481972433));
#4614=CARTESIAN_POINT('',(0.030914951955712,-0.00712495903539327,0.349250126498638));
#4615=CARTESIAN_POINT('',(0.0610715663379973,-0.00696980508866197,0.345090811138834));
#4616=CARTESIAN_POINT('',(0.0912476283095672,-0.00720751794346632,0.341279431418153));
#4617=CARTESIAN_POINT('',(0.1095,-0.0073513015619375,0.338974070321639));
#4618=CARTESIAN_POINT('',(0.019,-0.00733087921759135,0.350598064575701));
#4619=CARTESIAN_POINT('',(0.030914951955712,-0.00724039822992173,0.348932616703884));
#4620=CARTESIAN_POINT('',(0.0610715663379973,-0.00707043339695486,0.344767492400933));
#4621=CARTESIAN_POINT('',(0.0912476283095672,-0.00733083815308312,0.340965012617946));
#4622=CARTESIAN_POINT('',(0.1095,-0.00748834725428021,0.338665034761));
#4623=CARTESIAN_POINT('',(0.019,-0.00755864791144218,0.349947360442381));
#4624=CARTESIAN_POINT('',(0.030914951955712,-0.00745184933599839,0.348276201204025));
#4625=CARTESIAN_POINT('',(0.0610715663379973,-0.00725123258209333,0.344100348332732));
#4626=CARTESIAN_POINT('',(0.0912476283095672,-0.00755859944124868,0.34031430589254));
#4627=CARTESIAN_POINT('',(0.1095,-0.00774451416278888,0.338024270369707));
#4628=CARTESIAN_POINT('',(0.019,-0.0076632693034373,0.349611064121626));
#4629=CARTESIAN_POINT('',(0.030914951955712,-0.00754803749328266,0.347937281489075));
#4630=CARTESIAN_POINT('',(0.0610715663379973,-0.00733157925305084,0.343756500679135));
#4631=CARTESIAN_POINT('',(0.0912476283095671,-0.00766321700584708,0.339978008381166));
#4632=CARTESIAN_POINT('',(0.1095,-0.00786381228353174,0.337692539657085));
#4633=CARTESIAN_POINT('',(0.019,-0.00785321275839891,0.348920113380562));
#4634=CARTESIAN_POINT('',(0.030914951955712,-0.00772065412836289,0.347241567930858));
#4635=CARTESIAN_POINT('',(0.0610715663379973,-0.00747164816597599,0.343051840363782));
#4636=CARTESIAN_POINT('',(0.0912476283095671,-0.00785315259708665,0.339287055478513));
#4637=CARTESIAN_POINT('',(0.1095,-0.00808391036411203,0.337009877855893));
#4638=CARTESIAN_POINT('',(0.019,-0.00793824911969492,0.348565460756089));
#4639=CARTESIAN_POINT('',(0.030914951955712,-0.00779679694965765,0.346884783047865));
#4640=CARTESIAN_POINT('',(0.0610715663379973,-0.00753108483629113,0.34269105012041));
#4641=CARTESIAN_POINT('',(0.0912476283095672,-0.00793818492207783,0.338932401886321));
#4642=CARTESIAN_POINT('',(0.1095,-0.00818442454366882,0.336658936094569));
#4643=CARTESIAN_POINT('',(0.019,-0.00808978670704621,0.347840612411835));
#4644=CARTESIAN_POINT('',(0.030914951955712,-0.00793015769705877,0.346156134993049));
#4645=CARTESIAN_POINT('',(0.0610715663379973,-0.00763030113361973,0.341955264464781));
#4646=CARTESIAN_POINT('',(0.0912476283095672,-0.00808971425992817,0.33820755181758));
#4647=CARTESIAN_POINT('',(0.1095,-0.00836759608389663,0.335940700553486));
#4648=CARTESIAN_POINT('',(0.019,-0.00815648233267427,0.347470417676849));
#4649=CARTESIAN_POINT('',(0.030914951955712,-0.00798757004734088,0.34578426793113));
#4650=CARTESIAN_POINT('',(0.0610715663379973,-0.00767027523102467,0.341580256005148));
#4651=CARTESIAN_POINT('',(0.0912476283095672,-0.00815640567237126,0.337837356323615));
#4652=CARTESIAN_POINT('',(0.1095,-0.00845044780132273,0.335573416242509));
#4653=CARTESIAN_POINT('',(0.019,-0.00827060615834115,0.346717003467853));
#4654=CARTESIAN_POINT('',(0.030914951955712,-0.00808280071465425,0.345027992236937));
#4655=CARTESIAN_POINT('',(0.0610715663379973,-0.00773001587345572,0.340818605128102));
#4656=CARTESIAN_POINT('',(0.0912476283095672,-0.00827052092343837,0.337083940815943));
#4657=CARTESIAN_POINT('',(0.1095,-0.00859745222024357,0.334824982001874));
#4658=CARTESIAN_POINT('',(0.019,-0.00831799403770999,0.346333775869378));
#4659=CARTESIAN_POINT('',(0.030914951955712,-0.00812057850730031,0.344643576491309));
#4660=CARTESIAN_POINT('',(0.0610715663379973,-0.00774974151142594,0.340431957496666));
#4661=CARTESIAN_POINT('',(0.0912476283095671,-0.00831790444129994,0.336700712678231));
#4662=CARTESIAN_POINT('',(0.1095,-0.00866156495560284,0.334443822188072));
#4663=CARTESIAN_POINT('',(0.019,-0.0083931652418412,0.345557088461522));
#4664=CARTESIAN_POINT('',(0.030914951955712,-0.00817627295773365,0.343865004410556));
#4665=CARTESIAN_POINT('',(0.0610715663379973,-0.0077688496770026,0.339649845134994));
#4666=CARTESIAN_POINT('',(0.0912476283095672,-0.00839306680596849,0.335924024415022));
#4667=CARTESIAN_POINT('',(0.1095,-0.00877063240959678,0.333670414759231));
#4668=CARTESIAN_POINT('',(0.019,-0.00842094450443718,0.345163627179851));
#4669=CARTESIAN_POINT('',(0.030914951955712,-0.00819418551643638,0.343470846705008));
#4670=CARTESIAN_POINT('',(0.0610715663379973,-0.00776822803617523,0.339254379225687));
#4671=CARTESIAN_POINT('',(0.0912476283095672,-0.00842084159059231,0.335530562817281));
#4672=CARTESIAN_POINT('',(0.1095,-0.00881558313031534,0.333278165494622));
#4673=CARTESIAN_POINT('',(0.019,-0.00845345687793875,0.344367449001316));
#4674=CARTESIAN_POINT('',(0.030914951955712,-0.00820673239328293,0.342673853603385));
#4675=CARTESIAN_POINT('',(0.0610715663379973,-0.00774327054451882,0.338455855324391));
#4676=CARTESIAN_POINT('',(0.0912476283095672,-0.00845334490281678,0.334734384268896));
#4677=CARTESIAN_POINT('',(0.1095,-0.00888284233451316,0.332483405562526));
#4678=CARTESIAN_POINT('',(0.019,-0.00845826712972739,0.343964739957862));
#4679=CARTESIAN_POINT('',(0.030914951955712,-0.00820144404921037,0.342271024126283));
#4680=CARTESIAN_POINT('',(0.0610715663379973,-0.00771901240134309,0.338052799617609));
#4681=CARTESIAN_POINT('',(0.0912476283095672,-0.00845815057138983,0.334331675170783));
#4682=CARTESIAN_POINT('',(0.1095,-0.00890522761620071,0.332080906115039));
#4683=CARTESIAN_POINT('',(0.019,-0.00844656408095295,0.343151518434638));
#4684=CARTESIAN_POINT('',(0.030914951955712,-0.0081693481348074,0.341458096462722));
#4685=CARTESIAN_POINT('',(0.0610715663379973,-0.00764860932330784,0.337240423957399));
#4686=CARTESIAN_POINT('',(0.0912476283095672,-0.00844643826737825,0.333518453780927));
#4687=CARTESIAN_POINT('',(0.1095,-0.0089290151671168,0.331267173174939));
#4688=CARTESIAN_POINT('',(0.019,-0.00842996961477301,0.342740981762132));
#4689=CARTESIAN_POINT('',(0.030914951955712,-0.0081424587922259,0.3410479761189));
#4690=CARTESIAN_POINT('',(0.0610715663379973,-0.0076023814766597,0.336831085669974));
#4691=CARTESIAN_POINT('',(0.0912476283095672,-0.00842983912890142,0.33310791729737));
#4692=CARTESIAN_POINT('',(0.1095,-0.00893033732648062,0.33085591194734));
#4693=CARTESIAN_POINT('',(0.019,-0.00837269316959098,0.341912183721702));
#4694=CARTESIAN_POINT('',(0.030914951955712,-0.00806439889620585,0.340220614773626));
#4695=CARTESIAN_POINT('',(0.0610715663379973,-0.00748528071867361,0.336006423097765));
#4696=CARTESIAN_POINT('',(0.0912476283095672,-0.00837255325121638,0.33227911990898));
#4697=CARTESIAN_POINT('',(0.1095,-0.00890923123358334,0.330024613563231));
#4698=CARTESIAN_POINT('',(0.019,-0.00833208722392674,0.341493908336872));
#4699=CARTESIAN_POINT('',(0.030914951955712,-0.00801330402457196,0.339803357848614));
#4700=CARTESIAN_POINT('',(0.0610715663379973,-0.00741448282879965,0.335591079307847));
#4701=CARTESIAN_POINT('',(0.0912476283095672,-0.00833194254518648,0.331860844986374));
#4702=CARTESIAN_POINT('',(0.1095,-0.00888687962644873,0.329604565708048));
#4703=CARTESIAN_POINT('',(0.019,-0.00822975996559481,0.340648732460957));
#4704=CARTESIAN_POINT('',(0.030914951955712,-0.00788978263556654,0.338960748399094));
#4705=CARTESIAN_POINT('',(0.0610715663379973,-0.00725114913256179,0.334753290785294));
#4706=CARTESIAN_POINT('',(0.0912476283095672,-0.00822960566796581,0.331015670275224));
#4707=CARTESIAN_POINT('',(0.1095,-0.00882143744455592,0.328754923367563));
#4708=CARTESIAN_POINT('',(0.019,-0.00816802449658858,0.340221827060158));
#4709=CARTESIAN_POINT('',(0.030914951955712,-0.00781734183874399,0.338535391319867));
#4710=CARTESIAN_POINT('',(0.0610715663379973,-0.00715859881548512,0.334330842164786));
#4711=CARTESIAN_POINT('',(0.0912476283095672,-0.00816786534038064,0.330588765577126));
#4712=CARTESIAN_POINT('',(0.1095,-0.00877833292771725,0.328325323354732));
#4713=CARTESIAN_POINT('',(0.019,-0.00803183529562481,0.339360453004548));
#4714=CARTESIAN_POINT('',(0.030914951955712,-0.00765955232712006,0.337677432842419));
#4715=CARTESIAN_POINT('',(0.0610715663379973,-0.00696023400414417,0.333479299711153));
#4716=CARTESIAN_POINT('',(0.0912476283095672,-0.00803166633618462,0.329727393071665));
#4717=CARTESIAN_POINT('',(0.1095,-0.00867973569606247,0.327458005018437));
#4718=CARTESIAN_POINT('',(0.019,-0.00795765341306523,0.338925961042386));
#4719=CARTESIAN_POINT('',(0.030914951955712,-0.00757447487711719,0.337244801319786));
#4720=CARTESIAN_POINT('',(0.0610715663379973,-0.00685468967653225,0.333050162948047));
#4721=CARTESIAN_POINT('',(0.0912476283095672,-0.00795747950870645,0.329292901953858));
#4722=CARTESIAN_POINT('',(0.1095,-0.00862451584804846,0.327020275251656));
#4723=CARTESIAN_POINT('',(0.019,-0.00779637681503207,0.338051225828897));
#4724=CARTESIAN_POINT('',(0.030914951955712,-0.00739126292726988,0.336374110798672));
#4725=CARTESIAN_POINT('',(0.0610715663379973,-0.00663027306586963,0.332187070216058));
#4726=CARTESIAN_POINT('',(0.0912476283095672,-0.0077961929553837,0.328418168576039));
#4727=CARTESIAN_POINT('',(0.1095,-0.00850141430615931,0.326138500882384));
#4728=CARTESIAN_POINT('',(0.019,-0.00770906425111682,0.337611060145884));
#4729=CARTESIAN_POINT('',(0.030914951955712,-0.00729291252424074,0.335936134831379));
#4730=CARTESIAN_POINT('',(0.0610715663379973,-0.00651118853371983,0.331753207540144));
#4731=CARTESIAN_POINT('',(0.0912476283095672,-0.00770887538198031,0.327978003886822));
#4732=CARTESIAN_POINT('',(0.1095,-0.00843331137842639,0.325694524340933));
#4733=CARTESIAN_POINT('',(0.019,-0.00752359313962719,0.336725714864606));
#4734=CARTESIAN_POINT('',(0.030914951955712,-0.00708524000748096,0.335055440964855));
#4735=CARTESIAN_POINT('',(0.0610715663379973,-0.00626181158561422,0.330881251165905));
#4736=CARTESIAN_POINT('',(0.0912476283095672,-0.00752339419445355,0.327092660716573));
#4737=CARTESIAN_POINT('',(0.1095,-0.00828647834759507,0.324801083998273));
#4738=CARTESIAN_POINT('',(0.019,-0.00742553158736904,0.33628048120645));
#4739=CARTESIAN_POINT('',(0.030914951955712,-0.00697601353337954,0.334612666573442));
#4740=CARTESIAN_POINT('',(0.0610715663379973,-0.00613161226268505,0.330443096406437));
#4741=CARTESIAN_POINT('',(0.0912476283095672,-0.00742532757503117,0.326647428174548));
#4742=CARTESIAN_POINT('',(0.1095,-0.00820784759917457,0.324351570370197));
#4743=CARTESIAN_POINT('',(0.019,-0.00711840933272721,0.334938538479978));
#4744=CARTESIAN_POINT('',(0.030914951955712,-0.00663523999712732,0.33327842608177));
#4745=CARTESIAN_POINT('',(0.0610715663379973,-0.00572762617089669,0.329123324247673));
#4746=CARTESIAN_POINT('',(0.0912476283095672,-0.0071181900478623,0.32530548894371));
#4747=CARTESIAN_POINT('',(0.1095,-0.00795929014785475,0.322996223106225));
#4748=CARTESIAN_POINT('',(0.019,-0.00689643872427336,0.334035621259395));
#4749=CARTESIAN_POINT('',(0.030914951955712,-0.00639062735538154,0.332381075569387));
#4750=CARTESIAN_POINT('',(0.0610715663379973,-0.00544048139609612,0.32823643056886));
#4751=CARTESIAN_POINT('',(0.0912476283095672,-0.00689620916339371,0.32440257424956));
#4752=CARTESIAN_POINT('',(0.1095,-0.00777672446435753,0.322083617898877));
#4753=CARTESIAN_POINT('',(0.019,-0.0064329484103509,0.33222115949071));
#4754=CARTESIAN_POINT('',(0.030914951955712,-0.00588163663969491,0.330578237447057));
#4755=CARTESIAN_POINT('',(0.0610715663379973,-0.00484602003751585,0.326455426990581));
#4756=CARTESIAN_POINT('',(0.0912476283095672,-0.00643269819925876,0.322588117756231));
#4757=CARTESIAN_POINT('',(0.1095,-0.00739242049796392,0.320248926987941));
#4758=CARTESIAN_POINT('',(0.0189999999999999,-0.00619073007085789,0.331310090650579));
#4759=CARTESIAN_POINT('',(0.030914951955712,-0.00561657186122372,0.329673243064255));
#4760=CARTESIAN_POINT('',(0.0610715663379973,-0.00453803915827228,0.325561843227314));
#4761=CARTESIAN_POINT('',(0.0912476283095672,-0.00619046949098214,0.321677051672973));
#4762=CARTESIAN_POINT('',(0.1095,-0.00718996281962064,0.319327286502935));
#4763=CARTESIAN_POINT('',(0.019,-0.00569336358711654,0.329491298139247));
#4764=CARTESIAN_POINT('',(0.030914951955712,-0.00507359639129885,0.327866923702175));
#4765=CARTESIAN_POINT('',(0.0610715663379973,-0.00390938907406517,0.323778954165719));
#4766=CARTESIAN_POINT('',(0.0912476283095671,-0.0056930823077476,0.319858264822539));
#4767=CARTESIAN_POINT('',(0.1095,-0.00677197165764205,0.317486786422149));
#4768=CARTESIAN_POINT('',(0.019,-0.00543777323722705,0.328583786656792));
#4769=CARTESIAN_POINT('',(0.030914951955712,-0.00479524881539696,0.326965822000579));
#4770=CARTESIAN_POINT('',(0.0610715663379973,-0.00358829298029663,0.322889892975184));
#4771=CARTESIAN_POINT('',(0.0912476283095672,-0.00543748162956352,0.318950756249143));
#4772=CARTESIAN_POINT('',(0.1095,-0.0065559867076598,0.316568119716553));
#4773=CARTESIAN_POINT('',(0.019,-0.00491214640889328,0.326783367726846));
#4774=CARTESIAN_POINT('',(0.030914951955712,-0.00422447376217022,0.325178584885914));
#4775=CARTESIAN_POINT('',(0.0610715663379973,-0.00293270883401817,0.321127417361143));
#4776=CARTESIAN_POINT('',(0.0912476283095672,-0.00491183431085161,0.317150343301722));
#4777=CARTESIAN_POINT('',(0.1095,-0.0061089333179786,0.314744759894539));
#4778=CARTESIAN_POINT('',(0.019,-0.00464238452609691,0.325890232867507));
#4779=CARTESIAN_POINT('',(0.030914951955712,-0.00393231517763557,0.324292215175167));
#4780=CARTESIAN_POINT('',(0.0610715663379973,-0.00259847896171359,0.320253755705205));
#4781=CARTESIAN_POINT('',(0.0912476283095672,-0.00464206226338345,0.316257211512724));
#4782=CARTESIAN_POINT('',(0.1095,-0.00587814939886131,0.313839851349985));
#4783=CARTESIAN_POINT('',(0.019,-0.00409053421276934,0.324128396167899));
#4784=CARTESIAN_POINT('',(0.030914951955712,-0.0033362841649465,0.322544217869652));
#4785=CARTESIAN_POINT('',(0.0610715663379973,-0.00191945631309372,0.318531755135203));
#4786=CARTESIAN_POINT('',(0.0912476283095672,-0.0040901918987861,0.314495381094081));
#4787=CARTESIAN_POINT('',(0.1095,-0.00540318869701098,0.312053929345023));
#4788=CARTESIAN_POINT('',(0.019,-0.00380770675155716,0.323259560684088));
#4789=CARTESIAN_POINT('',(0.030914951955712,-0.00303166935513001,0.32168247516382));
#4790=CARTESIAN_POINT('',(0.0610715663379973,-0.00157391486043547,0.317683335922574));
#4791=CARTESIAN_POINT('',(0.0912476283095672,-0.00380735454945512,0.313626548829305));
#4792=CARTESIAN_POINT('',(0.1095,-0.00515827871545659,0.311172749988188));
#4793=CARTESIAN_POINT('',(0.019,-0.00323162845370861,0.321556009611917));
#4794=CARTESIAN_POINT('',(0.030914951955712,-0.00241287197768836,0.319993371014726));
#4795=CARTESIAN_POINT('',(0.0610715663379973,-0.000874871439990287,0.31602136972733));
#4796=CARTESIAN_POINT('',(0.0912476283095672,-0.00323125686368829,0.311923004313824));
#4797=CARTESIAN_POINT('',(0.1095,-0.00465654630800925,0.30944405630129));
#4798=CARTESIAN_POINT('',(0.019,-0.00293767889852466,0.320721336182454));
#4799=CARTESIAN_POINT('',(0.030914951955712,-0.00209799174905151,0.319166069251861));
#4800=CARTESIAN_POINT('',(0.0610715663379973,-0.000520673797729548,0.315207915338533));
#4801=CARTESIAN_POINT('',(0.0912476283095672,-0.00293729780918481,0.311088334229968));
#4802=CARTESIAN_POINT('',(0.1095,-0.0043990233230926,0.308596553636687));
#4803=CARTESIAN_POINT('',(0.019,-0.0023413194175902,0.319098295785098));
#4804=CARTESIAN_POINT('',(0.030914951955712,-0.00146093213614256,0.317557984323449));
#4805=CARTESIAN_POINT('',(0.0610715663379973,0.000192839347694261,0.313627923646571));
#4806=CARTESIAN_POINT('',(0.0912476283095672,-0.00234091985662502,0.309465300620104));
#4807=CARTESIAN_POINT('',(0.1095,-0.00387349606934828,0.306947485579898));
#4808=CARTESIAN_POINT('',(0.0189999999999999,-0.00203891621041241,0.31830993461404));
#4809=CARTESIAN_POINT('',(0.030914951955712,-0.00113875961580516,0.316777206786254));
#4810=CARTESIAN_POINT('',(0.0610715663379973,0.000552147713866045,0.312861391655273));
#4811=CARTESIAN_POINT('',(0.0912476283095672,-0.00203850767720738,0.308676942890855));
#4812=CARTESIAN_POINT('',(0.1095,-0.00360549826611343,0.306145926277762));
#4813=CARTESIAN_POINT('',(0.019,-0.0017326996652536,0.317552320313533));
#4814=CARTESIAN_POINT('',(0.030914951955712,-0.000813544787797935,0.316027271730739));
#4815=CARTESIAN_POINT('',(0.0610715663379973,0.000913050038817726,0.312125881747252));
#4816=CARTESIAN_POINT('',(0.0912476283095672,-0.00173228250973838,0.307919332075548));
#4817=CARTESIAN_POINT('',(0.1095,-0.00333234526698404,0.305374947449927));
#4818=CARTESIAN_POINT('',(0.1095,0.0111856133004903,0.284420524861145));
#4819=CARTESIAN_POINT('',(0.111634130239797,0.0111856133004903,0.284420524861145));
#4820=CARTESIAN_POINT('',(0.115703557975959,0.0124123924904201,0.288779722608814));
#4821=CARTESIAN_POINT('',(0.115703557975959,0.0137366357702363,0.289123198502041));
#4822=CARTESIAN_POINT('',(0.1095,0.011218546110109,0.284388791548157));
#4823=CARTESIAN_POINT('',(0.111632840955324,0.011218546110109,0.284388791548157));
#4824=CARTESIAN_POINT('',(0.115699520822228,0.0124314159282539,0.288737875879123));
#4825=CARTESIAN_POINT('',(0.115699520822228,0.0137480047336288,0.289079366391351));
#4826=CARTESIAN_POINT('',(0.1095,0.0112580721397281,0.284362841807425));
#4827=CARTESIAN_POINT('',(0.111628669160684,0.0112580721397281,0.284362841807425));
#4828=CARTESIAN_POINT('',(0.115687299541559,0.0124526122092393,0.288698622934711));
#4829=CARTESIAN_POINT('',(0.115687299541559,0.0137588803056652,0.289037436510776));
#4830=CARTESIAN_POINT('',(0.1095,0.0113449394691892,0.284327553860346));
#4831=CARTESIAN_POINT('',(0.111615471271997,0.0113449394691892,0.284327553860346));
#4832=CARTESIAN_POINT('',(0.115647016025106,0.012497312330639,0.288625856864111));
#4833=CARTESIAN_POINT('',(0.115647016025106,0.0137793819837976,0.288958393963608));
#4834=CARTESIAN_POINT('',(0.1095,0.0113922376679189,0.284318250543458));
#4835=CARTESIAN_POINT('',(0.11160644500942,0.0113922376679189,0.284318250543458));
#4836=CARTESIAN_POINT('',(0.115619976096775,0.012520184907707,0.288594778030351));
#4837=CARTESIAN_POINT('',(0.115619976096775,0.0137883767030641,0.288923715557415));
#4838=CARTESIAN_POINT('',(0.1095,0.0114397335507992,0.284318362034059));
#4839=CARTESIAN_POINT('',(0.111595446960001,0.0114397335507992,0.284318362034059));
#4840=CARTESIAN_POINT('',(0.11558636757295,0.0125426895588014,0.288568782108384));
#4841=CARTESIAN_POINT('',(0.11558636757295,0.0137961129527341,0.288893889078066));
#4842=CARTESIAN_POINT('',(0.1095,0.011439734006923,0.284318362035131));
#4843=CARTESIAN_POINT('',(0.111595446854381,0.011439734006923,0.284318362035131));
#4844=CARTESIAN_POINT('',(0.115586367250192,0.0125426897749234,0.288568781858734));
#4845=CARTESIAN_POINT('',(0.115586367250192,0.0137961130270285,0.288893888791629));
#4846=CARTESIAN_POINT('',(0.1095,0.0114872292959943,0.284318473705301));
#4847=CARTESIAN_POINT('',(0.111584448905193,0.0114872292959943,0.284318473705301));
#4848=CARTESIAN_POINT('',(0.115552759061606,0.0125651941255532,0.288542786402485));
#4849=CARTESIAN_POINT('',(0.115552759061606,0.0138038491445771,0.288864062821663));
#4850=CARTESIAN_POINT('',(0.1095,0.0115348590159024,0.284328007075336));
#4851=CARTESIAN_POINT('',(0.111571865040754,0.0115348590159024,0.284328007075336));
#4852=CARTESIAN_POINT('',(0.115514633226691,0.0125865687519607,0.28852399158297));
#4853=CARTESIAN_POINT('',(0.115514633226691,0.0138097641114465,0.28884125814954));
#4854=CARTESIAN_POINT('',(0.1095,0.0115788062902626,0.284346248880813));
#4855=CARTESIAN_POINT('',(0.111557938062624,0.0115788062902626,0.284346248880813));
#4856=CARTESIAN_POINT('',(0.115472149532188,0.0126056948093881,0.288511849958071));
#4857=CARTESIAN_POINT('',(0.115472149532188,0.0138139204438975,0.288825233748918));
#4858=CARTESIAN_POINT('',(0.1095,0.0115788064241006,0.284346248936367));
#4859=CARTESIAN_POINT('',(0.11155793802021,0.0115788064241006,0.284346248936367));
#4860=CARTESIAN_POINT('',(0.115472149402807,0.012605694867635,0.288511849921094));
#4861=CARTESIAN_POINT('',(0.115472149402807,0.0138139204565553,0.288825233700118));
#4862=CARTESIAN_POINT('',(0.1095,0.0116227535421927,0.284364490739331));
#4863=CARTESIAN_POINT('',(0.111544011081552,0.0116227535421927,0.284364490739331));
#4864=CARTESIAN_POINT('',(0.115429665811142,0.0126248208531193,0.288499708373696));
#4865=CARTESIAN_POINT('',(0.115429665811142,0.0138180767656368,0.288809209389595));
#4866=CARTESIAN_POINT('',(0.1095,0.0116629613101496,0.284391413334365));
#4867=CARTESIAN_POINT('',(0.111529601114468,0.0116629613101496,0.284391413334365));
#4868=CARTESIAN_POINT('',(0.115385596987167,0.0126413486002162,0.288495567765076));
#4869=CARTESIAN_POINT('',(0.115385596987167,0.0138201248626848,0.288801313118545));
#4870=CARTESIAN_POINT('',(0.1095,0.0116963744625093,0.284424672606415));
#4871=CARTESIAN_POINT('',(0.111514713625017,0.0116963744625093,0.284424672606415));
#4872=CARTESIAN_POINT('',(0.115340001430153,0.0126541695889082,0.288498841134303));
#4873=CARTESIAN_POINT('',(0.115340001430153,0.0138201375188594,0.288801264323696));
#4874=CARTESIAN_POINT('',(0.1095,0.0116963749865269,0.284424673128022));
#4875=CARTESIAN_POINT('',(0.111514713391537,0.0116963749865269,0.284424673128022));
#4876=CARTESIAN_POINT('',(0.115340000715077,0.0126541697899792,0.288498841185642));
#4877=CARTESIAN_POINT('',(0.115340000715077,0.0138201375190574,0.288801264322933));
#4878=CARTESIAN_POINT('',(0.1095,0.0117297875034821,0.284457932178497));
#4879=CARTESIAN_POINT('',(0.111499826107504,0.0117297875034821,0.284457932178497));
#4880=CARTESIAN_POINT('',(0.115294405686417,0.0126669904989967,0.288502114745695));
#4881=CARTESIAN_POINT('',(0.115294405686417,0.0138201501112272,0.28880121577485));
#4882=CARTESIAN_POINT('',(0.1095,0.0117563720067233,0.284497474203374));
#4883=CARTESIAN_POINT('',(0.111485489781278,0.0117563720067233,0.284497474203374));
#4884=CARTESIAN_POINT('',(0.115250373661768,0.0126759865308398,0.288513075325803));
#4885=CARTESIAN_POINT('',(0.115250373661768,0.0138180534733032,0.288809299191287));
#4886=CARTESIAN_POINT('',(0.1095,0.0117745178105681,0.284539939341134));
#4887=CARTESIAN_POINT('',(0.111471662827708,0.0117745178105681,0.284539939341134));
#4888=CARTESIAN_POINT('',(0.115207853129399,0.0126805280893866,0.288531258791435));
#4889=CARTESIAN_POINT('',(0.115207853129399,0.0138139207027601,0.288825232750895));
#4890=CARTESIAN_POINT('',(0.1095,0.0117745183232696,0.284539940540985));
#4891=CARTESIAN_POINT('',(0.111471662437029,0.0117745183232696,0.284539940540985));
#4892=CARTESIAN_POINT('',(0.115207851927986,0.0126805282177044,0.288531259305213));
#4893=CARTESIAN_POINT('',(0.115207851927986,0.0138139205859874,0.288825233201103));
#4894=CARTESIAN_POINT('',(0.1095,0.0117926634220665,0.284582405309999));
#4895=CARTESIAN_POINT('',(0.111457835742318,0.0117926634220665,0.284582405309999));
#4896=CARTESIAN_POINT('',(0.115165332015666,0.0126850694667986,0.288549442950237));
#4897=CARTESIAN_POINT('',(0.115165332015666,0.0138097877523412,0.288841167004));
#4898=CARTESIAN_POINT('',(0.1095,0.0118023694108497,0.284627731628096));
#4899=CARTESIAN_POINT('',(0.111445513993033,0.0118023694108497,0.284627731628096));
#4900=CARTESIAN_POINT('',(0.115127311117521,0.0126853570700474,0.288574028525953));
#4901=CARTESIAN_POINT('',(0.115127311117521,0.0138038309581983,0.288864132937762));
#4902=CARTESIAN_POINT('',(0.1095,0.0118037116785039,0.284672399703559));
#4903=CARTESIAN_POINT('',(0.111434621946131,0.0118037116785039,0.284672399703559));
#4904=CARTESIAN_POINT('',(0.115093634852705,0.0126812283866588,0.288604713361442));
#4905=CARTESIAN_POINT('',(0.115093634852705,0.0137961135082955,0.288893886936143));
#4906=CARTESIAN_POINT('',(0.1095,0.0118037117332634,0.284672401526315));
#4907=CARTESIAN_POINT('',(0.111434621501667,0.0118037117332634,0.284672401526315));
#4908=CARTESIAN_POINT('',(0.115093633478495,0.0126812282181736,0.288604714613598));
#4909=CARTESIAN_POINT('',(0.115093633478495,0.013796113193369,0.288893888150317));
#4910=CARTESIAN_POINT('',(0.1095,0.0118050533014266,0.284717068987234));
#4911=CARTESIAN_POINT('',(0.111423729776304,0.0118050533014266,0.284717068987234));
#4912=CARTESIAN_POINT('',(0.115059957991092,0.0126770992267236,0.288635399561795));
#4913=CARTESIAN_POINT('',(0.115059957991092,0.0137883956966567,0.288923642329169));
#4914=CARTESIAN_POINT('',(0.1095,0.0117980606769091,0.284761027966197));
#4915=CARTESIAN_POINT('',(0.111415102912337,0.0117980606769091,0.284761027966197));
#4916=CARTESIAN_POINT('',(0.115032959277253,0.0126689553952644,0.288670663119118));
#4917=CARTESIAN_POINT('',(0.115032959277253,0.013779312406261,0.288958662214122));
#4918=CARTESIAN_POINT('',(0.1095,0.0117842609159342,0.284801405387234));
#4919=CARTESIAN_POINT('',(0.111408632035664,0.0117842609159342,0.284801405387234));
#4920=CARTESIAN_POINT('',(0.115012844013754,0.0126573662211499,0.28870954722603));
#4921=CARTESIAN_POINT('',(0.115012844013754,0.0137691320532871,0.288997911734329));
#4922=CARTESIAN_POINT('',(0.1095,0.0117842601795297,0.28480140754185));
#4923=CARTESIAN_POINT('',(0.111408631690372,0.0117842601795297,0.28480140754185));
#4924=CARTESIAN_POINT('',(0.11501284294038,0.0126573656027165,0.288709549300981));
#4925=CARTESIAN_POINT('',(0.11501284294038,0.0137691315100383,0.28899791382878));
#4926=CARTESIAN_POINT('',(0.1095,0.0117773600224373,0.284821595807632));
#4927=CARTESIAN_POINT('',(0.111405396443614,0.0117773600224373,0.284821595807632));
#4928=CARTESIAN_POINT('',(0.115002785802317,0.0126515709004321,0.288728991302364));
#4929=CARTESIAN_POINT('',(0.115002785802317,0.0137640413389432,0.289017538568097));
#4930=CARTESIAN_POINT('',(0.1095,0.0117687792164853,0.284840900820277));
#4931=CARTESIAN_POINT('',(0.111402868600187,0.0117687792164853,0.284840900820277));
#4932=CARTESIAN_POINT('',(0.114994792882956,0.0126450040137143,0.288748915545772));
#4933=CARTESIAN_POINT('',(0.114994792882956,0.0137587852962159,0.289037802811955));
#4934=CARTESIAN_POINT('',(0.1095,0.0117587996207538,0.284859071221652));
#4935=CARTESIAN_POINT('',(0.111400979351631,0.0117587996207538,0.284859071221652));
#4936=CARTESIAN_POINT('',(0.114988631654075,0.0126377135489273,0.288769561379012));
#4937=CARTESIAN_POINT('',(0.114988631654075,0.0137533082781166,0.289058919008331));
#4938=CARTESIAN_POINT('',(0.1095,0.0117587991749108,0.284859072033415));
#4939=CARTESIAN_POINT('',(0.111400979267231,0.0117587991749108,0.284859072033415));
#4940=CARTESIAN_POINT('',(0.114988631378825,0.0126377132232231,0.28876956230137));
#4941=CARTESIAN_POINT('',(0.114988631378825,0.0137533080334294,0.289058919951702));
#4942=CARTESIAN_POINT('',(0.1095,0.0117538090049122,0.284868157747171));
#4943=CARTESIAN_POINT('',(0.111400034636764,0.0117538090049122,0.284868157747171));
#4944=CARTESIAN_POINT('',(0.114985550655066,0.0126340677323007,0.288779885890802));
#4945=CARTESIAN_POINT('',(0.114985550655066,0.013750569344573,0.28906947874312));
#4946=CARTESIAN_POINT('',(0.1095,0.0117484704166093,0.284876960006962));
#4947=CARTESIAN_POINT('',(0.111399383452913,0.0117484704166093,0.284876960006962));
#4948=CARTESIAN_POINT('',(0.114983433096414,0.0126307368461986,0.288788479923942));
#4949=CARTESIAN_POINT('',(0.114983433096414,0.0137482708131464,0.289078340543482));
#4950=CARTESIAN_POINT('',(0.1095,0.0117428215496227,0.284885455778892));
#4951=CARTESIAN_POINT('',(0.111398805239612,0.0117428215496227,0.284885455778892));
#4952=CARTESIAN_POINT('',(0.114981497578576,0.0126270508785363,0.288797979204463));
#4953=CARTESIAN_POINT('',(0.114981497578576,0.0137457299009761,0.289088136823024));
#4954=CARTESIAN_POINT('',(0.1095,0.0117428212972623,0.284885456158434));
#4955=CARTESIAN_POINT('',(0.111398805213781,0.0117428212972623,0.284885456158434));
#4956=CARTESIAN_POINT('',(0.114981497492108,0.0126270507138672,0.28879797962884));
#4957=CARTESIAN_POINT('',(0.114981497492108,0.0137457297874619,0.289088137260669));
#4958=CARTESIAN_POINT('',(0.1095,0.0117371721502119,0.284893952282485));
#4959=CARTESIAN_POINT('',(0.111398226979183,0.0117371721502119,0.284893952282485));
#4960=CARTESIAN_POINT('',(0.114979561904075,0.0126233645498196,0.288807479414597));
#4961=CARTESIAN_POINT('',(0.114979561904075,0.0137431887401273,0.289097934061327));
#4962=CARTESIAN_POINT('',(0.1095,0.0117312132483405,0.284902141129322));
#4963=CARTESIAN_POINT('',(0.111397699516081,0.0117312132483405,0.284902141129322));
#4964=CARTESIAN_POINT('',(0.114977781269238,0.0126193252819857,0.288817877204541));
#4965=CARTESIAN_POINT('',(0.114977781269238,0.0137404071969987,0.289108658073894));
#4966=CARTESIAN_POINT('',(0.1095,0.0115314801464531,0.285154279066435));
#4967=CARTESIAN_POINT('',(0.111384985969442,0.0115314801464531,0.285154279066435));
#4968=CARTESIAN_POINT('',(0.11493483592454,0.0124548601384873,0.289272852662813));
#4969=CARTESIAN_POINT('',(0.11493483592454,0.01361946950567,0.289574923474687));
#4970=CARTESIAN_POINT('',(0.1095,0.0113410314478958,0.285401420479072));
#4971=CARTESIAN_POINT('',(0.111371843659671,0.0113410314478958,0.285401420479072));
#4972=CARTESIAN_POINT('',(0.114886678935895,0.0122754060360987,0.289791483601747));
#4973=CARTESIAN_POINT('',(0.114886678935895,0.013482117079763,0.290104474545259));
#4974=CARTESIAN_POINT('',(0.1095,0.0109967370017168,0.285859573201719));
#4975=CARTESIAN_POINT('',(0.111347963558523,0.0109967370017168,0.285859573201719));
#4976=CARTESIAN_POINT('',(0.114791648297021,0.0119213629396616,0.290838075236569));
#4977=CARTESIAN_POINT('',(0.114791648297021,0.0132054515297605,0.291171135998281));
#4978=CARTESIAN_POINT('',(0.1095,0.0108419558883007,0.286069973419794));
#4979=CARTESIAN_POINT('',(0.11133718070871,0.0108419558883007,0.286069973419794));
#4980=CARTESIAN_POINT('',(0.114745832154008,0.011750675830494,0.291350982421657));
#4981=CARTESIAN_POINT('',(0.114745832154008,0.0130700427480259,0.29169319350734));
#4982=CARTESIAN_POINT('',(0.1095,0.0106600137331849,0.286322305979367));
#4983=CARTESIAN_POINT('',(0.111325130261672,0.0106600137331849,0.286322305979367));
#4984=CARTESIAN_POINT('',(0.114690185262196,0.0115411271365366,0.291985557817785));
#4985=CARTESIAN_POINT('',(0.114690185262196,0.0129026158494155,0.29233869425344));
#4986=CARTESIAN_POINT('',(0.1095,0.0106306662777637,0.286363166250613));
#4987=CARTESIAN_POINT('',(0.11132320685285,0.0106306662777637,0.286363166250613));
#4988=CARTESIAN_POINT('',(0.114681152619905,0.0115070463934444,0.292088919168458));
#4989=CARTESIAN_POINT('',(0.114681152619905,0.0128753481268539,0.292443822732818));
#4990=CARTESIAN_POINT('',(0.1095,0.0104205097180699,0.28665689423082));
#4991=CARTESIAN_POINT('',(0.111309591619854,0.0104205097180699,0.28665689423082));
#4992=CARTESIAN_POINT('',(0.11461614584021,0.0112612089556631,0.292835471438365));
#4993=CARTESIAN_POINT('',(0.11461614584021,0.0126784205325066,0.29320306100417));
#4994=CARTESIAN_POINT('',(0.1095,0.0102428599590167,0.286911209465193));
#4995=CARTESIAN_POINT('',(0.111298927096736,0.0102428599590167,0.286911209465193));
#4996=CARTESIAN_POINT('',(0.114559467593857,0.0110438662693009,0.293500619254087));
#4997=CARTESIAN_POINT('',(0.114559467593857,0.0125030724618827,0.293879101182626));
#4998=CARTESIAN_POINT('',(0.1095,0.00995053133902819,0.287339183574868));
#4999=CARTESIAN_POINT('',(0.11128347532407,0.00995053133902819,0.287339183574868));
#5000=CARTESIAN_POINT('',(0.114467478086007,0.0106835846166071,0.294603779596529));
#5001=CARTESIAN_POINT('',(0.114467478086007,0.0122122660241854,0.295000281674304));
#5002=CARTESIAN_POINT('',(0.1095,0.00983407986827615,0.287512317338208));
#5003=CARTESIAN_POINT('',(0.111277902875363,0.00983407986827615,0.287512317338208));
#5004=CARTESIAN_POINT('',(0.114431185808358,0.0105393246885015,0.295045650334925));
#5005=CARTESIAN_POINT('',(0.114431185808358,0.0120957867465115,0.295449358025044));
#5006=CARTESIAN_POINT('',(0.1095,0.00966414327303112,0.287768698957445));
#5007=CARTESIAN_POINT('',(0.111270824341373,0.00966414327303112,0.287768698957445));
#5008=CARTESIAN_POINT('',(0.114379785701719,0.0103316479658611,0.2956797318612));
#5009=CARTESIAN_POINT('',(0.114379785701719,0.0119285978702458,0.296093941095416));
#5010=CARTESIAN_POINT('',(0.1095,0.00960950529531917,0.287851715236674));
#5011=CARTESIAN_POINT('',(0.111268697732028,0.00960950529531917,0.287851715236674));
#5012=CARTESIAN_POINT('',(0.114363504214269,0.0102653176368222,0.295881917830125));
#5013=CARTESIAN_POINT('',(0.114363504214269,0.0118752803936695,0.296299502275821));
#5014=CARTESIAN_POINT('',(0.1095,0.009455253004644,0.288087705876891));
#5015=CARTESIAN_POINT('',(0.111263041281991,0.009455253004644,0.288087705876891));
#5016=CARTESIAN_POINT('',(0.114318455369469,0.010080088225773,0.296444876043639));
#5017=CARTESIAN_POINT('',(0.114318455369469,0.011726791261836,0.296871990007373));
#5018=CARTESIAN_POINT('',(0.1095,0.00935645088242582,0.288240800873422));
#5019=CARTESIAN_POINT('',(0.111259835187573,0.00935645088242582,0.288240800873422));
#5020=CARTESIAN_POINT('',(0.114289833593081,0.00996109489708324,0.296806799710142));
#5021=CARTESIAN_POINT('',(0.114289833593081,0.0116313338408093,0.297240018305125));
#5022=CARTESIAN_POINT('',(0.1095,0.00910807556349792,0.288630394043891));
#5023=CARTESIAN_POINT('',(0.111252405201513,0.00910807556349792,0.288630394043891));
#5024=CARTESIAN_POINT('',(0.114218223866569,0.00966009405200134,0.297723431308054));
#5025=CARTESIAN_POINT('',(0.114218223866569,0.0113895954088351,0.298172021104529));
#5026=CARTESIAN_POINT('',(0.1095,0.00896007762453448,0.288867022288675));
#5027=CARTESIAN_POINT('',(0.11124876184337,0.00896007762453448,0.288867022288675));
#5028=CARTESIAN_POINT('',(0.11417587780723,0.00947896923779228,0.298276064885216));
#5029=CARTESIAN_POINT('',(0.11417587780723,0.0112438741599394,0.298733837489264));
#5030=CARTESIAN_POINT('',(0.1095,0.00869263039542277,0.289302360609958));
#5031=CARTESIAN_POINT('',(0.111243227983481,0.00869263039542277,0.289302360609958));
#5032=CARTESIAN_POINT('',(0.114099274238073,0.00914577039927821,0.299295755693775));
#5033=CARTESIAN_POINT('',(0.114099274238073,0.0109750601119117,0.299770228117079));
#5034=CARTESIAN_POINT('',(0.1095,0.00857239668469432,0.289501090735279));
#5035=CARTESIAN_POINT('',(0.111241149548736,0.00857239668469432,0.289501090735279));
#5036=CARTESIAN_POINT('',(0.114064805056009,0.00899370085836286,0.299762390105915));
#5037=CARTESIAN_POINT('',(0.114064805056009,0.0108520703512738,0.300244405103652));
#5038=CARTESIAN_POINT('',(0.1095,0.00829064297872635,0.289973568564041));
#5039=CARTESIAN_POINT('',(0.111237417707714,0.00829064297872635,0.289973568564041));
#5040=CARTESIAN_POINT('',(0.113983428318657,0.00863001269026096,0.300882661811727));
#5041=CARTESIAN_POINT('',(0.113983428318657,0.0105568906859739,0.301382446217511));
#5042=CARTESIAN_POINT('',(0.1095,0.00813080376913904,0.290247135705657));
#5043=CARTESIAN_POINT('',(0.111236226218001,0.00813080376913904,0.290247135705657));
#5044=CARTESIAN_POINT('',(0.113938029124258,0.00842218868871717,0.301522772669704));
#5045=CARTESIAN_POINT('',(0.113938029124258,0.0103882272443337,0.302032714354364));
#5046=CARTESIAN_POINT('',(0.1095,0.00796288126000848,0.290540176153507));
#5047=CARTESIAN_POINT('',(0.111236166474869,0.00796288126000848,0.290540176153507));
#5048=CARTESIAN_POINT('',(0.113890357788629,0.00819911136475687,0.302211993164456));
#5049=CARTESIAN_POINT('',(0.113890357788629,0.0102066674157802,0.302732703458658));
#5050=CARTESIAN_POINT('',(0.1095,0.00795132177366635,0.290560377973409));
#5051=CARTESIAN_POINT('',(0.111236166559641,0.00795132177366635,0.290560377973409));
#5052=CARTESIAN_POINT('',(0.113887076302872,0.0081837301484477,0.302259525207394));
#5053=CARTESIAN_POINT('',(0.113887076302872,0.0101941463627159,0.30278097735707));
#5054=CARTESIAN_POINT('',(0.1095,0.00777241475075849,0.290873497607041));
#5055=CARTESIAN_POINT('',(0.111236234453944,0.00777241475075849,0.290873497607041));
#5056=CARTESIAN_POINT('',(0.11383628564148,0.00794526810371439,0.302996606922878));
#5057=CARTESIAN_POINT('',(0.11383628564148,0.00999998526157915,0.303529549639586));
#5058=CARTESIAN_POINT('',(0.1095,0.00760910807514979,0.291165553564753));
#5059=CARTESIAN_POINT('',(0.111237201278651,0.00760910807514979,0.291165553564753));
#5060=CARTESIAN_POINT('',(0.11378987519485,0.00772204204986547,0.303688910360874));
#5061=CARTESIAN_POINT('',(0.11378987519485,0.00981766682387597,0.304232463499556));
#5062=CARTESIAN_POINT('',(0.1095,0.00736403613967405,0.291612408678548));
#5063=CARTESIAN_POINT('',(0.111240499430376,0.00736403613967405,0.291612408678548));
#5064=CARTESIAN_POINT('',(0.113719167465641,0.00737348479481664,0.304777077868784));
#5065=CARTESIAN_POINT('',(0.113719167465641,0.00953124307323628,0.305336746898897));
#5066=CARTESIAN_POINT('',(0.1095,0.00727952946322887,0.291768109069684));
#5067=CARTESIAN_POINT('',(0.111241991055755,0.00727952946322887,0.291768109069684));
#5068=CARTESIAN_POINT('',(0.113695035986118,0.00725254755380069,0.305154611252499));
#5069=CARTESIAN_POINT('',(0.113695035986118,0.00943186955789892,0.305719873378723));
#5070=CARTESIAN_POINT('',(0.1095,0.00698304093477162,0.292319854219541));
#5071=CARTESIAN_POINT('',(0.111248650066532,0.00698304093477162,0.292319854219541));
#5072=CARTESIAN_POINT('',(0.113611179939906,0.00682500882919869,0.306489528031408));
#5073=CARTESIAN_POINT('',(0.113611179939906,0.00908050084731152,0.307074546771843));
#5074=CARTESIAN_POINT('',(0.1095,0.00677694267947888,0.292713564656092));
#5075=CARTESIAN_POINT('',(0.111256174972641,0.00677694267947888,0.292713564656092));
#5076=CARTESIAN_POINT('',(0.113554391076561,0.00652180259285292,0.30743671067749));
#5077=CARTESIAN_POINT('',(0.113554391076561,0.00883119871351947,0.308035710806432));
#5078=CARTESIAN_POINT('',(0.1095,0.00654321152896579,0.29317053469009));
#5079=CARTESIAN_POINT('',(0.11126788569766,0.00654321152896579,0.29317053469009));
#5080=CARTESIAN_POINT('',(0.113491297267352,0.00616766577058967,0.308545405259534));
#5081=CARTESIAN_POINT('',(0.113491297267352,0.00853943465237537,0.309160583337171));
#5082=CARTESIAN_POINT('',(0.1095,0.00650915454174199,0.293237394293439));
#5083=CARTESIAN_POINT('',(0.111269674699375,0.00650915454174199,0.293237394293439));
#5084=CARTESIAN_POINT('',(0.113482137543538,0.00611579602094035,0.308707854652099));
#5085=CARTESIAN_POINT('',(0.113482137543538,0.00849668569910919,0.309325398438312));
#5086=CARTESIAN_POINT('',(0.1095,0.00624421243911413,0.293759603153892));
#5087=CARTESIAN_POINT('',(0.111284230303835,0.00624421243911413,0.293759603153892));
#5088=CARTESIAN_POINT('',(0.113411152943738,0.00571010961011228,0.309978932727013));
#5089=CARTESIAN_POINT('',(0.113411152943738,0.00816220888130111,0.310614946517146));
#5090=CARTESIAN_POINT('',(0.1095,0.00602211822345655,0.294209824455785));
#5091=CARTESIAN_POINT('',(0.111300360690457,0.00602211822345655,0.294209824455785));
#5092=CARTESIAN_POINT('',(0.113353278396957,0.00535716586341517,0.311088312308476));
#5093=CARTESIAN_POINT('',(0.113353278396957,0.00787035355308198,0.311740170920645));
#5094=CARTESIAN_POINT('',(0.1095,0.00579926825196827,0.294671775864546));
#5095=CARTESIAN_POINT('',(0.111319765728199,0.00579926825196827,0.294671775864546));
#5096=CARTESIAN_POINT('',(0.113297273661757,0.00498708086786711,0.312258628886198));
#5097=CARTESIAN_POINT('',(0.113297273661757,0.00756260848228038,0.31292665693012));
#5098=CARTESIAN_POINT('',(0.1095,0.00579047197611233,0.294690027108413));
#5099=CARTESIAN_POINT('',(0.111320537962914,0.00579047197611233,0.294690027108413));
#5100=CARTESIAN_POINT('',(0.113295066547008,0.00497244605592008,0.31230491982934));
#5101=CARTESIAN_POINT('',(0.113295066547008,0.00755043609763639,0.312973586565887));
#5102=CARTESIAN_POINT('',(0.1095,0.00557709337179849,0.295133176285397));
#5103=CARTESIAN_POINT('',(0.111339422378878,0.00557709337179849,0.295133176285397));
#5104=CARTESIAN_POINT('',(0.113241612107906,0.00461677917818097,0.313430201588409));
#5105=CARTESIAN_POINT('',(0.113241612107906,0.00725454448185598,0.31411437254673));
#5106=CARTESIAN_POINT('',(0.1095,0.00537999588797508,0.295551928838428));
#5107=CARTESIAN_POINT('',(0.111360270391036,0.00537999588797508,0.295551928838428));
#5108=CARTESIAN_POINT('',(0.113195087653272,0.00427826331255824,0.314504101760435));
#5109=CARTESIAN_POINT('',(0.113195087653272,0.00697222101546505,0.31520284763472));
#5110=CARTESIAN_POINT('',(0.1095,0.00516121715918921,0.296024282662923));
#5111=CARTESIAN_POINT('',(0.11138670359735,0.00516121715918921,0.296024282662923));
#5112=CARTESIAN_POINT('',(0.113147786023651,0.00389161999114725,0.315735342603546));
#5113=CARTESIAN_POINT('',(0.113147786023651,0.00664862604044583,0.316450441656605));
#5114=CARTESIAN_POINT('',(0.1095,0.0051330849957702,0.296085170977957));
#5115=CARTESIAN_POINT('',(0.111390165196845,0.0051330849957702,0.296085170977957));
#5116=CARTESIAN_POINT('',(0.11314178979745,0.00384168740655027,0.315894443081213));
#5117=CARTESIAN_POINT('',(0.11314178979745,0.00660681306790278,0.316611648160442));
#5118=CARTESIAN_POINT('',(0.1095,0.00493642771101752,0.296511791467541));
#5119=CARTESIAN_POINT('',(0.111414787381127,0.00493642771101752,0.296511791467541));
#5120=CARTESIAN_POINT('',(0.11310050017641,0.00349113672889996,0.317012087800324));
#5121=CARTESIAN_POINT('',(0.11310050017641,0.00631309994667266,0.317744035133304));
#5122=CARTESIAN_POINT('',(0.1095,0.00477289009546644,0.29687166890441));
#5123=CARTESIAN_POINT('',(0.111437460032479,0.00477289009546644,0.29687166890441));
#5124=CARTESIAN_POINT('',(0.113069424952622,0.00319190880592822,0.317969639496725));
#5125=CARTESIAN_POINT('',(0.113069424952622,0.00606152864089723,0.318713947775317));
#5126=CARTESIAN_POINT('',(0.1095,0.00456845407235401,0.297324231708239));
#5127=CARTESIAN_POINT('',(0.111467934750068,0.00456845407235401,0.297324231708239));
#5128=CARTESIAN_POINT('',(0.11303611271228,0.00280954585267703,0.319198459675305));
#5129=CARTESIAN_POINT('',(0.11303611271228,0.00573879176139639,0.319958233479949));
#5130=CARTESIAN_POINT('',(0.1095,0.00452359542409336,0.29742370903826));
#5131=CARTESIAN_POINT('',(0.111474759166236,0.00452359542409336,0.29742370903826));
#5132=CARTESIAN_POINT('',(0.113029159968676,0.00272511960679721,0.319470147915148));
#5133=CARTESIAN_POINT('',(0.113029159968676,0.0056674427843068,0.320233313639272));
#5134=CARTESIAN_POINT('',(0.1095,0.00434071589345175,0.297829674676142));
#5135=CARTESIAN_POINT('',(0.111503091863672,0.00434071589345175,0.297829674676142));
#5136=CARTESIAN_POINT('',(0.113002378237938,0.00237890273500177,0.320585846866073));
#5137=CARTESIAN_POINT('',(0.113002378237938,0.00537447571508242,0.321362824269502));
#5138=CARTESIAN_POINT('',(0.1095,0.00420576724798676,0.298130851942343));
#5139=CARTESIAN_POINT('',(0.111525244412035,0.00420576724798676,0.298130851942343));
#5140=CARTESIAN_POINT('',(0.112986192279257,0.00211690911602785,0.321434599217058));
#5141=CARTESIAN_POINT('',(0.112986192279257,0.00515169248765575,0.322221746824456));
#5142=CARTESIAN_POINT('',(0.1095,0.00405398170355064,0.298467859139899));
#5143=CARTESIAN_POINT('',(0.111551068099902,0.00405398170355064,0.298467859139899));
#5144=CARTESIAN_POINT('',(0.112973342583796,0.00181784980574178,0.322408282214188));
#5145=CARTESIAN_POINT('',(0.112973342583796,0.00489621149205214,0.323206732956584));
#5146=CARTESIAN_POINT('',(0.1095,0.00403469880176064,0.298510639587056));
#5147=CARTESIAN_POINT('',(0.111554367909008,0.00403469880176064,0.298510639587056));
#5148=CARTESIAN_POINT('',(0.112971811636513,0.00177976950090346,0.322532338806722));
#5149=CARTESIAN_POINT('',(0.112971811636513,0.00486366218527091,0.323332224152961));
#5150=CARTESIAN_POINT('',(0.1095,0.00386449506856932,0.298887867498274));
#5151=CARTESIAN_POINT('',(0.111583658790832,0.00386449506856932,0.298887867498274));
#5152=CARTESIAN_POINT('',(0.112959225785125,0.00144292695577026,0.32363026424425));
#5153=CARTESIAN_POINT('',(0.112959225785125,0.00457560544285584,0.324442803418845));
#5154=CARTESIAN_POINT('',(0.1095,0.00371575107814345,0.299212144727907));
#5155=CARTESIAN_POINT('',(0.111610253658253,0.00371575107814345,0.299212144727907));
#5156=CARTESIAN_POINT('',(0.112954765331196,0.00114527059734652,0.32460445142569));
#5157=CARTESIAN_POINT('',(0.112954765331196,0.00432009035238057,0.325427921000968));
#5158=CARTESIAN_POINT('',(0.1095,0.00356121857398644,0.29953220133482));
#5159=CARTESIAN_POINT('',(0.111638105546903,0.00356121857398643,0.29953220133482));
#5160=CARTESIAN_POINT('',(0.112958581115879,0.000841642643699939,0.32559755987722));
#5161=CARTESIAN_POINT('',(0.112958581115879,0.00405960049140902,0.326432218404815));
#5162=CARTESIAN_POINT('',(0.1095,0.00355728885525242,0.299540328912597));
#5163=CARTESIAN_POINT('',(0.111638813905382,0.00355728885525242,0.299540328912597));
#5164=CARTESIAN_POINT('',(0.112958683674203,0.000833924163824153,0.325622806029215));
#5165=CARTESIAN_POINT('',(0.112958683674203,0.00405297849844743,0.326457748958345));
#5166=CARTESIAN_POINT('',(0.1095,0.00344482884254583,0.299772599040615));
#5167=CARTESIAN_POINT('',(0.111659088298604,0.00344482884254583,0.299772599040615));
#5168=CARTESIAN_POINT('',(0.112961777805714,0.000613113389145695,0.326345061943319));
#5169=CARTESIAN_POINT('',(0.112961777805714,0.00386353309030077,0.327188140271323));
#5170=CARTESIAN_POINT('',(0.1095,0.00333512663772085,0.29999055838844));
#5171=CARTESIAN_POINT('',(0.111678820275992,0.00333512663772085,0.29999055838844));
#5172=CARTESIAN_POINT('',(0.112969034010646,0.000399652046438633,0.327043353034985));
#5173=CARTESIAN_POINT('',(0.112969034010646,0.00368037501642723,0.327894291280036));
#5174=CARTESIAN_POINT('',(0.1095,0.00315813512854141,0.300330536948323));
#5175=CARTESIAN_POINT('',(0.111710903891073,0.00315813512854141,0.300330536948323));
#5176=CARTESIAN_POINT('',(0.112988867176209,5.77920928029104E-5,0.328164899383935));
#5177=CARTESIAN_POINT('',(0.112988867176209,0.00338626151755304,0.329028221876236));
#5178=CARTESIAN_POINT('',(0.1095,0.00309153670522603,0.300456327436931));
#5179=CARTESIAN_POINT('',(0.111723066676281,0.00309153670522603,0.300456327436931));
#5180=CARTESIAN_POINT('',(0.112998175344045,-7.06432686716722E-5,0.328586990550813));
#5181=CARTESIAN_POINT('',(0.112998175344045,0.00327558667970432,0.329454919682854));
#5182=CARTESIAN_POINT('',(0.1095,0.00297716802249817,0.300669463373406));
#5183=CARTESIAN_POINT('',(0.111744238478681,0.00297716802249817,0.300669463373406));
#5184=CARTESIAN_POINT('',(0.113017820365474,-0.000291430557440716,0.329314507621493));
#5185=CARTESIAN_POINT('',(0.113017820365474,0.00308486415649641,0.330190234808742));
#5186=CARTESIAN_POINT('',(0.1095,0.00292931949249343,0.300757759432316));
#5187=CARTESIAN_POINT('',(0.111753183395534,0.00292931949249343,0.300757759432316));
#5188=CARTESIAN_POINT('',(0.113027148818836,-0.000383854030434602,0.329619691650408));
#5189=CARTESIAN_POINT('',(0.113027148818836,0.00300487074304563,0.330498642887098));
#5190=CARTESIAN_POINT('',(0.1095,0.00278125621671053,0.301028787982118));
#5191=CARTESIAN_POINT('',(0.111781286828062,0.00278125621671053,0.301028787982118));
#5192=CARTESIAN_POINT('',(0.113059814725905,-0.00067051167132961,0.330568286725007));
#5193=CARTESIAN_POINT('',(0.113059814725905,0.00275626849054667,0.331457108586468));
#5194=CARTESIAN_POINT('',(0.1095,0.00268152471518296,0.301207751033559));
#5195=CARTESIAN_POINT('',(0.111800797980318,0.00268152471518296,0.301207751033559));
#5196=CARTESIAN_POINT('',(0.113087053815005,-0.000863139665784433,0.33120803057399));
#5197=CARTESIAN_POINT('',(0.113087053815005,0.00258865211884099,0.332103339830627));
#5198=CARTESIAN_POINT('',(0.1095,0.00255548452288326,0.301428753555828));
#5199=CARTESIAN_POINT('',(0.111826656228173,0.00255548452288326,0.301428753555828));
#5200=CARTESIAN_POINT('',(0.113129941238285,-0.00110783131899691,0.332024603819311));
#5201=CARTESIAN_POINT('',(0.113129941238285,0.00237477986246257,0.33292790686381));
#5202=CARTESIAN_POINT('',(0.1095,0.002528254907751,0.301476178406386));
#5203=CARTESIAN_POINT('',(0.111832314415483,0.002528254907751,0.301476178406386));
#5204=CARTESIAN_POINT('',(0.113139716763939,-0.00116076276595804,0.332201480260021));
#5205=CARTESIAN_POINT('',(0.113139716763939,0.00232845784394385,0.333106497626482));
#5206=CARTESIAN_POINT('',(0.1095,0.00243006873988742,0.301645978044462));
#5207=CARTESIAN_POINT('',(0.111853006238585,0.00243006873988742,0.301645978044462));
#5208=CARTESIAN_POINT('',(0.113176967852629,-0.00135194456032158,0.332841219116975));
#5209=CARTESIAN_POINT('',(0.113176967852629,0.00216093384637222,0.333752372729704));
#5210=CARTESIAN_POINT('',(0.1095,0.00235958454484961,0.301765577767294));
#5211=CARTESIAN_POINT('',(0.111868402350498,0.00235958454484961,0.301765577767294));
#5212=CARTESIAN_POINT('',(0.113207510115786,-0.00148976796700421,0.333304167227783));
#5213=CARTESIAN_POINT('',(0.113207510115786,0.00203973795347569,0.334219633605574));
#5214=CARTESIAN_POINT('',(0.1095,0.00227513857988628,0.301905786182316));
#5215=CARTESIAN_POINT('',(0.111887855227679,0.00227513857988628,0.301905786182316));
#5216=CARTESIAN_POINT('',(0.113249664285906,-0.0016560935677197,0.33386490365738));
#5217=CARTESIAN_POINT('',(0.113249664285906,0.00189298036994072,0.33478544549395));
#5218=CARTESIAN_POINT('',(0.1095,0.00226049937257492,0.301929983219345));
#5219=CARTESIAN_POINT('',(0.111891265240133,0.00226049937257492,0.301929983219345));
#5220=CARTESIAN_POINT('',(0.113257158639699,-0.00168491353390944,0.333962109642294));
#5221=CARTESIAN_POINT('',(0.113257158639699,0.00186754017060805,0.334883528106638));
#5222=CARTESIAN_POINT('',(0.1095,0.00219131844787276,0.302043796198377));
#5223=CARTESIAN_POINT('',(0.111907572241998,0.00219131844787276,0.302043796198377));
#5224=CARTESIAN_POINT('',(0.113293538655719,-0.00182114886544492,0.334421863244161));
#5225=CARTESIAN_POINT('',(0.113293538655719,0.00174722072902686,0.335347409895978));
#5226=CARTESIAN_POINT('',(0.1095,0.00213723945955602,0.302131181056122));
#5227=CARTESIAN_POINT('',(0.111920857897446,0.00213723945955602,0.302131181056122));
#5228=CARTESIAN_POINT('',(0.113324825430385,-0.00192773822814544,0.334782397045444));
#5229=CARTESIAN_POINT('',(0.113324825430385,0.00165288296236401,0.33571112145769));
#5230=CARTESIAN_POINT('',(0.1095,0.00205487066015146,0.302261499533289));
#5231=CARTESIAN_POINT('',(0.111942350108705,0.00205487066015146,0.302261499533289));
#5232=CARTESIAN_POINT('',(0.113378227290816,-0.00209200013832134,0.335339917540573));
#5233=CARTESIAN_POINT('',(0.113378227290816,0.00150703701741891,0.336273418597869));
#5234=CARTESIAN_POINT('',(0.1095,0.00202614487239444,0.302306358818591));
#5235=CARTESIAN_POINT('',(0.111950081302895,0.00202614487239444,0.302306358818591));
#5236=CARTESIAN_POINT('',(0.113397937875644,-0.00214961924828085,0.335535845124192));
#5237=CARTESIAN_POINT('',(0.113397937875644,0.00145578959840975,0.336470998840236));
#5238=CARTESIAN_POINT('',(0.1095,0.00195897420980622,0.3024093706242));
#5239=CARTESIAN_POINT('',(0.111968783169766,0.00195897420980622,0.3024093706242));
#5240=CARTESIAN_POINT('',(0.113446961751803,-0.00228511321800891,0.335997485429609));
#5241=CARTESIAN_POINT('',(0.113446961751803,0.00133505837125152,0.336936468235267));
#5242=CARTESIAN_POINT('',(0.1095,0.00192062247395975,0.302466722531449));
#5243=CARTESIAN_POINT('',(0.111979991826309,0.00192062247395975,0.302466722531449));
#5244=CARTESIAN_POINT('',(0.113477231126103,-0.00236311982064208,0.336263763956218));
#5245=CARTESIAN_POINT('',(0.113477231126103,0.00126542875368848,0.33720491954423));
#5246=CARTESIAN_POINT('',(0.1095,0.00183968818132288,0.3025835608503));
#5247=CARTESIAN_POINT('',(0.112004950915406,0.00183968818132288,0.3025835608503));
#5248=CARTESIAN_POINT('',(0.113546749093773,-0.0025291349128801,0.336831321883843));
#5249=CARTESIAN_POINT('',(0.113546749093773,0.00111703294465829,0.337777047477329));
#5250=CARTESIAN_POINT('',(0.1095,0.00179711029888691,0.302642505823598));
#5251=CARTESIAN_POINT('',(0.112018845350369,0.00179711029888691,0.302642505823598));
#5252=CARTESIAN_POINT('',(0.113586109210353,-0.00261613221494239,0.337128754952653));
#5253=CARTESIAN_POINT('',(0.113586109210353,0.00103926525021716,0.338076874477655));
#5254=CARTESIAN_POINT('',(0.1095,0.00173891647095397,0.302720257849469));
#5255=CARTESIAN_POINT('',(0.112039324994064,0.00173891647095397,0.302720257849469));
#5256=CARTESIAN_POINT('',(0.113645360759487,-0.00273595274826876,0.337538089012123));
#5257=CARTESIAN_POINT('',(0.113645360759487,0.00093223374949116,0.33848952569528));
#5258=CARTESIAN_POINT('',(0.1095,0.00172280512630064,0.302741477966149));
#5259=CARTESIAN_POINT('',(0.112045162349659,0.00172280512630064,0.302741477966149));
#5260=CARTESIAN_POINT('',(0.113662358765188,-0.00276917905691217,0.337651734180014));
#5261=CARTESIAN_POINT('',(0.113662358765188,0.000902520655663363,0.33860408210404));
#5262=CARTESIAN_POINT('',(0.1095,0.00168348881893689,0.30279257087819));
#5263=CARTESIAN_POINT('',(0.112059892547022,0.00168348881893689,0.30279257087819));
#5264=CARTESIAN_POINT('',(0.113705475603619,-0.00285056476778855,0.337930292901811));
#5265=CARTESIAN_POINT('',(0.113705475603619,0.000829693635427113,0.338884860738112));
#5266=CARTESIAN_POINT('',(0.1095,0.00166048147736114,0.302822082643815));
#5267=CARTESIAN_POINT('',(0.112068961263124,0.00166048147736114,0.302822082643815));
#5268=CARTESIAN_POINT('',(0.113732214118738,-0.00289859045227662,0.338094832825057));
#5269=CARTESIAN_POINT('',(0.113732214118738,0.000786678939688683,0.339050700387672));
#5270=CARTESIAN_POINT('',(0.1095,0.00163233390705925,0.302856944730681));
#5271=CARTESIAN_POINT('',(0.112080621160643,0.00163233390705925,0.302856944730681));
#5272=CARTESIAN_POINT('',(0.113766793749404,-0.0029574688618142,0.338296503810344));
#5273=CARTESIAN_POINT('',(0.113766793749404,0.000733956347601848,0.33925396803947));
#5274=CARTESIAN_POINT('',(0.1095,0.00162703507039112,0.302863452710649));
#5275=CARTESIAN_POINT('',(0.112082838806118,0.00162703507039112,0.302863452710649));
#5276=CARTESIAN_POINT('',(0.113773385866973,-0.00296855971446088,0.338334484740572));
#5277=CARTESIAN_POINT('',(0.113773385866973,0.000724026901239273,0.33929225020971));
#5278=CARTESIAN_POINT('',(0.1095,0.00159368241227561,0.30290402149386));
#5279=CARTESIAN_POINT('',(0.11209694570036,0.00159368241227561,0.30290402149386));
#5280=CARTESIAN_POINT('',(0.113815397419159,-0.0030383980592147,0.338573548544579));
#5281=CARTESIAN_POINT('',(0.113815397419159,0.000661526041270021,0.339533217175453));
#5282=CARTESIAN_POINT('',(0.1095,0.00156572636150327,0.302935967366741));
#5283=CARTESIAN_POINT('',(0.112109390678534,0.00156572636150327,0.302935967366741));
#5284=CARTESIAN_POINT('',(0.11385280306885,-0.00309685811888342,0.33877321905096));
#5285=CARTESIAN_POINT('',(0.11385280306885,0.000609315987280724,0.339734508778438));
#5286=CARTESIAN_POINT('',(0.1095,0.00153208557934743,0.302969271430132));
#5287=CARTESIAN_POINT('',(0.112125030306747,0.00153208557934743,0.302969271430132));
#5288=CARTESIAN_POINT('',(0.113899742375425,-0.00316563026768511,0.339006105127694));
#5289=CARTESIAN_POINT('',(0.113899742375425,0.000548383680360085,0.339969428315891));
#5290=CARTESIAN_POINT('',(0.1095,0.0015269450205913,0.302974222487701));
#5291=CARTESIAN_POINT('',(0.112127437100779,0.0015269450205913,0.302974222487701));
#5292=CARTESIAN_POINT('',(0.113906993335088,-0.00317613098625471,0.339041626914739));
#5293=CARTESIAN_POINT('',(0.113906993335088,0.000539089067619264,0.340005262936903));
#5294=CARTESIAN_POINT('',(0.1095,0.00150211004297658,0.302997420431282));
#5295=CARTESIAN_POINT('',(0.112139146699784,0.00150211004297658,0.302997420431282));
#5296=CARTESIAN_POINT('',(0.113942409341354,-0.003226799222982,0.339212812969686));
#5297=CARTESIAN_POINT('',(0.113942409341354,0.000494292619272714,0.340177971988258));
#5298=CARTESIAN_POINT('',(0.1095,0.00148211006202169,0.303013934125126));
#5299=CARTESIAN_POINT('',(0.112148934166357,0.00148211006202169,0.303013934125126));
#5300=CARTESIAN_POINT('',(0.113972088090188,-0.00326742836933731,0.339349387617479));
#5301=CARTESIAN_POINT('',(0.113972088090188,0.000458540439445141,0.340315811600322));
#5302=CARTESIAN_POINT('',(0.1095,0.00146105132482684,0.303028438217952));
#5303=CARTESIAN_POINT('',(0.112159616598568,0.00146105132482684,0.303028438217952));
#5304=CARTESIAN_POINT('',(0.114004618959108,-0.00330971376396315,0.339490553990391));
#5305=CARTESIAN_POINT('',(0.114004618959108,0.000421567951786981,0.340458356009653));
#5306=CARTESIAN_POINT('',(0.1095,0.00146046445889722,0.303028840171046));
#5307=CARTESIAN_POINT('',(0.112159914580585,0.00146046445889722,0.303028840171046));
#5308=CARTESIAN_POINT('',(0.114005526529398,-0.00331089178995428,0.339494485965561));
#5309=CARTESIAN_POINT('',(0.114005526529398,0.000420538124702407,0.340462326423946));
#5310=CARTESIAN_POINT('',(0.1095,0.00143996502264717,0.303042801593622));
#5311=CARTESIAN_POINT('',(0.112170333202792,0.00143996502264717,0.303042801593622));
#5312=CARTESIAN_POINT('',(0.114037263192535,-0.00335202696032707,0.339631758475836));
#5313=CARTESIAN_POINT('',(0.114037263192535,0.000384584449332351,0.340600942885632));
#5314=CARTESIAN_POINT('',(0.1095,0.00141964417502742,0.303054039536168));
#5315=CARTESIAN_POINT('',(0.112181011084617,0.00141964417502742,0.303054039536168));
#5316=CARTESIAN_POINT('',(0.114069934742314,-0.00339243681931635,0.339765720441899));
#5317=CARTESIAN_POINT('',(0.114069934742314,0.000349481040666297,0.340736281213419));
#5318=CARTESIAN_POINT('',(0.1095,0.0013921055683922,0.303065057032277));
#5319=CARTESIAN_POINT('',(0.112196206046007,0.0013921055683922,0.303065057032277));
#5320=CARTESIAN_POINT('',(0.114116269069204,-0.00344657760964882,0.339943626669118));
#5321=CARTESIAN_POINT('',(0.114116269069204,0.000302832526984879,0.340916130751551));
#5322=CARTESIAN_POINT('',(0.1095,0.00138524221626629,0.303067466072434));
#5323=CARTESIAN_POINT('',(0.1122000347929,0.00138524221626629,0.303067466072434));
#5324=CARTESIAN_POINT('',(0.114127981393864,-0.00346003014556327,0.339987672416245));
#5325=CARTESIAN_POINT('',(0.114127981393864,0.000291280306887573,0.340960669393512));
#5326=CARTESIAN_POINT('',(0.1095,0.00136364469264484,0.303073930747094));
#5327=CARTESIAN_POINT('',(0.112212213359141,0.00136364469264484,0.303073930747094));
#5328=CARTESIAN_POINT('',(0.114165389525868,-0.00350221086351736,0.340125292814815));
#5329=CARTESIAN_POINT('',(0.114165389525868,0.000255176179882076,0.341099865909202));
#5330=CARTESIAN_POINT('',(0.1095,0.00134874435049317,0.30307668797925));
#5331=CARTESIAN_POINT('',(0.112220794009037,0.00134874435049317,0.30307668797925));
#5332=CARTESIAN_POINT('',(0.114191337362377,-0.00353049758198662,0.340216545470433));
#5333=CARTESIAN_POINT('',(0.114191337362377,0.000231216404866612,0.341192240866734));
#5334=CARTESIAN_POINT('',(0.1095,0.00132333101473823,0.303078555344968));
#5335=CARTESIAN_POINT('',(0.112235762778228,0.00132333101473823,0.303078555344968));
#5336=CARTESIAN_POINT('',(0.114237051575233,-0.00357813684031676,0.34036898344213));
#5337=CARTESIAN_POINT('',(0.114237051575233,0.000191167150905851,0.34134664749749));
#5338=CARTESIAN_POINT('',(0.1095,0.00131290778305887,0.303078538149645));
#5339=CARTESIAN_POINT('',(0.11224205105662,0.00131290778305887,0.303078538149645));
#5340=CARTESIAN_POINT('',(0.114256204087505,-0.00359750881898904,0.340430622207722));
#5341=CARTESIAN_POINT('',(0.114256204087505,0.000174966246819521,0.341409108761254));
#5342=CARTESIAN_POINT('',(0.1095,0.00129043840940295,0.303076829975189));
#5343=CARTESIAN_POINT('',(0.112256069446311,0.00129043840940295,0.303076829975189));
#5344=CARTESIAN_POINT('',(0.114298853895978,-0.0036392199828534,0.340562821856636));
#5345=CARTESIAN_POINT('',(0.114298853895978,0.000140209098753462,0.341543112109552));
#5346=CARTESIAN_POINT('',(0.1095,0.00127838406191054,0.303074974262063));
#5347=CARTESIAN_POINT('',(0.112263877544292,0.00127838406191054,0.303074974262063));
#5348=CARTESIAN_POINT('',(0.114322579490947,-0.00366159774542869,0.340633436914595));
#5349=CARTESIAN_POINT('',(0.114322579490947,0.000121637257234796,0.341614714329125));
#5350=CARTESIAN_POINT('',(0.1095,0.00125237827541765,0.303069251483092));
#5351=CARTESIAN_POINT('',(0.112281592785225,0.00125237827541765,0.303069251483092));
#5352=CARTESIAN_POINT('',(0.114376561428337,-0.00371008115439706,0.340785873695968));
#5353=CARTESIAN_POINT('',(0.114376561428337,8.15350816806438E-5,0.341769324994766));
#5354=CARTESIAN_POINT('',(0.1095,0.00123841648054397,0.303065121977709));
#5355=CARTESIAN_POINT('',(0.112291776511544,0.00123841648054397,0.303065121977709));
#5356=CARTESIAN_POINT('',(0.114407262480192,-0.00373620516893161,0.340867778587061));
#5357=CARTESIAN_POINT('',(0.114407262480192,5.99833779416645E-5,0.341852415829983));
#5358=CARTESIAN_POINT('',(0.1095,0.00121571783803631,0.3030570108213));
#5359=CARTESIAN_POINT('',(0.112309480289609,0.00121571783803631,0.3030570108213));
#5360=CARTESIAN_POINT('',(0.114461137792445,-0.0037790537050396,0.341001916300144));
#5361=CARTESIAN_POINT('',(0.114461137792445,2.4683536717752E-5,0.341988511487469));
#5362=CARTESIAN_POINT('',(0.1095,0.00120696838216845,0.303053545912395));
#5363=CARTESIAN_POINT('',(0.112316585202426,0.00120696838216845,0.303053545912395));
#5364=CARTESIAN_POINT('',(0.11448258746601,-0.00379547497017702,0.341053135726789));
#5365=CARTESIAN_POINT('',(0.11448258746601,1.1200795908722E-5,0.34204049309451));
#5366=CARTESIAN_POINT('',(0.1095,0.00118694479378387,0.303044944001194));
#5367=CARTESIAN_POINT('',(0.112333507463305,0.00118694479378387,0.303044944001194));
#5368=CARTESIAN_POINT('',(0.114533738903851,-0.00383282908039471,0.341169219250699));
#5369=CARTESIAN_POINT('',(0.114533738903851,-1.93650759156153E-5,0.342158337319252));
#5370=CARTESIAN_POINT('',(0.1095,0.00117568820683982,0.303039615392848));
#5371=CARTESIAN_POINT('',(0.112343537011005,0.00117568820683982,0.303039615392848));
#5372=CARTESIAN_POINT('',(0.114564006867402,-0.00385366200706782,0.341233645475986));
#5373=CARTESIAN_POINT('',(0.114564006867402,-3.63354945136186E-5,0.342223765383426));
#5374=CARTESIAN_POINT('',(0.1095,0.00116277336523317,0.303033043063589));
#5375=CARTESIAN_POINT('',(0.112355826151627,0.00116277336523317,0.303033043063589));
#5376=CARTESIAN_POINT('',(0.11460103452723,-0.00387736149968107,0.341306572956474));
#5377=CARTESIAN_POINT('',(0.11460103452723,-5.55526287960009E-5,0.342297855476595));
#5378=CARTESIAN_POINT('',(0.1095,0.00116104366392803,0.303032153238766));
#5379=CARTESIAN_POINT('',(0.112357488292648,0.00116104366392803,0.303032153238766));
#5380=CARTESIAN_POINT('',(0.114606041759,-0.00388053137405431,0.341316319551271));
#5381=CARTESIAN_POINT('',(0.114606041759,-5.81211128144778E-5,0.342307758057149));
#5382=CARTESIAN_POINT('',(0.1095,0.00114988365862311,0.303026352445035));
#5383=CARTESIAN_POINT('',(0.11236832174032,0.00114988365862311,0.303026352445035));
#5384=CARTESIAN_POINT('',(0.114638670646607,-0.00390095579704284,0.341379070159599));
#5385=CARTESIAN_POINT('',(0.114638670646607,-7.46585637214801E-5,0.342371516849719));
#5386=CARTESIAN_POINT('',(0.1095,0.00114049757338028,0.303021194403039));
#5387=CARTESIAN_POINT('',(0.112377928970649,0.00114049757338028,0.303021194403039));
#5388=CARTESIAN_POINT('',(0.114667571868938,-0.00391799672730075,0.341431202467888));
#5389=CARTESIAN_POINT('',(0.114667571868938,-8.84022185691719E-5,0.342424504389546));
#5390=CARTESIAN_POINT('',(0.1095,0.00112008763375957,0.303009471165118));
#5391=CARTESIAN_POINT('',(0.112400088810072,0.00112008763375957,0.303009471165118));
#5392=CARTESIAN_POINT('',(0.11473416654697,-0.00395430931781299,0.341541542565906));
#5393=CARTESIAN_POINT('',(0.11473416654697,-0.000117506639141044,0.342536714108234));
#5394=CARTESIAN_POINT('',(0.1095,0.00110907873191227,0.303002821287012));
#5395=CARTESIAN_POINT('',(0.112412980959495,0.00110907873191227,0.303002821287012));
#5396=CARTESIAN_POINT('',(0.114772500776211,-0.00397342594876334,0.341599111776098));
#5397=CARTESIAN_POINT('',(0.114772500776211,-0.000132702441477546,0.342595300284214));
#5398=CARTESIAN_POINT('',(0.1095,0.00109721204668866,0.302995385980228));
#5399=CARTESIAN_POINT('',(0.11242764807936,0.00109721204668866,0.302995385980228));
#5400=CARTESIAN_POINT('',(0.114816889259427,-0.00399317265219488,0.341657732339204));
#5401=CARTESIAN_POINT('',(0.114816889259427,-0.000148193465935339,0.342655024664994));
#5402=CARTESIAN_POINT('',(0.1095,0.00109631657916875,0.302994823254395));
#5403=CARTESIAN_POINT('',(0.112428769909627,0.00109631657916875,0.302994823254395));
#5404=CARTESIAN_POINT('',(0.114820257810797,-0.00399465743603848,0.341662134646096));
#5405=CARTESIAN_POINT('',(0.114820257810797,-0.000149356932069166,0.342659510313738));
#5406=CARTESIAN_POINT('',(0.1095,0.00109083414610665,0.302991368152912));
#5407=CARTESIAN_POINT('',(0.112435732132532,0.00109083414610666,0.302991368152912));
#5408=CARTESIAN_POINT('',(0.114840999068257,-0.00400371428615717,0.341688953296495));
#5409=CARTESIAN_POINT('',(0.114840999068257,-0.000156445446236154,0.342686839501709));
#5410=CARTESIAN_POINT('',(0.1095,0.00108625336551996,0.302988439045238));
#5411=CARTESIAN_POINT('',(0.112441952028218,0.00108625336551996,0.302988439045238));
#5412=CARTESIAN_POINT('',(0.114859785305696,-0.00401143710207803,0.341711941445538));
#5413=CARTESIAN_POINT('',(0.114859785305696,-0.000162518960101297,0.342710255438837));
#5414=CARTESIAN_POINT('',(0.1095,0.00107760017936277,0.302982837278487));
#5415=CARTESIAN_POINT('',(0.112454537385143,0.00107760017936277,0.302982837278487));
#5416=CARTESIAN_POINT('',(0.114897474761517,-0.00402589613785256,0.34175483406513));
#5417=CARTESIAN_POINT('',(0.114897474761517,-0.000173854385264819,0.342753958245621));
#5418=CARTESIAN_POINT('',(0.1095,0.00107352666991767,0.302980171377376));
#5419=CARTESIAN_POINT('',(0.112460760403164,0.00107352666991767,0.302980171377376));
#5420=CARTESIAN_POINT('',(0.114916143021141,-0.00403264830569066,0.341774801987361));
#5421=CARTESIAN_POINT('',(0.114916143021141,-0.000179132722221742,0.342774308443063));
#5422=CARTESIAN_POINT('',(0.1095,0.00106806875814649,0.302976566445018));
#5423=CARTESIAN_POINT('',(0.112469422524025,0.00106806875814649,0.302976566445018));
#5424=CARTESIAN_POINT('',(0.114942119147743,-0.00404140933849894,0.341800436889196));
#5425=CARTESIAN_POINT('',(0.114942119147743,-0.000185914908451239,0.342800456608666));
#5426=CARTESIAN_POINT('',(0.1095,0.0010666812542704,0.302975647138246));
#5427=CARTESIAN_POINT('',(0.112471652734172,0.0010666812542704,0.302975647138246));
#5428=CARTESIAN_POINT('',(0.114948806486533,-0.00404361134017493,0.34180685506488));
#5429=CARTESIAN_POINT('',(0.114948806486533,-0.000187613491902324,0.342807005358564));
#5430=CARTESIAN_POINT('',(0.1095,0.00106256671861871,0.30297291300915));
#5431=CARTESIAN_POINT('',(0.11247834302036,0.00106256671861871,0.30297291300915));
#5432=CARTESIAN_POINT('',(0.114968859150347,-0.00405005526169316,0.341825552095096));
#5433=CARTESIAN_POINT('',(0.114968859150347,-0.000192563539376053,0.34282608986269));
#5434=CARTESIAN_POINT('',(0.1095,0.00105984077058828,0.302971091179066));
#5435=CARTESIAN_POINT('',(0.112482872256833,0.00105984077058828,0.302971091179066));
#5436=CARTESIAN_POINT('',(0.114982433636328,-0.00405421241935638,0.341837501694105));
#5437=CARTESIAN_POINT('',(0.114982433636328,-0.000195729642924977,0.342838296516579));
#5438=CARTESIAN_POINT('',(0.1095,0.00105439134209706,0.302967430900956));
#5439=CARTESIAN_POINT('',(0.112492075086216,0.00105439134209706,0.302967430900956));
#5440=CARTESIAN_POINT('',(0.115010013134244,-0.00406224178633721,0.341860295746763));
#5441=CARTESIAN_POINT('',(0.115010013134244,-0.000201775309795492,0.342861605091892));
#5442=CARTESIAN_POINT('',(0.1095,0.00105166786163627,0.302965592452931));
#5443=CARTESIAN_POINT('',(0.112496721074994,0.00105166786163627,0.302965592452931));
#5444=CARTESIAN_POINT('',(0.115024018146178,-0.00406611399565484,0.341871140200413));
#5445=CARTESIAN_POINT('',(0.115024018146178,-0.000204654873117085,0.342872707013316));
#5446=CARTESIAN_POINT('',(0.1095,0.00104715877075066,0.302962535661581));
#5447=CARTESIAN_POINT('',(0.112504589411485,0.00104715877075066,0.302962535661581));
#5448=CARTESIAN_POINT('',(0.115047459671119,-0.0040722447558085,0.341888006500641));
#5449=CARTESIAN_POINT('',(0.115047459671119,-0.000209140266355138,0.342890000080951));
#5450=CARTESIAN_POINT('',(0.1095,0.00104537258774398,0.302961321397633));
#5451=CARTESIAN_POINT('',(0.112507641407845,0.00104537258774398,0.302961321397633));
#5452=CARTESIAN_POINT('',(0.115056811701757,-0.00407460044270353,0.341894404686017));
#5453=CARTESIAN_POINT('',(0.115056811701757,-0.000210843679168779,0.342896567450061));
#5454=CARTESIAN_POINT('',(0.1095,0.00104265133471637,0.302959466872979));
#5455=CARTESIAN_POINT('',(0.112512487409095,0.00104265133471637,0.302959466872979));
#5456=CARTESIAN_POINT('',(0.115071131055722,-0.00407806599558676,0.34190367386059));
#5457=CARTESIAN_POINT('',(0.115071131055722,-0.000213314775910404,0.342906094561915));
#5458=CARTESIAN_POINT('',(0.1095,0.00104171599716858,0.302958828616891));
#5459=CARTESIAN_POINT('',(0.112514188406048,0.00104171599716858,0.302958828616891));
#5460=CARTESIAN_POINT('',(0.115076276058903,-0.00407926748191145,0.341906899084326));
#5461=CARTESIAN_POINT('',(0.115076276058903,-0.000214174323154094,0.342909408476177));
#5462=CARTESIAN_POINT('',(0.1095,0.00103806005971284,0.302956330851496));
#5463=CARTESIAN_POINT('',(0.112521084089992,0.00103806005971284,0.302956330851496));
#5464=CARTESIAN_POINT('',(0.115096949966578,-0.00408394977580054,0.341919449725363));
#5465=CARTESIAN_POINT('',(0.115096949966578,-0.000217519597135274,0.342922305907047));
#5466=CARTESIAN_POINT('',(0.1095,0.00103534014505698,0.302954466034814));
#5467=CARTESIAN_POINT('',(0.11252665462851,0.00103534014505698,0.302954466034814));
#5468=CARTESIAN_POINT('',(0.115113551288241,-0.00408740310101444,0.341928666379172));
#5469=CARTESIAN_POINT('',(0.115113551288241,-0.000219977159220316,0.342931780837138));
#5470=CARTESIAN_POINT('',(0.1095,0.00103240573676953,0.302952448496724));
#5471=CARTESIAN_POINT('',(0.112532337528312,0.00103240573676953,0.302952448496724));
#5472=CARTESIAN_POINT('',(0.11513067959733,-0.00409072728450916,0.341937057740832));
#5473=CARTESIAN_POINT('',(0.11513067959733,-0.000222226013800542,0.342940451112472));
#5474=CARTESIAN_POINT('',(0.1095,0.00103219069841526,0.302952300615341));
#5475=CARTESIAN_POINT('',(0.112532755057892,0.00103219069841526,0.302952300615341));
#5476=CARTESIAN_POINT('',(0.115131930254706,-0.00409096855922053,0.341937663677431));
#5477=CARTESIAN_POINT('',(0.115131930254706,-0.000222388480582881,0.342941077489894));
#5478=CARTESIAN_POINT('',(0.1095,0.00102947141717145,0.302950430165062));
#5479=CARTESIAN_POINT('',(0.112538049328573,0.00102947141717145,0.302950430165062));
#5480=CARTESIAN_POINT('',(0.115147676021202,-0.00409398804892604,0.341945204079775));
#5481=CARTESIAN_POINT('',(0.115147676021202,-0.000224411323989781,0.342948876397593));
#5482=CARTESIAN_POINT('',(0.1095,0.00102696762049586,0.302948703572428));
#5483=CARTESIAN_POINT('',(0.112543078222222,0.00102696762049586,0.302948703572428));
#5484=CARTESIAN_POINT('',(0.11516280656924,-0.0040966177865857,0.341951563464568));
#5485=CARTESIAN_POINT('',(0.11516280656924,-0.000226122582007224,0.342955474013245));
#5486=CARTESIAN_POINT('',(0.1095,0.00102324054637904,0.302946128445821));
#5487=CARTESIAN_POINT('',(0.112550933411538,0.00102324054637904,0.302946128445821));
#5488=CARTESIAN_POINT('',(0.115186441510348,-0.00410031527025733,0.341960188469852));
#5489=CARTESIAN_POINT('',(0.115186441510348,-0.000228451748863194,0.342964453926006));
#5490=CARTESIAN_POINT('',(0.1095,0.00102201706317907,0.302945282313187));
#5491=CARTESIAN_POINT('',(0.112553638207286,0.00102201706317907,0.302945282313187));
#5492=CARTESIAN_POINT('',(0.11519437857527,-0.00410149420987212,0.341962884784392));
#5493=CARTESIAN_POINT('',(0.11519437857527,-0.000229181336428819,0.342967266791333));
#5494=CARTESIAN_POINT('',(0.1095,0.00101929880405116,0.302943400919881));
#5495=CARTESIAN_POINT('',(0.112559652021109,0.00101929880405116,0.302943400919881));
#5496=CARTESIAN_POINT('',(0.11521243878575,-0.00410403733833738,0.341968580106093));
#5497=CARTESIAN_POINT('',(0.11521243878575,-0.00023072575075158,0.342973221154736));
#5498=CARTESIAN_POINT('',(0.1095,0.00101780404962286,0.302942365339591));
#5499=CARTESIAN_POINT('',(0.112562961982329,0.00101780404962286,0.302942365339591));
#5500=CARTESIAN_POINT('',(0.115222309355384,-0.00410534403834233,0.341971357163026));
#5501=CARTESIAN_POINT('',(0.115222309355384,-0.000231483014133441,0.342976140721914));
#5502=CARTESIAN_POINT('',(0.1095,0.00101592067229636,0.302941059515572));
#5503=CARTESIAN_POINT('',(0.112566850898847,0.00101592067229636,0.302941059515572));
#5504=CARTESIAN_POINT('',(0.115234178816433,-0.00410683852073085,0.341974269194677));
#5505=CARTESIAN_POINT('',(0.115234178816433,-0.000232284916647192,0.342979232391624));
#5506=CARTESIAN_POINT('',(0.1095,0.0010155320242882,0.302940789995939));
#5507=CARTESIAN_POINT('',(0.112567653055069,0.0010155320242882,0.302940789995939));
#5508=CARTESIAN_POINT('',(0.115236597718999,-0.00410713876450674,0.341974838614166));
#5509=CARTESIAN_POINT('',(0.115236597718999,-0.000232442225942405,0.342979838884775));
#5510=CARTESIAN_POINT('',(0.1095,0.00101417298883075,0.302939847357388));
#5511=CARTESIAN_POINT('',(0.112570474478746,0.00101417298883075,0.302939847357388));
#5512=CARTESIAN_POINT('',(0.11524492579972,-0.00410815838306408,0.341976712801541));
#5513=CARTESIAN_POINT('',(0.11524492579972,-0.000232961972825917,0.342981842726475));
#5514=CARTESIAN_POINT('',(0.1095,0.00101320260739471,0.302939173981291));
#5515=CARTESIAN_POINT('',(0.11257251831321,0.00101320260739471,0.302939173981291));
#5516=CARTESIAN_POINT('',(0.115251136674191,-0.0041088567159607,0.34197793611882));
#5517=CARTESIAN_POINT('',(0.115251136674191,-0.000233303289464722,0.342983158644926));
#5518=CARTESIAN_POINT('',(0.1095,0.00101135899758886,0.30293789416862));
#5519=CARTESIAN_POINT('',(0.112576606162257,0.00101135899758886,0.30293789416862));
#5520=CARTESIAN_POINT('',(0.115263380277354,-0.00411012738294144,0.341980043331322));
#5521=CARTESIAN_POINT('',(0.115263380277354,-0.000233895492197789,0.342985441834241));
#5522=CARTESIAN_POINT('',(0.1095,0.00101048576984822,0.302937287780325));
#5523=CARTESIAN_POINT('',(0.112578618235983,0.00101048576984822,0.302937287780325));
#5524=CARTESIAN_POINT('',(0.115269368578878,-0.00411070533185976,0.341980948947393));
#5525=CARTESIAN_POINT('',(0.115269368578878,-0.000234152010943609,0.342986430821335));
#5526=CARTESIAN_POINT('',(0.1095,0.00100912671957894,0.302936343777145));
#5527=CARTESIAN_POINT('',(0.112581779006937,0.00100912671957894,0.302936343777145));
#5528=CARTESIAN_POINT('',(0.11527894773544,-0.00411156782486469,0.341982215298473));
#5529=CARTESIAN_POINT('',(0.11527894773544,-0.000234514133696275,0.34298782695606));
#5530=CARTESIAN_POINT('',(0.1095,0.00100864090416934,0.302936006277749));
#5531=CARTESIAN_POINT('',(0.112582914699554,0.00100864090416934,0.302936006277749));
#5532=CARTESIAN_POINT('',(0.115282338956329,-0.00411186590703204,0.341982628442902));
#5533=CARTESIAN_POINT('',(0.115282338956329,-0.00023463332790161,0.342988286499592));
#5534=CARTESIAN_POINT('',(0.1095,0.00100543694067513,0.302933780184397));
#5535=CARTESIAN_POINT('',(0.11259037822733,0.00100543694067513,0.302933780184397));
#5536=CARTESIAN_POINT('',(0.115304510129102,-0.00411376516627013,0.341985095784164));
#5537=CARTESIAN_POINT('',(0.115304510129102,-0.000235352674317899,0.342991059881004));
#5538=CARTESIAN_POINT('',(0.1095,0.00100271865608857,0.302931890221472));
#5539=CARTESIAN_POINT('',(0.112596281999664,0.00100271865608857,0.302931890221472));
#5540=CARTESIAN_POINT('',(0.115322399589052,-0.00411506040578416,0.341985967558618));
#5541=CARTESIAN_POINT('',(0.115322399589052,-0.000235646182959871,0.342992191479624));
#5542=CARTESIAN_POINT('',(0.1095,0.001,0.30293));
#5543=CARTESIAN_POINT('',(0.112602148801527,0.001,0.30293));
#5544=CARTESIAN_POINT('',(0.11534,-0.00411606285486136,0.341985707548167));
#5545=CARTESIAN_POINT('',(0.11534,-0.000235646182959871,0.342992191479624));
#5546=CARTESIAN_POINT('',(0.1095,0.0114388763055162,0.284683361027388));
#5547=CARTESIAN_POINT('',(0.1095,0.0117249845965647,0.284910004019323));
#5548=CARTESIAN_POINT('',(0.1095,0.001,0.30293));
#5549=CARTESIAN_POINT('',(0.1095,0.00105732603280277,0.302969857523196));
#5550=CARTESIAN_POINT('',(0.1095,0.00116630187287205,0.303045626015467));
#5551=CARTESIAN_POINT('',(0.1095,0.00133873285528175,0.303099607808785));
#5552=CARTESIAN_POINT('',(0.1095,0.00150427329483641,0.303013445447919));
#5553=CARTESIAN_POINT('',(0.1095,0.00167293189858167,0.302810163547626));
#5554=CARTESIAN_POINT('',(0.1095,0.00188604243453346,0.302524708034687));
#5555=CARTESIAN_POINT('',(0.1095,0.00212995053936309,0.30214667526928));
#5556=CARTESIAN_POINT('',(0.1095,0.00240818045566767,0.301687213552025));
#5557=CARTESIAN_POINT('',(0.1095,0.00271588792342481,0.301149488036481));
#5558=CARTESIAN_POINT('',(0.1095,0.00304964776753663,0.300538701639078));
#5559=CARTESIAN_POINT('',(0.1095,0.00340530617682921,0.299859763892719));
#5560=CARTESIAN_POINT('',(0.1095,0.00376864802598279,0.299102505654141));
#5561=CARTESIAN_POINT('',(0.1095,0.0041474188433184,0.298260243172849));
#5562=CARTESIAN_POINT('',(0.1095,0.00455926265891048,0.297343234350216));
#5563=CARTESIAN_POINT('',(0.1095,0.00500545266415804,0.296358659560722));
#5564=CARTESIAN_POINT('',(0.1095,0.00548853165744201,0.295317393206503));
#5565=CARTESIAN_POINT('',(0.1095,0.00601041834151556,0.294229731418022));
#5566=CARTESIAN_POINT('',(0.1095,0.00657077176567141,0.293107880161209));
#5567=CARTESIAN_POINT('',(0.1095,0.00716944451475004,0.291963652905106));
#5568=CARTESIAN_POINT('',(0.1095,0.00780338965715526,0.290810052572362));
#5569=CARTESIAN_POINT('',(0.1095,0.00847105387079864,0.289660331723969));
#5570=CARTESIAN_POINT('',(0.1095,0.00916717088117722,0.288527203979691));
#5571=CARTESIAN_POINT('',(0.1095,0.0098862732497137,0.287424021087882));
#5572=CARTESIAN_POINT('',(0.1095,0.0106222270864326,0.286363740406705));
#5573=CARTESIAN_POINT('',(0.1095,0.0113670802802419,0.285358403700498));
#5574=CARTESIAN_POINT('',(0.1095,0.012111938249046,0.284419395079935));
#5575=CARTESIAN_POINT('',(0.1095,0.0128480264353066,0.283557758613178));
#5576=CARTESIAN_POINT('',(0.1095,0.0135636947075706,0.28278268052419));
#5577=CARTESIAN_POINT('',(0.1095,0.0142488623808384,0.282102170061663));
#5578=CARTESIAN_POINT('',(0.1095,0.0148905912659093,0.281523265230868));
#5579=CARTESIAN_POINT('',(0.1095,0.0154768914602407,0.281051197196464));
#5580=CARTESIAN_POINT('',(0.1095,0.0159944239683174,0.280696592889338));
#5581=CARTESIAN_POINT('',(0.1095,0.0164192052056834,0.280464630755382));
#5582=CARTESIAN_POINT('',(0.1095,0.0167125505019886,0.280333224420502));
#5583=CARTESIAN_POINT('',(0.1095,0.0168914051942007,0.280259487937843));
#5584=CARTESIAN_POINT('',(0.1095,0.0169349632350305,0.280242355022137));
#5585=CARTESIAN_POINT('',(0.1095,0.016950662228182,0.280236180053722));
#5586=CARTESIAN_POINT('',(0.1095,0.011724984596566,0.284910004019321));
#5587=CARTESIAN_POINT('',(0.0912925537385068,0.0143889732434329,0.288492555560609));
#5588=CARTESIAN_POINT('',(0.061293001511713,0.0187783019496935,0.294395357113585));
#5589=CARTESIAN_POINT('',(0.030946879699715,0.0158909168584073,0.295186551611058));
#5590=CARTESIAN_POINT('',(0.0189999999999844,0.0143665656093128,0.295224020482408));
#5591=CARTESIAN_POINT('',(0.1095,0.0117533935820856,0.284874141245767));
#5592=CARTESIAN_POINT('',(0.0912925537385068,0.0144188956690201,0.28845800306686));
#5593=CARTESIAN_POINT('',(0.061293001511713,0.0188107179992462,0.294362963506198));
#5594=CARTESIAN_POINT('',(0.030946879699715,0.0159216925540146,0.295152737846578));
#5595=CARTESIAN_POINT('',(0.0189999999999844,0.0143964753048866,0.295189456967489));
#5596=CARTESIAN_POINT('',(0.1095,0.0117748116303677,0.284833120660708));
#5597=CARTESIAN_POINT('',(0.0912925537385068,0.0144420659618658,0.288417997012542));
#5598=CARTESIAN_POINT('',(0.061293001511713,0.0188367753829857,0.294324629046428));
#5599=CARTESIAN_POINT('',(0.030946879699715,0.0159458507536734,0.29511330377967));
#5600=CARTESIAN_POINT('',(0.0189999999999844,0.0144196308590602,0.295149442379638));
#5601=CARTESIAN_POINT('',(0.1095,0.0118012417462755,0.284746383067967));
#5602=CARTESIAN_POINT('',(0.0912925537385068,0.0144722371718071,0.288332580294389));
#5603=CARTESIAN_POINT('',(0.061293001511713,0.0188731106174823,0.294241388671165));
#5604=CARTESIAN_POINT('',(0.030946879699715,0.0159781311739161,0.295028631764073));
#5605=CARTESIAN_POINT('',(0.0189999999999844,0.0144497706015002,0.2950640145512));
#5606=CARTESIAN_POINT('',(0.1095,0.0118062458341967,0.284700695831512));
#5607=CARTESIAN_POINT('',(0.0912925537385068,0.0144792288230461,0.288287198996148));
#5608=CARTESIAN_POINT('',(0.061293001511713,0.0188833770832506,0.294196511452921));
#5609=CARTESIAN_POINT('',(0.030946879699715,0.0159862434035172,0.294983422952284));
#5610=CARTESIAN_POINT('',(0.0189999999999844,0.0144567455347282,0.295018630679618));
#5611=CARTESIAN_POINT('',(0.1095,0.0117994082599991,0.28461071410155));
#5612=CARTESIAN_POINT('',(0.0912925537385068,0.0144763376456591,0.288197090110795));
#5613=CARTESIAN_POINT('',(0.061293001511713,0.0188869881981414,0.294106193059614));
#5614=CARTESIAN_POINT('',(0.030946879699715,0.0159855771851211,0.29489324237735));
#5615=CARTESIAN_POINT('',(0.0189999999999844,0.0144538211629745,0.294928522863809));
#5616=CARTESIAN_POINT('',(0.1095,0.0117875701239707,0.284566439296163));
#5617=CARTESIAN_POINT('',(0.0912925537385068,0.0144664574757724,0.28815238232836));
#5618=CARTESIAN_POINT('',(0.061293001511713,0.0188803340769098,0.294060771881278));
#5619=CARTESIAN_POINT('',(0.030946879699715,0.0159768009068551,0.2948482904846));
#5620=CARTESIAN_POINT('',(0.0189999999999844,0.0144439245240278,0.294883818723279));
#5621=CARTESIAN_POINT('',(0.1095,0.01174863445921,0.284485098684818));
#5622=CARTESIAN_POINT('',(0.0912925537385068,0.014431151741398,0.288069494974557));
#5623=CARTESIAN_POINT('',(0.061293001511713,0.0188510092079812,0.293975336032728));
#5624=CARTESIAN_POINT('',(0.030946879699715,0.0159435417092679,0.294764531085054));
#5625=CARTESIAN_POINT('',(0.0189999999999844,0.0144085882571839,0.294800944379606));
#5626=CARTESIAN_POINT('',(0.1095,0.0117215445812799,0.284448051201357));
#5627=CARTESIAN_POINT('',(0.0912925537385068,0.0144057330121843,0.288031334025153));
#5628=CARTESIAN_POINT('',(0.061293001511713,0.018828343951851,0.293935340477897));
#5629=CARTESIAN_POINT('',(0.030946879699715,0.0159190651654301,0.294725742369061));
#5630=CARTESIAN_POINT('',(0.0189999999999844,0.0143831554714205,0.294762792795908));
#5631=CARTESIAN_POINT('',(0.1095,0.0116555352675547,0.284386155774207));
#5632=CARTESIAN_POINT('',(0.0912925537385068,0.0143425552978809,0.287966671280556));
#5633=CARTESIAN_POINT('',(0.061293001511713,0.0187698317306385,0.293866118154591));
#5634=CARTESIAN_POINT('',(0.030946879699715,0.0158574838928669,0.294659519424582));
#5635=CARTESIAN_POINT('',(0.0189999999999844,0.0143199539396568,0.294698153328076));
#5636=CARTESIAN_POINT('',(0.1095,0.0116166277570008,0.284361324609125));
#5637=CARTESIAN_POINT('',(0.0912925537385068,0.0143048074818337,0.28794018675323));
#5638=CARTESIAN_POINT('',(0.061293001511713,0.0187339946886462,0.293836909460119));
#5639=CARTESIAN_POINT('',(0.030946879699715,0.0158203899068433,0.294632102739807));
#5640=CARTESIAN_POINT('',(0.0189999999999844,0.0142821963690596,0.294671682707693));
#5641=CARTESIAN_POINT('',(0.1095,0.0115319639162031,0.284327499073915));
#5642=CARTESIAN_POINT('',(0.0912925537385068,0.0142217838317528,0.287902724887792));
#5643=CARTESIAN_POINT('',(0.061293001511713,0.0186536735036099,0.293793456184514));
#5644=CARTESIAN_POINT('',(0.030946879699715,0.0157382909881713,0.294592590729381));
#5645=CARTESIAN_POINT('',(0.0189999999999844,0.0141991589228264,0.294634251428555));
#5646=CARTESIAN_POINT('',(0.1095,0.0114862243357601,0.284318519268298));
#5647=CARTESIAN_POINT('',(0.0912925537385068,0.0141765240788978,0.28789176281857));
#5648=CARTESIAN_POINT('',(0.061293001511713,0.0186092043400873,0.293779228032851));
#5649=CARTESIAN_POINT('',(0.030946879699715,0.0156933017597356,0.29458051106975));
#5650=CARTESIAN_POINT('',(0.0189999999999844,0.0141538951339927,0.294623306032766));
#5651=CARTESIAN_POINT('',(0.1095,0.0113940002442994,0.284318206971854));
#5652=CARTESIAN_POINT('',(0.0912925537385068,0.0140844896520419,0.287887419751379));
#5653=CARTESIAN_POINT('',(0.061293001511713,0.0185174824146737,0.293768243654421));
#5654=CARTESIAN_POINT('',(0.030946879699715,0.0156013742648452,0.294573895473961));
#5655=CARTESIAN_POINT('',(0.0189999999999844,0.0140618591118091,0.294618996869638));
#5656=CARTESIAN_POINT('',(0.1095,0.0113475379217735,0.284326885373689));
#5657=CARTESIAN_POINT('',(0.0912925537385068,0.0140377366480372,0.287894050595205));
#5658=CARTESIAN_POINT('',(0.061293001511713,0.0184702504684779,0.293771500833285));
#5659=CARTESIAN_POINT('',(0.030946879699715,0.0155544573760614,0.294579371914713));
#5660=CARTESIAN_POINT('',(0.0189999999999844,0.0140151085528164,0.294625644936108));
#5661=CARTESIAN_POINT('',(0.1095,0.0112605135123912,0.284361484799541));
#5662=CARTESIAN_POINT('',(0.0912925537385068,0.0139493658927859,0.287924779912224));
#5663=CARTESIAN_POINT('',(0.061293001511713,0.0183796614025073,0.293795853554137));
#5664=CARTESIAN_POINT('',(0.030946879699715,0.0154653275576722,0.294607919283526));
#5665=CARTESIAN_POINT('',(0.0189999999999844,0.0139267491220974,0.294656406805812));
#5666=CARTESIAN_POINT('',(0.1095,0.0112199792258579,0.284387410630127));
#5667=CARTESIAN_POINT('',(0.0912925537385068,0.0139077756786961,0.287948884398043));
#5668=CARTESIAN_POINT('',(0.061293001511713,0.0183363313862826,0.293816957095909));
#5669=CARTESIAN_POINT('',(0.030946879699715,0.0154231420168519,0.294630996904179));
#5670=CARTESIAN_POINT('',(0.0189999999999844,0.0138851677897416,0.294680526611526));
#5671=CARTESIAN_POINT('',(0.1095,0.0108343321970136,0.284759011413993));
#5672=CARTESIAN_POINT('',(0.0912925537385068,0.013506620987647,0.288302918283017));
#5673=CARTESIAN_POINT('',(0.061293001511713,0.017909625450125,0.294142046828409));
#5674=CARTESIAN_POINT('',(0.030946879699715,0.0150132441825994,0.294975126658497));
#5675=CARTESIAN_POINT('',(0.0189999999999844,0.0134841435384454,0.295034708257131));
#5676=CARTESIAN_POINT('',(0.1095,0.0104789986600542,0.285109471862502));
#5677=CARTESIAN_POINT('',(0.0912925537385068,0.0131366460357654,0.288637177265263));
#5678=CARTESIAN_POINT('',(0.061293001511713,0.0175155265280104,0.294449611417256));
#5679=CARTESIAN_POINT('',(0.030946879699715,0.0146350144734454,0.295300251334245));
#5680=CARTESIAN_POINT('',(0.0189999999999844,0.0131142917400423,0.295369103514931));
#5681=CARTESIAN_POINT('',(0.1095,0.00976285584695341,0.285830156004395));
#5682=CARTESIAN_POINT('',(0.0912925537385068,0.012390366938102,0.289325181396201));
#5683=CARTESIAN_POINT('',(0.061293001511713,0.0167195932927115,0.295083770232308));
#5684=CARTESIAN_POINT('',(0.030946879699715,0.0138717446876906,0.295969830636741));
#5685=CARTESIAN_POINT('',(0.0189999999999844,0.0123682661280081,0.296057382527569));
#5686=CARTESIAN_POINT('',(0.1095,0.0094021859282378,0.28620047386728));
#5687=CARTESIAN_POINT('',(0.0912925537385068,0.0120141977673709,0.289679026626361));
#5688=CARTESIAN_POINT('',(0.061293001511713,0.016317886733945,0.295410474280851));
#5689=CARTESIAN_POINT('',(0.030946879699715,0.0134868371153793,0.296314388678093));
#5690=CARTESIAN_POINT('',(0.0189999999999844,0.0119922273262892,0.296411366314148));
#5691=CARTESIAN_POINT('',(0.1095,0.00867874269331702,0.286957676591548));
#5692=CARTESIAN_POINT('',(0.0912925537385068,0.0112590358541091,0.29040316052117));
#5693=CARTESIAN_POINT('',(0.061293001511713,0.0155104634472983,0.296080122221827));
#5694=CARTESIAN_POINT('',(0.030946879699715,0.0127137923682452,0.297019878530512));
#5695=CARTESIAN_POINT('',(0.0189999999999844,0.011237332208661,0.29713577836113));
#5696=CARTESIAN_POINT('',(0.1095,0.00831563721171655,0.287344435922076));
#5697=CARTESIAN_POINT('',(0.0912925537385068,0.0108797170674301,0.290773309374687));
#5698=CARTESIAN_POINT('',(0.061293001511713,0.0151044307609604,0.296422902774189));
#5699=CARTESIAN_POINT('',(0.030946879699715,0.0123253326004027,0.297380662479297));
#5700=CARTESIAN_POINT('',(0.0189999999999844,0.0108581497971157,0.297506066930518));
#5701=CARTESIAN_POINT('',(0.1095,0.00759012460788595,0.288130393905704));
#5702=CARTESIAN_POINT('',(0.0912925537385068,0.0101212327638516,0.29152605319056));
#5703=CARTESIAN_POINT('',(0.061293001511713,0.0142916205396017,0.297120921169156));
#5704=CARTESIAN_POINT('',(0.030946879699715,0.011548259015684,0.298114680311766));
#5705=CARTESIAN_POINT('',(0.0189999999999844,0.0100999428287223,0.298259090121049));
#5706=CARTESIAN_POINT('',(0.1095,0.00722770509632644,0.288529737416003));
#5707=CARTESIAN_POINT('',(0.0912925537385068,0.0097420485491649,0.291908792192074));
#5708=CARTESIAN_POINT('',(0.061293001511713,0.0138848139126442,0.297476301703079));
#5709=CARTESIAN_POINT('',(0.030946879699715,0.011159622944343,0.298488057773404));
#5710=CARTESIAN_POINT('',(0.0189999999999844,0.00972089962714919,0.298641968788233));
#5711=CARTESIAN_POINT('',(0.1095,0.00650597101112357,0.28933622812747));
#5712=CARTESIAN_POINT('',(0.0912925537385068,0.00898643801118326,0.292682194717638));
#5713=CARTESIAN_POINT('',(0.061293001511713,0.0130733867378976,0.298195186382105));
#5714=CARTESIAN_POINT('',(0.030946879699715,0.0103849130299399,0.299242805343509));
#5715=CARTESIAN_POINT('',(0.0189999999999844,0.00896557403451072,0.299415649628782));
#5716=CARTESIAN_POINT('',(0.1095,0.00614644700336213,0.289743127984369));
#5717=CARTESIAN_POINT('',(0.0912925537385068,0.00860981346557668,0.293072602214546));
#5718=CARTESIAN_POINT('',(0.061293001511713,0.0126685864409625,0.298558420193708));
#5719=CARTESIAN_POINT('',(0.030946879699715,0.00999864728572707,0.299623914529474));
#5720=CARTESIAN_POINT('',(0.0189999999999844,0.00858909332682766,0.299806195848041));
#5721=CARTESIAN_POINT('',(0.1095,0.00543625224544731,0.290560979791079));
#5722=CARTESIAN_POINT('',(0.0912925537385068,0.00786522360714226,0.293857848567751));
#5723=CARTESIAN_POINT('',(0.0612930015117129,0.011867325394292,0.299289944075831));
#5724=CARTESIAN_POINT('',(0.0309468796997149,0.00923466563984169,0.300390778089359));
#5725=CARTESIAN_POINT('',(0.0189999999999844,0.00784479277624329,0.300591716455821));
#5726=CARTESIAN_POINT('',(0.1095,0.00508538616719742,0.290971564163791));
#5727=CARTESIAN_POINT('',(0.0912925537385068,0.00749707940680756,0.294252312010162));
#5728=CARTESIAN_POINT('',(0.061293001511713,0.0114707128454355,0.299657845820155));
#5729=CARTESIAN_POINT('',(0.030946879699715,0.00885678011978532,0.300776152631048));
#5730=CARTESIAN_POINT('',(0.0189999999999844,0.00747679390754821,0.300986315496373));
#5731=CARTESIAN_POINT('',(0.1095,0.00440025624793253,0.291794634233383));
#5732=CARTESIAN_POINT('',(0.0912925537385068,0.00677727844528658,0.295043862319506));
#5733=CARTESIAN_POINT('',(0.061293001511713,0.0106937860394671,0.300397462504096));
#5734=CARTESIAN_POINT('',(0.030946879699715,0.00811743179622799,0.301549932255558));
#5735=CARTESIAN_POINT('',(0.0189999999999844,0.00675728457490873,0.301778130928189));
#5736=CARTESIAN_POINT('',(0.1095,0.00406604699828477,0.292207183796426));
#5737=CARTESIAN_POINT('',(0.0912925537385068,0.00642567337951349,0.29544101531705));
#5738=CARTESIAN_POINT('',(0.061293001511713,0.0103135187062411,0.300769247305345));
#5739=CARTESIAN_POINT('',(0.030946879699715,0.00775601905541564,0.301938404745671));
#5740=CARTESIAN_POINT('',(0.0189999999999844,0.0064058258307363,0.302175413431017));
#5741=CARTESIAN_POINT('',(0.1095,0.00358449940598973,0.292827706725838));
#5742=CARTESIAN_POINT('',(0.0912925537385068,0.00591792008852992,0.296039304194547));
#5743=CARTESIAN_POINT('',(0.061293001511713,0.00976258751896422,0.301330902182002));
#5744=CARTESIAN_POINT('',(0.030946879699715,0.00723349112120398,0.302524158174736));
#5745=CARTESIAN_POINT('',(0.0189999999999844,0.00589829296400596,0.302773889326015));
#5746=CARTESIAN_POINT('',(0.1095,0.00342739972370716,0.29303498599953));
#5747=CARTESIAN_POINT('',(0.0912925537385068,0.00575205949426706,0.296239320611725));
#5748=CARTESIAN_POINT('',(0.061293001511713,0.00958229198238528,0.301518951932347));
#5749=CARTESIAN_POINT('',(0.030946879699715,0.00706269116812454,0.302720079829356));
#5750=CARTESIAN_POINT('',(0.0189999999999844,0.0057325060604889,0.302973966833331));
#5751=CARTESIAN_POINT('',(0.1095,0.00312073797906621,0.293450009648464));
#5752=CARTESIAN_POINT('',(0.0912925537385068,0.00542784120896559,0.29664014714991));
#5753=CARTESIAN_POINT('',(0.0612930015117129,0.00922914661137927,0.301896386559372));
#5754=CARTESIAN_POINT('',(0.0309468796997149,0.00672857459208631,0.303112902106762));
#5755=CARTESIAN_POINT('',(0.0189999999999844,0.00540843544869197,0.303374912787814));
#5756=CARTESIAN_POINT('',(0.1095,0.00297094765376,0.293657578034204));
#5757=CARTESIAN_POINT('',(0.0912925537385068,0.00526926338360943,0.296840771639302));
#5758=CARTESIAN_POINT('',(0.061293001511713,0.00905609003579613,0.302085569917579));
#5759=CARTESIAN_POINT('',(0.030946879699715,0.00656504241769149,0.303309611661756));
#5760=CARTESIAN_POINT('',(0.0189999999999844,0.00524993153772211,0.303575595684469));
#5761=CARTESIAN_POINT('',(0.1095,0.00267961847081713,0.294072409391751));
#5762=CARTESIAN_POINT('',(0.0912925537385068,0.00496035680279564,0.297242076481218));
#5763=CARTESIAN_POINT('',(0.061293001511713,0.00871822200383392,0.302464587756351));
#5764=CARTESIAN_POINT('',(0.030946879699715,0.00624622578694894,0.303703290321103));
#5765=CARTESIAN_POINT('',(0.0189999999999844,0.00494117280584932,0.303977014302101));
#5766=CARTESIAN_POINT('',(0.1095,0.00253841425616645,0.294279855938877));
#5767=CARTESIAN_POINT('',(0.0912925537385068,0.00481035402706647,0.297442954686861));
#5768=CARTESIAN_POINT('',(0.061293001511713,0.00855372225314164,0.302654643614889));
#5769=CARTESIAN_POINT('',(0.030946879699715,0.00609126242602796,0.303900465328326));
#5770=CARTESIAN_POINT('',(0.0189999999999844,0.00479124403754419,0.3041779477561));
#5771=CARTESIAN_POINT('',(0.1095,0.00226871250767024,0.294696120478958));
#5772=CARTESIAN_POINT('',(0.0912925537385068,0.0045229709555767,0.297846635370223));
#5773=CARTESIAN_POINT('',(0.061293001511713,0.00823720649797038,0.303037590469823));
#5774=CARTESIAN_POINT('',(0.030946879699715,0.00579391071213961,0.304297051295546));
#5775=CARTESIAN_POINT('',(0.0189999999999844,0.00450400968914183,0.30458173428618));
#5776=CARTESIAN_POINT('',(0.1095,0.00214003790227499,0.294904918721402));
#5777=CARTESIAN_POINT('',(0.0912925537385068,0.00438541478956314,0.298049410394843));
#5778=CARTESIAN_POINT('',(0.0612930015117129,0.00808501660255852,0.303230441321932));
#5779=CARTESIAN_POINT('',(0.0309468796997149,0.00565134716620445,0.304496430459766));
#5780=CARTESIAN_POINT('',(0.0189999999999844,0.00436652822868716,0.304784559973952));
#5781=CARTESIAN_POINT('',(0.1095,0.00189614345654655,0.295324796535798));
#5782=CARTESIAN_POINT('',(0.0912925537385068,0.00412363182051428,0.298457825564093));
#5783=CARTESIAN_POINT('',(0.061293001511713,0.007793759555602,0.303619970030291));
#5784=CARTESIAN_POINT('',(0.030946879699715,0.00537947873623819,0.304898383046411));
#5785=CARTESIAN_POINT('',(0.0189999999999844,0.00410489572555189,0.305193071559062));
#5786=CARTESIAN_POINT('',(0.1095,0.00178085756503183,0.295535826448209));
#5787=CARTESIAN_POINT('',(0.0912925537385068,0.00399934126311282,0.298663413256681));
#5788=CARTESIAN_POINT('',(0.061293001511713,0.00765463243404572,0.303816590833429));
#5789=CARTESIAN_POINT('',(0.030946879699715,0.00525011139277404,0.305100902442397));
#5790=CARTESIAN_POINT('',(0.0189999999999844,0.00398068090918589,0.305398705027848));
#5791=CARTESIAN_POINT('',(0.1095,0.00156251976776068,0.295959378713792));
#5792=CARTESIAN_POINT('',(0.0912925537385068,0.00376290554636992,0.299076613015147));
#5793=CARTESIAN_POINT('',(0.061293001511713,0.00738837762721231,0.304212733253188));
#5794=CARTESIAN_POINT('',(0.030946879699715,0.00500347215859989,0.305508265508587));
#5795=CARTESIAN_POINT('',(0.0189999999999844,0.00374439741965248,0.305811991864461));
#5796=CARTESIAN_POINT('',(0.1095,0.0014594422833245,0.296171896907249));
#5797=CARTESIAN_POINT('',(0.0912925537385068,0.00365073503899905,0.299284219811138));
#5798=CARTESIAN_POINT('',(0.061293001511713,0.00726122497393748,0.304412247770738));
#5799=CARTESIAN_POINT('',(0.030946879699715,0.0048861750499,0.305713103282991));
#5800=CARTESIAN_POINT('',(0.0189999999999844,0.00363230339651559,0.306019639971737));
#5801=CARTESIAN_POINT('',(0.1095,0.00126654354886394,0.296598075392835));
#5802=CARTESIAN_POINT('',(0.0912925537385068,0.00343957503437847,0.299701152788239));
#5803=CARTESIAN_POINT('',(0.061293001511713,0.00701997673398585,0.304813947358673));
#5804=CARTESIAN_POINT('',(0.030946879699715,0.00466471943153855,0.306124823688166));
#5805=CARTESIAN_POINT('',(0.0189999999999844,0.00342129699309777,0.306436650715676));
#5806=CARTESIAN_POINT('',(0.1095,0.00117681541166679,0.296811771658833));
#5807=CARTESIAN_POINT('',(0.0912925537385068,0.00334067689973039,0.29991051894478));
#5808=CARTESIAN_POINT('',(0.061293001511713,0.00690596962614639,0.305016178997668));
#5809=CARTESIAN_POINT('',(0.030946879699715,0.00456065129771014,0.306331748550424));
#5810=CARTESIAN_POINT('',(0.0189999999999844,0.00332247599014019,0.30664605329411));
#5811=CARTESIAN_POINT('',(0.1095,0.00100956187461842,0.297239139321192));
#5812=CARTESIAN_POINT('',(0.0912925537385068,0.0031550611655,0.300329759850645));
#5813=CARTESIAN_POINT('',(0.061293001511713,0.00669009936388116,0.305422029829364));
#5814=CARTESIAN_POINT('',(0.030946879699715,0.00436468304758336,0.306746407631198));
#5815=CARTESIAN_POINT('',(0.0189999999999844,0.00313701470604101,0.307065362556642));
#5816=CARTESIAN_POINT('',(0.1095,0.00093192901102911,0.297452812492921));
#5817=CARTESIAN_POINT('',(0.0912925537385068,0.00306823622967204,0.300539631674418));
#5818=CARTESIAN_POINT('',(0.061293001511713,0.0065881290832731,0.305625638351028));
#5819=CARTESIAN_POINT('',(0.030946879699715,0.004272675666919,0.306954136273805));
#5820=CARTESIAN_POINT('',(0.0189999999999844,0.00305026708758142,0.30727526635473));
#5821=CARTESIAN_POINT('',(0.1095,0.000789081115465991,0.297878773708003));
#5822=CARTESIAN_POINT('',(0.0912925537385068,0.00290704103745802,0.300958535654474));
#5823=CARTESIAN_POINT('',(0.0612930015117129,0.00639670391392805,0.306032914457098));
#5824=CARTESIAN_POINT('',(0.0309468796997149,0.00410113635965431,0.30736906141968));
#5825=CARTESIAN_POINT('',(0.0189999999999844,0.00288922622016564,0.307694229695377));
#5826=CARTESIAN_POINT('',(0.1095,0.000723912755602844,0.298091065692809));
#5827=CARTESIAN_POINT('',(0.0912925537385068,0.00283271719181538,0.301167573784854));
#5828=CARTESIAN_POINT('',(0.061293001511713,0.00630729500529202,0.306236591364691));
#5829=CARTESIAN_POINT('',(0.030946879699715,0.00402165069643986,0.307576265043038));
#5830=CARTESIAN_POINT('',(0.0189999999999844,0.00281497938415133,0.307903295194935));
#5831=CARTESIAN_POINT('',(0.1095,0.000606137267235276,0.298512826801722));
#5832=CARTESIAN_POINT('',(0.0912925537385068,0.00269673015323556,0.301583381658164));
#5833=CARTESIAN_POINT('',(0.061293001511713,0.00614130165259892,0.306642590371902));
#5834=CARTESIAN_POINT('',(0.030946879699715,0.00387539607597968,0.307988716511578));
#5835=CARTESIAN_POINT('',(0.0189999999999844,0.00267914552856438,0.308319153142755));
#5836=CARTESIAN_POINT('',(0.1095,0.000553442252571957,0.298722261989465));
#5837=CARTESIAN_POINT('',(0.0912925537385068,0.00263498072532471,0.301790113687756));
#5838=CARTESIAN_POINT('',(0.061293001511713,0.00606463369414833,0.306844868535039));
#5839=CARTESIAN_POINT('',(0.030946879699715,0.00380854181469032,0.308193924513982));
#5840=CARTESIAN_POINT('',(0.0189999999999844,0.00261747226012945,0.308525907909448));
#5841=CARTESIAN_POINT('',(0.1095,0.000461699534392225,0.299137303010253));
#5842=CARTESIAN_POINT('',(0.0912925537385068,0.00252527052577103,0.302200352261936));
#5843=CARTESIAN_POINT('',(0.061293001511713,0.00592531932121853,0.307247194343983));
#5844=CARTESIAN_POINT('',(0.030946879699715,0.0036887016380594,0.308601455492533));
#5845=CARTESIAN_POINT('',(0.0189999999999844,0.00250791319063001,0.308936186878495));
#5846=CARTESIAN_POINT('',(0.1095,0.000422736695682294,0.299342965767604));
#5847=CARTESIAN_POINT('',(0.0912925537385068,0.00247739196865009,0.302403919331862));
#5848=CARTESIAN_POINT('',(0.061293001511713,0.00586275075451202,0.307447308448375));
#5849=CARTESIAN_POINT('',(0.030946879699715,0.0036357964430224,0.308803841024258));
#5850=CARTESIAN_POINT('',(0.0189999999999844,0.00246010962637975,0.309139771575897));
#5851=CARTESIAN_POINT('',(0.1095,0.000358811647521973,0.299748820061593));
#5852=CARTESIAN_POINT('',(0.0912925537385068,0.00239584792491274,0.302806204698758));
#5853=CARTESIAN_POINT('',(0.0612930015117129,0.00575217672104376,0.307843713462081));
#5854=CARTESIAN_POINT('',(0.0309468796997149,0.00354431889677545,0.309204114247722));
#5855=CARTESIAN_POINT('',(0.0189999999999844,0.00237871378147459,0.309542086962144));
#5856=CARTESIAN_POINT('',(0.1095,0.000333792512945552,0.29994899971303));
#5857=CARTESIAN_POINT('',(0.0912925537385068,0.00236212614134867,0.303004908644858));
#5858=CARTESIAN_POINT('',(0.061293001511713,0.00570411599235435,0.308039985957958));
#5859=CARTESIAN_POINT('',(0.030946879699715,0.00350569060278172,0.309401986198458));
#5860=CARTESIAN_POINT('',(0.0189999999999844,0.00234506519858825,0.30974080332086));
#5861=CARTESIAN_POINT('',(0.1095,0.000298843558221498,0.300342137283191));
#5862=CARTESIAN_POINT('',(0.0912925537385068,0.0023100587717539,0.303395768182429));
#5863=CARTESIAN_POINT('',(0.061293001511713,0.00562384341629741,0.308427092088449));
#5864=CARTESIAN_POINT('',(0.030946879699715,0.00344397195560218,0.309791561392528));
#5865=CARTESIAN_POINT('',(0.0189999999999844,0.00229314181728621,0.310131682019669));
#5866=CARTESIAN_POINT('',(0.1095,0.000288923693585443,0.300535102865852));
#5867=CARTESIAN_POINT('',(0.0912925537385068,0.00229172278722269,0.30358793185839));
#5868=CARTESIAN_POINT('',(0.061293001511713,0.00559164058714036,0.308617934500485));
#5869=CARTESIAN_POINT('',(0.030946879699715,0.00342089100432562,0.30998327295746));
#5870=CARTESIAN_POINT('',(0.0189999999999844,0.00227487662334773,0.310323852440716));
#5871=CARTESIAN_POINT('',(0.1095,0.000285491659416034,0.300911487656032));
#5872=CARTESIAN_POINT('',(0.0912925537385068,0.00227184449665268,0.303963448279941));
#5873=CARTESIAN_POINT('',(0.061293001511713,0.00554466457398263,0.308992020151916));
#5874=CARTESIAN_POINT('',(0.030946879699715,0.00339174039578979,0.310358299797075));
#5875=CARTESIAN_POINT('',(0.0189999999999844,0.00225513666733726,0.310699376166384));
#5876=CARTESIAN_POINT('',(0.1095,0.000291771729980503,0.301094923597644));
#5877=CARTESIAN_POINT('',(0.0912925537385068,0.0022700940957367,0.304146808645931));
#5878=CARTESIAN_POINT('',(0.061293001511713,0.0055296827431822,0.309175255995514));
#5879=CARTESIAN_POINT('',(0.030946879699715,0.00338546245479608,0.310541617553905));
#5880=CARTESIAN_POINT('',(0.0189999999999844,0.00225345381320566,0.310882737168065));
#5881=CARTESIAN_POINT('',(0.1095,0.00032150718848475,0.301448904548942));
#5882=CARTESIAN_POINT('',(0.0912925537385068,0.00228429932933915,0.304501413828839));
#5883=CARTESIAN_POINT('',(0.061293001511713,0.00551829955618224,0.309530889695464));
#5884=CARTESIAN_POINT('',(0.030946879699715,0.00339091182445827,0.310896574675505));
#5885=CARTESIAN_POINT('',(0.0189999999999844,0.00226778967634282,0.311237337100367));
#5886=CARTESIAN_POINT('',(0.1095,0.000345584388333309,0.301619185074139));
#5887=CARTESIAN_POINT('',(0.0912925537385068,0.00230088715035302,0.304672421847142));
#5888=CARTESIAN_POINT('',(0.061293001511713,0.00552254748019622,0.309703096369915));
#5889=CARTESIAN_POINT('',(0.030946879699715,0.00340327717075021,0.31106799285082));
#5890=CARTESIAN_POINT('',(0.0189999999999844,0.00228444049284314,0.3114083389995));
#5891=CARTESIAN_POINT('',(0.1095,0.000399431705773584,0.301861496723943));
#5892=CARTESIAN_POINT('',(0.0912925537385068,0.00234403959445316,0.304916624848942));
#5893=CARTESIAN_POINT('',(0.061293001511713,0.00554807848487437,0.309950415663379));
#5894=CARTESIAN_POINT('',(0.030946879699715,0.00344039989819031,0.311313262187516));
#5895=CARTESIAN_POINT('',(0.0189999999999844,0.00232768289483745,0.311652526092552));
#5896=CARTESIAN_POINT('',(0.1095,0.000420330318235505,0.301940132216926));
#5897=CARTESIAN_POINT('',(0.0912925537385068,0.00236146094905388,0.304996023798417));
#5898=CARTESIAN_POINT('',(0.061293001511713,0.00555977052536288,0.310031072524182));
#5899=CARTESIAN_POINT('',(0.030946879699715,0.0034558607920179,0.311393091569982));
#5900=CARTESIAN_POINT('',(0.0189999999999844,0.0023451334977317,0.311731918620358));
#5901=CARTESIAN_POINT('',(0.1095,0.00046813970646225,0.302092699537475));
#5902=CARTESIAN_POINT('',(0.0912925537385068,0.00240250995716478,0.305150389817147));
#5903=CARTESIAN_POINT('',(0.0612930015117129,0.00558968077335081,0.310188402173245));
#5904=CARTESIAN_POINT('',(0.0309468796997149,0.00349309833127672,0.311548471685845));
#5905=CARTESIAN_POINT('',(0.0189999999999844,0.00238623936949489,0.31188626950968));
#5906=CARTESIAN_POINT('',(0.1095,0.000494974351545664,0.302166610653698));
#5907=CARTESIAN_POINT('',(0.0912925537385068,0.00242606253064125,0.305225332886709));
#5908=CARTESIAN_POINT('',(0.0612930015117129,0.00560782563191932,0.31026504554375));
#5909=CARTESIAN_POINT('',(0.0309468796997149,0.00351480048902424,0.311623996565591));
#5910=CARTESIAN_POINT('',(0.0189999999999844,0.00240981954949282,0.311961203899162));
#5911=CARTESIAN_POINT('',(0.1095,0.00055390467924913,0.302309064956334));
#5912=CARTESIAN_POINT('',(0.0912925537385068,0.00247865332110007,0.305370091315235));
#5913=CARTESIAN_POINT('',(0.061293001511713,0.00564997106524604,0.310413600372058));
#5914=CARTESIAN_POINT('',(0.030946879699715,0.00356381707975901,0.311770054048892));
#5915=CARTESIAN_POINT('',(0.0189999999999844,0.00246246366376412,0.312105942946972));
#5916=CARTESIAN_POINT('',(0.1095,0.000585985040469069,0.302377601615192));
#5917=CARTESIAN_POINT('',(0.0912925537385068,0.00250767653126104,0.305439899489364));
#5918=CARTESIAN_POINT('',(0.061293001511713,0.00567395715149947,0.31048550356205));
#5919=CARTESIAN_POINT('',(0.030946879699715,0.00359111668328282,0.311840579097037));
#5920=CARTESIAN_POINT('',(0.0189999999999844,0.0024915125885701,0.312175740425991));
#5921=CARTESIAN_POINT('',(0.1095,0.000655204952227707,0.30250885733654));
#5922=CARTESIAN_POINT('',(0.0912925537385068,0.00257102678825872,0.305573930495338));
#5923=CARTESIAN_POINT('',(0.061293001511713,0.0057276362546173,0.310624107273877));
#5924=CARTESIAN_POINT('',(0.030946879699715,0.00365115765797532,0.311976174794749));
#5925=CARTESIAN_POINT('',(0.0189999999999844,0.00255491221705309,0.312309748088187));
#5926=CARTESIAN_POINT('',(0.1095,0.00069228995840174,0.302571842115072));
#5927=CARTESIAN_POINT('',(0.0912925537385068,0.00260528777965736,0.305638416151813));
#5928=CARTESIAN_POINT('',(0.0612930015117129,0.00575724424978971,0.310691065856296));
#5929=CARTESIAN_POINT('',(0.0309468796997149,0.00368382648381969,0.31204150663878));
#5930=CARTESIAN_POINT('',(0.0189999999999844,0.0025891969621152,0.312374221120312));
#5931=CARTESIAN_POINT('',(0.1095,0.00075185488593266,0.302660390302416));
#5932=CARTESIAN_POINT('',(0.0912925537385068,0.00266086834222849,0.305729399087062));
#5933=CARTESIAN_POINT('',(0.061293001511713,0.00580625996175054,0.310786060411069));
#5934=CARTESIAN_POINT('',(0.030946879699715,0.00373716068114519,0.312133862272848));
#5935=CARTESIAN_POINT('',(0.0189999999999844,0.00264481103841482,0.312465183576142));
#5936=CARTESIAN_POINT('',(0.1095,0.000772378461377393,0.30268885966229));
#5937=CARTESIAN_POINT('',(0.0912925537385068,0.00268010827419821,0.305758711253556));
#5938=CARTESIAN_POINT('',(0.061293001511713,0.00582338489478434,0.310816761230364));
#5939=CARTESIAN_POINT('',(0.030946879699715,0.00375567690127648,0.312163649609544));
#5940=CARTESIAN_POINT('',(0.0189999999999844,0.00266406176750764,0.312494488653528));
#5941=CARTESIAN_POINT('',(0.1095,0.000814847906130955,0.302743152345235));
#5942=CARTESIAN_POINT('',(0.0912925537385068,0.00272012338298976,0.305814756772155));
#5943=CARTESIAN_POINT('',(0.061293001511713,0.00585935610973064,0.310875694813769));
#5944=CARTESIAN_POINT('',(0.030946879699715,0.00379430826759919,0.312220683368209));
#5945=CARTESIAN_POINT('',(0.0189999999999844,0.0027040975204796,0.312550519428483));
#5946=CARTESIAN_POINT('',(0.1095,0.000836831989697356,0.302768879005049));
#5947=CARTESIAN_POINT('',(0.0912925537385068,0.00274094092655062,0.305841395315937));
#5948=CARTESIAN_POINT('',(0.061293001511713,0.00587825160023043,0.310903835825844));
#5949=CARTESIAN_POINT('',(0.030946879699715,0.00381446812167815,0.312247836027659));
#5950=CARTESIAN_POINT('',(0.0189999999999844,0.00272492487616997,0.312577150302126));
#5951=CARTESIAN_POINT('',(0.1095,0.000904723207233598,0.302842077478613));
#5952=CARTESIAN_POINT('',(0.0912925537385068,0.00280550286596633,0.305917421797797));
#5953=CARTESIAN_POINT('',(0.061293001511713,0.00593732804478761,0.310984521883866));
#5954=CARTESIAN_POINT('',(0.030946879699715,0.00387715303056616,0.312325456926601));
#5955=CARTESIAN_POINT('',(0.0189999999999844,0.00278951481917574,0.312653152996733));
#5956=CARTESIAN_POINT('',(0.1095,0.000952377573815687,0.302886051269127));
#5957=CARTESIAN_POINT('',(0.0912925537385068,0.00285114406791587,0.30596339476506));
#5958=CARTESIAN_POINT('',(0.061293001511713,0.00597965225012665,0.311033788800561));
#5959=CARTESIAN_POINT('',(0.030946879699715,0.00392165922025906,0.31237255701982));
#5960=CARTESIAN_POINT('',(0.0189999999999844,0.00283517295447692,0.3126991091483));
#5961=CARTESIAN_POINT('',(0.1095,0.001,0.30293));
#5962=CARTESIAN_POINT('',(0.0912925537385068,0.00289675448585247,0.306009341324306));
#5963=CARTESIAN_POINT('',(0.061293001511713,0.00602194757677363,0.311083027087585));
#5964=CARTESIAN_POINT('',(0.030946879699715,0.00396613527790308,0.312419629944816));
#5965=CARTESIAN_POINT('',(0.0189999999999844,0.00288080029603845,0.312745038903192));
#5966=CARTESIAN_POINT('',(0.024,0.00283136085518803,0.309488828257166));
#5967=CARTESIAN_POINT('',(0.0239283847141046,0.0028302517625561,0.309461573137747));
#5968=CARTESIAN_POINT('',(0.0238228212238106,0.00282992364777247,0.309415160602846));
#5969=CARTESIAN_POINT('',(0.0236957929247658,0.0028353238068561,0.309331728355765));
#5970=CARTESIAN_POINT('',(0.023625734640373,0.00285111234625484,0.309224728825637));
#5971=CARTESIAN_POINT('',(0.0236954336711696,0.00287950653645562,0.309120389335116));
#5972=CARTESIAN_POINT('',(0.0238229114560383,0.00290760476434559,0.309042782314287));
#5973=CARTESIAN_POINT('',(0.0239283567212576,0.00292598561906303,0.309001342870449));
#5974=CARTESIAN_POINT('',(0.0239999999999993,0.00293754602291751,0.308977418168088));
#5975=CARTESIAN_POINT('',(0.024,0.00283136085518801,0.309488828257166));
#5976=CARTESIAN_POINT('',(0.024,0.00293754602291721,0.308977418168089));
#5977=CARTESIAN_POINT('',(0.024,0.00293754602291717,0.308977418168089));
#5978=CARTESIAN_POINT('',(0.024,0.00289760186434728,0.309146943657892));
#5979=CARTESIAN_POINT('',(0.024,0.00286202212292526,0.309317375340937));
#5980=CARTESIAN_POINT('',(0.024,0.00283136085518809,0.309488828257165));
#5981=CARTESIAN_POINT('',(0.1095,0.0117249845965643,0.284910004019323));
#5982=CARTESIAN_POINT('',(0.0912925537385068,0.0143889732434312,0.288492555560611));
#5983=CARTESIAN_POINT('',(0.0550451433415884,0.0196924457012866,0.295624704359525));
#5984=CARTESIAN_POINT('',(0.0182917744736389,0.0143726114862006,0.295294395398937));
#5985=CARTESIAN_POINT('',(0.,0.0117249845965644,0.295130004019323));
#5986=CARTESIAN_POINT('',(0.1095,0.001,0.30293));
#5987=CARTESIAN_POINT('',(0.0912925537385068,0.00289675448585247,0.306009341324306));
#5988=CARTESIAN_POINT('',(0.0550451433415884,0.0066728160643669,0.312139698494182));
#5989=CARTESIAN_POINT('',(0.0182917744736388,0.00288510494805881,0.312814271792697));
#5990=CARTESIAN_POINT('',(0.,0.001,0.31315));
#5991=CARTESIAN_POINT('',(0.1095,0.001,0.30293));
#5992=CARTESIAN_POINT('',(0.0912925537385068,0.00289675448585247,0.306009341324306));
#5993=CARTESIAN_POINT('',(0.061293001511713,0.00602194757677363,0.311083027087585));
#5994=CARTESIAN_POINT('',(0.0309468796997149,0.00396613527790308,0.312419629944816));
#5995=CARTESIAN_POINT('',(0.0189999999999844,0.00288080029603845,0.312745038903192));
#5996=CARTESIAN_POINT('',(0.1095,0.00104349849689745,0.302960243543192));
#5997=CARTESIAN_POINT('',(0.0912925537385068,0.00293884793634574,0.30604142858455));
#5998=CARTESIAN_POINT('',(0.061293001511713,0.0060617259984387,0.311118152153639));
#5999=CARTESIAN_POINT('',(0.0309468796997149,0.00400743657018727,0.312452756683611));
#6000=CARTESIAN_POINT('',(0.0189999999999844,0.00292290556481247,0.312777110655362));
#6001=CARTESIAN_POINT('',(0.1095,0.0010869969937949,0.302990487086383));
#6002=CARTESIAN_POINT('',(0.0912925537385068,0.00298094138683902,0.306073515844795));
#6003=CARTESIAN_POINT('',(0.061293001511713,0.00610150442010377,0.311153277219693));
#6004=CARTESIAN_POINT('',(0.0309468796997149,0.00404873786247147,0.312485883422406));
#6005=CARTESIAN_POINT('',(0.0189999999999844,0.00296501083358649,0.312809182407531));
#6006=CARTESIAN_POINT('',(0.1095,0.00115365514655827,0.303028740603475));
#6007=CARTESIAN_POINT('',(0.0912925537385068,0.00304580015426849,0.306114610163366));
#6008=CARTESIAN_POINT('',(0.061293001511713,0.00616339842501108,0.311199052193155));
#6009=CARTESIAN_POINT('',(0.0309468796997149,0.00411258214535488,0.312528579370793));
#6010=CARTESIAN_POINT('',(0.0189999999999844,0.00302988473620367,0.312850252831241));
#6011=CARTESIAN_POINT('',(0.1095,0.00117614458111951,0.303040338483322));
#6012=CARTESIAN_POINT('',(0.0912925537385068,0.00306773969188086,0.30612716898278));
#6013=CARTESIAN_POINT('',(0.0612930015117129,0.00618443192330304,0.311213194307464));
#6014=CARTESIAN_POINT('',(0.0309468796997149,0.00413421165378892,0.312541679963178));
#6015=CARTESIAN_POINT('',(0.0189999999999844,0.00305182889916969,0.312862803567894));
#6016=CARTESIAN_POINT('',(0.1095,0.00122164864191536,0.303059813642418));
#6017=CARTESIAN_POINT('',(0.0912925537385068,0.00311230559403817,0.306148596079483));
#6018=CARTESIAN_POINT('',(0.0612930015117129,0.00622745206562838,0.311237837519887));
#6019=CARTESIAN_POINT('',(0.0309468796997149,0.00417824862674879,0.312564207552643));
#6020=CARTESIAN_POINT('',(0.0189999999999844,0.00309640269247006,0.312884214246244));
#6021=CARTESIAN_POINT('',(0.1095,0.00124460220553963,0.303067635052521));
#6022=CARTESIAN_POINT('',(0.0912925537385068,0.00313487345470604,0.30615740592504));
#6023=CARTESIAN_POINT('',(0.061293001511713,0.00624938442168905,0.311248275964021));
#6024=CARTESIAN_POINT('',(0.0309468796997149,0.0042005990299987,0.312573574673219));
#6025=CARTESIAN_POINT('',(0.0189999999999844,0.00311897379740504,0.312893015777765));
#6026=CARTESIAN_POINT('',(0.1095,0.00129031794218838,0.303077501261573));
#6027=CARTESIAN_POINT('',(0.0912925537385068,0.00318007066216002,0.306169251663683));
#6028=CARTESIAN_POINT('',(0.061293001511713,0.00629372727299467,0.3112633832804));
#6029=CARTESIAN_POINT('',(0.0309468796997149,0.00424550389325888,0.312586536460849));
#6030=CARTESIAN_POINT('',(0.0189999999999844,0.00316417536636878,0.312904844865971));
#6031=CARTESIAN_POINT('',(0.1095,0.00131308011521286,0.303079546060521));
#6032=CARTESIAN_POINT('',(0.0912925537385068,0.00320270000894614,0.306172287556769));
#6033=CARTESIAN_POINT('',(0.061293001511713,0.00631613776823962,0.311268052152646));
#6034=CARTESIAN_POINT('',(0.0309468796997149,0.00426805835326916,0.312590131127903));
#6035=CARTESIAN_POINT('',(0.0189999999999844,0.00318680583039755,0.312907872422656));
#6036=CARTESIAN_POINT('',(0.1095,0.00135781861360951,0.303075914774998));
#6037=CARTESIAN_POINT('',(0.0912925537385068,0.0032475118555764,0.30617061884358));
#6038=CARTESIAN_POINT('',(0.061293001511713,0.00636107046730211,0.311269617077521));
#6039=CARTESIAN_POINT('',(0.0309468796997149,0.00431291155327054,0.312589568903284));
#6040=CARTESIAN_POINT('',(0.0189999999999844,0.00323161706007309,0.312906187201664));
#6041=CARTESIAN_POINT('',(0.1095,0.00137979202880387,0.303070221485873));
#6042=CARTESIAN_POINT('',(0.0912925537385068,0.0032696922028593,0.306165896938278));
#6043=CARTESIAN_POINT('',(0.061293001511713,0.00638359176684752,0.31126649567562));
#6044=CARTESIAN_POINT('',(0.0309468796997149,0.00433520856784085,0.312585394659373));
#6045=CARTESIAN_POINT('',(0.0189999999999844,0.00325379566678606,0.312901457125751));
#6046=CARTESIAN_POINT('',(0.1095,0.001444477570247,0.30304358476498));
#6047=CARTESIAN_POINT('',(0.0912925537385068,0.00333541865320305,0.306142138636189));
#6048=CARTESIAN_POINT('',(0.061293001511713,0.00645103327379387,0.311247480008717));
#6049=CARTESIAN_POINT('',(0.0309468796997149,0.00440152187747128,0.312563259195561));
#6050=CARTESIAN_POINT('',(0.0189999999999844,0.00331951336172245,0.31287767461239));
#6051=CARTESIAN_POINT('',(0.1095,0.00148583389320501,0.303013178479223));
#6052=CARTESIAN_POINT('',(0.0912925537385068,0.00337802518775456,0.306113598179779));
#6053=CARTESIAN_POINT('',(0.061293001511713,0.00649569972314371,0.3112220137915));
#6054=CARTESIAN_POINT('',(0.0309468796997149,0.00444483327513189,0.312535770684502));
#6055=CARTESIAN_POINT('',(0.0189999999999844,0.00336210938035679,0.31284911846191));
#6056=CARTESIAN_POINT('',(0.1095,0.00156559279304574,0.302937510729405));
#6057=CARTESIAN_POINT('',(0.0912925537385068,0.00346093950851476,0.306041561324036));
#6058=CARTESIAN_POINT('',(0.061293001511713,0.00658381308243527,0.311155959389029));
#6059=CARTESIAN_POINT('',(0.0309468796997149,0.00452952660659025,0.31246578090887));
#6060=CARTESIAN_POINT('',(0.0189999999999844,0.00344499715989372,0.312777051065592));
#6061=CARTESIAN_POINT('',(0.1095,0.00160427822495374,0.302892031645916));
#6062=CARTESIAN_POINT('',(0.0912925537385068,0.00350153912264808,0.305997860084977));
#6063=CARTESIAN_POINT('',(0.061293001511713,0.00662756660452554,0.311115187420559));
#6064=CARTESIAN_POINT('',(0.0309468796997149,0.00457120542718888,0.312423082009702));
#6065=CARTESIAN_POINT('',(0.0189999999999844,0.00348558067324711,0.312733334872533));
#6066=CARTESIAN_POINT('',(0.1095,0.00168285917216399,0.302793903551276));
#6067=CARTESIAN_POINT('',(0.0912925537385068,0.00358425954192704,0.305903354259331));
#6068=CARTESIAN_POINT('',(0.0612930015117129,0.00671710743709769,0.311026649837044));
#6069=CARTESIAN_POINT('',(0.0309468796997149,0.00465625966033386,0.312330618401389));
#6070=CARTESIAN_POINT('',(0.0189999999999844,0.00356826627414361,0.31263879857886));
#6071=CARTESIAN_POINT('',(0.1095,0.00172302692568882,0.302741736348883));
#6072=CARTESIAN_POINT('',(0.0912925537385068,0.00362663100454194,0.305853042462229));
#6073=CARTESIAN_POINT('',(0.0612930015117129,0.00676310984745732,0.310979395103909));
#6074=CARTESIAN_POINT('',(0.0309468796997149,0.00469987356322755,0.312281352672606));
#6075=CARTESIAN_POINT('',(0.0189999999999844,0.0036106192006784,0.312588471175369));
#6076=CARTESIAN_POINT('',(0.1095,0.00180465127032569,0.302632123913273));
#6077=CARTESIAN_POINT('',(0.0912925537385068,0.00371289102469671,0.305747207249135));
#6078=CARTESIAN_POINT('',(0.0612930015117129,0.00685700785197342,0.31087978344257));
#6079=CARTESIAN_POINT('',(0.0309468796997149,0.00478874715429725,0.312177647038873));
#6080=CARTESIAN_POINT('',(0.0189999999999844,0.00369684022872971,0.312482604190885));
#6081=CARTESIAN_POINT('',(0.1095,0.00184604376101551,0.302574568842152));
#6082=CARTESIAN_POINT('',(0.0912925537385068,0.00375672040546706,0.305691571402865));
#6083=CARTESIAN_POINT('',(0.061293001511713,0.00690485238183123,0.310827309812756));
#6084=CARTESIAN_POINT('',(0.0309468796997149,0.00483395044163479,0.312123093242077));
#6085=CARTESIAN_POINT('',(0.0189999999999844,0.00374064911206236,0.312426952201421));
#6086=CARTESIAN_POINT('',(0.1095,0.00192914959757275,0.302454205005363));
#6087=CARTESIAN_POINT('',(0.0912925537385068,0.00384492906314996,0.305575070068117));
#6088=CARTESIAN_POINT('',(0.061293001511713,0.00700146871770607,0.310717172540822));
#6089=CARTESIAN_POINT('',(0.0309468796997149,0.00492503604461439,0.312008769566864));
#6090=CARTESIAN_POINT('',(0.0189999999999844,0.00382881484833534,0.312310418377971));
#6091=CARTESIAN_POINT('',(0.1095,0.001970899714093,0.302391418690935));
#6092=CARTESIAN_POINT('',(0.0912925537385068,0.00388934405913219,0.305514228595374));
#6093=CARTESIAN_POINT('',(0.0612930015117129,0.00705027451014869,0.310659535492184));
#6094=CARTESIAN_POINT('',(0.0309468796997149,0.00497095348644875,0.311949024586237));
#6095=CARTESIAN_POINT('',(0.0189999999999844,0.00387320742919052,0.312249560546562));
#6096=CARTESIAN_POINT('',(0.1095,0.00205504416541687,0.302261546566592));
#6097=CARTESIAN_POINT('',(0.0912925537385068,0.00397900498254812,0.305388282520695));
#6098=CARTESIAN_POINT('',(0.0612930015117129,0.00714902466498435,0.310540058184749));
#6099=CARTESIAN_POINT('',(0.0309468796997149,0.00506372456952905,0.31182529199893));
#6100=CARTESIAN_POINT('',(0.0189999999999844,0.00396282195185004,0.312123581448663));
#6101=CARTESIAN_POINT('',(0.1095,0.00209744121362136,0.302194465160128));
#6102=CARTESIAN_POINT('',(0.0912925537385068,0.00402425342571722,0.305323182432416));
#6103=CARTESIAN_POINT('',(0.061293001511713,0.00719897121742874,0.310478222621187));
#6104=CARTESIAN_POINT('',(0.030946879699715,0.0051105806150676,0.311761308968037));
#6105=CARTESIAN_POINT('',(0.0189999999999844,0.00400804641105241,0.312058464694902));
#6106=CARTESIAN_POINT('',(0.1095,0.00218311770683754,0.302056893252969));
#6107=CARTESIAN_POINT('',(0.0912925537385068,0.00411578004558819,0.305189618239992));
#6108=CARTESIAN_POINT('',(0.061293001511713,0.0073001368156382,0.310351261751696));
#6109=CARTESIAN_POINT('',(0.030946879699715,0.00520540550739416,0.311630004305345));
#6110=CARTESIAN_POINT('',(0.0189999999999844,0.00409952382369504,0.311924866792347));
#6111=CARTESIAN_POINT('',(0.1095,0.00222637850477788,0.301986372490828));
#6112=CARTESIAN_POINT('',(0.0912925537385068,0.00416204093361788,0.305121123117038));
#6113=CARTESIAN_POINT('',(0.061293001511713,0.0073513408109015,0.310286104179092));
#6114=CARTESIAN_POINT('',(0.0309468796997149,0.00525335783136872,0.311562651227741));
#6115=CARTESIAN_POINT('',(0.0189999999999844,0.00414575947703722,0.311856354631115));
#6116=CARTESIAN_POINT('',(0.1095,0.00235722541654037,0.301770031927765));
#6117=CARTESIAN_POINT('',(0.0912925537385068,0.00430209495548929,0.304910915124053));
#6118=CARTESIAN_POINT('',(0.0612930015117129,0.00750656495474406,0.310086000533179));
#6119=CARTESIAN_POINT('',(0.0309468796997149,0.00539860277635338,0.311355900747416));
#6120=CARTESIAN_POINT('',(0.0189999999999844,0.00428573605505208,0.311646095055182));
#6121=CARTESIAN_POINT('',(0.1095,0.00244583824626004,0.301619460420998));
#6122=CARTESIAN_POINT('',(0.0912925537385068,0.00439712055573416,0.304764504497544));
#6123=CARTESIAN_POINT('',(0.061293001511713,0.00761215657515046,0.309946445593232));
#6124=CARTESIAN_POINT('',(0.0309468796997149,0.00549724386488343,0.311211836004606));
#6125=CARTESIAN_POINT('',(0.0189999999999844,0.00438070771549664,0.31149964943022));
#6126=CARTESIAN_POINT('',(0.1095,0.0027146486290101,0.301151803768854));
#6127=CARTESIAN_POINT('',(0.0912925537385068,0.00468586045218386,0.304309490821942));
#6128=CARTESIAN_POINT('',(0.061293001511713,0.00793373339329146,0.309512263155001));
#6129=CARTESIAN_POINT('',(0.030946879699715,0.00579721992252546,0.310763950376605));
#6130=CARTESIAN_POINT('',(0.0189999999999844,0.00466927997863015,0.311044529410623));
#6131=CARTESIAN_POINT('',(0.1095,0.0028980890928716,0.300818941512562));
#6132=CARTESIAN_POINT('',(0.0912925537385068,0.00488350113058198,0.303985282529646));
#6133=CARTESIAN_POINT('',(0.061293001511713,0.00815477109681353,0.309202313591861));
#6134=CARTESIAN_POINT('',(0.030946879699715,0.00600286661160221,0.310444621146381));
#6135=CARTESIAN_POINT('',(0.0189999999999844,0.00486680121462293,0.310720248327154));
#6136=CARTESIAN_POINT('',(0.1095,0.00317593386329696,0.300297124653404));
#6137=CARTESIAN_POINT('',(0.0912925537385068,0.00518362566271205,0.303476606931639));
#6138=CARTESIAN_POINT('',(0.061293001511713,0.00849160494365263,0.308715290231331));
#6139=CARTESIAN_POINT('',(0.0309468796997149,0.00631555236311843,0.309943354526377));
#6140=CARTESIAN_POINT('',(0.0189999999999844,0.00516673834477246,0.310211462193928));
#6141=CARTESIAN_POINT('',(0.1095,0.00326889121040891,0.300119268427329));
#6142=CARTESIAN_POINT('',(0.0912925537385068,0.00528418017822651,0.303303153570489));
#6143=CARTESIAN_POINT('',(0.061293001511713,0.0086046769559645,0.308549091263485));
#6144=CARTESIAN_POINT('',(0.0309468796997149,0.00642039012457971,0.309772383478682));
#6145=CARTESIAN_POINT('',(0.0189999999999844,0.00526722895814901,0.310037971798916));
#6146=CARTESIAN_POINT('',(0.1095,0.00345329246422873,0.299754912219859));
#6147=CARTESIAN_POINT('',(0.0912925537385068,0.0054841564994508,0.302947553433201));
#6148=CARTESIAN_POINT('',(0.061293001511713,0.00883031558267224,0.30820791809091));
#6149=CARTESIAN_POINT('',(0.0309468796997149,0.00662914759172534,0.309421719970428));
#6150=CARTESIAN_POINT('',(0.0189999999999844,0.00546707427265441,0.309682298011608));
#6151=CARTESIAN_POINT('',(0.1095,0.00354456642090808,0.299568370444103));
#6152=CARTESIAN_POINT('',(0.0912925537385068,0.00558341050643393,0.302765357513489));
#6153=CARTESIAN_POINT('',(0.061293001511713,0.00894271794294021,0.308032882633652));
#6154=CARTESIAN_POINT('',(0.030946879699715,0.00673290071157633,0.309241974222845));
#6155=CARTESIAN_POINT('',(0.0189999999999844,0.00556626115696129,0.309500065537554));
#6156=CARTESIAN_POINT('',(0.1095,0.00372626580009524,0.299186538048841));
#6157=CARTESIAN_POINT('',(0.0912925537385068,0.00578145404153061,0.30239219643608));
#6158=CARTESIAN_POINT('',(0.061293001511713,0.00916769097445108,0.307674008878531));
#6159=CARTESIAN_POINT('',(0.030946879699715,0.00694015900088727,0.308873701991527));
#6160=CARTESIAN_POINT('',(0.0189999999999844,0.00576416721629732,0.309126831523003));
#6161=CARTESIAN_POINT('',(0.1095,0.00381665594479484,0.298991134100639));
#6162=CARTESIAN_POINT('',(0.0912925537385068,0.00588021331307174,0.302201116623888));
#6163=CARTESIAN_POINT('',(0.061293001511713,0.00928023966237543,0.30749005374172));
#6164=CARTESIAN_POINT('',(0.0309468796997149,0.00704363674472268,0.308685060105819));
#6165=CARTESIAN_POINT('',(0.0189999999999844,0.00586285609251885,0.308935715339163));
#6166=CARTESIAN_POINT('',(0.1095,0.0039982002063298,0.298592362719097));
#6167=CARTESIAN_POINT('',(0.0912925537385068,0.00607884247589188,0.301811042108298));
#6168=CARTESIAN_POINT('',(0.061293001511713,0.00950701881290024,0.307114308642819));
#6169=CARTESIAN_POINT('',(0.0309468796997149,0.00725189829033392,0.308299888840211));
#6170=CARTESIAN_POINT('',(0.0189999999999844,0.00606134154893941,0.308545567671539));
#6171=CARTESIAN_POINT('',(0.1095,0.00408942426543139,0.298389108476839));
#6172=CARTESIAN_POINT('',(0.0912925537385068,0.00617877722805843,0.30161216343732));
#6173=CARTESIAN_POINT('',(0.0612930015117129,0.00962130576403972,0.306922639394689));
#6174=CARTESIAN_POINT('',(0.0309468796997149,0.00735674408814111,0.308103477094664));
#6175=CARTESIAN_POINT('',(0.0189999999999844,0.00616120303276701,0.308346652196273));
#6176=CARTESIAN_POINT('',(0.1095,0.00436745616448905,0.297770402378523));
#6177=CARTESIAN_POINT('',(0.0912925537385068,0.00648332382479425,0.301006791696951));
#6178=CARTESIAN_POINT('',(0.0612930015117129,0.00996953938016033,0.306339238048295));
#6179=CARTESIAN_POINT('',(0.0309468796997149,0.00767623954020615,0.307505623199314));
#6180=CARTESIAN_POINT('',(0.0189999999999844,0.00646552660616335,0.307741168296488));
#6181=CARTESIAN_POINT('',(0.1095,0.00455817433742228,0.297345774832687));
#6182=CARTESIAN_POINT('',(0.0912925537385068,0.00669223963376422,0.300591311381273));
#6183=CARTESIAN_POINT('',(0.061293001511713,0.0102084385775115,0.305938829193212));
#6184=CARTESIAN_POINT('',(0.0309468796997149,0.00789541508631319,0.30709530004673));
#6185=CARTESIAN_POINT('',(0.0189999999999844,0.00667428934917689,0.307325611040622));
#6186=CARTESIAN_POINT('',(0.1095,0.00495150505345522,0.296478758237326));
#6187=CARTESIAN_POINT('',(0.0912925537385068,0.00712271932481,0.299743143080138));
#6188=CARTESIAN_POINT('',(0.061293001511713,0.010700126886178,0.305121716339333));
#6189=CARTESIAN_POINT('',(0.0309468796997149,0.00834683918562025,0.306257758320599));
#6190=CARTESIAN_POINT('',(0.0189999999999844,0.00710445656868079,0.306477284200643));
#6191=CARTESIAN_POINT('',(0.1095,0.00515423836974906,0.296036554843193));
#6192=CARTESIAN_POINT('',(0.0912925537385068,0.00734439563407566,0.299310645675068));
#6193=CARTESIAN_POINT('',(0.061293001511713,0.0109530146733648,0.304705211035607));
#6194=CARTESIAN_POINT('',(0.0309468796997149,0.00857919546057421,0.305830733104129));
#6195=CARTESIAN_POINT('',(0.0189999999999844,0.00732597354256184,0.306044705155492));
#6196=CARTESIAN_POINT('',(0.1095,0.00557359784700749,0.295140558553714));
#6197=CARTESIAN_POINT('',(0.0912925537385068,0.00780212119097507,0.298434690776894));
#6198=CARTESIAN_POINT('',(0.061293001511713,0.0114739542138947,0.303862277394589));
#6199=CARTESIAN_POINT('',(0.0309468796997149,0.00905855162330076,0.304966077443187));
#6200=CARTESIAN_POINT('',(0.0189999999999844,0.00778337639047515,0.305168581682964));
#6201=CARTESIAN_POINT('',(0.1095,0.00579028994880439,0.294686642644161));
#6202=CARTESIAN_POINT('',(0.0912925537385067,0.00803824163087726,0.297991113386814));
#6203=CARTESIAN_POINT('',(0.061293001511713,0.0117420858120504,0.303435734296435));
#6204=CARTESIAN_POINT('',(0.0309468796997149,0.0093056256640755,0.304528328859219));
#6205=CARTESIAN_POINT('',(0.0189999999999844,0.00801933341260439,0.304724917332392));
#6206=CARTESIAN_POINT('',(0.1095,0.00623802031354558,0.293772369255579));
#6207=CARTESIAN_POINT('',(0.0912925537385068,0.00852508287020596,0.297098156441027));
#6208=CARTESIAN_POINT('',(0.0612930015117129,0.0122933681985874,0.302577899450132));
#6209=CARTESIAN_POINT('',(0.0309468796997149,0.0098145174209362,0.303647390018386));
#6210=CARTESIAN_POINT('',(0.0189999999999844,0.00850584567824587,0.303831781087399));
#6211=CARTESIAN_POINT('',(0.1095,0.00646905858213565,0.293312010893501));
#6212=CARTESIAN_POINT('',(0.0912925537385068,0.00877580371386803,0.296648776004204));
#6213=CARTESIAN_POINT('',(0.061293001511713,0.0125765190947867,0.302146606824047));
#6214=CARTESIAN_POINT('',(0.0309468796997149,0.0100763352030144,0.303204198881491));
#6215=CARTESIAN_POINT('',(0.0189999999999844,0.00875640096566908,0.303382308311844));
#6216=CARTESIAN_POINT('',(0.1095,0.00718446558000499,0.291927764218582));
#6217=CARTESIAN_POINT('',(0.0912925537385068,0.00955035453023409,0.295298443610716));
#6218=CARTESIAN_POINT('',(0.061293001511713,0.0134485183971405,0.300852153395815));
#6219=CARTESIAN_POINT('',(0.0309468796997149,0.0108842310115451,0.301872987192032));
#6220=CARTESIAN_POINT('',(0.0189999999999844,0.00953045430504819,0.302031690654825));
#6221=CARTESIAN_POINT('',(0.1095,0.00769037911591079,0.291000982441611));
#6222=CARTESIAN_POINT('',(0.0912925537385068,0.0100958146716763,0.294395545494518));
#6223=CARTESIAN_POINT('',(0.061293001511713,0.0140591376191668,0.299988607263328));
#6224=CARTESIAN_POINT('',(0.0309468796997149,0.0114519873334719,0.300983554565576));
#6225=CARTESIAN_POINT('',(0.0189999999999844,0.0100755818077352,0.301128591645753));
#6226=CARTESIAN_POINT('',(0.1095,0.00875904419511122,0.28917460763312));
#6227=CARTESIAN_POINT('',(0.0912925537385068,0.0112422759901173,0.292619370661242));
#6228=CARTESIAN_POINT('',(0.061293001511713,0.0153337801393329,0.298295144566428));
#6229=CARTESIAN_POINT('',(0.0309468796997149,0.0126423097865816,0.299235682229886));
#6230=CARTESIAN_POINT('',(0.0189999999999844,0.0112213887578976,0.299351994564928));
#6231=CARTESIAN_POINT('',(0.1095,0.00932104024320421,0.288274505881186));
#6232=CARTESIAN_POINT('',(0.0912925537385068,0.0118425453513644,0.291745553169904));
#6233=CARTESIAN_POINT('',(0.061293001511713,0.0159971106372363,0.297464634414142));
#6234=CARTESIAN_POINT('',(0.0309468796997149,0.0132641574523697,0.298376683674591));
#6235=CARTESIAN_POINT('',(0.0189999999999844,0.0118213361904463,0.298477955988528));
#6236=CARTESIAN_POINT('',(0.1095,0.0104918734225083,0.286536247150043));
#6237=CARTESIAN_POINT('',(0.0912925537385068,0.0130871279838406,0.290061792287543));
#6238=CARTESIAN_POINT('',(0.061293001511713,0.0173632067725047,0.295870667072144));
#6239=CARTESIAN_POINT('',(0.0309468796997149,0.0145503196615569,0.296723648409662));
#6240=CARTESIAN_POINT('',(0.0189999999999844,0.0130652984934157,0.296793736707872));
#6241=CARTESIAN_POINT('',(0.1095,0.0111007825363325,0.285697980665775));
#6242=CARTESIAN_POINT('',(0.0912925537385068,0.0137315178870663,0.289251742747011));
#6243=CARTESIAN_POINT('',(0.061293001511713,0.0180660567024365,0.295107109261706));
#6244=CARTESIAN_POINT('',(0.030946879699715,0.0152147134582521,0.295929507442363));
#6245=CARTESIAN_POINT('',(0.0189999999999844,0.0137093899567257,0.295983449825881));
#6246=CARTESIAN_POINT('',(0.1095,0.0117249845965643,0.284910004019323));
#6247=CARTESIAN_POINT('',(0.0912925537385068,0.0143889732434312,0.288492555560611));
#6248=CARTESIAN_POINT('',(0.061293001511713,0.0187783019496916,0.294395357113587));
#6249=CARTESIAN_POINT('',(0.030946879699715,0.0158909168584056,0.29518655161106));
#6250=CARTESIAN_POINT('',(0.0189999999999844,0.0143665656093111,0.295224020482411));
#6251=CARTESIAN_POINT('',(-0.109501999987054,-0.00402895333064397,0.334580766056711));
#6252=CARTESIAN_POINT('',(-0.109501999987054,-0.003858675371429,0.333468727201003));
#6253=CARTESIAN_POINT('',(0.1095,-0.003858675371429,0.333468727201003));
#6254=CARTESIAN_POINT('',(0.1095,-0.00402895333064397,0.334580766056711));
#6255=CARTESIAN_POINT('',(0.1095,-0.00419923128985898,0.33569280491242));
#6256=CARTESIAN_POINT('',(-0.109501999987054,-0.00419923128985898,0.33569280491242));
#6257=CARTESIAN_POINT('',(-0.109501999987054,-0.00531127014556756,0.335522526953205));
#6258=CARTESIAN_POINT('',(0.1095,-0.00531127014556756,0.335522526953205));
#6259=CARTESIAN_POINT('',(0.1095,-0.00642330900127609,0.33535224899399));
#6260=CARTESIAN_POINT('',(-0.109501999987054,-0.00642330900127609,0.33535224899399));
#6261=CARTESIAN_POINT('',(-0.109501999987054,-0.00625303104206108,0.334240210138281));
#6262=CARTESIAN_POINT('',(0.1095,-0.00625303104206108,0.334240210138281));
#6263=CARTESIAN_POINT('',(0.1095,-0.00608275308284608,0.333128171282573));
#6264=CARTESIAN_POINT('',(-0.109501999987054,-0.00608275308284608,0.333128171282573));
#6265=CARTESIAN_POINT('',(-0.109501999987054,-0.00497071422713754,0.333298449241788));
#6266=CARTESIAN_POINT('',(0.1095,-0.00497071422713754,0.333298449241788));
#6267=CARTESIAN_POINT('',(0.1095,0.00143842697312568,0.32504153995987));
#6268=CARTESIAN_POINT('',(0.014,0.00355997356163026,0.310558524760274));
#6269=CARTESIAN_POINT('',(0.014,0.00390547190183676,0.310848432290113));
#6270=CARTESIAN_POINT('',(0.024,0.00390547190183676,0.310848432290113));
#6271=CARTESIAN_POINT('',(0.024,0.00355997356163026,0.310558524760274));
#6272=CARTESIAN_POINT('',(0.024,0.00321447522142375,0.310268617230434));
#6273=CARTESIAN_POINT('',(0.014,0.00321447522142375,0.310268617230434));
#6274=CARTESIAN_POINT('',(0.014,0.00390547190183677,0.30944511945408));
#6275=CARTESIAN_POINT('',(0.024,0.00390547190183677,0.30944511945408));
#6276=CARTESIAN_POINT('',(0.024,0.00459646858224984,0.310268617230434));
#6277=CARTESIAN_POINT('',(0.014,0.00459646858224984,0.310268617230434));
#6278=CARTESIAN_POINT('',(0.024,0.00390547190183677,0.30944511945408));
#6279=CARTESIAN_POINT('',(0.014,0.00425097024204329,0.310558524760274));
#6280=CARTESIAN_POINT('',(0.024,0.00425097024204329,0.310558524760274));
#6281=CARTESIAN_POINT('',(0.024,0.00143842697312568,0.32504153995987));
#6282=CARTESIAN_POINT('',(0.014,0.00626530838724145,0.305347888931342));
#6283=CARTESIAN_POINT('',(0.014,0.00661080672744793,0.305637796461181));
#6284=CARTESIAN_POINT('',(0.024,0.00661080672744793,0.305637796461181));
#6285=CARTESIAN_POINT('',(0.024,0.00626530838724145,0.305347888931342));
#6286=CARTESIAN_POINT('',(0.024,0.00591981004703493,0.305057981401502));
#6287=CARTESIAN_POINT('',(0.014,0.00591981004703493,0.305057981401502));
#6288=CARTESIAN_POINT('',(0.014,0.00661080672744795,0.304234483625149));
#6289=CARTESIAN_POINT('',(0.024,0.00661080672744795,0.304234483625149));
#6290=CARTESIAN_POINT('',(0.024,0.00730180340786097,0.305057981401502));
#6291=CARTESIAN_POINT('',(0.014,0.00730180340786097,0.305057981401502));
#6292=CARTESIAN_POINT('',(0.014,0.00695630506765445,0.305347888931342));
#6293=CARTESIAN_POINT('',(0.024,0.00695630506765445,0.305347888931342));
#6294=CARTESIAN_POINT('',(0.024,0.00143842697312568,0.32504153995987));
#6295=MECHANICAL_DESIGN_GEOMETRIC_PRESENTATION_REPRESENTATION('',(#595),
#6296);
#6296=(
GEOMETRIC_REPRESENTATION_CONTEXT(3)
GLOBAL_UNCERTAINTY_ASSIGNED_CONTEXT((#6297))
GLOBAL_UNIT_ASSIGNED_CONTEXT((#6300,#6299,#6298))
REPRESENTATION_CONTEXT('Part 1','TOP_LEVEL_ASSEMBLY_PART')
);
#6297=UNCERTAINTY_MEASURE_WITH_UNIT(LENGTH_MEASURE(2.E-5),#6300,
'DISTANCE_ACCURACY_VALUE','Maximum Tolerance applied to model');
#6298=(
NAMED_UNIT(*)
SI_UNIT($,.STERADIAN.)
SOLID_ANGLE_UNIT()
);
#6299=(
NAMED_UNIT(*)
PLANE_ANGLE_UNIT()
SI_UNIT($,.RADIAN.)
);
#6300=(
LENGTH_UNIT()
NAMED_UNIT(*)
SI_UNIT($,.METRE.)
);
#6301=PRODUCT_DEFINITION_SHAPE('','',#6302);
#6302=PRODUCT_DEFINITION('','',#6304,#6303);
#6303=PRODUCT_DEFINITION_CONTEXT('',#6310,'design');
#6304=PRODUCT_DEFINITION_FORMATION_WITH_SPECIFIED_SOURCE('','',#6306,
 .NOT_KNOWN.);
#6305=PRODUCT_RELATED_PRODUCT_CATEGORY('','',(#6306));
#6306=PRODUCT('Part 1','Part 1','Part 1',(#6308));
#6307=PRODUCT_CATEGORY('','');
#6308=PRODUCT_CONTEXT('',#6310,'mechanical');
#6309=APPLICATION_PROTOCOL_DEFINITION('international standard',
'ap242_managed_model_based_3d_engineering',2020,#6310);
#6310=APPLICATION_CONTEXT('managed model based 3d engineering');
ENDSEC;
END-ISO-10303-21;
