ISO-10303-21;
HEADER;
/* Generated by software containing ST-Developer
 * from STEP Tools, Inc. (www.steptools.com) 
 */
/* OPTION: using custom renumber hook */

FILE_DESCRIPTION(
/* description */ ('STEP AP242 Edition 2',
'CAx-IF Rec.Pracs.---Representation and Presentation of Product Manufa
cturing Information (PMI)---4.0---2014-10-13',
'CAx-IF Rec.Pracs.---3D Tessellated Geometry---0.4---2014-09-14','2;1',
'CAx-IF Rec.Pracs.---User Defined Attributes---1.5---2016-08-15'),
/* implementation_level */ '2;1');

FILE_NAME(
/* name */ 'Main chassis - Part 1 (1)',
/* time_stamp */ '2026-06-20T13:42:31Z',
/* author */ (''),
/* organization */ (''),
/* preprocessor_version */ 'ST-DEVELOPER v20',
/* originating_system */ 'ONSHAPE BY PTC INC, 1.216',
/* authorisation */ '  ');

FILE_SCHEMA (('AP242_MANAGED_MODEL_BASED_3D_ENGINEERING_MIM_LF { 1 0 10303 442 3 1 4 }'));
ENDSEC;

DATA;
#10=SHAPE_REPRESENTATION_RELATIONSHIP('','',#231,#11);
#11=ADVANCED_BREP_SHAPE_REPRESENTATION('',(#229),#2716);
#12=CYLINDRICAL_SURFACE('',#242,0.001075);
#13=CYLINDRICAL_SURFACE('',#245,0.00107499999999999);
#14=B_SPLINE_SURFACE_WITH_KNOTS('',3,3,((#1681,#1682,#1683,#1684),(#1685,
#1686,#1687,#1688),(#1689,#1690,#1691,#1692),(#1693,#1694,#1695,#1696),
(#1697,#1698,#1699,#1700),(#1701,#1702,#1703,#1704),(#1705,#1706,#1707,
#1708),(#1709,#1710,#1711,#1712),(#1713,#1714,#1715,#1716),(#1717,#1718,
#1719,#1720),(#1721,#1722,#1723,#1724),(#1725,#1726,#1727,#1728),(#1729,
#1730,#1731,#1732),(#1733,#1734,#1735,#1736),(#1737,#1738,#1739,#1740),
(#1741,#1742,#1743,#1744),(#1745,#1746,#1747,#1748),(#1749,#1750,#1751,
#1752),(#1753,#1754,#1755,#1756),(#1757,#1758,#1759,#1760),(#1761,#1762,
#1763,#1764),(#1765,#1766,#1767,#1768),(#1769,#1770,#1771,#1772),(#1773,
#1774,#1775,#1776),(#1777,#1778,#1779,#1780),(#1781,#1782,#1783,#1784),
(#1785,#1786,#1787,#1788),(#1789,#1790,#1791,#1792),(#1793,#1794,#1795,
#1796),(#1797,#1798,#1799,#1800),(#1801,#1802,#1803,#1804),(#1805,#1806,
#1807,#1808),(#1809,#1810,#1811,#1812),(#1813,#1814,#1815,#1816),(#1817,
#1818,#1819,#1820),(#1821,#1822,#1823,#1824),(#1825,#1826,#1827,#1828),
(#1829,#1830,#1831,#1832),(#1833,#1834,#1835,#1836),(#1837,#1838,#1839,
#1840),(#1841,#1842,#1843,#1844),(#1845,#1846,#1847,#1848),(#1849,#1850,
#1851,#1852),(#1853,#1854,#1855,#1856),(#1857,#1858,#1859,#1860),(#1861,
#1862,#1863,#1864),(#1865,#1866,#1867,#1868),(#1869,#1870,#1871,#1872),
(#1873,#1874,#1875,#1876),(#1877,#1878,#1879,#1880),(#1881,#1882,#1883,
#1884),(#1885,#1886,#1887,#1888),(#1889,#1890,#1891,#1892),(#1893,#1894,
#1895,#1896),(#1897,#1898,#1899,#1900),(#1901,#1902,#1903,#1904),(#1905,
#1906,#1907,#1908),(#1909,#1910,#1911,#1912),(#1913,#1914,#1915,#1916),
(#1917,#1918,#1919,#1920),(#1921,#1922,#1923,#1924),(#1925,#1926,#1927,
#1928),(#1929,#1930,#1931,#1932),(#1933,#1934,#1935,#1936),(#1937,#1938,
#1939,#1940),(#1941,#1942,#1943,#1944),(#1945,#1946,#1947,#1948),(#1949,
#1950,#1951,#1952),(#1953,#1954,#1955,#1956),(#1957,#1958,#1959,#1960),
(#1961,#1962,#1963,#1964),(#1965,#1966,#1967,#1968),(#1969,#1970,#1971,
#1972),(#1973,#1974,#1975,#1976),(#1977,#1978,#1979,#1980),(#1981,#1982,
#1983,#1984),(#1985,#1986,#1987,#1988),(#1989,#1990,#1991,#1992),(#1993,
#1994,#1995,#1996),(#1997,#1998,#1999,#2000),(#2001,#2002,#2003,#2004),
(#2005,#2006,#2007,#2008),(#2009,#2010,#2011,#2012),(#2013,#2014,#2015,
#2016),(#2017,#2018,#2019,#2020),(#2021,#2022,#2023,#2024),(#2025,#2026,
#2027,#2028),(#2029,#2030,#2031,#2032),(#2033,#2034,#2035,#2036),(#2037,
#2038,#2039,#2040),(#2041,#2042,#2043,#2044),(#2045,#2046,#2047,#2048),
(#2049,#2050,#2051,#2052),(#2053,#2054,#2055,#2056),(#2057,#2058,#2059,
#2060),(#2061,#2062,#2063,#2064),(#2065,#2066,#2067,#2068),(#2069,#2070,
#2071,#2072),(#2073,#2074,#2075,#2076),(#2077,#2078,#2079,#2080),(#2081,
#2082,#2083,#2084),(#2085,#2086,#2087,#2088),(#2089,#2090,#2091,#2092),
(#2093,#2094,#2095,#2096),(#2097,#2098,#2099,#2100),(#2101,#2102,#2103,
#2104),(#2105,#2106,#2107,#2108),(#2109,#2110,#2111,#2112),(#2113,#2114,
#2115,#2116),(#2117,#2118,#2119,#2120),(#2121,#2122,#2123,#2124),(#2125,
#2126,#2127,#2128),(#2129,#2130,#2131,#2132),(#2133,#2134,#2135,#2136),
(#2137,#2138,#2139,#2140),(#2141,#2142,#2143,#2144),(#2145,#2146,#2147,
#2148),(#2149,#2150,#2151,#2152),(#2153,#2154,#2155,#2156),(#2157,#2158,
#2159,#2160),(#2161,#2162,#2163,#2164),(#2165,#2166,#2167,#2168),(#2169,
#2170,#2171,#2172),(#2173,#2174,#2175,#2176),(#2177,#2178,#2179,#2180),
(#2181,#2182,#2183,#2184),(#2185,#2186,#2187,#2188),(#2189,#2190,#2191,
#2192),(#2193,#2194,#2195,#2196),(#2197,#2198,#2199,#2200),(#2201,#2202,
#2203,#2204),(#2205,#2206,#2207,#2208),(#2209,#2210,#2211,#2212),(#2213,
#2214,#2215,#2216)),.UNSPECIFIED.,.F.,.F.,.F.,(4,2,2,2,2,2,2,2,2,2,2,2,
2,2,2,2,2,2,2,2,2,2,2,2,2,2,2,2,2,2,2,2,2,2,2,2,2,2,2,2,2,2,2,2,2,2,2,2,
2,2,2,2,2,2,2,2,2,2,2,2,2,2,2,2,2,2,4),(4,4),(0.,0.00361422619590545,0.00722845239181091,
0.0108426785877164,0.0144569047836218,0.0180711309795273,0.0216853571754327,
0.0252995833713382,0.0289138095672436,0.0592602530182673,0.0896066964692909,
0.119953139920314,0.135126361645826,0.142712972508582,0.150299583371338,
0.16547280509685,0.180646026822362,0.195819248547873,0.210992470273385,
0.226165691998897,0.241338913724409,0.256512135449921,0.271685357175433,
0.393071130979528,0.423417574430551,0.438590796156063,0.453764017881575,
0.468937239607086,0.484110461332598,0.514456904783622,0.522043515646378,
0.529630126509134,0.544803348234646,0.575149791685669,0.590323013411181,
0.605496235136693,0.620669456862205,0.628256067724961,0.635842678587716,
0.643429289450472,0.651015900313228,0.66618912203874,0.696535565489764,
0.726882008940787,0.742055230666299,0.749641841529055,0.757228452391811,
0.764815063254567,0.772401674117323,0.779988284980079,0.787574895842835,
0.817921339293858,0.848267782744882,0.878614226195906,0.908960669646929,
0.924133891372441,0.939307113097953,0.954480334823465,0.969653556548976,
0.977240167411732,0.984826778274488,0.988620083705866,0.990516736421555,
0.992413389137244,0.994310041852933,0.996206694568622,1.),(0.,1.),
 .UNSPECIFIED.);
#15=B_SPLINE_SURFACE_WITH_KNOTS('',3,3,((#2225,#2226,#2227,#2228),(#2229,
#2230,#2231,#2232),(#2233,#2234,#2235,#2236),(#2237,#2238,#2239,#2240),
(#2241,#2242,#2243,#2244),(#2245,#2246,#2247,#2248),(#2249,#2250,#2251,
#2252),(#2253,#2254,#2255,#2256),(#2257,#2258,#2259,#2260),(#2261,#2262,
#2263,#2264),(#2265,#2266,#2267,#2268),(#2269,#2270,#2271,#2272),(#2273,
#2274,#2275,#2276),(#2277,#2278,#2279,#2280),(#2281,#2282,#2283,#2284),
(#2285,#2286,#2287,#2288),(#2289,#2290,#2291,#2292),(#2293,#2294,#2295,
#2296),(#2297,#2298,#2299,#2300),(#2301,#2302,#2303,#2304),(#2305,#2306,
#2307,#2308),(#2309,#2310,#2311,#2312),(#2313,#2314,#2315,#2316),(#2317,
#2318,#2319,#2320),(#2321,#2322,#2323,#2324),(#2325,#2326,#2327,#2328),
(#2329,#2330,#2331,#2332),(#2333,#2334,#2335,#2336),(#2337,#2338,#2339,
#2340),(#2341,#2342,#2343,#2344),(#2345,#2346,#2347,#2348),(#2349,#2350,
#2351,#2352),(#2353,#2354,#2355,#2356),(#2357,#2358,#2359,#2360),(#2361,
#2362,#2363,#2364),(#2365,#2366,#2367,#2368),(#2369,#2370,#2371,#2372),
(#2373,#2374,#2375,#2376),(#2377,#2378,#2379,#2380),(#2381,#2382,#2383,
#2384),(#2385,#2386,#2387,#2388),(#2389,#2390,#2391,#2392),(#2393,#2394,
#2395,#2396),(#2397,#2398,#2399,#2400),(#2401,#2402,#2403,#2404),(#2405,
#2406,#2407,#2408),(#2409,#2410,#2411,#2412),(#2413,#2414,#2415,#2416),
(#2417,#2418,#2419,#2420),(#2421,#2422,#2423,#2424),(#2425,#2426,#2427,
#2428),(#2429,#2430,#2431,#2432),(#2433,#2434,#2435,#2436),(#2437,#2438,
#2439,#2440),(#2441,#2442,#2443,#2444),(#2445,#2446,#2447,#2448),(#2449,
#2450,#2451,#2452),(#2453,#2454,#2455,#2456),(#2457,#2458,#2459,#2460),
(#2461,#2462,#2463,#2464),(#2465,#2466,#2467,#2468),(#2469,#2470,#2471,
#2472),(#2473,#2474,#2475,#2476),(#2477,#2478,#2479,#2480),(#2481,#2482,
#2483,#2484),(#2485,#2486,#2487,#2488),(#2489,#2490,#2491,#2492),(#2493,
#2494,#2495,#2496),(#2497,#2498,#2499,#2500),(#2501,#2502,#2503,#2504),
(#2505,#2506,#2507,#2508),(#2509,#2510,#2511,#2512),(#2513,#2514,#2515,
#2516),(#2517,#2518,#2519,#2520),(#2521,#2522,#2523,#2524),(#2525,#2526,
#2527,#2528),(#2529,#2530,#2531,#2532),(#2533,#2534,#2535,#2536),(#2537,
#2538,#2539,#2540),(#2541,#2542,#2543,#2544),(#2545,#2546,#2547,#2548),
(#2549,#2550,#2551,#2552),(#2553,#2554,#2555,#2556),(#2557,#2558,#2559,
#2560),(#2561,#2562,#2563,#2564),(#2565,#2566,#2567,#2568),(#2569,#2570,
#2571,#2572),(#2573,#2574,#2575,#2576),(#2577,#2578,#2579,#2580),(#2581,
#2582,#2583,#2584),(#2585,#2586,#2587,#2588),(#2589,#2590,#2591,#2592),
(#2593,#2594,#2595,#2596),(#2597,#2598,#2599,#2600),(#2601,#2602,#2603,
#2604),(#2605,#2606,#2607,#2608),(#2609,#2610,#2611,#2612),(#2613,#2614,
#2615,#2616),(#2617,#2618,#2619,#2620),(#2621,#2622,#2623,#2624),(#2625,
#2626,#2627,#2628),(#2629,#2630,#2631,#2632),(#2633,#2634,#2635,#2636),
(#2637,#2638,#2639,#2640),(#2641,#2642,#2643,#2644),(#2645,#2646,#2647,
#2648),(#2649,#2650,#2651,#2652),(#2653,#2654,#2655,#2656),(#2657,#2658,
#2659,#2660),(#2661,#2662,#2663,#2664),(#2665,#2666,#2667,#2668),(#2669,
#2670,#2671,#2672),(#2673,#2674,#2675,#2676),(#2677,#2678,#2679,#2680),
(#2681,#2682,#2683,#2684),(#2685,#2686,#2687,#2688)),.UNSPECIFIED.,.F.,
 .F.,.F.,(4,2,2,2,2,2,2,2,2,2,2,2,2,2,2,2,2,2,2,2,2,2,2,2,2,2,2,2,2,2,2,
2,2,2,2,2,2,2,2,2,2,2,2,2,2,2,2,2,2,2,2,2,2,2,2,2,2,4),(4,4),(0.,0.00390625,
0.005859375,0.0078125,0.009765625,0.01171875,0.015625,0.0234375,0.03125,
0.046875,0.0625,0.078125,0.09375,0.125,0.15625,0.1875,0.21875,0.2265625,
0.234375,0.2421875,0.25,0.265625,0.28125,0.3125,0.34375,0.359375,0.375,
0.3828125,0.390625,0.3984375,0.40625,0.421875,0.4375,0.46875,0.484375,0.5,
0.5078125,0.515625,0.53125,0.546875,0.5625,0.625,0.6875,0.75,0.78125,0.796875,
0.8046875,0.8125,0.8203125,0.828125,0.8359375,0.84375,0.859375,0.875,0.890625,
0.90625,0.9375,1.),(0.,1.),.UNSPECIFIED.);
#16=B_SPLINE_CURVE_WITH_KNOTS('',3,(#314,#315,#316,#317,#318,#319,#320,
#321,#322,#323,#324,#325,#326,#327,#328,#329,#330,#331,#332,#333,#334,#335,
#336,#337,#338,#339,#340,#341,#342,#343,#344,#345,#346,#347,#348,#349,#350,
#351,#352,#353,#354,#355,#356,#357,#358,#359,#360,#361,#362,#363,#364,#365,
#366,#367,#368,#369,#370,#371,#372,#373,#374,#375,#376,#377,#378,#379,#380,
#381,#382,#383,#384,#385,#386,#387,#388,#389,#390,#391,#392,#393,#394,#395,
#396,#397,#398,#399,#400,#401,#402,#403,#404,#405,#406,#407,#408,#409,#410,
#411,#412,#413,#414,#415,#416,#417,#418,#419,#420,#421,#422,#423,#424,#425,
#426,#427,#428,#429,#430,#431,#432,#433,#434,#435,#436,#437,#438,#439,#440,
#441,#442,#443,#444,#445,#446,#447,#448,#449,#450,#451,#452,#453,#454,#455,
#456,#457,#458,#459,#460,#461,#462,#463,#464,#465,#466,#467,#468,#469,#470,
#471,#472,#473,#474,#475,#476,#477,#478,#479,#480,#481,#482,#483,#484,#485,
#486,#487,#488,#489,#490,#491,#492,#493,#494,#495,#496,#497,#498,#499,#500,
#501,#502,#503,#504,#505,#506,#507,#508,#509,#510,#511,#512,#513,#514,#515,
#516,#517,#518,#519,#520,#521,#522,#523,#524,#525,#526,#527,#528,#529,#530,
#531,#532,#533,#534,#535,#536,#537,#538),.UNSPECIFIED.,.T.,.F.,(1,1,1,1,
1,1,1,1,1,1,1,1,1,1,1,1,1,1,1,1,1,1,1,1,1,1,1,1,1,1,1,1,1,1,1,1,1,1,1,1,
1,1,1,1,1,1,1,1,1,1,1,1,1,1,1,1,1,1,1,1,1,1,1,1,1,1,1,1,1,1,1,1,1,1,1,1,
1,1,1,1,1,1,1,1,1,1,1,1,1,1,1,1,1,1,1,1,1,1,1,1,1,1,1,1,1,1,1,1,1,1,1,1,
1,1,1,1,1,1,1,1,1,1,1,1,1,1,1,1,1,1,1,1,1,1,1,1,1,1,1,1,1,1,1,1,1,1,1,1,
1,1,1,1,1,1,1,1,1,1,1,1,1,1,1,1,1,1,1,1,1,1,1,1,1,1,1,1,1,1,1,1,1,1,1,1,
1,1,1,1,1,1,1,1,1,1,1,1,1,1,1,1,1,1,1,1,1,1,1,1,1,1,1,1,1,1,1,1,1,1,1,1,
1,1,1,1,1,1,1,1,1),(-0.00847323308916304,-0.00480558358315708,-0.00130850818774653,
0.,0.00130850818774653,0.00480558358315713,0.00847323308916294,0.0123038399155774,
0.0162907197968583,0.0204279446736522,0.024710209836495,0.0291327316569027,
0.0336911674049509,0.0383815513716483,0.0432002432617923,0.0481438859785552,
0.0532093707047269,0.0583938077289414,0.0636945018495749,0.0691089314657339,
0.0746347306672271,0.0802696737857387,0.086011661982532,0.0918587115341878,
0.0978089435443014,0.103860574860833,0.110011910019601,0.116261334066906,
0.122607306140504,0.128914357237098,0.13518226298128,0.141410793308526,
0.147599712508266,0.153748779247512,0.159857746575819,0.165926361912199,
0.1719543670144,0.17794149793083,0.18388748493524,0.18979205244417,0.195654918917021,
0.201475796738517,0.207254392083229,0.212990404761688,0.21868352804759,
0.224333448485429,0.229939845677859,0.235502392051959,0.241020752603494,
0.246494584618147,0.251923537368617,0.257307251786318,0.26264536010632,
0.267937485484019,0.273252417438224,0.278590064870732,0.28395034020148,
0.289333159752719,0.29473844421203,0.300166119192166,0.305616115910882,
0.311088372021029,0.316582832630738,0.322099451566966,0.327638192954448,
0.333088464831473,0.338448856486764,0.343717883096626,0.348893978720189,
0.35397548838436,0.358960659102268,0.363847629634575,0.36863441876004,0.3733189117671,
0.377898844808569,0.382371786671639,0.386735117397871,0.390986003032494,
0.395180040813655,0.399316509473871,0.403394659965438,0.407413713845438,
0.41137286155909,0.415271260617693,0.419108033668751,0.422882266458166,
0.426593005687717,0.430239256776088,0.433819981539036,0.437334095814973,
0.440780467077592,0.444157912099334,0.447465194761332,0.450701024151387,
0.453864053157795,0.456952877862852,0.459966038179516,0.462902020378625,
0.465759262453141,0.468536163705758,0.47123110059412,0.473842451820119,
0.476368637036936,0.478808175525982,0.481159773887448,0.483422455061433,
0.485595743778563,0.487679921738464,0.489676345960218,0.491587741910395,
0.493418082038079,0.495170440398511,0.496834608635611,0.498300196986249,
0.5,0.501699803013751,0.503165391364389,0.50482955960149,0.506581917961922,
0.508412258089606,0.510323654039783,0.512320078261537,0.514404256221437,
0.516577544938568,0.518840226112553,0.521191824474019,0.523631362963065,
0.526157548179882,0.528768899405881,0.531463836294242,0.534240737546859,
0.537097979621376,0.540033961820484,0.543047122137148,0.546135946842206,
0.549298975848614,0.552534805238669,0.555842087900666,0.559219532922408,
0.562665904185028,0.566180018460964,0.569760743223912,0.573406994312283,
0.577117733541835,0.58089196633125,0.584728739382307,0.58862713844091,0.592586286154563,
0.596605340034562,0.600683490526129,0.604819959186345,0.609013996967506,
0.61326488260213,0.617628213328362,0.622101155191432,0.626681088232901,
0.63136558123996,0.636152370365425,0.641039340897732,0.64602451161564,0.651106021279812,
0.656282116903374,0.661551143513237,0.666911535168527,0.672361807045553,
0.677900548433035,0.683417167369263,0.688911627978972,0.694383884089119,
0.699833880807835,0.70526155578797,0.710666840247282,0.716049659798521,
0.721409935129269,0.726747582561777,0.732062514515981,0.737354639893681,
0.742692748213683,0.748076462631383,0.753505415381854,0.758979247396507,
0.764497607948041,0.770060154322141,0.775666551514571,0.78131647195241,
0.787009595238312,0.792745607916771,0.798524203261483,0.804345081082979,
0.81020794755583,0.816112515064761,0.822058502069171,0.828045632985601,
0.834073638087802,0.840142253424181,0.846251220752488,0.852400287491734,
0.858589206691475,0.86481773701872,0.871085642762903,0.877392693859497,
0.883738665933094,0.889988089980399,0.896139425139167,0.902191056455699,
0.908141288465812,0.913988338017468,0.919730326214261,0.925365269332773,
0.930891068534266,0.936305498150425,0.941606192271059,0.946790629295273,
0.951856114021445,0.956799756738208,0.961618448628351,0.966308832595049,
0.970867268343097,0.975289790163505,0.979572055326348,0.983709280203142,
0.987696160084423,0.991526766910837,0.995194416416843,0.998691491812253,
1.,1.00130850818775,1.00480558358316,1.00847323308916),.UNSPECIFIED.);
#17=B_SPLINE_CURVE_WITH_KNOTS('',3,(#541,#542,#543,#544,#545,#546,#547,
#548,#549,#550,#551,#552,#553,#554,#555,#556,#557,#558,#559,#560,#561,#562,
#563,#564,#565,#566,#567,#568,#569,#570,#571,#572,#573,#574,#575,#576,#577,
#578,#579,#580,#581,#582,#583,#584,#585,#586,#587,#588,#589,#590,#591,#592,
#593,#594,#595,#596,#597,#598,#599,#600,#601,#602,#603,#604,#605,#606,#607,
#608,#609,#610,#611,#612,#613,#614,#615,#616,#617,#618,#619,#620,#621,#622,
#623,#624,#625,#626,#627,#628,#629,#630,#631,#632,#633,#634,#635,#636,#637,
#638,#639,#640,#641,#642,#643,#644,#645,#646,#647,#648,#649,#650,#651,#652,
#653,#654,#655,#656,#657,#658,#659,#660,#661,#662,#663,#664,#665,#666,#667,
#668,#669,#670,#671,#672,#673,#674,#675,#676,#677,#678,#679,#680,#681,#682,
#683,#684,#685,#686,#687,#688,#689,#690,#691,#692,#693,#694,#695,#696,#697,
#698,#699,#700,#701,#702,#703,#704,#705,#706,#707,#708,#709,#710,#711,#712,
#713,#714,#715,#716,#717,#718,#719,#720,#721,#722,#723,#724,#725,#726,#727,
#728,#729,#730,#731,#732,#733,#734,#735,#736,#737,#738,#739,#740,#741,#742,
#743,#744,#745,#746,#747,#748,#749,#750,#751,#752,#753,#754,#755,#756,#757,
#758,#759,#760,#761,#762,#763,#764,#765),.UNSPECIFIED.,.T.,.F.,(1,1,1,1,
1,1,1,1,1,1,1,1,1,1,1,1,1,1,1,1,1,1,1,1,1,1,1,1,1,1,1,1,1,1,1,1,1,1,1,1,
1,1,1,1,1,1,1,1,1,1,1,1,1,1,1,1,1,1,1,1,1,1,1,1,1,1,1,1,1,1,1,1,1,1,1,1,
1,1,1,1,1,1,1,1,1,1,1,1,1,1,1,1,1,1,1,1,1,1,1,1,1,1,1,1,1,1,1,1,1,1,1,1,
1,1,1,1,1,1,1,1,1,1,1,1,1,1,1,1,1,1,1,1,1,1,1,1,1,1,1,1,1,1,1,1,1,1,1,1,
1,1,1,1,1,1,1,1,1,1,1,1,1,1,1,1,1,1,1,1,1,1,1,1,1,1,1,1,1,1,1,1,1,1,1,1,
1,1,1,1,1,1,1,1,1,1,1,1,1,1,1,1,1,1,1,1,1,1,1,1,1,1,1,1,1,1,1,1,1,1,1,1,
1,1,1,1,1,1,1,1,1),(-0.00847323308916304,-0.00480558358315708,-0.00130850818774653,
0.,0.00130850818774653,0.00480558358315713,0.00847323308916294,0.0123038399155774,
0.0162907197968583,0.0204279446736522,0.024710209836495,0.0291327316569027,
0.0336911674049509,0.0383815513716483,0.0432002432617923,0.0481438859785552,
0.0532093707047269,0.0583938077289414,0.0636945018495749,0.0691089314657339,
0.0746347306672271,0.0802696737857387,0.086011661982532,0.0918587115341878,
0.0978089435443014,0.103860574860833,0.110011910019601,0.116261334066906,
0.122607306140504,0.128914357237098,0.13518226298128,0.141410793308526,
0.147599712508266,0.153748779247512,0.159857746575819,0.165926361912199,
0.1719543670144,0.17794149793083,0.18388748493524,0.18979205244417,0.195654918917021,
0.201475796738517,0.207254392083229,0.212990404761688,0.21868352804759,
0.224333448485429,0.229939845677859,0.235502392051959,0.241020752603494,
0.246494584618147,0.251923537368617,0.257307251786318,0.26264536010632,
0.267937485484019,0.273252417438224,0.278590064870732,0.28395034020148,
0.289333159752719,0.29473844421203,0.300166119192166,0.305616115910882,
0.311088372021029,0.316582832630738,0.322099451566966,0.327638192954448,
0.333088464831473,0.338448856486764,0.343717883096626,0.348893978720189,
0.35397548838436,0.358960659102268,0.363847629634575,0.36863441876004,0.3733189117671,
0.377898844808569,0.382371786671639,0.386735117397871,0.390986003032494,
0.395180040813655,0.399316509473871,0.403394659965438,0.407413713845438,
0.41137286155909,0.415271260617693,0.419108033668751,0.422882266458166,
0.426593005687717,0.430239256776088,0.433819981539036,0.437334095814973,
0.440780467077592,0.444157912099334,0.447465194761332,0.450701024151387,
0.453864053157795,0.456952877862852,0.459966038179516,0.462902020378625,
0.465759262453141,0.468536163705758,0.47123110059412,0.473842451820119,
0.476368637036936,0.478808175525982,0.481159773887448,0.483422455061433,
0.485595743778563,0.487679921738464,0.489676345960218,0.491587741910395,
0.493418082038079,0.495170440398511,0.496834608635611,0.498300196986249,
0.5,0.501699803013751,0.503165391364389,0.50482955960149,0.506581917961922,
0.508412258089606,0.510323654039783,0.512320078261537,0.514404256221437,
0.516577544938568,0.518840226112553,0.521191824474019,0.523631362963065,
0.526157548179882,0.528768899405881,0.531463836294242,0.534240737546859,
0.537097979621376,0.540033961820484,0.543047122137148,0.546135946842206,
0.549298975848614,0.552534805238669,0.555842087900666,0.559219532922408,
0.562665904185028,0.566180018460964,0.569760743223912,0.573406994312283,
0.577117733541835,0.58089196633125,0.584728739382307,0.58862713844091,0.592586286154563,
0.596605340034562,0.600683490526129,0.604819959186345,0.609013996967506,
0.61326488260213,0.617628213328362,0.622101155191432,0.626681088232901,
0.63136558123996,0.636152370365425,0.641039340897732,0.64602451161564,0.651106021279812,
0.656282116903374,0.661551143513237,0.666911535168527,0.672361807045553,
0.677900548433035,0.683417167369263,0.688911627978972,0.694383884089119,
0.699833880807835,0.70526155578797,0.710666840247282,0.716049659798521,
0.721409935129269,0.726747582561777,0.732062514515981,0.737354639893681,
0.742692748213683,0.748076462631383,0.753505415381854,0.758979247396507,
0.764497607948041,0.770060154322141,0.775666551514571,0.78131647195241,
0.787009595238312,0.792745607916771,0.798524203261483,0.804345081082979,
0.81020794755583,0.816112515064761,0.822058502069171,0.828045632985601,
0.834073638087802,0.840142253424181,0.846251220752488,0.852400287491734,
0.858589206691475,0.86481773701872,0.871085642762903,0.877392693859497,
0.883738665933094,0.889988089980399,0.896139425139167,0.902191056455699,
0.908141288465812,0.913988338017468,0.919730326214261,0.925365269332773,
0.930891068534266,0.936305498150425,0.941606192271059,0.946790629295273,
0.951856114021445,0.956799756738208,0.961618448628351,0.966308832595049,
0.970867268343097,0.975289790163505,0.979572055326348,0.983709280203142,
0.987696160084423,0.991526766910837,0.995194416416843,0.998691491812253,
1.,1.00130850818775,1.00480558358316,1.00847323308916),.UNSPECIFIED.);
#18=B_SPLINE_CURVE_WITH_KNOTS('',3,(#767,#768,#769,#770,#771,#772,#773,
#774,#775,#776,#777,#778,#779,#780,#781,#782,#783,#784,#785,#786,#787,#788,
#789,#790,#791,#792,#793,#794,#795,#796,#797,#798,#799,#800,#801,#802,#803,
#804,#805,#806,#807,#808,#809,#810,#811,#812,#813,#814,#815,#816,#817,#818,
#819,#820,#821,#822,#823,#824,#825,#826,#827,#828,#829,#830,#831,#832,#833,
#834,#835,#836,#837,#838,#839,#840,#841,#842,#843,#844,#845,#846,#847,#848,
#849,#850,#851,#852,#853,#854,#855,#856,#857,#858,#859,#860,#861,#862,#863,
#864,#865,#866,#867,#868,#869,#870,#871,#872,#873,#874,#875,#876,#877,#878,
#879,#880,#881,#882,#883,#884,#885,#886,#887,#888,#889,#890,#891,#892,#893,
#894,#895,#896,#897,#898,#899,#900,#901,#902,#903,#904,#905,#906,#907,#908,
#909,#910,#911,#912,#913,#914,#915,#916,#917,#918,#919,#920,#921,#922,#923,
#924,#925,#926,#927,#928,#929,#930,#931,#932,#933,#934,#935,#936,#937,#938,
#939,#940,#941,#942,#943,#944,#945,#946,#947,#948,#949,#950,#951,#952,#953,
#954,#955,#956,#957,#958,#959,#960,#961,#962,#963,#964,#965,#966,#967,#968,
#969,#970,#971,#972,#973,#974,#975,#976,#977,#978,#979,#980,#981,#982,#983,
#984,#985,#986,#987,#988,#989,#990,#991),.UNSPECIFIED.,.T.,.F.,(1,1,1,1,
1,1,1,1,1,1,1,1,1,1,1,1,1,1,1,1,1,1,1,1,1,1,1,1,1,1,1,1,1,1,1,1,1,1,1,1,
1,1,1,1,1,1,1,1,1,1,1,1,1,1,1,1,1,1,1,1,1,1,1,1,1,1,1,1,1,1,1,1,1,1,1,1,
1,1,1,1,1,1,1,1,1,1,1,1,1,1,1,1,1,1,1,1,1,1,1,1,1,1,1,1,1,1,1,1,1,1,1,1,
1,1,1,1,1,1,1,1,1,1,1,1,1,1,1,1,1,1,1,1,1,1,1,1,1,1,1,1,1,1,1,1,1,1,1,1,
1,1,1,1,1,1,1,1,1,1,1,1,1,1,1,1,1,1,1,1,1,1,1,1,1,1,1,1,1,1,1,1,1,1,1,1,
1,1,1,1,1,1,1,1,1,1,1,1,1,1,1,1,1,1,1,1,1,1,1,1,1,1,1,1,1,1,1,1,1,1,1,1,
1,1,1,1,1,1,1,1,1),(-0.00847323308916304,-0.00480558358315708,-0.00130850818774653,
0.,0.00130850818774653,0.00480558358315713,0.00847323308916294,0.0123038399155774,
0.0162907197968583,0.0204279446736522,0.024710209836495,0.0291327316569027,
0.0336911674049509,0.0383815513716483,0.0432002432617923,0.0481438859785552,
0.0532093707047269,0.0583938077289414,0.0636945018495749,0.0691089314657339,
0.0746347306672271,0.0802696737857387,0.086011661982532,0.0918587115341878,
0.0978089435443014,0.103860574860833,0.110011910019601,0.116261334066906,
0.122607306140504,0.128914357237098,0.13518226298128,0.141410793308526,
0.147599712508266,0.153748779247512,0.159857746575819,0.165926361912199,
0.1719543670144,0.17794149793083,0.18388748493524,0.18979205244417,0.195654918917021,
0.201475796738517,0.207254392083229,0.212990404761688,0.21868352804759,
0.224333448485429,0.229939845677859,0.235502392051959,0.241020752603494,
0.246494584618147,0.251923537368617,0.257307251786318,0.26264536010632,
0.267937485484019,0.273252417438224,0.278590064870732,0.28395034020148,
0.289333159752719,0.29473844421203,0.300166119192166,0.305616115910882,
0.311088372021029,0.316582832630738,0.322099451566966,0.327638192954448,
0.333088464831473,0.338448856486764,0.343717883096626,0.348893978720189,
0.35397548838436,0.358960659102268,0.363847629634575,0.36863441876004,0.3733189117671,
0.377898844808569,0.382371786671639,0.386735117397871,0.390986003032494,
0.395180040813655,0.399316509473871,0.403394659965438,0.407413713845438,
0.41137286155909,0.415271260617693,0.419108033668751,0.422882266458166,
0.426593005687717,0.430239256776088,0.433819981539036,0.437334095814973,
0.440780467077592,0.444157912099334,0.447465194761332,0.450701024151387,
0.453864053157795,0.456952877862852,0.459966038179516,0.462902020378625,
0.465759262453141,0.468536163705758,0.47123110059412,0.473842451820119,
0.476368637036936,0.478808175525982,0.481159773887448,0.483422455061433,
0.485595743778563,0.487679921738464,0.489676345960218,0.491587741910395,
0.493418082038079,0.495170440398511,0.496834608635611,0.498300196986249,
0.5,0.501699803013751,0.503165391364389,0.50482955960149,0.506581917961922,
0.508412258089606,0.510323654039783,0.512320078261537,0.514404256221437,
0.516577544938568,0.518840226112553,0.521191824474019,0.523631362963065,
0.526157548179882,0.528768899405881,0.531463836294242,0.534240737546859,
0.537097979621376,0.540033961820484,0.543047122137148,0.546135946842206,
0.549298975848614,0.552534805238669,0.555842087900666,0.559219532922408,
0.562665904185028,0.566180018460964,0.569760743223912,0.573406994312283,
0.577117733541835,0.58089196633125,0.584728739382307,0.58862713844091,0.592586286154563,
0.596605340034562,0.600683490526129,0.604819959186345,0.609013996967506,
0.61326488260213,0.617628213328362,0.622101155191432,0.626681088232901,
0.63136558123996,0.636152370365425,0.641039340897732,0.64602451161564,0.651106021279812,
0.656282116903374,0.661551143513237,0.666911535168527,0.672361807045553,
0.677900548433035,0.683417167369263,0.688911627978972,0.694383884089119,
0.699833880807835,0.70526155578797,0.710666840247282,0.716049659798521,
0.721409935129269,0.726747582561777,0.732062514515981,0.737354639893681,
0.742692748213683,0.748076462631383,0.753505415381854,0.758979247396507,
0.764497607948041,0.770060154322141,0.775666551514571,0.78131647195241,
0.787009595238312,0.792745607916771,0.798524203261483,0.804345081082979,
0.81020794755583,0.816112515064761,0.822058502069171,0.828045632985601,
0.834073638087802,0.840142253424181,0.846251220752488,0.852400287491734,
0.858589206691475,0.86481773701872,0.871085642762903,0.877392693859497,
0.883738665933094,0.889988089980399,0.896139425139167,0.902191056455699,
0.908141288465812,0.913988338017468,0.919730326214261,0.925365269332773,
0.930891068534266,0.936305498150425,0.941606192271059,0.946790629295273,
0.951856114021445,0.956799756738208,0.961618448628351,0.966308832595049,
0.970867268343097,0.975289790163505,0.979572055326348,0.983709280203142,
0.987696160084423,0.991526766910837,0.995194416416843,0.998691491812253,
1.,1.00130850818775,1.00480558358316,1.00847323308916),.UNSPECIFIED.);
#19=B_SPLINE_CURVE_WITH_KNOTS('',3,(#997,#998,#999,#1000,#1001,#1002,#1003,
#1004,#1005,#1006,#1007,#1008,#1009,#1010,#1011,#1012,#1013,#1014,#1015,
#1016,#1017,#1018,#1019,#1020,#1021,#1022,#1023,#1024,#1025,#1026,#1027,
#1028,#1029,#1030,#1031,#1032,#1033,#1034,#1035,#1036,#1037,#1038,#1039,
#1040,#1041,#1042,#1043,#1044,#1045,#1046,#1047,#1048,#1049,#1050,#1051,
#1052,#1053,#1054,#1055,#1056,#1057,#1058,#1059,#1060,#1061,#1062,#1063,
#1064,#1065,#1066,#1067,#1068,#1069,#1070,#1071,#1072,#1073,#1074,#1075,
#1076,#1077,#1078,#1079,#1080,#1081,#1082,#1083,#1084,#1085,#1086,#1087,
#1088,#1089,#1090,#1091,#1092,#1093,#1094,#1095,#1096,#1097,#1098,#1099,
#1100,#1101,#1102,#1103,#1104,#1105,#1106,#1107,#1108,#1109,#1110,#1111,
#1112,#1113,#1114,#1115,#1116,#1117,#1118,#1119,#1120,#1121,#1122,#1123,
#1124,#1125,#1126,#1127,#1128,#1129,#1130,#1131,#1132,#1133,#1134,#1135,
#1136,#1137,#1138,#1139,#1140,#1141,#1142,#1143,#1144,#1145,#1146,#1147,
#1148,#1149,#1150,#1151,#1152,#1153,#1154,#1155,#1156,#1157,#1158,#1159,
#1160,#1161,#1162,#1163,#1164,#1165,#1166,#1167,#1168,#1169,#1170,#1171,
#1172,#1173,#1174,#1175,#1176,#1177,#1178,#1179,#1180,#1181,#1182,#1183,
#1184,#1185,#1186,#1187,#1188,#1189,#1190,#1191,#1192,#1193,#1194,#1195,
#1196,#1197,#1198,#1199,#1200,#1201,#1202,#1203,#1204,#1205,#1206,#1207,
#1208,#1209,#1210,#1211,#1212,#1213,#1214,#1215,#1216,#1217,#1218,#1219,
#1220,#1221),.UNSPECIFIED.,.T.,.F.,(1,1,1,1,1,1,1,1,1,1,1,1,1,1,1,1,1,1,
1,1,1,1,1,1,1,1,1,1,1,1,1,1,1,1,1,1,1,1,1,1,1,1,1,1,1,1,1,1,1,1,1,1,1,1,
1,1,1,1,1,1,1,1,1,1,1,1,1,1,1,1,1,1,1,1,1,1,1,1,1,1,1,1,1,1,1,1,1,1,1,1,
1,1,1,1,1,1,1,1,1,1,1,1,1,1,1,1,1,1,1,1,1,1,1,1,1,1,1,1,1,1,1,1,1,1,1,1,
1,1,1,1,1,1,1,1,1,1,1,1,1,1,1,1,1,1,1,1,1,1,1,1,1,1,1,1,1,1,1,1,1,1,1,1,
1,1,1,1,1,1,1,1,1,1,1,1,1,1,1,1,1,1,1,1,1,1,1,1,1,1,1,1,1,1,1,1,1,1,1,1,
1,1,1,1,1,1,1,1,1,1,1,1,1,1,1,1,1,1,1,1,1,1,1,1,1,1,1,1,1,1,1),(-0.00847323308916304,
-0.00480558358315708,-0.00130850818774653,0.,0.00130850818774653,0.00480558358315713,
0.00847323308916294,0.0123038399155774,0.0162907197968583,0.0204279446736522,
0.024710209836495,0.0291327316569027,0.0336911674049509,0.0383815513716483,
0.0432002432617923,0.0481438859785552,0.0532093707047269,0.0583938077289414,
0.0636945018495749,0.0691089314657339,0.0746347306672271,0.0802696737857387,
0.086011661982532,0.0918587115341878,0.0978089435443014,0.103860574860833,
0.110011910019601,0.116261334066906,0.122607306140504,0.128914357237098,
0.13518226298128,0.141410793308526,0.147599712508266,0.153748779247512,
0.159857746575819,0.165926361912199,0.1719543670144,0.17794149793083,0.18388748493524,
0.18979205244417,0.195654918917021,0.201475796738517,0.207254392083229,
0.212990404761688,0.21868352804759,0.224333448485429,0.229939845677859,
0.235502392051959,0.241020752603494,0.246494584618147,0.251923537368617,
0.257307251786318,0.26264536010632,0.267937485484019,0.273252417438224,
0.278590064870732,0.28395034020148,0.289333159752719,0.29473844421203,0.300166119192166,
0.305616115910882,0.311088372021029,0.316582832630738,0.322099451566966,
0.327638192954448,0.333088464831473,0.338448856486764,0.343717883096626,
0.348893978720189,0.35397548838436,0.358960659102268,0.363847629634575,
0.36863441876004,0.3733189117671,0.377898844808569,0.382371786671639,0.386735117397871,
0.390986003032494,0.395180040813655,0.399316509473871,0.403394659965438,
0.407413713845438,0.41137286155909,0.415271260617693,0.419108033668751,
0.422882266458166,0.426593005687717,0.430239256776088,0.433819981539036,
0.437334095814973,0.440780467077592,0.444157912099334,0.447465194761332,
0.450701024151387,0.453864053157795,0.456952877862852,0.459966038179516,
0.462902020378625,0.465759262453141,0.468536163705758,0.47123110059412,
0.473842451820119,0.476368637036936,0.478808175525982,0.481159773887448,
0.483422455061433,0.485595743778563,0.487679921738464,0.489676345960218,
0.491587741910395,0.493418082038079,0.495170440398511,0.496834608635611,
0.498300196986249,0.5,0.501699803013751,0.503165391364389,0.50482955960149,
0.506581917961922,0.508412258089606,0.510323654039783,0.512320078261537,
0.514404256221437,0.516577544938568,0.518840226112553,0.521191824474019,
0.523631362963065,0.526157548179882,0.528768899405881,0.531463836294242,
0.534240737546859,0.537097979621376,0.540033961820484,0.543047122137148,
0.546135946842206,0.549298975848614,0.552534805238669,0.555842087900666,
0.559219532922408,0.562665904185028,0.566180018460964,0.569760743223912,
0.573406994312283,0.577117733541835,0.58089196633125,0.584728739382307,
0.58862713844091,0.592586286154563,0.596605340034562,0.600683490526129,
0.604819959186345,0.609013996967506,0.61326488260213,0.617628213328362,
0.622101155191432,0.626681088232901,0.63136558123996,0.636152370365425,
0.641039340897732,0.64602451161564,0.651106021279812,0.656282116903374,
0.661551143513237,0.666911535168527,0.672361807045553,0.677900548433035,
0.683417167369263,0.688911627978972,0.694383884089119,0.699833880807835,
0.70526155578797,0.710666840247282,0.716049659798521,0.721409935129269,
0.726747582561777,0.732062514515981,0.737354639893681,0.742692748213683,
0.748076462631383,0.753505415381854,0.758979247396507,0.764497607948041,
0.770060154322141,0.775666551514571,0.78131647195241,0.787009595238312,
0.792745607916771,0.798524203261483,0.804345081082979,0.81020794755583,
0.816112515064761,0.822058502069171,0.828045632985601,0.834073638087802,
0.840142253424181,0.846251220752488,0.852400287491734,0.858589206691475,
0.86481773701872,0.871085642762903,0.877392693859497,0.883738665933094,
0.889988089980399,0.896139425139167,0.902191056455699,0.908141288465812,
0.913988338017468,0.919730326214261,0.925365269332773,0.930891068534266,
0.936305498150425,0.941606192271059,0.946790629295273,0.951856114021445,
0.956799756738208,0.961618448628351,0.966308832595049,0.970867268343097,
0.975289790163505,0.979572055326348,0.983709280203142,0.987696160084423,
0.991526766910837,0.995194416416843,0.998691491812253,1.,1.00130850818775,
1.00480558358316,1.00847323308916),.UNSPECIFIED.);
#20=B_SPLINE_CURVE_WITH_KNOTS('',3,(#1223,#1224,#1225,#1226,#1227,#1228,
#1229,#1230,#1231,#1232,#1233,#1234,#1235,#1236,#1237,#1238,#1239,#1240,
#1241,#1242,#1243,#1244,#1245,#1246,#1247,#1248,#1249,#1250,#1251,#1252,
#1253,#1254,#1255,#1256,#1257,#1258,#1259,#1260,#1261,#1262,#1263,#1264,
#1265,#1266,#1267,#1268,#1269,#1270,#1271,#1272,#1273,#1274,#1275,#1276,
#1277,#1278,#1279,#1280,#1281,#1282,#1283,#1284,#1285,#1286,#1287,#1288,
#1289,#1290,#1291,#1292,#1293,#1294,#1295,#1296,#1297,#1298,#1299,#1300,
#1301,#1302,#1303,#1304,#1305,#1306,#1307,#1308,#1309,#1310,#1311,#1312,
#1313,#1314,#1315,#1316,#1317,#1318,#1319,#1320,#1321,#1322,#1323,#1324,
#1325,#1326,#1327,#1328,#1329,#1330,#1331,#1332,#1333,#1334,#1335,#1336,
#1337,#1338,#1339,#1340,#1341,#1342,#1343,#1344,#1345,#1346,#1347,#1348,
#1349,#1350,#1351,#1352,#1353,#1354,#1355,#1356,#1357,#1358,#1359,#1360,
#1361,#1362,#1363,#1364,#1365,#1366,#1367,#1368,#1369,#1370,#1371,#1372,
#1373,#1374,#1375,#1376,#1377,#1378,#1379,#1380,#1381,#1382,#1383,#1384,
#1385,#1386,#1387,#1388,#1389,#1390,#1391,#1392,#1393,#1394,#1395,#1396,
#1397,#1398,#1399,#1400,#1401,#1402,#1403,#1404,#1405,#1406,#1407,#1408,
#1409,#1410,#1411,#1412,#1413,#1414,#1415,#1416,#1417,#1418,#1419,#1420,
#1421,#1422,#1423,#1424,#1425,#1426,#1427,#1428,#1429,#1430,#1431,#1432,
#1433,#1434,#1435,#1436,#1437,#1438,#1439,#1440,#1441,#1442,#1443,#1444,
#1445,#1446,#1447),.UNSPECIFIED.,.T.,.F.,(1,1,1,1,1,1,1,1,1,1,1,1,1,1,1,
1,1,1,1,1,1,1,1,1,1,1,1,1,1,1,1,1,1,1,1,1,1,1,1,1,1,1,1,1,1,1,1,1,1,1,1,
1,1,1,1,1,1,1,1,1,1,1,1,1,1,1,1,1,1,1,1,1,1,1,1,1,1,1,1,1,1,1,1,1,1,1,1,
1,1,1,1,1,1,1,1,1,1,1,1,1,1,1,1,1,1,1,1,1,1,1,1,1,1,1,1,1,1,1,1,1,1,1,1,
1,1,1,1,1,1,1,1,1,1,1,1,1,1,1,1,1,1,1,1,1,1,1,1,1,1,1,1,1,1,1,1,1,1,1,1,
1,1,1,1,1,1,1,1,1,1,1,1,1,1,1,1,1,1,1,1,1,1,1,1,1,1,1,1,1,1,1,1,1,1,1,1,
1,1,1,1,1,1,1,1,1,1,1,1,1,1,1,1,1,1,1,1,1,1,1,1,1,1,1,1,1,1,1,1,1,1),(-0.00847323308916304,
-0.00480558358315708,-0.00130850818774653,0.,0.00130850818774653,0.00480558358315713,
0.00847323308916294,0.0123038399155774,0.0162907197968583,0.0204279446736522,
0.024710209836495,0.0291327316569027,0.0336911674049509,0.0383815513716483,
0.0432002432617923,0.0481438859785552,0.0532093707047269,0.0583938077289414,
0.0636945018495749,0.0691089314657339,0.0746347306672271,0.0802696737857387,
0.086011661982532,0.0918587115341878,0.0978089435443014,0.103860574860833,
0.110011910019601,0.116261334066906,0.122607306140504,0.128914357237098,
0.13518226298128,0.141410793308526,0.147599712508266,0.153748779247512,
0.159857746575819,0.165926361912199,0.1719543670144,0.17794149793083,0.18388748493524,
0.18979205244417,0.195654918917021,0.201475796738517,0.207254392083229,
0.212990404761688,0.21868352804759,0.224333448485429,0.229939845677859,
0.235502392051959,0.241020752603494,0.246494584618147,0.251923537368617,
0.257307251786318,0.26264536010632,0.267937485484019,0.273252417438224,
0.278590064870732,0.28395034020148,0.289333159752719,0.29473844421203,0.300166119192166,
0.305616115910882,0.311088372021029,0.316582832630738,0.322099451566966,
0.327638192954448,0.333088464831473,0.338448856486764,0.343717883096626,
0.348893978720189,0.35397548838436,0.358960659102268,0.363847629634575,
0.36863441876004,0.3733189117671,0.377898844808569,0.382371786671639,0.386735117397871,
0.390986003032494,0.395180040813655,0.399316509473871,0.403394659965438,
0.407413713845438,0.41137286155909,0.415271260617693,0.419108033668751,
0.422882266458166,0.426593005687717,0.430239256776088,0.433819981539036,
0.437334095814973,0.440780467077592,0.444157912099334,0.447465194761332,
0.450701024151387,0.453864053157795,0.456952877862852,0.459966038179516,
0.462902020378625,0.465759262453141,0.468536163705758,0.47123110059412,
0.473842451820119,0.476368637036936,0.478808175525982,0.481159773887448,
0.483422455061433,0.485595743778563,0.487679921738464,0.489676345960218,
0.491587741910395,0.493418082038079,0.495170440398511,0.496834608635611,
0.498300196986249,0.5,0.501699803013751,0.503165391364389,0.50482955960149,
0.506581917961922,0.508412258089606,0.510323654039783,0.512320078261537,
0.514404256221437,0.516577544938568,0.518840226112553,0.521191824474019,
0.523631362963065,0.526157548179882,0.528768899405881,0.531463836294242,
0.534240737546859,0.537097979621376,0.540033961820484,0.543047122137148,
0.546135946842206,0.549298975848614,0.552534805238669,0.555842087900666,
0.559219532922408,0.562665904185028,0.566180018460964,0.569760743223912,
0.573406994312283,0.577117733541835,0.58089196633125,0.584728739382307,
0.58862713844091,0.592586286154563,0.596605340034562,0.600683490526129,
0.604819959186345,0.609013996967506,0.61326488260213,0.617628213328362,
0.622101155191432,0.626681088232901,0.63136558123996,0.636152370365425,
0.641039340897732,0.64602451161564,0.651106021279812,0.656282116903374,
0.661551143513237,0.666911535168527,0.672361807045553,0.677900548433035,
0.683417167369263,0.688911627978972,0.694383884089119,0.699833880807835,
0.70526155578797,0.710666840247282,0.716049659798521,0.721409935129269,
0.726747582561777,0.732062514515981,0.737354639893681,0.742692748213683,
0.748076462631383,0.753505415381854,0.758979247396507,0.764497607948041,
0.770060154322141,0.775666551514571,0.78131647195241,0.787009595238312,
0.792745607916771,0.798524203261483,0.804345081082979,0.81020794755583,
0.816112515064761,0.822058502069171,0.828045632985601,0.834073638087802,
0.840142253424181,0.846251220752488,0.852400287491734,0.858589206691475,
0.86481773701872,0.871085642762903,0.877392693859497,0.883738665933094,
0.889988089980399,0.896139425139167,0.902191056455699,0.908141288465812,
0.913988338017468,0.919730326214261,0.925365269332773,0.930891068534266,
0.936305498150425,0.941606192271059,0.946790629295273,0.951856114021445,
0.956799756738208,0.961618448628351,0.966308832595049,0.970867268343097,
0.975289790163505,0.979572055326348,0.983709280203142,0.987696160084423,
0.991526766910837,0.995194416416843,0.998691491812253,1.,1.00130850818775,
1.00480558358316,1.00847323308916),.UNSPECIFIED.);
#21=B_SPLINE_CURVE_WITH_KNOTS('',3,(#1449,#1450,#1451,#1452,#1453,#1454,
#1455,#1456,#1457,#1458,#1459,#1460,#1461,#1462,#1463,#1464,#1465,#1466,
#1467,#1468,#1469,#1470,#1471,#1472,#1473,#1474,#1475,#1476,#1477,#1478,
#1479,#1480,#1481,#1482,#1483,#1484,#1485,#1486,#1487,#1488,#1489,#1490,
#1491,#1492,#1493,#1494,#1495,#1496,#1497,#1498,#1499,#1500,#1501,#1502,
#1503,#1504,#1505,#1506,#1507,#1508,#1509,#1510,#1511,#1512,#1513,#1514,
#1515,#1516,#1517,#1518,#1519,#1520,#1521,#1522,#1523,#1524,#1525,#1526,
#1527,#1528,#1529,#1530,#1531,#1532,#1533,#1534,#1535,#1536,#1537,#1538,
#1539,#1540,#1541,#1542,#1543,#1544,#1545,#1546,#1547,#1548,#1549,#1550,
#1551,#1552,#1553,#1554,#1555,#1556,#1557,#1558,#1559,#1560,#1561,#1562),
 .UNSPECIFIED.,.F.,.F.,(4,1,1,1,1,1,1,1,1,1,1,1,1,1,1,1,1,1,1,1,1,1,1,1,
1,1,1,1,1,1,1,1,1,1,1,1,1,1,1,1,1,1,1,1,1,1,1,1,1,1,1,1,1,1,1,1,1,1,1,1,
1,1,1,1,1,1,1,1,1,1,1,1,1,1,1,1,1,1,1,1,1,1,1,1,1,1,1,1,1,1,1,1,1,1,1,1,
1,1,1,1,1,1,1,1,1,1,1,1,1,1,1,4),(0.,0.00378164662696557,0.00702911412270736,
0.0106919176993989,0.0145109835204039,0.0184556068520533,0.0225293918358576,
0.0267412574190505,0.0310992683086781,0.0356093431332942,0.0402752757822738,
0.0450991022911436,0.0500815088175919,0.0552221870459592,0.0605201170562658,
0.06597378287794,0.071581332903409,0.0773406976007049,0.0832496750932659,
0.0893059929268499,0.0955073523317665,0.101851459669979,0.108336048517896,
0.114958894911996,0.121717827605066,0.128610734684478,0.135635567542292,
0.142790342923428,0.150073143585879,0.15748211796626,0.165015479140843,
0.172671503296261,0.180448527868031,0.188344949463562,0.196359221655505,
0.204489852708383,0.212735403284397,0.221094484161537,0.229565753987672,
0.238260071897781,0.247171831331417,0.256295859318065,0.265627364652646,
0.275161893988724,0.284895294390593,0.294823681194703,0.304943410265923,
0.315251053915346,0.325743379887674,0.336417332937489,0.347270018602143,
0.358298688849724,0.369283197689221,0.380223532358649,0.391119649263276,
0.40197147890611,0.412778929840681,0.423541891869253,0.434260238651438,
0.444933829846834,0.455562512885465,0.46614612443804,0.476684491641868,
0.487314608239173,0.498035738476905,0.508847163880885,0.519748182514662,
0.530738108300792,0.541816270401651,0.552982012657179,0.564234693077198,
0.575573683386194,0.586998368618695,0.598508146763566,0.610102428455746,
0.621780636714208,0.633542206725049,0.645386585668921,0.657313232592189,
0.669321618321461,0.681411225421422,0.693581548196175,0.705832092734641,
0.718162377000913,0.730571930970883,0.743060296816904,0.755627029142752,
0.768271695271724,0.780724365745254,0.792981953831639,0.805041225595624,
0.81689878693183,0.828551069092196,0.839994312470028,0.851224548350247,
0.862237578269943,0.873028950551574,0.88359393346747,0.893927484361624,
0.904024213882581,0.913878344255545,0.923483660221815,0.932833450869838,
0.941920440030148,0.950736702139997,0.959273559399803,0.967521454480893,
0.975469790739795,0.983106728410227,0.990418919822012,0.997391157975183,
1.),.UNSPECIFIED.);
#22=B_SPLINE_CURVE_WITH_KNOTS('',3,(#1567,#1568,#1569,#1570,#1571,#1572,
#1573,#1574,#1575,#1576,#1577,#1578,#1579,#1580,#1581,#1582,#1583,#1584,
#1585,#1586,#1587,#1588,#1589,#1590,#1591,#1592,#1593,#1594,#1595,#1596,
#1597,#1598,#1599,#1600,#1601,#1602,#1603,#1604,#1605,#1606,#1607,#1608,
#1609,#1610,#1611,#1612,#1613,#1614,#1615,#1616,#1617,#1618,#1619,#1620,
#1621,#1622,#1623,#1624,#1625,#1626,#1627,#1628,#1629,#1630,#1631,#1632,
#1633,#1634,#1635,#1636,#1637,#1638,#1639,#1640,#1641,#1642,#1643,#1644,
#1645,#1646,#1647,#1648,#1649,#1650,#1651,#1652,#1653,#1654,#1655,#1656,
#1657,#1658,#1659,#1660,#1661,#1662,#1663,#1664,#1665,#1666,#1667,#1668,
#1669,#1670,#1671,#1672,#1673,#1674,#1675,#1676,#1677,#1678,#1679,#1680),
 .UNSPECIFIED.,.F.,.F.,(4,1,1,1,1,1,1,1,1,1,1,1,1,1,1,1,1,1,1,1,1,1,1,1,
1,1,1,1,1,1,1,1,1,1,1,1,1,1,1,1,1,1,1,1,1,1,1,1,1,1,1,1,1,1,1,1,1,1,1,1,
1,1,1,1,1,1,1,1,1,1,1,1,1,1,1,1,1,1,1,1,1,1,1,1,1,1,1,1,1,1,1,1,1,1,1,1,
1,1,1,1,1,1,1,1,1,1,1,1,1,1,1,4),(0.,0.00260884202481675,0.00958108017798824,
0.0168932715897731,0.0245302092602049,0.0324785455191071,0.0407264406001967,
0.0492632978600034,0.0580795599698519,0.0671665491301617,0.0765163397781846,
0.0861216557444551,0.0959757861174187,0.106072515638377,0.11640606653253,
0.126971049448426,0.137762421730057,0.148775451649754,0.160005687529972,
0.171448930907804,0.18310121306817,0.194958774404377,0.207018046168361,
0.219275634254746,0.231728304728276,0.244372970857248,0.256939703183097,
0.269428069029117,0.281837622999087,0.294167907265359,0.306418451803824,
0.318588774578578,0.330678381678539,0.342686767407811,0.354613414331079,
0.366457793274951,0.378219363285791,0.389897571544253,0.401491853236434,
0.413001631381304,0.424426316613806,0.435765306922802,0.44701798734282,
0.458183729598349,0.469261891699208,0.480251817485337,0.491152836119115,
0.501964261523095,0.512685391760827,0.523315508358132,0.53385387556196,
0.544437487114535,0.555066170153166,0.565739761348562,0.576458108130747,
0.587221070159319,0.598028521093891,0.608880350736724,0.619776467641351,
0.63071680231078,0.641701311150276,0.652729981397858,0.663582667062511,
0.674256620112326,0.684748946084655,0.695056589734078,0.705176318805297,
0.715104705609408,0.724838106011276,0.734372635347354,0.743704140681936,
0.752828168668583,0.761739928102219,0.770434246012329,0.778905515838463,
0.787264596715603,0.795510147291617,0.803640778344495,0.811655050536438,
0.819551472131969,0.827328496703738,0.834984520859156,0.84251788203374,
0.849926856414121,0.857209657076572,0.864364432457708,0.871389265315522,
0.878282172394934,0.885041105088004,0.891663951482104,0.898148540330021,
0.904492647668234,0.91069400707315,0.916750324906734,0.922659302399295,
0.928418667096591,0.93402621712206,0.939479882943734,0.944777812954041,
0.949918491182408,0.954900897708856,0.959724724217726,0.964390656866706,
0.968900731691322,0.973258742580949,0.977470608164142,0.981544393147947,
0.985489016479596,0.989308082300601,0.992970885877293,0.996218353373034,
1.),.UNSPECIFIED.);
#23=B_SPLINE_CURVE_WITH_KNOTS('',3,(#2217,#2218,#2219,#2220),
 .UNSPECIFIED.,.F.,.F.,(4,4),(0.,1.),.PIECEWISE_BEZIER_KNOTS.);
#24=B_SPLINE_CURVE_WITH_KNOTS('',3,(#2221,#2222,#2223,#2224),
 .UNSPECIFIED.,.F.,.F.,(4,4),(0.,1.),.PIECEWISE_BEZIER_KNOTS.);
#25=CIRCLE('',#234,0.00107499999999999);
#26=CIRCLE('',#235,0.001075);
#27=CIRCLE('',#236,0.000364999999999995);
#28=CIRCLE('',#237,0.000364999999999995);
#29=CIRCLE('',#239,0.000365000000000008);
#30=CIRCLE('',#243,0.001075);
#31=CIRCLE('',#246,0.00107499999999999);
#32=ORIENTED_EDGE('',*,*,#92,.T.);
#33=ORIENTED_EDGE('',*,*,#93,.T.);
#34=ORIENTED_EDGE('',*,*,#94,.T.);
#35=ORIENTED_EDGE('',*,*,#95,.T.);
#36=ORIENTED_EDGE('',*,*,#96,.T.);
#37=ORIENTED_EDGE('',*,*,#97,.T.);
#38=ORIENTED_EDGE('',*,*,#98,.T.);
#39=ORIENTED_EDGE('',*,*,#99,.T.);
#40=ORIENTED_EDGE('',*,*,#100,.F.);
#41=ORIENTED_EDGE('',*,*,#101,.T.);
#42=ORIENTED_EDGE('',*,*,#102,.T.);
#43=ORIENTED_EDGE('',*,*,#103,.T.);
#44=ORIENTED_EDGE('',*,*,#104,.F.);
#45=ORIENTED_EDGE('',*,*,#105,.T.);
#46=ORIENTED_EDGE('',*,*,#106,.T.);
#47=ORIENTED_EDGE('',*,*,#107,.T.);
#48=ORIENTED_EDGE('',*,*,#102,.F.);
#49=ORIENTED_EDGE('',*,*,#101,.F.);
#50=ORIENTED_EDGE('',*,*,#100,.T.);
#51=ORIENTED_EDGE('',*,*,#99,.F.);
#52=ORIENTED_EDGE('',*,*,#108,.T.);
#53=ORIENTED_EDGE('',*,*,#107,.F.);
#54=ORIENTED_EDGE('',*,*,#106,.F.);
#55=ORIENTED_EDGE('',*,*,#109,.F.);
#56=ORIENTED_EDGE('',*,*,#109,.T.);
#57=ORIENTED_EDGE('',*,*,#105,.F.);
#58=ORIENTED_EDGE('',*,*,#108,.F.);
#59=ORIENTED_EDGE('',*,*,#98,.F.);
#60=ORIENTED_EDGE('',*,*,#104,.T.);
#61=ORIENTED_EDGE('',*,*,#103,.F.);
#62=ORIENTED_EDGE('',*,*,#110,.F.);
#63=ORIENTED_EDGE('',*,*,#111,.T.);
#64=ORIENTED_EDGE('',*,*,#112,.T.);
#65=ORIENTED_EDGE('',*,*,#96,.F.);
#66=ORIENTED_EDGE('',*,*,#113,.F.);
#67=ORIENTED_EDGE('',*,*,#114,.T.);
#68=ORIENTED_EDGE('',*,*,#110,.T.);
#69=ORIENTED_EDGE('',*,*,#95,.F.);
#70=ORIENTED_EDGE('',*,*,#112,.F.);
#71=ORIENTED_EDGE('',*,*,#115,.T.);
#72=ORIENTED_EDGE('',*,*,#113,.T.);
#73=ORIENTED_EDGE('',*,*,#97,.F.);
#74=ORIENTED_EDGE('',*,*,#111,.F.);
#75=ORIENTED_EDGE('',*,*,#114,.F.);
#76=ORIENTED_EDGE('',*,*,#115,.F.);
#77=ORIENTED_EDGE('',*,*,#116,.F.);
#78=ORIENTED_EDGE('',*,*,#117,.T.);
#79=ORIENTED_EDGE('',*,*,#118,.T.);
#80=ORIENTED_EDGE('',*,*,#93,.F.);
#81=ORIENTED_EDGE('',*,*,#119,.F.);
#82=ORIENTED_EDGE('',*,*,#120,.T.);
#83=ORIENTED_EDGE('',*,*,#116,.T.);
#84=ORIENTED_EDGE('',*,*,#92,.F.);
#85=ORIENTED_EDGE('',*,*,#118,.F.);
#86=ORIENTED_EDGE('',*,*,#121,.T.);
#87=ORIENTED_EDGE('',*,*,#119,.T.);
#88=ORIENTED_EDGE('',*,*,#94,.F.);
#89=ORIENTED_EDGE('',*,*,#117,.F.);
#90=ORIENTED_EDGE('',*,*,#120,.F.);
#91=ORIENTED_EDGE('',*,*,#121,.F.);
#92=EDGE_CURVE('',#122,#123,#144,.T.);
#93=EDGE_CURVE('',#123,#124,#25,.F.);
#94=EDGE_CURVE('',#124,#122,#145,.T.);
#95=EDGE_CURVE('',#125,#126,#146,.T.);
#96=EDGE_CURVE('',#126,#127,#147,.T.);
#97=EDGE_CURVE('',#127,#125,#26,.F.);
#98=EDGE_CURVE('',#128,#129,#16,.F.);
#99=EDGE_CURVE('',#129,#130,#17,.F.);
#100=EDGE_CURVE('',#131,#130,#18,.T.);
#101=EDGE_CURVE('',#131,#132,#27,.F.);
#102=EDGE_CURVE('',#132,#133,#28,.F.);
#103=EDGE_CURVE('',#133,#134,#19,.F.);
#104=EDGE_CURVE('',#128,#134,#20,.T.);
#105=EDGE_CURVE('',#135,#136,#21,.T.);
#106=EDGE_CURVE('',#136,#137,#29,.T.);
#107=EDGE_CURVE('',#137,#135,#22,.T.);
#108=EDGE_CURVE('',#129,#135,#23,.T.);
#109=EDGE_CURVE('',#133,#136,#24,.T.);
#110=EDGE_CURVE('',#138,#126,#148,.T.);
#111=EDGE_CURVE('',#138,#139,#149,.T.);
#112=EDGE_CURVE('',#139,#127,#150,.T.);
#113=EDGE_CURVE('',#140,#125,#151,.T.);
#114=EDGE_CURVE('',#140,#138,#152,.T.);
#115=EDGE_CURVE('',#139,#140,#30,.T.);
#116=EDGE_CURVE('',#141,#123,#153,.T.);
#117=EDGE_CURVE('',#141,#142,#31,.T.);
#118=EDGE_CURVE('',#142,#124,#154,.T.);
#119=EDGE_CURVE('',#143,#122,#155,.T.);
#120=EDGE_CURVE('',#143,#141,#156,.T.);
#121=EDGE_CURVE('',#142,#143,#157,.T.);
#122=VERTEX_POINT('',#303);
#123=VERTEX_POINT('',#304);
#124=VERTEX_POINT('',#306);
#125=VERTEX_POINT('',#309);
#126=VERTEX_POINT('',#310);
#127=VERTEX_POINT('',#312);
#128=VERTEX_POINT('',#539);
#129=VERTEX_POINT('',#540);
#130=VERTEX_POINT('',#766);
#131=VERTEX_POINT('',#992);
#132=VERTEX_POINT('',#994);
#133=VERTEX_POINT('',#996);
#134=VERTEX_POINT('',#1222);
#135=VERTEX_POINT('',#1563);
#136=VERTEX_POINT('',#1564);
#137=VERTEX_POINT('',#1566);
#138=VERTEX_POINT('',#2691);
#139=VERTEX_POINT('',#2693);
#140=VERTEX_POINT('',#2697);
#141=VERTEX_POINT('',#2704);
#142=VERTEX_POINT('',#2706);
#143=VERTEX_POINT('',#2710);
#144=LINE('',#302,#158);
#145=LINE('',#307,#159);
#146=LINE('',#308,#160);
#147=LINE('',#311,#161);
#148=LINE('',#2690,#162);
#149=LINE('',#2692,#163);
#150=LINE('',#2694,#164);
#151=LINE('',#2696,#165);
#152=LINE('',#2698,#166);
#153=LINE('',#2703,#167);
#154=LINE('',#2707,#168);
#155=LINE('',#2709,#169);
#156=LINE('',#2711,#170);
#157=LINE('',#2713,#171);
#158=VECTOR('',#254,1.);
#159=VECTOR('',#257,1.);
#160=VECTOR('',#258,1.);
#161=VECTOR('',#259,1.);
#162=VECTOR('',#272,1.);
#163=VECTOR('',#273,1.);
#164=VECTOR('',#274,1.);
#165=VECTOR('',#277,1.);
#166=VECTOR('',#278,1.);
#167=VECTOR('',#287,1.);
#168=VECTOR('',#290,1.);
#169=VECTOR('',#293,1.);
#170=VECTOR('',#294,1.);
#171=VECTOR('',#297,1.);
#172=EDGE_LOOP('',(#32,#33,#34));
#173=EDGE_LOOP('',(#35,#36,#37));
#174=EDGE_LOOP('',(#38,#39,#40,#41,#42,#43,#44));
#175=EDGE_LOOP('',(#45,#46,#47));
#176=EDGE_LOOP('',(#48,#49,#50,#51,#52,#53,#54,#55));
#177=EDGE_LOOP('',(#56,#57,#58,#59,#60,#61));
#178=EDGE_LOOP('',(#62,#63,#64,#65));
#179=EDGE_LOOP('',(#66,#67,#68,#69));
#180=EDGE_LOOP('',(#70,#71,#72,#73));
#181=EDGE_LOOP('',(#74,#75,#76));
#182=EDGE_LOOP('',(#77,#78,#79,#80));
#183=EDGE_LOOP('',(#81,#82,#83,#84));
#184=EDGE_LOOP('',(#85,#86,#87,#88));
#185=EDGE_LOOP('',(#89,#90,#91));
#186=FACE_BOUND('',#172,.T.);
#187=FACE_BOUND('',#173,.T.);
#188=FACE_BOUND('',#174,.T.);
#189=FACE_BOUND('',#175,.T.);
#190=FACE_BOUND('',#176,.T.);
#191=FACE_BOUND('',#177,.T.);
#192=FACE_BOUND('',#178,.T.);
#193=FACE_BOUND('',#179,.T.);
#194=FACE_BOUND('',#180,.T.);
#195=FACE_BOUND('',#181,.T.);
#196=FACE_BOUND('',#182,.T.);
#197=FACE_BOUND('',#183,.T.);
#198=FACE_BOUND('',#184,.T.);
#199=FACE_BOUND('',#185,.T.);
#200=PLANE('',#233);
#201=PLANE('',#238);
#202=PLANE('',#240);
#203=PLANE('',#241);
#204=PLANE('',#244);
#205=PLANE('',#247);
#206=PLANE('',#248);
#207=PLANE('',#249);
#208=ADVANCED_FACE('',(#186,#187,#188),#200,.T.);
#209=ADVANCED_FACE('',(#189),#201,.T.);
#210=ADVANCED_FACE('',(#190),#14,.T.);
#211=ADVANCED_FACE('',(#191),#15,.T.);
#212=ADVANCED_FACE('',(#192),#202,.T.);
#213=ADVANCED_FACE('',(#193),#203,.T.);
#214=ADVANCED_FACE('',(#194),#12,.F.);
#215=ADVANCED_FACE('',(#195),#204,.T.);
#216=ADVANCED_FACE('',(#196),#13,.F.);
#217=ADVANCED_FACE('',(#197),#205,.T.);
#218=ADVANCED_FACE('',(#198),#206,.T.);
#219=ADVANCED_FACE('',(#199),#207,.T.);
#220=CLOSED_SHELL('',(#208,#209,#210,#211,#212,#213,#214,#215,#216,#217,
#218,#219));
#221=STYLED_ITEM('',(#222),#229);
#222=PRESENTATION_STYLE_ASSIGNMENT((#223));
#223=SURFACE_STYLE_USAGE(.BOTH.,#224);
#224=SURFACE_SIDE_STYLE('',(#225));
#225=SURFACE_STYLE_FILL_AREA(#226);
#226=FILL_AREA_STYLE('',(#227));
#227=FILL_AREA_STYLE_COLOUR('',#228);
#228=COLOUR_RGB('',0.768627450980392,0.886274509803922,0.952941176470588);
#229=MANIFOLD_SOLID_BREP('Part 1',#220);
#230=SHAPE_DEFINITION_REPRESENTATION(#2721,#231);
#231=SHAPE_REPRESENTATION('Part 1',(#232),#2716);
#232=AXIS2_PLACEMENT_3D('',#300,#250,#251);
#233=AXIS2_PLACEMENT_3D('',#301,#252,#253);
#234=AXIS2_PLACEMENT_3D('',#305,#255,#256);
#235=AXIS2_PLACEMENT_3D('',#313,#260,#261);
#236=AXIS2_PLACEMENT_3D('',#993,#262,#263);
#237=AXIS2_PLACEMENT_3D('',#995,#264,#265);
#238=AXIS2_PLACEMENT_3D('',#1448,#266,#267);
#239=AXIS2_PLACEMENT_3D('',#1565,#268,#269);
#240=AXIS2_PLACEMENT_3D('',#2689,#270,#271);
#241=AXIS2_PLACEMENT_3D('',#2695,#275,#276);
#242=AXIS2_PLACEMENT_3D('',#2699,#279,#280);
#243=AXIS2_PLACEMENT_3D('',#2700,#281,#282);
#244=AXIS2_PLACEMENT_3D('',#2701,#283,#284);
#245=AXIS2_PLACEMENT_3D('',#2702,#285,#286);
#246=AXIS2_PLACEMENT_3D('',#2705,#288,#289);
#247=AXIS2_PLACEMENT_3D('',#2708,#291,#292);
#248=AXIS2_PLACEMENT_3D('',#2712,#295,#296);
#249=AXIS2_PLACEMENT_3D('',#2714,#298,#299);
#250=DIRECTION('',(0.,0.,1.));
#251=DIRECTION('',(1.,0.,0.));
#252=DIRECTION('',(-7.19854711514784E-16,-0.967969624137777,-0.251067335084776));
#253=DIRECTION('',(1.,-6.96797494538774E-16,-1.80732004068236E-16));
#254=DIRECTION('',(-0.642787609686559,0.192328736890379,-0.741507751678694));
#255=DIRECTION('',(-7.19854711514784E-16,-0.967969624137777,-0.251067335084776));
#256=DIRECTION('',(0.,0.251067335084776,-0.967969624137777));
#257=DIRECTION('',(0.642787609686519,0.192328736890387,-0.741507751678726));
#258=DIRECTION('',(0.642787609686519,0.192328736890387,-0.741507751678726));
#259=DIRECTION('',(-0.642787609686555,0.19232873689038,-0.741507751678697));
#260=DIRECTION('',(-7.19854711514784E-16,-0.967969624137777,-0.251067335084776));
#261=DIRECTION('',(0.,0.251067335084776,-0.967969624137777));
#262=DIRECTION('',(4.58588995432664E-17,0.967969624137777,0.251067335084775));
#263=DIRECTION('',(5.92710450936098E-17,0.251067335084775,-0.967969624137777));
#264=DIRECTION('',(4.58588995432664E-17,0.967969624137777,0.251067335084775));
#265=DIRECTION('',(5.92710450936098E-17,0.251067335084775,-0.967969624137777));
#266=DIRECTION('',(4.58588995432664E-17,0.967969624137777,0.251067335084775));
#267=DIRECTION('',(7.51531967962474E-17,0.251067335084775,-0.967969624137777));
#268=DIRECTION('',(4.58588995432664E-17,0.967969624137777,0.251067335084775));
#269=DIRECTION('',(5.92710450936098E-17,0.251067335084775,-0.967969624137777));
#270=DIRECTION('',(-0.766044443118965,-0.161382972189516,0.622198880948715));
#271=DIRECTION('',(0.630463081537274,0.,0.776219236310545));
#272=DIRECTION('',(-7.19854711514784E-16,-0.967969624137777,-0.251067335084776));
#273=DIRECTION('',(-0.642787609686555,0.19232873689038,-0.741507751678697));
#274=DIRECTION('',(-7.19854711514784E-16,-0.967969624137777,-0.251067335084776));
#275=DIRECTION('',(-0.766044443118995,0.161382972189508,-0.62219888094868));
#276=DIRECTION('',(-0.630463081537237,0.,0.776219236310574));
#277=DIRECTION('',(-7.19854711514784E-16,-0.967969624137777,-0.251067335084776));
#278=DIRECTION('',(0.642787609686519,0.192328736890387,-0.741507751678726));
#279=DIRECTION('',(-7.19854711514784E-16,-0.967969624137777,-0.251067335084776));
#280=DIRECTION('',(0.,0.251067335084776,-0.967969624137777));
#281=DIRECTION('',(7.19854711514784E-16,0.967969624137777,0.251067335084776));
#282=DIRECTION('',(0.,0.251067335084776,-0.967969624137777));
#283=DIRECTION('',(-7.19854711514784E-16,-0.967969624137777,-0.251067335084776));
#284=DIRECTION('',(1.,-6.96797494538774E-16,-1.80732004068236E-16));
#285=DIRECTION('',(-7.19854711514784E-16,-0.967969624137777,-0.251067335084776));
#286=DIRECTION('',(0.,0.251067335084776,-0.967969624137777));
#287=DIRECTION('',(-7.19854711514784E-16,-0.967969624137777,-0.251067335084776));
#288=DIRECTION('',(7.19854711514784E-16,0.967969624137777,0.251067335084776));
#289=DIRECTION('',(0.,0.251067335084776,-0.967969624137777));
#290=DIRECTION('',(-7.19854711514784E-16,-0.967969624137777,-0.251067335084776));
#291=DIRECTION('',(-0.766044443118961,-0.161382972189516,0.622198880948719));
#292=DIRECTION('',(0.630463081537278,0.,0.776219236310541));
#293=DIRECTION('',(-7.19854711514784E-16,-0.967969624137777,-0.251067335084776));
#294=DIRECTION('',(-0.642787609686559,0.192328736890379,-0.741507751678694));
#295=DIRECTION('',(-0.766044443118995,0.161382972189508,-0.62219888094868));
#296=DIRECTION('',(-0.630463081537237,0.,0.776219236310574));
#297=DIRECTION('',(0.64278760968652,0.192328736890387,-0.741507751678726));
#298=DIRECTION('',(-7.19854711514784E-16,-0.967969624137777,-0.251067335084776));
#299=DIRECTION('',(1.,-6.96797494538774E-16,-1.80732004068236E-16));
#300=CARTESIAN_POINT('',(0.,0.,0.));
#301=CARTESIAN_POINT('',(0.115306810910407,0.00392044878224142,0.326968706465182));
#302=CARTESIAN_POINT('',(0.122915193472998,0.00552331060381744,0.320789003500429));
#303=CARTESIAN_POINT('',(0.116743312836032,0.00737000146913259,0.313669237553202));
#304=CARTESIAN_POINT('',(0.116163497776353,0.00754348816423627,0.313000373756183));
#305=CARTESIAN_POINT('',(0.11534,0.00737000146913257,0.313669237553202));
#306=CARTESIAN_POINT('',(0.116163497776353,0.00719651477402885,0.314338101350222));
#307=CARTESIAN_POINT('',(0.109384376215041,0.00516813110971185,0.322158369058457));
#308=CARTESIAN_POINT('',(0.117716243310523,0.00341285243386623,0.328925702768123));
#309=CARTESIAN_POINT('',(0.116163497776345,0.00294825482370767,0.33071692094443));
#310=CARTESIAN_POINT('',(0.116743312836027,0.00312174151881101,0.330048057147411));
#311=CARTESIAN_POINT('',(0.114583326377508,0.00376803192796976,0.327556337210104));
#312=CARTESIAN_POINT('',(0.116163497776345,0.00329522821391512,0.32937919335039));
#313=CARTESIAN_POINT('',(0.115339999999992,0.00312174151881139,0.330048057147409));
#314=CARTESIAN_POINT('',(0.115344738288499,0.0147030623326114,0.285397219748081));
#315=CARTESIAN_POINT('',(0.11534,0.0147229610567691,0.285320501840763));
#316=CARTESIAN_POINT('',(0.115335261711501,0.0147030623326114,0.285397219748081));
#317=CARTESIAN_POINT('',(0.115305005457704,0.0146290926296306,0.285682403902235));
#318=CARTESIAN_POINT('',(0.115276103600111,0.0145516634790593,0.285980925674295));
#319=CARTESIAN_POINT('',(0.115241382716938,0.014460559084589,0.286332171233352));
#320=CARTESIAN_POINT('',(0.115205041366274,0.0143637486486835,0.286705415969568));
#321=CARTESIAN_POINT('',(0.115165964972655,0.0142589574413346,0.287109429918878));
#322=CARTESIAN_POINT('',(0.115124558502768,0.0141468315803698,0.287541722026721));
#323=CARTESIAN_POINT('',(0.115080799992364,0.0140271883258947,0.288002996831847));
#324=CARTESIAN_POINT('',(0.115034792086639,0.0139000791806178,0.288493055769768));
#325=CARTESIAN_POINT('',(0.114986606000305,0.0137654896803252,0.289011954606078));
#326=CARTESIAN_POINT('',(0.114936325174834,0.0136234238791218,0.289559677710508));
#327=CARTESIAN_POINT('',(0.114884032818689,0.013473880645997,0.290136229443578));
#328=CARTESIAN_POINT('',(0.114829815238071,0.0133168602974703,0.29074160858497));
#329=CARTESIAN_POINT('',(0.114773760818789,0.0131523627475952,0.291375815466046));
#330=CARTESIAN_POINT('',(0.114715960299231,0.0129803880183263,0.292038850002161));
#331=CARTESIAN_POINT('',(0.11465650678368,0.0128009361174996,0.292730712163105));
#332=CARTESIAN_POINT('',(0.114595495908774,0.0126140069966697,0.293451402135653));
#333=CARTESIAN_POINT('',(0.114533026192638,0.0124196008556583,0.294200919149411));
#334=CARTESIAN_POINT('',(0.114469199081475,0.0122177169332615,0.294979266139137));
#335=CARTESIAN_POINT('',(0.114404120743211,0.012008358159655,0.29578643180778));
#336=CARTESIAN_POINT('',(0.114337897785145,0.0117915133151252,0.296622459412027));
#337=CARTESIAN_POINT('',(0.114270656962006,0.0115672253735762,0.297487183269499));
#338=CARTESIAN_POINT('',(0.114202473844689,0.0113353299366284,0.298381237204735));
#339=CARTESIAN_POINT('',(0.114133650577547,0.0110964554789042,0.299302198185109));
#340=CARTESIAN_POINT('',(0.114064153163766,0.0108499487437275,0.30025258478843));
#341=CARTESIAN_POINT('',(0.113997071816335,0.0106065970839845,0.301190807255863));
#342=CARTESIAN_POINT('',(0.113932160111472,0.0103657244750067,0.302119471945351));
#343=CARTESIAN_POINT('',(0.113869566338189,0.0101279786287412,0.303036081656337));
#344=CARTESIAN_POINT('',(0.113809207845179,0.00989318760746004,0.303941299280699));
#345=CARTESIAN_POINT('',(0.11375106850683,0.00966139704218789,0.304834948891747));
#346=CARTESIAN_POINT('',(0.11369511916995,0.00943259481936915,0.305717077192304));
#347=CARTESIAN_POINT('',(0.113641338204277,0.00920678414992444,0.306587671802928));
#348=CARTESIAN_POINT('',(0.113589705517152,0.00898396417877433,0.307446736020309));
#349=CARTESIAN_POINT('',(0.113540203640228,0.00876413512987,0.308294268981021));
#350=CARTESIAN_POINT('',(0.113492816969101,0.00854729694116638,0.309130270924274));
#351=CARTESIAN_POINT('',(0.11344753152133,0.00833344962672741,0.309954741795845));
#352=CARTESIAN_POINT('',(0.113404334584321,0.00812259318060263,0.310767681618676));
#353=CARTESIAN_POINT('',(0.113363214418847,0.00791472760255537,0.311569090393679));
#354=CARTESIAN_POINT('',(0.11332415997314,0.00770985289031517,0.312358968129608));
#355=CARTESIAN_POINT('',(0.113287160619028,0.00750796904500093,0.313137314822149));
#356=CARTESIAN_POINT('',(0.113252205904307,0.00730907605720624,0.313904130507567));
#357=CARTESIAN_POINT('',(0.113219285328686,0.00711317395669078,0.314659415071128));
#358=CARTESIAN_POINT('',(0.113188388115435,0.00692026262944562,0.315403168952382));
#359=CARTESIAN_POINT('',(0.113159503077434,0.00673034249237612,0.316135390543986));
#360=CARTESIAN_POINT('',(0.113132618210216,0.00654341200493286,0.316856085785401));
#361=CARTESIAN_POINT('',(0.113107721363489,0.00635947684501118,0.317565232785965));
#362=CARTESIAN_POINT('',(0.113084797004587,0.00617851607901124,0.318262912253465));
#363=CARTESIAN_POINT('',(0.113063837452904,0.00600060686219029,0.318948826722103));
#364=CARTESIAN_POINT('',(0.113044800842854,0.00582546487500378,0.319624072362681));
#365=CARTESIAN_POINT('',(0.113027691208281,0.00565339109838013,0.320287488767791));
#366=CARTESIAN_POINT('',(0.113012092827995,0.0054797466653049,0.320956960710689));
#367=CARTESIAN_POINT('',(0.112998159642403,0.00530482751755988,0.321631347211983));
#368=CARTESIAN_POINT('',(0.112985986493443,0.00512835332713747,0.322311729053434));
#369=CARTESIAN_POINT('',(0.11297571627791,0.00495039983205049,0.322997814233313));
#370=CARTESIAN_POINT('',(0.112967492480925,0.00477094601841799,0.323689683768923));
#371=CARTESIAN_POINT('',(0.112961473294055,0.00458999971071976,0.324387307493621));
#372=CARTESIAN_POINT('',(0.112957830332128,0.00440755061991001,0.325090725075983));
#373=CARTESIAN_POINT('',(0.112956748251168,0.0042236321432005,0.325799807755784));
#374=CARTESIAN_POINT('',(0.11295843790758,0.00403812018053201,0.326515033990677));
#375=CARTESIAN_POINT('',(0.112963096072595,0.00385148020330956,0.327234609193641));
#376=CARTESIAN_POINT('',(0.112971015933538,0.00366322560972073,0.327960409418257));
#377=CARTESIAN_POINT('',(0.11298194548017,0.00348106282374297,0.328662723175701));
#378=CARTESIAN_POINT('',(0.112995748801578,0.00330452712255602,0.329343342166885));
#379=CARTESIAN_POINT('',(0.113012275448124,0.00313406584169506,0.330000541726157));
#380=CARTESIAN_POINT('',(0.113031381479802,0.00296956210983353,0.330634772441377));
#381=CARTESIAN_POINT('',(0.113052910061628,0.00281104646749601,0.331245916566046));
#382=CARTESIAN_POINT('',(0.113076696366569,0.00265851087615402,0.331834005092054));
#383=CARTESIAN_POINT('',(0.113102565896542,0.00251195774553244,0.332399028728905));
#384=CARTESIAN_POINT('',(0.113130335241023,0.00237138536024612,0.332940994090125));
#385=CARTESIAN_POINT('',(0.113159809452514,0.00223679815888821,0.333459884063081));
#386=CARTESIAN_POINT('',(0.113190790093446,0.0021081806416653,0.33395575840596));
#387=CARTESIAN_POINT('',(0.113223045075287,0.00198558860937842,0.33442840198333));
#388=CARTESIAN_POINT('',(0.113256415988626,0.00186882138160603,0.334878588502178));
#389=CARTESIAN_POINT('',(0.11329058767323,0.0017580924774883,0.335305494756884));
#390=CARTESIAN_POINT('',(0.113326372460187,0.00165030949694362,0.335721043243632));
#391=CARTESIAN_POINT('',(0.113363687430118,0.00154565687356333,0.33612452289376));
#392=CARTESIAN_POINT('',(0.113402543361097,0.00144395840897996,0.336516613025696));
#393=CARTESIAN_POINT('',(0.11344288657617,0.00134526032324891,0.336897135441788));
#394=CARTESIAN_POINT('',(0.113484679998702,0.00124955047958524,0.337266136934419));
#395=CARTESIAN_POINT('',(0.113527882012631,0.00115683204033151,0.337623605311438));
#396=CARTESIAN_POINT('',(0.113572452128322,0.00106710415555145,0.337969543849702));
#397=CARTESIAN_POINT('',(0.113618349620785,0.000980367022271116,0.338303951789595));
#398=CARTESIAN_POINT('',(0.113665534007651,0.000896620559016893,0.338626829445232));
#399=CARTESIAN_POINT('',(0.113713965043529,0.000815864751707563,0.3389381768709));
#400=CARTESIAN_POINT('',(0.113763602838254,0.000738099562065356,0.339237994214178));
#401=CARTESIAN_POINT('',(0.113814407939327,0.000663324950104341,0.339526281629228));
#402=CARTESIAN_POINT('',(0.113866341419437,0.00059154086644801,0.339803039306416));
#403=CARTESIAN_POINT('',(0.11391936495737,0.000522747252039419,0.340068267473432));
#404=CARTESIAN_POINT('',(0.11397344091414,0.000456944035297379,0.340321966406252));
#405=CARTESIAN_POINT('',(0.114028532402391,0.000394131129120091,0.340564136440689));
#406=CARTESIAN_POINT('',(0.114084603347702,0.000334308426856663,0.340794777987927));
#407=CARTESIAN_POINT('',(0.114141618539734,0.000277475797139198,0.341013891554444));
#408=CARTESIAN_POINT('',(0.114199543670576,0.000223633077160602,0.341221477767929));
#409=CARTESIAN_POINT('',(0.11425834535653,0.000172780063934637,0.341417537410981));
#410=CARTESIAN_POINT('',(0.11431799113837,0.000124916502925779,0.341602071464939));
#411=CARTESIAN_POINT('',(0.114378449451489,8.00420733692861E-5,0.341775081166486));
#412=CARTESIAN_POINT('',(0.114439689557148,3.81563694183797E-5,0.341936568080331));
#413=CARTESIAN_POINT('',(0.114501681404382,-7.41122999138935E-7,0.342086534188437));
#414=CARTESIAN_POINT('',(0.114564395427811,-3.66510547719452E-5,0.342224982000253));
#415=CARTESIAN_POINT('',(0.114627802079125,-6.95742396939108E-5,0.342351914653294));
#416=CARTESIAN_POINT('',(0.114691871456658,-9.95116881503206E-5,0.342467336043019));
#417=CARTESIAN_POINT('',(0.114756571016957,-0.000126464560725526,0.342571250643966));
#418=CARTESIAN_POINT('',(0.114821866858929,-0.000150434222708601,0.342663663719895));
#419=CARTESIAN_POINT('',(0.114887705422965,-0.00017142147116567,0.34274457834383));
#420=CARTESIAN_POINT('',(0.114954047052798,-0.00018942756079144,0.342813999353143));
#421=CARTESIAN_POINT('',(0.115020674097092,-0.000204446498599788,0.342871903642366));
#422=CARTESIAN_POINT('',(0.115087660498117,-0.000216482455426978,0.342918307291818));
#423=CARTESIAN_POINT('',(0.115153086180907,-0.000225464384694103,0.342952936387211));
#424=CARTESIAN_POINT('',(0.115218128466749,-0.000231447024128914,0.342976001965388));
#425=CARTESIAN_POINT('',(0.115269409737609,-0.000234469915818784,0.342987656477641));
#426=CARTESIAN_POINT('',(0.11534,-0.000236277833900063,0.342994626758283));
#427=CARTESIAN_POINT('',(0.115410590262391,-0.000234469915818784,0.342987656477641));
#428=CARTESIAN_POINT('',(0.115461871533251,-0.000231447024128914,0.342976001965388));
#429=CARTESIAN_POINT('',(0.115526913819093,-0.000225464384694103,0.342952936387211));
#430=CARTESIAN_POINT('',(0.115592339501883,-0.000216482455426978,0.342918307291818));
#431=CARTESIAN_POINT('',(0.115659325902908,-0.000204446498599788,0.342871903642366));
#432=CARTESIAN_POINT('',(0.115725952947202,-0.000189427560791439,0.342813999353143));
#433=CARTESIAN_POINT('',(0.115792294577035,-0.000171421471165672,0.34274457834383));
#434=CARTESIAN_POINT('',(0.115858133141071,-0.0001504342227086,0.342663663719895));
#435=CARTESIAN_POINT('',(0.115923428983043,-0.000126464560725526,0.342571250643966));
#436=CARTESIAN_POINT('',(0.115988128543342,-9.95116881503206E-5,0.342467336043019));
#437=CARTESIAN_POINT('',(0.116052197920874,-6.95742396939108E-5,0.342351914653294));
#438=CARTESIAN_POINT('',(0.116115604572189,-3.66510547719452E-5,0.342224982000253));
#439=CARTESIAN_POINT('',(0.116178318595618,-7.41122999139803E-7,0.342086534188437));
#440=CARTESIAN_POINT('',(0.116240310442852,3.81563694183797E-5,0.341936568080331));
#441=CARTESIAN_POINT('',(0.116301550548511,8.00420733692861E-5,0.341775081166486));
#442=CARTESIAN_POINT('',(0.11636200886163,0.000124916502925778,0.341602071464939));
#443=CARTESIAN_POINT('',(0.11642165464347,0.000172780063934637,0.341417537410981));
#444=CARTESIAN_POINT('',(0.116480456329424,0.000223633077160602,0.341221477767929));
#445=CARTESIAN_POINT('',(0.116538381460266,0.0002774757971392,0.341013891554444));
#446=CARTESIAN_POINT('',(0.116595396652298,0.000334308426856661,0.340794777987927));
#447=CARTESIAN_POINT('',(0.116651467597608,0.000394131129120091,0.340564136440689));
#448=CARTESIAN_POINT('',(0.11670655908586,0.000456944035297379,0.340321966406252));
#449=CARTESIAN_POINT('',(0.11676063504263,0.000522747252039418,0.340068267473432));
#450=CARTESIAN_POINT('',(0.116813658580563,0.00059154086644801,0.339803039306416));
#451=CARTESIAN_POINT('',(0.116865592060673,0.000663324950104339,0.339526281629228));
#452=CARTESIAN_POINT('',(0.116916397161746,0.000738099562065357,0.339237994214178));
#453=CARTESIAN_POINT('',(0.11696603495647,0.000815864751707562,0.338938176870901));
#454=CARTESIAN_POINT('',(0.117014465992349,0.000896620559016894,0.338626829445232));
#455=CARTESIAN_POINT('',(0.117061650379214,0.000980367022271116,0.338303951789595));
#456=CARTESIAN_POINT('',(0.117107547871678,0.00106710415555145,0.337969543849702));
#457=CARTESIAN_POINT('',(0.117152117987369,0.00115683204033151,0.337623605311438));
#458=CARTESIAN_POINT('',(0.117195320001298,0.00124955047958523,0.337266136934419));
#459=CARTESIAN_POINT('',(0.117237113423829,0.00134526032324891,0.336897135441788));
#460=CARTESIAN_POINT('',(0.117277456638903,0.00144395840897996,0.336516613025696));
#461=CARTESIAN_POINT('',(0.117316312569881,0.00154565687356333,0.33612452289376));
#462=CARTESIAN_POINT('',(0.117353627539813,0.00165030949694362,0.335721043243632));
#463=CARTESIAN_POINT('',(0.11738941232677,0.00175809247748831,0.335305494756884));
#464=CARTESIAN_POINT('',(0.117423584011374,0.00186882138160603,0.334878588502178));
#465=CARTESIAN_POINT('',(0.117456954924713,0.00198558860937842,0.33442840198333));
#466=CARTESIAN_POINT('',(0.117489209906554,0.0021081806416653,0.33395575840596));
#467=CARTESIAN_POINT('',(0.117520190547486,0.00223679815888821,0.333459884063081));
#468=CARTESIAN_POINT('',(0.117549664758976,0.00237138536024612,0.332940994090125));
#469=CARTESIAN_POINT('',(0.117577434103457,0.00251195774553244,0.332399028728905));
#470=CARTESIAN_POINT('',(0.117603303633431,0.00265851087615402,0.331834005092054));
#471=CARTESIAN_POINT('',(0.117627089938372,0.002811046467496,0.331245916566046));
#472=CARTESIAN_POINT('',(0.117648618520198,0.00296956210983352,0.330634772441377));
#473=CARTESIAN_POINT('',(0.117667724551876,0.00313406584169506,0.330000541726157));
#474=CARTESIAN_POINT('',(0.117684251198422,0.00330452712255602,0.329343342166885));
#475=CARTESIAN_POINT('',(0.11769805451983,0.00348106282374297,0.328662723175701));
#476=CARTESIAN_POINT('',(0.117708984066462,0.00366322560972074,0.327960409418257));
#477=CARTESIAN_POINT('',(0.117716903927405,0.00385148020330956,0.327234609193641));
#478=CARTESIAN_POINT('',(0.11772156209242,0.00403812018053202,0.326515033990677));
#479=CARTESIAN_POINT('',(0.117723251748832,0.0042236321432005,0.325799807755784));
#480=CARTESIAN_POINT('',(0.117722169667872,0.00440755061991,0.325090725075983));
#481=CARTESIAN_POINT('',(0.117718526705945,0.00458999971071976,0.324387307493621));
#482=CARTESIAN_POINT('',(0.117712507519075,0.00477094601841799,0.323689683768923));
#483=CARTESIAN_POINT('',(0.11770428372209,0.00495039983205049,0.322997814233313));
#484=CARTESIAN_POINT('',(0.117694013506557,0.00512835332713748,0.322311729053434));
#485=CARTESIAN_POINT('',(0.117681840357597,0.00530482751755988,0.321631347211983));
#486=CARTESIAN_POINT('',(0.117667907172005,0.00547974666530489,0.320956960710689));
#487=CARTESIAN_POINT('',(0.117652308791719,0.00565339109838013,0.320287488767791));
#488=CARTESIAN_POINT('',(0.117635199157146,0.00582546487500378,0.319624072362681));
#489=CARTESIAN_POINT('',(0.117616162547096,0.00600060686219029,0.318948826722103));
#490=CARTESIAN_POINT('',(0.117595202995413,0.00617851607901124,0.318262912253465));
#491=CARTESIAN_POINT('',(0.117572278636511,0.00635947684501118,0.317565232785965));
#492=CARTESIAN_POINT('',(0.117547381789784,0.00654341200493286,0.316856085785401));
#493=CARTESIAN_POINT('',(0.117520496922566,0.00673034249237612,0.316135390543986));
#494=CARTESIAN_POINT('',(0.117491611884565,0.00692026262944562,0.315403168952382));
#495=CARTESIAN_POINT('',(0.117460714671314,0.00711317395669078,0.314659415071128));
#496=CARTESIAN_POINT('',(0.117427794095693,0.00730907605720624,0.313904130507567));
#497=CARTESIAN_POINT('',(0.117392839380972,0.00750796904500092,0.313137314822149));
#498=CARTESIAN_POINT('',(0.11735584002686,0.00770985289031517,0.312358968129608));
#499=CARTESIAN_POINT('',(0.117316785581153,0.00791472760255537,0.311569090393679));
#500=CARTESIAN_POINT('',(0.117275665415679,0.00812259318060263,0.310767681618676));
#501=CARTESIAN_POINT('',(0.11723246847867,0.00833344962672741,0.309954741795845));
#502=CARTESIAN_POINT('',(0.117187183030899,0.00854729694116638,0.309130270924274));
#503=CARTESIAN_POINT('',(0.117139796359772,0.00876413512987,0.308294268981021));
#504=CARTESIAN_POINT('',(0.117090294482848,0.00898396417877433,0.307446736020309));
#505=CARTESIAN_POINT('',(0.117038661795723,0.00920678414992444,0.306587671802928));
#506=CARTESIAN_POINT('',(0.11698488083005,0.00943259481936915,0.305717077192304));
#507=CARTESIAN_POINT('',(0.11692893149317,0.00966139704218789,0.304834948891747));
#508=CARTESIAN_POINT('',(0.116870792154821,0.00989318760746004,0.303941299280699));
#509=CARTESIAN_POINT('',(0.116810433661811,0.0101279786287412,0.303036081656337));
#510=CARTESIAN_POINT('',(0.116747839888528,0.0103657244750067,0.302119471945351));
#511=CARTESIAN_POINT('',(0.116682928183665,0.0106065970839845,0.301190807255863));
#512=CARTESIAN_POINT('',(0.116615846836234,0.0108499487437275,0.30025258478843));
#513=CARTESIAN_POINT('',(0.116546349422453,0.0110964554789042,0.299302198185109));
#514=CARTESIAN_POINT('',(0.116477526155311,0.0113353299366284,0.298381237204735));
#515=CARTESIAN_POINT('',(0.116409343037994,0.0115672253735762,0.297487183269499));
#516=CARTESIAN_POINT('',(0.116342102214855,0.0117915133151252,0.296622459412027));
#517=CARTESIAN_POINT('',(0.116275879256789,0.012008358159655,0.29578643180778));
#518=CARTESIAN_POINT('',(0.116210800918525,0.0122177169332615,0.294979266139137));
#519=CARTESIAN_POINT('',(0.116146973807362,0.0124196008556583,0.294200919149411));
#520=CARTESIAN_POINT('',(0.116084504091226,0.0126140069966697,0.293451402135653));
#521=CARTESIAN_POINT('',(0.11602349321632,0.0128009361174996,0.292730712163105));
#522=CARTESIAN_POINT('',(0.115964039700769,0.0129803880183263,0.292038850002161));
#523=CARTESIAN_POINT('',(0.115906239181211,0.0131523627475952,0.291375815466046));
#524=CARTESIAN_POINT('',(0.115850184761929,0.0133168602974703,0.29074160858497));
#525=CARTESIAN_POINT('',(0.115795967181311,0.013473880645997,0.290136229443578));
#526=CARTESIAN_POINT('',(0.115743674825166,0.0136234238791218,0.289559677710508));
#527=CARTESIAN_POINT('',(0.115693393999695,0.0137654896803252,0.289011954606078));
#528=CARTESIAN_POINT('',(0.115645207913361,0.0139000791806178,0.288493055769768));
#529=CARTESIAN_POINT('',(0.115599200007636,0.0140271883258947,0.288002996831847));
#530=CARTESIAN_POINT('',(0.115555441497232,0.0141468315803698,0.287541722026721));
#531=CARTESIAN_POINT('',(0.115514035027345,0.0142589574413346,0.287109429918878));
#532=CARTESIAN_POINT('',(0.115474958633726,0.0143637486486835,0.286705415969568));
#533=CARTESIAN_POINT('',(0.115438617283062,0.014460559084589,0.286332171233352));
#534=CARTESIAN_POINT('',(0.115403896399888,0.0145516634790593,0.285980925674295));
#535=CARTESIAN_POINT('',(0.115374994542296,0.0146290926296306,0.285682403902235));
#536=CARTESIAN_POINT('',(0.115344738288499,0.0147030623326114,0.285397219748081));
#537=CARTESIAN_POINT('',(0.11534,0.0147229610567691,0.285320501840763));
#538=CARTESIAN_POINT('',(0.115335261711501,0.0147030623326114,0.285397219748081));
#539=CARTESIAN_POINT('',(0.116401726150295,0.000156986912453433,0.341478426617847));
#540=CARTESIAN_POINT('',(0.11534,-0.000235646182959871,0.342992191479624));
#541=CARTESIAN_POINT('',(0.115344738288499,0.0147030623326114,0.285397219748081));
#542=CARTESIAN_POINT('',(0.11534,0.0147229610567691,0.285320501840763));
#543=CARTESIAN_POINT('',(0.115335261711501,0.0147030623326114,0.285397219748081));
#544=CARTESIAN_POINT('',(0.115305005457704,0.0146290926296306,0.285682403902235));
#545=CARTESIAN_POINT('',(0.115276103600111,0.0145516634790593,0.285980925674295));
#546=CARTESIAN_POINT('',(0.115241382716938,0.014460559084589,0.286332171233352));
#547=CARTESIAN_POINT('',(0.115205041366274,0.0143637486486835,0.286705415969568));
#548=CARTESIAN_POINT('',(0.115165964972655,0.0142589574413346,0.287109429918878));
#549=CARTESIAN_POINT('',(0.115124558502768,0.0141468315803698,0.287541722026721));
#550=CARTESIAN_POINT('',(0.115080799992364,0.0140271883258947,0.288002996831847));
#551=CARTESIAN_POINT('',(0.115034792086639,0.0139000791806178,0.288493055769768));
#552=CARTESIAN_POINT('',(0.114986606000305,0.0137654896803252,0.289011954606078));
#553=CARTESIAN_POINT('',(0.114936325174834,0.0136234238791218,0.289559677710508));
#554=CARTESIAN_POINT('',(0.114884032818689,0.013473880645997,0.290136229443578));
#555=CARTESIAN_POINT('',(0.114829815238071,0.0133168602974703,0.29074160858497));
#556=CARTESIAN_POINT('',(0.114773760818789,0.0131523627475952,0.291375815466046));
#557=CARTESIAN_POINT('',(0.114715960299231,0.0129803880183263,0.292038850002161));
#558=CARTESIAN_POINT('',(0.11465650678368,0.0128009361174996,0.292730712163105));
#559=CARTESIAN_POINT('',(0.114595495908774,0.0126140069966697,0.293451402135653));
#560=CARTESIAN_POINT('',(0.114533026192638,0.0124196008556583,0.294200919149411));
#561=CARTESIAN_POINT('',(0.114469199081475,0.0122177169332615,0.294979266139137));
#562=CARTESIAN_POINT('',(0.114404120743211,0.012008358159655,0.29578643180778));
#563=CARTESIAN_POINT('',(0.114337897785145,0.0117915133151252,0.296622459412027));
#564=CARTESIAN_POINT('',(0.114270656962006,0.0115672253735762,0.297487183269499));
#565=CARTESIAN_POINT('',(0.114202473844689,0.0113353299366284,0.298381237204735));
#566=CARTESIAN_POINT('',(0.114133650577547,0.0110964554789042,0.299302198185109));
#567=CARTESIAN_POINT('',(0.114064153163766,0.0108499487437275,0.30025258478843));
#568=CARTESIAN_POINT('',(0.113997071816335,0.0106065970839845,0.301190807255863));
#569=CARTESIAN_POINT('',(0.113932160111472,0.0103657244750067,0.302119471945351));
#570=CARTESIAN_POINT('',(0.113869566338189,0.0101279786287412,0.303036081656337));
#571=CARTESIAN_POINT('',(0.113809207845179,0.00989318760746004,0.303941299280699));
#572=CARTESIAN_POINT('',(0.11375106850683,0.00966139704218789,0.304834948891747));
#573=CARTESIAN_POINT('',(0.11369511916995,0.00943259481936915,0.305717077192304));
#574=CARTESIAN_POINT('',(0.113641338204277,0.00920678414992444,0.306587671802928));
#575=CARTESIAN_POINT('',(0.113589705517152,0.00898396417877433,0.307446736020309));
#576=CARTESIAN_POINT('',(0.113540203640228,0.00876413512987,0.308294268981021));
#577=CARTESIAN_POINT('',(0.113492816969101,0.00854729694116638,0.309130270924274));
#578=CARTESIAN_POINT('',(0.11344753152133,0.00833344962672741,0.309954741795845));
#579=CARTESIAN_POINT('',(0.113404334584321,0.00812259318060263,0.310767681618676));
#580=CARTESIAN_POINT('',(0.113363214418847,0.00791472760255537,0.311569090393679));
#581=CARTESIAN_POINT('',(0.11332415997314,0.00770985289031517,0.312358968129608));
#582=CARTESIAN_POINT('',(0.113287160619028,0.00750796904500093,0.313137314822149));
#583=CARTESIAN_POINT('',(0.113252205904307,0.00730907605720624,0.313904130507567));
#584=CARTESIAN_POINT('',(0.113219285328686,0.00711317395669078,0.314659415071128));
#585=CARTESIAN_POINT('',(0.113188388115435,0.00692026262944562,0.315403168952382));
#586=CARTESIAN_POINT('',(0.113159503077434,0.00673034249237612,0.316135390543986));
#587=CARTESIAN_POINT('',(0.113132618210216,0.00654341200493286,0.316856085785401));
#588=CARTESIAN_POINT('',(0.113107721363489,0.00635947684501118,0.317565232785965));
#589=CARTESIAN_POINT('',(0.113084797004587,0.00617851607901124,0.318262912253465));
#590=CARTESIAN_POINT('',(0.113063837452904,0.00600060686219029,0.318948826722103));
#591=CARTESIAN_POINT('',(0.113044800842854,0.00582546487500378,0.319624072362681));
#592=CARTESIAN_POINT('',(0.113027691208281,0.00565339109838013,0.320287488767791));
#593=CARTESIAN_POINT('',(0.113012092827995,0.0054797466653049,0.320956960710689));
#594=CARTESIAN_POINT('',(0.112998159642403,0.00530482751755988,0.321631347211983));
#595=CARTESIAN_POINT('',(0.112985986493443,0.00512835332713747,0.322311729053434));
#596=CARTESIAN_POINT('',(0.11297571627791,0.00495039983205049,0.322997814233313));
#597=CARTESIAN_POINT('',(0.112967492480925,0.00477094601841799,0.323689683768923));
#598=CARTESIAN_POINT('',(0.112961473294055,0.00458999971071976,0.324387307493621));
#599=CARTESIAN_POINT('',(0.112957830332128,0.00440755061991001,0.325090725075983));
#600=CARTESIAN_POINT('',(0.112956748251168,0.0042236321432005,0.325799807755784));
#601=CARTESIAN_POINT('',(0.11295843790758,0.00403812018053201,0.326515033990677));
#602=CARTESIAN_POINT('',(0.112963096072595,0.00385148020330956,0.327234609193641));
#603=CARTESIAN_POINT('',(0.112971015933538,0.00366322560972073,0.327960409418257));
#604=CARTESIAN_POINT('',(0.11298194548017,0.00348106282374297,0.328662723175701));
#605=CARTESIAN_POINT('',(0.112995748801578,0.00330452712255602,0.329343342166885));
#606=CARTESIAN_POINT('',(0.113012275448124,0.00313406584169506,0.330000541726157));
#607=CARTESIAN_POINT('',(0.113031381479802,0.00296956210983353,0.330634772441377));
#608=CARTESIAN_POINT('',(0.113052910061628,0.00281104646749601,0.331245916566046));
#609=CARTESIAN_POINT('',(0.113076696366569,0.00265851087615402,0.331834005092054));
#610=CARTESIAN_POINT('',(0.113102565896542,0.00251195774553244,0.332399028728905));
#611=CARTESIAN_POINT('',(0.113130335241023,0.00237138536024612,0.332940994090125));
#612=CARTESIAN_POINT('',(0.113159809452514,0.00223679815888821,0.333459884063081));
#613=CARTESIAN_POINT('',(0.113190790093446,0.0021081806416653,0.33395575840596));
#614=CARTESIAN_POINT('',(0.113223045075287,0.00198558860937842,0.33442840198333));
#615=CARTESIAN_POINT('',(0.113256415988626,0.00186882138160603,0.334878588502178));
#616=CARTESIAN_POINT('',(0.11329058767323,0.0017580924774883,0.335305494756884));
#617=CARTESIAN_POINT('',(0.113326372460187,0.00165030949694362,0.335721043243632));
#618=CARTESIAN_POINT('',(0.113363687430118,0.00154565687356333,0.33612452289376));
#619=CARTESIAN_POINT('',(0.113402543361097,0.00144395840897996,0.336516613025696));
#620=CARTESIAN_POINT('',(0.11344288657617,0.00134526032324891,0.336897135441788));
#621=CARTESIAN_POINT('',(0.113484679998702,0.00124955047958524,0.337266136934419));
#622=CARTESIAN_POINT('',(0.113527882012631,0.00115683204033151,0.337623605311438));
#623=CARTESIAN_POINT('',(0.113572452128322,0.00106710415555145,0.337969543849702));
#624=CARTESIAN_POINT('',(0.113618349620785,0.000980367022271116,0.338303951789595));
#625=CARTESIAN_POINT('',(0.113665534007651,0.000896620559016893,0.338626829445232));
#626=CARTESIAN_POINT('',(0.113713965043529,0.000815864751707563,0.3389381768709));
#627=CARTESIAN_POINT('',(0.113763602838254,0.000738099562065356,0.339237994214178));
#628=CARTESIAN_POINT('',(0.113814407939327,0.000663324950104341,0.339526281629228));
#629=CARTESIAN_POINT('',(0.113866341419437,0.00059154086644801,0.339803039306416));
#630=CARTESIAN_POINT('',(0.11391936495737,0.000522747252039419,0.340068267473432));
#631=CARTESIAN_POINT('',(0.11397344091414,0.000456944035297379,0.340321966406252));
#632=CARTESIAN_POINT('',(0.114028532402391,0.000394131129120091,0.340564136440689));
#633=CARTESIAN_POINT('',(0.114084603347702,0.000334308426856663,0.340794777987927));
#634=CARTESIAN_POINT('',(0.114141618539734,0.000277475797139198,0.341013891554444));
#635=CARTESIAN_POINT('',(0.114199543670576,0.000223633077160602,0.341221477767929));
#636=CARTESIAN_POINT('',(0.11425834535653,0.000172780063934637,0.341417537410981));
#637=CARTESIAN_POINT('',(0.11431799113837,0.000124916502925779,0.341602071464939));
#638=CARTESIAN_POINT('',(0.114378449451489,8.00420733692861E-5,0.341775081166486));
#639=CARTESIAN_POINT('',(0.114439689557148,3.81563694183797E-5,0.341936568080331));
#640=CARTESIAN_POINT('',(0.114501681404382,-7.41122999138935E-7,0.342086534188437));
#641=CARTESIAN_POINT('',(0.114564395427811,-3.66510547719452E-5,0.342224982000253));
#642=CARTESIAN_POINT('',(0.114627802079125,-6.95742396939108E-5,0.342351914653294));
#643=CARTESIAN_POINT('',(0.114691871456658,-9.95116881503206E-5,0.342467336043019));
#644=CARTESIAN_POINT('',(0.114756571016957,-0.000126464560725526,0.342571250643966));
#645=CARTESIAN_POINT('',(0.114821866858929,-0.000150434222708601,0.342663663719895));
#646=CARTESIAN_POINT('',(0.114887705422965,-0.00017142147116567,0.34274457834383));
#647=CARTESIAN_POINT('',(0.114954047052798,-0.00018942756079144,0.342813999353143));
#648=CARTESIAN_POINT('',(0.115020674097092,-0.000204446498599788,0.342871903642366));
#649=CARTESIAN_POINT('',(0.115087660498117,-0.000216482455426978,0.342918307291818));
#650=CARTESIAN_POINT('',(0.115153086180907,-0.000225464384694103,0.342952936387211));
#651=CARTESIAN_POINT('',(0.115218128466749,-0.000231447024128914,0.342976001965388));
#652=CARTESIAN_POINT('',(0.115269409737609,-0.000234469915818784,0.342987656477641));
#653=CARTESIAN_POINT('',(0.11534,-0.000236277833900063,0.342994626758283));
#654=CARTESIAN_POINT('',(0.115410590262391,-0.000234469915818784,0.342987656477641));
#655=CARTESIAN_POINT('',(0.115461871533251,-0.000231447024128914,0.342976001965388));
#656=CARTESIAN_POINT('',(0.115526913819093,-0.000225464384694103,0.342952936387211));
#657=CARTESIAN_POINT('',(0.115592339501883,-0.000216482455426978,0.342918307291818));
#658=CARTESIAN_POINT('',(0.115659325902908,-0.000204446498599788,0.342871903642366));
#659=CARTESIAN_POINT('',(0.115725952947202,-0.000189427560791439,0.342813999353143));
#660=CARTESIAN_POINT('',(0.115792294577035,-0.000171421471165672,0.34274457834383));
#661=CARTESIAN_POINT('',(0.115858133141071,-0.0001504342227086,0.342663663719895));
#662=CARTESIAN_POINT('',(0.115923428983043,-0.000126464560725526,0.342571250643966));
#663=CARTESIAN_POINT('',(0.115988128543342,-9.95116881503206E-5,0.342467336043019));
#664=CARTESIAN_POINT('',(0.116052197920874,-6.95742396939108E-5,0.342351914653294));
#665=CARTESIAN_POINT('',(0.116115604572189,-3.66510547719452E-5,0.342224982000253));
#666=CARTESIAN_POINT('',(0.116178318595618,-7.41122999139803E-7,0.342086534188437));
#667=CARTESIAN_POINT('',(0.116240310442852,3.81563694183797E-5,0.341936568080331));
#668=CARTESIAN_POINT('',(0.116301550548511,8.00420733692861E-5,0.341775081166486));
#669=CARTESIAN_POINT('',(0.11636200886163,0.000124916502925778,0.341602071464939));
#670=CARTESIAN_POINT('',(0.11642165464347,0.000172780063934637,0.341417537410981));
#671=CARTESIAN_POINT('',(0.116480456329424,0.000223633077160602,0.341221477767929));
#672=CARTESIAN_POINT('',(0.116538381460266,0.0002774757971392,0.341013891554444));
#673=CARTESIAN_POINT('',(0.116595396652298,0.000334308426856661,0.340794777987927));
#674=CARTESIAN_POINT('',(0.116651467597608,0.000394131129120091,0.340564136440689));
#675=CARTESIAN_POINT('',(0.11670655908586,0.000456944035297379,0.340321966406252));
#676=CARTESIAN_POINT('',(0.11676063504263,0.000522747252039418,0.340068267473432));
#677=CARTESIAN_POINT('',(0.116813658580563,0.00059154086644801,0.339803039306416));
#678=CARTESIAN_POINT('',(0.116865592060673,0.000663324950104339,0.339526281629228));
#679=CARTESIAN_POINT('',(0.116916397161746,0.000738099562065357,0.339237994214178));
#680=CARTESIAN_POINT('',(0.11696603495647,0.000815864751707562,0.338938176870901));
#681=CARTESIAN_POINT('',(0.117014465992349,0.000896620559016894,0.338626829445232));
#682=CARTESIAN_POINT('',(0.117061650379214,0.000980367022271116,0.338303951789595));
#683=CARTESIAN_POINT('',(0.117107547871678,0.00106710415555145,0.337969543849702));
#684=CARTESIAN_POINT('',(0.117152117987369,0.00115683204033151,0.337623605311438));
#685=CARTESIAN_POINT('',(0.117195320001298,0.00124955047958523,0.337266136934419));
#686=CARTESIAN_POINT('',(0.117237113423829,0.00134526032324891,0.336897135441788));
#687=CARTESIAN_POINT('',(0.117277456638903,0.00144395840897996,0.336516613025696));
#688=CARTESIAN_POINT('',(0.117316312569881,0.00154565687356333,0.33612452289376));
#689=CARTESIAN_POINT('',(0.117353627539813,0.00165030949694362,0.335721043243632));
#690=CARTESIAN_POINT('',(0.11738941232677,0.00175809247748831,0.335305494756884));
#691=CARTESIAN_POINT('',(0.117423584011374,0.00186882138160603,0.334878588502178));
#692=CARTESIAN_POINT('',(0.117456954924713,0.00198558860937842,0.33442840198333));
#693=CARTESIAN_POINT('',(0.117489209906554,0.0021081806416653,0.33395575840596));
#694=CARTESIAN_POINT('',(0.117520190547486,0.00223679815888821,0.333459884063081));
#695=CARTESIAN_POINT('',(0.117549664758976,0.00237138536024612,0.332940994090125));
#696=CARTESIAN_POINT('',(0.117577434103457,0.00251195774553244,0.332399028728905));
#697=CARTESIAN_POINT('',(0.117603303633431,0.00265851087615402,0.331834005092054));
#698=CARTESIAN_POINT('',(0.117627089938372,0.002811046467496,0.331245916566046));
#699=CARTESIAN_POINT('',(0.117648618520198,0.00296956210983352,0.330634772441377));
#700=CARTESIAN_POINT('',(0.117667724551876,0.00313406584169506,0.330000541726157));
#701=CARTESIAN_POINT('',(0.117684251198422,0.00330452712255602,0.329343342166885));
#702=CARTESIAN_POINT('',(0.11769805451983,0.00348106282374297,0.328662723175701));
#703=CARTESIAN_POINT('',(0.117708984066462,0.00366322560972074,0.327960409418257));
#704=CARTESIAN_POINT('',(0.117716903927405,0.00385148020330956,0.327234609193641));
#705=CARTESIAN_POINT('',(0.11772156209242,0.00403812018053202,0.326515033990677));
#706=CARTESIAN_POINT('',(0.117723251748832,0.0042236321432005,0.325799807755784));
#707=CARTESIAN_POINT('',(0.117722169667872,0.00440755061991,0.325090725075983));
#708=CARTESIAN_POINT('',(0.117718526705945,0.00458999971071976,0.324387307493621));
#709=CARTESIAN_POINT('',(0.117712507519075,0.00477094601841799,0.323689683768923));
#710=CARTESIAN_POINT('',(0.11770428372209,0.00495039983205049,0.322997814233313));
#711=CARTESIAN_POINT('',(0.117694013506557,0.00512835332713748,0.322311729053434));
#712=CARTESIAN_POINT('',(0.117681840357597,0.00530482751755988,0.321631347211983));
#713=CARTESIAN_POINT('',(0.117667907172005,0.00547974666530489,0.320956960710689));
#714=CARTESIAN_POINT('',(0.117652308791719,0.00565339109838013,0.320287488767791));
#715=CARTESIAN_POINT('',(0.117635199157146,0.00582546487500378,0.319624072362681));
#716=CARTESIAN_POINT('',(0.117616162547096,0.00600060686219029,0.318948826722103));
#717=CARTESIAN_POINT('',(0.117595202995413,0.00617851607901124,0.318262912253465));
#718=CARTESIAN_POINT('',(0.117572278636511,0.00635947684501118,0.317565232785965));
#719=CARTESIAN_POINT('',(0.117547381789784,0.00654341200493286,0.316856085785401));
#720=CARTESIAN_POINT('',(0.117520496922566,0.00673034249237612,0.316135390543986));
#721=CARTESIAN_POINT('',(0.117491611884565,0.00692026262944562,0.315403168952382));
#722=CARTESIAN_POINT('',(0.117460714671314,0.00711317395669078,0.314659415071128));
#723=CARTESIAN_POINT('',(0.117427794095693,0.00730907605720624,0.313904130507567));
#724=CARTESIAN_POINT('',(0.117392839380972,0.00750796904500092,0.313137314822149));
#725=CARTESIAN_POINT('',(0.11735584002686,0.00770985289031517,0.312358968129608));
#726=CARTESIAN_POINT('',(0.117316785581153,0.00791472760255537,0.311569090393679));
#727=CARTESIAN_POINT('',(0.117275665415679,0.00812259318060263,0.310767681618676));
#728=CARTESIAN_POINT('',(0.11723246847867,0.00833344962672741,0.309954741795845));
#729=CARTESIAN_POINT('',(0.117187183030899,0.00854729694116638,0.309130270924274));
#730=CARTESIAN_POINT('',(0.117139796359772,0.00876413512987,0.308294268981021));
#731=CARTESIAN_POINT('',(0.117090294482848,0.00898396417877433,0.307446736020309));
#732=CARTESIAN_POINT('',(0.117038661795723,0.00920678414992444,0.306587671802928));
#733=CARTESIAN_POINT('',(0.11698488083005,0.00943259481936915,0.305717077192304));
#734=CARTESIAN_POINT('',(0.11692893149317,0.00966139704218789,0.304834948891747));
#735=CARTESIAN_POINT('',(0.116870792154821,0.00989318760746004,0.303941299280699));
#736=CARTESIAN_POINT('',(0.116810433661811,0.0101279786287412,0.303036081656337));
#737=CARTESIAN_POINT('',(0.116747839888528,0.0103657244750067,0.302119471945351));
#738=CARTESIAN_POINT('',(0.116682928183665,0.0106065970839845,0.301190807255863));
#739=CARTESIAN_POINT('',(0.116615846836234,0.0108499487437275,0.30025258478843));
#740=CARTESIAN_POINT('',(0.116546349422453,0.0110964554789042,0.299302198185109));
#741=CARTESIAN_POINT('',(0.116477526155311,0.0113353299366284,0.298381237204735));
#742=CARTESIAN_POINT('',(0.116409343037994,0.0115672253735762,0.297487183269499));
#743=CARTESIAN_POINT('',(0.116342102214855,0.0117915133151252,0.296622459412027));
#744=CARTESIAN_POINT('',(0.116275879256789,0.012008358159655,0.29578643180778));
#745=CARTESIAN_POINT('',(0.116210800918525,0.0122177169332615,0.294979266139137));
#746=CARTESIAN_POINT('',(0.116146973807362,0.0124196008556583,0.294200919149411));
#747=CARTESIAN_POINT('',(0.116084504091226,0.0126140069966697,0.293451402135653));
#748=CARTESIAN_POINT('',(0.11602349321632,0.0128009361174996,0.292730712163105));
#749=CARTESIAN_POINT('',(0.115964039700769,0.0129803880183263,0.292038850002161));
#750=CARTESIAN_POINT('',(0.115906239181211,0.0131523627475952,0.291375815466046));
#751=CARTESIAN_POINT('',(0.115850184761929,0.0133168602974703,0.29074160858497));
#752=CARTESIAN_POINT('',(0.115795967181311,0.013473880645997,0.290136229443578));
#753=CARTESIAN_POINT('',(0.115743674825166,0.0136234238791218,0.289559677710508));
#754=CARTESIAN_POINT('',(0.115693393999695,0.0137654896803252,0.289011954606078));
#755=CARTESIAN_POINT('',(0.115645207913361,0.0139000791806178,0.288493055769768));
#756=CARTESIAN_POINT('',(0.115599200007636,0.0140271883258947,0.288002996831847));
#757=CARTESIAN_POINT('',(0.115555441497232,0.0141468315803698,0.287541722026721));
#758=CARTESIAN_POINT('',(0.115514035027345,0.0142589574413346,0.287109429918878));
#759=CARTESIAN_POINT('',(0.115474958633726,0.0143637486486835,0.286705415969568));
#760=CARTESIAN_POINT('',(0.115438617283062,0.014460559084589,0.286332171233352));
#761=CARTESIAN_POINT('',(0.115403896399888,0.0145516634790593,0.285980925674295));
#762=CARTESIAN_POINT('',(0.115374994542296,0.0146290926296306,0.285682403902235));
#763=CARTESIAN_POINT('',(0.115344738288499,0.0147030623326114,0.285397219748081));
#764=CARTESIAN_POINT('',(0.11534,0.0147229610567691,0.285320501840763));
#765=CARTESIAN_POINT('',(0.115335261711501,0.0147030623326114,0.285397219748081));
#766=CARTESIAN_POINT('',(0.1130191140898,0.00555707812804091,0.320658815566106));
#767=CARTESIAN_POINT('',(0.115344738288499,0.0147030623326114,0.285397219748081));
#768=CARTESIAN_POINT('',(0.11534,0.0147229610567691,0.285320501840763));
#769=CARTESIAN_POINT('',(0.115335261711501,0.0147030623326114,0.285397219748081));
#770=CARTESIAN_POINT('',(0.115305005457704,0.0146290926296306,0.285682403902235));
#771=CARTESIAN_POINT('',(0.115276103600111,0.0145516634790593,0.285980925674295));
#772=CARTESIAN_POINT('',(0.115241382716938,0.014460559084589,0.286332171233352));
#773=CARTESIAN_POINT('',(0.115205041366274,0.0143637486486835,0.286705415969568));
#774=CARTESIAN_POINT('',(0.115165964972655,0.0142589574413346,0.287109429918878));
#775=CARTESIAN_POINT('',(0.115124558502768,0.0141468315803698,0.287541722026721));
#776=CARTESIAN_POINT('',(0.115080799992364,0.0140271883258947,0.288002996831847));
#777=CARTESIAN_POINT('',(0.115034792086639,0.0139000791806178,0.288493055769768));
#778=CARTESIAN_POINT('',(0.114986606000305,0.0137654896803252,0.289011954606078));
#779=CARTESIAN_POINT('',(0.114936325174834,0.0136234238791218,0.289559677710508));
#780=CARTESIAN_POINT('',(0.114884032818689,0.013473880645997,0.290136229443578));
#781=CARTESIAN_POINT('',(0.114829815238071,0.0133168602974703,0.29074160858497));
#782=CARTESIAN_POINT('',(0.114773760818789,0.0131523627475952,0.291375815466046));
#783=CARTESIAN_POINT('',(0.114715960299231,0.0129803880183263,0.292038850002161));
#784=CARTESIAN_POINT('',(0.11465650678368,0.0128009361174996,0.292730712163105));
#785=CARTESIAN_POINT('',(0.114595495908774,0.0126140069966697,0.293451402135653));
#786=CARTESIAN_POINT('',(0.114533026192638,0.0124196008556583,0.294200919149411));
#787=CARTESIAN_POINT('',(0.114469199081475,0.0122177169332615,0.294979266139137));
#788=CARTESIAN_POINT('',(0.114404120743211,0.012008358159655,0.29578643180778));
#789=CARTESIAN_POINT('',(0.114337897785145,0.0117915133151252,0.296622459412027));
#790=CARTESIAN_POINT('',(0.114270656962006,0.0115672253735762,0.297487183269499));
#791=CARTESIAN_POINT('',(0.114202473844689,0.0113353299366284,0.298381237204735));
#792=CARTESIAN_POINT('',(0.114133650577547,0.0110964554789042,0.299302198185109));
#793=CARTESIAN_POINT('',(0.114064153163766,0.0108499487437275,0.30025258478843));
#794=CARTESIAN_POINT('',(0.113997071816335,0.0106065970839845,0.301190807255863));
#795=CARTESIAN_POINT('',(0.113932160111472,0.0103657244750067,0.302119471945351));
#796=CARTESIAN_POINT('',(0.113869566338189,0.0101279786287412,0.303036081656337));
#797=CARTESIAN_POINT('',(0.113809207845179,0.00989318760746004,0.303941299280699));
#798=CARTESIAN_POINT('',(0.11375106850683,0.00966139704218789,0.304834948891747));
#799=CARTESIAN_POINT('',(0.11369511916995,0.00943259481936915,0.305717077192304));
#800=CARTESIAN_POINT('',(0.113641338204277,0.00920678414992444,0.306587671802928));
#801=CARTESIAN_POINT('',(0.113589705517152,0.00898396417877433,0.307446736020309));
#802=CARTESIAN_POINT('',(0.113540203640228,0.00876413512987,0.308294268981021));
#803=CARTESIAN_POINT('',(0.113492816969101,0.00854729694116638,0.309130270924274));
#804=CARTESIAN_POINT('',(0.11344753152133,0.00833344962672741,0.309954741795845));
#805=CARTESIAN_POINT('',(0.113404334584321,0.00812259318060263,0.310767681618676));
#806=CARTESIAN_POINT('',(0.113363214418847,0.00791472760255537,0.311569090393679));
#807=CARTESIAN_POINT('',(0.11332415997314,0.00770985289031517,0.312358968129608));
#808=CARTESIAN_POINT('',(0.113287160619028,0.00750796904500093,0.313137314822149));
#809=CARTESIAN_POINT('',(0.113252205904307,0.00730907605720624,0.313904130507567));
#810=CARTESIAN_POINT('',(0.113219285328686,0.00711317395669078,0.314659415071128));
#811=CARTESIAN_POINT('',(0.113188388115435,0.00692026262944562,0.315403168952382));
#812=CARTESIAN_POINT('',(0.113159503077434,0.00673034249237612,0.316135390543986));
#813=CARTESIAN_POINT('',(0.113132618210216,0.00654341200493286,0.316856085785401));
#814=CARTESIAN_POINT('',(0.113107721363489,0.00635947684501118,0.317565232785965));
#815=CARTESIAN_POINT('',(0.113084797004587,0.00617851607901124,0.318262912253465));
#816=CARTESIAN_POINT('',(0.113063837452904,0.00600060686219029,0.318948826722103));
#817=CARTESIAN_POINT('',(0.113044800842854,0.00582546487500378,0.319624072362681));
#818=CARTESIAN_POINT('',(0.113027691208281,0.00565339109838013,0.320287488767791));
#819=CARTESIAN_POINT('',(0.113012092827995,0.0054797466653049,0.320956960710689));
#820=CARTESIAN_POINT('',(0.112998159642403,0.00530482751755988,0.321631347211983));
#821=CARTESIAN_POINT('',(0.112985986493443,0.00512835332713747,0.322311729053434));
#822=CARTESIAN_POINT('',(0.11297571627791,0.00495039983205049,0.322997814233313));
#823=CARTESIAN_POINT('',(0.112967492480925,0.00477094601841799,0.323689683768923));
#824=CARTESIAN_POINT('',(0.112961473294055,0.00458999971071976,0.324387307493621));
#825=CARTESIAN_POINT('',(0.112957830332128,0.00440755061991001,0.325090725075983));
#826=CARTESIAN_POINT('',(0.112956748251168,0.0042236321432005,0.325799807755784));
#827=CARTESIAN_POINT('',(0.11295843790758,0.00403812018053201,0.326515033990677));
#828=CARTESIAN_POINT('',(0.112963096072595,0.00385148020330956,0.327234609193641));
#829=CARTESIAN_POINT('',(0.112971015933538,0.00366322560972073,0.327960409418257));
#830=CARTESIAN_POINT('',(0.11298194548017,0.00348106282374297,0.328662723175701));
#831=CARTESIAN_POINT('',(0.112995748801578,0.00330452712255602,0.329343342166885));
#832=CARTESIAN_POINT('',(0.113012275448124,0.00313406584169506,0.330000541726157));
#833=CARTESIAN_POINT('',(0.113031381479802,0.00296956210983353,0.330634772441377));
#834=CARTESIAN_POINT('',(0.113052910061628,0.00281104646749601,0.331245916566046));
#835=CARTESIAN_POINT('',(0.113076696366569,0.00265851087615402,0.331834005092054));
#836=CARTESIAN_POINT('',(0.113102565896542,0.00251195774553244,0.332399028728905));
#837=CARTESIAN_POINT('',(0.113130335241023,0.00237138536024612,0.332940994090125));
#838=CARTESIAN_POINT('',(0.113159809452514,0.00223679815888821,0.333459884063081));
#839=CARTESIAN_POINT('',(0.113190790093446,0.0021081806416653,0.33395575840596));
#840=CARTESIAN_POINT('',(0.113223045075287,0.00198558860937842,0.33442840198333));
#841=CARTESIAN_POINT('',(0.113256415988626,0.00186882138160603,0.334878588502178));
#842=CARTESIAN_POINT('',(0.11329058767323,0.0017580924774883,0.335305494756884));
#843=CARTESIAN_POINT('',(0.113326372460187,0.00165030949694362,0.335721043243632));
#844=CARTESIAN_POINT('',(0.113363687430118,0.00154565687356333,0.33612452289376));
#845=CARTESIAN_POINT('',(0.113402543361097,0.00144395840897996,0.336516613025696));
#846=CARTESIAN_POINT('',(0.11344288657617,0.00134526032324891,0.336897135441788));
#847=CARTESIAN_POINT('',(0.113484679998702,0.00124955047958524,0.337266136934419));
#848=CARTESIAN_POINT('',(0.113527882012631,0.00115683204033151,0.337623605311438));
#849=CARTESIAN_POINT('',(0.113572452128322,0.00106710415555145,0.337969543849702));
#850=CARTESIAN_POINT('',(0.113618349620785,0.000980367022271116,0.338303951789595));
#851=CARTESIAN_POINT('',(0.113665534007651,0.000896620559016893,0.338626829445232));
#852=CARTESIAN_POINT('',(0.113713965043529,0.000815864751707563,0.3389381768709));
#853=CARTESIAN_POINT('',(0.113763602838254,0.000738099562065356,0.339237994214178));
#854=CARTESIAN_POINT('',(0.113814407939327,0.000663324950104341,0.339526281629228));
#855=CARTESIAN_POINT('',(0.113866341419437,0.00059154086644801,0.339803039306416));
#856=CARTESIAN_POINT('',(0.11391936495737,0.000522747252039419,0.340068267473432));
#857=CARTESIAN_POINT('',(0.11397344091414,0.000456944035297379,0.340321966406252));
#858=CARTESIAN_POINT('',(0.114028532402391,0.000394131129120091,0.340564136440689));
#859=CARTESIAN_POINT('',(0.114084603347702,0.000334308426856663,0.340794777987927));
#860=CARTESIAN_POINT('',(0.114141618539734,0.000277475797139198,0.341013891554444));
#861=CARTESIAN_POINT('',(0.114199543670576,0.000223633077160602,0.341221477767929));
#862=CARTESIAN_POINT('',(0.11425834535653,0.000172780063934637,0.341417537410981));
#863=CARTESIAN_POINT('',(0.11431799113837,0.000124916502925779,0.341602071464939));
#864=CARTESIAN_POINT('',(0.114378449451489,8.00420733692861E-5,0.341775081166486));
#865=CARTESIAN_POINT('',(0.114439689557148,3.81563694183797E-5,0.341936568080331));
#866=CARTESIAN_POINT('',(0.114501681404382,-7.41122999138935E-7,0.342086534188437));
#867=CARTESIAN_POINT('',(0.114564395427811,-3.66510547719452E-5,0.342224982000253));
#868=CARTESIAN_POINT('',(0.114627802079125,-6.95742396939108E-5,0.342351914653294));
#869=CARTESIAN_POINT('',(0.114691871456658,-9.95116881503206E-5,0.342467336043019));
#870=CARTESIAN_POINT('',(0.114756571016957,-0.000126464560725526,0.342571250643966));
#871=CARTESIAN_POINT('',(0.114821866858929,-0.000150434222708601,0.342663663719895));
#872=CARTESIAN_POINT('',(0.114887705422965,-0.00017142147116567,0.34274457834383));
#873=CARTESIAN_POINT('',(0.114954047052798,-0.00018942756079144,0.342813999353143));
#874=CARTESIAN_POINT('',(0.115020674097092,-0.000204446498599788,0.342871903642366));
#875=CARTESIAN_POINT('',(0.115087660498117,-0.000216482455426978,0.342918307291818));
#876=CARTESIAN_POINT('',(0.115153086180907,-0.000225464384694103,0.342952936387211));
#877=CARTESIAN_POINT('',(0.115218128466749,-0.000231447024128914,0.342976001965388));
#878=CARTESIAN_POINT('',(0.115269409737609,-0.000234469915818784,0.342987656477641));
#879=CARTESIAN_POINT('',(0.11534,-0.000236277833900063,0.342994626758283));
#880=CARTESIAN_POINT('',(0.115410590262391,-0.000234469915818784,0.342987656477641));
#881=CARTESIAN_POINT('',(0.115461871533251,-0.000231447024128914,0.342976001965388));
#882=CARTESIAN_POINT('',(0.115526913819093,-0.000225464384694103,0.342952936387211));
#883=CARTESIAN_POINT('',(0.115592339501883,-0.000216482455426978,0.342918307291818));
#884=CARTESIAN_POINT('',(0.115659325902908,-0.000204446498599788,0.342871903642366));
#885=CARTESIAN_POINT('',(0.115725952947202,-0.000189427560791439,0.342813999353143));
#886=CARTESIAN_POINT('',(0.115792294577035,-0.000171421471165672,0.34274457834383));
#887=CARTESIAN_POINT('',(0.115858133141071,-0.0001504342227086,0.342663663719895));
#888=CARTESIAN_POINT('',(0.115923428983043,-0.000126464560725526,0.342571250643966));
#889=CARTESIAN_POINT('',(0.115988128543342,-9.95116881503206E-5,0.342467336043019));
#890=CARTESIAN_POINT('',(0.116052197920874,-6.95742396939108E-5,0.342351914653294));
#891=CARTESIAN_POINT('',(0.116115604572189,-3.66510547719452E-5,0.342224982000253));
#892=CARTESIAN_POINT('',(0.116178318595618,-7.41122999139803E-7,0.342086534188437));
#893=CARTESIAN_POINT('',(0.116240310442852,3.81563694183797E-5,0.341936568080331));
#894=CARTESIAN_POINT('',(0.116301550548511,8.00420733692861E-5,0.341775081166486));
#895=CARTESIAN_POINT('',(0.11636200886163,0.000124916502925778,0.341602071464939));
#896=CARTESIAN_POINT('',(0.11642165464347,0.000172780063934637,0.341417537410981));
#897=CARTESIAN_POINT('',(0.116480456329424,0.000223633077160602,0.341221477767929));
#898=CARTESIAN_POINT('',(0.116538381460266,0.0002774757971392,0.341013891554444));
#899=CARTESIAN_POINT('',(0.116595396652298,0.000334308426856661,0.340794777987927));
#900=CARTESIAN_POINT('',(0.116651467597608,0.000394131129120091,0.340564136440689));
#901=CARTESIAN_POINT('',(0.11670655908586,0.000456944035297379,0.340321966406252));
#902=CARTESIAN_POINT('',(0.11676063504263,0.000522747252039418,0.340068267473432));
#903=CARTESIAN_POINT('',(0.116813658580563,0.00059154086644801,0.339803039306416));
#904=CARTESIAN_POINT('',(0.116865592060673,0.000663324950104339,0.339526281629228));
#905=CARTESIAN_POINT('',(0.116916397161746,0.000738099562065357,0.339237994214178));
#906=CARTESIAN_POINT('',(0.11696603495647,0.000815864751707562,0.338938176870901));
#907=CARTESIAN_POINT('',(0.117014465992349,0.000896620559016894,0.338626829445232));
#908=CARTESIAN_POINT('',(0.117061650379214,0.000980367022271116,0.338303951789595));
#909=CARTESIAN_POINT('',(0.117107547871678,0.00106710415555145,0.337969543849702));
#910=CARTESIAN_POINT('',(0.117152117987369,0.00115683204033151,0.337623605311438));
#911=CARTESIAN_POINT('',(0.117195320001298,0.00124955047958523,0.337266136934419));
#912=CARTESIAN_POINT('',(0.117237113423829,0.00134526032324891,0.336897135441788));
#913=CARTESIAN_POINT('',(0.117277456638903,0.00144395840897996,0.336516613025696));
#914=CARTESIAN_POINT('',(0.117316312569881,0.00154565687356333,0.33612452289376));
#915=CARTESIAN_POINT('',(0.117353627539813,0.00165030949694362,0.335721043243632));
#916=CARTESIAN_POINT('',(0.11738941232677,0.00175809247748831,0.335305494756884));
#917=CARTESIAN_POINT('',(0.117423584011374,0.00186882138160603,0.334878588502178));
#918=CARTESIAN_POINT('',(0.117456954924713,0.00198558860937842,0.33442840198333));
#919=CARTESIAN_POINT('',(0.117489209906554,0.0021081806416653,0.33395575840596));
#920=CARTESIAN_POINT('',(0.117520190547486,0.00223679815888821,0.333459884063081));
#921=CARTESIAN_POINT('',(0.117549664758976,0.00237138536024612,0.332940994090125));
#922=CARTESIAN_POINT('',(0.117577434103457,0.00251195774553244,0.332399028728905));
#923=CARTESIAN_POINT('',(0.117603303633431,0.00265851087615402,0.331834005092054));
#924=CARTESIAN_POINT('',(0.117627089938372,0.002811046467496,0.331245916566046));
#925=CARTESIAN_POINT('',(0.117648618520198,0.00296956210983352,0.330634772441377));
#926=CARTESIAN_POINT('',(0.117667724551876,0.00313406584169506,0.330000541726157));
#927=CARTESIAN_POINT('',(0.117684251198422,0.00330452712255602,0.329343342166885));
#928=CARTESIAN_POINT('',(0.11769805451983,0.00348106282374297,0.328662723175701));
#929=CARTESIAN_POINT('',(0.117708984066462,0.00366322560972074,0.327960409418257));
#930=CARTESIAN_POINT('',(0.117716903927405,0.00385148020330956,0.327234609193641));
#931=CARTESIAN_POINT('',(0.11772156209242,0.00403812018053202,0.326515033990677));
#932=CARTESIAN_POINT('',(0.117723251748832,0.0042236321432005,0.325799807755784));
#933=CARTESIAN_POINT('',(0.117722169667872,0.00440755061991,0.325090725075983));
#934=CARTESIAN_POINT('',(0.117718526705945,0.00458999971071976,0.324387307493621));
#935=CARTESIAN_POINT('',(0.117712507519075,0.00477094601841799,0.323689683768923));
#936=CARTESIAN_POINT('',(0.11770428372209,0.00495039983205049,0.322997814233313));
#937=CARTESIAN_POINT('',(0.117694013506557,0.00512835332713748,0.322311729053434));
#938=CARTESIAN_POINT('',(0.117681840357597,0.00530482751755988,0.321631347211983));
#939=CARTESIAN_POINT('',(0.117667907172005,0.00547974666530489,0.320956960710689));
#940=CARTESIAN_POINT('',(0.117652308791719,0.00565339109838013,0.320287488767791));
#941=CARTESIAN_POINT('',(0.117635199157146,0.00582546487500378,0.319624072362681));
#942=CARTESIAN_POINT('',(0.117616162547096,0.00600060686219029,0.318948826722103));
#943=CARTESIAN_POINT('',(0.117595202995413,0.00617851607901124,0.318262912253465));
#944=CARTESIAN_POINT('',(0.117572278636511,0.00635947684501118,0.317565232785965));
#945=CARTESIAN_POINT('',(0.117547381789784,0.00654341200493286,0.316856085785401));
#946=CARTESIAN_POINT('',(0.117520496922566,0.00673034249237612,0.316135390543986));
#947=CARTESIAN_POINT('',(0.117491611884565,0.00692026262944562,0.315403168952382));
#948=CARTESIAN_POINT('',(0.117460714671314,0.00711317395669078,0.314659415071128));
#949=CARTESIAN_POINT('',(0.117427794095693,0.00730907605720624,0.313904130507567));
#950=CARTESIAN_POINT('',(0.117392839380972,0.00750796904500092,0.313137314822149));
#951=CARTESIAN_POINT('',(0.11735584002686,0.00770985289031517,0.312358968129608));
#952=CARTESIAN_POINT('',(0.117316785581153,0.00791472760255537,0.311569090393679));
#953=CARTESIAN_POINT('',(0.117275665415679,0.00812259318060263,0.310767681618676));
#954=CARTESIAN_POINT('',(0.11723246847867,0.00833344962672741,0.309954741795845));
#955=CARTESIAN_POINT('',(0.117187183030899,0.00854729694116638,0.309130270924274));
#956=CARTESIAN_POINT('',(0.117139796359772,0.00876413512987,0.308294268981021));
#957=CARTESIAN_POINT('',(0.117090294482848,0.00898396417877433,0.307446736020309));
#958=CARTESIAN_POINT('',(0.117038661795723,0.00920678414992444,0.306587671802928));
#959=CARTESIAN_POINT('',(0.11698488083005,0.00943259481936915,0.305717077192304));
#960=CARTESIAN_POINT('',(0.11692893149317,0.00966139704218789,0.304834948891747));
#961=CARTESIAN_POINT('',(0.116870792154821,0.00989318760746004,0.303941299280699));
#962=CARTESIAN_POINT('',(0.116810433661811,0.0101279786287412,0.303036081656337));
#963=CARTESIAN_POINT('',(0.116747839888528,0.0103657244750067,0.302119471945351));
#964=CARTESIAN_POINT('',(0.116682928183665,0.0106065970839845,0.301190807255863));
#965=CARTESIAN_POINT('',(0.116615846836234,0.0108499487437275,0.30025258478843));
#966=CARTESIAN_POINT('',(0.116546349422453,0.0110964554789042,0.299302198185109));
#967=CARTESIAN_POINT('',(0.116477526155311,0.0113353299366284,0.298381237204735));
#968=CARTESIAN_POINT('',(0.116409343037994,0.0115672253735762,0.297487183269499));
#969=CARTESIAN_POINT('',(0.116342102214855,0.0117915133151252,0.296622459412027));
#970=CARTESIAN_POINT('',(0.116275879256789,0.012008358159655,0.29578643180778));
#971=CARTESIAN_POINT('',(0.116210800918525,0.0122177169332615,0.294979266139137));
#972=CARTESIAN_POINT('',(0.116146973807362,0.0124196008556583,0.294200919149411));
#973=CARTESIAN_POINT('',(0.116084504091226,0.0126140069966697,0.293451402135653));
#974=CARTESIAN_POINT('',(0.11602349321632,0.0128009361174996,0.292730712163105));
#975=CARTESIAN_POINT('',(0.115964039700769,0.0129803880183263,0.292038850002161));
#976=CARTESIAN_POINT('',(0.115906239181211,0.0131523627475952,0.291375815466046));
#977=CARTESIAN_POINT('',(0.115850184761929,0.0133168602974703,0.29074160858497));
#978=CARTESIAN_POINT('',(0.115795967181311,0.013473880645997,0.290136229443578));
#979=CARTESIAN_POINT('',(0.115743674825166,0.0136234238791218,0.289559677710508));
#980=CARTESIAN_POINT('',(0.115693393999695,0.0137654896803252,0.289011954606078));
#981=CARTESIAN_POINT('',(0.115645207913361,0.0139000791806178,0.288493055769768));
#982=CARTESIAN_POINT('',(0.115599200007636,0.0140271883258947,0.288002996831847));
#983=CARTESIAN_POINT('',(0.115555441497232,0.0141468315803698,0.287541722026721));
#984=CARTESIAN_POINT('',(0.115514035027345,0.0142589574413346,0.287109429918878));
#985=CARTESIAN_POINT('',(0.115474958633726,0.0143637486486835,0.286705415969568));
#986=CARTESIAN_POINT('',(0.115438617283062,0.014460559084589,0.286332171233352));
#987=CARTESIAN_POINT('',(0.115403896399888,0.0145516634790593,0.285980925674295));
#988=CARTESIAN_POINT('',(0.115374994542296,0.0146290926296306,0.285682403902235));
#989=CARTESIAN_POINT('',(0.115344738288499,0.0147030623326114,0.285397219748081));
#990=CARTESIAN_POINT('',(0.11534,0.0147229610567691,0.285320501840763));
#991=CARTESIAN_POINT('',(0.115335261711501,0.0147030623326114,0.285397219748081));
#992=CARTESIAN_POINT('',(0.114976442024041,0.0137366357702363,0.28912319850204));
#993=CARTESIAN_POINT('',(0.11534,0.0137284979419489,0.289154573234982));
#994=CARTESIAN_POINT('',(0.115641898648091,0.0137800048016692,0.288955992740123));
#995=CARTESIAN_POINT('',(0.11534,0.0137284979419489,0.289154573234982));
#996=CARTESIAN_POINT('',(0.115703557975959,0.0137366357702363,0.289123198502041));
#997=CARTESIAN_POINT('',(0.115344738288499,0.0147030623326114,0.285397219748081));
#998=CARTESIAN_POINT('',(0.11534,0.0147229610567691,0.285320501840763));
#999=CARTESIAN_POINT('',(0.115335261711501,0.0147030623326114,0.285397219748081));
#1000=CARTESIAN_POINT('',(0.115305005457704,0.0146290926296306,0.285682403902235));
#1001=CARTESIAN_POINT('',(0.115276103600111,0.0145516634790593,0.285980925674295));
#1002=CARTESIAN_POINT('',(0.115241382716938,0.014460559084589,0.286332171233352));
#1003=CARTESIAN_POINT('',(0.115205041366274,0.0143637486486835,0.286705415969568));
#1004=CARTESIAN_POINT('',(0.115165964972655,0.0142589574413346,0.287109429918878));
#1005=CARTESIAN_POINT('',(0.115124558502768,0.0141468315803698,0.287541722026721));
#1006=CARTESIAN_POINT('',(0.115080799992364,0.0140271883258947,0.288002996831847));
#1007=CARTESIAN_POINT('',(0.115034792086639,0.0139000791806178,0.288493055769768));
#1008=CARTESIAN_POINT('',(0.114986606000305,0.0137654896803252,0.289011954606078));
#1009=CARTESIAN_POINT('',(0.114936325174834,0.0136234238791218,0.289559677710508));
#1010=CARTESIAN_POINT('',(0.114884032818689,0.013473880645997,0.290136229443578));
#1011=CARTESIAN_POINT('',(0.114829815238071,0.0133168602974703,0.29074160858497));
#1012=CARTESIAN_POINT('',(0.114773760818789,0.0131523627475952,0.291375815466046));
#1013=CARTESIAN_POINT('',(0.114715960299231,0.0129803880183263,0.292038850002161));
#1014=CARTESIAN_POINT('',(0.11465650678368,0.0128009361174996,0.292730712163105));
#1015=CARTESIAN_POINT('',(0.114595495908774,0.0126140069966697,0.293451402135653));
#1016=CARTESIAN_POINT('',(0.114533026192638,0.0124196008556583,0.294200919149411));
#1017=CARTESIAN_POINT('',(0.114469199081475,0.0122177169332615,0.294979266139137));
#1018=CARTESIAN_POINT('',(0.114404120743211,0.012008358159655,0.29578643180778));
#1019=CARTESIAN_POINT('',(0.114337897785145,0.0117915133151252,0.296622459412027));
#1020=CARTESIAN_POINT('',(0.114270656962006,0.0115672253735762,0.297487183269499));
#1021=CARTESIAN_POINT('',(0.114202473844689,0.0113353299366284,0.298381237204735));
#1022=CARTESIAN_POINT('',(0.114133650577547,0.0110964554789042,0.299302198185109));
#1023=CARTESIAN_POINT('',(0.114064153163766,0.0108499487437275,0.30025258478843));
#1024=CARTESIAN_POINT('',(0.113997071816335,0.0106065970839845,0.301190807255863));
#1025=CARTESIAN_POINT('',(0.113932160111472,0.0103657244750067,0.302119471945351));
#1026=CARTESIAN_POINT('',(0.113869566338189,0.0101279786287412,0.303036081656337));
#1027=CARTESIAN_POINT('',(0.113809207845179,0.00989318760746004,0.303941299280699));
#1028=CARTESIAN_POINT('',(0.11375106850683,0.00966139704218789,0.304834948891747));
#1029=CARTESIAN_POINT('',(0.11369511916995,0.00943259481936915,0.305717077192304));
#1030=CARTESIAN_POINT('',(0.113641338204277,0.00920678414992444,0.306587671802928));
#1031=CARTESIAN_POINT('',(0.113589705517152,0.00898396417877433,0.307446736020309));
#1032=CARTESIAN_POINT('',(0.113540203640228,0.00876413512987,0.308294268981021));
#1033=CARTESIAN_POINT('',(0.113492816969101,0.00854729694116638,0.309130270924274));
#1034=CARTESIAN_POINT('',(0.11344753152133,0.00833344962672741,0.309954741795845));
#1035=CARTESIAN_POINT('',(0.113404334584321,0.00812259318060263,0.310767681618676));
#1036=CARTESIAN_POINT('',(0.113363214418847,0.00791472760255537,0.311569090393679));
#1037=CARTESIAN_POINT('',(0.11332415997314,0.00770985289031517,0.312358968129608));
#1038=CARTESIAN_POINT('',(0.113287160619028,0.00750796904500093,0.313137314822149));
#1039=CARTESIAN_POINT('',(0.113252205904307,0.00730907605720624,0.313904130507567));
#1040=CARTESIAN_POINT('',(0.113219285328686,0.00711317395669078,0.314659415071128));
#1041=CARTESIAN_POINT('',(0.113188388115435,0.00692026262944562,0.315403168952382));
#1042=CARTESIAN_POINT('',(0.113159503077434,0.00673034249237612,0.316135390543986));
#1043=CARTESIAN_POINT('',(0.113132618210216,0.00654341200493286,0.316856085785401));
#1044=CARTESIAN_POINT('',(0.113107721363489,0.00635947684501118,0.317565232785965));
#1045=CARTESIAN_POINT('',(0.113084797004587,0.00617851607901124,0.318262912253465));
#1046=CARTESIAN_POINT('',(0.113063837452904,0.00600060686219029,0.318948826722103));
#1047=CARTESIAN_POINT('',(0.113044800842854,0.00582546487500378,0.319624072362681));
#1048=CARTESIAN_POINT('',(0.113027691208281,0.00565339109838013,0.320287488767791));
#1049=CARTESIAN_POINT('',(0.113012092827995,0.0054797466653049,0.320956960710689));
#1050=CARTESIAN_POINT('',(0.112998159642403,0.00530482751755988,0.321631347211983));
#1051=CARTESIAN_POINT('',(0.112985986493443,0.00512835332713747,0.322311729053434));
#1052=CARTESIAN_POINT('',(0.11297571627791,0.00495039983205049,0.322997814233313));
#1053=CARTESIAN_POINT('',(0.112967492480925,0.00477094601841799,0.323689683768923));
#1054=CARTESIAN_POINT('',(0.112961473294055,0.00458999971071976,0.324387307493621));
#1055=CARTESIAN_POINT('',(0.112957830332128,0.00440755061991001,0.325090725075983));
#1056=CARTESIAN_POINT('',(0.112956748251168,0.0042236321432005,0.325799807755784));
#1057=CARTESIAN_POINT('',(0.11295843790758,0.00403812018053201,0.326515033990677));
#1058=CARTESIAN_POINT('',(0.112963096072595,0.00385148020330956,0.327234609193641));
#1059=CARTESIAN_POINT('',(0.112971015933538,0.00366322560972073,0.327960409418257));
#1060=CARTESIAN_POINT('',(0.11298194548017,0.00348106282374297,0.328662723175701));
#1061=CARTESIAN_POINT('',(0.112995748801578,0.00330452712255602,0.329343342166885));
#1062=CARTESIAN_POINT('',(0.113012275448124,0.00313406584169506,0.330000541726157));
#1063=CARTESIAN_POINT('',(0.113031381479802,0.00296956210983353,0.330634772441377));
#1064=CARTESIAN_POINT('',(0.113052910061628,0.00281104646749601,0.331245916566046));
#1065=CARTESIAN_POINT('',(0.113076696366569,0.00265851087615402,0.331834005092054));
#1066=CARTESIAN_POINT('',(0.113102565896542,0.00251195774553244,0.332399028728905));
#1067=CARTESIAN_POINT('',(0.113130335241023,0.00237138536024612,0.332940994090125));
#1068=CARTESIAN_POINT('',(0.113159809452514,0.00223679815888821,0.333459884063081));
#1069=CARTESIAN_POINT('',(0.113190790093446,0.0021081806416653,0.33395575840596));
#1070=CARTESIAN_POINT('',(0.113223045075287,0.00198558860937842,0.33442840198333));
#1071=CARTESIAN_POINT('',(0.113256415988626,0.00186882138160603,0.334878588502178));
#1072=CARTESIAN_POINT('',(0.11329058767323,0.0017580924774883,0.335305494756884));
#1073=CARTESIAN_POINT('',(0.113326372460187,0.00165030949694362,0.335721043243632));
#1074=CARTESIAN_POINT('',(0.113363687430118,0.00154565687356333,0.33612452289376));
#1075=CARTESIAN_POINT('',(0.113402543361097,0.00144395840897996,0.336516613025696));
#1076=CARTESIAN_POINT('',(0.11344288657617,0.00134526032324891,0.336897135441788));
#1077=CARTESIAN_POINT('',(0.113484679998702,0.00124955047958524,0.337266136934419));
#1078=CARTESIAN_POINT('',(0.113527882012631,0.00115683204033151,0.337623605311438));
#1079=CARTESIAN_POINT('',(0.113572452128322,0.00106710415555145,0.337969543849702));
#1080=CARTESIAN_POINT('',(0.113618349620785,0.000980367022271116,0.338303951789595));
#1081=CARTESIAN_POINT('',(0.113665534007651,0.000896620559016893,0.338626829445232));
#1082=CARTESIAN_POINT('',(0.113713965043529,0.000815864751707563,0.3389381768709));
#1083=CARTESIAN_POINT('',(0.113763602838254,0.000738099562065356,0.339237994214178));
#1084=CARTESIAN_POINT('',(0.113814407939327,0.000663324950104341,0.339526281629228));
#1085=CARTESIAN_POINT('',(0.113866341419437,0.00059154086644801,0.339803039306416));
#1086=CARTESIAN_POINT('',(0.11391936495737,0.000522747252039419,0.340068267473432));
#1087=CARTESIAN_POINT('',(0.11397344091414,0.000456944035297379,0.340321966406252));
#1088=CARTESIAN_POINT('',(0.114028532402391,0.000394131129120091,0.340564136440689));
#1089=CARTESIAN_POINT('',(0.114084603347702,0.000334308426856663,0.340794777987927));
#1090=CARTESIAN_POINT('',(0.114141618539734,0.000277475797139198,0.341013891554444));
#1091=CARTESIAN_POINT('',(0.114199543670576,0.000223633077160602,0.341221477767929));
#1092=CARTESIAN_POINT('',(0.11425834535653,0.000172780063934637,0.341417537410981));
#1093=CARTESIAN_POINT('',(0.11431799113837,0.000124916502925779,0.341602071464939));
#1094=CARTESIAN_POINT('',(0.114378449451489,8.00420733692861E-5,0.341775081166486));
#1095=CARTESIAN_POINT('',(0.114439689557148,3.81563694183797E-5,0.341936568080331));
#1096=CARTESIAN_POINT('',(0.114501681404382,-7.41122999138935E-7,0.342086534188437));
#1097=CARTESIAN_POINT('',(0.114564395427811,-3.66510547719452E-5,0.342224982000253));
#1098=CARTESIAN_POINT('',(0.114627802079125,-6.95742396939108E-5,0.342351914653294));
#1099=CARTESIAN_POINT('',(0.114691871456658,-9.95116881503206E-5,0.342467336043019));
#1100=CARTESIAN_POINT('',(0.114756571016957,-0.000126464560725526,0.342571250643966));
#1101=CARTESIAN_POINT('',(0.114821866858929,-0.000150434222708601,0.342663663719895));
#1102=CARTESIAN_POINT('',(0.114887705422965,-0.00017142147116567,0.34274457834383));
#1103=CARTESIAN_POINT('',(0.114954047052798,-0.00018942756079144,0.342813999353143));
#1104=CARTESIAN_POINT('',(0.115020674097092,-0.000204446498599788,0.342871903642366));
#1105=CARTESIAN_POINT('',(0.115087660498117,-0.000216482455426978,0.342918307291818));
#1106=CARTESIAN_POINT('',(0.115153086180907,-0.000225464384694103,0.342952936387211));
#1107=CARTESIAN_POINT('',(0.115218128466749,-0.000231447024128914,0.342976001965388));
#1108=CARTESIAN_POINT('',(0.115269409737609,-0.000234469915818784,0.342987656477641));
#1109=CARTESIAN_POINT('',(0.11534,-0.000236277833900063,0.342994626758283));
#1110=CARTESIAN_POINT('',(0.115410590262391,-0.000234469915818784,0.342987656477641));
#1111=CARTESIAN_POINT('',(0.115461871533251,-0.000231447024128914,0.342976001965388));
#1112=CARTESIAN_POINT('',(0.115526913819093,-0.000225464384694103,0.342952936387211));
#1113=CARTESIAN_POINT('',(0.115592339501883,-0.000216482455426978,0.342918307291818));
#1114=CARTESIAN_POINT('',(0.115659325902908,-0.000204446498599788,0.342871903642366));
#1115=CARTESIAN_POINT('',(0.115725952947202,-0.000189427560791439,0.342813999353143));
#1116=CARTESIAN_POINT('',(0.115792294577035,-0.000171421471165672,0.34274457834383));
#1117=CARTESIAN_POINT('',(0.115858133141071,-0.0001504342227086,0.342663663719895));
#1118=CARTESIAN_POINT('',(0.115923428983043,-0.000126464560725526,0.342571250643966));
#1119=CARTESIAN_POINT('',(0.115988128543342,-9.95116881503206E-5,0.342467336043019));
#1120=CARTESIAN_POINT('',(0.116052197920874,-6.95742396939108E-5,0.342351914653294));
#1121=CARTESIAN_POINT('',(0.116115604572189,-3.66510547719452E-5,0.342224982000253));
#1122=CARTESIAN_POINT('',(0.116178318595618,-7.41122999139803E-7,0.342086534188437));
#1123=CARTESIAN_POINT('',(0.116240310442852,3.81563694183797E-5,0.341936568080331));
#1124=CARTESIAN_POINT('',(0.116301550548511,8.00420733692861E-5,0.341775081166486));
#1125=CARTESIAN_POINT('',(0.11636200886163,0.000124916502925778,0.341602071464939));
#1126=CARTESIAN_POINT('',(0.11642165464347,0.000172780063934637,0.341417537410981));
#1127=CARTESIAN_POINT('',(0.116480456329424,0.000223633077160602,0.341221477767929));
#1128=CARTESIAN_POINT('',(0.116538381460266,0.0002774757971392,0.341013891554444));
#1129=CARTESIAN_POINT('',(0.116595396652298,0.000334308426856661,0.340794777987927));
#1130=CARTESIAN_POINT('',(0.116651467597608,0.000394131129120091,0.340564136440689));
#1131=CARTESIAN_POINT('',(0.11670655908586,0.000456944035297379,0.340321966406252));
#1132=CARTESIAN_POINT('',(0.11676063504263,0.000522747252039418,0.340068267473432));
#1133=CARTESIAN_POINT('',(0.116813658580563,0.00059154086644801,0.339803039306416));
#1134=CARTESIAN_POINT('',(0.116865592060673,0.000663324950104339,0.339526281629228));
#1135=CARTESIAN_POINT('',(0.116916397161746,0.000738099562065357,0.339237994214178));
#1136=CARTESIAN_POINT('',(0.11696603495647,0.000815864751707562,0.338938176870901));
#1137=CARTESIAN_POINT('',(0.117014465992349,0.000896620559016894,0.338626829445232));
#1138=CARTESIAN_POINT('',(0.117061650379214,0.000980367022271116,0.338303951789595));
#1139=CARTESIAN_POINT('',(0.117107547871678,0.00106710415555145,0.337969543849702));
#1140=CARTESIAN_POINT('',(0.117152117987369,0.00115683204033151,0.337623605311438));
#1141=CARTESIAN_POINT('',(0.117195320001298,0.00124955047958523,0.337266136934419));
#1142=CARTESIAN_POINT('',(0.117237113423829,0.00134526032324891,0.336897135441788));
#1143=CARTESIAN_POINT('',(0.117277456638903,0.00144395840897996,0.336516613025696));
#1144=CARTESIAN_POINT('',(0.117316312569881,0.00154565687356333,0.33612452289376));
#1145=CARTESIAN_POINT('',(0.117353627539813,0.00165030949694362,0.335721043243632));
#1146=CARTESIAN_POINT('',(0.11738941232677,0.00175809247748831,0.335305494756884));
#1147=CARTESIAN_POINT('',(0.117423584011374,0.00186882138160603,0.334878588502178));
#1148=CARTESIAN_POINT('',(0.117456954924713,0.00198558860937842,0.33442840198333));
#1149=CARTESIAN_POINT('',(0.117489209906554,0.0021081806416653,0.33395575840596));
#1150=CARTESIAN_POINT('',(0.117520190547486,0.00223679815888821,0.333459884063081));
#1151=CARTESIAN_POINT('',(0.117549664758976,0.00237138536024612,0.332940994090125));
#1152=CARTESIAN_POINT('',(0.117577434103457,0.00251195774553244,0.332399028728905));
#1153=CARTESIAN_POINT('',(0.117603303633431,0.00265851087615402,0.331834005092054));
#1154=CARTESIAN_POINT('',(0.117627089938372,0.002811046467496,0.331245916566046));
#1155=CARTESIAN_POINT('',(0.117648618520198,0.00296956210983352,0.330634772441377));
#1156=CARTESIAN_POINT('',(0.117667724551876,0.00313406584169506,0.330000541726157));
#1157=CARTESIAN_POINT('',(0.117684251198422,0.00330452712255602,0.329343342166885));
#1158=CARTESIAN_POINT('',(0.11769805451983,0.00348106282374297,0.328662723175701));
#1159=CARTESIAN_POINT('',(0.117708984066462,0.00366322560972074,0.327960409418257));
#1160=CARTESIAN_POINT('',(0.117716903927405,0.00385148020330956,0.327234609193641));
#1161=CARTESIAN_POINT('',(0.11772156209242,0.00403812018053202,0.326515033990677));
#1162=CARTESIAN_POINT('',(0.117723251748832,0.0042236321432005,0.325799807755784));
#1163=CARTESIAN_POINT('',(0.117722169667872,0.00440755061991,0.325090725075983));
#1164=CARTESIAN_POINT('',(0.117718526705945,0.00458999971071976,0.324387307493621));
#1165=CARTESIAN_POINT('',(0.117712507519075,0.00477094601841799,0.323689683768923));
#1166=CARTESIAN_POINT('',(0.11770428372209,0.00495039983205049,0.322997814233313));
#1167=CARTESIAN_POINT('',(0.117694013506557,0.00512835332713748,0.322311729053434));
#1168=CARTESIAN_POINT('',(0.117681840357597,0.00530482751755988,0.321631347211983));
#1169=CARTESIAN_POINT('',(0.117667907172005,0.00547974666530489,0.320956960710689));
#1170=CARTESIAN_POINT('',(0.117652308791719,0.00565339109838013,0.320287488767791));
#1171=CARTESIAN_POINT('',(0.117635199157146,0.00582546487500378,0.319624072362681));
#1172=CARTESIAN_POINT('',(0.117616162547096,0.00600060686219029,0.318948826722103));
#1173=CARTESIAN_POINT('',(0.117595202995413,0.00617851607901124,0.318262912253465));
#1174=CARTESIAN_POINT('',(0.117572278636511,0.00635947684501118,0.317565232785965));
#1175=CARTESIAN_POINT('',(0.117547381789784,0.00654341200493286,0.316856085785401));
#1176=CARTESIAN_POINT('',(0.117520496922566,0.00673034249237612,0.316135390543986));
#1177=CARTESIAN_POINT('',(0.117491611884565,0.00692026262944562,0.315403168952382));
#1178=CARTESIAN_POINT('',(0.117460714671314,0.00711317395669078,0.314659415071128));
#1179=CARTESIAN_POINT('',(0.117427794095693,0.00730907605720624,0.313904130507567));
#1180=CARTESIAN_POINT('',(0.117392839380972,0.00750796904500092,0.313137314822149));
#1181=CARTESIAN_POINT('',(0.11735584002686,0.00770985289031517,0.312358968129608));
#1182=CARTESIAN_POINT('',(0.117316785581153,0.00791472760255537,0.311569090393679));
#1183=CARTESIAN_POINT('',(0.117275665415679,0.00812259318060263,0.310767681618676));
#1184=CARTESIAN_POINT('',(0.11723246847867,0.00833344962672741,0.309954741795845));
#1185=CARTESIAN_POINT('',(0.117187183030899,0.00854729694116638,0.309130270924274));
#1186=CARTESIAN_POINT('',(0.117139796359772,0.00876413512987,0.308294268981021));
#1187=CARTESIAN_POINT('',(0.117090294482848,0.00898396417877433,0.307446736020309));
#1188=CARTESIAN_POINT('',(0.117038661795723,0.00920678414992444,0.306587671802928));
#1189=CARTESIAN_POINT('',(0.11698488083005,0.00943259481936915,0.305717077192304));
#1190=CARTESIAN_POINT('',(0.11692893149317,0.00966139704218789,0.304834948891747));
#1191=CARTESIAN_POINT('',(0.116870792154821,0.00989318760746004,0.303941299280699));
#1192=CARTESIAN_POINT('',(0.116810433661811,0.0101279786287412,0.303036081656337));
#1193=CARTESIAN_POINT('',(0.116747839888528,0.0103657244750067,0.302119471945351));
#1194=CARTESIAN_POINT('',(0.116682928183665,0.0106065970839845,0.301190807255863));
#1195=CARTESIAN_POINT('',(0.116615846836234,0.0108499487437275,0.30025258478843));
#1196=CARTESIAN_POINT('',(0.116546349422453,0.0110964554789042,0.299302198185109));
#1197=CARTESIAN_POINT('',(0.116477526155311,0.0113353299366284,0.298381237204735));
#1198=CARTESIAN_POINT('',(0.116409343037994,0.0115672253735762,0.297487183269499));
#1199=CARTESIAN_POINT('',(0.116342102214855,0.0117915133151252,0.296622459412027));
#1200=CARTESIAN_POINT('',(0.116275879256789,0.012008358159655,0.29578643180778));
#1201=CARTESIAN_POINT('',(0.116210800918525,0.0122177169332615,0.294979266139137));
#1202=CARTESIAN_POINT('',(0.116146973807362,0.0124196008556583,0.294200919149411));
#1203=CARTESIAN_POINT('',(0.116084504091226,0.0126140069966697,0.293451402135653));
#1204=CARTESIAN_POINT('',(0.11602349321632,0.0128009361174996,0.292730712163105));
#1205=CARTESIAN_POINT('',(0.115964039700769,0.0129803880183263,0.292038850002161));
#1206=CARTESIAN_POINT('',(0.115906239181211,0.0131523627475952,0.291375815466046));
#1207=CARTESIAN_POINT('',(0.115850184761929,0.0133168602974703,0.29074160858497));
#1208=CARTESIAN_POINT('',(0.115795967181311,0.013473880645997,0.290136229443578));
#1209=CARTESIAN_POINT('',(0.115743674825166,0.0136234238791218,0.289559677710508));
#1210=CARTESIAN_POINT('',(0.115693393999695,0.0137654896803252,0.289011954606078));
#1211=CARTESIAN_POINT('',(0.115645207913361,0.0139000791806178,0.288493055769768));
#1212=CARTESIAN_POINT('',(0.115599200007636,0.0140271883258947,0.288002996831847));
#1213=CARTESIAN_POINT('',(0.115555441497232,0.0141468315803698,0.287541722026721));
#1214=CARTESIAN_POINT('',(0.115514035027345,0.0142589574413346,0.287109429918878));
#1215=CARTESIAN_POINT('',(0.115474958633726,0.0143637486486835,0.286705415969568));
#1216=CARTESIAN_POINT('',(0.115438617283062,0.014460559084589,0.286332171233352));
#1217=CARTESIAN_POINT('',(0.115403896399888,0.0145516634790593,0.285980925674295));
#1218=CARTESIAN_POINT('',(0.115374994542296,0.0146290926296306,0.285682403902235));
#1219=CARTESIAN_POINT('',(0.115344738288499,0.0147030623326114,0.285397219748081));
#1220=CARTESIAN_POINT('',(0.11534,0.0147229610567691,0.285320501840763));
#1221=CARTESIAN_POINT('',(0.115335261711501,0.0147030623326114,0.285397219748081));
#1222=CARTESIAN_POINT('',(0.11756131830979,0.00643991440350778,0.317255112342625));
#1223=CARTESIAN_POINT('',(0.115344738288499,0.0147030623326114,0.285397219748081));
#1224=CARTESIAN_POINT('',(0.11534,0.0147229610567691,0.285320501840763));
#1225=CARTESIAN_POINT('',(0.115335261711501,0.0147030623326114,0.285397219748081));
#1226=CARTESIAN_POINT('',(0.115305005457704,0.0146290926296306,0.285682403902235));
#1227=CARTESIAN_POINT('',(0.115276103600111,0.0145516634790593,0.285980925674295));
#1228=CARTESIAN_POINT('',(0.115241382716938,0.014460559084589,0.286332171233352));
#1229=CARTESIAN_POINT('',(0.115205041366274,0.0143637486486835,0.286705415969568));
#1230=CARTESIAN_POINT('',(0.115165964972655,0.0142589574413346,0.287109429918878));
#1231=CARTESIAN_POINT('',(0.115124558502768,0.0141468315803698,0.287541722026721));
#1232=CARTESIAN_POINT('',(0.115080799992364,0.0140271883258947,0.288002996831847));
#1233=CARTESIAN_POINT('',(0.115034792086639,0.0139000791806178,0.288493055769768));
#1234=CARTESIAN_POINT('',(0.114986606000305,0.0137654896803252,0.289011954606078));
#1235=CARTESIAN_POINT('',(0.114936325174834,0.0136234238791218,0.289559677710508));
#1236=CARTESIAN_POINT('',(0.114884032818689,0.013473880645997,0.290136229443578));
#1237=CARTESIAN_POINT('',(0.114829815238071,0.0133168602974703,0.29074160858497));
#1238=CARTESIAN_POINT('',(0.114773760818789,0.0131523627475952,0.291375815466046));
#1239=CARTESIAN_POINT('',(0.114715960299231,0.0129803880183263,0.292038850002161));
#1240=CARTESIAN_POINT('',(0.11465650678368,0.0128009361174996,0.292730712163105));
#1241=CARTESIAN_POINT('',(0.114595495908774,0.0126140069966697,0.293451402135653));
#1242=CARTESIAN_POINT('',(0.114533026192638,0.0124196008556583,0.294200919149411));
#1243=CARTESIAN_POINT('',(0.114469199081475,0.0122177169332615,0.294979266139137));
#1244=CARTESIAN_POINT('',(0.114404120743211,0.012008358159655,0.29578643180778));
#1245=CARTESIAN_POINT('',(0.114337897785145,0.0117915133151252,0.296622459412027));
#1246=CARTESIAN_POINT('',(0.114270656962006,0.0115672253735762,0.297487183269499));
#1247=CARTESIAN_POINT('',(0.114202473844689,0.0113353299366284,0.298381237204735));
#1248=CARTESIAN_POINT('',(0.114133650577547,0.0110964554789042,0.299302198185109));
#1249=CARTESIAN_POINT('',(0.114064153163766,0.0108499487437275,0.30025258478843));
#1250=CARTESIAN_POINT('',(0.113997071816335,0.0106065970839845,0.301190807255863));
#1251=CARTESIAN_POINT('',(0.113932160111472,0.0103657244750067,0.302119471945351));
#1252=CARTESIAN_POINT('',(0.113869566338189,0.0101279786287412,0.303036081656337));
#1253=CARTESIAN_POINT('',(0.113809207845179,0.00989318760746004,0.303941299280699));
#1254=CARTESIAN_POINT('',(0.11375106850683,0.00966139704218789,0.304834948891747));
#1255=CARTESIAN_POINT('',(0.11369511916995,0.00943259481936915,0.305717077192304));
#1256=CARTESIAN_POINT('',(0.113641338204277,0.00920678414992444,0.306587671802928));
#1257=CARTESIAN_POINT('',(0.113589705517152,0.00898396417877433,0.307446736020309));
#1258=CARTESIAN_POINT('',(0.113540203640228,0.00876413512987,0.308294268981021));
#1259=CARTESIAN_POINT('',(0.113492816969101,0.00854729694116638,0.309130270924274));
#1260=CARTESIAN_POINT('',(0.11344753152133,0.00833344962672741,0.309954741795845));
#1261=CARTESIAN_POINT('',(0.113404334584321,0.00812259318060263,0.310767681618676));
#1262=CARTESIAN_POINT('',(0.113363214418847,0.00791472760255537,0.311569090393679));
#1263=CARTESIAN_POINT('',(0.11332415997314,0.00770985289031517,0.312358968129608));
#1264=CARTESIAN_POINT('',(0.113287160619028,0.00750796904500093,0.313137314822149));
#1265=CARTESIAN_POINT('',(0.113252205904307,0.00730907605720624,0.313904130507567));
#1266=CARTESIAN_POINT('',(0.113219285328686,0.00711317395669078,0.314659415071128));
#1267=CARTESIAN_POINT('',(0.113188388115435,0.00692026262944562,0.315403168952382));
#1268=CARTESIAN_POINT('',(0.113159503077434,0.00673034249237612,0.316135390543986));
#1269=CARTESIAN_POINT('',(0.113132618210216,0.00654341200493286,0.316856085785401));
#1270=CARTESIAN_POINT('',(0.113107721363489,0.00635947684501118,0.317565232785965));
#1271=CARTESIAN_POINT('',(0.113084797004587,0.00617851607901124,0.318262912253465));
#1272=CARTESIAN_POINT('',(0.113063837452904,0.00600060686219029,0.318948826722103));
#1273=CARTESIAN_POINT('',(0.113044800842854,0.00582546487500378,0.319624072362681));
#1274=CARTESIAN_POINT('',(0.113027691208281,0.00565339109838013,0.320287488767791));
#1275=CARTESIAN_POINT('',(0.113012092827995,0.0054797466653049,0.320956960710689));
#1276=CARTESIAN_POINT('',(0.112998159642403,0.00530482751755988,0.321631347211983));
#1277=CARTESIAN_POINT('',(0.112985986493443,0.00512835332713747,0.322311729053434));
#1278=CARTESIAN_POINT('',(0.11297571627791,0.00495039983205049,0.322997814233313));
#1279=CARTESIAN_POINT('',(0.112967492480925,0.00477094601841799,0.323689683768923));
#1280=CARTESIAN_POINT('',(0.112961473294055,0.00458999971071976,0.324387307493621));
#1281=CARTESIAN_POINT('',(0.112957830332128,0.00440755061991001,0.325090725075983));
#1282=CARTESIAN_POINT('',(0.112956748251168,0.0042236321432005,0.325799807755784));
#1283=CARTESIAN_POINT('',(0.11295843790758,0.00403812018053201,0.326515033990677));
#1284=CARTESIAN_POINT('',(0.112963096072595,0.00385148020330956,0.327234609193641));
#1285=CARTESIAN_POINT('',(0.112971015933538,0.00366322560972073,0.327960409418257));
#1286=CARTESIAN_POINT('',(0.11298194548017,0.00348106282374297,0.328662723175701));
#1287=CARTESIAN_POINT('',(0.112995748801578,0.00330452712255602,0.329343342166885));
#1288=CARTESIAN_POINT('',(0.113012275448124,0.00313406584169506,0.330000541726157));
#1289=CARTESIAN_POINT('',(0.113031381479802,0.00296956210983353,0.330634772441377));
#1290=CARTESIAN_POINT('',(0.113052910061628,0.00281104646749601,0.331245916566046));
#1291=CARTESIAN_POINT('',(0.113076696366569,0.00265851087615402,0.331834005092054));
#1292=CARTESIAN_POINT('',(0.113102565896542,0.00251195774553244,0.332399028728905));
#1293=CARTESIAN_POINT('',(0.113130335241023,0.00237138536024612,0.332940994090125));
#1294=CARTESIAN_POINT('',(0.113159809452514,0.00223679815888821,0.333459884063081));
#1295=CARTESIAN_POINT('',(0.113190790093446,0.0021081806416653,0.33395575840596));
#1296=CARTESIAN_POINT('',(0.113223045075287,0.00198558860937842,0.33442840198333));
#1297=CARTESIAN_POINT('',(0.113256415988626,0.00186882138160603,0.334878588502178));
#1298=CARTESIAN_POINT('',(0.11329058767323,0.0017580924774883,0.335305494756884));
#1299=CARTESIAN_POINT('',(0.113326372460187,0.00165030949694362,0.335721043243632));
#1300=CARTESIAN_POINT('',(0.113363687430118,0.00154565687356333,0.33612452289376));
#1301=CARTESIAN_POINT('',(0.113402543361097,0.00144395840897996,0.336516613025696));
#1302=CARTESIAN_POINT('',(0.11344288657617,0.00134526032324891,0.336897135441788));
#1303=CARTESIAN_POINT('',(0.113484679998702,0.00124955047958524,0.337266136934419));
#1304=CARTESIAN_POINT('',(0.113527882012631,0.00115683204033151,0.337623605311438));
#1305=CARTESIAN_POINT('',(0.113572452128322,0.00106710415555145,0.337969543849702));
#1306=CARTESIAN_POINT('',(0.113618349620785,0.000980367022271116,0.338303951789595));
#1307=CARTESIAN_POINT('',(0.113665534007651,0.000896620559016893,0.338626829445232));
#1308=CARTESIAN_POINT('',(0.113713965043529,0.000815864751707563,0.3389381768709));
#1309=CARTESIAN_POINT('',(0.113763602838254,0.000738099562065356,0.339237994214178));
#1310=CARTESIAN_POINT('',(0.113814407939327,0.000663324950104341,0.339526281629228));
#1311=CARTESIAN_POINT('',(0.113866341419437,0.00059154086644801,0.339803039306416));
#1312=CARTESIAN_POINT('',(0.11391936495737,0.000522747252039419,0.340068267473432));
#1313=CARTESIAN_POINT('',(0.11397344091414,0.000456944035297379,0.340321966406252));
#1314=CARTESIAN_POINT('',(0.114028532402391,0.000394131129120091,0.340564136440689));
#1315=CARTESIAN_POINT('',(0.114084603347702,0.000334308426856663,0.340794777987927));
#1316=CARTESIAN_POINT('',(0.114141618539734,0.000277475797139198,0.341013891554444));
#1317=CARTESIAN_POINT('',(0.114199543670576,0.000223633077160602,0.341221477767929));
#1318=CARTESIAN_POINT('',(0.11425834535653,0.000172780063934637,0.341417537410981));
#1319=CARTESIAN_POINT('',(0.11431799113837,0.000124916502925779,0.341602071464939));
#1320=CARTESIAN_POINT('',(0.114378449451489,8.00420733692861E-5,0.341775081166486));
#1321=CARTESIAN_POINT('',(0.114439689557148,3.81563694183797E-5,0.341936568080331));
#1322=CARTESIAN_POINT('',(0.114501681404382,-7.41122999138935E-7,0.342086534188437));
#1323=CARTESIAN_POINT('',(0.114564395427811,-3.66510547719452E-5,0.342224982000253));
#1324=CARTESIAN_POINT('',(0.114627802079125,-6.95742396939108E-5,0.342351914653294));
#1325=CARTESIAN_POINT('',(0.114691871456658,-9.95116881503206E-5,0.342467336043019));
#1326=CARTESIAN_POINT('',(0.114756571016957,-0.000126464560725526,0.342571250643966));
#1327=CARTESIAN_POINT('',(0.114821866858929,-0.000150434222708601,0.342663663719895));
#1328=CARTESIAN_POINT('',(0.114887705422965,-0.00017142147116567,0.34274457834383));
#1329=CARTESIAN_POINT('',(0.114954047052798,-0.00018942756079144,0.342813999353143));
#1330=CARTESIAN_POINT('',(0.115020674097092,-0.000204446498599788,0.342871903642366));
#1331=CARTESIAN_POINT('',(0.115087660498117,-0.000216482455426978,0.342918307291818));
#1332=CARTESIAN_POINT('',(0.115153086180907,-0.000225464384694103,0.342952936387211));
#1333=CARTESIAN_POINT('',(0.115218128466749,-0.000231447024128914,0.342976001965388));
#1334=CARTESIAN_POINT('',(0.115269409737609,-0.000234469915818784,0.342987656477641));
#1335=CARTESIAN_POINT('',(0.11534,-0.000236277833900063,0.342994626758283));
#1336=CARTESIAN_POINT('',(0.115410590262391,-0.000234469915818784,0.342987656477641));
#1337=CARTESIAN_POINT('',(0.115461871533251,-0.000231447024128914,0.342976001965388));
#1338=CARTESIAN_POINT('',(0.115526913819093,-0.000225464384694103,0.342952936387211));
#1339=CARTESIAN_POINT('',(0.115592339501883,-0.000216482455426978,0.342918307291818));
#1340=CARTESIAN_POINT('',(0.115659325902908,-0.000204446498599788,0.342871903642366));
#1341=CARTESIAN_POINT('',(0.115725952947202,-0.000189427560791439,0.342813999353143));
#1342=CARTESIAN_POINT('',(0.115792294577035,-0.000171421471165672,0.34274457834383));
#1343=CARTESIAN_POINT('',(0.115858133141071,-0.0001504342227086,0.342663663719895));
#1344=CARTESIAN_POINT('',(0.115923428983043,-0.000126464560725526,0.342571250643966));
#1345=CARTESIAN_POINT('',(0.115988128543342,-9.95116881503206E-5,0.342467336043019));
#1346=CARTESIAN_POINT('',(0.116052197920874,-6.95742396939108E-5,0.342351914653294));
#1347=CARTESIAN_POINT('',(0.116115604572189,-3.66510547719452E-5,0.342224982000253));
#1348=CARTESIAN_POINT('',(0.116178318595618,-7.41122999139803E-7,0.342086534188437));
#1349=CARTESIAN_POINT('',(0.116240310442852,3.81563694183797E-5,0.341936568080331));
#1350=CARTESIAN_POINT('',(0.116301550548511,8.00420733692861E-5,0.341775081166486));
#1351=CARTESIAN_POINT('',(0.11636200886163,0.000124916502925778,0.341602071464939));
#1352=CARTESIAN_POINT('',(0.11642165464347,0.000172780063934637,0.341417537410981));
#1353=CARTESIAN_POINT('',(0.116480456329424,0.000223633077160602,0.341221477767929));
#1354=CARTESIAN_POINT('',(0.116538381460266,0.0002774757971392,0.341013891554444));
#1355=CARTESIAN_POINT('',(0.116595396652298,0.000334308426856661,0.340794777987927));
#1356=CARTESIAN_POINT('',(0.116651467597608,0.000394131129120091,0.340564136440689));
#1357=CARTESIAN_POINT('',(0.11670655908586,0.000456944035297379,0.340321966406252));
#1358=CARTESIAN_POINT('',(0.11676063504263,0.000522747252039418,0.340068267473432));
#1359=CARTESIAN_POINT('',(0.116813658580563,0.00059154086644801,0.339803039306416));
#1360=CARTESIAN_POINT('',(0.116865592060673,0.000663324950104339,0.339526281629228));
#1361=CARTESIAN_POINT('',(0.116916397161746,0.000738099562065357,0.339237994214178));
#1362=CARTESIAN_POINT('',(0.11696603495647,0.000815864751707562,0.338938176870901));
#1363=CARTESIAN_POINT('',(0.117014465992349,0.000896620559016894,0.338626829445232));
#1364=CARTESIAN_POINT('',(0.117061650379214,0.000980367022271116,0.338303951789595));
#1365=CARTESIAN_POINT('',(0.117107547871678,0.00106710415555145,0.337969543849702));
#1366=CARTESIAN_POINT('',(0.117152117987369,0.00115683204033151,0.337623605311438));
#1367=CARTESIAN_POINT('',(0.117195320001298,0.00124955047958523,0.337266136934419));
#1368=CARTESIAN_POINT('',(0.117237113423829,0.00134526032324891,0.336897135441788));
#1369=CARTESIAN_POINT('',(0.117277456638903,0.00144395840897996,0.336516613025696));
#1370=CARTESIAN_POINT('',(0.117316312569881,0.00154565687356333,0.33612452289376));
#1371=CARTESIAN_POINT('',(0.117353627539813,0.00165030949694362,0.335721043243632));
#1372=CARTESIAN_POINT('',(0.11738941232677,0.00175809247748831,0.335305494756884));
#1373=CARTESIAN_POINT('',(0.117423584011374,0.00186882138160603,0.334878588502178));
#1374=CARTESIAN_POINT('',(0.117456954924713,0.00198558860937842,0.33442840198333));
#1375=CARTESIAN_POINT('',(0.117489209906554,0.0021081806416653,0.33395575840596));
#1376=CARTESIAN_POINT('',(0.117520190547486,0.00223679815888821,0.333459884063081));
#1377=CARTESIAN_POINT('',(0.117549664758976,0.00237138536024612,0.332940994090125));
#1378=CARTESIAN_POINT('',(0.117577434103457,0.00251195774553244,0.332399028728905));
#1379=CARTESIAN_POINT('',(0.117603303633431,0.00265851087615402,0.331834005092054));
#1380=CARTESIAN_POINT('',(0.117627089938372,0.002811046467496,0.331245916566046));
#1381=CARTESIAN_POINT('',(0.117648618520198,0.00296956210983352,0.330634772441377));
#1382=CARTESIAN_POINT('',(0.117667724551876,0.00313406584169506,0.330000541726157));
#1383=CARTESIAN_POINT('',(0.117684251198422,0.00330452712255602,0.329343342166885));
#1384=CARTESIAN_POINT('',(0.11769805451983,0.00348106282374297,0.328662723175701));
#1385=CARTESIAN_POINT('',(0.117708984066462,0.00366322560972074,0.327960409418257));
#1386=CARTESIAN_POINT('',(0.117716903927405,0.00385148020330956,0.327234609193641));
#1387=CARTESIAN_POINT('',(0.11772156209242,0.00403812018053202,0.326515033990677));
#1388=CARTESIAN_POINT('',(0.117723251748832,0.0042236321432005,0.325799807755784));
#1389=CARTESIAN_POINT('',(0.117722169667872,0.00440755061991,0.325090725075983));
#1390=CARTESIAN_POINT('',(0.117718526705945,0.00458999971071976,0.324387307493621));
#1391=CARTESIAN_POINT('',(0.117712507519075,0.00477094601841799,0.323689683768923));
#1392=CARTESIAN_POINT('',(0.11770428372209,0.00495039983205049,0.322997814233313));
#1393=CARTESIAN_POINT('',(0.117694013506557,0.00512835332713748,0.322311729053434));
#1394=CARTESIAN_POINT('',(0.117681840357597,0.00530482751755988,0.321631347211983));
#1395=CARTESIAN_POINT('',(0.117667907172005,0.00547974666530489,0.320956960710689));
#1396=CARTESIAN_POINT('',(0.117652308791719,0.00565339109838013,0.320287488767791));
#1397=CARTESIAN_POINT('',(0.117635199157146,0.00582546487500378,0.319624072362681));
#1398=CARTESIAN_POINT('',(0.117616162547096,0.00600060686219029,0.318948826722103));
#1399=CARTESIAN_POINT('',(0.117595202995413,0.00617851607901124,0.318262912253465));
#1400=CARTESIAN_POINT('',(0.117572278636511,0.00635947684501118,0.317565232785965));
#1401=CARTESIAN_POINT('',(0.117547381789784,0.00654341200493286,0.316856085785401));
#1402=CARTESIAN_POINT('',(0.117520496922566,0.00673034249237612,0.316135390543986));
#1403=CARTESIAN_POINT('',(0.117491611884565,0.00692026262944562,0.315403168952382));
#1404=CARTESIAN_POINT('',(0.117460714671314,0.00711317395669078,0.314659415071128));
#1405=CARTESIAN_POINT('',(0.117427794095693,0.00730907605720624,0.313904130507567));
#1406=CARTESIAN_POINT('',(0.117392839380972,0.00750796904500092,0.313137314822149));
#1407=CARTESIAN_POINT('',(0.11735584002686,0.00770985289031517,0.312358968129608));
#1408=CARTESIAN_POINT('',(0.117316785581153,0.00791472760255537,0.311569090393679));
#1409=CARTESIAN_POINT('',(0.117275665415679,0.00812259318060263,0.310767681618676));
#1410=CARTESIAN_POINT('',(0.11723246847867,0.00833344962672741,0.309954741795845));
#1411=CARTESIAN_POINT('',(0.117187183030899,0.00854729694116638,0.309130270924274));
#1412=CARTESIAN_POINT('',(0.117139796359772,0.00876413512987,0.308294268981021));
#1413=CARTESIAN_POINT('',(0.117090294482848,0.00898396417877433,0.307446736020309));
#1414=CARTESIAN_POINT('',(0.117038661795723,0.00920678414992444,0.306587671802928));
#1415=CARTESIAN_POINT('',(0.11698488083005,0.00943259481936915,0.305717077192304));
#1416=CARTESIAN_POINT('',(0.11692893149317,0.00966139704218789,0.304834948891747));
#1417=CARTESIAN_POINT('',(0.116870792154821,0.00989318760746004,0.303941299280699));
#1418=CARTESIAN_POINT('',(0.116810433661811,0.0101279786287412,0.303036081656337));
#1419=CARTESIAN_POINT('',(0.116747839888528,0.0103657244750067,0.302119471945351));
#1420=CARTESIAN_POINT('',(0.116682928183665,0.0106065970839845,0.301190807255863));
#1421=CARTESIAN_POINT('',(0.116615846836234,0.0108499487437275,0.30025258478843));
#1422=CARTESIAN_POINT('',(0.116546349422453,0.0110964554789042,0.299302198185109));
#1423=CARTESIAN_POINT('',(0.116477526155311,0.0113353299366284,0.298381237204735));
#1424=CARTESIAN_POINT('',(0.116409343037994,0.0115672253735762,0.297487183269499));
#1425=CARTESIAN_POINT('',(0.116342102214855,0.0117915133151252,0.296622459412027));
#1426=CARTESIAN_POINT('',(0.116275879256789,0.012008358159655,0.29578643180778));
#1427=CARTESIAN_POINT('',(0.116210800918525,0.0122177169332615,0.294979266139137));
#1428=CARTESIAN_POINT('',(0.116146973807362,0.0124196008556583,0.294200919149411));
#1429=CARTESIAN_POINT('',(0.116084504091226,0.0126140069966697,0.293451402135653));
#1430=CARTESIAN_POINT('',(0.11602349321632,0.0128009361174996,0.292730712163105));
#1431=CARTESIAN_POINT('',(0.115964039700769,0.0129803880183263,0.292038850002161));
#1432=CARTESIAN_POINT('',(0.115906239181211,0.0131523627475952,0.291375815466046));
#1433=CARTESIAN_POINT('',(0.115850184761929,0.0133168602974703,0.29074160858497));
#1434=CARTESIAN_POINT('',(0.115795967181311,0.013473880645997,0.290136229443578));
#1435=CARTESIAN_POINT('',(0.115743674825166,0.0136234238791218,0.289559677710508));
#1436=CARTESIAN_POINT('',(0.115693393999695,0.0137654896803252,0.289011954606078));
#1437=CARTESIAN_POINT('',(0.115645207913361,0.0139000791806178,0.288493055769768));
#1438=CARTESIAN_POINT('',(0.115599200007636,0.0140271883258947,0.288002996831847));
#1439=CARTESIAN_POINT('',(0.115555441497232,0.0141468315803698,0.287541722026721));
#1440=CARTESIAN_POINT('',(0.115514035027345,0.0142589574413346,0.287109429918878));
#1441=CARTESIAN_POINT('',(0.115474958633726,0.0143637486486835,0.286705415969568));
#1442=CARTESIAN_POINT('',(0.115438617283062,0.014460559084589,0.286332171233352));
#1443=CARTESIAN_POINT('',(0.115403896399888,0.0145516634790593,0.285980925674295));
#1444=CARTESIAN_POINT('',(0.115374994542296,0.0146290926296306,0.285682403902235));
#1445=CARTESIAN_POINT('',(0.115344738288499,0.0147030623326114,0.285397219748081));
#1446=CARTESIAN_POINT('',(0.11534,0.0147229610567691,0.285320501840763));
#1447=CARTESIAN_POINT('',(0.115335261711501,0.0147030623326114,0.285397219748081));
#1448=CARTESIAN_POINT('',(0.11534,0.0376175347791945,0.298817869301827));
#1449=CARTESIAN_POINT('',(0.11534,0.0339519516869568,0.312950225814238));
#1450=CARTESIAN_POINT('',(0.115355105894397,0.0339521283422086,0.31294954473433));
#1451=CARTESIAN_POINT('',(0.115383183889546,0.0339524566991512,0.31294827878093));
#1452=CARTESIAN_POINT('',(0.115414571676573,0.0339540237705964,0.312942237064841));
#1453=CARTESIAN_POINT('',(0.115454331156764,0.0339569190232295,0.312931074654557));
#1454=CARTESIAN_POINT('',(0.115494406220734,0.0339613192122217,0.312914110084939));
#1455=CARTESIAN_POINT('',(0.115535451755946,0.03396720933656,0.312891401191168));
#1456=CARTESIAN_POINT('',(0.115576303105715,0.0339745684461878,0.312863028744477));
#1457=CARTESIAN_POINT('',(0.115616983939293,0.033983394240205,0.3128290016158));
#1458=CARTESIAN_POINT('',(0.115657358206314,0.0339936839275574,0.312789330565818));
#1459=CARTESIAN_POINT('',(0.115697397033418,0.0340054369249141,0.312744017843515));
#1460=CARTESIAN_POINT('',(0.115737066894689,0.0340186530634969,0.312693064099604));
#1461=CARTESIAN_POINT('',(0.115776346794131,0.0340333325630861,0.312636468486737));
#1462=CARTESIAN_POINT('',(0.115815217209071,0.0340494757493969,0.312574229749148));
#1463=CARTESIAN_POINT('',(0.115853660323003,0.0340670829807872,0.312506346505215));
#1464=CARTESIAN_POINT('',(0.115891658548915,0.0340861545941313,0.312432817456149));
#1465=CARTESIAN_POINT('',(0.115929194223189,0.0341066908880852,0.312353641450505));
#1466=CARTESIAN_POINT('',(0.115966249309954,0.0341286921179815,0.312268817503869));
#1467=CARTESIAN_POINT('',(0.116002805278814,0.0341521584980893,0.312178344790144));
#1468=CARTESIAN_POINT('',(0.116038843030837,0.0341770902063162,0.312082222623422));
#1469=CARTESIAN_POINT('',(0.116074342867558,0.034203487389631,0.311980450437077));
#1470=CARTESIAN_POINT('',(0.116109284483091,0.0342313501692256,0.311873027763862));
#1471=CARTESIAN_POINT('',(0.116143646972997,0.0342606786450742,0.311759954218337));
#1472=CARTESIAN_POINT('',(0.116177408854672,0.0342914728997942,0.311641229481975));
#1473=CARTESIAN_POINT('',(0.116210548096399,0.0343237330018423,0.311516853290848));
#1474=CARTESIAN_POINT('',(0.116243042153016,0.0343574590081219,0.31138682542557));
#1475=CARTESIAN_POINT('',(0.116274868006826,0.0343926509661133,0.311251145703084));
#1476=CARTESIAN_POINT('',(0.116306002212713,0.0344293089155294,0.311109813970281));
#1477=CARTESIAN_POINT('',(0.116336420946795,0.0344674328899033,0.310962830097875));
#1478=CARTESIAN_POINT('',(0.116366100057545,0.034507022916909,0.310810193979173));
#1479=CARTESIAN_POINT('',(0.116395015120628,0.034548079022304,0.310651905514867));
#1480=CARTESIAN_POINT('',(0.116423141490346,0.0345906012190183,0.310487964655109));
#1481=CARTESIAN_POINT('',(0.116450454372868,0.0346345895522924,0.310318371225476));
#1482=CARTESIAN_POINT('',(0.116476928823224,0.0346800439298726,0.310143125581646));
#1483=CARTESIAN_POINT('',(0.116502540039051,0.034726964772983,0.309962226099622));
#1484=CARTESIAN_POINT('',(0.116527262525258,0.03477535053286,0.309775678750538));
#1485=CARTESIAN_POINT('',(0.116551073569899,0.0348252071678321,0.309583460562542));
#1486=CARTESIAN_POINT('',(0.116573940279907,0.0348765120066368,0.30938565894284));
#1487=CARTESIAN_POINT('',(0.11659586927842,0.0349293514680139,0.30918194071103));
#1488=CARTESIAN_POINT('',(0.116616809707857,0.0349836350074906,0.308972654953938));
#1489=CARTESIAN_POINT('',(0.11663725938579,0.0350408786662132,0.30875195669863));
#1490=CARTESIAN_POINT('',(0.116657025236159,0.0351009779094185,0.308520248970356));
#1491=CARTESIAN_POINT('',(0.116676010167856,0.0351640310758413,0.308277152632147));
#1492=CARTESIAN_POINT('',(0.116694071961523,0.0352300108213414,0.308022773107106));
#1493=CARTESIAN_POINT('',(0.116711089011371,0.0352989247360512,0.307757081132094));
#1494=CARTESIAN_POINT('',(0.1167269418536,0.0353707706427431,0.307480085101237));
#1495=CARTESIAN_POINT('',(0.11674151809373,0.035445549379217,0.307191781784464));
#1496=CARTESIAN_POINT('',(0.116754710799425,0.0355232597615675,0.306892175746227));
#1497=CARTESIAN_POINT('',(0.116766418964986,0.0356039057290285,0.306581251799131));
#1498=CARTESIAN_POINT('',(0.116776546482408,0.035687472305413,0.306259067682643));
#1499=CARTESIAN_POINT('',(0.116785005146139,0.0357740167885452,0.305925402489677));
#1500=CARTESIAN_POINT('',(0.116791702761159,0.0358633198648651,0.305581101765767));
#1501=CARTESIAN_POINT('',(0.116796556043556,0.0359556093885659,0.305225287037664));
#1502=CARTESIAN_POINT('',(0.116799410560818,0.0360471073495428,0.304872524115055));
#1503=CARTESIAN_POINT('',(0.116800445978985,0.0361380522672239,0.304521893405747));
#1504=CARTESIAN_POINT('',(0.116799782882152,0.0362282159658429,0.304174274622788));
#1505=CARTESIAN_POINT('',(0.116797550484318,0.0363176592875972,0.303829433194048));
#1506=CARTESIAN_POINT('',(0.116793861943562,0.0364063658656085,0.303487432220696));
#1507=CARTESIAN_POINT('',(0.116788822425896,0.0364943407478086,0.303148252240839));
#1508=CARTESIAN_POINT('',(0.11678252887124,0.0365815801020563,0.302811908028985));
#1509=CARTESIAN_POINT('',(0.116775069207387,0.0366680942319616,0.302478359860408));
#1510=CARTESIAN_POINT('',(0.116766531000927,0.0367538460131116,0.302147750865252));
#1511=CARTESIAN_POINT('',(0.116756972371834,0.0368389728671638,0.30181955122553));
#1512=CARTESIAN_POINT('',(0.116746487650781,0.0369233297418883,0.301494320178277));
#1513=CARTESIAN_POINT('',(0.116734822084325,0.0370091907840652,0.301163289936147));
#1514=CARTESIAN_POINT('',(0.116721978147802,0.0370964084146721,0.300827029478019));
#1515=CARTESIAN_POINT('',(0.116707930185368,0.0371851220254397,0.300485001390447));
#1516=CARTESIAN_POINT('',(0.116692673490872,0.0372752937889195,0.300137351514075));
#1517=CARTESIAN_POINT('',(0.11667619854593,0.0373669339687812,0.29978404027816));
#1518=CARTESIAN_POINT('',(0.116658497905031,0.0374600397812348,0.299425078415378));
#1519=CARTESIAN_POINT('',(0.116639564211946,0.0375546119818001,0.299060463012884));
#1520=CARTESIAN_POINT('',(0.116619390611312,0.0376506503662397,0.298690194858099));
#1521=CARTESIAN_POINT('',(0.116597970499227,0.0377481549906798,0.298314273734631));
#1522=CARTESIAN_POINT('',(0.11657529744117,0.0378471258407852,0.297932699697751));
#1523=CARTESIAN_POINT('',(0.11655136503206,0.037947562921464,0.297545472728534));
#1524=CARTESIAN_POINT('',(0.116526166758963,0.0380494662325017,0.297152592827808));
#1525=CARTESIAN_POINT('',(0.116499695849339,0.038152835775387,0.296754059989835));
#1526=CARTESIAN_POINT('',(0.116471945109347,0.0382576715506543,0.296349874212551));
#1527=CARTESIAN_POINT('',(0.116442906748642,0.0383639735616825,0.295940035482931));
#1528=CARTESIAN_POINT('',(0.11641257219869,0.0384717418020905,0.295524543825578));
#1529=CARTESIAN_POINT('',(0.116380931896995,0.0385809763028431,0.295103399121108));
#1530=CARTESIAN_POINT('',(0.116347975138789,0.0386916769548029,0.294676601790292));
#1531=CARTESIAN_POINT('',(0.116313689611158,0.0388038441776994,0.294244150214896));
#1532=CARTESIAN_POINT('',(0.11627806205871,0.0389174763985778,0.293806050459321));
#1533=CARTESIAN_POINT('',(0.116241074616626,0.0390325795553787,0.29336227963032));
#1534=CARTESIAN_POINT('',(0.116202717401294,0.0391491312831505,0.292912923954139));
#1535=CARTESIAN_POINT('',(0.116162939768214,0.039267215860884,0.292457658500007));
#1536=CARTESIAN_POINT('',(0.116121832576444,0.0393865157891232,0.291997707361169));
#1537=CARTESIAN_POINT('',(0.116079244859878,0.0395073623627927,0.291531793257075));
#1538=CARTESIAN_POINT('',(0.116037070290492,0.039624467226349,0.291080305011012));
#1539=CARTESIAN_POINT('',(0.115995287994511,0.039738150745673,0.290642007478465));
#1540=CARTESIAN_POINT('',(0.115954083135527,0.0398481047879175,0.290218088640485));
#1541=CARTESIAN_POINT('',(0.115913502019132,0.0399544099581262,0.289808237730903));
#1542=CARTESIAN_POINT('',(0.11587362232161,0.0400570451842374,0.289412535991334));
#1543=CARTESIAN_POINT('',(0.115834509371144,0.040156015967266,0.289030962213062));
#1544=CARTESIAN_POINT('',(0.115796228227241,0.0402513208698489,0.288663521937725));
#1545=CARTESIAN_POINT('',(0.115758841055755,0.0403429602648616,0.288310213727731));
#1546=CARTESIAN_POINT('',(0.115722408228251,0.0404309340541057,0.287971037961677));
#1547=CARTESIAN_POINT('',(0.115686988350488,0.0405152422608345,0.287645994549912));
#1548=CARTESIAN_POINT('',(0.115652638476373,0.0405958848822503,0.28733508350322));
#1549=CARTESIAN_POINT('',(0.115619414209964,0.0406728619034733,0.28703830487897));
#1550=CARTESIAN_POINT('',(0.115587369713643,0.040746173381545,0.286755658457243));
#1551=CARTESIAN_POINT('',(0.115556557875335,0.040815819108185,0.286487145041048));
#1552=CARTESIAN_POINT('',(0.115527029684779,0.0408817998292209,0.286232761754908));
#1553=CARTESIAN_POINT('',(0.115498836274052,0.0409441128733954,0.285992518897635));
#1554=CARTESIAN_POINT('',(0.115472021283956,0.0410027677744291,0.28576637971275));
#1555=CARTESIAN_POINT('',(0.115446647611947,0.0410577305882171,0.285554475068978));
#1556=CARTESIAN_POINT('',(0.115422701806261,0.0411091217628699,0.285356340588458));
#1557=CARTESIAN_POINT('',(0.115400432006259,0.0411565154203426,0.285173618209241));
#1558=CARTESIAN_POINT('',(0.115379155261023,0.0412014109659833,0.285000527096354));
#1559=CARTESIAN_POINT('',(0.115361444302144,0.0412385553054589,0.284857320126364));
#1560=CARTESIAN_POINT('',(0.115342903570127,0.0412771038229431,0.284708699462637));
#1561=CARTESIAN_POINT('',(0.11534062141133,0.0412818307670376,0.284690475115385));
#1562=CARTESIAN_POINT('',(0.11534,0.0412831178714322,0.284685512789415));
#1563=CARTESIAN_POINT('',(0.11534,0.0339519516869568,0.312950225814238));
#1564=CARTESIAN_POINT('',(0.115702984328589,0.0404771176825844,0.287792980750512));
#1565=CARTESIAN_POINT('',(0.11534,0.0404675002069202,0.287830060143181));
#1566=CARTESIAN_POINT('',(0.114977015671411,0.0404771176825844,0.287792980750512));
#1567=CARTESIAN_POINT('',(0.11534,0.0412831178714322,0.284685512789415));
#1568=CARTESIAN_POINT('',(0.11533937858867,0.0412818307670376,0.284690475115385));
#1569=CARTESIAN_POINT('',(0.115337096429873,0.0412771038229431,0.284708699462637));
#1570=CARTESIAN_POINT('',(0.115318555697856,0.0412385553054589,0.284857320126364));
#1571=CARTESIAN_POINT('',(0.115300844738977,0.0412014109659833,0.285000527096354));
#1572=CARTESIAN_POINT('',(0.115279567993741,0.0411565154203426,0.285173618209241));
#1573=CARTESIAN_POINT('',(0.115257298193738,0.0411091217628699,0.285356340588458));
#1574=CARTESIAN_POINT('',(0.115233352388053,0.0410577305882171,0.285554475068978));
#1575=CARTESIAN_POINT('',(0.115207978716044,0.0410027677744291,0.28576637971275));
#1576=CARTESIAN_POINT('',(0.115181163725948,0.0409441128733954,0.285992518897635));
#1577=CARTESIAN_POINT('',(0.115152970315221,0.0408817998292209,0.286232761754908));
#1578=CARTESIAN_POINT('',(0.115123442124665,0.0408158191081851,0.286487145041048));
#1579=CARTESIAN_POINT('',(0.115092630286357,0.040746173381545,0.286755658457243));
#1580=CARTESIAN_POINT('',(0.115060585790036,0.0406728619034733,0.28703830487897));
#1581=CARTESIAN_POINT('',(0.115027361523627,0.0405958848822503,0.28733508350322));
#1582=CARTESIAN_POINT('',(0.114993011649512,0.0405152422608345,0.287645994549912));
#1583=CARTESIAN_POINT('',(0.114957591771749,0.0404309340541057,0.287971037961677));
#1584=CARTESIAN_POINT('',(0.114921158944245,0.0403429602648616,0.288310213727731));
#1585=CARTESIAN_POINT('',(0.114883771772759,0.0402513208698489,0.288663521937725));
#1586=CARTESIAN_POINT('',(0.114845490628856,0.040156015967266,0.289030962213062));
#1587=CARTESIAN_POINT('',(0.11480637767839,0.0400570451842374,0.289412535991334));
#1588=CARTESIAN_POINT('',(0.114766497980868,0.0399544099581262,0.289808237730903));
#1589=CARTESIAN_POINT('',(0.114725916864473,0.0398481047879175,0.290218088640485));
#1590=CARTESIAN_POINT('',(0.114684712005489,0.039738150745673,0.290642007478465));
#1591=CARTESIAN_POINT('',(0.114642929709508,0.039624467226349,0.291080305011012));
#1592=CARTESIAN_POINT('',(0.114600755140122,0.0395073623627927,0.291531793257075));
#1593=CARTESIAN_POINT('',(0.114558167423556,0.0393865157891232,0.291997707361169));
#1594=CARTESIAN_POINT('',(0.114517060231786,0.039267215860884,0.292457658500007));
#1595=CARTESIAN_POINT('',(0.114477282598705,0.0391491312831505,0.292912923954139));
#1596=CARTESIAN_POINT('',(0.114438925383374,0.0390325795553787,0.29336227963032));
#1597=CARTESIAN_POINT('',(0.11440193794129,0.0389174763985778,0.293806050459321));
#1598=CARTESIAN_POINT('',(0.114366310388842,0.0388038441776994,0.294244150214896));
#1599=CARTESIAN_POINT('',(0.114332024861211,0.0386916769548028,0.294676601790292));
#1600=CARTESIAN_POINT('',(0.114299068103005,0.0385809763028431,0.295103399121108));
#1601=CARTESIAN_POINT('',(0.11426742780131,0.0384717418020905,0.295524543825578));
#1602=CARTESIAN_POINT('',(0.114237093251358,0.0383639735616825,0.295940035482931));
#1603=CARTESIAN_POINT('',(0.114208054890653,0.0382576715506543,0.296349874212551));
#1604=CARTESIAN_POINT('',(0.114180304150661,0.038152835775387,0.296754059989835));
#1605=CARTESIAN_POINT('',(0.114153833241037,0.0380494662325017,0.297152592827808));
#1606=CARTESIAN_POINT('',(0.11412863496794,0.037947562921464,0.297545472728534));
#1607=CARTESIAN_POINT('',(0.11410470255883,0.0378471258407852,0.297932699697751));
#1608=CARTESIAN_POINT('',(0.114082029500772,0.0377481549906798,0.298314273734631));
#1609=CARTESIAN_POINT('',(0.114060609388687,0.0376506503662397,0.298690194858099));
#1610=CARTESIAN_POINT('',(0.114040435788054,0.0375546119818001,0.299060463012884));
#1611=CARTESIAN_POINT('',(0.114021502094968,0.0374600397812348,0.299425078415378));
#1612=CARTESIAN_POINT('',(0.11400380145407,0.0373669339687812,0.29978404027816));
#1613=CARTESIAN_POINT('',(0.113987326509128,0.0372752937889195,0.300137351514075));
#1614=CARTESIAN_POINT('',(0.113972069814631,0.0371851220254397,0.300485001390447));
#1615=CARTESIAN_POINT('',(0.113958021852198,0.0370964084146721,0.300827029478019));
#1616=CARTESIAN_POINT('',(0.113945177915675,0.0370091907840652,0.301163289936147));
#1617=CARTESIAN_POINT('',(0.113933512349219,0.0369233297418883,0.301494320178277));
#1618=CARTESIAN_POINT('',(0.113923027628166,0.0368389728671638,0.30181955122553));
#1619=CARTESIAN_POINT('',(0.113913468999073,0.0367538460131116,0.302147750865252));
#1620=CARTESIAN_POINT('',(0.113904930792613,0.0366680942319616,0.302478359860408));
#1621=CARTESIAN_POINT('',(0.11389747112876,0.0365815801020563,0.302811908028985));
#1622=CARTESIAN_POINT('',(0.113891177574104,0.0364943407478086,0.303148252240839));
#1623=CARTESIAN_POINT('',(0.113886138056438,0.0364063658656085,0.303487432220696));
#1624=CARTESIAN_POINT('',(0.113882449515682,0.0363176592875972,0.303829433194048));
#1625=CARTESIAN_POINT('',(0.113880217117848,0.0362282159658429,0.304174274622788));
#1626=CARTESIAN_POINT('',(0.113879554021015,0.0361380522672239,0.304521893405747));
#1627=CARTESIAN_POINT('',(0.113880589439182,0.0360471073495428,0.304872524115055));
#1628=CARTESIAN_POINT('',(0.113883443956444,0.0359556093885659,0.305225287037664));
#1629=CARTESIAN_POINT('',(0.113888297238841,0.0358633198648651,0.305581101765767));
#1630=CARTESIAN_POINT('',(0.113894994853861,0.0357740167885451,0.305925402489677));
#1631=CARTESIAN_POINT('',(0.113903453517592,0.035687472305413,0.306259067682643));
#1632=CARTESIAN_POINT('',(0.113913581035013,0.0356039057290285,0.306581251799131));
#1633=CARTESIAN_POINT('',(0.113925289200575,0.0355232597615675,0.306892175746227));
#1634=CARTESIAN_POINT('',(0.11393848190627,0.035445549379217,0.307191781784464));
#1635=CARTESIAN_POINT('',(0.1139530581464,0.0353707706427431,0.307480085101237));
#1636=CARTESIAN_POINT('',(0.113968910988629,0.0352989247360512,0.307757081132094));
#1637=CARTESIAN_POINT('',(0.113985928038477,0.0352300108213414,0.308022773107106));
#1638=CARTESIAN_POINT('',(0.114003989832143,0.0351640310758413,0.308277152632147));
#1639=CARTESIAN_POINT('',(0.114022974763841,0.0351009779094185,0.308520248970356));
#1640=CARTESIAN_POINT('',(0.11404274061421,0.0350408786662132,0.30875195669863));
#1641=CARTESIAN_POINT('',(0.114063190292142,0.0349836350074906,0.308972654953938));
#1642=CARTESIAN_POINT('',(0.11408413072158,0.0349293514680139,0.30918194071103));
#1643=CARTESIAN_POINT('',(0.114106059720093,0.0348765120066368,0.30938565894284));
#1644=CARTESIAN_POINT('',(0.114128926430101,0.0348252071678321,0.309583460562542));
#1645=CARTESIAN_POINT('',(0.114152737474742,0.03477535053286,0.309775678750538));
#1646=CARTESIAN_POINT('',(0.114177459960949,0.034726964772983,0.309962226099622));
#1647=CARTESIAN_POINT('',(0.114203071176776,0.0346800439298726,0.310143125581646));
#1648=CARTESIAN_POINT('',(0.114229545627132,0.0346345895522924,0.310318371225476));
#1649=CARTESIAN_POINT('',(0.114256858509654,0.0345906012190183,0.310487964655109));
#1650=CARTESIAN_POINT('',(0.114284984879372,0.034548079022304,0.310651905514867));
#1651=CARTESIAN_POINT('',(0.114313899942455,0.034507022916909,0.310810193979173));
#1652=CARTESIAN_POINT('',(0.114343579053205,0.0344674328899033,0.310962830097875));
#1653=CARTESIAN_POINT('',(0.114373997787287,0.0344293089155294,0.311109813970281));
#1654=CARTESIAN_POINT('',(0.114405131993174,0.0343926509661133,0.311251145703084));
#1655=CARTESIAN_POINT('',(0.114436957846984,0.0343574590081219,0.31138682542557));
#1656=CARTESIAN_POINT('',(0.114469451903601,0.0343237330018423,0.311516853290848));
#1657=CARTESIAN_POINT('',(0.114502591145328,0.0342914728997942,0.311641229481975));
#1658=CARTESIAN_POINT('',(0.114536353027003,0.0342606786450742,0.311759954218337));
#1659=CARTESIAN_POINT('',(0.114570715516909,0.0342313501692256,0.311873027763862));
#1660=CARTESIAN_POINT('',(0.114605657132442,0.034203487389631,0.311980450437077));
#1661=CARTESIAN_POINT('',(0.114641156969163,0.0341770902063162,0.312082222623422));
#1662=CARTESIAN_POINT('',(0.114677194721186,0.0341521584980893,0.312178344790144));
#1663=CARTESIAN_POINT('',(0.114713750690046,0.0341286921179815,0.312268817503869));
#1664=CARTESIAN_POINT('',(0.114750805776811,0.0341066908880852,0.312353641450505));
#1665=CARTESIAN_POINT('',(0.114788341451085,0.0340861545941313,0.312432817456149));
#1666=CARTESIAN_POINT('',(0.114826339676997,0.0340670829807872,0.312506346505215));
#1667=CARTESIAN_POINT('',(0.114864782790929,0.0340494757493969,0.312574229749148));
#1668=CARTESIAN_POINT('',(0.114903653205869,0.0340333325630861,0.312636468486737));
#1669=CARTESIAN_POINT('',(0.114942933105311,0.0340186530634969,0.312693064099604));
#1670=CARTESIAN_POINT('',(0.114982602966581,0.0340054369249141,0.312744017843515));
#1671=CARTESIAN_POINT('',(0.115022641793686,0.0339936839275574,0.312789330565818));
#1672=CARTESIAN_POINT('',(0.115063016060707,0.033983394240205,0.3128290016158));
#1673=CARTESIAN_POINT('',(0.115103696894285,0.0339745684461878,0.312863028744477));
#1674=CARTESIAN_POINT('',(0.115144548244053,0.03396720933656,0.312891401191168));
#1675=CARTESIAN_POINT('',(0.115185593779266,0.0339613192122217,0.312914110084939));
#1676=CARTESIAN_POINT('',(0.115225668843236,0.0339569190232295,0.312931074654557));
#1677=CARTESIAN_POINT('',(0.115265428323427,0.0339540237705964,0.312942237064841));
#1678=CARTESIAN_POINT('',(0.115296816110454,0.0339524566991512,0.31294827878093));
#1679=CARTESIAN_POINT('',(0.115324894105603,0.0339521283422086,0.31294954473433));
#1680=CARTESIAN_POINT('',(0.11534,0.0339519516869568,0.312950225814238));
#1681=CARTESIAN_POINT('',(0.115703557975959,0.0137366357702363,0.289123198502041));
#1682=CARTESIAN_POINT('',(0.115703557975959,0.0220199889670092,0.291271695067242));
#1683=CARTESIAN_POINT('',(0.115703271152274,0.0312485533247968,0.289532337908877));
#1684=CARTESIAN_POINT('',(0.115702984328589,0.0404771176825844,0.287792980750512));
#1685=CARTESIAN_POINT('',(0.115699553003536,0.0137479141083683,0.289079715789648));
#1686=CARTESIAN_POINT('',(0.115699553003536,0.022031266895196,0.29122821224852));
#1687=CARTESIAN_POINT('',(0.115698929599608,0.0312597570915185,0.289489141857053));
#1688=CARTESIAN_POINT('',(0.115698306195681,0.040488247287841,0.287750071465586));
#1689=CARTESIAN_POINT('',(0.115687333747299,0.013758667915115,0.289038255365212));
#1690=CARTESIAN_POINT('',(0.115687333747299,0.0220420283742799,0.291186753814099));
#1691=CARTESIAN_POINT('',(0.115686320751124,0.0312706778677352,0.289447053480491));
#1692=CARTESIAN_POINT('',(0.115685307754949,0.0404993273611903,0.287707353146885));
#1693=CARTESIAN_POINT('',(0.115649814413038,0.0137781406497856,0.288963179825601));
#1694=CARTESIAN_POINT('',(0.115649814413038,0.0220615324170289,0.291111686395027));
#1695=CARTESIAN_POINT('',(0.115646641724052,0.0312906122117345,0.289370262656921));
#1696=CARTESIAN_POINT('',(0.115643469035065,0.0405196920064403,0.287628838918813));
#1697=CARTESIAN_POINT('',(0.11562452559595,0.0137868594100067,0.288929565356992));
#1698=CARTESIAN_POINT('',(0.11562452559595,0.022070274812991,0.291078078056944));
#1699=CARTESIAN_POINT('',(0.115619581975894,0.0312996197505788,0.289335583453991));
#1700=CARTESIAN_POINT('',(0.115614638355838,0.0405289646881666,0.287593088851038));
#1701=CARTESIAN_POINT('',(0.115564284440419,0.0138015606548185,0.288872885907194));
#1702=CARTESIAN_POINT('',(0.115564284440419,0.0220850390915274,0.291021414956531));
#1703=CARTESIAN_POINT('',(0.115554631530401,0.0313146228590765,0.289277869878767));
#1704=CARTESIAN_POINT('',(0.115544978620384,0.0405442066266255,0.287534324801002));
#1705=CARTESIAN_POINT('',(0.115529324865234,0.0138075473404796,0.288849804729121));
#1706=CARTESIAN_POINT('',(0.115529324865234,0.0220910651751721,0.29099834399732));
#1707=CARTESIAN_POINT('',(0.115516755673762,0.031320615457766,0.289254846960782));
#1708=CARTESIAN_POINT('',(0.11550418648229,0.0405501657403599,0.287511349924244));
#1709=CARTESIAN_POINT('',(0.115453144855629,0.0138162547915013,0.288816233862208));
#1710=CARTESIAN_POINT('',(0.115453144855629,0.0220998669832421,0.290964797604287));
#1711=CARTESIAN_POINT('',(0.115434978835217,0.0313288524833466,0.289223283910661));
#1712=CARTESIAN_POINT('',(0.115416812814806,0.0405578379834509,0.287481770217037));
#1713=CARTESIAN_POINT('',(0.11541190792372,0.0138189764959853,0.288805740552651));
#1714=CARTESIAN_POINT('',(0.11541190792372,0.0221026436467909,0.29095431854975));
#1715=CARTESIAN_POINT('',(0.115391096005481,0.0313310954758786,0.289214749308579));
#1716=CARTESIAN_POINT('',(0.115370284087241,0.0405595473049662,0.28747518006741));
#1717=CARTESIAN_POINT('',(0.115326947894784,0.0138207018870196,0.288799088448305));
#1718=CARTESIAN_POINT('',(0.115326947894784,0.0221044943158749,0.290947698939425));
#1719=CARTESIAN_POINT('',(0.11530278104791,0.0313315300801329,0.289213331474));
#1720=CARTESIAN_POINT('',(0.115278614201036,0.0405585658443908,0.287478964008574));
#1721=CARTESIAN_POINT('',(0.115283205691141,0.0138197022691566,0.288802942393411));
#1722=CARTESIAN_POINT('',(0.115283205691141,0.0221035650169966,0.290951571123533));
#1723=CARTESIAN_POINT('',(0.115258365336032,0.0313297218459394,0.289220447647441));
#1724=CARTESIAN_POINT('',(0.115233524980922,0.0405558786748821,0.28748932417135));
#1725=CARTESIAN_POINT('',(0.115197943508284,0.0138136419882051,0.28882630731212));
#1726=CARTESIAN_POINT('',(0.115197943508284,0.0220976605327735,0.290974976452053));
#1727=CARTESIAN_POINT('',(0.115174592014918,0.0313222018152319,0.289249761047916));
#1728=CARTESIAN_POINT('',(0.115151240521551,0.0405467430976904,0.287524545643779));
#1729=CARTESIAN_POINT('',(0.115156411431429,0.0138085727793082,0.28884585123339));
#1730=CARTESIAN_POINT('',(0.115156411431429,0.0220926768016201,0.290994542544132));
#1731=CARTESIAN_POINT('',(0.115135246026066,0.0313164904754204,0.289271956514169));
#1732=CARTESIAN_POINT('',(0.115114080620703,0.0405403041492209,0.287549370484207));
#1733=CARTESIAN_POINT('',(0.115081722701083,0.0137943134388511,0.288900826957006));
#1734=CARTESIAN_POINT('',(0.115081722701083,0.0220786033742474,0.291049566488995));
#1735=CARTESIAN_POINT('',(0.11506692377588,0.0313017478542566,0.289329177984104));
#1736=CARTESIAN_POINT('',(0.115052124850678,0.0405248923342658,0.287608789479211));
#1737=CARTESIAN_POINT('',(0.115048577402948,0.013785109295372,0.288936312781162));
#1738=CARTESIAN_POINT('',(0.115048577402948,0.0220694996661091,0.29108507836359));
#1739=CARTESIAN_POINT('',(0.115037958250323,0.0312927155001392,0.289364208123743));
#1740=CARTESIAN_POINT('',(0.115027339097698,0.0405159313341693,0.287643337883895));
#1741=CARTESIAN_POINT('',(0.114998344495254,0.0137631426116998,0.28902100353765));
#1742=CARTESIAN_POINT('',(0.114998344495254,0.0220477486095549,0.291169825048409));
#1743=CARTESIAN_POINT('',(0.114995101652492,0.0312723527378201,0.289443158722873));
#1744=CARTESIAN_POINT('',(0.11499185880973,0.0404969568660854,0.287716492397337));
#1745=CARTESIAN_POINT('',(0.114981316725504,0.0137503633382665,0.289070272983625));
#1746=CARTESIAN_POINT('',(0.114981316725504,0.0220350845278986,0.291219124372276));
#1747=CARTESIAN_POINT('',(0.114981233436022,0.0312610192079376,0.289487091217751));
#1748=CARTESIAN_POINT('',(0.11498115014654,0.0404869538879765,0.287755058063225));
#1749=CARTESIAN_POINT('',(0.114935512141879,0.0136213737903907,0.289567581660331));
#1750=CARTESIAN_POINT('',(0.114935512141879,0.0219072457500916,0.291716731530223));
#1751=CARTESIAN_POINT('',(0.114938906579113,0.0311508874206127,0.289914062928056));
#1752=CARTESIAN_POINT('',(0.114942301016346,0.0403945290911338,0.288111394325889));
#1753=CARTESIAN_POINT('',(0.114893260900569,0.0135007342153203,0.290032697698215));
#1754=CARTESIAN_POINT('',(0.114893260900569,0.0217881661994448,0.292182252199788));
#1755=CARTESIAN_POINT('',(0.114900353167516,0.0310490301841069,0.290309974781459));
#1756=CARTESIAN_POINT('',(0.114907445434463,0.0403098941687689,0.288437697363131));
#1757=CARTESIAN_POINT('',(0.11480655783431,0.0132491653498264,0.291002600931922));
#1758=CARTESIAN_POINT('',(0.11480655783431,0.0215407068832315,0.293153221348747));
#1759=CARTESIAN_POINT('',(0.114822220620153,0.0308389814755857,0.291128255411457));
#1760=CARTESIAN_POINT('',(0.114837883405996,0.0401372560679399,0.289103289474167));
#1761=CARTESIAN_POINT('',(0.114762105444632,0.0131182347845248,0.291507393042933));
#1762=CARTESIAN_POINT('',(0.114762105444632,0.0214123258427868,0.293658674743331));
#1763=CARTESIAN_POINT('',(0.114782640358739,0.0307307883640417,0.29155063050912));
#1764=CARTESIAN_POINT('',(0.114803175272845,0.0400492508852966,0.28944258627491));
#1765=CARTESIAN_POINT('',(0.114671404300646,0.0128464621114465,0.292555190408216));
#1766=CARTESIAN_POINT('',(0.114671404300646,0.0211465677727502,0.294708032147606));
#1767=CARTESIAN_POINT('',(0.114702817638072,0.0305084834946368,0.292420083218877));
#1768=CARTESIAN_POINT('',(0.114734230975498,0.0398703992165234,0.290132134290148));
#1769=CARTESIAN_POINT('',(0.114625155058169,0.0127056191460987,0.293098198968784));
#1770=CARTESIAN_POINT('',(0.114625155058169,0.0210091898855871,0.295251939463595));
#1771=CARTESIAN_POINT('',(0.114662575505177,0.0303943739664692,0.29286715223457));
#1772=CARTESIAN_POINT('',(0.114699995952185,0.0397795580473513,0.290482365005546));
#1773=CARTESIAN_POINT('',(0.114554723111536,0.0124871688147026,0.293940416396642));
#1774=CARTESIAN_POINT('',(0.114554723111536,0.0207965683761347,0.296095668743431));
#1775=CARTESIAN_POINT('',(0.114601956718547,0.0302190072706109,0.293555256420783));
#1776=CARTESIAN_POINT('',(0.114649190325559,0.0396414461650871,0.291014844098133));
#1777=CARTESIAN_POINT('',(0.114531069268291,0.0124131538674391,0.294225774986437));
#1778=CARTESIAN_POINT('',(0.114531069268291,0.020724601570297,0.29638155857036));
#1779=CARTESIAN_POINT('',(0.114581721235867,0.0301598900728465,0.293787391792631));
#1780=CARTESIAN_POINT('',(0.114632373203443,0.0395951785753959,0.291193225014902));
#1781=CARTESIAN_POINT('',(0.114495359578665,0.0123003634174286,0.294660629363117));
#1782=CARTESIAN_POINT('',(0.114495359578665,0.0206150342010505,0.296817248934326));
#1783=CARTESIAN_POINT('',(0.114551315239727,0.0300701373864991,0.294140057107404));
#1784=CARTESIAN_POINT('',(0.11460727090079,0.0395252405719478,0.291462865280482));
#1785=CARTESIAN_POINT('',(0.114483418179323,0.0122624718890786,0.294806717058844));
#1786=CARTESIAN_POINT('',(0.114483418179323,0.0205782421777261,0.296963621814412));
#1787=CARTESIAN_POINT('',(0.11454116582203,0.0300400250376389,0.294258414929499));
#1788=CARTESIAN_POINT('',(0.114598913464737,0.0395018078975516,0.291553208044586));
#1789=CARTESIAN_POINT('',(0.114459465100582,0.012186104398824,0.295101145686181));
#1790=CARTESIAN_POINT('',(0.114459465100582,0.020504122831641,0.297258633554639));
#1791=CARTESIAN_POINT('',(0.114520854108109,0.0299794451108916,0.294496601218595));
#1792=CARTESIAN_POINT('',(0.114582243115635,0.0394547673901422,0.29173456888255));
#1793=CARTESIAN_POINT('',(0.114447453432838,0.012147628473978,0.295249486474914));
#1794=CARTESIAN_POINT('',(0.114447453432838,0.0204667955459389,0.297407272271904));
#1795=CARTESIAN_POINT('',(0.114510696462364,0.0299489909730465,0.29461637786861));
#1796=CARTESIAN_POINT('',(0.11457393949189,0.0394311864001541,0.291825483465316));
#1797=CARTESIAN_POINT('',(0.114411321674055,0.0120313298848472,0.295697866195719));
#1798=CARTESIAN_POINT('',(0.114411321674055,0.020354014842282,0.297856564445032));
#1799=CARTESIAN_POINT('',(0.114480300803547,0.0298573599421632,0.294976891517745));
#1800=CARTESIAN_POINT('',(0.114549279933038,0.0393607050420443,0.292097218590458));
#1801=CARTESIAN_POINT('',(0.114387104392124,0.0119526349340494,0.296001268157267));
#1802=CARTESIAN_POINT('',(0.114387104392124,0.020277765296246,0.298160600683979));
#1803=CARTESIAN_POINT('',(0.114460168610514,0.0297959960260733,0.295218506257094));
#1804=CARTESIAN_POINT('',(0.114533232828904,0.0393142267559006,0.292276411830208));
#1805=CARTESIAN_POINT('',(0.114338461859967,0.0117929652929788,0.29661686142989));
#1806=CARTESIAN_POINT('',(0.114338461859967,0.0201231771531355,0.298777511971258));
#1807=CARTESIAN_POINT('',(0.114420103565082,0.029672501745475,0.29570508303691));
#1808=CARTESIAN_POINT('',(0.114501745270198,0.0392218263378145,0.292632654102564));
#1809=CARTESIAN_POINT('',(0.114314038795217,0.0117119985955,0.296929021925398));
#1810=CARTESIAN_POINT('',(0.114314038795217,0.0200448465488553,0.299090356204022));
#1811=CARTESIAN_POINT('',(0.114400166689042,0.0296103611264318,0.295950084612901));
#1812=CARTESIAN_POINT('',(0.114486294582867,0.0391758757040084,0.29280981302178));
#1813=CARTESIAN_POINT('',(0.114265025503914,0.0115477898860695,0.297562115205709));
#1814=CARTESIAN_POINT('',(0.114265025503914,0.0198860911071371,0.29972486392685));
#1815=CARTESIAN_POINT('',(0.114360523850183,0.0294853563580132,0.296443249833162));
#1816=CARTESIAN_POINT('',(0.114456022196453,0.0390846216088893,0.293161635739473));
#1817=CARTESIAN_POINT('',(0.114240427778882,0.0114645208901958,0.297883152024819));
#1818=CARTESIAN_POINT('',(0.114240427778882,0.0198056392857772,0.300046631451223));
#1819=CARTESIAN_POINT('',(0.114340811882584,0.0294224723843909,0.296691489908197));
#1820=CARTESIAN_POINT('',(0.114441195986286,0.0390393054830046,0.293336348365173));
#1821=CARTESIAN_POINT('',(0.114191159045297,0.0112958978433038,0.298533264423017));
#1822=CARTESIAN_POINT('',(0.114191159045297,0.0196428220621069,0.3006982497361));
#1823=CARTESIAN_POINT('',(0.114301649444404,0.0292960372212288,0.297190895245257));
#1824=CARTESIAN_POINT('',(0.114412139843511,0.0389492523803506,0.293683540754413));
#1825=CARTESIAN_POINT('',(0.114166511112496,0.011210627435387,0.298862017522951));
#1826=CARTESIAN_POINT('',(0.114166511112496,0.019560540302898,0.301027778017454));
#1827=CARTESIAN_POINT('',(0.114282211415356,0.029232530323758,0.297441889742823));
#1828=CARTESIAN_POINT('',(0.114397911718217,0.038904520344618,0.293856001468191));
#1829=CARTESIAN_POINT('',(0.114116997351168,0.0110373214165323,0.299530184737435));
#1830=CARTESIAN_POINT('',(0.114116997351168,0.0193933734485317,0.301697537579083));
#1831=CARTESIAN_POINT('',(0.114243522608934,0.0291045079831356,0.297948100128331));
#1832=CARTESIAN_POINT('',(0.1143700478667,0.0388156425177394,0.294198662677578));
#1833=CARTESIAN_POINT('',(0.114092071201461,0.0109490678418843,0.299870439193284));
#1834=CARTESIAN_POINT('',(0.114092071201461,0.0193082703896642,0.302038609200659));
#1835=CARTESIAN_POINT('',(0.114224241433989,0.0290398828875405,0.298203738772322));
#1836=CARTESIAN_POINT('',(0.114356411666517,0.0387714953854167,0.294368868343986));
#1837=CARTESIAN_POINT('',(0.1140429137182,0.0107729295058546,0.300549526175529));
#1838=CARTESIAN_POINT('',(0.1140429137182,0.0191385853451467,0.302719370006815));
#1839=CARTESIAN_POINT('',(0.114186318181449,0.0289111804459567,0.29871321751553));
#1840=CARTESIAN_POINT('',(0.114329722644698,0.0386837755467669,0.294707065024245));
#1841=CARTESIAN_POINT('',(0.114018717281079,0.0106851671938742,0.300887886608249));
#1842=CARTESIAN_POINT('',(0.114018717281079,0.019054125808898,0.30305858709772));
#1843=CARTESIAN_POINT('',(0.114167693595136,0.0288471644651683,0.298966821026225));
#1844=CARTESIAN_POINT('',(0.114316669909194,0.0386402031214387,0.294875054954729));
#1845=CARTESIAN_POINT('',(0.113970825624179,0.0105093131662396,0.301565877462675));
#1846=CARTESIAN_POINT('',(0.113970825624179,0.0188850199855567,0.303738328269125));
#1847=CARTESIAN_POINT('',(0.1141309836977,0.0287193225381323,0.299473588878426));
#1848=CARTESIAN_POINT('',(0.114291141771222,0.0385536250907078,0.295208849487726));
#1849=CARTESIAN_POINT('',(0.113947135258292,0.0104212382882317,0.30190544296821));
#1850=CARTESIAN_POINT('',(0.113947135258292,0.0188003905361103,0.304078787433454));
#1851=CARTESIAN_POINT('',(0.114112900797444,0.0286555049874842,0.299726720851382));
#1852=CARTESIAN_POINT('',(0.114278666336596,0.0385106194388581,0.29537465426931));
#1853=CARTESIAN_POINT('',(0.113900364423931,0.0102451066438963,0.302584504151173));
#1854=CARTESIAN_POINT('',(0.113900364423931,0.0186312827946065,0.304759670442766));
#1855=CARTESIAN_POINT('',(0.114077326188554,0.0285282249357031,0.300231889660677));
#1856=CARTESIAN_POINT('',(0.114254287953177,0.0384251670767999,0.295704108878589));
#1857=CARTESIAN_POINT('',(0.113877278714799,0.010157031454736,0.30292407085633));
#1858=CARTESIAN_POINT('',(0.113877278714799,0.0185467860797162,0.305100165315477));
#1859=CARTESIAN_POINT('',(0.114059831863909,0.0284647532238883,0.300483962008049));
#1860=CARTESIAN_POINT('',(0.114242385013019,0.0383827203680605,0.29586775870062));
#1861=CARTESIAN_POINT('',(0.113672225749759,0.00936418406709947,0.305980829265584));
#1862=CARTESIAN_POINT('',(0.113672225749759,0.0177867004341516,0.308165421308818));
#1863=CARTESIAN_POINT('',(0.113905022294924,0.0278949408861921,0.302748230884892));
#1864=CARTESIAN_POINT('',(0.114137818840088,0.0380031813382327,0.297331040460965));
#1865=CARTESIAN_POINT('',(0.113509269473009,0.0086589222168645,0.308699908782081));
#1866=CARTESIAN_POINT('',(0.113509269473009,0.0171145063674991,0.310893077788987));
#1867=CARTESIAN_POINT('',(0.113786101702397,0.0273989493835763,0.304728519204451));
#1868=CARTESIAN_POINT('',(0.114062933931786,0.0376833923996535,0.298563960619915));
#1869=CARTESIAN_POINT('',(0.113339333651506,0.00779184143345591,0.312042867991529));
#1870=CARTESIAN_POINT('',(0.113339333651506,0.0162911439395227,0.314247376456532));
#1871=CARTESIAN_POINT('',(0.113665755876481,0.02679745508714,0.30713747738947));
#1872=CARTESIAN_POINT('',(0.113992178101456,0.0373037662347572,0.300027578322408));
#1873=CARTESIAN_POINT('',(0.113307047317502,0.00761915160429473,0.312708659536929));
#1874=CARTESIAN_POINT('',(0.113307047317502,0.0161273172255869,0.314915466874401));
#1875=CARTESIAN_POINT('',(0.113643112229601,0.026678084757346,0.307615934900767));
#1876=CARTESIAN_POINT('',(0.1139791771417,0.037228852289105,0.300316402927134));
#1877=CARTESIAN_POINT('',(0.113261383334318,0.00736149739860672,0.31370202430321));
#1878=CARTESIAN_POINT('',(0.113261383334318,0.015883089784364,0.315912314210681));
#1879=CARTESIAN_POINT('',(0.113611403801489,0.0265005295016277,0.308328108883662));
#1880=CARTESIAN_POINT('',(0.113961424268659,0.0371179692188913,0.300743903556643));
#1881=CARTESIAN_POINT('',(0.113246623038149,0.00727584280954261,0.31403225858221));
#1882=CARTESIAN_POINT('',(0.113246623038149,0.0158019327987261,0.316243715056563));
#1883=CARTESIAN_POINT('',(0.113601211102225,0.0264415990590575,0.30856456375141));
#1884=CARTESIAN_POINT('',(0.113955799166301,0.0370812653193889,0.300885412446255));
#1885=CARTESIAN_POINT('',(0.113218061248837,0.00710504300550203,0.314690763289977));
#1886=CARTESIAN_POINT('',(0.113218061248837,0.0156401643863166,0.31690456228353));
#1887=CARTESIAN_POINT('',(0.113581598317218,0.026324252396549,0.309035565389954));
#1888=CARTESIAN_POINT('',(0.113945135385599,0.0370083404067814,0.301166568496377));
#1889=CARTESIAN_POINT('',(0.113204259755176,0.00701989774655496,0.31501903388827));
#1890=CARTESIAN_POINT('',(0.113204259755176,0.0155595529155745,0.31723400883414));
#1891=CARTESIAN_POINT('',(0.11357217593873,0.0262658160344092,0.309270189817365));
#1892=CARTESIAN_POINT('',(0.113940092122284,0.0369720791532439,0.30130637080059));
#1893=CARTESIAN_POINT('',(0.113177652827686,0.00685016634462722,0.31567341945887));
#1894=CARTESIAN_POINT('',(0.113177652827686,0.0153989174290719,0.317890753659813));
#1895=CARTESIAN_POINT('',(0.113554133843134,0.0261495556599651,0.309737136111963));
#1896=CARTESIAN_POINT('',(0.113930614858581,0.0369001938908583,0.301583518564113));
#1897=CARTESIAN_POINT('',(0.113164847391168,0.00676558015973766,0.315999534592753));
#1898=CARTESIAN_POINT('',(0.113164847391168,0.0153188933714025,0.318218052096451));
#1899=CARTESIAN_POINT('',(0.113545518895848,0.0260917740989758,0.309969294311568));
#1900=CARTESIAN_POINT('',(0.113926190400528,0.036864654826549,0.301720536526685));
#1901=CARTESIAN_POINT('',(0.113140270019292,0.006597016287657,0.316649418847294));
#1902=CARTESIAN_POINT('',(0.113140270019292,0.0151594742470138,0.318870308271945));
#1903=CARTESIAN_POINT('',(0.113529054827759,0.0259763301328122,0.310433193478007));
#1904=CARTESIAN_POINT('',(0.113917839636227,0.0367931860186105,0.301996078684069));
#1905=CARTESIAN_POINT('',(0.113128498244203,0.00651304023815235,0.316973181653985));
#1906=CARTESIAN_POINT('',(0.113128498244203,0.0150800808179809,0.319195259696833));
#1907=CARTESIAN_POINT('',(0.113521210432243,0.0259187022850744,0.310664801211464));
#1908=CARTESIAN_POINT('',(0.113913922620283,0.0367573237521677,0.302134342726094));
#1909=CARTESIAN_POINT('',(0.113094789329749,0.00626209838348223,0.317940667498622));
#1910=CARTESIAN_POINT('',(0.113094789329749,0.0148429057959584,0.32016631631673));
#1911=CARTESIAN_POINT('',(0.113498918863835,0.0257463133645695,0.311357756465693));
#1912=CARTESIAN_POINT('',(0.113903048397922,0.0366497209331806,0.302549196614657));
#1913=CARTESIAN_POINT('',(0.113074462319999,0.00609615692828421,0.318580441238853));
#1914=CARTESIAN_POINT('',(0.113074462319999,0.0146861675241682,0.32080847713469));
#1915=CARTESIAN_POINT('',(0.113485702005221,0.0256319746864538,0.311817514509707));
#1916=CARTESIAN_POINT('',(0.113896941690443,0.0365777818487394,0.302826551884724));
#1917=CARTESIAN_POINT('',(0.113051906498673,0.00589051233322073,0.319373287195187));
#1918=CARTESIAN_POINT('',(0.113051906498673,0.0144920192982668,0.321604304964315));
#1919=CARTESIAN_POINT('',(0.113471419774383,0.0254897966689672,0.312389322848125));
#1920=CARTESIAN_POINT('',(0.113890933050092,0.0364875740396677,0.303174340731934));
#1921=CARTESIAN_POINT('',(0.113047540403025,0.00584949928737152,0.319531409646928));
#1922=CARTESIAN_POINT('',(0.113047540403025,0.0144533057117931,0.321763023838838));
#1923=CARTESIAN_POINT('',(0.113468676548367,0.0254614120503521,0.312503488329491));
#1924=CARTESIAN_POINT('',(0.113889812693708,0.0364695183889112,0.303243952820144));
#1925=CARTESIAN_POINT('',(0.113039111465093,0.00576780517179492,0.319846374643557));
#1926=CARTESIAN_POINT('',(0.113039111465093,0.0143762094885029,0.322079181414796));
#1927=CARTESIAN_POINT('',(0.113463425921999,0.0254047940487926,0.312731234103591));
#1928=CARTESIAN_POINT('',(0.113887740378904,0.0364333786090822,0.303383286792385));
#1929=CARTESIAN_POINT('',(0.113035045906424,0.00572709432103358,0.320003332006794));
#1930=CARTESIAN_POINT('',(0.113035045906424,0.0143377970706525,0.322236734934577));
#1931=CARTESIAN_POINT('',(0.113460917165317,0.0253765457889553,0.312844871752971));
#1932=CARTESIAN_POINT('',(0.113886788424211,0.0364152945072582,0.303453008571364));
#1933=CARTESIAN_POINT('',(0.11302323874981,0.00560467856377188,0.320475295970187));
#1934=CARTESIAN_POINT('',(0.11302323874981,0.0142222729761002,0.322710486424508));
#1935=CARTESIAN_POINT('',(0.113453716270752,0.0252916360900468,0.313186413053643));
#1936=CARTESIAN_POINT('',(0.113884193791694,0.0363609992039935,0.30366233968278));
#1937=CARTESIAN_POINT('',(0.113015862148024,0.00552246562487407,0.320792261247799));
#1938=CARTESIAN_POINT('',(0.113015862148024,0.0141446496309777,0.323028642129018));
#1939=CARTESIAN_POINT('',(0.113449337256426,0.0252346970684126,0.313415379421117));
#1940=CARTESIAN_POINT('',(0.113882812364828,0.0363247445058473,0.303802116713216));
#1941=CARTESIAN_POINT('',(0.11299547535442,0.00527506475557036,0.321746095112289));
#1942=CARTESIAN_POINT('',(0.11299547535442,0.0139109862282974,0.323986039151949));
#1943=CARTESIAN_POINT('',(0.113437631781803,0.025063392996483,0.31410409171262));
#1944=CARTESIAN_POINT('',(0.113879788209185,0.0362157997646686,0.304222144273293));
#1945=CARTESIAN_POINT('',(0.11298417095409,0.00510881421759887,0.322387060495933));
#1946=CARTESIAN_POINT('',(0.11298417095409,0.0137538522484712,0.324629369144875));
#1947=CARTESIAN_POINT('',(0.113431717301806,0.0249483831937141,0.314566259000434));
#1948=CARTESIAN_POINT('',(0.113879263649521,0.0361429141389569,0.304503148855993));
#1949=CARTESIAN_POINT('',(0.112971315155484,0.00485749582590024,0.323355998048359));
#1950=CARTESIAN_POINT('',(0.112971315155484,0.0135160789821456,0.325601819967188));
#1951=CARTESIAN_POINT('',(0.113426188857958,0.024774662724097,0.315263891793776));
#1952=CARTESIAN_POINT('',(0.113881062560432,0.0360332464660485,0.304925963620365));
#1953=CARTESIAN_POINT('',(0.112967715218537,0.00477340530611712,0.323680202185869));
#1954=CARTESIAN_POINT('',(0.112967715218537,0.0134364818855127,0.32592718958732));
#1955=CARTESIAN_POINT('',(0.113424902274507,0.024716589374182,0.315497033610241));
#1956=CARTESIAN_POINT('',(0.113882089330476,0.0359966968628513,0.305066877633162));
#1957=CARTESIAN_POINT('',(0.112962016890893,0.00460461693048889,0.324330951995519));
#1958=CARTESIAN_POINT('',(0.112962016890893,0.0132766259384965,0.326580256247613));
#1959=CARTESIAN_POINT('',(0.113423557057299,0.0245999046810669,0.315965279473603));
#1960=CARTESIAN_POINT('',(0.113885097223706,0.0359231834236372,0.305350302699594));
#1961=CARTESIAN_POINT('',(0.112959918570354,0.0045199149769813,0.324657513465863));
#1962=CARTESIAN_POINT('',(0.112959918570354,0.0131963629904509,0.32690796908598));
#1963=CARTESIAN_POINT('',(0.113423500066612,0.0245412726756665,0.316200463181929));
#1964=CARTESIAN_POINT('',(0.11388708156287,0.0358861823608823,0.305492957277879));
#1965=CARTESIAN_POINT('',(0.112957366693932,0.00434993787486584,0.325312846313488));
#1966=CARTESIAN_POINT('',(0.112957366693932,0.0130351983011644,0.327565587655128));
#1967=CARTESIAN_POINT('',(0.113424664750721,0.0244242980181106,0.316669580059444));
#1968=CARTESIAN_POINT('',(0.113891962807511,0.0358133977350567,0.305773572463758));
#1969=CARTESIAN_POINT('',(0.112956912895118,0.00426466405857581,0.325641612554127));
#1970=CARTESIAN_POINT('',(0.112956912895118,0.0129542978922415,0.32789548824927));
#1971=CARTESIAN_POINT('',(0.113425888389599,0.02436589314688,0.3169037531092));
#1972=CARTESIAN_POINT('',(0.113894863884081,0.0357774884015185,0.30591201796913));
#1973=CARTESIAN_POINT('',(0.112957587903927,0.00413629669866654,0.326136522435895));
#1974=CARTESIAN_POINT('',(0.112957587903927,0.0128324330595068,0.328392084725461));
#1975=CARTESIAN_POINT('',(0.113428754217344,0.0242782646159573,0.317254976038647));
#1976=CARTESIAN_POINT('',(0.113899920530761,0.0357240961724079,0.306117867351832));
#1977=CARTESIAN_POINT('',(0.112958038636554,0.00409343904064717,0.326301756639343));
#1978=CARTESIAN_POINT('',(0.112958038636554,0.0127917333132329,0.328557878637744));
#1979=CARTESIAN_POINT('',(0.113429880900404,0.0242490611204175,0.317372007413536));
#1980=CARTESIAN_POINT('',(0.113901723164255,0.0357063889276022,0.306186136189327));
#1981=CARTESIAN_POINT('',(0.112959410100305,0.0040076414722996,0.326632542163304));
#1982=CARTESIAN_POINT('',(0.112959410100305,0.0127102309762002,0.328889778238276));
#1983=CARTESIAN_POINT('',(0.113432486438181,0.0241907027275495,0.317605840430596));
#1984=CARTESIAN_POINT('',(0.113905562776056,0.0356711744788989,0.306321902622918));
#1985=CARTESIAN_POINT('',(0.112960330213237,0.00396471102110809,0.326798057014886));
#1986=CARTESIAN_POINT('',(0.112960330213237,0.012669437844578,0.329055847457594));
#1987=CARTESIAN_POINT('',(0.113433964980923,0.0241615527039622,0.317722623282458));
#1988=CARTESIAN_POINT('',(0.113907599748608,0.0356536675633465,0.306389399107323));
#1989=CARTESIAN_POINT('',(0.112962673136977,0.00387860520043103,0.32713003098055));
#1990=CARTESIAN_POINT('',(0.112962673136977,0.0125875846733125,0.329388924455139));
#1991=CARTESIAN_POINT('',(0.113437290902476,0.0241032188624703,0.31795627403582));
#1992=CARTESIAN_POINT('',(0.113911908667974,0.035618853051628,0.306523623616502));
#1993=CARTESIAN_POINT('',(0.112964098811977,0.00383537775510616,0.327296690868781));
#1994=CARTESIAN_POINT('',(0.112964098811977,0.0125464735688821,0.329556133269756));
#1995=CARTESIAN_POINT('',(0.113439139725667,0.0240740093705234,0.318073243001631));
#1996=CARTESIAN_POINT('',(0.113914180639358,0.0356015451721647,0.306590352733506));
#1997=CARTESIAN_POINT('',(0.112967471370603,0.00374877812861321,0.327630568662476));
#1998=CARTESIAN_POINT('',(0.112967471370603,0.0124640856927561,0.329891103487133));
#1999=CARTESIAN_POINT('',(0.113443215744455,0.0240156072611418,0.318307072810707));
#2000=CARTESIAN_POINT('',(0.113918960118308,0.0355671288295274,0.306723042134282));
#2001=CARTESIAN_POINT('',(0.112969414928527,0.00370546665920207,0.327797552498715));
#2002=CARTESIAN_POINT('',(0.112969414928527,0.0124228696328175,0.330058630820666));
#2003=CARTESIAN_POINT('',(0.113445441256722,0.0239864452299077,0.318423815731372));
#2004=CARTESIAN_POINT('',(0.113921467584918,0.0355500208269978,0.306789000642077));
#2005=CARTESIAN_POINT('',(0.112975994593998,0.00357656821527393,0.328294509931584));
#2006=CARTESIAN_POINT('',(0.112975994593998,0.0123002245744753,0.330557210226804));
#2007=CARTESIAN_POINT('',(0.11345266901288,0.0238996147036924,0.318771449435674));
#2008=CARTESIAN_POINT('',(0.113929343431761,0.0354990048329095,0.306985688644544));
#2009=CARTESIAN_POINT('',(0.112981381619796,0.00349195348267576,0.328620735128828));
#2010=CARTESIAN_POINT('',(0.112981381619796,0.0122197349751588,0.330884505381404));
#2011=CARTESIAN_POINT('',(0.113458223501969,0.0238425700636733,0.318999867426673));
#2012=CARTESIAN_POINT('',(0.113935065384141,0.0354654051521877,0.307115229471942));
#2013=CARTESIAN_POINT('',(0.113000625268935,0.00324051374526291,0.329590140519755));
#2014=CARTESIAN_POINT('',(0.113000625268935,0.0119805277006745,0.331857083570105));
#2015=CARTESIAN_POINT('',(0.113477134529537,0.0236732071420372,0.319677999381808));
#2016=CARTESIAN_POINT('',(0.113953643790139,0.0353658865833999,0.30749891519351));
#2017=CARTESIAN_POINT('',(0.113017549270509,0.00307687745381675,0.330221026889234));
#2018=CARTESIAN_POINT('',(0.113017549270509,0.0118248558019583,0.332490035705708));
#2019=CARTESIAN_POINT('',(0.113492732668343,0.0235630504906233,0.320119085279121));
#2020=CARTESIAN_POINT('',(0.113967916066177,0.0353012451792883,0.307748134852533));
#2021=CARTESIAN_POINT('',(0.113059642997119,0.0027586738846631,0.331447834785725));
#2022=CARTESIAN_POINT('',(0.113059642997119,0.0115221381700062,0.333720860270581));
#2023=CARTESIAN_POINT('',(0.113529901936321,0.0233489310491134,0.320976466032239));
#2024=CARTESIAN_POINT('',(0.114000160875523,0.0351757239282207,0.308232071793897));
#2025=CARTESIAN_POINT('',(0.113084816889017,0.00260409176950574,0.332043813517314));
#2026=CARTESIAN_POINT('',(0.113084816889017,0.0113750775993204,0.334318789904429));
#2027=CARTESIAN_POINT('',(0.113551475134903,0.023244963620497,0.321392778771482));
#2028=CARTESIAN_POINT('',(0.114018133380789,0.0351148496416736,0.308466767638535));
#2029=CARTESIAN_POINT('',(0.113128622680539,0.00237996647870045,0.332907910288116));
#2030=CARTESIAN_POINT('',(0.113128622680539,0.011161856226668,0.335185714881411));
#2031=CARTESIAN_POINT('',(0.113588170634617,0.0230942829350413,0.321996149545647));
#2032=CARTESIAN_POINT('',(0.114047718588694,0.0350267096434147,0.308806584209883));
#2033=CARTESIAN_POINT('',(0.113144228856629,0.00230655439477336,0.333190944587508));
#2034=CARTESIAN_POINT('',(0.113144228856629,0.0110920157156994,0.335469675558328));
#2035=CARTESIAN_POINT('',(0.113601127845579,0.023044925377741,0.322193791723221));
#2036=CARTESIAN_POINT('',(0.114058026834529,0.0349978350397824,0.308917907888114));
#2037=CARTESIAN_POINT('',(0.113169102061275,0.0021985181505498,0.333607469511705));
#2038=CARTESIAN_POINT('',(0.113169102061275,0.0109892364484801,0.335887564012096));
#2039=CARTESIAN_POINT('',(0.113621576161558,0.0229723765509605,0.322484313492854));
#2040=CARTESIAN_POINT('',(0.114074050261841,0.0349555166534408,0.309081062973611));
#2041=CARTESIAN_POINT('',(0.113177636958884,0.00216285305663808,0.333744973371125));
#2042=CARTESIAN_POINT('',(0.113177636958884,0.0109553069498308,0.336025518041921));
#2043=CARTESIAN_POINT('',(0.113628566442465,0.0229484278969023,0.322580216382602));
#2044=CARTESIAN_POINT('',(0.114079495926046,0.0349415488439737,0.309134914723282));
#2045=CARTESIAN_POINT('',(0.11319517975622,0.00209225552921971,0.334017156377557));
#2046=CARTESIAN_POINT('',(0.11319517975622,0.0108881461883269,0.336298592460271));
#2047=CARTESIAN_POINT('',(0.113642925293541,0.0229009233380925,0.322770437124111));
#2048=CARTESIAN_POINT('',(0.114090670830862,0.0349137004878581,0.309242281787951));
#2049=CARTESIAN_POINT('',(0.113204186781138,0.00205732615679401,0.334151823722821));
#2050=CARTESIAN_POINT('',(0.113204186781138,0.0108549179865533,0.336433701047048));
#2051=CARTESIAN_POINT('',(0.113650292661491,0.0228773710967403,0.322864740851934));
#2052=CARTESIAN_POINT('',(0.114096398541844,0.0348998242069274,0.30929578065682));
#2053=CARTESIAN_POINT('',(0.11322267017595,0.00198819970869556,0.33441833510297));
#2054=CARTESIAN_POINT('',(0.11322267017595,0.0107891584913494,0.336701085731348));
#2055=CARTESIAN_POINT('',(0.113665395643286,0.0228306909687735,0.323051639434514));
#2056=CARTESIAN_POINT('',(0.114108121110621,0.0348722234461977,0.30940219313768));
#2057=CARTESIAN_POINT('',(0.113232151959193,0.00195398663758044,0.334550240806978));
#2058=CARTESIAN_POINT('',(0.113232151959193,0.0107566107274003,0.336833423374771));
#2059=CARTESIAN_POINT('',(0.113673133115393,0.0228075571508549,0.32314425617951));
#2060=CARTESIAN_POINT('',(0.114114114271594,0.0348585035743096,0.309455088984248));
#2061=CARTESIAN_POINT('',(0.113251545565191,0.00188639456254147,0.334810836536997));
#2062=CARTESIAN_POINT('',(0.113251545565191,0.0106923118422717,0.33709487327665));
#2063=CARTESIAN_POINT('',(0.113688958963547,0.0227617674268202,0.323327570122656));
#2064=CARTESIAN_POINT('',(0.114126372361904,0.0348312230113686,0.309560266968661));
#2065=CARTESIAN_POINT('',(0.113261438954462,0.00185307196660594,0.334939309086611));
#2066=CARTESIAN_POINT('',(0.113261438954462,0.0106606171290806,0.337223768058709));
#2067=CARTESIAN_POINT('',(0.113697038578219,0.0227391384226578,0.323418163602519));
#2068=CARTESIAN_POINT('',(0.114132638201976,0.034817659716235,0.309612559146328));
#2069=CARTESIAN_POINT('',(0.113281669328669,0.00178719355174779,0.33519329793963));
#2070=CARTESIAN_POINT('',(0.113281669328669,0.0105979559694306,0.337478591388011));
#2071=CARTESIAN_POINT('',(0.113713560531658,0.0226943209324582,0.32359757294963));
#2072=CARTESIAN_POINT('',(0.114145451734647,0.0347906858954858,0.30971655451125));
#2073=CARTESIAN_POINT('',(0.113292031926393,0.0017545550000142,0.335319133212639));
#2074=CARTESIAN_POINT('',(0.113292031926393,0.0105669067901607,0.337604838904853));
#2075=CARTESIAN_POINT('',(0.113722015455944,0.022672091715709,0.323686545850814));
#2076=CARTESIAN_POINT('',(0.114151998985495,0.0347772766412574,0.309768252796776));
#2077=CARTESIAN_POINT('',(0.113313367833976,0.00168952336419599,0.335569857378166));
#2078=CARTESIAN_POINT('',(0.113313367833976,0.01050501430313,0.337856377287789));
#2079=CARTESIAN_POINT('',(0.113739374074328,0.0226278173213187,0.323863700640447));
#2080=CARTESIAN_POINT('',(0.11416538031468,0.0347506203395075,0.309871023993105));
#2081=CARTESIAN_POINT('',(0.113324323527115,0.00165719156606784,0.335694509987678));
#2082=CARTESIAN_POINT('',(0.113324323527115,0.0104742322813257,0.337981431870878));
#2083=CARTESIAN_POINT('',(0.113748269046757,0.0226058026126733,0.323951765058169));
#2084=CARTESIAN_POINT('',(0.114172214566399,0.034737372944021,0.309922098245458));
#2085=CARTESIAN_POINT('',(0.113380474774173,0.00149680347904858,0.336312873170033));
#2086=CARTESIAN_POINT('',(0.113380474774173,0.0103214913709284,0.338601778541359));
#2087=CARTESIAN_POINT('',(0.113793799111044,0.0224965194895024,0.324388830499209));
#2088=CARTESIAN_POINT('',(0.114207123447914,0.0346715476080764,0.310175882457059));
#2089=CARTESIAN_POINT('',(0.113429897961047,0.00137213770889764,0.336793511874526));
#2090=CARTESIAN_POINT('',(0.113429897961047,0.0102026178860836,0.339083919621133));
#2091=CARTESIAN_POINT('',(0.11383365027242,0.0224114101778564,0.324728879534939));
#2092=CARTESIAN_POINT('',(0.114237402583793,0.0346202024696291,0.310373839448745));
#2093=CARTESIAN_POINT('',(0.113538630212435,0.0011308470909672,0.337723788163424));
#2094=CARTESIAN_POINT('',(0.113538630212435,0.00997219143179921,0.340017013804876));
#2095=CARTESIAN_POINT('',(0.113920946899149,0.0222463368268185,0.325387658266066));
#2096=CARTESIAN_POINT('',(0.114303263585863,0.0345204822218379,0.310758302727255));
#2097=CARTESIAN_POINT('',(0.1135979238958,0.00101423942680196,0.338173359497806));
#2098=CARTESIAN_POINT('',(0.1135979238958,0.00986065564597398,0.340467900658822));
#2099=CARTESIAN_POINT('',(0.113968382144248,0.0221663800180739,0.325706360084291));
#2100=CARTESIAN_POINT('',(0.114338840392696,0.034472104390174,0.31094481950976));
#2101=CARTESIAN_POINT('',(0.113727637334576,0.000790207723562751,0.339037095449382));
#2102=CARTESIAN_POINT('',(0.113727637334576,0.00964597779746573,0.341334062768537));
#2103=CARTESIAN_POINT('',(0.114071902663117,0.0220123889918625,0.326319304511585));
#2104=CARTESIAN_POINT('',(0.114416167991658,0.0343788001862592,0.311304546254633));
#2105=CARTESIAN_POINT('',(0.113798036762929,0.000682774762931433,0.339451294462915));
#2106=CARTESIAN_POINT('',(0.113798036762929,0.00954282681322535,0.341749372420642));
#2107=CARTESIAN_POINT('',(0.114127972328024,0.0219383477916904,0.326613574041902));
#2108=CARTESIAN_POINT('',(0.114457907893118,0.0343338687701554,0.311477775663163));
#2109=CARTESIAN_POINT('',(0.113952031361793,0.000478621776489462,0.340238389643919));
#2110=CARTESIAN_POINT('',(0.113952031361793,0.00934637838263316,0.342538465972521));
#2111=CARTESIAN_POINT('',(0.114250485710473,0.0217972854401609,0.327173279756637));
#2112=CARTESIAN_POINT('',(0.114548940059154,0.0342481924976886,0.311808093540753));
#2113=CARTESIAN_POINT('',(0.114035574955408,0.00038187843151063,0.340611375716541));
#2114=CARTESIAN_POINT('',(0.114035574955408,0.00925306343262273,0.342912341285846));
#2115=CARTESIAN_POINT('',(0.114316890682037,0.0217302490375019,0.327438786706014));
#2116=CARTESIAN_POINT('',(0.114598206408667,0.0342074346423811,0.311965232126181));
#2117=CARTESIAN_POINT('',(0.11417368450476,0.0002465953614831,0.341132948554372));
#2118=CARTESIAN_POINT('',(0.11417368450476,0.00912224413436966,0.343435071915466));
#2119=CARTESIAN_POINT('',(0.11442662704136,0.021636303906382,0.327810168243246));
#2120=CARTESIAN_POINT('',(0.11467956957796,0.0341503636783942,0.312185264571027));
#2121=CARTESIAN_POINT('',(0.114221870620392,0.000203147765809018,0.341300457214311));
#2122=CARTESIAN_POINT('',(0.114221870620392,0.00908017132584071,0.343602937161124));
#2123=CARTESIAN_POINT('',(0.114464907706187,0.021606096901027,0.327929457370289));
#2124=CARTESIAN_POINT('',(0.114707944791983,0.0341320224762134,0.312255977579453));
#2125=CARTESIAN_POINT('',(0.114323409154057,0.000120027047427319,0.341620922361649));
#2126=CARTESIAN_POINT('',(0.114323409154057,0.00899956674214931,0.343924054931455));
#2127=CARTESIAN_POINT('',(0.114545554770728,0.0215482641765025,0.32815760340822));
#2128=CARTESIAN_POINT('',(0.114767700387401,0.0340969616108559,0.312391151884985));
#2129=CARTESIAN_POINT('',(0.114376753053192,8.03492596743068E-5,0.341773896834753));
#2130=CARTESIAN_POINT('',(0.114376753053192,0.00896103030194147,0.344077325441829));
#2131=CARTESIAN_POINT('',(0.114587915493295,0.0215206348607119,0.328266474185589));
#2132=CARTESIAN_POINT('',(0.114799077933398,0.0340802394194824,0.312455622929349));
#2133=CARTESIAN_POINT('',(0.114489941987078,5.47758850405738E-6,0.342062558453664));
#2134=CARTESIAN_POINT('',(0.114489941987078,0.00888820072022103,0.344366516728142));
#2135=CARTESIAN_POINT('',(0.114677741869221,0.0214684986016682,0.328471682666506));
#2136=CARTESIAN_POINT('',(0.114865541751363,0.0340487964831154,0.31257684860487));
#2137=CARTESIAN_POINT('',(0.114549768957192,-2.97292003508159E-5,0.342198295355333));
#2138=CARTESIAN_POINT('',(0.114549768957192,0.00885389467327081,0.344502487259943));
#2139=CARTESIAN_POINT('',(0.114725198132603,0.0214439826981916,0.328568054915464));
#2140=CARTESIAN_POINT('',(0.114900627308013,0.0340340707231125,0.312633622570987));
#2141=CARTESIAN_POINT('',(0.114678110878087,-9.44837665624431E-5,0.342447951301599));
#2142=CARTESIAN_POINT('',(0.114678110878087,0.00879069381918737,0.344752546200635));
#2143=CARTESIAN_POINT('',(0.114826803406803,0.0213989653052713,0.328744812402975));
#2144=CARTESIAN_POINT('',(0.114975495935518,0.0340072367913552,0.312737078605316));
#2145=CARTESIAN_POINT('',(0.114746614026932,-0.000124067597883178,0.342562009349312));
#2146=CARTESIAN_POINT('',(0.114746614026932,0.00876176295809019,0.344866773612643));
#2147=CARTESIAN_POINT('',(0.114880956090572,0.021378440613204,0.328825287097349));
#2148=CARTESIAN_POINT('',(0.115015298154212,0.0339951182683177,0.312783800582055));
#2149=CARTESIAN_POINT('',(0.114858557536932,-0.00016250409192897,0.342710198115812));
#2150=CARTESIAN_POINT('',(0.114858557536932,0.00872411471608846,0.345015166832191));
#2151=CARTESIAN_POINT('',(0.114968955090225,0.0213519114653622,0.328929189809403));
#2152=CARTESIAN_POINT('',(0.115079352643519,0.0339797082146358,0.312843212786614));
#2153=CARTESIAN_POINT('',(0.114897432167722,-0.000174316061526661,0.342755738200777));
#2154=CARTESIAN_POINT('',(0.114897432167722,0.00871253362995692,0.345060766802607));
#2155=CARTESIAN_POINT('',(0.114999429426327,0.0213437855599114,0.328960993593727));
#2156=CARTESIAN_POINT('',(0.115101426684932,0.0339750374898659,0.312861220384849));
#2157=CARTESIAN_POINT('',(0.114978730433819,-0.000195411381901273,0.342837069487172));
#2158=CARTESIAN_POINT('',(0.114978730433819,0.00869183544632911,0.345142201096432));
#2159=CARTESIAN_POINT('',(0.115062871947161,0.0213293327076272,0.329017532454281));
#2160=CARTESIAN_POINT('',(0.115147013460502,0.0339668299689252,0.312892863812128));
#2161=CARTESIAN_POINT('',(0.115021274035242,-0.000204700455259105,0.342872882751544));
#2162=CARTESIAN_POINT('',(0.115021274035242,0.00868271262625194,0.345178057482787));
#2163=CARTESIAN_POINT('',(0.115095962138328,0.0213230027945843,0.329042278966487));
#2164=CARTESIAN_POINT('',(0.115170650241413,0.0339632929629166,0.312906500450186));
#2165=CARTESIAN_POINT('',(0.115087587088949,-0.000216159835159027,0.3429170634557));
#2166=CARTESIAN_POINT('',(0.115087587088949,0.00867145348181758,0.345222290123061));
#2167=CARTESIAN_POINT('',(0.115147065372493,0.021315235545544,0.329072636925187));
#2168=CARTESIAN_POINT('',(0.115206543656038,0.0339590176092704,0.312922983727314));
#2169=CARTESIAN_POINT('',(0.115109895339136,-0.000219556908758215,0.342930160595772));
#2170=CARTESIAN_POINT('',(0.115109895339136,0.00866811496263101,0.345235402450696));
#2171=CARTESIAN_POINT('',(0.115164271984827,0.0213129390776306,0.329081611239505));
#2172=CARTESIAN_POINT('',(0.115218648630518,0.0339577631926303,0.312927820028314));
#2173=CARTESIAN_POINT('',(0.115144178683393,-0.000223962477936747,0.34294714590826));
#2174=CARTESIAN_POINT('',(0.115144178683393,0.00866378485498052,0.345252407336034));
#2175=CARTESIAN_POINT('',(0.115190715056299,0.0213099693057756,0.329093216206876));
#2176=CARTESIAN_POINT('',(0.115237251429205,0.0339561537565707,0.312934025077717));
#2177=CARTESIAN_POINT('',(0.115155806464306,-0.000225318167784259,0.342952372659847));
#2178=CARTESIAN_POINT('',(0.115155806464306,0.00866245225729387,0.345257640077155));
#2179=CARTESIAN_POINT('',(0.115199646448327,0.0213090576484316,0.329096778537115));
#2180=CARTESIAN_POINT('',(0.115243486432349,0.0339556630395694,0.312935916997074));
#2181=CARTESIAN_POINT('',(0.115179274634471,-0.000227786402332518,0.342961888736747));
#2182=CARTESIAN_POINT('',(0.115179274634471,0.00866002606970753,0.345267167059996));
#2183=CARTESIAN_POINT('',(0.115217460684045,0.021307403005672,0.329103244384547));
#2184=CARTESIAN_POINT('',(0.11525564673362,0.0339547799416366,0.312939321709096));
#2185=CARTESIAN_POINT('',(0.115191031547486,-0.000228896275509568,0.342966167762219));
#2186=CARTESIAN_POINT('',(0.115191031547486,0.00865893515133154,0.345271451001875));
#2187=CARTESIAN_POINT('',(0.115226299125002,0.0213066613961899,0.329106142596939));
#2188=CARTESIAN_POINT('',(0.115261566702518,0.0339543876410482,0.312940834192005));
#2189=CARTESIAN_POINT('',(0.115213608200742,-0.00023082465057867,0.34297360245495));
#2190=CARTESIAN_POINT('',(0.115213608200742,0.00865704053450858,0.345278894450657));
#2191=CARTESIAN_POINT('',(0.115243174326321,0.0213053742026152,0.329111174720844));
#2192=CARTESIAN_POINT('',(0.1152727404519,0.0339537078707218,0.312943454991031));
#2193=CARTESIAN_POINT('',(0.115224230485822,-0.000231633228224041,0.342976719860083));
#2194=CARTESIAN_POINT('',(0.115224230485822,0.00865624676030829,0.345282015695438));
#2195=CARTESIAN_POINT('',(0.115251136330245,0.0213048332192527,0.329113290894616));
#2196=CARTESIAN_POINT('',(0.115278042174669,0.0339534196781971,0.312944566093794));
#2197=CARTESIAN_POINT('',(0.115244767176684,-0.000232977030491715,0.342981900780077));
#2198=CARTESIAN_POINT('',(0.115244767176684,0.00865492839957863,0.345287203214335));
#2199=CARTESIAN_POINT('',(0.115266826954862,0.021303931984759,0.329116817874008));
#2200=CARTESIAN_POINT('',(0.11528888673304,0.0339529355699394,0.31294643253368));
#2201=CARTESIAN_POINT('',(0.11525486839147,-0.000233521644290358,0.342984000494139));
#2202=CARTESIAN_POINT('',(0.11525486839147,0.00865439442387292,0.345289305687655));
#2203=CARTESIAN_POINT('',(0.115274659093382,0.0213035672603334,0.329118245926049));
#2204=CARTESIAN_POINT('',(0.115294449795293,0.0339527400967939,0.312947186164443));
#2205=CARTESIAN_POINT('',(0.115287804437637,-0.000234940839671788,0.34298947208613));
#2206=CARTESIAN_POINT('',(0.115287804437637,0.0086530008737478,0.345294783931391));
#2207=CARTESIAN_POINT('',(0.11530019446986,0.021302636628564,0.329121886663368));
#2208=CARTESIAN_POINT('',(0.115312584502084,0.0339522723833803,0.312948989395345));
#2209=CARTESIAN_POINT('',(0.115313868202454,-0.000235646182959871,0.342992191479624));
#2210=CARTESIAN_POINT('',(0.115313868202454,0.00865230426860062,0.345297505591341));
#2211=CARTESIAN_POINT('',(0.115320078108212,0.021302208154903,0.329123556586429));
#2212=CARTESIAN_POINT('',(0.11532628801397,0.0339521120412053,0.312949607581517));
#2213=CARTESIAN_POINT('',(0.11534,-0.000235646182959871,0.342992191479624));
#2214=CARTESIAN_POINT('',(0.11534,0.00865230459206017,0.345297505675238));
#2215=CARTESIAN_POINT('',(0.11534,0.0213021281395085,0.329123865744739));
#2216=CARTESIAN_POINT('',(0.11534,0.0339519516869568,0.312950225814238));
#2217=CARTESIAN_POINT('',(0.11534,-0.000235646182959871,0.342992191479624));
#2218=CARTESIAN_POINT('',(0.11534,0.00865230459206018,0.345297505675238));
#2219=CARTESIAN_POINT('',(0.11534,0.0213021281395085,0.329123865744739));
#2220=CARTESIAN_POINT('',(0.11534,0.0339519516869568,0.312950225814238));
#2221=CARTESIAN_POINT('',(0.115703557975959,0.0137366357702363,0.289123198502041));
#2222=CARTESIAN_POINT('',(0.115703557975959,0.0220199889670092,0.291271695067242));
#2223=CARTESIAN_POINT('',(0.115703271152274,0.0312485533247968,0.289532337908877));
#2224=CARTESIAN_POINT('',(0.115702984328589,0.0404771176825844,0.287792980750512));
#2225=CARTESIAN_POINT('',(0.11534,-0.000235646182959871,0.342992191479624));
#2226=CARTESIAN_POINT('',(0.11534,0.00865230459206018,0.345297505675238));
#2227=CARTESIAN_POINT('',(0.11534,0.0213021281395085,0.329123865744739));
#2228=CARTESIAN_POINT('',(0.11534,0.0339519516869568,0.312950225814238));
#2229=CARTESIAN_POINT('',(0.115366132212267,-0.000235646182959871,0.342992191479624));
#2230=CARTESIAN_POINT('',(0.115366132212267,0.00865230447110178,0.345297505643865));
#2231=CARTESIAN_POINT('',(0.115359921948309,0.0213022082543896,0.329123556619492));
#2232=CARTESIAN_POINT('',(0.115353711684352,0.0339521120376773,0.312949607595119));
#2233=CARTESIAN_POINT('',(0.115392175339264,-0.00023494110318917,0.3429894731021));
#2234=CARTESIAN_POINT('',(0.115392175339264,0.00865300045951946,0.34529478490827));
#2235=CARTESIAN_POINT('',(0.115379799353983,0.0213026364239586,0.329121887142135));
#2236=CARTESIAN_POINT('',(0.115367423368703,0.0339522723883979,0.312948989376));
#2237=CARTESIAN_POINT('',(0.115425073031323,-0.000233524471339815,0.342984011393597));
#2238=CARTESIAN_POINT('',(0.115425073031323,0.00865439008812842,0.345289316195796));
#2239=CARTESIAN_POINT('',(0.115405323594684,0.0213035654509609,0.329118249797952));
#2240=CARTESIAN_POINT('',(0.115385574158046,0.0339527408137935,0.31294718340011));
#2241=CARTESIAN_POINT('',(0.115435159030725,-0.000232981131112635,0.342981916589686));
#2242=CARTESIAN_POINT('',(0.115435159030725,0.00865492219957366,0.345287218479417));
#2243=CARTESIAN_POINT('',(0.115413151006851,0.0213039294296003,0.329116823405948));
#2244=CARTESIAN_POINT('',(0.115391142982977,0.0339529366596268,0.312946428332479));
#2245=CARTESIAN_POINT('',(0.115455651114329,-0.000231641696770097,0.342976752509872));
#2246=CARTESIAN_POINT('',(0.115455651114329,0.00865623473584555,0.345282047422909));
#2247=CARTESIAN_POINT('',(0.115428827082209,0.0213048283357006,0.329113302406821));
#2248=CARTESIAN_POINT('',(0.115402003050089,0.0339534219355556,0.312944557390733));
#2249=CARTESIAN_POINT('',(0.115466240759554,-0.000230836376731514,0.342973647664175));
#2250=CARTESIAN_POINT('',(0.115466240759554,0.00865702438659543,0.345278938512987));
#2251=CARTESIAN_POINT('',(0.115436777564371,0.0213053676564839,0.329111190861604));
#2252=CARTESIAN_POINT('',(0.115407314369187,0.0339537109263723,0.312943443210219));
#2253=CARTESIAN_POINT('',(0.115488744938007,-0.000228916522351137,0.342966245822265));
#2254=CARTESIAN_POINT('',(0.115488744938007,0.00865890847678846,0.345271527394734));
#2255=CARTESIAN_POINT('',(0.115453630260904,0.0213066507033733,0.329106170597888));
#2256=CARTESIAN_POINT('',(0.115418515583801,0.0339543929299582,0.312940813801043));
#2257=CARTESIAN_POINT('',(0.115500461752068,-0.000227811925532174,0.342961987139361));
#2258=CARTESIAN_POINT('',(0.115500461752068,0.0086599929787088,0.34526726349971));
#2259=CARTESIAN_POINT('',(0.115462456990386,0.0213073898131187,0.329103279677394));
#2260=CARTESIAN_POINT('',(0.115424452228703,0.0339547866475285,0.312939295855078));
#2261=CARTESIAN_POINT('',(0.115523850257346,-0.000225356417221951,0.342952520127432));
#2262=CARTESIAN_POINT('',(0.115523850257346,0.0086624038865087,0.345257784919515));
#2263=CARTESIAN_POINT('',(0.115480248827421,0.0213090385675715,0.329096831278186));
#2264=CARTESIAN_POINT('',(0.115436647397497,0.0339556732486343,0.312935877636857));
#2265=CARTESIAN_POINT('',(0.115535439811715,-0.000224008134376254,0.342947321932937));
#2266=CARTESIAN_POINT('',(0.115535439811715,0.0086637276637427,0.34525258036887));
#2267=CARTESIAN_POINT('',(0.11548917039902,0.0213099468607554,0.329093279010162));
#2268=CARTESIAN_POINT('',(0.115442900986325,0.0339561660577681,0.312933977651454));
#2269=CARTESIAN_POINT('',(0.115569594186191,-0.000219629059598502,0.342930438767449));
#2270=CARTESIAN_POINT('',(0.115569594186191,0.00866802662796104,0.345235676424689));
#2271=CARTESIAN_POINT('',(0.115515576339771,0.0213129047736551,0.329081710199124));
#2272=CARTESIAN_POINT('',(0.11546155849335,0.0339577829193492,0.312927743973558));
#2273=CARTESIAN_POINT('',(0.115591799523588,-0.000216255335708496,0.342917431650276));
#2274=CARTESIAN_POINT('',(0.115591799523588,0.00867133815317901,0.345222653174722));
#2275=CARTESIAN_POINT('',(0.115532750623953,0.0213151910039868,0.32907276785728));
#2276=CARTESIAN_POINT('',(0.115473701724318,0.0339590438547946,0.312922882539837));
#2277=CARTESIAN_POINT('',(0.115657774744816,-0.000204885316162207,0.342873595467672));
#2278=CARTESIAN_POINT('',(0.115657774744816,0.00868249538057404,0.345178761799107));
#2279=CARTESIAN_POINT('',(0.115583754578464,0.0213229201176224,0.329042531092435));
#2280=CARTESIAN_POINT('',(0.115509734412111,0.0339633448546707,0.312906300385763));
#2281=CARTESIAN_POINT('',(0.115700065544962,-0.000195681215596242,0.342838109808965));
#2282=CARTESIAN_POINT('',(0.115700065544962,0.00869152269152569,0.345143230285554));
#2283=CARTESIAN_POINT('',(0.115616775078679,0.02132921484758,0.329017898548323));
#2284=CARTESIAN_POINT('',(0.115533484612396,0.0339669070036343,0.312892566811094));
#2285=CARTESIAN_POINT('',(0.115780798427411,-0.000174816233808423,0.342757666574197));
#2286=CARTESIAN_POINT('',(0.115780798427411,0.00871196519112296,0.345062677469374));
#2287=CARTESIAN_POINT('',(0.115680058353527,0.0213435748961781,0.328961665339175));
#2288=CARTESIAN_POINT('',(0.115579318279642,0.0339751846012332,0.312860653208975));
#2289=CARTESIAN_POINT('',(0.115819366780471,-0.000163149328900744,0.342712685774307));
#2290=CARTESIAN_POINT('',(0.115819366780471,0.00872338640345442,0.345017632942919));
#2291=CARTESIAN_POINT('',(0.115710448298059,0.0213516433309869,0.328930052660005));
#2292=CARTESIAN_POINT('',(0.115601529815646,0.0339799002585194,0.312842472377092));
#2293=CARTESIAN_POINT('',(0.115930332532483,-0.000125244573254525,0.342566547081818));
#2294=CARTESIAN_POINT('',(0.115930332532483,0.00876045215702669,0.344871276634082));
#2295=CARTESIAN_POINT('',(0.115798177402269,0.0213779650451601,0.328826845278584));
#2296=CARTESIAN_POINT('',(0.115666022272056,0.0339954779332935,0.312782413923087));
#2297=CARTESIAN_POINT('',(0.115998109507842,-9.61453729499467E-5,0.342454357489445));
#2298=CARTESIAN_POINT('',(0.115998109507842,0.00878885612348827,0.344758906715276));
#2299=CARTESIAN_POINT('',(0.115852131878555,0.0213983041591381,0.328746999112355));
#2300=CARTESIAN_POINT('',(0.115706154249267,0.034007752194788,0.312735091509436));
#2301=CARTESIAN_POINT('',(0.116124905285873,-3.26446649387335E-5,0.34220953569116));
#2302=CARTESIAN_POINT('',(0.116124905285873,0.00885070219274657,0.344513655744699));
#2303=CARTESIAN_POINT('',(0.115953315888346,0.0214428483658699,0.328571858309469));
#2304=CARTESIAN_POINT('',(0.11578172649082,0.0340349945389932,0.31263006087424));
#2305=CARTESIAN_POINT('',(0.116183912135367,1.7926368912494E-6,0.342076765483927));
#2306=CARTESIAN_POINT('',(0.116183912135367,0.00888418008966663,0.344380636691606));
#2307=CARTESIAN_POINT('',(0.11600054933384,0.0214670765400629,0.328476474684206));
#2308=CARTESIAN_POINT('',(0.115817186532314,0.0340499729904591,0.312572312676806));
#2309=CARTESIAN_POINT('',(0.116295403844474,7.48257984361745E-5,0.34179519208886));
#2310=CARTESIAN_POINT('',(0.116295403844474,0.00895503789751195,0.344098499063692));
#2311=CARTESIAN_POINT('',(0.116089915514344,0.0215185304123534,0.328273622912293));
#2312=CARTESIAN_POINT('',(0.115884427184214,0.0340820229271948,0.312448746760893));
#2313=CARTESIAN_POINT('',(0.116347871548445,0.000113434042041557,0.341646341155946));
#2314=CARTESIAN_POINT('',(0.116347871548445,0.00899243019232763,0.343949332743793));
#2315=CARTESIAN_POINT('',(0.116132039304733,0.0215457648607001,0.32816612102977));
#2316=CARTESIAN_POINT('',(0.11591620706102,0.0340990995290727,0.312382909315747));
#2317=CARTESIAN_POINT('',(0.116447633506667,0.000194106803718548,0.341335313905937));
#2318=CARTESIAN_POINT('',(0.116447633506667,0.0090704221397326,0.343637610156989));
#2319=CARTESIAN_POINT('',(0.116212207383605,0.0216026980105333,0.327941104417412));
#2320=CARTESIAN_POINT('',(0.115976781260543,0.0341349738813339,0.312244598677835));
#2321=CARTESIAN_POINT('',(0.116494919069191,0.000236176078396161,0.341173119250134));
#2322=CARTESIAN_POINT('',(0.116494919069191,0.00911102654892788,0.343475035551378));
#2323=CARTESIAN_POINT('',(0.116250246024178,0.0216324002928472,0.327823575881987));
#2324=CARTESIAN_POINT('',(0.116005572979164,0.0341537740367666,0.312172116212596));
#2325=CARTESIAN_POINT('',(0.116630332794651,0.000366854784847068,0.340669298160372));
#2326=CARTESIAN_POINT('',(0.116630332794651,0.00923694872467355,0.342969980735414));
#2327=CARTESIAN_POINT('',(0.116359260998863,0.0217246646489215,0.327458072114507));
#2328=CARTESIAN_POINT('',(0.116088189203076,0.0342123805731695,0.311946163493598));
#2329=CARTESIAN_POINT('',(0.116712088551792,0.000459901020042698,0.340310565992847));
#2330=CARTESIAN_POINT('',(0.116712088551792,0.00932634136038804,0.342610300914717));
#2331=CARTESIAN_POINT('',(0.116425191940731,0.0217903577507458,0.327197280816842));
#2332=CARTESIAN_POINT('',(0.116138295329671,0.0342543741411035,0.311784260718968));
#2333=CARTESIAN_POINT('',(0.116862716223377,0.000655415694058255,0.339556775120544));
#2334=CARTESIAN_POINT('',(0.116862716223377,0.00951364469491646,0.34185438022442));
#2335=CARTESIAN_POINT('',(0.116546826887417,0.0219282927759866,0.326648589598394));
#2336=CARTESIAN_POINT('',(0.116230937551456,0.0343429408570567,0.311442798972368));
#2337=CARTESIAN_POINT('',(0.11693153605892,0.000757908053623573,0.339161624191284));
#2338=CARTESIAN_POINT('',(0.11693153605892,0.00961157779214373,0.341458046735485));
#2339=CARTESIAN_POINT('',(0.11660249165208,0.0220005524641271,0.326360618055126));
#2340=CARTESIAN_POINT('',(0.11627344724524,0.0343895271361104,0.311263189374766));
#2341=CARTESIAN_POINT('',(0.117058452748866,0.000970868714243843,0.338340571741163));
#2342=CARTESIAN_POINT('',(0.117058452748866,0.00981459449388272,0.340634415068833));
#2343=CARTESIAN_POINT('',(0.116705317091149,0.0221505676460551,0.325761788092653));
#2344=CARTESIAN_POINT('',(0.116352181433433,0.0344865407982274,0.310889161116475));
#2345=CARTESIAN_POINT('',(0.11711652954913,0.00108134635343919,0.337914634217863));
#2346=CARTESIAN_POINT('',(0.11711652954913,0.00991968743653484,0.340207080888677));
#2347=CARTESIAN_POINT('',(0.116752461992088,0.0222283304361071,0.325450901543298));
#2348=CARTESIAN_POINT('',(0.116388394435046,0.0345369734356793,0.310694722197918));
#2349=CARTESIAN_POINT('',(0.117223311177513,0.00130927168878557,0.337035886685405));
#2350=CARTESIAN_POINT('',(0.117223311177513,0.0101360996955734,0.339325347149508));
#2351=CARTESIAN_POINT('',(0.116839327217105,0.0223886367288523,0.3248091667456));
#2352=CARTESIAN_POINT('',(0.116455343256697,0.0346411737621312,0.310292986341693));
#2353=CARTESIAN_POINT('',(0.117272010500649,0.0014267368797438,0.336583009226444));
#2354=CARTESIAN_POINT('',(0.117272010500649,0.010247436506767,0.338870880140692));
#2355=CARTESIAN_POINT('',(0.116879042171188,0.0224711902020154,0.324478280056925));
#2356=CARTESIAN_POINT('',(0.116486073841726,0.0346949438972637,0.310085679973158));
#2357=CARTESIAN_POINT('',(0.117327592836367,0.00157742740619057,0.336002034197588));
#2358=CARTESIAN_POINT('',(0.117327592836367,0.0103900528508596,0.338287810869004));
#2359=CARTESIAN_POINT('',(0.11692450013963,0.0225770307775578,0.324053608557134));
#2360=CARTESIAN_POINT('',(0.116521407442893,0.034764008704256,0.309819406245264));
#2361=CARTESIAN_POINT('',(0.117338443176657,0.00160775629936659,0.335885103624688));
#2362=CARTESIAN_POINT('',(0.117338443176657,0.0104187462221823,0.338170456082261));
#2363=CARTESIAN_POINT('',(0.116933381530452,0.0225983306250864,0.323968123815539));
#2364=CARTESIAN_POINT('',(0.116528319884247,0.0347779150279904,0.309765791548817));
#2365=CARTESIAN_POINT('',(0.117359634451407,0.00166882397118029,0.335649662198934));
#2366=CARTESIAN_POINT('',(0.117359634451407,0.0104765027568838,0.337934155829588));
#2367=CARTESIAN_POINT('',(0.116950738757279,0.0226412057170638,0.32379601007395));
#2368=CARTESIAN_POINT('',(0.11654184306315,0.0348059086772438,0.309657864318311));
#2369=CARTESIAN_POINT('',(0.1173699779395,0.00169957140972598,0.335531117958512));
#2370=CARTESIAN_POINT('',(0.1173699779395,0.0105055745801705,0.337815176976088));
#2371=CARTESIAN_POINT('',(0.116959215709906,0.0226627849075549,0.323709365860312));
#2372=CARTESIAN_POINT('',(0.116548453480313,0.0348199952349394,0.309603554744534));
#2373=CARTESIAN_POINT('',(0.117390133592856,0.00176135267488931,0.335292925331827));
#2374=CARTESIAN_POINT('',(0.117390133592856,0.0105639657987692,0.337576105055326));
#2375=CARTESIAN_POINT('',(0.116975755739125,0.022706153453162,0.323535187300461));
#2376=CARTESIAN_POINT('',(0.116561377885395,0.0348483411075548,0.309494269545597));
#2377=CARTESIAN_POINT('',(0.117399931698041,0.00179233750967569,0.33517346582957));
#2378=CARTESIAN_POINT('',(0.117399931698041,0.01059323620225,0.337456200872071));
#2379=CARTESIAN_POINT('',(0.11698381201754,0.0227279190176817,0.323447744676952));
#2380=CARTESIAN_POINT('',(0.11656769233704,0.0348626018331135,0.309439288481834));
#2381=CARTESIAN_POINT('',(0.117419086785437,0.00185486181498456,0.334932408472232));
#2382=CARTESIAN_POINT('',(0.117419086785437,0.0106522941062602,0.337214244416131));
#2383=CARTESIAN_POINT('',(0.116999562295551,0.0227718024938101,0.323271423752508));
#2384=CARTESIAN_POINT('',(0.116580037805665,0.0348913108813601,0.309328603088884));
#2385=CARTESIAN_POINT('',(0.117428463654145,0.00188646492480737,0.334810565261022));
#2386=CARTESIAN_POINT('',(0.117428463654145,0.0106821452460899,0.337091946787316));
#2387=CARTESIAN_POINT('',(0.117007266151912,0.0227939519901982,0.323182423679032));
#2388=CARTESIAN_POINT('',(0.116586068649679,0.0349057587343065,0.309272900570748));
#2389=CARTESIAN_POINT('',(0.117456053660907,0.00198251201279881,0.334440263550403));
#2390=CARTESIAN_POINT('',(0.117456053660907,0.0107728820321095,0.33672026771595));
#2391=CARTESIAN_POINT('',(0.117029882603903,0.0228610840503281,0.322912676100612));
#2392=CARTESIAN_POINT('',(0.116603711546898,0.0349492860685467,0.309105084485274));
#2393=CARTESIAN_POINT('',(0.117473639130286,0.00204793058267334,0.334188047592195));
#2394=CARTESIAN_POINT('',(0.117473639130286,0.0108346887846998,0.336467114941836));
#2395=CARTESIAN_POINT('',(0.117044253170111,0.0229066053979528,0.322729741317874));
#2396=CARTESIAN_POINT('',(0.116614867209936,0.0349785220112057,0.308992367693911));
#2397=CARTESIAN_POINT('',(0.117507067906892,0.0021812345511529,0.333674105018893));
#2398=CARTESIAN_POINT('',(0.117507067906892,0.0109606352503157,0.335951264014605));
#2399=CARTESIAN_POINT('',(0.117071753454363,0.0229996422634257,0.322355907971613));
#2400=CARTESIAN_POINT('',(0.116636439001835,0.0350386492765356,0.308760551928622));
#2401=CARTESIAN_POINT('',(0.117522926089586,0.00224916412626111,0.333412208084897));
#2402=CARTESIAN_POINT('',(0.117522926089586,0.0110248191398443,0.335688395542583));
#2403=CARTESIAN_POINT('',(0.117084849067242,0.0230470791189543,0.322165312684245));
#2404=CARTESIAN_POINT('',(0.116646772044898,0.0350693390980642,0.308642229825907));
#2405=CARTESIAN_POINT('',(0.117567822090391,0.00245646149389863,0.332612989998765));
#2406=CARTESIAN_POINT('',(0.117567822090391,0.0112206926937665,0.334886214402245));
#2407=CARTESIAN_POINT('',(0.11712206362086,0.0231918854319856,0.32158352044216));
#2408=CARTESIAN_POINT('',(0.116676305151329,0.0351630781702047,0.308280826482075));
#2409=CARTESIAN_POINT('',(0.117594183781261,0.00259936078943648,0.332062053424938));
#2410=CARTESIAN_POINT('',(0.117594183781261,0.0113557271041916,0.334333237872106));
#2411=CARTESIAN_POINT('',(0.117144124199941,0.0232917975033973,0.321182136413776));
#2412=CARTESIAN_POINT('',(0.116694064618621,0.0352278679026028,0.308031034955446));
#2413=CARTESIAN_POINT('',(0.117639557896413,0.0028934582581306,0.33092818463179));
#2414=CARTESIAN_POINT('',(0.117639557896413,0.011633671693208,0.333195179422222));
#2415=CARTESIAN_POINT('',(0.117182525664962,0.0234975548856729,0.320355622732393));
#2416=CARTESIAN_POINT('',(0.116725493433511,0.0353614380781378,0.307516066042565));
#2417=CARTESIAN_POINT('',(0.117658574587106,0.00304466432144672,0.3303452219926));
#2418=CARTESIAN_POINT('',(0.117658574587106,0.0117765897619592,0.33261006708261));
#2419=CARTESIAN_POINT('',(0.117198871326289,0.0236034079821943,0.319930463062429));
#2420=CARTESIAN_POINT('',(0.116739168065472,0.0354302262024294,0.307250859042247));
#2421=CARTESIAN_POINT('',(0.117681597628674,0.00327706499349718,0.329449220164651));
#2422=CARTESIAN_POINT('',(0.117681597628674,0.0119962972919375,0.331710772968134));
#2423=CARTESIAN_POINT('',(0.117219087083134,0.0237661978126091,0.319276725324353));
#2424=CARTESIAN_POINT('',(0.116756576537594,0.0355360983332808,0.306842677680573));
#2425=CARTESIAN_POINT('',(0.117688357374074,0.00335550552416971,0.329146799099136));
#2426=CARTESIAN_POINT('',(0.117688357374074,0.0120704632502152,0.33140724318446));
#2427=CARTESIAN_POINT('',(0.117225110207734,0.0238211514313685,0.319056061639646));
#2428=CARTESIAN_POINT('',(0.116761863041395,0.0355718396125217,0.306704880094832));
#2429=CARTESIAN_POINT('',(0.117700056495824,0.00351408262016732,0.328535418044895));
#2430=CARTESIAN_POINT('',(0.117700056495824,0.0122204135149923,0.330793624543965));
#2431=CARTESIAN_POINT('',(0.117235730630943,0.023932291807235,0.318609820174136));
#2432=CARTESIAN_POINT('',(0.116771404766061,0.0356441700994777,0.306426015804307));
#2433=CARTESIAN_POINT('',(0.117704992604814,0.00359409810329371,0.328226924878706));
#2434=CARTESIAN_POINT('',(0.117704992604814,0.012296076739293,0.330484002509681));
#2435=CARTESIAN_POINT('',(0.117240326424872,0.023988421109717,0.318384463904953));
#2436=CARTESIAN_POINT('',(0.11677566024493,0.0356807654801409,0.306284925300224));
#2437=CARTESIAN_POINT('',(0.11771106321489,0.00371597196248416,0.327757050159109));
#2438=CARTESIAN_POINT('',(0.11771106321489,0.012411370968155,0.330012421197015));
#2439=CARTESIAN_POINT('',(0.117246169090179,0.0240738249415673,0.318041659489467));
#2440=CARTESIAN_POINT('',(0.116781274965468,0.0357362789149796,0.30607089778192));
#2441=CARTESIAN_POINT('',(0.117712863764024,0.00375687676578429,0.327599345027685));
#2442=CARTESIAN_POINT('',(0.117712863764024,0.0124500749800249,0.329854145234827));
#2443=CARTESIAN_POINT('',(0.117247941075374,0.024102479144587,0.317926657646542));
#2444=CARTESIAN_POINT('',(0.116783018386724,0.0357548833091491,0.305999170058258));
#2445=CARTESIAN_POINT('',(0.117716005866333,0.0038386482616575,0.327284081697636));
#2446=CARTESIAN_POINT('',(0.117716005866333,0.0125274310318389,0.329537736647999));
#2447=CARTESIAN_POINT('',(0.117251127582088,0.024159849628456,0.3176963861067));
#2448=CARTESIAN_POINT('',(0.116786249297843,0.035792268225073,0.305855035565402));
#2449=CARTESIAN_POINT('',(0.11771734454132,0.00387946242210568,0.327126726032331));
#2450=CARTESIAN_POINT('',(0.11771734454132,0.012566030539658,0.329379806556679));
#2451=CARTESIAN_POINT('',(0.117252540662016,0.0241885395756749,0.317581217936946));
#2452=CARTESIAN_POINT('',(0.116787736782712,0.0358110486116917,0.305782629317212));
#2453=CARTESIAN_POINT('',(0.117719568791193,0.00396079941827147,0.326813137880449));
#2454=CARTESIAN_POINT('',(0.117719568791193,0.0126429256708089,0.329065066295079));
#2455=CARTESIAN_POINT('',(0.11725501413844,0.0242458882650152,0.31735097606574));
#2456=CARTESIAN_POINT('',(0.116790459485686,0.0358488508592215,0.305636885836402));
#2457=CARTESIAN_POINT('',(0.117720456609469,0.00400136318310411,0.326656747595009));
#2458=CARTESIAN_POINT('',(0.117720456609469,0.0126812622232558,0.328908098325933));
#2459=CARTESIAN_POINT('',(0.117256075927137,0.024274575654593,0.317235791916358));
#2460=CARTESIAN_POINT('',(0.116791695244806,0.0358678890859304,0.305563485506783));
#2461=CARTESIAN_POINT('',(0.117721812156378,0.00408244113272816,0.326344158175931));
#2462=CARTESIAN_POINT('',(0.117721812156378,0.0127578744897939,0.328594350619319));
#2463=CARTESIAN_POINT('',(0.117257863696113,0.0243320291669519,0.317005096905335));
#2464=CARTESIAN_POINT('',(0.116793915235848,0.0359061838441099,0.305415843191351));
#2465=CARTESIAN_POINT('',(0.117722279698783,0.00412295247002489,0.326187970020577));
#2466=CARTESIAN_POINT('',(0.117722279698783,0.0127961473563905,0.328437581860133));
#2467=CARTESIAN_POINT('',(0.117258589203751,0.0243607823852462,0.316889635795888));
#2468=CARTESIAN_POINT('',(0.116794898708719,0.0359254174141019,0.305341689731643));
#2469=CARTESIAN_POINT('',(0.117723074403228,0.00424433736145788,0.325719980476272));
#2470=CARTESIAN_POINT('',(0.117723074403228,0.0129108019004148,0.327967846630482));
#2471=CARTESIAN_POINT('',(0.117260266711248,0.0244468957218942,0.316543785857709));
#2472=CARTESIAN_POINT('',(0.116797459019268,0.0359829895433737,0.305119725084935));
#2473=CARTESIAN_POINT('',(0.117722792676717,0.0043250308183794,0.325408873437435));
#2474=CARTESIAN_POINT('',(0.117722792676717,0.0129869885453198,0.327655570636283));
#2475=CARTESIAN_POINT('',(0.117260715861932,0.0245040447803031,0.316314180025516));
#2476=CARTESIAN_POINT('',(0.116798639047147,0.0360211010152863,0.304972789414749));
#2477=CARTESIAN_POINT('',(0.117720739237945,0.00448597807623061,0.324788354417565));
#2478=CARTESIAN_POINT('',(0.117720739237945,0.0131388927631878,0.327032706075919));
#2479=CARTESIAN_POINT('',(0.117260400712663,0.0246180708094559,0.31585595685264));
#2480=CARTESIAN_POINT('',(0.11680006218738,0.0360972488557239,0.304679207629359));
#2481=CARTESIAN_POINT('',(0.117718968071648,0.00456624195392052,0.324478903586404));
#2482=CARTESIAN_POINT('',(0.117718968071648,0.0132146204129112,0.326722078659628));
#2483=CARTESIAN_POINT('',(0.117259635720056,0.0246749402386673,0.315627368587719));
#2484=CARTESIAN_POINT('',(0.116800303368464,0.0361352600644236,0.304532658515809));
#2485=CARTESIAN_POINT('',(0.117711597222828,0.00480636482250675,0.323553129459819));
#2486=CARTESIAN_POINT('',(0.117711597222828,0.0134411060909802,0.325792767383739));
#2487=CARTESIAN_POINT('',(0.117255656831059,0.0248450237269853,0.314943568464475));
#2488=CARTESIAN_POINT('',(0.11679971643929,0.0362489413629904,0.30409436954521));
#2489=CARTESIAN_POINT('',(0.117703945770209,0.00496556454360077,0.322939347925322));
#2490=CARTESIAN_POINT('',(0.117703945770209,0.013591176342906,0.325176617891161));
#2491=CARTESIAN_POINT('',(0.117250766091147,0.024957757690843,0.314490148924785));
#2492=CARTESIAN_POINT('',(0.116797586412084,0.03632433903878,0.30380367995841));
#2493=CARTESIAN_POINT('',(0.117688972932316,0.0052030270896234,0.322023830455307));
#2494=CARTESIAN_POINT('',(0.117688972932316,0.0138149501411714,0.324257549899172));
#2495=CARTESIAN_POINT('',(0.117240570040829,0.0251258956192651,0.313813743675267));
#2496=CARTESIAN_POINT('',(0.116792167149342,0.0364368410973588,0.303369937451362));
#2497=CARTESIAN_POINT('',(0.117683398400025,0.00528195564612874,0.321719527846015));
#2498=CARTESIAN_POINT('',(0.117683398400025,0.0138893166910902,0.323952064018414));
#2499=CARTESIAN_POINT('',(0.117236693805483,0.0251817796557776,0.313588901474642));
#2500=CARTESIAN_POINT('',(0.116789989210941,0.0364742426204651,0.30322573893087));
#2501=CARTESIAN_POINT('',(0.117671172887697,0.00543933575569352,0.321112761675296));
#2502=CARTESIAN_POINT('',(0.117671172887697,0.0140375850176851,0.323342934476974));
#2503=CARTESIAN_POINT('',(0.117228059298743,0.0252932139687236,0.313140529020524));
#2504=CARTESIAN_POINT('',(0.11678494570979,0.0365488429197622,0.302938123564073));
#2505=CARTESIAN_POINT('',(0.117664512419409,0.00551787487169454,0.320809960522091));
#2506=CARTESIAN_POINT('',(0.117664512419409,0.0141115743573029,0.323038953224516));
#2507=CARTESIAN_POINT('',(0.117223296121015,0.0253488090263929,0.312916826116629));
#2508=CARTESIAN_POINT('',(0.116782079822621,0.0365860436954829,0.302794699008744));
#2509=CARTESIAN_POINT('',(0.117653785671659,0.00563522262735536,0.320357535825338));
#2510=CARTESIAN_POINT('',(0.117653785671659,0.0142221144296952,0.322584762783411));
#2511=CARTESIAN_POINT('',(0.11721554437046,0.0254319029640356,0.31258245811439));
#2512=CARTESIAN_POINT('',(0.116777303069262,0.0366416914983761,0.30258015344537));
#2513=CARTESIAN_POINT('',(0.11765009275424,0.00567421165417194,0.320207216813825));
#2514=CARTESIAN_POINT('',(0.11765009275424,0.0142588352201491,0.32243385544759));
#2515=CARTESIAN_POINT('',(0.117212861987004,0.02545952478929,0.312471297758712));
#2516=CARTESIAN_POINT('',(0.116775631219768,0.0366602143584308,0.302508740069835));
#2517=CARTESIAN_POINT('',(0.117642464798612,0.00575209268292873,0.319906952862293));
#2518=CARTESIAN_POINT('',(0.117642464798612,0.0143321825531393,0.322132415567716));
#2519=CARTESIAN_POINT('',(0.117207299677062,0.0255146938481039,0.312249270342854));
#2520=CARTESIAN_POINT('',(0.116772134555512,0.0366972051430685,0.302366125117992));
#2521=CARTESIAN_POINT('',(0.117638526316701,0.0057910164311092,0.319756885527235));
#2522=CARTESIAN_POINT('',(0.117638526316701,0.0143688408419157,0.321981760628625));
#2523=CARTESIAN_POINT('',(0.117204417950826,0.0255422574442846,0.312138340197924));
#2524=CARTESIAN_POINT('',(0.116770309584952,0.0367156740466534,0.302294919767223));
#2525=CARTESIAN_POINT('',(0.117626286099124,0.00590834065761839,0.319304551545206));
#2526=CARTESIAN_POINT('',(0.117626286099124,0.0144793740469077,0.32152766522389));
#2527=CARTESIAN_POINT('',(0.117195448406619,0.0256251967332915,0.311804602710715));
#2528=CARTESIAN_POINT('',(0.116764610714114,0.0367710194196754,0.30208154019754));
#2529=CARTESIAN_POINT('',(0.117617565897669,0.00598722498602065,0.319000419453756));
#2530=CARTESIAN_POINT('',(0.117617565897669,0.0145537381698917,0.321222360703162));
#2531=CARTESIAN_POINT('',(0.117189037695278,0.0256807995147411,0.311580930867626));
#2532=CARTESIAN_POINT('',(0.116760509492886,0.0368078608595905,0.301939501032089));
#2533=CARTESIAN_POINT('',(0.117599087179433,0.00614565354066238,0.318389611088593));
#2534=CARTESIAN_POINT('',(0.117599087179433,0.0147031469515881,0.320609212832397));
#2535=CARTESIAN_POINT('',(0.117175437840657,0.0257921289638849,0.311133152008471));
#2536=CARTESIAN_POINT('',(0.11675178850188,0.0368811109761818,0.301657091184544));
#2537=CARTESIAN_POINT('',(0.117589319721325,0.00622529587266049,0.31808255657613));
#2538=CARTESIAN_POINT('',(0.117589319721325,0.0147782897160591,0.320300991243614));
#2539=CARTESIAN_POINT('',(0.117168238996415,0.0258479471026177,0.310908692333281));
#2540=CARTESIAN_POINT('',(0.116747158271506,0.0369176044891762,0.301516393422947));
#2541=CARTESIAN_POINT('',(0.117568743998415,0.00638548741646854,0.317464951150089));
#2542=CARTESIAN_POINT('',(0.117568743998415,0.0149295091160751,0.319681058665795));
#2543=CARTESIAN_POINT('',(0.117152996750357,0.0259604437145662,0.310456511565237));
#2544=CARTESIAN_POINT('',(0.116737249502299,0.0369913783130574,0.301231964464678));
#2545=CARTESIAN_POINT('',(0.117557937747941,0.00646601461943348,0.317154485089817));
#2546=CARTESIAN_POINT('',(0.117557937747941,0.0150055637427752,0.319369432530066));
#2547=CARTESIAN_POINT('',(0.117144963425547,0.0260170316372916,0.310229139582411));
#2548=CARTESIAN_POINT('',(0.116731989103153,0.037028499531808,0.301088846634757));
#2549=CARTESIAN_POINT('',(0.117501366895856,0.00687077629075862,0.315593959493265));
#2550=CARTESIAN_POINT('',(0.117501366895856,0.0153880458943598,0.31780312817816));
#2551=CARTESIAN_POINT('',(0.117102795459717,0.0263014868954407,0.309086607732357));
#2552=CARTESIAN_POINT('',(0.116704224023579,0.0372149278965215,0.300370087286554));
#2553=CARTESIAN_POINT('',(0.117447990239765,0.00720138480950119,0.314319325325838));
#2554=CARTESIAN_POINT('',(0.117447990239765,0.015701097554378,0.316523940196622));
#2555=CARTESIAN_POINT('',(0.11706262840548,0.0265341867671067,0.308153330939535));
#2556=CARTESIAN_POINT('',(0.116677266571194,0.0373672759798354,0.299782721682447));
#2557=CARTESIAN_POINT('',(0.117326277051829,0.00787512949837541,0.311721757653268));
#2558=CARTESIAN_POINT('',(0.117326277051829,0.0163406686556972,0.313917508742232));
#2559=CARTESIAN_POINT('',(0.11697044075895,0.0270092269733297,0.306251543556093));
#2560=CARTESIAN_POINT('',(0.11661460446607,0.0376777852909622,0.298585578369953));
#2561=CARTESIAN_POINT('',(0.117257945071523,0.00821826974568413,0.310398808428902));
#2562=CARTESIAN_POINT('',(0.117257945071523,0.0166671479461061,0.31259023807849));
#2563=CARTESIAN_POINT('',(0.116918422869417,0.0272515546060154,0.305282990941811));
#2564=CARTESIAN_POINT('',(0.116578900667312,0.0378359612659248,0.297975743805132));
#2565=CARTESIAN_POINT('',(0.117107340603644,0.00891621106386399,0.307707952626411));
#2566=CARTESIAN_POINT('',(0.117107340603644,0.017333035472024,0.30989106831655));
#2567=CARTESIAN_POINT('',(0.116803359545111,0.0277453872316283,0.303313112178889));
#2568=CARTESIAN_POINT('',(0.116499378486578,0.0381577389912327,0.296735156041228));
#2569=CARTESIAN_POINT('',(0.117025072731253,0.00927101422168961,0.306340038002203));
#2570=CARTESIAN_POINT('',(0.117025072731253,0.0176724457944874,0.30851916117227));
#2571=CARTESIAN_POINT('',(0.116740317607124,0.0279968935800811,0.30231178080413));
#2572=CARTESIAN_POINT('',(0.116455562482995,0.0383213413656748,0.29610440043599));
#2573=CARTESIAN_POINT('',(0.116891669940714,0.00981140970017876,0.30425658732941));
#2574=CARTESIAN_POINT('',(0.116891669940714,0.0181910154469228,0.306430049421022));
#2575=CARTESIAN_POINT('',(0.116637884407498,0.0283807837072223,0.300786819358184));
#2576=CARTESIAN_POINT('',(0.116384098874282,0.038570551967522,0.295143589295347));
#2577=CARTESIAN_POINT('',(0.116845529174321,0.00999291686427188,0.303556801268645));
#2578=CARTESIAN_POINT('',(0.116845529174321,0.0183654707464494,0.305728434281329));
#2579=CARTESIAN_POINT('',(0.11660242432363,0.0285098639183186,0.300274652653152));
#2580=CARTESIAN_POINT('',(0.116359319472939,0.0386542570901877,0.294820871024976));
#2581=CARTESIAN_POINT('',(0.116773838397235,0.0102671359406303,0.302499571995134));
#2582=CARTESIAN_POINT('',(0.116773838397235,0.0186294946313813,0.304668560627789));
#2583=CARTESIAN_POINT('',(0.11654728887346,0.0287051163411004,0.299500897314743));
#2584=CARTESIAN_POINT('',(0.116320739349686,0.0387807380508195,0.294333234001697));
#2585=CARTESIAN_POINT('',(0.116749522642069,0.0103588869467227,0.30214583347773));
#2586=CARTESIAN_POINT('',(0.116749522642069,0.018717911007902,0.304313957190103));
#2587=CARTESIAN_POINT('',(0.116528583378844,0.0287704814867873,0.299242026672881));
#2588=CARTESIAN_POINT('',(0.116307644115619,0.0388230519656727,0.294170096155659));
#2589=CARTESIAN_POINT('',(0.116712421702555,0.0104970182600268,0.301613279470354));
#2590=CARTESIAN_POINT('',(0.116712421702555,0.0188511419643601,0.303780132151588));
#2591=CARTESIAN_POINT('',(0.116500035998342,0.0288689462108199,0.298852321985222));
#2592=CARTESIAN_POINT('',(0.11628765029413,0.0388867504572798,0.293924511818858));
#2593=CARTESIAN_POINT('',(0.116699952318788,0.0105431385509368,0.301435466452017));
#2594=CARTESIAN_POINT('',(0.116699952318788,0.01889564573424,0.303601899847751));
#2595=CARTESIAN_POINT('',(0.116490439733855,0.0289018335201736,0.298722201822294));
#2596=CARTESIAN_POINT('',(0.116280927148923,0.0389080213061071,0.293842503796837));
#2597=CARTESIAN_POINT('',(0.116674820125775,0.0106354903353715,0.301079411682735));
#2598=CARTESIAN_POINT('',(0.116674820125775,0.0189847993284776,0.303245015547181));
#2599=CARTESIAN_POINT('',(0.116471092052208,0.0289677189983428,0.298461605790939));
#2600=CARTESIAN_POINT('',(0.116267363978641,0.038950638668208,0.293678196034696));
#2601=CARTESIAN_POINT('',(0.116662159913438,0.0106817128360849,0.300901204602841));
#2602=CARTESIAN_POINT('',(0.116662159913438,0.0190294401600241,0.303066398221497));
#2603=CARTESIAN_POINT('',(0.116461341947397,0.0290007126209543,0.298331147450031));
#2604=CARTESIAN_POINT('',(0.116260523981356,0.0389719850818845,0.293595896678564));
#2605=CARTESIAN_POINT('',(0.116636609778306,0.0107743922699955,0.300543886607741));
#2606=CARTESIAN_POINT('',(0.116636609778306,0.0191189920968231,0.302708269031142));
#2607=CARTESIAN_POINT('',(0.116441668772341,0.0290668718190896,0.29806964155741));
#2608=CARTESIAN_POINT('',(0.116246727766375,0.0390147515413561,0.293431014083676));
#2609=CARTESIAN_POINT('',(0.116623718109218,0.0108208552828827,0.300364752252786));
#2610=CARTESIAN_POINT('',(0.116623718109218,0.0191639126368305,0.302528734596944));
#2611=CARTESIAN_POINT('',(0.116431744882587,0.0291000419715335,0.297938583262453));
#2612=CARTESIAN_POINT('',(0.116239771655956,0.0390361713062364,0.293348431927963));
#2613=CARTESIAN_POINT('',(0.116597666520191,0.0109141466420919,0.300005075029628));
#2614=CARTESIAN_POINT('',(0.116597666520191,0.0192541639054814,0.302168268849625));
#2615=CARTESIAN_POINT('',(0.11641170488584,0.0291666240127291,0.297675626962879));
#2616=CARTESIAN_POINT('',(0.11622574325149,0.039079084119977,0.293182985076133));
#2617=CARTESIAN_POINT('',(0.116584516289206,0.0109609412093852,0.299824662393714));
#2618=CARTESIAN_POINT('',(0.116584516289206,0.0192994608550961,0.301987467768794));
#2619=CARTESIAN_POINT('',(0.116401593539924,0.0292000192303585,0.297543793232413));
#2620=CARTESIAN_POINT('',(0.116218670790642,0.0391005776056209,0.293100118696032));
#2621=CARTESIAN_POINT('',(0.116558125650866,0.0110542714013176,0.299464835454159));
#2622=CARTESIAN_POINT('',(0.116558125650866,0.0193898429707227,0.301626876171297));
#2623=CARTESIAN_POINT('',(0.116381266652655,0.0292667429489257,0.297280480017124));
#2624=CARTESIAN_POINT('',(0.116204407654444,0.0391436429271288,0.292934083862949));
#2625=CARTESIAN_POINT('',(0.116544893330472,0.0111007778151817,0.299285533770279));
#2626=CARTESIAN_POINT('',(0.116544893330472,0.0194348989259593,0.301447198274391));
#2627=CARTESIAN_POINT('',(0.116371054877224,0.0293000576318719,0.297149053806439));
#2628=CARTESIAN_POINT('',(0.116197216423975,0.0391652163377846,0.292850909338487));
#2629=CARTESIAN_POINT('',(0.116518455703908,0.0111931249052877,0.298929497099599));
#2630=CARTESIAN_POINT('',(0.116518455703908,0.019524394561711,0.301090422007108));
#2631=CARTESIAN_POINT('',(0.116350586766534,0.0293664147731708,0.29688735268959));
#2632=CARTESIAN_POINT('',(0.11618271782916,0.0392084349846306,0.292684283372072));
#2633=CARTESIAN_POINT('',(0.116505236115596,0.0112390171698209,0.298752563218352));
#2634=CARTESIAN_POINT('',(0.116505236115596,0.0195688858305174,0.300913124742283));
#2635=CARTESIAN_POINT('',(0.116340323488068,0.0293994824643605,0.296756980500283));
#2636=CARTESIAN_POINT('',(0.11617541086054,0.0392300790982035,0.292600836258282));
#2637=CARTESIAN_POINT('',(0.116465522341483,0.0113760651820508,0.298224185789873));
#2638=CARTESIAN_POINT('',(0.116465522341483,0.0197018085056921,0.300383677303595));
#2639=CARTESIAN_POINT('',(0.116309424238329,0.0294984486496352,0.296366936992971));
#2640=CARTESIAN_POINT('',(0.116153326135174,0.0392950887935783,0.292350196682346));
#2641=CARTESIAN_POINT('',(0.116438946840447,0.0114666876045965,0.297874798434244));
#2642=CARTESIAN_POINT('',(0.116438946840447,0.0197897842370347,0.300033603461851));
#2643=CARTESIAN_POINT('',(0.116288671131544,0.0295641429355189,0.296108212740143));
#2644=CARTESIAN_POINT('',(0.11613839542264,0.0393385016340032,0.292182822018434));
#2645=CARTESIAN_POINT('',(0.116385701262867,0.0116461939836193,0.297182726237061));
#2646=CARTESIAN_POINT('',(0.116385701262867,0.0199642227314492,0.299340216780978));
#2647=CARTESIAN_POINT('',(0.116246820502143,0.0296950920728501,0.295592922376551));
#2648=CARTESIAN_POINT('',(0.116107939741419,0.039425961414251,0.291845627972124));
#2649=CARTESIAN_POINT('',(0.116359039308249,0.0117350485626765,0.296840154657753));
#2650=CARTESIAN_POINT('',(0.116359039308249,0.0200506561171009,0.298997017204095));
#2651=CARTESIAN_POINT('',(0.116225720044783,0.0297603516908098,0.295336337888887));
#2652=CARTESIAN_POINT('',(0.116092400781317,0.0394700472645187,0.291675658573679));
#2653=CARTESIAN_POINT('',(0.116305666901409,0.0119109750470033,0.296161884452461));
#2654=CARTESIAN_POINT('',(0.116305666901409,0.0202219841432117,0.298317554272688));
#2655=CARTESIAN_POINT('',(0.116183521251595,0.0298895106085898,0.294828915367062));
#2656=CARTESIAN_POINT('',(0.116061375601781,0.0395570370739679,0.291340276461435));
#2657=CARTESIAN_POINT('',(0.116278958072522,0.011998041003894,0.295826208759969));
#2658=CARTESIAN_POINT('',(0.116278958072522,0.0203068580985397,0.297981310029307));
#2659=CARTESIAN_POINT('',(0.116162414236265,0.0299534270276375,0.294577981011769));
#2660=CARTESIAN_POINT('',(0.116045870400008,0.0395999959567352,0.291174651994231));
#2661=CARTESIAN_POINT('',(0.116225555124548,0.0121702827231725,0.295162144865658));
#2662=CARTESIAN_POINT('',(0.116225555124548,0.0204749483896323,0.297316169357393));
#2663=CARTESIAN_POINT('',(0.116120145418233,0.0300801243336817,0.29408096875129));
#2664=CARTESIAN_POINT('',(0.116014735711918,0.0396853002777312,0.290845768145187));
#2665=CARTESIAN_POINT('',(0.116198860200776,0.0122554612971256,0.294833745824077));
#2666=CARTESIAN_POINT('',(0.116198860200776,0.0205581675369623,0.296987262089099));
#2667=CARTESIAN_POINT('',(0.116098989823453,0.030142887459671,0.293834959322218));
#2668=CARTESIAN_POINT('',(0.115999119446129,0.0397276073823798,0.290682656555337));
#2669=CARTESIAN_POINT('',(0.116118880590974,0.0125080448395215,0.293859930586369));
#2670=CARTESIAN_POINT('',(0.116118880590974,0.0208052488416717,0.296012019707276));
#2671=CARTESIAN_POINT('',(0.116035553188714,0.0303292642297791,0.293105078606532));
#2672=CARTESIAN_POINT('',(0.115952225786455,0.0398532796178865,0.290198137505789));
#2673=CARTESIAN_POINT('',(0.116065698991034,0.0126725012676014,0.293225882247019));
#2674=CARTESIAN_POINT('',(0.116065698991034,0.0209665385008713,0.295377149986548));
#2675=CARTESIAN_POINT('',(0.115993287568983,0.0304510066621011,0.292629195292304));
#2676=CARTESIAN_POINT('',(0.115920876146932,0.0399354748233309,0.28988124059806));
#2677=CARTESIAN_POINT('',(0.115907342587302,0.0131528336106516,0.291374000091953));
#2678=CARTESIAN_POINT('',(0.115907342587302,0.0214390921442008,0.293523250229523));
#2679=CARTESIAN_POINT('',(0.115867123125855,0.030808022041322,0.29123674775701));
#2680=CARTESIAN_POINT('',(0.115826903664409,0.0401769519384432,0.288950245284496));
#2681=CARTESIAN_POINT('',(0.115803290076821,0.0134557818123875,0.290206008019753));
#2682=CARTESIAN_POINT('',(0.115803290076821,0.0217391500220169,0.292354508478918));
#2683=CARTESIAN_POINT('',(0.115783818807121,0.0310351401703116,0.290355165799576));
#2684=CARTESIAN_POINT('',(0.11576434753742,0.0403311303186062,0.288355823120234));
#2685=CARTESIAN_POINT('',(0.115703557975959,0.0137366357702363,0.289123198502041));
#2686=CARTESIAN_POINT('',(0.115703557975959,0.0220199889670092,0.291271695067242));
#2687=CARTESIAN_POINT('',(0.115703271152274,0.0312485533247968,0.289532337908877));
#2688=CARTESIAN_POINT('',(0.115702984328589,0.0404771176825844,0.287792980750512));
#2689=CARTESIAN_POINT('',(0.116453405306183,0.00562840892670725,0.330341293586613));
#2690=CARTESIAN_POINT('',(0.116743312836027,0.00554166557915543,0.330675725485123));
#2691=CARTESIAN_POINT('',(0.116743312836027,0.00554166557915543,0.330675725485123));
#2692=CARTESIAN_POINT('',(0.116453405306183,0.00562840892670725,0.330341293586613));
#2693=CARTESIAN_POINT('',(0.116163497776345,0.00571515227425954,0.330006861688102));
#2694=CARTESIAN_POINT('',(0.116163497776345,0.00571515227425954,0.330006861688102));
#2695=CARTESIAN_POINT('',(0.116453405306187,0.00545492223160356,0.331010157383633));
#2696=CARTESIAN_POINT('',(0.116163497776345,0.0053681788840521,0.331344589282141));
#2697=CARTESIAN_POINT('',(0.116163497776345,0.0053681788840521,0.331344589282141));
#2698=CARTESIAN_POINT('',(0.116453405306187,0.00545492223160356,0.331010157383633));
#2699=CARTESIAN_POINT('',(0.115339999999992,0.00554166557915581,0.330675725485121));
#2700=CARTESIAN_POINT('',(0.115339999999992,0.00554166557915581,0.330675725485121));
#2701=CARTESIAN_POINT('',(-0.000489969456400055,0.00921216972849201,0.31652439623861));
#2702=CARTESIAN_POINT('',(0.11534,0.00978992552947699,0.314296905890914));
#2703=CARTESIAN_POINT('',(0.116163497776353,0.00996341222458069,0.313628042093894));
#2704=CARTESIAN_POINT('',(0.116163497776353,0.00996341222458069,0.313628042093894));
#2705=CARTESIAN_POINT('',(0.11534,0.00978992552947699,0.314296905890914));
#2706=CARTESIAN_POINT('',(0.116163497776353,0.00961643883437326,0.314965769687934));
#2707=CARTESIAN_POINT('',(0.116163497776353,0.00961643883437326,0.314965769687934));
#2708=CARTESIAN_POINT('',(0.116453405306192,0.00987666887702883,0.313962473992404));
#2709=CARTESIAN_POINT('',(0.116743312836032,0.00978992552947697,0.314296905890914));
#2710=CARTESIAN_POINT('',(0.116743312836032,0.00978992552947697,0.314296905890914));
#2711=CARTESIAN_POINT('',(0.116453405306192,0.00987666887702883,0.313962473992404));
#2712=CARTESIAN_POINT('',(0.116453405306192,0.00970318218192513,0.314631337789424));
#2713=CARTESIAN_POINT('',(0.116453405306192,0.00970318218192513,0.314631337789424));
#2714=CARTESIAN_POINT('',(-0.000489969456400055,0.00921216972849201,0.31652439623861));
#2715=MECHANICAL_DESIGN_GEOMETRIC_PRESENTATION_REPRESENTATION('',(#221),
#2716);
#2716=(
GEOMETRIC_REPRESENTATION_CONTEXT(3)
GLOBAL_UNCERTAINTY_ASSIGNED_CONTEXT((#2717))
GLOBAL_UNIT_ASSIGNED_CONTEXT((#2720,#2719,#2718))
REPRESENTATION_CONTEXT('Part 1','TOP_LEVEL_ASSEMBLY_PART')
);
#2717=UNCERTAINTY_MEASURE_WITH_UNIT(LENGTH_MEASURE(1.47111175972885E-5),
#2720,'DISTANCE_ACCURACY_VALUE','Maximum Tolerance applied to model');
#2718=(
NAMED_UNIT(*)
SI_UNIT($,.STERADIAN.)
SOLID_ANGLE_UNIT()
);
#2719=(
NAMED_UNIT(*)
PLANE_ANGLE_UNIT()
SI_UNIT($,.RADIAN.)
);
#2720=(
LENGTH_UNIT()
NAMED_UNIT(*)
SI_UNIT($,.METRE.)
);
#2721=PRODUCT_DEFINITION_SHAPE('','',#2722);
#2722=PRODUCT_DEFINITION('','',#2724,#2723);
#2723=PRODUCT_DEFINITION_CONTEXT('',#2730,'design');
#2724=PRODUCT_DEFINITION_FORMATION_WITH_SPECIFIED_SOURCE('','',#2726,
 .NOT_KNOWN.);
#2725=PRODUCT_RELATED_PRODUCT_CATEGORY('','',(#2726));
#2726=PRODUCT('Part 1','Part 1','Part 1',(#2728));
#2727=PRODUCT_CATEGORY('','');
#2728=PRODUCT_CONTEXT('',#2730,'mechanical');
#2729=APPLICATION_PROTOCOL_DEFINITION('international standard',
'ap242_managed_model_based_3d_engineering',2020,#2730);
#2730=APPLICATION_CONTEXT('managed model based 3d engineering');
ENDSEC;
END-ISO-10303-21;
