ISO-10303-21;
HEADER;
/* Generated by software containing ST-Developer
 * from STEP Tools, Inc. (www.steptools.com) 
 */
/* OPTION: using custom renumber hook */

FILE_DESCRIPTION(
/* description */ ('STEP AP242 Edition 2',
'CAx-IF Rec.Pracs.---Representation and Presentation of Product Manufa
cturing Information (PMI)---4.0---2014-10-13',
'CAx-IF Rec.Pracs.---3D Tessellated Geometry---0.4---2014-09-14','2;1',
'CAx-IF Rec.Pracs.---User Defined Attributes---1.5---2016-08-15'),
/* implementation_level */ '2;1');

FILE_NAME(
/* name */ 'Main chassis - Part 1 (3)',
/* time_stamp */ '2026-06-20T13:42:32Z',
/* author */ (''),
/* organization */ (''),
/* preprocessor_version */ 'ST-DEVELOPER v20',
/* originating_system */ 'ONSHAPE BY PTC INC, 1.216',
/* authorisation */ '  ');

FILE_SCHEMA (('AP242_MANAGED_MODEL_BASED_3D_ENGINEERING_MIM_LF { 1 0 10303 442 3 1 4 }'));
ENDSEC;

DATA;
#10=SHAPE_REPRESENTATION_RELATIONSHIP('','',#509,#11);
#11=ADVANCED_BREP_SHAPE_REPRESENTATION('',(#507),#2297);
#12=CYLINDRICAL_SURFACE('',#516,0.00175);
#13=CYLINDRICAL_SURFACE('',#517,0.330657603370363);
#14=CYLINDRICAL_SURFACE('',#524,0.330657603370375);
#15=CIRCLE('',#514,0.00175);
#16=CIRCLE('',#523,0.000365);
#17=B_SPLINE_SURFACE_WITH_KNOTS('',3,1,((#665,#666),(#667,#668),(#669,#670),
(#671,#672)),.SURF_OF_LINEAR_EXTRUSION.,.F.,.F.,.F.,(4,4),(2,2),(0.929063284629032,
0.967711851777065),(0.,1.),.PIECEWISE_BEZIER_KNOTS.);
#18=B_SPLINE_SURFACE_WITH_KNOTS('',3,1,((#813,#814),(#815,#816),(#817,#818),
(#819,#820)),.SURF_OF_LINEAR_EXTRUSION.,.F.,.F.,.F.,(4,4),(2,2),(0.51920430697181,
1.),(0.,1.),.PIECEWISE_BEZIER_KNOTS.);
#19=B_SPLINE_SURFACE_WITH_KNOTS('',3,3,((#920,#921,#922,#923),(#924,#925,
#926,#927),(#928,#929,#930,#931),(#932,#933,#934,#935),(#936,#937,#938,
#939),(#940,#941,#942,#943),(#944,#945,#946,#947),(#948,#949,#950,#951),
(#952,#953,#954,#955),(#956,#957,#958,#959),(#960,#961,#962,#963),(#964,
#965,#966,#967),(#968,#969,#970,#971),(#972,#973,#974,#975),(#976,#977,
#978,#979),(#980,#981,#982,#983),(#984,#985,#986,#987),(#988,#989,#990,
#991),(#992,#993,#994,#995),(#996,#997,#998,#999),(#1000,#1001,#1002,#1003),
(#1004,#1005,#1006,#1007),(#1008,#1009,#1010,#1011),(#1012,#1013,#1014,
#1015),(#1016,#1017,#1018,#1019),(#1020,#1021,#1022,#1023),(#1024,#1025,
#1026,#1027),(#1028,#1029,#1030,#1031),(#1032,#1033,#1034,#1035),(#1036,
#1037,#1038,#1039),(#1040,#1041,#1042,#1043),(#1044,#1045,#1046,#1047),
(#1048,#1049,#1050,#1051),(#1052,#1053,#1054,#1055),(#1056,#1057,#1058,
#1059),(#1060,#1061,#1062,#1063),(#1064,#1065,#1066,#1067),(#1068,#1069,
#1070,#1071),(#1072,#1073,#1074,#1075),(#1076,#1077,#1078,#1079),(#1080,
#1081,#1082,#1083),(#1084,#1085,#1086,#1087),(#1088,#1089,#1090,#1091),
(#1092,#1093,#1094,#1095),(#1096,#1097,#1098,#1099),(#1100,#1101,#1102,
#1103),(#1104,#1105,#1106,#1107),(#1108,#1109,#1110,#1111),(#1112,#1113,
#1114,#1115),(#1116,#1117,#1118,#1119),(#1120,#1121,#1122,#1123),(#1124,
#1125,#1126,#1127),(#1128,#1129,#1130,#1131),(#1132,#1133,#1134,#1135),
(#1136,#1137,#1138,#1139),(#1140,#1141,#1142,#1143),(#1144,#1145,#1146,
#1147),(#1148,#1149,#1150,#1151),(#1152,#1153,#1154,#1155),(#1156,#1157,
#1158,#1159)),.UNSPECIFIED.,.F.,.F.,.F.,(4,2,2,2,2,2,2,2,2,2,2,2,2,2,2,
2,2,2,2,2,2,2,2,2,2,2,2,2,2,4),(4,4),(0.,0.015625,0.03125,0.0390625,0.046875,
0.0625,0.078125,0.09375,0.125,0.15625,0.1875,0.21875,0.25,0.28125,0.3125,
0.34375,0.375,0.40625,0.4375,0.46875,0.5,0.53125,0.5625,0.625,0.6875,0.75,
0.8125,0.875,0.9375,1.),(0.,0.1735809651444),.UNSPECIFIED.);
#20=B_SPLINE_SURFACE_WITH_KNOTS('',3,3,((#1272,#1273,#1274,#1275),(#1276,
#1277,#1278,#1279),(#1280,#1281,#1282,#1283),(#1284,#1285,#1286,#1287),
(#1288,#1289,#1290,#1291),(#1292,#1293,#1294,#1295),(#1296,#1297,#1298,
#1299),(#1300,#1301,#1302,#1303),(#1304,#1305,#1306,#1307),(#1308,#1309,
#1310,#1311),(#1312,#1313,#1314,#1315),(#1316,#1317,#1318,#1319),(#1320,
#1321,#1322,#1323),(#1324,#1325,#1326,#1327),(#1328,#1329,#1330,#1331),
(#1332,#1333,#1334,#1335),(#1336,#1337,#1338,#1339),(#1340,#1341,#1342,
#1343),(#1344,#1345,#1346,#1347),(#1348,#1349,#1350,#1351),(#1352,#1353,
#1354,#1355),(#1356,#1357,#1358,#1359),(#1360,#1361,#1362,#1363),(#1364,
#1365,#1366,#1367),(#1368,#1369,#1370,#1371),(#1372,#1373,#1374,#1375),
(#1376,#1377,#1378,#1379),(#1380,#1381,#1382,#1383),(#1384,#1385,#1386,
#1387),(#1388,#1389,#1390,#1391),(#1392,#1393,#1394,#1395),(#1396,#1397,
#1398,#1399),(#1400,#1401,#1402,#1403),(#1404,#1405,#1406,#1407),(#1408,
#1409,#1410,#1411),(#1412,#1413,#1414,#1415),(#1416,#1417,#1418,#1419),
(#1420,#1421,#1422,#1423),(#1424,#1425,#1426,#1427),(#1428,#1429,#1430,
#1431),(#1432,#1433,#1434,#1435),(#1436,#1437,#1438,#1439),(#1440,#1441,
#1442,#1443),(#1444,#1445,#1446,#1447),(#1448,#1449,#1450,#1451),(#1452,
#1453,#1454,#1455),(#1456,#1457,#1458,#1459),(#1460,#1461,#1462,#1463),
(#1464,#1465,#1466,#1467),(#1468,#1469,#1470,#1471),(#1472,#1473,#1474,
#1475),(#1476,#1477,#1478,#1479),(#1480,#1481,#1482,#1483),(#1484,#1485,
#1486,#1487),(#1488,#1489,#1490,#1491),(#1492,#1493,#1494,#1495),(#1496,
#1497,#1498,#1499),(#1500,#1501,#1502,#1503),(#1504,#1505,#1506,#1507),
(#1508,#1509,#1510,#1511),(#1512,#1513,#1514,#1515),(#1516,#1517,#1518,
#1519),(#1520,#1521,#1522,#1523),(#1524,#1525,#1526,#1527),(#1528,#1529,
#1530,#1531),(#1532,#1533,#1534,#1535),(#1536,#1537,#1538,#1539),(#1540,
#1541,#1542,#1543),(#1544,#1545,#1546,#1547),(#1548,#1549,#1550,#1551),
(#1552,#1553,#1554,#1555),(#1556,#1557,#1558,#1559),(#1560,#1561,#1562,
#1563),(#1564,#1565,#1566,#1567),(#1568,#1569,#1570,#1571),(#1572,#1573,
#1574,#1575),(#1576,#1577,#1578,#1579),(#1580,#1581,#1582,#1583),(#1584,
#1585,#1586,#1587),(#1588,#1589,#1590,#1591)),.UNSPECIFIED.,.F.,.F.,.F.,
(4,2,2,2,2,2,2,2,2,2,2,2,2,2,2,2,2,2,2,2,2,2,2,2,2,2,2,2,2,2,2,2,2,2,2,
2,2,2,2,4),(4,4),(0.,0.00360864165983795,0.00721728331967589,0.0108259249795138,
0.0144345666393518,0.0180432082991897,0.0216518499590276,0.0252604916188656,
0.0288691332787036,0.0895648124487846,0.150260491618865,0.210956170788946,
0.271651849959028,0.332347529129108,0.393043208299189,0.453738887469271,
0.514434566639352,0.575130245809433,0.635825924979514,0.666173764564554,
0.696521604149595,0.726869443734635,0.757217283319676,0.787565122904717,
0.817912962489757,0.848260802074798,0.878608641659838,0.893782561452358,
0.908956481244878,0.924130401037399,0.931717360933659,0.939304320829919,
0.946891280726179,0.954478240622439,0.962065200518699,0.965858680466829,
0.969652160414959,0.97723912031122,0.98482608020748,1.),(0.,0.173580965144399),
 .UNSPECIFIED.);
#21=B_SPLINE_SURFACE_WITH_KNOTS('',3,1,((#1632,#1633),(#1634,#1635),(#1636,
#1637),(#1638,#1639)),.SURF_OF_LINEAR_EXTRUSION.,.F.,.F.,.F.,(4,4),(2,2),
(0.84642199567956,0.92136125926261),(0.,1.),.PIECEWISE_BEZIER_KNOTS.);
#22=B_SPLINE_SURFACE_WITH_KNOTS('',3,1,((#1661,#1662),(#1663,#1664),(#1665,
#1666),(#1667,#1668)),.SURF_OF_LINEAR_EXTRUSION.,.F.,.F.,.F.,(4,4),(2,2),
(0.,0.480685785622327),(0.,1.),.PIECEWISE_BEZIER_KNOTS.);
#23=B_SPLINE_SURFACE_WITH_KNOTS('',3,3,((#1715,#1716,#1717,#1718),(#1719,
#1720,#1721,#1722),(#1723,#1724,#1725,#1726),(#1727,#1728,#1729,#1730),
(#1731,#1732,#1733,#1734),(#1735,#1736,#1737,#1738),(#1739,#1740,#1741,
#1742),(#1743,#1744,#1745,#1746),(#1747,#1748,#1749,#1750),(#1751,#1752,
#1753,#1754),(#1755,#1756,#1757,#1758),(#1759,#1760,#1761,#1762),(#1763,
#1764,#1765,#1766),(#1767,#1768,#1769,#1770),(#1771,#1772,#1773,#1774),
(#1775,#1776,#1777,#1778),(#1779,#1780,#1781,#1782),(#1783,#1784,#1785,
#1786),(#1787,#1788,#1789,#1790),(#1791,#1792,#1793,#1794),(#1795,#1796,
#1797,#1798),(#1799,#1800,#1801,#1802),(#1803,#1804,#1805,#1806),(#1807,
#1808,#1809,#1810),(#1811,#1812,#1813,#1814),(#1815,#1816,#1817,#1818),
(#1819,#1820,#1821,#1822),(#1823,#1824,#1825,#1826),(#1827,#1828,#1829,
#1830),(#1831,#1832,#1833,#1834),(#1835,#1836,#1837,#1838),(#1839,#1840,
#1841,#1842),(#1843,#1844,#1845,#1846),(#1847,#1848,#1849,#1850),(#1851,
#1852,#1853,#1854),(#1855,#1856,#1857,#1858),(#1859,#1860,#1861,#1862),
(#1863,#1864,#1865,#1866),(#1867,#1868,#1869,#1870),(#1871,#1872,#1873,
#1874),(#1875,#1876,#1877,#1878),(#1879,#1880,#1881,#1882),(#1883,#1884,
#1885,#1886),(#1887,#1888,#1889,#1890),(#1891,#1892,#1893,#1894),(#1895,
#1896,#1897,#1898),(#1899,#1900,#1901,#1902),(#1903,#1904,#1905,#1906),
(#1907,#1908,#1909,#1910),(#1911,#1912,#1913,#1914),(#1915,#1916,#1917,
#1918),(#1919,#1920,#1921,#1922),(#1923,#1924,#1925,#1926),(#1927,#1928,
#1929,#1930),(#1931,#1932,#1933,#1934),(#1935,#1936,#1937,#1938),(#1939,
#1940,#1941,#1942),(#1943,#1944,#1945,#1946),(#1947,#1948,#1949,#1950),
(#1951,#1952,#1953,#1954),(#1955,#1956,#1957,#1958),(#1959,#1960,#1961,
#1962),(#1963,#1964,#1965,#1966),(#1967,#1968,#1969,#1970),(#1971,#1972,
#1973,#1974),(#1975,#1976,#1977,#1978),(#1979,#1980,#1981,#1982),(#1983,
#1984,#1985,#1986),(#1987,#1988,#1989,#1990),(#1991,#1992,#1993,#1994),
(#1995,#1996,#1997,#1998),(#1999,#2000,#2001,#2002),(#2003,#2004,#2005,
#2006),(#2007,#2008,#2009,#2010),(#2011,#2012,#2013,#2014),(#2015,#2016,
#2017,#2018),(#2019,#2020,#2021,#2022),(#2023,#2024,#2025,#2026),(#2027,
#2028,#2029,#2030),(#2031,#2032,#2033,#2034)),.UNSPECIFIED.,.F.,.F.,.F.,
(4,2,2,2,2,2,2,2,2,2,2,2,2,2,2,2,2,2,2,2,2,2,2,2,2,2,2,2,2,2,2,2,2,2,2,
2,2,2,2,4),(4,4),(0.,0.00360864165983795,0.00721728331967589,0.0108259249795138,
0.0144345666393518,0.0180432082991897,0.0216518499590276,0.0252604916188656,
0.0288691332787036,0.0895648124487846,0.150260491618865,0.210956170788946,
0.271651849959028,0.332347529129108,0.393043208299189,0.453738887469271,
0.514434566639352,0.575130245809433,0.635825924979514,0.666173764564554,
0.696521604149595,0.726869443734635,0.757217283319676,0.787565122904717,
0.817912962489757,0.848260802074798,0.878608641659838,0.893782561452358,
0.908956481244878,0.924130401037399,0.931717360933659,0.939304320829919,
0.946891280726179,0.954478240622439,0.962065200518699,0.965858680466829,
0.969652160414959,0.97723912031122,0.98482608020748,1.),(0.,0.173580965144399),
 .UNSPECIFIED.);
#24=B_SPLINE_SURFACE_WITH_KNOTS('',3,3,((#2045,#2046,#2047,#2048),(#2049,
#2050,#2051,#2052),(#2053,#2054,#2055,#2056),(#2057,#2058,#2059,#2060),
(#2061,#2062,#2063,#2064),(#2065,#2066,#2067,#2068),(#2069,#2070,#2071,
#2072),(#2073,#2074,#2075,#2076),(#2077,#2078,#2079,#2080),(#2081,#2082,
#2083,#2084),(#2085,#2086,#2087,#2088),(#2089,#2090,#2091,#2092),(#2093,
#2094,#2095,#2096),(#2097,#2098,#2099,#2100),(#2101,#2102,#2103,#2104),
(#2105,#2106,#2107,#2108),(#2109,#2110,#2111,#2112),(#2113,#2114,#2115,
#2116),(#2117,#2118,#2119,#2120),(#2121,#2122,#2123,#2124),(#2125,#2126,
#2127,#2128),(#2129,#2130,#2131,#2132),(#2133,#2134,#2135,#2136),(#2137,
#2138,#2139,#2140),(#2141,#2142,#2143,#2144),(#2145,#2146,#2147,#2148),
(#2149,#2150,#2151,#2152),(#2153,#2154,#2155,#2156),(#2157,#2158,#2159,
#2160),(#2161,#2162,#2163,#2164),(#2165,#2166,#2167,#2168),(#2169,#2170,
#2171,#2172),(#2173,#2174,#2175,#2176),(#2177,#2178,#2179,#2180),(#2181,
#2182,#2183,#2184),(#2185,#2186,#2187,#2188),(#2189,#2190,#2191,#2192),
(#2193,#2194,#2195,#2196),(#2197,#2198,#2199,#2200),(#2201,#2202,#2203,
#2204),(#2205,#2206,#2207,#2208),(#2209,#2210,#2211,#2212),(#2213,#2214,
#2215,#2216),(#2217,#2218,#2219,#2220),(#2221,#2222,#2223,#2224),(#2225,
#2226,#2227,#2228),(#2229,#2230,#2231,#2232),(#2233,#2234,#2235,#2236),
(#2237,#2238,#2239,#2240),(#2241,#2242,#2243,#2244),(#2245,#2246,#2247,
#2248),(#2249,#2250,#2251,#2252),(#2253,#2254,#2255,#2256),(#2257,#2258,
#2259,#2260),(#2261,#2262,#2263,#2264),(#2265,#2266,#2267,#2268),(#2269,
#2270,#2271,#2272),(#2273,#2274,#2275,#2276),(#2277,#2278,#2279,#2280),
(#2281,#2282,#2283,#2284)),.UNSPECIFIED.,.F.,.F.,.F.,(4,2,2,2,2,2,2,2,2,
2,2,2,2,2,2,2,2,2,2,2,2,2,2,2,2,2,2,2,2,4),(4,4),(0.,0.015625,0.03125,0.0390625,
0.046875,0.0625,0.078125,0.09375,0.125,0.15625,0.1875,0.21875,0.25,0.28125,
0.3125,0.34375,0.375,0.40625,0.4375,0.46875,0.5,0.53125,0.5625,0.625,0.6875,
0.75,0.8125,0.875,0.9375,1.),(0.,0.1735809651444),.UNSPECIFIED.);
#25=LINE('',#657,#55);
#26=LINE('',#660,#56);
#27=LINE('',#662,#57);
#28=LINE('',#664,#58);
#29=LINE('',#673,#59);
#30=LINE('',#761,#60);
#31=LINE('',#764,#61);
#32=LINE('',#766,#62);
#33=LINE('',#768,#63);
#34=LINE('',#770,#64);
#35=LINE('',#773,#65);
#36=LINE('',#775,#66);
#37=LINE('',#777,#67);
#38=LINE('',#779,#68);
#39=LINE('',#781,#69);
#40=LINE('',#785,#70);
#41=LINE('',#787,#71);
#42=LINE('',#812,#72);
#43=LINE('',#878,#73);
#44=LINE('',#890,#74);
#45=LINE('',#897,#75);
#46=LINE('',#904,#76);
#47=LINE('',#1640,#77);
#48=LINE('',#1655,#78);
#49=LINE('',#2286,#79);
#50=LINE('',#2287,#80);
#51=LINE('',#2289,#81);
#52=LINE('',#2290,#82);
#53=LINE('',#2292,#83);
#54=LINE('',#2294,#84);
#55=VECTOR('',#534,1.);
#56=VECTOR('',#535,1.);
#57=VECTOR('',#536,1.);
#58=VECTOR('',#537,1.);
#59=VECTOR('',#538,1.);
#60=VECTOR('',#541,1.);
#61=VECTOR('',#542,1.);
#62=VECTOR('',#543,1.);
#63=VECTOR('',#544,1.);
#64=VECTOR('',#547,1.);
#65=VECTOR('',#548,1.);
#66=VECTOR('',#549,1.);
#67=VECTOR('',#550,1.);
#68=VECTOR('',#551,1.);
#69=VECTOR('',#552,1.);
#70=VECTOR('',#557,1.);
#71=VECTOR('',#558,1.);
#72=VECTOR('',#563,1.);
#73=VECTOR('',#566,1.);
#74=VECTOR('',#569,1.);
#75=VECTOR('',#572,1.);
#76=VECTOR('',#575,1.);
#77=VECTOR('',#580,1.);
#78=VECTOR('',#583,1.);
#79=VECTOR('',#586,1.);
#80=VECTOR('',#587,1.);
#81=VECTOR('',#590,1.);
#82=VECTOR('',#591,1.);
#83=VECTOR('',#594,1.);
#84=VECTOR('',#597,1.);
#85=ORIENTED_EDGE('',*,*,#233,.F.);
#86=ORIENTED_EDGE('',*,*,#234,.F.);
#87=ORIENTED_EDGE('',*,*,#235,.F.);
#88=ORIENTED_EDGE('',*,*,#236,.T.);
#89=ORIENTED_EDGE('',*,*,#237,.T.);
#90=ORIENTED_EDGE('',*,*,#238,.F.);
#91=ORIENTED_EDGE('',*,*,#239,.F.);
#92=ORIENTED_EDGE('',*,*,#240,.T.);
#93=ORIENTED_EDGE('',*,*,#241,.T.);
#94=ORIENTED_EDGE('',*,*,#242,.T.);
#95=ORIENTED_EDGE('',*,*,#243,.T.);
#96=ORIENTED_EDGE('',*,*,#244,.F.);
#97=ORIENTED_EDGE('',*,*,#245,.T.);
#98=ORIENTED_EDGE('',*,*,#246,.T.);
#99=ORIENTED_EDGE('',*,*,#247,.T.);
#100=ORIENTED_EDGE('',*,*,#248,.F.);
#101=ORIENTED_EDGE('',*,*,#249,.T.);
#102=ORIENTED_EDGE('',*,*,#250,.T.);
#103=ORIENTED_EDGE('',*,*,#251,.F.);
#104=ORIENTED_EDGE('',*,*,#252,.T.);
#105=ORIENTED_EDGE('',*,*,#253,.T.);
#106=ORIENTED_EDGE('',*,*,#254,.T.);
#107=ORIENTED_EDGE('',*,*,#255,.T.);
#108=ORIENTED_EDGE('',*,*,#256,.T.);
#109=ORIENTED_EDGE('',*,*,#257,.T.);
#110=ORIENTED_EDGE('',*,*,#258,.F.);
#111=ORIENTED_EDGE('',*,*,#259,.T.);
#112=ORIENTED_EDGE('',*,*,#254,.F.);
#113=ORIENTED_EDGE('',*,*,#260,.F.);
#114=ORIENTED_EDGE('',*,*,#261,.F.);
#115=ORIENTED_EDGE('',*,*,#262,.T.);
#116=ORIENTED_EDGE('',*,*,#258,.T.);
#117=ORIENTED_EDGE('',*,*,#263,.T.);
#118=ORIENTED_EDGE('',*,*,#241,.F.);
#119=ORIENTED_EDGE('',*,*,#264,.T.);
#120=ORIENTED_EDGE('',*,*,#265,.F.);
#121=ORIENTED_EDGE('',*,*,#266,.T.);
#122=ORIENTED_EDGE('',*,*,#267,.F.);
#123=ORIENTED_EDGE('',*,*,#268,.T.);
#124=ORIENTED_EDGE('',*,*,#269,.T.);
#125=ORIENTED_EDGE('',*,*,#264,.F.);
#126=ORIENTED_EDGE('',*,*,#240,.F.);
#127=ORIENTED_EDGE('',*,*,#270,.F.);
#128=ORIENTED_EDGE('',*,*,#271,.T.);
#129=ORIENTED_EDGE('',*,*,#255,.F.);
#130=ORIENTED_EDGE('',*,*,#259,.F.);
#131=ORIENTED_EDGE('',*,*,#272,.F.);
#132=ORIENTED_EDGE('',*,*,#273,.F.);
#133=ORIENTED_EDGE('',*,*,#274,.T.);
#134=ORIENTED_EDGE('',*,*,#256,.F.);
#135=ORIENTED_EDGE('',*,*,#271,.F.);
#136=ORIENTED_EDGE('',*,*,#275,.F.);
#137=ORIENTED_EDGE('',*,*,#276,.T.);
#138=ORIENTED_EDGE('',*,*,#257,.F.);
#139=ORIENTED_EDGE('',*,*,#274,.F.);
#140=ORIENTED_EDGE('',*,*,#277,.F.);
#141=ORIENTED_EDGE('',*,*,#278,.T.);
#142=ORIENTED_EDGE('',*,*,#252,.F.);
#143=ORIENTED_EDGE('',*,*,#276,.F.);
#144=ORIENTED_EDGE('',*,*,#279,.F.);
#145=ORIENTED_EDGE('',*,*,#280,.F.);
#146=ORIENTED_EDGE('',*,*,#260,.T.);
#147=ORIENTED_EDGE('',*,*,#253,.F.);
#148=ORIENTED_EDGE('',*,*,#278,.F.);
#149=ORIENTED_EDGE('',*,*,#281,.F.);
#150=ORIENTED_EDGE('',*,*,#282,.T.);
#151=ORIENTED_EDGE('',*,*,#233,.T.);
#152=ORIENTED_EDGE('',*,*,#283,.F.);
#153=ORIENTED_EDGE('',*,*,#268,.F.);
#154=ORIENTED_EDGE('',*,*,#284,.F.);
#155=ORIENTED_EDGE('',*,*,#285,.T.);
#156=ORIENTED_EDGE('',*,*,#272,.T.);
#157=ORIENTED_EDGE('',*,*,#261,.T.);
#158=ORIENTED_EDGE('',*,*,#280,.T.);
#159=ORIENTED_EDGE('',*,*,#286,.T.);
#160=ORIENTED_EDGE('',*,*,#283,.T.);
#161=ORIENTED_EDGE('',*,*,#234,.T.);
#162=ORIENTED_EDGE('',*,*,#282,.F.);
#163=ORIENTED_EDGE('',*,*,#287,.T.);
#164=ORIENTED_EDGE('',*,*,#288,.T.);
#165=ORIENTED_EDGE('',*,*,#242,.F.);
#166=ORIENTED_EDGE('',*,*,#263,.F.);
#167=ORIENTED_EDGE('',*,*,#269,.F.);
#168=ORIENTED_EDGE('',*,*,#267,.T.);
#169=ORIENTED_EDGE('',*,*,#289,.T.);
#170=ORIENTED_EDGE('',*,*,#290,.T.);
#171=ORIENTED_EDGE('',*,*,#291,.T.);
#172=ORIENTED_EDGE('',*,*,#284,.T.);
#173=ORIENTED_EDGE('',*,*,#262,.F.);
#174=ORIENTED_EDGE('',*,*,#292,.F.);
#175=ORIENTED_EDGE('',*,*,#244,.T.);
#176=ORIENTED_EDGE('',*,*,#293,.F.);
#177=ORIENTED_EDGE('',*,*,#290,.F.);
#178=ORIENTED_EDGE('',*,*,#294,.T.);
#179=ORIENTED_EDGE('',*,*,#295,.F.);
#180=ORIENTED_EDGE('',*,*,#296,.F.);
#181=ORIENTED_EDGE('',*,*,#245,.F.);
#182=ORIENTED_EDGE('',*,*,#292,.T.);
#183=ORIENTED_EDGE('',*,*,#297,.T.);
#184=ORIENTED_EDGE('',*,*,#298,.T.);
#185=ORIENTED_EDGE('',*,*,#247,.F.);
#186=ORIENTED_EDGE('',*,*,#299,.F.);
#187=ORIENTED_EDGE('',*,*,#297,.F.);
#188=ORIENTED_EDGE('',*,*,#293,.T.);
#189=ORIENTED_EDGE('',*,*,#243,.F.);
#190=ORIENTED_EDGE('',*,*,#288,.F.);
#191=ORIENTED_EDGE('',*,*,#287,.F.);
#192=ORIENTED_EDGE('',*,*,#300,.T.);
#193=ORIENTED_EDGE('',*,*,#246,.F.);
#194=ORIENTED_EDGE('',*,*,#300,.F.);
#195=ORIENTED_EDGE('',*,*,#286,.F.);
#196=ORIENTED_EDGE('',*,*,#281,.T.);
#197=ORIENTED_EDGE('',*,*,#279,.T.);
#198=ORIENTED_EDGE('',*,*,#277,.T.);
#199=ORIENTED_EDGE('',*,*,#275,.T.);
#200=ORIENTED_EDGE('',*,*,#273,.T.);
#201=ORIENTED_EDGE('',*,*,#285,.F.);
#202=ORIENTED_EDGE('',*,*,#291,.F.);
#203=ORIENTED_EDGE('',*,*,#298,.F.);
#204=ORIENTED_EDGE('',*,*,#299,.T.);
#205=ORIENTED_EDGE('',*,*,#301,.F.);
#206=ORIENTED_EDGE('',*,*,#265,.T.);
#207=ORIENTED_EDGE('',*,*,#302,.T.);
#208=ORIENTED_EDGE('',*,*,#236,.F.);
#209=ORIENTED_EDGE('',*,*,#295,.T.);
#210=ORIENTED_EDGE('',*,*,#303,.F.);
#211=ORIENTED_EDGE('',*,*,#248,.T.);
#212=ORIENTED_EDGE('',*,*,#304,.T.);
#213=ORIENTED_EDGE('',*,*,#235,.T.);
#214=ORIENTED_EDGE('',*,*,#305,.F.);
#215=ORIENTED_EDGE('',*,*,#249,.F.);
#216=ORIENTED_EDGE('',*,*,#303,.T.);
#217=ORIENTED_EDGE('',*,*,#294,.F.);
#218=ORIENTED_EDGE('',*,*,#289,.F.);
#219=ORIENTED_EDGE('',*,*,#266,.F.);
#220=ORIENTED_EDGE('',*,*,#301,.T.);
#221=ORIENTED_EDGE('',*,*,#238,.T.);
#222=ORIENTED_EDGE('',*,*,#306,.F.);
#223=ORIENTED_EDGE('',*,*,#250,.F.);
#224=ORIENTED_EDGE('',*,*,#305,.T.);
#225=ORIENTED_EDGE('',*,*,#302,.F.);
#226=ORIENTED_EDGE('',*,*,#270,.T.);
#227=ORIENTED_EDGE('',*,*,#239,.T.);
#228=ORIENTED_EDGE('',*,*,#296,.T.);
#229=ORIENTED_EDGE('',*,*,#304,.F.);
#230=ORIENTED_EDGE('',*,*,#251,.T.);
#231=ORIENTED_EDGE('',*,*,#306,.T.);
#232=ORIENTED_EDGE('',*,*,#237,.F.);
#233=EDGE_CURVE('',#307,#308,#357,.T.);
#234=EDGE_CURVE('',#308,#307,#358,.T.);
#235=EDGE_CURVE('',#309,#310,#25,.T.);
#236=EDGE_CURVE('',#309,#311,#26,.T.);
#237=EDGE_CURVE('',#311,#312,#27,.T.);
#238=EDGE_CURVE('',#310,#312,#28,.T.);
#239=EDGE_CURVE('',#313,#314,#29,.F.);
#240=EDGE_CURVE('',#313,#315,#359,.T.);
#241=EDGE_CURVE('',#315,#316,#360,.T.);
#242=EDGE_CURVE('',#316,#317,#361,.T.);
#243=EDGE_CURVE('',#317,#318,#362,.T.);
#244=EDGE_CURVE('',#319,#318,#363,.T.);
#245=EDGE_CURVE('',#319,#314,#364,.T.);
#246=EDGE_CURVE('',#320,#321,#365,.T.);
#247=EDGE_CURVE('',#321,#320,#366,.T.);
#248=EDGE_CURVE('',#322,#323,#30,.T.);
#249=EDGE_CURVE('',#322,#324,#31,.T.);
#250=EDGE_CURVE('',#324,#325,#32,.T.);
#251=EDGE_CURVE('',#323,#325,#33,.T.);
#252=EDGE_CURVE('',#326,#327,#34,.T.);
#253=EDGE_CURVE('',#327,#328,#35,.T.);
#254=EDGE_CURVE('',#328,#329,#36,.T.);
#255=EDGE_CURVE('',#329,#330,#37,.T.);
#256=EDGE_CURVE('',#330,#331,#38,.T.);
#257=EDGE_CURVE('',#331,#326,#39,.T.);
#258=EDGE_CURVE('',#332,#332,#15,.T.);
#259=EDGE_CURVE('',#333,#329,#40,.T.);
#260=EDGE_CURVE('',#334,#328,#41,.T.);
#261=EDGE_CURVE('',#333,#334,#367,.T.);
#262=EDGE_CURVE('',#335,#335,#368,.T.);
#263=EDGE_CURVE('',#336,#316,#369,.T.);
#264=EDGE_CURVE('',#315,#336,#42,.T.);
#265=EDGE_CURVE('',#337,#338,#370,.T.);
#266=EDGE_CURVE('',#337,#339,#371,.T.);
#267=EDGE_CURVE('',#340,#339,#372,.T.);
#268=EDGE_CURVE('',#340,#341,#373,.T.);
#269=EDGE_CURVE('',#341,#336,#374,.T.);
#270=EDGE_CURVE('',#338,#313,#375,.T.);
#271=EDGE_CURVE('',#342,#330,#43,.T.);
#272=EDGE_CURVE('',#343,#333,#376,.T.);
#273=EDGE_CURVE('',#342,#343,#377,.T.);
#274=EDGE_CURVE('',#344,#331,#44,.T.);
#275=EDGE_CURVE('',#344,#342,#378,.T.);
#276=EDGE_CURVE('',#345,#326,#45,.T.);
#277=EDGE_CURVE('',#345,#344,#379,.T.);
#278=EDGE_CURVE('',#346,#327,#46,.T.);
#279=EDGE_CURVE('',#346,#345,#380,.T.);
#280=EDGE_CURVE('',#334,#347,#381,.T.);
#281=EDGE_CURVE('',#347,#346,#382,.T.);
#282=EDGE_CURVE('',#348,#307,#383,.T.);
#283=EDGE_CURVE('',#341,#308,#384,.T.);
#284=EDGE_CURVE('',#349,#340,#385,.T.);
#285=EDGE_CURVE('',#349,#343,#386,.F.);
#286=EDGE_CURVE('',#347,#348,#387,.F.);
#287=EDGE_CURVE('',#348,#350,#16,.F.);
#288=EDGE_CURVE('',#350,#317,#388,.F.);
#289=EDGE_CURVE('',#339,#351,#47,.F.);
#290=EDGE_CURVE('',#351,#352,#389,.T.);
#291=EDGE_CURVE('',#352,#349,#390,.T.);
#292=EDGE_CURVE('',#319,#353,#48,.T.);
#293=EDGE_CURVE('',#353,#318,#391,.T.);
#294=EDGE_CURVE('',#351,#354,#392,.T.);
#295=EDGE_CURVE('',#355,#354,#393,.T.);
#296=EDGE_CURVE('',#314,#355,#394,.T.);
#297=EDGE_CURVE('',#353,#356,#395,.T.);
#298=EDGE_CURVE('',#356,#352,#396,.T.);
#299=EDGE_CURVE('',#356,#321,#397,.F.);
#300=EDGE_CURVE('',#348,#320,#398,.F.);
#301=EDGE_CURVE('',#337,#309,#49,.T.);
#302=EDGE_CURVE('',#338,#311,#50,.T.);
#303=EDGE_CURVE('',#322,#354,#51,.T.);
#304=EDGE_CURVE('',#323,#355,#52,.T.);
#305=EDGE_CURVE('',#324,#310,#53,.T.);
#306=EDGE_CURVE('',#325,#312,#54,.T.);
#307=VERTEX_POINT('',#619);
#308=VERTEX_POINT('',#620);
#309=VERTEX_POINT('',#658);
#310=VERTEX_POINT('',#659);
#311=VERTEX_POINT('',#661);
#312=VERTEX_POINT('',#663);
#313=VERTEX_POINT('',#674);
#314=VERTEX_POINT('',#675);
#315=VERTEX_POINT('',#680);
#316=VERTEX_POINT('',#685);
#317=VERTEX_POINT('',#690);
#318=VERTEX_POINT('',#695);
#319=VERTEX_POINT('',#700);
#320=VERTEX_POINT('',#723);
#321=VERTEX_POINT('',#724);
#322=VERTEX_POINT('',#762);
#323=VERTEX_POINT('',#763);
#324=VERTEX_POINT('',#765);
#325=VERTEX_POINT('',#767);
#326=VERTEX_POINT('',#771);
#327=VERTEX_POINT('',#772);
#328=VERTEX_POINT('',#774);
#329=VERTEX_POINT('',#776);
#330=VERTEX_POINT('',#778);
#331=VERTEX_POINT('',#780);
#332=VERTEX_POINT('',#783);
#333=VERTEX_POINT('',#786);
#334=VERTEX_POINT('',#788);
#335=VERTEX_POINT('',#805);
#336=VERTEX_POINT('',#811);
#337=VERTEX_POINT('',#825);
#338=VERTEX_POINT('',#826);
#339=VERTEX_POINT('',#831);
#340=VERTEX_POINT('',#840);
#341=VERTEX_POINT('',#848);
#342=VERTEX_POINT('',#879);
#343=VERTEX_POINT('',#884);
#344=VERTEX_POINT('',#891);
#345=VERTEX_POINT('',#898);
#346=VERTEX_POINT('',#905);
#347=VERTEX_POINT('',#915);
#348=VERTEX_POINT('',#1165);
#349=VERTEX_POINT('',#1175);
#350=VERTEX_POINT('',#1593);
#351=VERTEX_POINT('',#1641);
#352=VERTEX_POINT('',#1649);
#353=VERTEX_POINT('',#1656);
#354=VERTEX_POINT('',#1673);
#355=VERTEX_POINT('',#1678);
#356=VERTEX_POINT('',#1707);
#357=B_SPLINE_CURVE_WITH_KNOTS('',3,(#602,#603,#604,#605,#606,#607,#608,
#609,#610,#611,#612,#613,#614,#615,#616,#617,#618),.UNSPECIFIED.,.F.,.F.,
(4,1,1,1,1,1,1,1,1,1,1,1,1,1,4),(1.14181057121669E-16,0.00971593025003682,
0.0145738953750552,0.0194318605000735,0.0218608430625827,0.0242898256250919,
0.0267188081876011,0.0291477907501102,0.0315767733126194,0.0340057558751286,
0.0352202471563832,0.0364347384376378,0.0376492297188924,0.0382564753595197,
0.038863721000147),.UNSPECIFIED.);
#358=B_SPLINE_CURVE_WITH_KNOTS('',3,(#621,#622,#623,#624,#625,#626,#627,
#628,#629,#630,#631,#632,#633,#634,#635,#636,#637,#638,#639,#640,#641,#642,
#643,#644,#645,#646,#647,#648,#649,#650,#651,#652,#653,#654,#655,#656),
 .UNSPECIFIED.,.F.,.F.,(4,1,1,1,1,1,1,1,1,1,1,1,1,1,1,1,1,1,1,1,1,1,1,1,
1,1,1,1,1,1,1,1,1,4),(0.,0.000300229359677874,0.000600458719355748,0.000900688079033622,
0.0012009174387115,0.00180137615806724,0.00240183487742299,0.00300229359677874,
0.00360275231613449,0.00480366975484599,0.00600458719355748,0.00720550463226898,
0.00960733950969197,0.012009174387115,0.014411009264538,0.016812844141961,
0.0192146790193839,0.0216165138968069,0.0240183487742299,0.0264201836516529,
0.0288220185290759,0.0312238534064989,0.0324247708452104,0.0336256882839219,
0.0348266057226334,0.0354270644419892,0.0360275231613449,0.0366279818807006,
0.0369282112403785,0.0372284406000564,0.0375286699597343,0.0378288993194121,
0.03812912867909,0.0384293580387679),.UNSPECIFIED.);
#359=B_SPLINE_CURVE_WITH_KNOTS('',3,(#676,#677,#678,#679),.UNSPECIFIED.,
 .F.,.F.,(4,4),(0.0627389002318595,0.0682617740538607),.UNSPECIFIED.);
#360=B_SPLINE_CURVE_WITH_KNOTS('',3,(#681,#682,#683,#684),.UNSPECIFIED.,
 .F.,.F.,(4,4),(0.,0.00459023552486731),.UNSPECIFIED.);
#361=B_SPLINE_CURVE_WITH_KNOTS('',3,(#686,#687,#688,#689),.UNSPECIFIED.,
 .F.,.F.,(4,4),(5.65400278968391E-16,0.0163808827967272),.UNSPECIFIED.);
#362=B_SPLINE_CURVE_WITH_KNOTS('',3,(#691,#692,#693,#694),.UNSPECIFIED.,
 .F.,.F.,(4,4),(0.,0.0163876638051898),.UNSPECIFIED.);
#363=B_SPLINE_CURVE_WITH_KNOTS('',3,(#696,#697,#698,#699),.UNSPECIFIED.,
 .F.,.F.,(4,4),(0.,0.00459023552486734),.UNSPECIFIED.);
#364=B_SPLINE_CURVE_WITH_KNOTS('',3,(#701,#702,#703,#704),.UNSPECIFIED.,
 .F.,.F.,(4,4),(1.72953322503931E-16,0.00547772025072037),.UNSPECIFIED.);
#365=B_SPLINE_CURVE_WITH_KNOTS('',3,(#706,#707,#708,#709,#710,#711,#712,
#713,#714,#715,#716,#717,#718,#719,#720,#721,#722),.UNSPECIFIED.,.F.,.F.,
(4,1,1,1,1,1,1,1,1,1,1,1,1,1,4),(0.,0.00971593025003675,0.0145738953750551,
0.0194318605000735,0.0218608430625827,0.0242898256250919,0.026718808187601,
0.0291477907501102,0.0315767733126194,0.0340057558751286,0.0352202471563832,
0.0364347384376378,0.0376492297188924,0.0382564753595197,0.038863721000147),
 .UNSPECIFIED.);
#366=B_SPLINE_CURVE_WITH_KNOTS('',3,(#725,#726,#727,#728,#729,#730,#731,
#732,#733,#734,#735,#736,#737,#738,#739,#740,#741,#742,#743,#744,#745,#746,
#747,#748,#749,#750,#751,#752,#753,#754,#755,#756,#757,#758,#759,#760),
 .UNSPECIFIED.,.F.,.F.,(4,1,1,1,1,1,1,1,1,1,1,1,1,1,1,1,1,1,1,1,1,1,1,1,
1,1,1,1,1,1,1,1,1,4),(1.30104260698261E-17,0.000300229359677156,0.000600458719354299,
0.000900688079031443,0.00120091743870859,0.00180137615806287,0.00240183487741716,
0.00300229359677145,0.00360275231612573,0.0048036697548343,0.00600458719354288,
0.00720550463225145,0.0096073395096686,0.0120091743870857,0.0144110092645029,
0.01681284414192,0.0192146790193372,0.0216165138967543,0.0240183487741715,
0.0264201836515886,0.0288220185290058,0.0312238534064229,0.0324247708451315,
0.03362568828384,0.0348266057225486,0.0354270644419029,0.0360275231612572,
0.0366279818806115,0.0369282112402886,0.0372284405999658,0.0375286699596429,
0.0378288993193201,0.0381291286789972,0.0384293580386743),.UNSPECIFIED.);
#367=B_SPLINE_CURVE_WITH_KNOTS('',3,(#789,#790,#791,#792),.UNSPECIFIED.,
 .F.,.F.,(4,4),(0.,0.00367032193515509),.UNSPECIFIED.);
#368=B_SPLINE_CURVE_WITH_KNOTS('',3,(#794,#795,#796,#797,#798,#799,#800,
#801,#802,#803,#804),.UNSPECIFIED.,.T.,.F.,(1,1,1,1,1,1,1,1,1,1,1,1,1,1,
1),(-0.00411982984399883,-0.00274655322933247,-0.00137327661466611,2.49452196303967E-16,
0.00137327661466661,0.00274655322933297,0.00411982984399933,0.00549310645866569,
0.00686638307333205,0.00823965968799841,0.00961293630266477,0.0109862129173311,
0.0123594895319975,0.0137327661466638,0.0151060427613302),.UNSPECIFIED.);
#369=B_SPLINE_CURVE_WITH_KNOTS('',3,(#807,#808,#809,#810),.UNSPECIFIED.,
 .F.,.F.,(4,4),(0.,0.00446126725508827),.UNSPECIFIED.);
#370=B_SPLINE_CURVE_WITH_KNOTS('',3,(#821,#822,#823,#824),.UNSPECIFIED.,
 .F.,.F.,(4,4),(5.63518185960787E-17,0.00232377943790401),.UNSPECIFIED.);
#371=B_SPLINE_CURVE_WITH_KNOTS('',3,(#827,#828,#829,#830),.UNSPECIFIED.,
 .F.,.F.,(4,4),(3.73368753449879E-17,0.00101918111870364),.UNSPECIFIED.);
#372=B_SPLINE_CURVE_WITH_KNOTS('',3,(#832,#833,#834,#835,#836,#837,#838,
#839),.UNSPECIFIED.,.F.,.F.,(4,1,1,1,1,4),(0.0385407636369699,0.0412739880158333,
0.0440072123946966,0.0494736611524234,0.0549401099101501,0.0604065586678768),
 .UNSPECIFIED.);
#373=B_SPLINE_CURVE_WITH_KNOTS('',3,(#841,#842,#843,#844,#845,#846,#847),
 .UNSPECIFIED.,.F.,.F.,(4,1,1,1,4),(0.,0.00190200973220042,0.00285301459830064,
0.00332851703135074,0.00380401946440085),.UNSPECIFIED.);
#374=B_SPLINE_CURVE_WITH_KNOTS('',3,(#849,#850,#851,#852,#853,#854,#855,
#856,#857,#858,#859,#860,#861,#862,#863,#864,#865,#866,#867,#868,#869,#870,
#871,#872),.UNSPECIFIED.,.F.,.F.,(4,1,1,1,1,1,1,1,1,1,1,1,1,1,1,1,1,1,1,
1,1,4),(0.,0.000135594669586431,0.000271189339172863,0.000406784008759294,
0.000542378678345726,0.000813568017518589,0.00108475735669145,0.00162713603503718,
0.0021695147133829,0.00325427207007435,0.00433902942676581,0.00542378678345726,
0.00650854414014871,0.00867805885353161,0.0108475735669145,0.0130170882802974,
0.0151866029936803,0.0173561177070632,0.021695147133829,0.0260341765605948,
0.0303732059873606,0.0347122354141264),.UNSPECIFIED.);
#375=B_SPLINE_CURVE_WITH_KNOTS('',3,(#873,#874,#875,#876),.UNSPECIFIED.,
 .F.,.F.,(4,4),(3.73368753449879E-17,0.000995889442632156),
 .UNSPECIFIED.);
#376=B_SPLINE_CURVE_WITH_KNOTS('',3,(#880,#881,#882,#883),.UNSPECIFIED.,
 .F.,.F.,(4,4),(4.26524917468943E-16,0.00361895242311012),.UNSPECIFIED.);
#377=B_SPLINE_CURVE_WITH_KNOTS('',3,(#885,#886,#887,#888),.UNSPECIFIED.,
 .F.,.F.,(4,4),(0.,2.87574521838281E-6),.UNSPECIFIED.);
#378=B_SPLINE_CURVE_WITH_KNOTS('',3,(#892,#893,#894,#895),.UNSPECIFIED.,
 .F.,.F.,(4,4),(0.,0.00362133268828156),.UNSPECIFIED.);
#379=B_SPLINE_CURVE_WITH_KNOTS('',3,(#899,#900,#901,#902),.UNSPECIFIED.,
 .F.,.F.,(4,4),(0.,0.00367032367237013),.UNSPECIFIED.);
#380=B_SPLINE_CURVE_WITH_KNOTS('',3,(#906,#907,#908,#909),.UNSPECIFIED.,
 .F.,.F.,(4,4),(2.19524229243485E-8,0.00362276382065842),.UNSPECIFIED.);
#381=B_SPLINE_CURVE_WITH_KNOTS('',3,(#911,#912,#913,#914),.UNSPECIFIED.,
 .F.,.F.,(4,4),(3.18482427370418E-17,0.00361981475307142),.UNSPECIFIED.);
#382=B_SPLINE_CURVE_WITH_KNOTS('',3,(#916,#917,#918,#919),.UNSPECIFIED.,
 .F.,.F.,(4,4),(0.,2.39328447999399E-6),.UNSPECIFIED.);
#383=B_SPLINE_CURVE_WITH_KNOTS('',3,(#1160,#1161,#1162,#1163,#1164),
 .UNSPECIFIED.,.F.,.F.,(4,1,4),(0.,0.500130023246753,1.),.UNSPECIFIED.);
#384=B_SPLINE_CURVE_WITH_KNOTS('',3,(#1166,#1167,#1168,#1169,#1170),
 .UNSPECIFIED.,.F.,.F.,(4,1,4),(0.,0.500130023246753,1.),.UNSPECIFIED.);
#385=B_SPLINE_CURVE_WITH_KNOTS('',3,(#1171,#1172,#1173,#1174),
 .UNSPECIFIED.,.F.,.F.,(4,4),(2.45917098693515E-15,0.00401300279065874),
 .UNSPECIFIED.);
#386=B_SPLINE_CURVE_WITH_KNOTS('',3,(#1176,#1177,#1178,#1179,#1180,#1181,
#1182,#1183,#1184,#1185,#1186,#1187,#1188,#1189,#1190,#1191,#1192,#1193,
#1194,#1195,#1196,#1197,#1198,#1199,#1200,#1201,#1202,#1203,#1204,#1205,
#1206,#1207,#1208,#1209,#1210,#1211,#1212,#1213,#1214,#1215,#1216,#1217,
#1218,#1219,#1220,#1221,#1222,#1223),.UNSPECIFIED.,.F.,.F.,(4,1,1,1,1,1,
1,1,1,1,1,1,1,1,1,1,1,1,1,1,1,1,1,1,1,1,1,1,1,1,1,1,1,1,1,1,1,1,1,1,1,1,
1,1,1,4),(0.,0.00672962585173113,0.0178376968233269,0.0311517851037176,
0.0457528176068042,0.0615967067403594,0.0789658809241297,0.0978707979548252,
0.118148413507263,0.139683832868063,0.162359439168931,0.186064718006029,
0.210700360070209,0.2361645469061,0.262361334970585,0.289198093793041,0.316578974992611,
0.344415769406313,0.372619180962907,0.40110561757456,0.429777306746551,
0.458539175039861,0.487278129308014,0.51586956998488,0.544186836834413,
0.572126502053736,0.599600103333379,0.626544185068048,0.652871565556637,
0.678520393200673,0.703579924942385,0.728129442891042,0.752184496697564,
0.775738687907978,0.798726773687283,0.821086757254932,0.842777409121162,
0.863739599639986,0.883915536484563,0.903242623112671,0.921638677964279,
0.93906013743044,0.955615191824294,0.97133583810785,0.986159771983942,1.),
 .UNSPECIFIED.);
#387=B_SPLINE_CURVE_WITH_KNOTS('',3,(#1224,#1225,#1226,#1227,#1228,#1229,
#1230,#1231,#1232,#1233,#1234,#1235,#1236,#1237,#1238,#1239,#1240,#1241,
#1242,#1243,#1244,#1245,#1246,#1247,#1248,#1249,#1250,#1251,#1252,#1253,
#1254,#1255,#1256,#1257,#1258,#1259,#1260,#1261,#1262,#1263,#1264,#1265,
#1266,#1267,#1268,#1269,#1270,#1271),.UNSPECIFIED.,.F.,.F.,(4,1,1,1,1,1,
1,1,1,1,1,1,1,1,1,1,1,1,1,1,1,1,1,1,1,1,1,1,1,1,1,1,1,1,1,1,1,1,1,1,1,1,
1,1,1,4),(0.,0.00672962585173113,0.0178376968233269,0.0311517851037176,
0.0457528176068042,0.0615967067403594,0.0789658809241297,0.0978707979548252,
0.118148413507263,0.139683832868063,0.162359439168931,0.186064718006029,
0.210700360070209,0.2361645469061,0.262361334970585,0.289198093793041,0.316578974992611,
0.344415769406313,0.372619180962907,0.40110561757456,0.429777306746551,
0.458539175039861,0.487278129308014,0.51586956998488,0.544186836834413,
0.572126502053736,0.599600103333379,0.626544185068048,0.652871565556637,
0.678520393200673,0.703579924942385,0.728129442891042,0.752184496697564,
0.775738687907978,0.798726773687283,0.821086757254932,0.842777409121162,
0.863739599639986,0.883915536484563,0.903242623112671,0.921638677964279,
0.93906013743044,0.955615191824294,0.97133583810785,0.986159771983942,1.),
 .UNSPECIFIED.);
#388=B_SPLINE_CURVE_WITH_KNOTS('',3,(#1594,#1595,#1596,#1597,#1598,#1599,
#1600,#1601,#1602,#1603,#1604,#1605,#1606,#1607,#1608,#1609,#1610,#1611,
#1612,#1613,#1614,#1615,#1616,#1617,#1618,#1619,#1620,#1621,#1622,#1623,
#1624,#1625,#1626,#1627,#1628,#1629,#1630,#1631),.UNSPECIFIED.,.F.,.F.,
(4,1,1,1,1,1,1,1,1,1,1,1,1,1,1,1,1,1,1,1,1,1,1,1,1,1,1,1,1,1,1,1,1,1,1,
4),(0.,0.0150118796375756,0.0285373348641075,0.0421462760664399,0.059039227592798,
0.0788474019023358,0.101070984186222,0.125365803388214,0.151455191065231,
0.179103988590355,0.208104731066395,0.238458851039186,0.270295478107638,
0.303524833209794,0.337983147252923,0.37349327677994,0.409896341484962,
0.447012656598327,0.484676953776066,0.522703994113774,0.560920974908214,
0.599143541353627,0.637178538257149,0.674833221208013,0.711907676777061,
0.748194161888293,0.783476947101294,0.817520124837814,0.850089085719801,
0.880902291995076,0.909663335793179,0.935935814171301,0.958941234116851,
0.977843568026798,0.992014478448023,1.),.UNSPECIFIED.);
#389=B_SPLINE_CURVE_WITH_KNOTS('',3,(#1642,#1643,#1644,#1645,#1646,#1647,
#1648),.UNSPECIFIED.,.F.,.F.,(4,1,1,1,4),(0.00779105292312894,0.013261640539512,
0.0187322281558951,0.0242028157722781,0.0296734033886612),.UNSPECIFIED.);
#390=B_SPLINE_CURVE_WITH_KNOTS('',3,(#1650,#1651,#1652,#1653),
 .UNSPECIFIED.,.F.,.F.,(4,4),(0.,0.00407703218545074),.UNSPECIFIED.);
#391=B_SPLINE_CURVE_WITH_KNOTS('',3,(#1657,#1658,#1659,#1660),
 .UNSPECIFIED.,.F.,.F.,(4,4),(0.,0.00446126725508827),.UNSPECIFIED.);
#392=B_SPLINE_CURVE_WITH_KNOTS('',3,(#1669,#1670,#1671,#1672),
 .UNSPECIFIED.,.F.,.F.,(4,4),(0.00123269027972611,0.00225179593365199),
 .UNSPECIFIED.);
#393=B_SPLINE_CURVE_WITH_KNOTS('',3,(#1674,#1675,#1676,#1677),
 .UNSPECIFIED.,.F.,.F.,(4,4),(4.09133713542521E-18,0.00231515290021002),
 .UNSPECIFIED.);
#394=B_SPLINE_CURVE_WITH_KNOTS('',3,(#1679,#1680,#1681,#1682),
 .UNSPECIFIED.,.F.,.F.,(4,4),(0.0012554513183064,0.00225122969495612),
 .UNSPECIFIED.);
#395=B_SPLINE_CURVE_WITH_KNOTS('',3,(#1683,#1684,#1685,#1686,#1687,#1688,
#1689,#1690,#1691,#1692,#1693,#1694,#1695,#1696,#1697,#1698,#1699,#1700,
#1701,#1702,#1703,#1704,#1705,#1706),.UNSPECIFIED.,.F.,.F.,(4,1,1,1,1,1,
1,1,1,1,1,1,1,1,1,1,1,1,1,1,1,4),(0.,0.00417744774156147,0.00835489548312294,
0.0125323432246844,0.0167097909662459,0.0187985148370266,0.0208872387078073,
0.0229759625785881,0.0250646864493688,0.0271534103201496,0.0281977722555399,
0.0292421341909303,0.0302864961263207,0.031330858061711,0.0318530390294062,
0.0323752199971014,0.032636310480949,0.0328974009647966,0.0330279462067204,
0.0331584914486442,0.033289036690568,0.0334195819324918),.UNSPECIFIED.);
#396=B_SPLINE_CURVE_WITH_KNOTS('',3,(#1708,#1709,#1710,#1711,#1712,#1713,
#1714),.UNSPECIFIED.,.F.,.F.,(4,1,1,1,4),(0.,0.000481340218659462,0.000962680437318924,
0.00192536087463785,0.00385072174927569),.UNSPECIFIED.);
#397=B_SPLINE_CURVE_WITH_KNOTS('',3,(#2035,#2036,#2037,#2038,#2039),
 .UNSPECIFIED.,.F.,.F.,(4,1,4),(0.,0.499869976753247,1.),.UNSPECIFIED.);
#398=B_SPLINE_CURVE_WITH_KNOTS('',3,(#2040,#2041,#2042,#2043,#2044),
 .UNSPECIFIED.,.F.,.F.,(4,1,4),(0.,0.499869976753247,1.),.UNSPECIFIED.);
#399=EDGE_LOOP('',(#85,#86));
#400=EDGE_LOOP('',(#87,#88,#89,#90));
#401=EDGE_LOOP('',(#91,#92,#93,#94,#95,#96,#97));
#402=EDGE_LOOP('',(#98,#99));
#403=EDGE_LOOP('',(#100,#101,#102,#103));
#404=EDGE_LOOP('',(#104,#105,#106,#107,#108,#109));
#405=EDGE_LOOP('',(#110));
#406=EDGE_LOOP('',(#111,#112,#113,#114));
#407=EDGE_LOOP('',(#115));
#408=EDGE_LOOP('',(#116));
#409=EDGE_LOOP('',(#117,#118,#119));
#410=EDGE_LOOP('',(#120,#121,#122,#123,#124,#125,#126,#127));
#411=EDGE_LOOP('',(#128,#129,#130,#131,#132));
#412=EDGE_LOOP('',(#133,#134,#135,#136));
#413=EDGE_LOOP('',(#137,#138,#139,#140));
#414=EDGE_LOOP('',(#141,#142,#143,#144));
#415=EDGE_LOOP('',(#145,#146,#147,#148,#149));
#416=EDGE_LOOP('',(#150,#151,#152,#153,#154,#155,#156,#157,#158,#159));
#417=EDGE_LOOP('',(#160,#161,#162,#163,#164,#165,#166,#167));
#418=EDGE_LOOP('',(#168,#169,#170,#171,#172));
#419=EDGE_LOOP('',(#173));
#420=EDGE_LOOP('',(#174,#175,#176));
#421=EDGE_LOOP('',(#177,#178,#179,#180,#181,#182,#183,#184));
#422=EDGE_LOOP('',(#185,#186,#187,#188,#189,#190,#191,#192));
#423=EDGE_LOOP('',(#193,#194,#195,#196,#197,#198,#199,#200,#201,#202,#203,
#204));
#424=EDGE_LOOP('',(#205,#206,#207,#208));
#425=EDGE_LOOP('',(#209,#210,#211,#212));
#426=EDGE_LOOP('',(#213,#214,#215,#216,#217,#218,#219,#220));
#427=EDGE_LOOP('',(#221,#222,#223,#224));
#428=EDGE_LOOP('',(#225,#226,#227,#228,#229,#230,#231,#232));
#429=FACE_BOUND('',#399,.T.);
#430=FACE_BOUND('',#400,.T.);
#431=FACE_BOUND('',#401,.T.);
#432=FACE_BOUND('',#402,.T.);
#433=FACE_BOUND('',#403,.T.);
#434=FACE_BOUND('',#404,.T.);
#435=FACE_BOUND('',#405,.T.);
#436=FACE_BOUND('',#406,.T.);
#437=FACE_BOUND('',#407,.T.);
#438=FACE_BOUND('',#408,.T.);
#439=FACE_BOUND('',#409,.T.);
#440=FACE_BOUND('',#410,.T.);
#441=FACE_BOUND('',#411,.T.);
#442=FACE_BOUND('',#412,.T.);
#443=FACE_BOUND('',#413,.T.);
#444=FACE_BOUND('',#414,.T.);
#445=FACE_BOUND('',#415,.T.);
#446=FACE_BOUND('',#416,.T.);
#447=FACE_BOUND('',#417,.T.);
#448=FACE_BOUND('',#418,.T.);
#449=FACE_BOUND('',#419,.T.);
#450=FACE_BOUND('',#420,.T.);
#451=FACE_BOUND('',#421,.T.);
#452=FACE_BOUND('',#422,.T.);
#453=FACE_BOUND('',#423,.T.);
#454=FACE_BOUND('',#424,.T.);
#455=FACE_BOUND('',#425,.T.);
#456=FACE_BOUND('',#426,.T.);
#457=FACE_BOUND('',#427,.T.);
#458=FACE_BOUND('',#428,.T.);
#459=PLANE('',#511);
#460=PLANE('',#512);
#461=PLANE('',#513);
#462=PLANE('',#515);
#463=PLANE('',#518);
#464=PLANE('',#519);
#465=PLANE('',#520);
#466=PLANE('',#521);
#467=PLANE('',#522);
#468=PLANE('',#525);
#469=PLANE('',#526);
#470=PLANE('',#527);
#471=PLANE('',#528);
#472=PLANE('',#529);
#473=ADVANCED_FACE('',(#429,#430),#459,.T.);
#474=ADVANCED_FACE('',(#431),#17,.F.);
#475=ADVANCED_FACE('',(#432,#433),#460,.F.);
#476=ADVANCED_FACE('',(#434,#435),#461,.T.);
#477=ADVANCED_FACE('',(#436),#462,.T.);
#478=ADVANCED_FACE('',(#437,#438),#12,.F.);
#479=ADVANCED_FACE('',(#439),#13,.T.);
#480=ADVANCED_FACE('',(#440),#18,.F.);
#481=ADVANCED_FACE('',(#441),#463,.T.);
#482=ADVANCED_FACE('',(#442),#464,.T.);
#483=ADVANCED_FACE('',(#443),#465,.T.);
#484=ADVANCED_FACE('',(#444),#466,.T.);
#485=ADVANCED_FACE('',(#445),#467,.T.);
#486=ADVANCED_FACE('',(#446),#19,.T.);
#487=ADVANCED_FACE('',(#447),#20,.T.);
#488=ADVANCED_FACE('',(#448,#449),#21,.F.);
#489=ADVANCED_FACE('',(#450),#14,.T.);
#490=ADVANCED_FACE('',(#451),#22,.F.);
#491=ADVANCED_FACE('',(#452),#23,.F.);
#492=ADVANCED_FACE('',(#453),#24,.F.);
#493=ADVANCED_FACE('',(#454),#468,.T.);
#494=ADVANCED_FACE('',(#455),#469,.T.);
#495=ADVANCED_FACE('',(#456),#470,.F.);
#496=ADVANCED_FACE('',(#457),#471,.F.);
#497=ADVANCED_FACE('',(#458),#472,.T.);
#498=CLOSED_SHELL('',(#473,#474,#475,#476,#477,#478,#479,#480,#481,#482,
#483,#484,#485,#486,#487,#488,#489,#490,#491,#492,#493,#494,#495,#496,#497));
#499=STYLED_ITEM('',(#500),#507);
#500=PRESENTATION_STYLE_ASSIGNMENT((#501));
#501=SURFACE_STYLE_USAGE(.BOTH.,#502);
#502=SURFACE_SIDE_STYLE('',(#503));
#503=SURFACE_STYLE_FILL_AREA(#504);
#504=FILL_AREA_STYLE('',(#505));
#505=FILL_AREA_STYLE_COLOUR('',#506);
#506=COLOUR_RGB('',0.768627450980392,0.886274509803922,0.952941176470588);
#507=MANIFOLD_SOLID_BREP('Part 1',#498);
#508=SHAPE_DEFINITION_REPRESENTATION(#2302,#509);
#509=SHAPE_REPRESENTATION('Part 1',(#510),#2297);
#510=AXIS2_PLACEMENT_3D('',#600,#530,#531);
#511=AXIS2_PLACEMENT_3D('',#601,#532,#533);
#512=AXIS2_PLACEMENT_3D('',#705,#539,#540);
#513=AXIS2_PLACEMENT_3D('',#769,#545,#546);
#514=AXIS2_PLACEMENT_3D('',#782,#553,#554);
#515=AXIS2_PLACEMENT_3D('',#784,#555,#556);
#516=AXIS2_PLACEMENT_3D('',#793,#559,#560);
#517=AXIS2_PLACEMENT_3D('',#806,#561,#562);
#518=AXIS2_PLACEMENT_3D('',#877,#564,#565);
#519=AXIS2_PLACEMENT_3D('',#889,#567,#568);
#520=AXIS2_PLACEMENT_3D('',#896,#570,#571);
#521=AXIS2_PLACEMENT_3D('',#903,#573,#574);
#522=AXIS2_PLACEMENT_3D('',#910,#576,#577);
#523=AXIS2_PLACEMENT_3D('',#1592,#578,#579);
#524=AXIS2_PLACEMENT_3D('',#1654,#581,#582);
#525=AXIS2_PLACEMENT_3D('',#2285,#584,#585);
#526=AXIS2_PLACEMENT_3D('',#2288,#588,#589);
#527=AXIS2_PLACEMENT_3D('',#2291,#592,#593);
#528=AXIS2_PLACEMENT_3D('',#2293,#595,#596);
#529=AXIS2_PLACEMENT_3D('',#2295,#598,#599);
#530=DIRECTION('',(0.,0.,1.));
#531=DIRECTION('',(1.,0.,0.));
#532=DIRECTION('',(1.,0.,0.));
#533=DIRECTION('',(0.,0.,-1.));
#534=DIRECTION('',(0.,-0.988478982852041,-0.151358185968897));
#535=DIRECTION('',(0.,0.151358185968893,-0.988478982852041));
#536=DIRECTION('',(0.,-0.988478982852044,-0.151358185968874));
#537=DIRECTION('',(0.,0.151358185968893,-0.988478982852041));
#538=DIRECTION('',(1.,0.,0.));
#539=DIRECTION('',(1.,0.,0.));
#540=DIRECTION('',(0.,0.,-1.));
#541=DIRECTION('',(0.,0.151358185968893,-0.988478982852041));
#542=DIRECTION('',(0.,-0.988478982852041,-0.151358185968897));
#543=DIRECTION('',(0.,0.151358185968893,-0.988478982852041));
#544=DIRECTION('',(0.,-0.988478982852044,-0.151358185968874));
#545=DIRECTION('',(0.,-1.,-1.22464679914735E-16));
#546=DIRECTION('',(1.,0.,0.));
#547=DIRECTION('',(0.866025403784444,6.12323399573666E-17,-0.499999999999991));
#548=DIRECTION('',(0.866025403784433,-6.1232339957369E-17,0.500000000000011));
#549=DIRECTION('',(-1.31001833009881E-14,-1.22464679914735E-16,1.));
#550=DIRECTION('',(-0.866025403784445,-6.12323399573663E-17,0.499999999999989));
#551=DIRECTION('',(-0.866025403784434,6.12323399573687E-17,-0.500000000000008));
#552=DIRECTION('',(1.28598129651901E-14,1.22464679914735E-16,-1.));
#553=DIRECTION('',(0.,-1.,-1.22464679914735E-16));
#554=DIRECTION('',(0.,1.22464679914735E-16,-1.));
#555=DIRECTION('',(-1.,1.60430975477987E-30,-1.31001833009881E-14));
#556=DIRECTION('',(-1.31001833009881E-14,0.,1.));
#557=DIRECTION('',(0.,1.,1.22464679914735E-16));
#558=DIRECTION('',(0.,1.,1.22464679914735E-16));
#559=DIRECTION('',(0.,1.,1.22464679914735E-16));
#560=DIRECTION('',(0.,-1.22464679914735E-16,1.));
#561=DIRECTION('',(0.,-1.,-1.1327950141667E-16));
#562=DIRECTION('',(0.,1.1327950141667E-16,-1.));
#563=DIRECTION('',(0.,1.,1.1327950141667E-16));
#564=DIRECTION('',(-0.499999999999989,1.06057523872491E-16,-0.866025403784446));
#565=DIRECTION('',(-0.866025403784445,0.,0.499999999999988));
#566=DIRECTION('',(0.,1.,1.22464679914735E-16));
#567=DIRECTION('',(0.500000000000008,1.0605752387249E-16,-0.866025403784434));
#568=DIRECTION('',(-0.866025403784434,0.,-0.500000000000008));
#569=DIRECTION('',(0.,1.,1.22464679914735E-16));
#570=DIRECTION('',(1.,-1.57487287854538E-30,1.28598129651901E-14));
#571=DIRECTION('',(1.28598129651901E-14,0.,-1.));
#572=DIRECTION('',(0.,1.,1.22464679914735E-16));
#573=DIRECTION('',(0.499999999999991,-1.06057523872491E-16,0.866025403784444));
#574=DIRECTION('',(0.866025403784444,0.,-0.499999999999991));
#575=DIRECTION('',(0.,1.,1.22464679914735E-16));
#576=DIRECTION('',(-0.500000000000011,-1.0605752387249E-16,0.866025403784433));
#577=DIRECTION('',(0.866025403784433,0.,0.500000000000011));
#578=DIRECTION('',(-1.,0.,-6.12323399573677E-17));
#579=DIRECTION('',(0.,1.,0.));
#580=DIRECTION('',(1.,0.,0.));
#581=DIRECTION('',(1.33908944717851E-32,1.,1.1327950141667E-16));
#582=DIRECTION('',(0.,-1.1327950141667E-16,1.));
#583=DIRECTION('',(0.,1.,1.1327950141667E-16));
#584=DIRECTION('',(0.,-0.988478982852041,-0.151358185968893));
#585=DIRECTION('',(0.,0.151358185968893,-0.988478982852041));
#586=DIRECTION('',(1.,0.,0.));
#587=DIRECTION('',(1.,0.,0.));
#588=DIRECTION('',(0.,-0.988478982852041,-0.151358185968893));
#589=DIRECTION('',(0.,0.151358185968893,-0.988478982852041));
#590=DIRECTION('',(1.,0.,0.));
#591=DIRECTION('',(1.,0.,0.));
#592=DIRECTION('',(0.,-0.151358185968897,0.988478982852041));
#593=DIRECTION('',(0.,-0.988478982852041,-0.151358185968897));
#594=DIRECTION('',(1.,0.,0.));
#595=DIRECTION('',(0.,-0.988478982852041,-0.151358185968893));
#596=DIRECTION('',(0.,0.151358185968893,-0.988478982852041));
#597=DIRECTION('',(1.,0.,0.));
#598=DIRECTION('',(0.,-0.151358185968874,0.988478982852044));
#599=DIRECTION('',(0.,-0.988478982852044,-0.151358185968874));
#600=CARTESIAN_POINT('',(0.,0.,0.));
#601=CARTESIAN_POINT('',(0.019,0.,0.));
#602=CARTESIAN_POINT('',(0.0189999999999995,-0.00173269966525372,0.317552320313533));
#603=CARTESIAN_POINT('',(0.0189999999999995,-0.00295037978548771,0.32056499839092));
#604=CARTESIAN_POINT('',(0.0190000000000001,-0.00448286272806948,0.325176427997295));
#605=CARTESIAN_POINT('',(0.019,-0.00623608910708946,0.33141293356141));
#606=CARTESIAN_POINT('',(0.019,-0.00723987942021926,0.335344863625919));
#607=CARTESIAN_POINT('',(0.019,-0.00789893513315414,0.338515039265282));
#608=CARTESIAN_POINT('',(0.019,-0.00829351144575093,0.340906777246364));
#609=CARTESIAN_POINT('',(0.019,-0.00849493695382731,0.34333704216548));
#610=CARTESIAN_POINT('',(0.019,-0.00841623081555476,0.345785268625905));
#611=CARTESIAN_POINT('',(0.019,-0.00806617701803201,0.348199131444583));
#612=CARTESIAN_POINT('',(0.019,-0.00752602214242212,0.350171034677188));
#613=CARTESIAN_POINT('',(0.019,-0.00688614444127413,0.3516674705474));
#614=CARTESIAN_POINT('',(0.019,-0.006280101622845,0.352743286807169));
#615=CARTESIAN_POINT('',(0.019,-0.00559874795299614,0.353510426136745));
#616=CARTESIAN_POINT('',(0.019,-0.00492720963336802,0.353995330016039));
#617=CARTESIAN_POINT('',(0.019,-0.00454260480816369,0.354135210897955));
#618=CARTESIAN_POINT('',(0.019,-0.0043454059153423,0.354192508171577));
#619=CARTESIAN_POINT('',(0.019,-0.00173269966525359,0.317552320313532));
#620=CARTESIAN_POINT('',(0.0189999999999989,-0.0043454059153423,0.354192508171577));
#621=CARTESIAN_POINT('',(0.019,-0.00434540591534229,0.354192508171577));
#622=CARTESIAN_POINT('',(0.019,-0.00424634192062197,0.354206975848985));
#623=CARTESIAN_POINT('',(0.019,-0.00405113530146726,0.354237296505089));
#624=CARTESIAN_POINT('',(0.019,-0.00373331194207689,0.354199102095625));
#625=CARTESIAN_POINT('',(0.019,-0.00356755736385034,0.35392118381199));
#626=CARTESIAN_POINT('',(0.019,-0.00347693924741073,0.353534549026249));
#627=CARTESIAN_POINT('',(0.019,-0.00338740443065566,0.353042186901064));
#628=CARTESIAN_POINT('',(0.019,-0.00331808700666934,0.352446387648428));
#629=CARTESIAN_POINT('',(0.019,-0.00326456131091053,0.351849995865476));
#630=CARTESIAN_POINT('',(0.019,-0.00320720532639871,0.351053848473369));
#631=CARTESIAN_POINT('',(0.019,-0.0031581884867342,0.350057415339553));
#632=CARTESIAN_POINT('',(0.019,-0.00312090444616126,0.348860149049386));
#633=CARTESIAN_POINT('',(0.019,-0.00311225025850041,0.347262591340159));
#634=CARTESIAN_POINT('',(0.019,-0.00319440479621661,0.345266990928821));
#635=CARTESIAN_POINT('',(0.019,-0.00329059581065629,0.342872027160212));
#636=CARTESIAN_POINT('',(0.019,-0.00336566879758353,0.340476934830356));
#637=CARTESIAN_POINT('',(0.019,-0.00340083895681501,0.338081469232488));
#638=CARTESIAN_POINT('',(0.019,-0.00338781569598835,0.33568558326745));
#639=CARTESIAN_POINT('',(0.019,-0.00332012131332125,0.333289188886377));
#640=CARTESIAN_POINT('',(0.019,-0.00319110692777018,0.330892320997695));
#641=CARTESIAN_POINT('',(0.019,-0.00299529905700398,0.328502802578632));
#642=CARTESIAN_POINT('',(0.019,-0.00272788485722864,0.326120059151971));
#643=CARTESIAN_POINT('',(0.019,-0.00243791273484289,0.324140375788092));
#644=CARTESIAN_POINT('',(0.019,-0.00216186439810986,0.322564869043538));
#645=CARTESIAN_POINT('',(0.019,-0.00193137138740267,0.321387168199963));
#646=CARTESIAN_POINT('',(0.019,-0.00171819627024245,0.320409948773346));
#647=CARTESIAN_POINT('',(0.019,-0.00153388269282975,0.319631821621396));
#648=CARTESIAN_POINT('',(0.019,-0.00138853824444188,0.319049654184225));
#649=CARTESIAN_POINT('',(0.019,-0.00126101064030753,0.3185669809268));
#650=CARTESIAN_POINT('',(0.019,-0.00115542809967126,0.31817969765842));
#651=CARTESIAN_POINT('',(0.019,-0.00107319028764647,0.317895478282172));
#652=CARTESIAN_POINT('',(0.019,-0.000992794050687773,0.317589821761963));
#653=CARTESIAN_POINT('',(0.019,-0.00120693133610987,0.317324675296018));
#654=CARTESIAN_POINT('',(0.019,-0.00153537435441974,0.317305502385101));
#655=CARTESIAN_POINT('',(0.019,-0.00169437528002164,0.317457501458153));
#656=CARTESIAN_POINT('',(0.019,-0.00173269966525359,0.317552320313533));
#657=CARTESIAN_POINT('',(0.019,-0.05032067424652,0.328630582992389));
#658=CARTESIAN_POINT('',(0.019,-0.00419923128985898,0.33569280491242));
#659=CARTESIAN_POINT('',(0.019,-0.00642330900127609,0.33535224899399));
#660=CARTESIAN_POINT('',(0.019,0.0461214429566596,0.00706222192003112));
#661=CARTESIAN_POINT('',(0.019,-0.003858675371429,0.333468727201003));
#662=CARTESIAN_POINT('',(0.019,-0.0499801183280826,0.326406505280974));
#663=CARTESIAN_POINT('',(0.019,-0.00608275308284607,0.333128171282573));
#664=CARTESIAN_POINT('',(0.019,0.0438973652452428,0.00672166600160118));
#665=CARTESIAN_POINT('',(-0.0155911606770304,-0.00484243344085525,0.333318091880456));
#666=CARTESIAN_POINT('',(0.0155911606770298,-0.00484243344085525,0.333318091880456));
#667=CARTESIAN_POINT('',(-0.0155911606770304,-0.00420104611456464,0.329647061895837));
#668=CARTESIAN_POINT('',(0.0155911606770298,-0.00420104611456464,0.329647061895837));
#669=CARTESIAN_POINT('',(-0.0155911606770304,-0.00339472816128587,0.326224639707516));
#670=CARTESIAN_POINT('',(0.0155911606770298,-0.00339472816128587,0.326224639707516));
#671=CARTESIAN_POINT('',(-0.0155911606770304,-0.0024810687845659,0.323525912230801));
#672=CARTESIAN_POINT('',(0.0155911606770298,-0.0024810687845659,0.323525912230801));
#673=CARTESIAN_POINT('',(-2.22044604925032E-16,-0.00484243344285471,0.3333180918919));
#674=CARTESIAN_POINT('',(0.014158740175914,-0.00484243344285471,0.3333180918919));
#675=CARTESIAN_POINT('',(-0.0143668033517527,-0.00484243344285461,0.3333180918919));
#676=CARTESIAN_POINT('',(0.0141587401759139,-0.00484243344285471,0.3333180918919));
#677=CARTESIAN_POINT('',(0.0145814658876958,-0.00453514370795092,0.331559295318723));
#678=CARTESIAN_POINT('',(0.014939030577624,-0.0041807047388805,0.329788210232923));
#679=CARTESIAN_POINT('',(0.0151510583236814,-0.00374669437439667,0.327985972166062));
#680=CARTESIAN_POINT('',(0.0151510583236813,-0.00374669437439669,0.327985972166062));
#681=CARTESIAN_POINT('',(0.0151510583236813,-0.00374669437439669,0.327985972166062));
#682=CARTESIAN_POINT('',(0.0152272392691163,-0.0033880359768335,0.326496634882938));
#683=CARTESIAN_POINT('',(0.0153127625276674,-0.00298522207555147,0.325021801227276));
#684=CARTESIAN_POINT('',(0.015406285253982,-0.00249740509943596,0.323574276729863));
#685=CARTESIAN_POINT('',(0.015406285253982,-0.00249740509943595,0.323574276729863));
#686=CARTESIAN_POINT('',(0.015406285253982,-0.00249740509943546,0.323574276729862));
#687=CARTESIAN_POINT('',(0.0101615826320624,-0.00298772047186614,0.325029214847643));
#688=CARTESIAN_POINT('',(0.00508639681609795,-0.00352861927274119,0.326995082012772));
#689=CARTESIAN_POINT('',(0.,-0.00396922634691159,0.328938353293178));
#690=CARTESIAN_POINT('',(0.,-0.00396922634691156,0.328938353293177));
#691=CARTESIAN_POINT('',(0.,-0.00396922634691139,0.328938353293177));
#692=CARTESIAN_POINT('',(-0.00508640086234502,-0.00352861892223645,0.326995080466892));
#693=CARTESIAN_POINT('',(-0.0101615726848024,-0.00298772140181364,0.325029217607125));
#694=CARTESIAN_POINT('',(-0.0154062852539825,-0.00249740509943594,0.323574276729863));
#695=CARTESIAN_POINT('',(-0.0154062852539821,-0.00249740509943595,0.323574276729863));
#696=CARTESIAN_POINT('',(-0.0151510583236814,-0.00374669437439669,0.327985972166062));
#697=CARTESIAN_POINT('',(-0.0152272392691164,-0.0033880359768335,0.326496634882938));
#698=CARTESIAN_POINT('',(-0.0153127625276674,-0.00298522207555146,0.325021801227276));
#699=CARTESIAN_POINT('',(-0.015406285253982,-0.00249740509943595,0.323574276729863));
#700=CARTESIAN_POINT('',(-0.0151510583236814,-0.00374669437439669,0.327985972166062));
#701=CARTESIAN_POINT('',(-0.0151510583236814,-0.0037466943743967,0.327985972166062));
#702=CARTESIAN_POINT('',(-0.0150543124431298,-0.00418112733154066,0.329789965058709));
#703=CARTESIAN_POINT('',(-0.0147517269916697,-0.00453520767118904,0.331559661417266));
#704=CARTESIAN_POINT('',(-0.0143668033517526,-0.0048424334428546,0.333318091891901));
#705=CARTESIAN_POINT('',(-0.019,0.,0.));
#706=CARTESIAN_POINT('',(-0.019,-0.0017326996652536,0.317552320313532));
#707=CARTESIAN_POINT('',(-0.019,-0.00295037978548752,0.32056499839092));
#708=CARTESIAN_POINT('',(-0.019,-0.00448286272806948,0.325176427997295));
#709=CARTESIAN_POINT('',(-0.019,-0.00623608910708944,0.33141293356141));
#710=CARTESIAN_POINT('',(-0.019,-0.0072398794202193,0.335344863625919));
#711=CARTESIAN_POINT('',(-0.019,-0.00789893513315409,0.338515039265282));
#712=CARTESIAN_POINT('',(-0.019,-0.00829351144575093,0.340906777246364));
#713=CARTESIAN_POINT('',(-0.019,-0.0084949369538273,0.34333704216548));
#714=CARTESIAN_POINT('',(-0.019,-0.00841623081555477,0.345785268625904));
#715=CARTESIAN_POINT('',(-0.019,-0.00806617701803199,0.348199131444583));
#716=CARTESIAN_POINT('',(-0.019,-0.00752602214242219,0.350171034677187));
#717=CARTESIAN_POINT('',(-0.019,-0.0068861444412743,0.351667470547399));
#718=CARTESIAN_POINT('',(-0.019,-0.00628010162284489,0.352743286807169));
#719=CARTESIAN_POINT('',(-0.019,-0.00559874795299616,0.353510426136745));
#720=CARTESIAN_POINT('',(-0.019,-0.0049272096333679,0.353995330016039));
#721=CARTESIAN_POINT('',(-0.019,-0.00454260480816376,0.354135210897955));
#722=CARTESIAN_POINT('',(-0.019,-0.0043454059153423,0.354192508171577));
#723=CARTESIAN_POINT('',(-0.019,-0.00173269966525358,0.317552320313532));
#724=CARTESIAN_POINT('',(-0.019,-0.0043454059153423,0.354192508171577));
#725=CARTESIAN_POINT('',(-0.0189999999999995,-0.0043454059153423,0.354192508171577));
#726=CARTESIAN_POINT('',(-0.0189999999999995,-0.00424634192062222,0.354206975848986));
#727=CARTESIAN_POINT('',(-0.0190000000000002,-0.00405113530146795,0.354237296505088));
#728=CARTESIAN_POINT('',(-0.0189999999999999,-0.00373331194207815,0.354199102095625));
#729=CARTESIAN_POINT('',(-0.019,-0.00356755736385061,0.353921183811992));
#730=CARTESIAN_POINT('',(-0.019,-0.00347693924741107,0.35353454902625));
#731=CARTESIAN_POINT('',(-0.019,-0.00338740443065579,0.353042186901065));
#732=CARTESIAN_POINT('',(-0.019,-0.00331808700666947,0.35244638764843));
#733=CARTESIAN_POINT('',(-0.019,-0.00326456131091063,0.351849995865478));
#734=CARTESIAN_POINT('',(-0.019,-0.00320720532639876,0.351053848473369));
#735=CARTESIAN_POINT('',(-0.019,-0.00315818848673424,0.350057415339555));
#736=CARTESIAN_POINT('',(-0.019,-0.00312090444616128,0.348860149049387));
#737=CARTESIAN_POINT('',(-0.019,-0.00311225025850039,0.34726259134016));
#738=CARTESIAN_POINT('',(-0.019,-0.00319440479621658,0.345266990928822));
#739=CARTESIAN_POINT('',(-0.019,-0.00329059581065627,0.342872027160213));
#740=CARTESIAN_POINT('',(-0.019,-0.00336566879758352,0.340476934830356));
#741=CARTESIAN_POINT('',(-0.019,-0.00340083895681502,0.338081469232488));
#742=CARTESIAN_POINT('',(-0.019,-0.00338781569598835,0.33568558326745));
#743=CARTESIAN_POINT('',(-0.019,-0.00332012131332124,0.333289188886377));
#744=CARTESIAN_POINT('',(-0.019,-0.00319110692777016,0.330892320997695));
#745=CARTESIAN_POINT('',(-0.019,-0.00299529905700394,0.328502802578631));
#746=CARTESIAN_POINT('',(-0.019,-0.00272788485722852,0.32612005915197));
#747=CARTESIAN_POINT('',(-0.019,-0.00243791273484276,0.324140375788091));
#748=CARTESIAN_POINT('',(-0.019,-0.00216186439810965,0.322564869043537));
#749=CARTESIAN_POINT('',(-0.019,-0.00193137138740242,0.321387168199961));
#750=CARTESIAN_POINT('',(-0.019,-0.00171819627024222,0.320409948773345));
#751=CARTESIAN_POINT('',(-0.019,-0.0015338826928294,0.319631821621395));
#752=CARTESIAN_POINT('',(-0.019,-0.00138853824444159,0.319049654184224));
#753=CARTESIAN_POINT('',(-0.019,-0.00126101064030714,0.318566980926798));
#754=CARTESIAN_POINT('',(-0.019,-0.00115542809967095,0.318179697658419));
#755=CARTESIAN_POINT('',(-0.019,-0.00107319028764583,0.317895478282171));
#756=CARTESIAN_POINT('',(-0.019,-0.00099279405068808,0.317589821761961));
#757=CARTESIAN_POINT('',(-0.019,-0.00120693133611144,0.317324675296017));
#758=CARTESIAN_POINT('',(-0.019,-0.00153537435442056,0.317305502385101));
#759=CARTESIAN_POINT('',(-0.019,-0.00169437528002184,0.317457501458154));
#760=CARTESIAN_POINT('',(-0.019,-0.00173269966525358,0.317552320313533));
#761=CARTESIAN_POINT('',(-0.019,0.0461214429566596,0.00706222192003112));
#762=CARTESIAN_POINT('',(-0.019,-0.00419923128985898,0.33569280491242));
#763=CARTESIAN_POINT('',(-0.019,-0.00385867537142899,0.333468727201003));
#764=CARTESIAN_POINT('',(-0.019,-0.05032067424652,0.328630582992389));
#765=CARTESIAN_POINT('',(-0.019,-0.00642330900127609,0.33535224899399));
#766=CARTESIAN_POINT('',(-0.019,0.0438973652452428,0.00672166600160118));
#767=CARTESIAN_POINT('',(-0.019,-0.00608275308284608,0.333128171282573));
#768=CARTESIAN_POINT('',(-0.019,-0.0499801183280826,0.326406505280974));
#769=CARTESIAN_POINT('',(0.,-0.00675,0.311127164991155));
#770=CARTESIAN_POINT('',(-0.00156483252975127,-0.00675,0.335645427537233));
#771=CARTESIAN_POINT('',(-0.00312733252975121,-0.00675,0.336547537332841));
#772=CARTESIAN_POINT('',(-2.00813118430731E-6,-0.00675,0.334743394861695));
#773=CARTESIAN_POINT('',(0.00156039645747273,-0.00675,0.335645559743068));
#774=CARTESIAN_POINT('',(0.00312266747024868,-0.00675,0.336547537332841));
#775=CARTESIAN_POINT('',(0.00312266747024864,-0.00675,0.338351756924059));
#776=CARTESIAN_POINT('',(0.00312266747024861,-0.00675,0.340155976515277));
#777=CARTESIAN_POINT('',(0.00156016747024864,-0.00675,0.341058086310885));
#778=CARTESIAN_POINT('',(-2.65692831826675E-6,-0.00675,0.341960118986423));
#779=CARTESIAN_POINT('',(-0.00156506151697532,-0.00675,0.34105795410505));
#780=CARTESIAN_POINT('',(-0.00312733252975127,-0.00675,0.340155976515277));
#781=CARTESIAN_POINT('',(-0.00312733252975123,-0.00675,0.338351756924059));
#782=CARTESIAN_POINT('',(-2.33252975129263E-6,-0.00675,0.338351756924059));
#783=CARTESIAN_POINT('',(-2.33252975129263E-6,-0.00675,0.336601756924059));
#784=CARTESIAN_POINT('',(0.00312266747024864,-0.03175,0.338351756924059));
#785=CARTESIAN_POINT('',(0.00312266747024861,-0.03175,0.340155976515277));
#786=CARTESIAN_POINT('',(0.00312266747024863,-0.0083568111194747,0.340155976515277));
#787=CARTESIAN_POINT('',(0.00312266747024868,-0.03175,0.336547537332841));
#788=CARTESIAN_POINT('',(0.00312266747024868,-0.00768567046778672,0.336547537332841));
#789=CARTESIAN_POINT('',(0.00312266747024863,-0.00835681111947469,0.340155976515277));
#790=CARTESIAN_POINT('',(0.00312266747024864,-0.00816485395446761,0.338947257022288));
#791=CARTESIAN_POINT('',(0.00312266747024865,-0.00793428606679391,0.337745718813023));
#792=CARTESIAN_POINT('',(0.00312266747024866,-0.00768567046778668,0.336547537332841));
#793=CARTESIAN_POINT('',(-2.33252975129263E-6,-0.015,0.338351756924059));
#794=CARTESIAN_POINT('',(-0.00137982108620313,-0.00576567572673936,0.339717676276243));
#795=CARTESIAN_POINT('',(-2.02173261592623E-6,-0.00582835658289759,0.34029367438002));
#796=CARTESIAN_POINT('',(0.00137391283815858,-0.00576572626556435,0.33971816774803));
#797=CARTESIAN_POINT('',(0.00193460226125422,-0.00560241068307359,0.338351169669579));
#798=CARTESIAN_POINT('',(0.00137368265782183,-0.0054186996710388,0.336985268102622));
#799=CARTESIAN_POINT('',(-1.93977294963789E-6,-0.00533516812635221,0.336410483308571));
#800=CARTESIAN_POINT('',(-0.0013758695681152,-0.00541842461136172,0.336983340988203));
#801=CARTESIAN_POINT('',(-0.00193957319267113,-0.0056020703738394,0.338348453415854));
#802=CARTESIAN_POINT('',(-0.00137982108620313,-0.00576567572673936,0.339717676276243));
#803=CARTESIAN_POINT('',(-2.02173261592623E-6,-0.00582835658289759,0.34029367438002));
#804=CARTESIAN_POINT('',(0.00137391283815858,-0.00576572626556435,0.33971816774803));
#805=CARTESIAN_POINT('',(-2.33252975112563E-6,-0.00580747138731567,0.340101756924059));
#806=CARTESIAN_POINT('',(0.345377188253796,-0.00350133396079433,0.344872576968));
#807=CARTESIAN_POINT('',(0.0151510583236814,-0.0030997480691899,0.327985972166062));
#808=CARTESIAN_POINT('',(0.0152266166977273,-0.00294564441766785,0.326508806151958));
#809=CARTESIAN_POINT('',(0.0153118077125042,-0.00274770250504385,0.325036579649524));
#810=CARTESIAN_POINT('',(0.0154062852539821,-0.00249740509943597,0.323574276729863));
#811=CARTESIAN_POINT('',(0.0151510583236814,-0.0030997480691899,0.327985972166062));
#812=CARTESIAN_POINT('',(0.0151510583236814,-1.32821501068613,0.327985972166062));
#813=CARTESIAN_POINT('',(0.000824735553499664,-0.00649633028922025,0.356648318986954));
#814=CARTESIAN_POINT('',(0.000824735553499664,-0.00307949012354358,0.356648318986954));
#815=CARTESIAN_POINT('',(0.00769107238235025,-0.00649633028922025,0.355262780038788));
#816=CARTESIAN_POINT('',(0.00769107238235025,-0.00307949012354358,0.355262780038788));
#817=CARTESIAN_POINT('',(0.01408448572431,-0.00649633028922025,0.337051850455115));
#818=CARTESIAN_POINT('',(0.01408448572431,-0.00307949012354358,0.337051850455115));
#819=CARTESIAN_POINT('',(0.0151510583236814,-0.00649633028922025,0.327985972166062));
#820=CARTESIAN_POINT('',(0.0151510583236814,-0.00307949012354358,0.327985972166062));
#821=CARTESIAN_POINT('',(0.0135414357408014,-0.00419923128985893,0.33569280491242));
#822=CARTESIAN_POINT('',(0.013747358554822,-0.00408619282665856,0.334954581575425));
#823=CARTESIAN_POINT('',(0.0139414573633104,-0.00397269230885612,0.334213340685992));
#824=CARTESIAN_POINT('',(0.0141223409620088,-0.00385867537142892,0.333468727201003));
#825=CARTESIAN_POINT('',(0.0135414357408013,-0.00419923128985898,0.33569280491242));
#826=CARTESIAN_POINT('',(0.0141223409620087,-0.003858675371429,0.333468727201003));
#827=CARTESIAN_POINT('',(0.0135414357408013,-0.00419923128985894,0.33569280491242));
#828=CARTESIAN_POINT('',(0.0135557663952413,-0.00453474545097669,0.335641430208785));
#829=CARTESIAN_POINT('',(0.0135700353318893,-0.00487026216320718,0.335590055114517));
#830=CARTESIAN_POINT('',(0.0135842423347003,-0.00520578143548045,0.33553867962825));
#831=CARTESIAN_POINT('',(0.0135842423347003,-0.00520578143548044,0.335538679628251));
#832=CARTESIAN_POINT('',(0.00395938610185881,-0.00621583240455099,0.354893523097272));
#833=CARTESIAN_POINT('',(0.00463966482747387,-0.00627817256279815,0.354278573909013));
#834=CARTESIAN_POINT('',(0.00586728380246233,-0.00638024209202941,0.35288163927935));
#835=CARTESIAN_POINT('',(0.00790715841148259,-0.00645341279660378,0.34986044110086));
#836=CARTESIAN_POINT('',(0.00999371721908812,-0.00633249904638465,0.345783710318906));
#837=CARTESIAN_POINT('',(0.0120220480886246,-0.00591102705640926,0.340696620980988));
#838=CARTESIAN_POINT('',(0.0131060957768302,-0.0054700644355978,0.337267757340446));
#839=CARTESIAN_POINT('',(0.0135842423347002,-0.00520578143548034,0.33553867962825));
#840=CARTESIAN_POINT('',(0.00395938610185904,-0.00621583240455089,0.354893523097272));
#841=CARTESIAN_POINT('',(0.00395938608381915,-0.00621583240455386,0.354893523113579));
#842=CARTESIAN_POINT('',(0.00352393235011263,-0.00595252192831121,0.355287158703979));
#843=CARTESIAN_POINT('',(0.00285513133302619,-0.00550904634963686,0.355804014576034));
#844=CARTESIAN_POINT('',(0.00200572161163638,-0.00495525416007723,0.356259079002966));
#845=CARTESIAN_POINT('',(0.00149930672938441,-0.0046139442143793,0.356463722588222));
#846=CARTESIAN_POINT('',(0.00124908444804409,-0.00442242010688229,0.356543558254563));
#847=CARTESIAN_POINT('',(0.00111060657149332,-0.00434596644976614,0.356580904589135));
#848=CARTESIAN_POINT('',(0.00111060657195309,-0.00434596645001895,0.356580904589011));
#849=CARTESIAN_POINT('',(0.00111060657132455,-0.00434596645001929,0.35658090458918));
#850=CARTESIAN_POINT('',(0.0010834621261641,-0.00431057286221566,0.35658822522086));
#851=CARTESIAN_POINT('',(0.00102924190951023,-0.00424167975760083,0.356602433618366));
#852=CARTESIAN_POINT('',(0.000940199568890054,-0.00413210964251207,0.356623472461355));
#853=CARTESIAN_POINT('',(0.000961590777308762,-0.00398651166368515,0.356618677160631));
#854=CARTESIAN_POINT('',(0.00111583208365375,-0.00388267463515484,0.356580904207956));
#855=CARTESIAN_POINT('',(0.00131102969648406,-0.00379625014584901,0.356524303042714));
#856=CARTESIAN_POINT('',(0.00163622232721567,-0.00370146057620249,0.356412281908432));
#857=CARTESIAN_POINT('',(0.00204013464133366,-0.00362136011976261,0.356238335085704));
#858=CARTESIAN_POINT('',(0.00265918333379338,-0.00353760041146251,0.355904959979027));
#859=CARTESIAN_POINT('',(0.00338075301504313,-0.0034725802908137,0.35540576180608));
#860=CARTESIAN_POINT('',(0.00418378627963821,-0.00339896120571253,0.354706006265126));
#861=CARTESIAN_POINT('',(0.00491411555835389,-0.00335332323522372,0.353951260581124));
#862=CARTESIAN_POINT('',(0.0058171603411999,-0.00330299955054157,0.35288606407506));
#863=CARTESIAN_POINT('',(0.00683807961700177,-0.00326884522131044,0.351468342740323));
#864=CARTESIAN_POINT('',(0.00794343044131819,-0.00325507103006102,0.349665263932304));
#865=CARTESIAN_POINT('',(0.00893488836340211,-0.003314532819242,0.347822753247981));
#866=CARTESIAN_POINT('',(0.00984017332346846,-0.0034098317949993,0.34594508213971));
#867=CARTESIAN_POINT('',(0.0109503048376186,-0.00352328323428089,0.343403047144336));
#868=CARTESIAN_POINT('',(0.0121812288271308,-0.0036276968485124,0.340161596055718));
#869=CARTESIAN_POINT('',(0.0134434937428443,-0.00362907242669787,0.336185865299538));
#870=CARTESIAN_POINT('',(0.0144849704207177,-0.00347504059533,0.332111943125721));
#871=CARTESIAN_POINT('',(0.0149880721839982,-0.00324849238187184,0.329371356064018));
#872=CARTESIAN_POINT('',(0.0151510583236813,-0.00309974806918992,0.327985972166062));
#873=CARTESIAN_POINT('',(0.0141223409620088,-0.00385867537142896,0.333468727201003));
#874=CARTESIAN_POINT('',(0.0141345384600487,-0.00418659241510188,0.333418515785546));
#875=CARTESIAN_POINT('',(0.0141466717214945,-0.00451451176541605,0.333368304016891));
#876=CARTESIAN_POINT('',(0.0141587401759139,-0.00484243344285473,0.3333180918919));
#877=CARTESIAN_POINT('',(0.00156016747024864,-0.03175,0.341058086310885));
#878=CARTESIAN_POINT('',(-2.65692831826675E-6,-0.03175,0.341960118986423));
#879=CARTESIAN_POINT('',(-2.59252566166009E-6,-0.00866581138480869,0.341960106592127));
#880=CARTESIAN_POINT('',(2.92810226540375E-16,-0.0086657023642081,0.341958849419814));
#881=CARTESIAN_POINT('',(0.00104159315204516,-0.00857222779485191,0.341357485333095));
#882=CARTESIAN_POINT('',(0.00208247821755325,-0.00846920890060683,0.340756530060329));
#883=CARTESIAN_POINT('',(0.00312266747024871,-0.0083568111194747,0.340155976515277));
#884=CARTESIAN_POINT('',(2.82911206522804E-16,-0.00866570236420806,0.341958849419814));
#885=CARTESIAN_POINT('',(-2.48779782453381E-6,-0.00866583550525791,0.341960285750558));
#886=CARTESIAN_POINT('',(-1.65853160638381E-6,-0.00866579113179899,0.341959806973484));
#887=CARTESIAN_POINT('',(-8.29265664959465E-7,-0.00866574675144927,0.341959328196569));
#888=CARTESIAN_POINT('',(0.,-0.00866570236420822,0.341958849419814));
#889=CARTESIAN_POINT('',(-0.00156506151697532,-0.03175,0.34105795410505));
#890=CARTESIAN_POINT('',(-0.00312733252975127,-0.03175,0.340155976515277));
#891=CARTESIAN_POINT('',(-0.00312733252975127,-0.00835673477569489,0.340155976515277));
#892=CARTESIAN_POINT('',(-0.00312733252975131,-0.00835673477569488,0.340155976515277));
#893=CARTESIAN_POINT('',(-0.00208645887164841,-0.00846920394014404,0.340756925201975));
#894=CARTESIAN_POINT('',(-0.00104488849533796,-0.00857228119308993,0.341358276139118));
#895=CARTESIAN_POINT('',(-2.60922264676806E-6,-0.00866580237013513,0.341960036357776));
#896=CARTESIAN_POINT('',(-0.00312733252975123,-0.03175,0.338351756924059));
#897=CARTESIAN_POINT('',(-0.00312733252975121,-0.03175,0.336547537332841));
#898=CARTESIAN_POINT('',(-0.00312733252975121,-0.00768558462362143,0.336547537332841));
#899=CARTESIAN_POINT('',(-0.0031273325297512,-0.00768558462362144,0.336547537332841));
#900=CARTESIAN_POINT('',(-0.00312733252975122,-0.00793420674507644,0.337745718123327));
#901=CARTESIAN_POINT('',(-0.00312733252975123,-0.00816477882303495,0.338947256124182));
#902=CARTESIAN_POINT('',(-0.00312733252975125,-0.00835673477569488,0.340155976515277));
#903=CARTESIAN_POINT('',(-0.00156483252975127,-0.03175,0.335645427537233));
#904=CARTESIAN_POINT('',(-2.00813118430731E-6,-0.03175,0.334743394861695));
#905=CARTESIAN_POINT('',(-2.10592781116782E-6,-0.00736648409993763,0.334743266787291));
#906=CARTESIAN_POINT('',(-2.14156207683719E-6,-0.00736647043618593,0.334743207486386));
#907=CARTESIAN_POINT('',(-0.00104386225543284,-0.00747296756795219,0.335344645209115));
#908=CARTESIAN_POINT('',(-0.00208554596922017,-0.00757994757060556,0.335946061581681));
#909=CARTESIAN_POINT('',(-0.00312733252975109,-0.00768558462362149,0.336547537332842));
#910=CARTESIAN_POINT('',(0.00156039645747273,-0.03175,0.335645559743068));
#911=CARTESIAN_POINT('',(0.00312266747024869,-0.00768567046778671,0.336547537332841));
#912=CARTESIAN_POINT('',(0.00208172218030438,-0.00758012502713334,0.33594654728948));
#913=CARTESIAN_POINT('',(0.00104087951136429,-0.00747323949572056,0.335345616494384));
#914=CARTESIAN_POINT('',(0.,-0.00736683507626486,0.334744664428304));
#915=CARTESIAN_POINT('',(-5.00048084264001E-17,-0.00736683507626484,0.334744664428304));
#916=CARTESIAN_POINT('',(-2.05456311686008E-17,-0.00736683507626481,0.334744664428303));
#917=CARTESIAN_POINT('',(-6.85279219151241E-7,-0.00736673368631124,0.334744268782162));
#918=CARTESIAN_POINT('',(-1.37055817099357E-6,-0.00736663229394888,0.334743873136175));
#919=CARTESIAN_POINT('',(-2.0558368555363E-6,-0.00736653089917783,0.334743477490342));
#920=CARTESIAN_POINT('',(0.,-0.00434600279503512,0.356729189319368));
#921=CARTESIAN_POINT('',(0.00633323407493436,-0.00434579550911735,0.355883595471745));
#922=CARTESIAN_POINT('',(0.0126664681498687,-0.00434558822319959,0.355038001624122));
#923=CARTESIAN_POINT('',(0.0190000000000001,-0.0043454059153423,0.354192508171577));
#924=CARTESIAN_POINT('',(0.,-0.00445493909307001,0.356702628249791));
#925=CARTESIAN_POINT('',(0.00633323407493436,-0.00445425806150503,0.355855404036447));
#926=CARTESIAN_POINT('',(0.0126664681498687,-0.00445357702994004,0.355008179823104));
#927=CARTESIAN_POINT('',(0.0190000000000001,-0.00445297806303146,0.354161252464752));
#928=CARTESIAN_POINT('',(0.,-0.0045638753911049,0.356676067180213));
#929=CARTESIAN_POINT('',(0.00633323407493436,-0.0045627206138927,0.35582721260115));
#930=CARTESIAN_POINT('',(0.0126664681498687,-0.00456156583668051,0.354978358022086));
#931=CARTESIAN_POINT('',(0.0190000000000001,-0.00456055021072063,0.354129996757927));
#932=CARTESIAN_POINT('',(0.,-0.00478260364234185,0.356600694467769));
#933=CARTESIAN_POINT('',(0.00633323407493436,-0.00478016421832383,0.355748580909393));
#934=CARTESIAN_POINT('',(0.0126664681498687,-0.00477772479430581,0.354896467351017));
#935=CARTESIAN_POINT('',(0.0190000000000001,-0.00477557932214574,0.354045239816241));
#936=CARTESIAN_POINT('',(0.,-0.0048925796662271,0.356550471173874));
#937=CARTESIAN_POINT('',(0.00633323407493436,-0.00488930786505432,0.355696727149773));
#938=CARTESIAN_POINT('',(0.0126664681498687,-0.00488603606388153,0.354842983125673));
#939=CARTESIAN_POINT('',(0.0190000000000001,-0.00488315851644508,0.353990321597137));
#940=CARTESIAN_POINT('',(0.,-0.00505618684188236,0.356462009348862));
#941=CARTESIAN_POINT('',(0.00633323407493436,-0.00505146879725447,0.355605848821684));
#942=CARTESIAN_POINT('',(0.0126664681498687,-0.00504675075262658,0.354749688294507));
#943=CARTESIAN_POINT('',(0.0190000000000001,-0.00504260123482061,0.353894901452768));
#944=CARTESIAN_POINT('',(0.,-0.00511047674362101,0.356430425172037));
#945=CARTESIAN_POINT('',(0.00633323407493436,-0.0051052450598057,0.355573464247415));
#946=CARTESIAN_POINT('',(0.0126664681498687,-0.0051000133759904,0.354716503322792));
#947=CARTESIAN_POINT('',(0.0190000000000001,-0.0050954121127852,0.353861012531915));
#948=CARTESIAN_POINT('',(0.,-0.00521826454813924,0.35636383721565));
#949=CARTESIAN_POINT('',(0.00633323407493436,-0.00521195437979556,0.355505289735464));
#950=CARTESIAN_POINT('',(0.0126664681498687,-0.00520564421145188,0.354646742255278));
#951=CARTESIAN_POINT('',(0.0190000000000001,-0.00520009442166271,0.353789856089605));
#952=CARTESIAN_POINT('',(0.,-0.00527178519615532,0.356328759408861));
#953=CARTESIAN_POINT('',(0.00633323407493436,-0.0052649090476185,0.355469425475378));
#954=CARTESIAN_POINT('',(0.0126664681498687,-0.00525803289908168,0.354610091541894));
#955=CARTESIAN_POINT('',(0.0190000000000001,-0.00525198533000584,0.353752513690952));
#956=CARTESIAN_POINT('',(0.,-0.00543109571588806,0.356218298013344));
#957=CARTESIAN_POINT('',(0.00633323407493436,-0.00542244336832189,0.355356627103521));
#958=CARTESIAN_POINT('',(0.0126664681498687,-0.00541379102075572,0.354494956193698));
#959=CARTESIAN_POINT('',(0.0190000000000001,-0.00540618128555377,0.353635322973277));
#960=CARTESIAN_POINT('',(0.,-0.00553568326955343,0.356137691565234));
#961=CARTESIAN_POINT('',(0.00633323407493436,-0.00552574248965554,0.355274491769702));
#962=CARTESIAN_POINT('',(0.0126664681498687,-0.00551580170975766,0.354411291974171));
#963=CARTESIAN_POINT('',(0.0190000000000001,-0.00550705879898745,0.353550314099561));
#964=CARTESIAN_POINT('',(0.,-0.00574055193177356,0.355963168297536));
#965=CARTESIAN_POINT('',(0.00633323407493436,-0.0057278357819423,0.355096984666447));
#966=CARTESIAN_POINT('',(0.0126664681498687,-0.00571511963211104,0.354230801035358));
#967=CARTESIAN_POINT('',(0.0190000000000001,-0.00570393578492226,0.353367198878921));
#968=CARTESIAN_POINT('',(0.,-0.00584075814838281,0.355869242734001));
#969=CARTESIAN_POINT('',(0.00633323407493436,-0.0058265549781418,0.355001605291748));
#970=CARTESIAN_POINT('',(0.0126664681498687,-0.00581235180790078,0.354133967849495));
#971=CARTESIAN_POINT('',(0.0190000000000001,-0.005799860127032,0.353269087066893));
#972=CARTESIAN_POINT('',(0.,-0.0060350891577186,0.355668632136159));
#973=CARTESIAN_POINT('',(0.00633323407493436,-0.00601772294733212,0.354798187494163));
#974=CARTESIAN_POINT('',(0.0126664681498687,-0.00600035673694564,0.353927742852166));
#975=CARTESIAN_POINT('',(0.0190000000000001,-0.00598508316390759,0.353060393138844));
#976=CARTESIAN_POINT('',(0.,-0.00612928794173852,0.355561965258741));
#977=CARTESIAN_POINT('',(0.00633323407493436,-0.00611024593741136,0.354690166096887));
#978=CARTESIAN_POINT('',(0.0126664681498687,-0.0060912039330842,0.353818366935032));
#979=CARTESIAN_POINT('',(0.0190000000000001,-0.00607445650014349,0.352949825922196));
#980=CARTESIAN_POINT('',(0.,-0.00640367469090408,0.355224500147042));
#981=CARTESIAN_POINT('',(0.00633323407493436,-0.00637934653710371,0.354348773149251));
#982=CARTESIAN_POINT('',(0.0126664681498687,-0.00635501838330333,0.35347304615146));
#983=CARTESIAN_POINT('',(0.0190000000000001,-0.00633362178463951,0.352601050608953));
#984=CARTESIAN_POINT('',(0.,-0.00657551754171326,0.354975893251148));
#985=CARTESIAN_POINT('',(0.00633323407493436,-0.00654731514769479,0.354097730938157));
#986=CARTESIAN_POINT('',(0.0126664681498687,-0.00651911275367632,0.353219568625165));
#987=CARTESIAN_POINT('',(0.0190000000000001,-0.00649430876274779,0.352345431224201));
#988=CARTESIAN_POINT('',(0.,-0.00690334303272007,0.354446117312954));
#989=CARTESIAN_POINT('',(0.00633323407493436,-0.00686691005716893,0.353563345797558));
#990=CARTESIAN_POINT('',(0.0126664681498687,-0.00683047708161779,0.352680574282161));
#991=CARTESIAN_POINT('',(0.0190000000000001,-0.00679843429849527,0.351802383090069));
#992=CARTESIAN_POINT('',(0.,-0.00705889259351044,0.354164642367127));
#993=CARTESIAN_POINT('',(0.00633323407493434,-0.0070180989351965,0.353279703717875));
#994=CARTESIAN_POINT('',(0.0126664681498687,-0.00697730527688256,0.352394765068622));
#995=CARTESIAN_POINT('',(0.019,-0.00694142727552928,0.351514667883427));
#996=CARTESIAN_POINT('',(0.,-0.0073513015619375,0.353574070321639));
#997=CARTESIAN_POINT('',(0.00633323407493436,-0.00730138103468528,0.352685098379247));
#998=CARTESIAN_POINT('',(0.0126664681498687,-0.00725146050743307,0.351796126436855));
#999=CARTESIAN_POINT('',(0.0190000000000001,-0.0072075554295769,0.350912481972433));
#1000=CARTESIAN_POINT('',(0.,-0.00748834725428021,0.353265034761));
#1001=CARTESIAN_POINT('',(0.00633323407493436,-0.00743366134873418,0.352374193800702));
#1002=CARTESIAN_POINT('',(0.0126664681498687,-0.00737897544318814,0.351483352840403));
#1003=CARTESIAN_POINT('',(0.0190000000000001,-0.00733087921759135,0.350598064575701));
#1004=CARTESIAN_POINT('',(0.,-0.00774451416278889,0.352624270369707));
#1005=CARTESIAN_POINT('',(0.00633323407493436,-0.00767996605207976,0.351729977510185));
#1006=CARTESIAN_POINT('',(0.0126664681498687,-0.00761541794137064,0.350835684650663));
#1007=CARTESIAN_POINT('',(0.0190000000000001,-0.00755864791144218,0.349947360442381));
#1008=CARTESIAN_POINT('',(0.,-0.00786381228353174,0.352292539657085));
#1009=CARTESIAN_POINT('',(0.00633323407493436,-0.007794167200644,0.351396661241406));
#1010=CARTESIAN_POINT('',(0.0126664681498687,-0.00772452211775627,0.350500782825726));
#1011=CARTESIAN_POINT('',(0.0190000000000001,-0.0076632693034373,0.349611064121626));
#1012=CARTESIAN_POINT('',(0.,-0.00808391036411202,0.351609877855893));
#1013=CARTESIAN_POINT('',(0.00633323407493436,-0.00800379310513679,0.350711120835816));
#1014=CARTESIAN_POINT('',(0.0126664681498687,-0.00792367584616156,0.349812363815739));
#1015=CARTESIAN_POINT('',(0.0190000000000001,-0.00785321275839892,0.348920113380562));
#1016=CARTESIAN_POINT('',(0.,-0.00818442454366882,0.351258936094569));
#1017=CARTESIAN_POINT('',(0.00633323407493436,-0.00809893210808463,0.350358890356375));
#1018=CARTESIAN_POINT('',(0.0126664681498687,-0.00801343967250043,0.349458844618182));
#1019=CARTESIAN_POINT('',(0.0190000000000001,-0.00793824911969492,0.348565460756089));
#1020=CARTESIAN_POINT('',(0.,-0.00836759608389663,0.350540700553486));
#1021=CARTESIAN_POINT('',(0.00633323407493436,-0.00827111772764289,0.349638358303967));
#1022=CARTESIAN_POINT('',(0.0126664681498687,-0.00817463937138916,0.348736016054448));
#1023=CARTESIAN_POINT('',(0.0190000000000001,-0.00808978670704621,0.347840612411835));
#1024=CARTESIAN_POINT('',(0.,-0.00845044780132273,0.350173416242509));
#1025=CARTESIAN_POINT('',(0.00633323407493436,-0.00834835871587824,0.349270063253441));
#1026=CARTESIAN_POINT('',(0.0126664681498687,-0.00824626963043375,0.348366710264373));
#1027=CARTESIAN_POINT('',(0.0190000000000001,-0.00815648233267426,0.347470417676849));
#1028=CARTESIAN_POINT('',(0.,-0.00859745222024357,0.349424982001874));
#1029=CARTESIAN_POINT('',(0.00633323407493436,-0.00848394427764691,0.348519899556561));
#1030=CARTESIAN_POINT('',(0.0126664681498687,-0.00837043633505024,0.347614817111248));
#1031=CARTESIAN_POINT('',(0.0190000000000001,-0.00827060615834115,0.346717003467853));
#1032=CARTESIAN_POINT('',(0.,-0.00866156495560283,0.349043822188072));
#1033=CARTESIAN_POINT('',(0.00633323407493436,-0.00854224876192109,0.34813802163717));
#1034=CARTESIAN_POINT('',(0.0126664681498687,-0.00842293256823934,0.347232221086267));
#1035=CARTESIAN_POINT('',(0.0190000000000001,-0.00831799403770999,0.346333775869378));
#1036=CARTESIAN_POINT('',(0.,-0.00877063240959677,0.348270414759231));
#1037=CARTESIAN_POINT('',(0.00633323407493436,-0.00863954463891861,0.347363475128764));
#1038=CARTESIAN_POINT('',(0.0126664681498687,-0.00850845686824044,0.346456535498297));
#1039=CARTESIAN_POINT('',(0.0190000000000001,-0.0083931652418412,0.345557088461522));
#1040=CARTESIAN_POINT('',(0.,-0.00881558313031534,0.347878165494622));
#1041=CARTESIAN_POINT('',(0.00633323407493436,-0.00867853201141283,0.346970804951747));
#1042=CARTESIAN_POINT('',(0.0126664681498687,-0.00854148089251032,0.346063444408872));
#1043=CARTESIAN_POINT('',(0.0190000000000001,-0.00842094450443718,0.345163627179851));
#1044=CARTESIAN_POINT('',(0.,-0.00888284233451316,0.347083405562526));
#1045=CARTESIAN_POINT('',(0.00633323407493436,-0.00873372424671058,0.346175552487373));
#1046=CARTESIAN_POINT('',(0.0126664681498687,-0.00858460615890801,0.34526769941222));
#1047=CARTESIAN_POINT('',(0.0190000000000001,-0.00845345687793875,0.344367449001316));
#1048=CARTESIAN_POINT('',(0.,-0.00890522761620071,0.346680906115039));
#1049=CARTESIAN_POINT('',(0.00633323407493436,-0.00875000602672738,0.345772980250858));
#1050=CARTESIAN_POINT('',(0.0126664681498687,-0.00859478443725405,0.344865054386678));
#1051=CARTESIAN_POINT('',(0.0190000000000001,-0.00845826712972739,0.343964739957862));
#1052=CARTESIAN_POINT('',(0.,-0.0089290151671168,0.345867173174939));
#1053=CARTESIAN_POINT('',(0.00633323407493436,-0.00876146831073052,0.344959424916929));
#1054=CARTESIAN_POINT('',(0.0126664681498687,-0.00859392145434425,0.344051676658919));
#1055=CARTESIAN_POINT('',(0.0190000000000001,-0.00844656408095295,0.343151518434638));
#1056=CARTESIAN_POINT('',(0.,-0.00893033732648062,0.34545591194734));
#1057=CARTESIAN_POINT('',(0.00633323407493436,-0.00875656833820782,0.34454841531469));
#1058=CARTESIAN_POINT('',(0.0126664681498687,-0.00858279934993502,0.34364091868204));
#1059=CARTESIAN_POINT('',(0.0190000000000001,-0.00842996961477301,0.342740981762132));
#1060=CARTESIAN_POINT('',(0.,-0.00890923123358333,0.344624613563231));
#1061=CARTESIAN_POINT('',(0.00633323407493436,-0.00872290091216507,0.343717985256376));
#1062=CARTESIAN_POINT('',(0.0126664681498687,-0.00853657059074681,0.342811356949522));
#1063=CARTESIAN_POINT('',(0.0190000000000001,-0.00837269316959098,0.341912183721702));
#1064=CARTESIAN_POINT('',(0.,-0.00888687962644873,0.344204565708048));
#1065=CARTESIAN_POINT('',(0.00633323407493436,-0.00869420989130799,0.343298552949265));
#1066=CARTESIAN_POINT('',(0.0126664681498687,-0.00850154015616726,0.342392540190482));
#1067=CARTESIAN_POINT('',(0.0190000000000001,-0.00833208722392674,0.341493908336872));
#1068=CARTESIAN_POINT('',(0.,-0.00882143744455592,0.343354923367563));
#1069=CARTESIAN_POINT('',(0.00633323407493436,-0.00861595816502368,0.342450461734105));
#1070=CARTESIAN_POINT('',(0.0126664681498687,-0.00841047888549145,0.341546000100647));
#1071=CARTESIAN_POINT('',(0.0190000000000001,-0.00822975996559481,0.340648732460957));
#1072=CARTESIAN_POINT('',(0.,-0.00877833292771725,0.342925323354732));
#1073=CARTESIAN_POINT('',(0.00633323407493436,-0.0085663834431079,0.342021797513084));
#1074=CARTESIAN_POINT('',(0.0126664681498687,-0.00835443395849855,0.341118271671436));
#1075=CARTESIAN_POINT('',(0.0190000000000001,-0.00816802449658858,0.340221827060158));
#1076=CARTESIAN_POINT('',(0.,-0.00867973569606247,0.342058005018437));
#1077=CARTESIAN_POINT('',(0.00633323407493436,-0.00845473117548425,0.341156543521903));
#1078=CARTESIAN_POINT('',(0.0126664681498687,-0.00822972665490602,0.340255082025368));
#1079=CARTESIAN_POINT('',(0.0190000000000001,-0.0080318352956248,0.339360453004548));
#1080=CARTESIAN_POINT('',(0.,-0.00862451584804846,0.341620275251655));
#1081=CARTESIAN_POINT('',(0.00633323407493436,-0.00839292614325175,0.340719938188253));
#1082=CARTESIAN_POINT('',(0.0126664681498687,-0.00816133643845504,0.33981960112485));
#1083=CARTESIAN_POINT('',(0.0190000000000001,-0.00795765341306523,0.338925961042386));
#1084=CARTESIAN_POINT('',(0.,-0.00850141430615931,0.340738500882384));
#1085=CARTESIAN_POINT('',(0.00633323407493436,-0.00825656706949516,0.33984060839514));
#1086=CARTESIAN_POINT('',(0.0126664681498687,-0.008011719832831,0.338942715907895));
#1087=CARTESIAN_POINT('',(0.0190000000000001,-0.00779637681503207,0.338051225828897));
#1088=CARTESIAN_POINT('',(0.,-0.00843331137842639,0.340294524340933));
#1089=CARTESIAN_POINT('',(0.00633323407493436,-0.00818179296980931,0.339397955298427));
#1090=CARTESIAN_POINT('',(0.0126664681498687,-0.00793027456119224,0.338501386255921));
#1091=CARTESIAN_POINT('',(0.0190000000000001,-0.00770906425111682,0.337611060145884));
#1092=CARTESIAN_POINT('',(0.,-0.00828647834759507,0.339401083998273));
#1093=CARTESIAN_POINT('',(0.00633323407493436,-0.0080215416067641,0.338507326229543));
#1094=CARTESIAN_POINT('',(0.0126664681498687,-0.00775660486593313,0.337613568460813));
#1095=CARTESIAN_POINT('',(0.0190000000000001,-0.00752359313962718,0.336725714864606));
#1096=CARTESIAN_POINT('',(0.,-0.00820784759917457,0.338951570370197));
#1097=CARTESIAN_POINT('',(0.00633323407493436,-0.00793616287871743,0.33805929896045));
#1098=CARTESIAN_POINT('',(0.0126664681498687,-0.0076644781582603,0.337167027550702));
#1099=CARTESIAN_POINT('',(0.0190000000000001,-0.00742553158736904,0.33628048120645));
#1100=CARTESIAN_POINT('',(0.,-0.00795929014785475,0.337596223106224));
#1101=CARTESIAN_POINT('',(0.00633323407493436,-0.00766726689158976,0.336708606858801));
#1102=CARTESIAN_POINT('',(0.0126664681498687,-0.00737524363532476,0.335820990611377));
#1103=CARTESIAN_POINT('',(0.0190000000000001,-0.00711840933272721,0.334938538479977));
#1104=CARTESIAN_POINT('',(0.,-0.00777672446435753,0.336683617898877));
#1105=CARTESIAN_POINT('',(0.00633323407493436,-0.00747101656421471,0.335799366120462));
#1106=CARTESIAN_POINT('',(0.0126664681498687,-0.0071653086640719,0.334915114342046));
#1107=CARTESIAN_POINT('',(0.0190000000000001,-0.00689643872427335,0.334035621259395));
#1108=CARTESIAN_POINT('',(0.,-0.00739242049796391,0.334848926987941));
#1109=CARTESIAN_POINT('',(0.00633323407493436,-0.00705921255900335,0.333971700438173));
#1110=CARTESIAN_POINT('',(0.0126664681498687,-0.00672600462004279,0.333094473888405));
#1111=CARTESIAN_POINT('',(0.0190000000000001,-0.0064329484103509,0.33222115949071));
#1112=CARTESIAN_POINT('',(0.,-0.00718996281962064,0.333927286502935));
#1113=CARTESIAN_POINT('',(0.00633323407493434,-0.00684294669580045,0.33305373130124));
#1114=CARTESIAN_POINT('',(0.0126664681498687,-0.00649593057198027,0.332180176099545));
#1115=CARTESIAN_POINT('',(0.019,-0.00619073007085789,0.331310090650579));
#1116=CARTESIAN_POINT('',(0.,-0.00677197165764205,0.332086786422149));
#1117=CARTESIAN_POINT('',(0.00633323407493436,-0.00639738986754521,0.33122076988111));
#1118=CARTESIAN_POINT('',(0.0126664681498687,-0.00602280807744838,0.330354753340071));
#1119=CARTESIAN_POINT('',(0.0190000000000001,-0.00569336358711653,0.329491298139247));
#1120=CARTESIAN_POINT('',(0.,-0.00655598670765979,0.331168119716553));
#1121=CARTESIAN_POINT('',(0.00633323407493436,-0.0061676506522277,0.330305977190152));
#1122=CARTESIAN_POINT('',(0.0126664681498687,-0.00577931459679561,0.32944383466375));
#1123=CARTESIAN_POINT('',(0.0190000000000001,-0.00543777323722704,0.328583786656792));
#1124=CARTESIAN_POINT('',(0.,-0.0061089333179786,0.329344759894539));
#1125=CARTESIAN_POINT('',(0.00633323407493436,-0.00569331007630266,0.328490584340249));
#1126=CARTESIAN_POINT('',(0.0126664681498687,-0.00527768683462673,0.327636408785959));
#1127=CARTESIAN_POINT('',(0.0190000000000001,-0.00491214640889328,0.326783367726846));
#1128=CARTESIAN_POINT('',(0.,-0.00587814939886131,0.328439851349985));
#1129=CARTESIAN_POINT('',(0.00633323407493436,-0.00544898978952022,0.327589764591435));
#1130=CARTESIAN_POINT('',(0.0126664681498687,-0.00501983018017912,0.326739677832885));
#1131=CARTESIAN_POINT('',(0.0190000000000001,-0.00464238452609691,0.325890232867507));
#1132=CARTESIAN_POINT('',(0.,-0.00540318869701098,0.326653929345023));
#1133=CARTESIAN_POINT('',(0.00633323407493436,-0.00494732666526639,0.325812206993379));
#1134=CARTESIAN_POINT('',(0.0126664681498687,-0.00449146463352179,0.324970484641736));
#1135=CARTESIAN_POINT('',(0.0190000000000001,-0.00409053421276933,0.324128396167899));
#1136=CARTESIAN_POINT('',(0.,-0.00515827871545658,0.325772749988188));
#1137=CARTESIAN_POINT('',(0.00633323407493436,-0.00468924860367041,0.324935314448576));
#1138=CARTESIAN_POINT('',(0.0126664681498687,-0.00422021849188424,0.324097878908964));
#1139=CARTESIAN_POINT('',(0.0190000000000001,-0.00380770675155716,0.323259560684088));
#1140=CARTESIAN_POINT('',(0.,-0.00465654630800925,0.32404405630129));
#1141=CARTESIAN_POINT('',(0.00633323407493436,-0.00416169716382954,0.323215352353708));
#1142=CARTESIAN_POINT('',(0.0126664681498687,-0.00366684801964983,0.322386648406127));
#1143=CARTESIAN_POINT('',(0.0190000000000001,-0.0032316284537086,0.321556009611917));
#1144=CARTESIAN_POINT('',(0.,-0.0043990233230926,0.323196553636687));
#1145=CARTESIAN_POINT('',(0.00633323407493436,-0.00389152386572622,0.322372305058943));
#1146=CARTESIAN_POINT('',(0.0126664681498687,-0.00338402440835984,0.321548056481199));
#1147=CARTESIAN_POINT('',(0.0190000000000001,-0.00293767889852465,0.320721336182454));
#1148=CARTESIAN_POINT('',(0.,-0.00387349606934827,0.321547485579898));
#1149=CARTESIAN_POINT('',(0.00633323407493436,-0.00334139781360233,0.32073227595479));
#1150=CARTESIAN_POINT('',(0.0126664681498687,-0.00280929955785639,0.319917066329682));
#1151=CARTESIAN_POINT('',(0.0190000000000001,-0.00234131941759019,0.319098295785098));
#1152=CARTESIAN_POINT('',(0.,-0.00360549826611343,0.320745926277762));
#1153=CARTESIAN_POINT('',(0.00633323407493434,-0.0030614516130301,0.319935300133624));
#1154=CARTESIAN_POINT('',(0.0126664681498687,-0.00251740495994677,0.319124673989486));
#1155=CARTESIAN_POINT('',(0.019,-0.0020389162104124,0.31830993461404));
#1156=CARTESIAN_POINT('',(0.,-0.00333234526698403,0.319974947449927));
#1157=CARTESIAN_POINT('',(0.00633323407493436,-0.00277681622043724,0.319168962573278));
#1158=CARTESIAN_POINT('',(0.0126664681498687,-0.00222128717389044,0.318362977696628));
#1159=CARTESIAN_POINT('',(0.0190000000000001,-0.0017326996652536,0.317552320313533));
#1160=CARTESIAN_POINT('',(0.,-0.00333234526698403,0.319974947449927));
#1161=CARTESIAN_POINT('',(0.0182476258412845,-0.00173172762591626,0.317652704139665));
#1162=CARTESIAN_POINT('',(0.0547333895289436,0.00146867540263391,0.313009424987601));
#1163=CARTESIAN_POINT('',(0.0912476283095672,-0.00173228250973838,0.307919332075548));
#1164=CARTESIAN_POINT('',(0.1095,-0.00333234526698404,0.305374947449927));
#1165=CARTESIAN_POINT('',(-1.82428794293088E-11,-0.00333234526540717,0.319974947447672));
#1166=CARTESIAN_POINT('',(0.,-0.00434600279503512,0.356729189319368));
#1167=CARTESIAN_POINT('',(0.0182476258412845,-0.00434540555264287,0.354292822691742));
#1168=CARTESIAN_POINT('',(0.0547333895289436,-0.0043442113783992,0.349421356244259));
#1169=CARTESIAN_POINT('',(0.0912476283095672,-0.00434540575968803,0.344559490190592));
#1170=CARTESIAN_POINT('',(0.1095,-0.00434600279503512,0.342129189319368));
#1171=CARTESIAN_POINT('',(0.,-0.00614273097485632,0.355543222470226));
#1172=CARTESIAN_POINT('',(0.00131947246933686,-0.00616985175203784,0.355324998041032));
#1173=CARTESIAN_POINT('',(0.00263927237448297,-0.00619404534321179,0.355108439710602));
#1174=CARTESIAN_POINT('',(0.00395938610185428,-0.00621583240455033,0.354893523097277));
#1175=CARTESIAN_POINT('',(0.,-0.00614273097485824,0.355543222470211));
#1176=CARTESIAN_POINT('',(0.,0.000309651883804048,0.313179457762298));
#1177=CARTESIAN_POINT('',(0.,0.000291668528499579,0.313198821391564));
#1178=CARTESIAN_POINT('',(0.,0.000244001444644575,0.313250147060457));
#1179=CARTESIAN_POINT('',(0.,5.82711269442315E-5,0.313422084779361));
#1180=CARTESIAN_POINT('',(0.,-0.000202582767552793,0.313644317667205));
#1181=CARTESIAN_POINT('',(0.,-0.000508058596749265,0.313940533497553));
#1182=CARTESIAN_POINT('',(0.,-0.000815195421933554,0.314335956539612));
#1183=CARTESIAN_POINT('',(0.,-0.00113149980153506,0.314846635356657));
#1184=CARTESIAN_POINT('',(0.,-0.00147051021714775,0.315469993105395));
#1185=CARTESIAN_POINT('',(0.,-0.001828541560349,0.316203226977805));
#1186=CARTESIAN_POINT('',(0.,-0.00220334779142459,0.317043844926856));
#1187=CARTESIAN_POINT('',(0.,-0.0025919775587179,0.317987190082916));
#1188=CARTESIAN_POINT('',(0.,-0.00299245685300001,0.319027765197328));
#1189=CARTESIAN_POINT('',(0.,-0.00340170848304203,0.320160274453286));
#1190=CARTESIAN_POINT('',(0.,-0.00381683514054487,0.321377955357036));
#1191=CARTESIAN_POINT('',(0.,-0.0042353145851863,0.322673604156488));
#1192=CARTESIAN_POINT('',(0.,-0.00465495217020044,0.324039488414358));
#1193=CARTESIAN_POINT('',(0.,-0.0050714005684671,0.325467380747156));
#1194=CARTESIAN_POINT('',(0.,-0.00548343274168171,0.326948521854964));
#1195=CARTESIAN_POINT('',(0.,-0.00588677227415153,0.32847416748787));
#1196=CARTESIAN_POINT('',(0.,-0.00628103277111855,0.330035042271066));
#1197=CARTESIAN_POINT('',(0.,-0.00666315616718692,0.331620407816294));
#1198=CARTESIAN_POINT('',(0.,-0.00703142973083304,0.333219520474379));
#1199=CARTESIAN_POINT('',(0.,-0.00738580369181495,0.334818940332518));
#1200=CARTESIAN_POINT('',(0.,-0.00772017649072095,0.336405600061312));
#1201=CARTESIAN_POINT('',(0.,-0.00802985625326805,0.337965846171546));
#1202=CARTESIAN_POINT('',(0.,-0.00830565947421521,0.339489946992989));
#1203=CARTESIAN_POINT('',(0.,-0.00854038688495958,0.340969178622146));
#1204=CARTESIAN_POINT('',(0.,-0.008724578298998,0.342397885839071));
#1205=CARTESIAN_POINT('',(0.,-0.00886414802851485,0.343766858445237));
#1206=CARTESIAN_POINT('',(0.,-0.00893284811809981,0.345072018024593));
#1207=CARTESIAN_POINT('',(0.,-0.00892640757719338,0.346319801738202));
#1208=CARTESIAN_POINT('',(0.,-0.00885754967573841,0.347515014364197));
#1209=CARTESIAN_POINT('',(0.,-0.00872575047927224,0.348656434001759));
#1210=CARTESIAN_POINT('',(0.,-0.00854440356556097,0.34974281241535));
#1211=CARTESIAN_POINT('',(0.,-0.00831833940522915,0.350767211722773));
#1212=CARTESIAN_POINT('',(0.,-0.0080549649508409,0.351724248562279));
#1213=CARTESIAN_POINT('',(0.,-0.00775529982088068,0.352609077280737));
#1214=CARTESIAN_POINT('',(0.,-0.0074271440175041,0.353417512570535));
#1215=CARTESIAN_POINT('',(0.,-0.0070745501318487,0.354145007774334));
#1216=CARTESIAN_POINT('',(0.,-0.00670279061312809,0.354786970873453));
#1217=CARTESIAN_POINT('',(0.,-0.00632115738758036,0.355341294143388));
#1218=CARTESIAN_POINT('',(0.,-0.00592619301675723,0.355798780905683));
#1219=CARTESIAN_POINT('',(0.,-0.00551857916171135,0.356162466046713));
#1220=CARTESIAN_POINT('',(0.,-0.00511373403829761,0.356440042991229));
#1221=CARTESIAN_POINT('',(0.,-0.00471962484525986,0.356638092031773));
#1222=CARTESIAN_POINT('',(0.,-0.00446766115498581,0.356699526330799));
#1223=CARTESIAN_POINT('',(0.,-0.00434600279503512,0.356729189319368));
#1224=CARTESIAN_POINT('',(0.,0.000309651883804048,0.313179457762298));
#1225=CARTESIAN_POINT('',(0.,0.000291668528499579,0.313198821391564));
#1226=CARTESIAN_POINT('',(0.,0.000244001444644575,0.313250147060457));
#1227=CARTESIAN_POINT('',(0.,5.82711269442315E-5,0.313422084779361));
#1228=CARTESIAN_POINT('',(0.,-0.000202582767552793,0.313644317667205));
#1229=CARTESIAN_POINT('',(0.,-0.000508058596749265,0.313940533497553));
#1230=CARTESIAN_POINT('',(0.,-0.000815195421933554,0.314335956539612));
#1231=CARTESIAN_POINT('',(0.,-0.00113149980153506,0.314846635356657));
#1232=CARTESIAN_POINT('',(0.,-0.00147051021714775,0.315469993105395));
#1233=CARTESIAN_POINT('',(0.,-0.001828541560349,0.316203226977805));
#1234=CARTESIAN_POINT('',(0.,-0.00220334779142459,0.317043844926856));
#1235=CARTESIAN_POINT('',(0.,-0.0025919775587179,0.317987190082916));
#1236=CARTESIAN_POINT('',(0.,-0.00299245685300001,0.319027765197328));
#1237=CARTESIAN_POINT('',(0.,-0.00340170848304203,0.320160274453286));
#1238=CARTESIAN_POINT('',(0.,-0.00381683514054487,0.321377955357036));
#1239=CARTESIAN_POINT('',(0.,-0.0042353145851863,0.322673604156488));
#1240=CARTESIAN_POINT('',(0.,-0.00465495217020044,0.324039488414358));
#1241=CARTESIAN_POINT('',(0.,-0.0050714005684671,0.325467380747156));
#1242=CARTESIAN_POINT('',(0.,-0.00548343274168171,0.326948521854964));
#1243=CARTESIAN_POINT('',(0.,-0.00588677227415153,0.32847416748787));
#1244=CARTESIAN_POINT('',(0.,-0.00628103277111855,0.330035042271066));
#1245=CARTESIAN_POINT('',(0.,-0.00666315616718692,0.331620407816294));
#1246=CARTESIAN_POINT('',(0.,-0.00703142973083304,0.333219520474379));
#1247=CARTESIAN_POINT('',(0.,-0.00738580369181495,0.334818940332518));
#1248=CARTESIAN_POINT('',(0.,-0.00772017649072095,0.336405600061312));
#1249=CARTESIAN_POINT('',(0.,-0.00802985625326805,0.337965846171546));
#1250=CARTESIAN_POINT('',(0.,-0.00830565947421521,0.339489946992989));
#1251=CARTESIAN_POINT('',(0.,-0.00854038688495958,0.340969178622146));
#1252=CARTESIAN_POINT('',(0.,-0.008724578298998,0.342397885839071));
#1253=CARTESIAN_POINT('',(0.,-0.00886414802851485,0.343766858445237));
#1254=CARTESIAN_POINT('',(0.,-0.00893284811809981,0.345072018024593));
#1255=CARTESIAN_POINT('',(0.,-0.00892640757719338,0.346319801738202));
#1256=CARTESIAN_POINT('',(0.,-0.00885754967573841,0.347515014364197));
#1257=CARTESIAN_POINT('',(0.,-0.00872575047927224,0.348656434001759));
#1258=CARTESIAN_POINT('',(0.,-0.00854440356556097,0.34974281241535));
#1259=CARTESIAN_POINT('',(0.,-0.00831833940522915,0.350767211722773));
#1260=CARTESIAN_POINT('',(0.,-0.0080549649508409,0.351724248562279));
#1261=CARTESIAN_POINT('',(0.,-0.00775529982088068,0.352609077280737));
#1262=CARTESIAN_POINT('',(0.,-0.0074271440175041,0.353417512570535));
#1263=CARTESIAN_POINT('',(0.,-0.0070745501318487,0.354145007774334));
#1264=CARTESIAN_POINT('',(0.,-0.00670279061312809,0.354786970873453));
#1265=CARTESIAN_POINT('',(0.,-0.00632115738758036,0.355341294143388));
#1266=CARTESIAN_POINT('',(0.,-0.00592619301675723,0.355798780905683));
#1267=CARTESIAN_POINT('',(0.,-0.00551857916171135,0.356162466046713));
#1268=CARTESIAN_POINT('',(0.,-0.00511373403829761,0.356440042991229));
#1269=CARTESIAN_POINT('',(0.,-0.00471962484525986,0.356638092031773));
#1270=CARTESIAN_POINT('',(0.,-0.00446766115498581,0.356699526330799));
#1271=CARTESIAN_POINT('',(0.,-0.00434600279503512,0.356729189319368));
#1272=CARTESIAN_POINT('',(0.,-0.00333234526698404,0.319974947449927));
#1273=CARTESIAN_POINT('',(0.00633323407493436,-0.00277681622043724,0.319168962573278));
#1274=CARTESIAN_POINT('',(0.0126664681498687,-0.00222128717389043,0.318362977696628));
#1275=CARTESIAN_POINT('',(0.0190000000000001,-0.00173269966525358,0.317552320313532));
#1276=CARTESIAN_POINT('',(0.,-0.00331691071914138,0.319931383185058));
#1277=CARTESIAN_POINT('',(0.00633323407493436,-0.00276073285837021,0.319125660563867));
#1278=CARTESIAN_POINT('',(0.0126664681498687,-0.00220455499759905,0.318319937942675));
#1279=CARTESIAN_POINT('',(0.0190000000000001,-0.00171539685718801,0.31750951121312));
#1280=CARTESIAN_POINT('',(0.,-0.00329317870591606,0.319890958388709));
#1281=CARTESIAN_POINT('',(0.00633323407493436,-0.00273640500273425,0.319085621467428));
#1282=CARTESIAN_POINT('',(0.0126664681498687,-0.00217963129955245,0.318280284546147));
#1283=CARTESIAN_POINT('',(0.0190000000000001,-0.00168994911604993,0.317470197039464));
#1284=CARTESIAN_POINT('',(0.,-0.00323260482963479,0.319821788493783));
#1285=CARTESIAN_POINT('',(0.00633323407493436,-0.00267482478221784,0.319017413574431));
#1286=CARTESIAN_POINT('',(0.0126664681498687,-0.00211704473480089,0.31821303865508));
#1287=CARTESIAN_POINT('',(0.0190000000000001,-0.00162647747206492,0.317403797228595));
#1288=CARTESIAN_POINT('',(0.,-0.0031957857117563,0.319793070083478));
#1289=CARTESIAN_POINT('',(0.00633323407493436,-0.00263759555121294,0.318989271104445));
#1290=CARTESIAN_POINT('',(0.0126664681498687,-0.00207940539066958,0.318185472125413));
#1291=CARTESIAN_POINT('',(0.0190000000000001,-0.00158847743365139,0.31737673723814));
#1292=CARTESIAN_POINT('',(0.,-0.00311421731226773,0.319751193858741));
#1293=CARTESIAN_POINT('',(0.00633323407493436,-0.00255544755241048,0.318948656444736));
#1294=CARTESIAN_POINT('',(0.0126664681498687,-0.00199667779255323,0.318146119030732));
#1295=CARTESIAN_POINT('',(0.0190000000000001,-0.00150524007823875,0.317338493689247));
#1296=CARTESIAN_POINT('',(0.,-0.00306949133999501,0.31973804659761));
#1297=CARTESIAN_POINT('',(0.00633323407493436,-0.00251055223819776,0.318936194448737));
#1298=CARTESIAN_POINT('',(0.0126664681498687,-0.00195161313640051,0.318134342299865));
#1299=CARTESIAN_POINT('',(0.0190000000000001,-0.00146002648593752,0.31732731964871));
#1300=CARTESIAN_POINT('',(0.,-0.00297827437922721,0.319729111567684));
#1301=CARTESIAN_POINT('',(0.00633323407493436,-0.00241926036097736,0.318928645183512));
#1302=CARTESIAN_POINT('',(0.0126664681498687,-0.00186024634272751,0.31812817879934));
#1303=CARTESIAN_POINT('',(0.0190000000000001,-0.00136859380328327,0.317322374927521));
#1304=CARTESIAN_POINT('',(0.,-0.00293180871355092,0.319733326910306));
#1305=CARTESIAN_POINT('',(0.00633323407493436,-0.00237288915113072,0.318933560640583));
#1306=CARTESIAN_POINT('',(0.0126664681498687,-0.00181396958871053,0.318133794370859));
#1307=CARTESIAN_POINT('',(0.0190000000000001,-0.00132240012311955,0.317328606249333));
#1308=CARTESIAN_POINT('',(0.,-0.00284353283993019,0.319758645513645));
#1309=CARTESIAN_POINT('',(0.00633323407493436,-0.00228505458243161,0.318960197894486));
#1310=CARTESIAN_POINT('',(0.0126664681498687,-0.00172657632493303,0.318161750275326));
#1311=CARTESIAN_POINT('',(0.0190000000000001,-0.00123539498679198,0.317357721906289));
#1312=CARTESIAN_POINT('',(0.,-0.00280174808981827,0.319779744101481));
#1313=CARTESIAN_POINT('',(0.00633323407493436,-0.00224361659390957,0.318981914636417));
#1314=CARTESIAN_POINT('',(0.0126664681498687,-0.00168548509800087,0.318184085171353));
#1315=CARTESIAN_POINT('',(0.0190000000000001,-0.00119460873649847,0.317380600468524));
#1316=CARTESIAN_POINT('',(0.,-0.00272874066112974,0.319836109453676));
#1317=CARTESIAN_POINT('',(0.00633323407493436,-0.00217151003825884,0.319039347163855));
#1318=CARTESIAN_POINT('',(0.0126664681498687,-0.00161427941538795,0.318242584874034));
#1319=CARTESIAN_POINT('',(0.0190000000000001,-0.00112419537125559,0.317440038751277));
#1320=CARTESIAN_POINT('',(0.,-0.00269754155890311,0.31987136367618));
#1321=CARTESIAN_POINT('',(0.00633323407493436,-0.00214086484218464,0.319075050059143));
#1322=CARTESIAN_POINT('',(0.0126664681498687,-0.00158418812546617,0.318278736442106));
#1323=CARTESIAN_POINT('',(0.0190000000000001,-0.00109459124150791,0.317476584926831));
#1324=CARTESIAN_POINT('',(0.,-0.00265035455457947,0.319951330574934));
#1325=CARTESIAN_POINT('',(0.00633323407493436,-0.00209491868417365,0.31915567795254));
#1326=CARTESIAN_POINT('',(0.0126664681498687,-0.00153948281376783,0.318360025330145));
#1327=CARTESIAN_POINT('',(0.0190000000000001,-0.0010509772534987,0.317558455159315));
#1328=CARTESIAN_POINT('',(0.,-0.00263438611211293,0.319996023123904));
#1329=CARTESIAN_POINT('',(0.00633323407493436,-0.00207963686454404,0.319200582542289));
#1330=CARTESIAN_POINT('',(0.0126664681498687,-0.00152488761697514,0.318405141960674));
#1331=CARTESIAN_POINT('',(0.0190000000000001,-0.00103698594113537,0.3176037582796));
#1332=CARTESIAN_POINT('',(0.,-0.00262039751371473,0.320088658585176));
#1333=CARTESIAN_POINT('',(0.00633323407493436,-0.00206705882661704,0.319293368429818));
#1334=CARTESIAN_POINT('',(0.0126664681498687,-0.00151372013951935,0.31849807827446));
#1335=CARTESIAN_POINT('',(0.0190000000000001,-0.00102705905088325,0.317696826893202));
#1336=CARTESIAN_POINT('',(0.,-0.00262239023501417,0.320136574637945));
#1337=CARTESIAN_POINT('',(0.00633323407493436,-0.00206977507073438,0.319341222691007));
#1338=CARTESIAN_POINT('',(0.0126664681498687,-0.0015171599064546,0.318545870744069));
#1339=CARTESIAN_POINT('',(0.0190000000000001,-0.001031135155762,0.317744565017148));
#1340=CARTESIAN_POINT('',(0.,-0.0028207559839521,0.32095702945247));
#1341=CARTESIAN_POINT('',(0.00633323407493436,-0.00228042104441812,0.320158134887347));
#1342=CARTESIAN_POINT('',(0.0126664681498687,-0.00174008610488415,0.319359240322224));
#1343=CARTESIAN_POINT('',(0.0190000000000001,-0.00126486180549352,0.318554818864443));
#1344=CARTESIAN_POINT('',(0.,-0.00299161013264156,0.321760901896179));
#1345=CARTESIAN_POINT('',(0.00633323407493436,-0.00246332274250053,0.320958891840381));
#1346=CARTESIAN_POINT('',(0.0126664681498687,-0.00193503535235951,0.320156881784583));
#1347=CARTESIAN_POINT('',(0.0190000000000001,-0.00147040686641854,0.319349720254368));
#1348=CARTESIAN_POINT('',(0.,-0.00329901264268736,0.32341269064318));
#1349=CARTESIAN_POINT('',(0.00633323407493436,-0.00279550927255142,0.322604939469175));
#1350=CARTESIAN_POINT('',(0.0126664681498687,-0.00229200590241549,0.32179718829517));
#1351=CARTESIAN_POINT('',(0.0190000000000001,-0.00184917494922924,0.320984977454466));
#1352=CARTESIAN_POINT('',(0.,-0.00343545613380782,0.324260578018445));
#1353=CARTESIAN_POINT('',(0.00633323407493434,-0.00294468886594578,0.323450202822414));
#1354=CARTESIAN_POINT('',(0.0126664681498687,-0.00245392159808373,0.322639827626384));
#1355=CARTESIAN_POINT('',(0.019,-0.00202229204024921,0.321825308959668));
#1356=CARTESIAN_POINT('',(0.,-0.00367505149656184,0.32598823960062));
#1357=CARTESIAN_POINT('',(0.00633323407493436,-0.00321026078202386,0.325173098911454));
#1358=CARTESIAN_POINT('',(0.0126664681498687,-0.00274547006748587,0.324357958222288));
#1359=CARTESIAN_POINT('',(0.019,-0.00233668687484228,0.323539248306829));
#1360=CARTESIAN_POINT('',(0.,-0.00377810473749893,0.326868041336751));
#1361=CARTESIAN_POINT('',(0.00633323407493436,-0.00332655495559572,0.326050760650307));
#1362=CARTESIAN_POINT('',(0.0126664681498687,-0.00287500517369252,0.325233479963862));
#1363=CARTESIAN_POINT('',(0.0190000000000001,-0.00247786737444152,0.324412887921905));
#1364=CARTESIAN_POINT('',(0.,-0.0039511876722191,0.328648873543797));
#1365=CARTESIAN_POINT('',(0.00633323407493436,-0.00352646269942459,0.327827798397871));
#1366=CARTESIAN_POINT('',(0.0126664681498687,-0.00310173772663008,0.327006723251945));
#1367=CARTESIAN_POINT('',(0.0190000000000001,-0.00272819233309315,0.326182793984839));
#1368=CARTESIAN_POINT('',(0.,-0.00402113599523591,0.329549911582863));
#1369=CARTESIAN_POINT('',(0.00633323407493436,-0.0036099950671438,0.328727183200653));
#1370=CARTESIAN_POINT('',(0.0126664681498687,-0.00319885413905169,0.327904454818444));
#1371=CARTESIAN_POINT('',(0.0190000000000001,-0.00283725590579308,0.327079071530883));
#1372=CARTESIAN_POINT('',(0.,-0.00412971882289221,0.331363528933625));
#1373=CARTESIAN_POINT('',(0.00633323407493436,-0.00374594125398588,0.330537960148683));
#1374=CARTESIAN_POINT('',(0.0126664681498687,-0.00336216368507956,0.329712391363742));
#1375=CARTESIAN_POINT('',(0.0190000000000001,-0.0030246315120488,0.32888450994345));
#1376=CARTESIAN_POINT('',(0.,-0.00416840612057387,0.332276118934244));
#1377=CARTESIAN_POINT('',(0.00633323407493434,-0.00379840799297689,0.331449362177181));
#1378=CARTESIAN_POINT('',(0.0126664681498687,-0.00342840986537991,0.330622605420118));
#1379=CARTESIAN_POINT('',(0.019,-0.00310299670384205,0.329793679178961));
#1380=CARTESIAN_POINT('',(0.,-0.00421675193721299,0.334103378937143));
#1381=CARTESIAN_POINT('',(0.00633323407493434,-0.00387436332963617,0.333274683988161));
#1382=CARTESIAN_POINT('',(0.0126664681498687,-0.00353197472205935,0.332445989039178));
#1383=CARTESIAN_POINT('',(0.019,-0.00323084411907565,0.331615358159231));
#1384=CARTESIAN_POINT('',(0.,-0.00422617242058019,0.335018023114184));
#1385=CARTESIAN_POINT('',(0.00633323407493436,-0.00389761365826441,0.334188581563288));
#1386=CARTESIAN_POINT('',(0.0126664681498687,-0.00356905489594863,0.333359140012392));
#1387=CARTESIAN_POINT('',(0.0190000000000001,-0.00328008763470724,0.332527852496449));
#1388=CARTESIAN_POINT('',(0.,-0.00421830858342412,0.336840571209253));
#1389=CARTESIAN_POINT('',(0.00633323407493436,-0.00391732518767101,0.336010044876989));
#1390=CARTESIAN_POINT('',(0.0126664681498687,-0.00361634179191791,0.335179518544724));
#1391=CARTESIAN_POINT('',(0.0190000000000001,-0.0033516270512825,0.33434727696413));
#1392=CARTESIAN_POINT('',(0.,-0.00420143376939239,0.337748674388765));
#1393=CARTESIAN_POINT('',(0.00633323407493436,-0.00391419863875562,0.336917803550724));
#1394=CARTESIAN_POINT('',(0.0126664681498687,-0.00362696350811885,0.336086932712683));
#1395=CARTESIAN_POINT('',(0.0190000000000001,-0.00337434035953075,0.335254388139438));
#1396=CARTESIAN_POINT('',(0.,-0.00414542637318978,0.339549129559332));
#1397=CARTESIAN_POINT('',(0.00633323407493436,-0.00388546420094827,0.338717916812154));
#1398=CARTESIAN_POINT('',(0.0126664681498687,-0.00362550202870675,0.337886704064976));
#1399=CARTESIAN_POINT('',(0.0190000000000001,-0.00339686543289807,0.337053858782821));
#1400=CARTESIAN_POINT('',(0.,-0.00410611784037624,0.340441364368404));
#1401=CARTESIAN_POINT('',(0.00633323407493436,-0.00385967870498068,0.339610156956913));
#1402=CARTESIAN_POINT('',(0.0126664681498687,-0.00361323956958512,0.338778949545421));
#1403=CARTESIAN_POINT('',(0.0190000000000001,-0.00339649647767662,0.337946108955999));
#1404=CARTESIAN_POINT('',(0.,-0.00401035754577551,0.342201726434681));
#1405=CARTESIAN_POINT('',(0.00633323407493434,-0.0037906111252854,0.341370804947107));
#1406=CARTESIAN_POINT('',(0.0126664681498687,-0.0035708647047953,0.340539883459532));
#1407=CARTESIAN_POINT('',(0.019,-0.00337759784181754,0.339707294340048));
#1408=CARTESIAN_POINT('',(0.,-0.0039538123389272,0.343069597853023));
#1409=CARTESIAN_POINT('',(0.00633323407493436,-0.00374723178807141,0.342238958536223));
#1410=CARTESIAN_POINT('',(0.0126664681498687,-0.00354065123721561,0.341408319219422));
#1411=CARTESIAN_POINT('',(0.019,-0.00335896374976044,0.340575978268988));
#1412=CARTESIAN_POINT('',(0.,-0.00383018705633917,0.344771118738847));
#1413=CARTESIAN_POINT('',(0.00633323407493434,-0.00364942751811684,0.343941225729973));
#1414=CARTESIAN_POINT('',(0.0126664681498687,-0.0034686679798945,0.343111332721099));
#1415=CARTESIAN_POINT('',(0.019,-0.00330969005967344,0.3422796481481));
#1416=CARTESIAN_POINT('',(0.,-0.00376305893836634,0.345605140123039));
#1417=CARTESIAN_POINT('',(0.00633323407493436,-0.00359496020095725,0.344775711732425));
#1418=CARTESIAN_POINT('',(0.0126664681498687,-0.00342686146354815,0.343946283341812));
#1419=CARTESIAN_POINT('',(0.0190000000000001,-0.0032790187110832,0.343115007400331));
#1420=CARTESIAN_POINT('',(0.,-0.00366228099180873,0.346822869637287));
#1421=CARTESIAN_POINT('',(0.00633323407493436,-0.00351266973550044,0.345994161466893));
#1422=CARTESIAN_POINT('',(0.0126664681498687,-0.00336305847919214,0.345165453296499));
#1423=CARTESIAN_POINT('',(0.0190000000000001,-0.0032314754567776,0.344334810788327));
#1424=CARTESIAN_POINT('',(0.,-0.00362867750718965,0.347223208533732));
#1425=CARTESIAN_POINT('',(0.00633323407493436,-0.00348514447861343,0.346394744280103));
#1426=CARTESIAN_POINT('',(0.0126664681498687,-0.00334161145003722,0.345566280026474));
#1427=CARTESIAN_POINT('',(0.0190000000000001,-0.00321537422576411,0.344735852042973));
#1428=CARTESIAN_POINT('',(0.,-0.00356247300142299,0.348011310099892));
#1429=CARTESIAN_POINT('',(0.00633323407493436,-0.00343090552226615,0.347183326821492));
#1430=CARTESIAN_POINT('',(0.0126664681498687,-0.00329933804310931,0.346355343543092));
#1431=CARTESIAN_POINT('',(0.0190000000000001,-0.00318362451335159,0.345525338577055));
#1432=CARTESIAN_POINT('',(0.,-0.00352954998481005,0.348399062902058));
#1433=CARTESIAN_POINT('',(0.00633323407493436,-0.00340386989074002,0.34757132155955));
#1434=CARTESIAN_POINT('',(0.0126664681498687,-0.00327818979666999,0.346743580217042));
#1435=CARTESIAN_POINT('',(0.0190000000000001,-0.00316765421904606,0.345913788033496));
#1436=CARTESIAN_POINT('',(0.,-0.0034692412682507,0.349160671456034));
#1437=CARTESIAN_POINT('',(0.00633323407493436,-0.00335512206271907,0.348333339399434));
#1438=CARTESIAN_POINT('',(0.0126664681498687,-0.00324100285718744,0.347506007342833));
#1439=CARTESIAN_POINT('',(0.0190000000000001,-0.00314063507504373,0.346676575126031));
#1440=CARTESIAN_POINT('',(0.,-0.00344217768125974,0.349534377346982));
#1441=CARTESIAN_POINT('',(0.00633323407493436,-0.00333372949944815,0.348707207866688));
#1442=CARTESIAN_POINT('',(0.0126664681498687,-0.00322528131763657,0.347880038386394));
#1443=CARTESIAN_POINT('',(0.0190000000000001,-0.00312990119791667,0.347050749155369));
#1444=CARTESIAN_POINT('',(0.,-0.00339817272010557,0.350267551572749));
#1445=CARTESIAN_POINT('',(0.00633323407493436,-0.00330084452498702,0.349440563527134));
#1446=CARTESIAN_POINT('',(0.0126664681498687,-0.00320351632986847,0.34861357548152));
#1447=CARTESIAN_POINT('',(0.0190000000000001,-0.00311791623268419,0.347784445822202));
#1448=CARTESIAN_POINT('',(0.,-0.00338123805560635,0.350627228489565));
#1449=CARTESIAN_POINT('',(0.00633323407493436,-0.00328936197430495,0.349800259063063));
#1450=CARTESIAN_POINT('',(0.0126664681498687,-0.00319748589300354,0.348973289636561));
#1451=CARTESIAN_POINT('',(0.0190000000000001,-0.00311668092709688,0.348144176352742));
#1452=CARTESIAN_POINT('',(0.,-0.00335813575782,0.351333470030153));
#1453=CARTESIAN_POINT('',(0.00633323407493436,-0.00327695843967793,0.3505063836264));
#1454=CARTESIAN_POINT('',(0.0126664681498687,-0.00319578112153587,0.349679297222647));
#1455=CARTESIAN_POINT('',(0.0190000000000001,-0.00312438571228518,0.348850081057396));
#1456=CARTESIAN_POINT('',(0.,-0.00335139528309813,0.35167991683673));
#1457=CARTESIAN_POINT('',(0.00633323407493436,-0.00327546321039106,0.350852703579954));
#1458=CARTESIAN_POINT('',(0.0126664681498687,-0.00319953113768399,0.350025490323178));
#1459=CARTESIAN_POINT('',(0.0190000000000001,-0.003132748919076,0.349196162590759));
#1460=CARTESIAN_POINT('',(0.,-0.00334293140305216,0.352358518589762));
#1461=CARTESIAN_POINT('',(0.00633323407493436,-0.00327727031079498,0.351530985171744));
#1462=CARTESIAN_POINT('',(0.0126664681498687,-0.00321160921853779,0.350703451753726));
#1463=CARTESIAN_POINT('',(0.0190000000000001,-0.00315386032191441,0.349873842439661));
#1464=CARTESIAN_POINT('',(0.,-0.0033414898620877,0.352690534836042));
#1465=CARTESIAN_POINT('',(0.00633323407493436,-0.00328085222052758,0.351862803937575));
#1466=CARTESIAN_POINT('',(0.0126664681498687,-0.00322021457896746,0.351035073039108));
#1467=CARTESIAN_POINT('',(0.0190000000000001,-0.00316688380462967,0.350205290041091));
#1468=CARTESIAN_POINT('',(0.,-0.00334451220439437,0.353336641882255));
#1469=CARTESIAN_POINT('',(0.00633323407493436,-0.00329364640084479,0.352508438529192));
#1470=CARTESIAN_POINT('',(0.0126664681498687,-0.00324278059729521,0.351680235176128));
#1471=CARTESIAN_POINT('',(0.0190000000000001,-0.00319804414942523,0.350850036654538));
#1472=CARTESIAN_POINT('',(0.,-0.00334899115045709,0.353650720063567));
#1473=CARTESIAN_POINT('',(0.00633323407493436,-0.00330287353338717,0.352822241516831));
#1474=CARTESIAN_POINT('',(0.0126664681498687,-0.00325675591631726,0.351993762970094));
#1475=CARTESIAN_POINT('',(0.0190000000000001,-0.00321619549599627,0.351163322415811));
#1476=CARTESIAN_POINT('',(0.,-0.00336488170130067,0.354257028225071));
#1477=CARTESIAN_POINT('',(0.00633323407493436,-0.00332792537478699,0.353427908848904));
#1478=CARTESIAN_POINT('',(0.0126664681498687,-0.00329096904827331,0.352598789472737));
#1479=CARTESIAN_POINT('',(0.0190000000000001,-0.00325846597825037,0.351767785309301));
#1480=CARTESIAN_POINT('',(0.,-0.00337628181070134,0.354549256294801));
#1481=CARTESIAN_POINT('',(0.00633323407493434,-0.00334373856695652,0.353719771458031));
#1482=CARTESIAN_POINT('',(0.0126664681498687,-0.0033111953232117,0.352890286621261));
#1483=CARTESIAN_POINT('',(0.019,-0.0032825735571977,0.352058961035415));
#1484=CARTESIAN_POINT('',(0.,-0.00339883123172032,0.354967232357439));
#1485=CARTESIAN_POINT('',(0.00633323407493436,-0.00337259593048747,0.354137130348572));
#1486=CARTESIAN_POINT('',(0.0126664681498687,-0.0033463606292546,0.353307028339706));
#1487=CARTESIAN_POINT('',(0.0190000000000001,-0.00332328669541194,0.352475159951321));
#1488=CARTESIAN_POINT('',(0.,-0.00340730606519486,0.355103135456328));
#1489=CARTESIAN_POINT('',(0.00633323407493436,-0.00338312100912533,0.354272815486364));
#1490=CARTESIAN_POINT('',(0.0126664681498687,-0.0033589359530558,0.3534424955164));
#1491=CARTESIAN_POINT('',(0.0190000000000001,-0.00333766520877212,0.352610435431343));
#1492=CARTESIAN_POINT('',(0.,-0.00342755494583228,0.355366685507933));
#1493=CARTESIAN_POINT('',(0.00633323407493436,-0.00340734330812278,0.354535885160629));
#1494=CARTESIAN_POINT('',(0.0126664681498687,-0.00338713167041329,0.353705084813324));
#1495=CARTESIAN_POINT('',(0.0190000000000001,-0.00336935554551876,0.352872602236645));
#1496=CARTESIAN_POINT('',(0.,-0.00343941804323641,0.355494328701177));
#1497=CARTESIAN_POINT('',(0.00633323407493436,-0.00342112946303801,0.354663264593026));
#1498=CARTESIAN_POINT('',(0.0126664681498687,-0.00340284088283961,0.353832200484875));
#1499=CARTESIAN_POINT('',(0.0190000000000001,-0.00338675608602981,0.352999485930668));
#1500=CARTESIAN_POINT('',(0.,-0.00346738615317941,0.355739971083664));
#1501=CARTESIAN_POINT('',(0.00633323407493436,-0.0034527949989131,0.354908321654817));
#1502=CARTESIAN_POINT('',(0.0126664681498687,-0.00343820384464679,0.354076672225971));
#1503=CARTESIAN_POINT('',(0.0190000000000001,-0.00342537093202876,0.353243442882515));
#1504=CARTESIAN_POINT('',(0.,-0.00348329003555321,0.355857978712145));
#1505=CARTESIAN_POINT('',(0.00633323407493436,-0.00347047351021111,0.355026010760425));
#1506=CARTESIAN_POINT('',(0.0126664681498687,-0.003457656984869,0.354194042808705));
#1507=CARTESIAN_POINT('',(0.0190000000000001,-0.00344638485747042,0.353360533324547));
#1508=CARTESIAN_POINT('',(0.,-0.0035090169278228,0.356026805415814));
#1509=CARTESIAN_POINT('',(0.00633323407493436,-0.00349873729734303,0.355194336781408));
#1510=CARTESIAN_POINT('',(0.0126664681498687,-0.00348845766686325,0.354361868147002));
#1511=CARTESIAN_POINT('',(0.0190000000000001,-0.00347941673718181,0.353527918312681));
#1512=CARTESIAN_POINT('',(0.,-0.00351779189958619,0.356081785954516));
#1513=CARTESIAN_POINT('',(0.00633323407493436,-0.00350833817881522,0.355249148265726));
#1514=CARTESIAN_POINT('',(0.0126664681498687,-0.00349888445804425,0.354416510576935));
#1515=CARTESIAN_POINT('',(0.0190000000000001,-0.00349056991552384,0.353582412059371));
#1516=CARTESIAN_POINT('',(0.,-0.00353643226035857,0.356188469473627));
#1517=CARTESIAN_POINT('',(0.00633323407493436,-0.00352858005831516,0.355355479345765));
#1518=CARTESIAN_POINT('',(0.0126664681498687,-0.00352072785627176,0.354522489217904));
#1519=CARTESIAN_POINT('',(0.0190000000000001,-0.00351382184864255,0.353688080730359));
#1520=CARTESIAN_POINT('',(0.,-0.00354643525370027,0.356240088023187));
#1521=CARTESIAN_POINT('',(0.00633323407493436,-0.00353935729258395,0.355406912484825));
#1522=CARTESIAN_POINT('',(0.0126664681498687,-0.00353227933146762,0.354573736946464));
#1523=CARTESIAN_POINT('',(0.0190000000000001,-0.00352605426833267,0.35373916539048));
#1524=CARTESIAN_POINT('',(0.,-0.00356965697285208,0.356338481029376));
#1525=CARTESIAN_POINT('',(0.00633323407493436,-0.00356405209180264,0.355504889224151));
#1526=CARTESIAN_POINT('',(0.0126664681498687,-0.0035584472107532,0.354671297418926));
#1527=CARTESIAN_POINT('',(0.0190000000000001,-0.00355351772077392,0.353836359756452));
#1528=CARTESIAN_POINT('',(0.,-0.00358287570409519,0.3563852554819));
#1529=CARTESIAN_POINT('',(0.00633323407493436,-0.00357796966211983,0.355551432820231));
#1530=CARTESIAN_POINT('',(0.0126664681498687,-0.00357306362014448,0.354717610158563));
#1531=CARTESIAN_POINT('',(0.0190000000000001,-0.00356874875876881,0.353882469457966));
#1532=CARTESIAN_POINT('',(0.,-0.00361437545444278,0.35647256539206));
#1533=CARTESIAN_POINT('',(0.00633323407493434,-0.00361076936817734,0.355638208559595));
#1534=CARTESIAN_POINT('',(0.0126664681498687,-0.00360716328191189,0.354803851727131));
#1535=CARTESIAN_POINT('',(0.019,-0.00360399173090963,0.353968241223596));
#1536=CARTESIAN_POINT('',(0.,-0.00363269192130457,0.356513182644216));
#1537=CARTESIAN_POINT('',(0.00633323407493434,-0.00362968816559033,0.355678521907149));
#1538=CARTESIAN_POINT('',(0.0126664681498687,-0.00362668440987609,0.354843861170082));
#1539=CARTESIAN_POINT('',(0.019,-0.00362404260828156,0.354007983382606));
#1540=CARTESIAN_POINT('',(0.,-0.00367587638808668,0.35658597010194));
#1541=CARTESIAN_POINT('',(0.00633323407493434,-0.00367394518564468,0.3557506080279));
#1542=CARTESIAN_POINT('',(0.0126664681498687,-0.00367201398320268,0.354915245953861));
#1543=CARTESIAN_POINT('',(0.019,-0.00367031549165544,0.35407875134088));
#1544=CARTESIAN_POINT('',(0.,-0.0037007325131314,0.356618112884481));
#1545=CARTESIAN_POINT('',(0.00633323407493436,-0.00369927112641799,0.355782353575818));
#1546=CARTESIAN_POINT('',(0.0126664681498687,-0.00369780973970458,0.354946594267155));
#1547=CARTESIAN_POINT('',(0.0190000000000001,-0.00369652445084723,0.35410975028653));
#1548=CARTESIAN_POINT('',(0.,-0.00374391471916577,0.35665803878036));
#1549=CARTESIAN_POINT('',(0.00633323407493436,-0.00374302878157833,0.355821599873024));
#1550=CARTESIAN_POINT('',(0.0126664681498687,-0.00374214284399089,0.354985160965688));
#1551=CARTESIAN_POINT('',(0.0190000000000001,-0.00374136366234171,0.354147719278382));
#1552=CARTESIAN_POINT('',(0.,-0.00375929659010222,0.356669960034805));
#1553=CARTESIAN_POINT('',(0.00633323407493436,-0.00375858082924469,0.355833280568152));
#1554=CARTESIAN_POINT('',(0.0126664681498687,-0.00375786506838716,0.354996601101498));
#1555=CARTESIAN_POINT('',(0.0190000000000001,-0.00375723555708377,0.354158947842397));
#1556=CARTESIAN_POINT('',(0.,-0.00379217214256023,0.356690747926236));
#1557=CARTESIAN_POINT('',(0.00633323407493436,-0.00379174913235765,0.355853557412509));
#1558=CARTESIAN_POINT('',(0.0126664681498687,-0.00379132612215508,0.355016366898782));
#1559=CARTESIAN_POINT('',(0.0190000000000001,-0.00379095408490106,0.354178264174044));
#1560=CARTESIAN_POINT('',(0.,-0.00380963695534216,0.35669965072543));
#1561=CARTESIAN_POINT('',(0.00633323407493436,-0.00380933708516699,0.355862190136768));
#1562=CARTESIAN_POINT('',(0.0126664681498687,-0.00380903721499182,0.355024729548105));
#1563=CARTESIAN_POINT('',(0.0190000000000001,-0.00380877347932811,0.354186389292602));
#1564=CARTESIAN_POINT('',(0.,-0.00386453973553568,0.356722439465126));
#1565=CARTESIAN_POINT('',(0.00633323407493436,-0.00386454833504259,0.35588413329612));
#1566=CARTESIAN_POINT('',(0.0126664681498687,-0.00386455693454951,0.355045827127114));
#1567=CARTESIAN_POINT('',(0.0190000000000001,-0.00386456449781138,0.354206743184136));
#1568=CARTESIAN_POINT('',(0.,-0.00390448584924681,0.356732405932169));
#1569=CARTESIAN_POINT('',(0.00633323407493434,-0.00390461883092726,0.355893488905052));
#1570=CARTESIAN_POINT('',(0.0126664681498687,-0.00390475181260772,0.355054571877935));
#1571=CARTESIAN_POINT('',(0.019,-0.00390486876992679,0.354214950685565));
#1572=CARTESIAN_POINT('',(0.,-0.00398801643832286,0.356744835977474));
#1573=CARTESIAN_POINT('',(0.00633323407493436,-0.00398828228311258,0.355904647151102));
#1574=CARTESIAN_POINT('',(0.0126664681498687,-0.0039885481279023,0.35506445832473));
#1575=CARTESIAN_POINT('',(0.019,-0.00398878193825714,0.354223718585575));
#1576=CARTESIAN_POINT('',(0.,-0.00403148971015346,0.356747326171376));
#1577=CARTESIAN_POINT('',(0.00633323407493436,-0.00403176451194751,0.355906478068488));
#1578=CARTESIAN_POINT('',(0.0126664681498687,-0.00403203931374156,0.3550656299656));
#1579=CARTESIAN_POINT('',(0.0190000000000001,-0.00403228100177707,0.35422431039309));
#1580=CARTESIAN_POINT('',(0.,-0.0041636963707559,0.356747743019825));
#1581=CARTESIAN_POINT('',(0.00633323407493436,-0.00416389015969351,0.355904894716089));
#1582=CARTESIAN_POINT('',(0.0126664681498687,-0.00416408394863112,0.355062046412353));
#1583=CARTESIAN_POINT('',(0.0190000000000001,-0.00416425438590135,0.354218967664233));
#1584=CARTESIAN_POINT('',(0.,-0.00425486815823175,0.35673846256527));
#1585=CARTESIAN_POINT('',(0.00633323407493436,-0.00425486134294959,0.355894241210977));
#1586=CARTESIAN_POINT('',(0.0126664681498687,-0.00425485452766744,0.355050019856684));
#1587=CARTESIAN_POINT('',(0.0190000000000001,-0.00425484853363031,0.354205733511311));
#1588=CARTESIAN_POINT('',(0.,-0.00434600279503512,0.356729189319368));
#1589=CARTESIAN_POINT('',(0.00633323407493436,-0.00434579550911735,0.355883595471745));
#1590=CARTESIAN_POINT('',(0.0126664681498687,-0.00434558822319958,0.355038001624122));
#1591=CARTESIAN_POINT('',(0.0190000000000001,-0.0043454059153423,0.354192508171577));
#1592=CARTESIAN_POINT('',(0.,-0.00298830009382218,0.320096840512995));
#1593=CARTESIAN_POINT('',(0.,-0.00263347836863306,0.32018243555026));
#1594=CARTESIAN_POINT('',(0.,-0.00434600279503512,0.356729189319368));
#1595=CARTESIAN_POINT('',(0.,-0.00423632628655195,0.35674034926106));
#1596=CARTESIAN_POINT('',(0.,-0.00402783305819724,0.356761564125608));
#1597=CARTESIAN_POINT('',(0.,-0.00374838711916197,0.356704117822179));
#1598=CARTESIAN_POINT('',(0.,-0.00358573566235352,0.356458410090922));
#1599=CARTESIAN_POINT('',(0.,-0.00350843179225321,0.356048575875552));
#1600=CARTESIAN_POINT('',(0.,-0.00343264374638343,0.355491234209553));
#1601=CARTESIAN_POINT('',(0.,-0.00338519177726121,0.354782470153374));
#1602=CARTESIAN_POINT('',(0.,-0.00335267508159505,0.353934981501817));
#1603=CARTESIAN_POINT('',(0.,-0.00333936058841638,0.352956847491001));
#1604=CARTESIAN_POINT('',(0.,-0.00334599561620203,0.351857875170004));
#1605=CARTESIAN_POINT('',(0.,-0.0033745582960017,0.350648024194372));
#1606=CARTESIAN_POINT('',(0.,-0.00345246377606731,0.349324132716328));
#1607=CARTESIAN_POINT('',(0.,-0.00357413198507515,0.347871041504484));
#1608=CARTESIAN_POINT('',(0.,-0.00370734458773304,0.34628941019122));
#1609=CARTESIAN_POINT('',(0.,-0.00384484683733379,0.344588180105358));
#1610=CARTESIAN_POINT('',(0.,-0.00397480295017548,0.342780422078414));
#1611=CARTESIAN_POINT('',(0.,-0.00408668166572123,0.340878886099427));
#1612=CARTESIAN_POINT('',(0.,-0.0041716102984447,0.338900689338707));
#1613=CARTESIAN_POINT('',(0.,-0.00422074934639551,0.336862258787497));
#1614=CARTESIAN_POINT('',(0.,-0.00422835296393344,0.334783883594454));
#1615=CARTESIAN_POINT('',(0.,-0.00418642156745113,0.332685054311956));
#1616=CARTESIAN_POINT('',(0.,-0.0040924956342548,0.330587359449902));
#1617=CARTESIAN_POINT('',(0.,-0.00394390496457159,0.328513422748907));
#1618=CARTESIAN_POINT('',(0.,-0.00373920161497648,0.326485833466347));
#1619=CARTESIAN_POINT('',(0.,-0.00348014944317369,0.324527308272258));
#1620=CARTESIAN_POINT('',(0.,-0.00317031726560637,0.322660377082187));
#1621=CARTESIAN_POINT('',(0.,-0.00281336844614809,0.320907008342821));
#1622=CARTESIAN_POINT('',(0.,-0.00241835961344284,0.319288806077823));
#1623=CARTESIAN_POINT('',(0.,-0.00199308098582668,0.317824547539524));
#1624=CARTESIAN_POINT('',(0.,-0.00155001240948946,0.316533856101665));
#1625=CARTESIAN_POINT('',(0.,-0.00110170728353312,0.315433134027091));
#1626=CARTESIAN_POINT('',(0.,-0.000658451676417132,0.314547267731372));
#1627=CARTESIAN_POINT('',(0.,-0.000249402359550373,0.313901767703936));
#1628=CARTESIAN_POINT('',(0.,5.51110959767544E-5,0.313495745822095));
#1629=CARTESIAN_POINT('',(0.,0.000245661120766693,0.313257006049024));
#1630=CARTESIAN_POINT('',(0.,0.000292698781645776,0.313200002665416));
#1631=CARTESIAN_POINT('',(0.,0.000309651883804048,0.313179457762298));
#1632=CARTESIAN_POINT('',(-0.0139936580955482,-0.00613149268984655,0.355632415193341));
#1633=CARTESIAN_POINT('',(0.0137487228541651,-0.00613149268984655,0.355632415193341));
#1634=CARTESIAN_POINT('',(-0.0139936580955482,-0.00676604258980993,0.350664696643448));
#1635=CARTESIAN_POINT('',(0.0137487228541651,-0.00676604258980993,0.350664696643448));
#1636=CARTESIAN_POINT('',(-0.0139936580955482,-0.00631753023212285,0.342812322141467));
#1637=CARTESIAN_POINT('',(0.0137487228541651,-0.00631753023212285,0.342812322141467));
#1638=CARTESIAN_POINT('',(-0.0139936580955482,-0.00520578143463469,0.335538679622717));
#1639=CARTESIAN_POINT('',(0.0137487228541651,-0.00520578143463469,0.335538679622717));
#1640=CARTESIAN_POINT('',(-2.22044604925032E-16,-0.00520578143548044,0.335538679628251));
#1641=CARTESIAN_POINT('',(-0.0138291775760835,-0.00520578143548045,0.335538679628251));
#1642=CARTESIAN_POINT('',(-0.0138291775760835,-0.00520578143548068,0.335538679628251));
#1643=CARTESIAN_POINT('',(-0.0133678932327881,-0.00547250093981377,0.337283698226288));
#1644=CARTESIAN_POINT('',(-0.0122764699623154,-0.00591894401983145,0.340761114304203));
#1645=CARTESIAN_POINT('',(-0.0101997414195531,-0.0063340783279934,0.345845832843822));
#1646=CARTESIAN_POINT('',(-0.00764308906948148,-0.00647992060600084,0.350655637022205));
#1647=CARTESIAN_POINT('',(-0.0054116913546995,-0.00634114414759793,0.353653325977154));
#1648=CARTESIAN_POINT('',(-0.0040225754919827,-0.00621687342801618,0.354883237054364));
#1649=CARTESIAN_POINT('',(-0.00402257549198264,-0.00621687342801617,0.354883237054364));
#1650=CARTESIAN_POINT('',(-0.00402257549198081,-0.00621687342801814,0.354883237054345));
#1651=CARTESIAN_POINT('',(-0.0026813886674193,-0.00619481705666852,0.355101529629921));
#1652=CARTESIAN_POINT('',(-0.00134052540856421,-0.00617028447957793,0.35532151614522));
#1653=CARTESIAN_POINT('',(0.,-0.0061427309748582,0.355543222470211));
#1654=CARTESIAN_POINT('',(-0.345377188253808,-0.00350133396079433,0.344872576968001));
#1655=CARTESIAN_POINT('',(-0.0151510583236814,-1.32821501068613,0.327985972166062));
#1656=CARTESIAN_POINT('',(-0.0151510583236814,-0.00309974806918989,0.327985972166062));
#1657=CARTESIAN_POINT('',(-0.0151510583236814,-0.00309974806918989,0.327985972166062));
#1658=CARTESIAN_POINT('',(-0.0152266166977273,-0.00294564441766783,0.326508806151958));
#1659=CARTESIAN_POINT('',(-0.0153118077125042,-0.00274770250504383,0.325036579649524));
#1660=CARTESIAN_POINT('',(-0.0154062852539821,-0.00249740509943597,0.323574276729863));
#1661=CARTESIAN_POINT('',(-0.0151510583236814,-0.00654053459923354,0.327985972166062));
#1662=CARTESIAN_POINT('',(-0.0151510583236814,-0.00307922647954739,0.327985972166062));
#1663=CARTESIAN_POINT('',(-0.0146649777608267,-0.00654053459923354,0.337049778042281));
#1664=CARTESIAN_POINT('',(-0.0146649777608267,-0.00307922647954739,0.337049778042281));
#1665=CARTESIAN_POINT('',(-0.00773882326068983,-0.00654053459923354,0.355254454668255));
#1666=CARTESIAN_POINT('',(-0.00773882326068983,-0.00307922647954739,0.355254454668255));
#1667=CARTESIAN_POINT('',(-0.000832041768186922,-0.00654053459923354,0.356647366168514));
#1668=CARTESIAN_POINT('',(-0.000832041768186922,-0.00307922647954739,0.356647366168514));
#1669=CARTESIAN_POINT('',(-0.0138291775760836,-0.00520578143548067,0.33553867962825));
#1670=CARTESIAN_POINT('',(-0.013815596781381,-0.00487026171174598,0.335590055183646));
#1671=CARTESIAN_POINT('',(-0.0138019396718395,-0.00453474500262662,0.335641430277437));
#1672=CARTESIAN_POINT('',(-0.0137882067098234,-0.00419923128985889,0.33569280491242));
#1673=CARTESIAN_POINT('',(-0.0137882067098235,-0.00419923128985898,0.33569280491242));
#1674=CARTESIAN_POINT('',(-0.0143335808486964,-0.00385867537142883,0.333468727201003));
#1675=CARTESIAN_POINT('',(-0.0141679952100659,-0.00397278855877853,0.334213969267954));
#1676=CARTESIAN_POINT('',(-0.0139853935439278,-0.00408627747088126,0.334955134363731));
#1677=CARTESIAN_POINT('',(-0.0137882067098234,-0.00419923128985889,0.33569280491242));
#1678=CARTESIAN_POINT('',(-0.0143335808486964,-0.003858675371429,0.333468727201003));
#1679=CARTESIAN_POINT('',(-0.0143668033517526,-0.00484243344285474,0.333318091891901));
#1680=CARTESIAN_POINT('',(-0.0143558118132066,-0.00451451138497499,0.333368304075145));
#1681=CARTESIAN_POINT('',(-0.0143447373307381,-0.0041865920381214,0.33341851584327));
#1682=CARTESIAN_POINT('',(-0.0143335808486963,-0.0038586753714287,0.333468727201003));
#1683=CARTESIAN_POINT('',(-0.0151510583236814,-0.0030997480691899,0.327985972166062));
#1684=CARTESIAN_POINT('',(-0.0150755982857975,-0.00324669982127175,0.32939305401022));
#1685=CARTESIAN_POINT('',(-0.0146698117469749,-0.00346868493013408,0.332151381427668));
#1686=CARTESIAN_POINT('',(-0.0136978952474067,-0.00361868632357402,0.336210322727694));
#1687=CARTESIAN_POINT('',(-0.0124377275747903,-0.00361687788314429,0.340214292749773));
#1688=CARTESIAN_POINT('',(-0.0111707875161016,-0.00351133975273086,0.343486901365481));
#1689=CARTESIAN_POINT('',(-0.0100280255509099,-0.00339921984498011,0.346027168121565));
#1690=CARTESIAN_POINT('',(-0.00909694192829774,-0.00330601117850574,0.347894734901851));
#1691=CARTESIAN_POINT('',(-0.00807954982098612,-0.00325237119059316,0.34971867990848));
#1692=CARTESIAN_POINT('',(-0.00695770800990965,-0.00326816049789757,0.351486901208948));
#1693=CARTESIAN_POINT('',(-0.00590198110054432,-0.00330341549776446,0.352907222714679));
#1694=CARTESIAN_POINT('',(-0.00496802327650452,-0.00335480839057745,0.35397475145252));
#1695=CARTESIAN_POINT('',(-0.00421898570051257,-0.00340097799538397,0.354725546963727));
#1696=CARTESIAN_POINT('',(-0.00340557492773416,-0.00347468664849982,0.355415493587168));
#1697=CARTESIAN_POINT('',(-0.00267213809854383,-0.00353921405020467,0.355911825343933));
#1698=CARTESIAN_POINT('',(-0.00204604808379445,-0.00362391409618068,0.356242315239385));
#1699=CARTESIAN_POINT('',(-0.00164347008415804,-0.00370307189650099,0.356413136914329));
#1700=CARTESIAN_POINT('',(-0.00131649034606446,-0.00379839546640829,0.356524495612444));
#1701=CARTESIAN_POINT('',(-0.00112440210444048,-0.00388290476630818,0.356579823404076));
#1702=CARTESIAN_POINT('',(-0.000968402356556949,-0.00398765093114055,0.356617898613469));
#1703=CARTESIAN_POINT('',(-0.000948971439765345,-0.00413352217945882,0.356622226629804));
#1704=CARTESIAN_POINT('',(-0.00103845258978824,-0.00424250813416509,0.356601120690124));
#1705=CARTESIAN_POINT('',(-0.00109261487239591,-0.00431085026970337,0.356586974950137));
#1706=CARTESIAN_POINT('',(-0.00111977391413418,-0.00434596615009767,0.356579680594504));
#1707=CARTESIAN_POINT('',(-0.00111977391423115,-0.00434596615009767,0.356579680594491));
#1708=CARTESIAN_POINT('',(-0.00111977391391166,-0.00434596615009771,0.356579680594577));
#1709=CARTESIAN_POINT('',(-0.00125940930611957,-0.00442242185293724,0.356542177422735));
#1710=CARTESIAN_POINT('',(-0.00151135671363168,-0.00461315351083389,0.356462248674096));
#1711=CARTESIAN_POINT('',(-0.00202043978547481,-0.00495197203928386,0.356258639994562));
#1712=CARTESIAN_POINT('',(-0.00288419451138507,-0.00550540829457841,0.355803411105678));
#1713=CARTESIAN_POINT('',(-0.00357697631439603,-0.00595428215033123,0.355277766680953));
#1714=CARTESIAN_POINT('',(-0.00402257547655937,-0.00621687341891911,0.35488323706802));
#1715=CARTESIAN_POINT('',(0.,-0.00333234526698404,0.319974947449927));
#1716=CARTESIAN_POINT('',(-0.00633323407493434,-0.00277681622043724,0.319168962573278));
#1717=CARTESIAN_POINT('',(-0.0126664681498687,-0.00222128717389044,0.318362977696628));
#1718=CARTESIAN_POINT('',(-0.019,-0.00173269966525358,0.317552320313533));
#1719=CARTESIAN_POINT('',(0.,-0.00331691071914138,0.319931383185058));
#1720=CARTESIAN_POINT('',(-0.00633323407493434,-0.00276073285837022,0.319125660563867));
#1721=CARTESIAN_POINT('',(-0.0126664681498687,-0.00220455499759906,0.318319937942675));
#1722=CARTESIAN_POINT('',(-0.019,-0.00171539685718801,0.31750951121312));
#1723=CARTESIAN_POINT('',(0.,-0.00329317870591606,0.319890958388709));
#1724=CARTESIAN_POINT('',(-0.00633323407493434,-0.00273640500273426,0.319085621467428));
#1725=CARTESIAN_POINT('',(-0.0126664681498687,-0.00217963129955245,0.318280284546148));
#1726=CARTESIAN_POINT('',(-0.019,-0.00168994911604993,0.317470197039464));
#1727=CARTESIAN_POINT('',(0.,-0.00323260482963479,0.319821788493783));
#1728=CARTESIAN_POINT('',(-0.00633323407493434,-0.00267482478221785,0.319017413574431));
#1729=CARTESIAN_POINT('',(-0.0126664681498687,-0.0021170447348009,0.31821303865508));
#1730=CARTESIAN_POINT('',(-0.019,-0.00162647747206492,0.317403797228595));
#1731=CARTESIAN_POINT('',(0.,-0.0031957857117563,0.319793070083478));
#1732=CARTESIAN_POINT('',(-0.00633323407493434,-0.00263759555121294,0.318989271104445));
#1733=CARTESIAN_POINT('',(-0.0126664681498687,-0.00207940539066958,0.318185472125413));
#1734=CARTESIAN_POINT('',(-0.019,-0.0015884774336514,0.31737673723814));
#1735=CARTESIAN_POINT('',(0.,-0.00311421731226773,0.319751193858741));
#1736=CARTESIAN_POINT('',(-0.00633323407493434,-0.00255544755241049,0.318948656444736));
#1737=CARTESIAN_POINT('',(-0.0126664681498687,-0.00199667779255324,0.318146119030732));
#1738=CARTESIAN_POINT('',(-0.019,-0.00150524007823876,0.317338493689247));
#1739=CARTESIAN_POINT('',(0.,-0.00306949133999501,0.31973804659761));
#1740=CARTESIAN_POINT('',(-0.00633323407493434,-0.00251055223819776,0.318936194448737));
#1741=CARTESIAN_POINT('',(-0.0126664681498687,-0.00195161313640051,0.318134342299865));
#1742=CARTESIAN_POINT('',(-0.019,-0.00146002648593753,0.31732731964871));
#1743=CARTESIAN_POINT('',(0.,-0.00297827437922721,0.319729111567684));
#1744=CARTESIAN_POINT('',(-0.00633323407493434,-0.00241926036097736,0.318928645183512));
#1745=CARTESIAN_POINT('',(-0.0126664681498687,-0.00186024634272751,0.31812817879934));
#1746=CARTESIAN_POINT('',(-0.019,-0.00136859380328328,0.317322374927521));
#1747=CARTESIAN_POINT('',(0.,-0.00293180871355092,0.319733326910306));
#1748=CARTESIAN_POINT('',(-0.00633323407493434,-0.00237288915113073,0.318933560640582));
#1749=CARTESIAN_POINT('',(-0.0126664681498687,-0.00181396958871054,0.318133794370859));
#1750=CARTESIAN_POINT('',(-0.019,-0.00132240012311956,0.317328606249333));
#1751=CARTESIAN_POINT('',(0.,-0.00284353283993019,0.319758645513645));
#1752=CARTESIAN_POINT('',(-0.00633323407493434,-0.00228505458243161,0.318960197894486));
#1753=CARTESIAN_POINT('',(-0.0126664681498687,-0.00172657632493303,0.318161750275326));
#1754=CARTESIAN_POINT('',(-0.019,-0.00123539498679198,0.317357721906289));
#1755=CARTESIAN_POINT('',(0.,-0.00280174808981827,0.319779744101481));
#1756=CARTESIAN_POINT('',(-0.00633323407493434,-0.00224361659390957,0.318981914636417));
#1757=CARTESIAN_POINT('',(-0.0126664681498687,-0.00168548509800087,0.318184085171353));
#1758=CARTESIAN_POINT('',(-0.019,-0.00119460873649848,0.317380600468524));
#1759=CARTESIAN_POINT('',(0.,-0.00272874066112974,0.319836109453676));
#1760=CARTESIAN_POINT('',(-0.00633323407493434,-0.00217151003825884,0.319039347163855));
#1761=CARTESIAN_POINT('',(-0.0126664681498687,-0.00161427941538795,0.318242584874034));
#1762=CARTESIAN_POINT('',(-0.019,-0.0011241953712556,0.317440038751276));
#1763=CARTESIAN_POINT('',(0.,-0.00269754155890311,0.31987136367618));
#1764=CARTESIAN_POINT('',(-0.00633323407493434,-0.00214086484218464,0.319075050059143));
#1765=CARTESIAN_POINT('',(-0.0126664681498687,-0.00158418812546617,0.318278736442106));
#1766=CARTESIAN_POINT('',(-0.019,-0.00109459124150791,0.317476584926831));
#1767=CARTESIAN_POINT('',(0.,-0.00265035455457947,0.319951330574934));
#1768=CARTESIAN_POINT('',(-0.00633323407493434,-0.00209491868417365,0.31915567795254));
#1769=CARTESIAN_POINT('',(-0.0126664681498687,-0.00153948281376783,0.318360025330145));
#1770=CARTESIAN_POINT('',(-0.019,-0.0010509772534987,0.317558455159315));
#1771=CARTESIAN_POINT('',(0.,-0.00263438611211293,0.319996023123904));
#1772=CARTESIAN_POINT('',(-0.00633323407493434,-0.00207963686454404,0.319200582542289));
#1773=CARTESIAN_POINT('',(-0.0126664681498687,-0.00152488761697514,0.318405141960674));
#1774=CARTESIAN_POINT('',(-0.019,-0.00103698594113537,0.3176037582796));
#1775=CARTESIAN_POINT('',(0.,-0.00262039751371473,0.320088658585176));
#1776=CARTESIAN_POINT('',(-0.00633323407493434,-0.00206705882661704,0.319293368429818));
#1777=CARTESIAN_POINT('',(-0.0126664681498687,-0.00151372013951936,0.31849807827446));
#1778=CARTESIAN_POINT('',(-0.019,-0.00102705905088325,0.317696826893202));
#1779=CARTESIAN_POINT('',(0.,-0.00262239023501417,0.320136574637945));
#1780=CARTESIAN_POINT('',(-0.00633323407493434,-0.00206977507073438,0.319341222691007));
#1781=CARTESIAN_POINT('',(-0.0126664681498687,-0.0015171599064546,0.318545870744069));
#1782=CARTESIAN_POINT('',(-0.019,-0.00103113515576201,0.317744565017148));
#1783=CARTESIAN_POINT('',(0.,-0.0028207559839521,0.32095702945247));
#1784=CARTESIAN_POINT('',(-0.00633323407493434,-0.00228042104441812,0.320158134887347));
#1785=CARTESIAN_POINT('',(-0.0126664681498687,-0.00174008610488415,0.319359240322224));
#1786=CARTESIAN_POINT('',(-0.019,-0.00126486180549352,0.318554818864443));
#1787=CARTESIAN_POINT('',(0.,-0.00299161013264156,0.321760901896179));
#1788=CARTESIAN_POINT('',(-0.00633323407493434,-0.00246332274250054,0.320958891840381));
#1789=CARTESIAN_POINT('',(-0.0126664681498687,-0.00193503535235951,0.320156881784583));
#1790=CARTESIAN_POINT('',(-0.019,-0.00147040686641855,0.319349720254368));
#1791=CARTESIAN_POINT('',(0.,-0.00329901264268736,0.32341269064318));
#1792=CARTESIAN_POINT('',(-0.00633323407493434,-0.00279550927255143,0.322604939469175));
#1793=CARTESIAN_POINT('',(-0.0126664681498687,-0.0022920059024155,0.32179718829517));
#1794=CARTESIAN_POINT('',(-0.019,-0.00184917494922924,0.320984977454466));
#1795=CARTESIAN_POINT('',(0.,-0.00343545613380782,0.324260578018445));
#1796=CARTESIAN_POINT('',(-0.00633323407493432,-0.00294468886594578,0.323450202822414));
#1797=CARTESIAN_POINT('',(-0.0126664681498687,-0.00245392159808374,0.322639827626384));
#1798=CARTESIAN_POINT('',(-0.019,-0.00202229204024921,0.321825308959668));
#1799=CARTESIAN_POINT('',(0.,-0.00367505149656184,0.32598823960062));
#1800=CARTESIAN_POINT('',(-0.00633323407493434,-0.00321026078202386,0.325173098911454));
#1801=CARTESIAN_POINT('',(-0.0126664681498687,-0.00274547006748587,0.324357958222288));
#1802=CARTESIAN_POINT('',(-0.019,-0.00233668687484228,0.323539248306829));
#1803=CARTESIAN_POINT('',(0.,-0.00377810473749893,0.326868041336751));
#1804=CARTESIAN_POINT('',(-0.00633323407493434,-0.00332655495559572,0.326050760650307));
#1805=CARTESIAN_POINT('',(-0.0126664681498687,-0.00287500517369252,0.325233479963862));
#1806=CARTESIAN_POINT('',(-0.019,-0.00247786737444153,0.324412887921905));
#1807=CARTESIAN_POINT('',(0.,-0.0039511876722191,0.328648873543797));
#1808=CARTESIAN_POINT('',(-0.00633323407493434,-0.00352646269942459,0.327827798397871));
#1809=CARTESIAN_POINT('',(-0.0126664681498687,-0.00310173772663008,0.327006723251945));
#1810=CARTESIAN_POINT('',(-0.019,-0.00272819233309315,0.32618279398484));
#1811=CARTESIAN_POINT('',(0.,-0.00402113599523591,0.329549911582863));
#1812=CARTESIAN_POINT('',(-0.00633323407493434,-0.0036099950671438,0.328727183200653));
#1813=CARTESIAN_POINT('',(-0.0126664681498687,-0.00319885413905169,0.327904454818444));
#1814=CARTESIAN_POINT('',(-0.019,-0.00283725590579308,0.327079071530883));
#1815=CARTESIAN_POINT('',(0.,-0.00412971882289221,0.331363528933625));
#1816=CARTESIAN_POINT('',(-0.00633323407493434,-0.00374594125398589,0.330537960148683));
#1817=CARTESIAN_POINT('',(-0.0126664681498687,-0.00336216368507956,0.329712391363742));
#1818=CARTESIAN_POINT('',(-0.019,-0.0030246315120488,0.32888450994345));
#1819=CARTESIAN_POINT('',(0.,-0.00416840612057387,0.332276118934244));
#1820=CARTESIAN_POINT('',(-0.00633323407493432,-0.00379840799297689,0.331449362177181));
#1821=CARTESIAN_POINT('',(-0.0126664681498687,-0.00342840986537991,0.330622605420118));
#1822=CARTESIAN_POINT('',(-0.019,-0.00310299670384205,0.329793679178961));
#1823=CARTESIAN_POINT('',(0.,-0.00421675193721299,0.334103378937143));
#1824=CARTESIAN_POINT('',(-0.00633323407493432,-0.00387436332963617,0.333274683988161));
#1825=CARTESIAN_POINT('',(-0.0126664681498687,-0.00353197472205935,0.332445989039178));
#1826=CARTESIAN_POINT('',(-0.019,-0.00323084411907565,0.331615358159231));
#1827=CARTESIAN_POINT('',(0.,-0.00422617242058019,0.335018023114184));
#1828=CARTESIAN_POINT('',(-0.00633323407493434,-0.00389761365826441,0.334188581563288));
#1829=CARTESIAN_POINT('',(-0.0126664681498687,-0.00356905489594863,0.333359140012392));
#1830=CARTESIAN_POINT('',(-0.019,-0.00328008763470724,0.332527852496449));
#1831=CARTESIAN_POINT('',(0.,-0.00421830858342412,0.336840571209253));
#1832=CARTESIAN_POINT('',(-0.00633323407493434,-0.00391732518767101,0.336010044876989));
#1833=CARTESIAN_POINT('',(-0.0126664681498687,-0.00361634179191791,0.335179518544724));
#1834=CARTESIAN_POINT('',(-0.019,-0.00335162705128251,0.33434727696413));
#1835=CARTESIAN_POINT('',(0.,-0.00420143376939239,0.337748674388765));
#1836=CARTESIAN_POINT('',(-0.00633323407493434,-0.00391419863875562,0.336917803550724));
#1837=CARTESIAN_POINT('',(-0.0126664681498687,-0.00362696350811885,0.336086932712683));
#1838=CARTESIAN_POINT('',(-0.019,-0.00337434035953075,0.335254388139438));
#1839=CARTESIAN_POINT('',(0.,-0.00414542637318978,0.339549129559332));
#1840=CARTESIAN_POINT('',(-0.00633323407493434,-0.00388546420094827,0.338717916812154));
#1841=CARTESIAN_POINT('',(-0.0126664681498687,-0.00362550202870675,0.337886704064976));
#1842=CARTESIAN_POINT('',(-0.019,-0.00339686543289807,0.337053858782821));
#1843=CARTESIAN_POINT('',(0.,-0.00410611784037624,0.340441364368404));
#1844=CARTESIAN_POINT('',(-0.00633323407493434,-0.00385967870498068,0.339610156956913));
#1845=CARTESIAN_POINT('',(-0.0126664681498687,-0.00361323956958513,0.338778949545421));
#1846=CARTESIAN_POINT('',(-0.019,-0.00339649647767663,0.337946108955999));
#1847=CARTESIAN_POINT('',(0.,-0.00401035754577551,0.342201726434681));
#1848=CARTESIAN_POINT('',(-0.00633323407493432,-0.0037906111252854,0.341370804947107));
#1849=CARTESIAN_POINT('',(-0.0126664681498687,-0.0035708647047953,0.340539883459532));
#1850=CARTESIAN_POINT('',(-0.019,-0.00337759784181754,0.339707294340048));
#1851=CARTESIAN_POINT('',(0.,-0.0039538123389272,0.343069597853023));
#1852=CARTESIAN_POINT('',(-0.00633323407493434,-0.00374723178807141,0.342238958536223));
#1853=CARTESIAN_POINT('',(-0.0126664681498687,-0.00354065123721562,0.341408319219422));
#1854=CARTESIAN_POINT('',(-0.019,-0.00335896374976044,0.340575978268988));
#1855=CARTESIAN_POINT('',(0.,-0.00383018705633917,0.344771118738847));
#1856=CARTESIAN_POINT('',(-0.00633323407493432,-0.00364942751811684,0.343941225729973));
#1857=CARTESIAN_POINT('',(-0.0126664681498687,-0.0034686679798945,0.343111332721099));
#1858=CARTESIAN_POINT('',(-0.019,-0.00330969005967345,0.3422796481481));
#1859=CARTESIAN_POINT('',(0.,-0.00376305893836634,0.345605140123039));
#1860=CARTESIAN_POINT('',(-0.00633323407493434,-0.00359496020095725,0.344775711732425));
#1861=CARTESIAN_POINT('',(-0.0126664681498687,-0.00342686146354816,0.343946283341812));
#1862=CARTESIAN_POINT('',(-0.019,-0.0032790187110832,0.343115007400331));
#1863=CARTESIAN_POINT('',(0.,-0.00366228099180873,0.346822869637287));
#1864=CARTESIAN_POINT('',(-0.00633323407493434,-0.00351266973550044,0.345994161466893));
#1865=CARTESIAN_POINT('',(-0.0126664681498687,-0.00336305847919214,0.345165453296499));
#1866=CARTESIAN_POINT('',(-0.019,-0.0032314754567776,0.344334810788327));
#1867=CARTESIAN_POINT('',(0.,-0.00362867750718965,0.347223208533732));
#1868=CARTESIAN_POINT('',(-0.00633323407493434,-0.00348514447861343,0.346394744280103));
#1869=CARTESIAN_POINT('',(-0.0126664681498687,-0.00334161145003722,0.345566280026474));
#1870=CARTESIAN_POINT('',(-0.019,-0.00321537422576411,0.344735852042972));
#1871=CARTESIAN_POINT('',(0.,-0.00356247300142299,0.348011310099892));
#1872=CARTESIAN_POINT('',(-0.00633323407493434,-0.00343090552226615,0.347183326821492));
#1873=CARTESIAN_POINT('',(-0.0126664681498687,-0.00329933804310931,0.346355343543092));
#1874=CARTESIAN_POINT('',(-0.019,-0.00318362451335159,0.345525338577055));
#1875=CARTESIAN_POINT('',(0.,-0.00352954998481005,0.348399062902058));
#1876=CARTESIAN_POINT('',(-0.00633323407493434,-0.00340386989074002,0.34757132155955));
#1877=CARTESIAN_POINT('',(-0.0126664681498687,-0.00327818979666999,0.346743580217042));
#1878=CARTESIAN_POINT('',(-0.019,-0.00316765421904606,0.345913788033496));
#1879=CARTESIAN_POINT('',(0.,-0.0034692412682507,0.349160671456034));
#1880=CARTESIAN_POINT('',(-0.00633323407493434,-0.00335512206271907,0.348333339399434));
#1881=CARTESIAN_POINT('',(-0.0126664681498687,-0.00324100285718744,0.347506007342833));
#1882=CARTESIAN_POINT('',(-0.019,-0.00314063507504373,0.346676575126031));
#1883=CARTESIAN_POINT('',(0.,-0.00344217768125974,0.349534377346982));
#1884=CARTESIAN_POINT('',(-0.00633323407493434,-0.00333372949944815,0.348707207866688));
#1885=CARTESIAN_POINT('',(-0.0126664681498687,-0.00322528131763657,0.347880038386394));
#1886=CARTESIAN_POINT('',(-0.019,-0.00312990119791667,0.347050749155369));
#1887=CARTESIAN_POINT('',(0.,-0.00339817272010557,0.350267551572749));
#1888=CARTESIAN_POINT('',(-0.00633323407493434,-0.00330084452498702,0.349440563527134));
#1889=CARTESIAN_POINT('',(-0.0126664681498687,-0.00320351632986847,0.34861357548152));
#1890=CARTESIAN_POINT('',(-0.019,-0.00311791623268419,0.347784445822202));
#1891=CARTESIAN_POINT('',(0.,-0.00338123805560635,0.350627228489565));
#1892=CARTESIAN_POINT('',(-0.00633323407493434,-0.00328936197430495,0.349800259063063));
#1893=CARTESIAN_POINT('',(-0.0126664681498687,-0.00319748589300354,0.348973289636561));
#1894=CARTESIAN_POINT('',(-0.019,-0.00311668092709688,0.348144176352742));
#1895=CARTESIAN_POINT('',(0.,-0.00335813575782,0.351333470030153));
#1896=CARTESIAN_POINT('',(-0.00633323407493434,-0.00327695843967793,0.3505063836264));
#1897=CARTESIAN_POINT('',(-0.0126664681498687,-0.00319578112153587,0.349679297222647));
#1898=CARTESIAN_POINT('',(-0.019,-0.00312438571228518,0.348850081057396));
#1899=CARTESIAN_POINT('',(0.,-0.00335139528309813,0.35167991683673));
#1900=CARTESIAN_POINT('',(-0.00633323407493434,-0.00327546321039106,0.350852703579954));
#1901=CARTESIAN_POINT('',(-0.0126664681498687,-0.00319953113768399,0.350025490323178));
#1902=CARTESIAN_POINT('',(-0.019,-0.003132748919076,0.349196162590759));
#1903=CARTESIAN_POINT('',(0.,-0.00334293140305216,0.352358518589762));
#1904=CARTESIAN_POINT('',(-0.00633323407493434,-0.00327727031079498,0.351530985171744));
#1905=CARTESIAN_POINT('',(-0.0126664681498687,-0.00321160921853779,0.350703451753726));
#1906=CARTESIAN_POINT('',(-0.019,-0.00315386032191441,0.349873842439661));
#1907=CARTESIAN_POINT('',(0.,-0.0033414898620877,0.352690534836042));
#1908=CARTESIAN_POINT('',(-0.00633323407493434,-0.00328085222052758,0.351862803937575));
#1909=CARTESIAN_POINT('',(-0.0126664681498687,-0.00322021457896746,0.351035073039108));
#1910=CARTESIAN_POINT('',(-0.019,-0.00316688380462967,0.350205290041091));
#1911=CARTESIAN_POINT('',(0.,-0.00334451220439437,0.353336641882255));
#1912=CARTESIAN_POINT('',(-0.00633323407493434,-0.00329364640084479,0.352508438529192));
#1913=CARTESIAN_POINT('',(-0.0126664681498687,-0.00324278059729521,0.351680235176128));
#1914=CARTESIAN_POINT('',(-0.019,-0.00319804414942523,0.350850036654538));
#1915=CARTESIAN_POINT('',(0.,-0.00334899115045709,0.353650720063567));
#1916=CARTESIAN_POINT('',(-0.00633323407493434,-0.00330287353338717,0.352822241516831));
#1917=CARTESIAN_POINT('',(-0.0126664681498687,-0.00325675591631726,0.351993762970094));
#1918=CARTESIAN_POINT('',(-0.019,-0.00321619549599627,0.351163322415811));
#1919=CARTESIAN_POINT('',(0.,-0.00336488170130067,0.354257028225071));
#1920=CARTESIAN_POINT('',(-0.00633323407493434,-0.00332792537478699,0.353427908848904));
#1921=CARTESIAN_POINT('',(-0.0126664681498687,-0.00329096904827331,0.352598789472737));
#1922=CARTESIAN_POINT('',(-0.019,-0.00325846597825037,0.351767785309301));
#1923=CARTESIAN_POINT('',(0.,-0.00337628181070134,0.354549256294801));
#1924=CARTESIAN_POINT('',(-0.00633323407493434,-0.00334373856695652,0.353719771458031));
#1925=CARTESIAN_POINT('',(-0.0126664681498687,-0.0033111953232117,0.352890286621261));
#1926=CARTESIAN_POINT('',(-0.019,-0.0032825735571977,0.352058961035415));
#1927=CARTESIAN_POINT('',(0.,-0.00339883123172032,0.354967232357439));
#1928=CARTESIAN_POINT('',(-0.00633323407493434,-0.00337259593048747,0.354137130348572));
#1929=CARTESIAN_POINT('',(-0.0126664681498687,-0.00334636062925461,0.353307028339706));
#1930=CARTESIAN_POINT('',(-0.019,-0.00332328669541194,0.352475159951321));
#1931=CARTESIAN_POINT('',(0.,-0.00340730606519486,0.355103135456328));
#1932=CARTESIAN_POINT('',(-0.00633323407493434,-0.00338312100912533,0.354272815486364));
#1933=CARTESIAN_POINT('',(-0.0126664681498687,-0.0033589359530558,0.3534424955164));
#1934=CARTESIAN_POINT('',(-0.019,-0.00333766520877212,0.352610435431343));
#1935=CARTESIAN_POINT('',(0.,-0.00342755494583228,0.355366685507933));
#1936=CARTESIAN_POINT('',(-0.00633323407493434,-0.00340734330812278,0.354535885160629));
#1937=CARTESIAN_POINT('',(-0.0126664681498687,-0.00338713167041329,0.353705084813324));
#1938=CARTESIAN_POINT('',(-0.019,-0.00336935554551876,0.352872602236645));
#1939=CARTESIAN_POINT('',(0.,-0.00343941804323641,0.355494328701177));
#1940=CARTESIAN_POINT('',(-0.00633323407493434,-0.00342112946303801,0.354663264593026));
#1941=CARTESIAN_POINT('',(-0.0126664681498687,-0.0034028408828396,0.353832200484875));
#1942=CARTESIAN_POINT('',(-0.019,-0.00338675608602981,0.352999485930668));
#1943=CARTESIAN_POINT('',(0.,-0.00346738615317941,0.355739971083664));
#1944=CARTESIAN_POINT('',(-0.00633323407493434,-0.0034527949989131,0.354908321654817));
#1945=CARTESIAN_POINT('',(-0.0126664681498687,-0.00343820384464679,0.354076672225971));
#1946=CARTESIAN_POINT('',(-0.019,-0.00342537093202876,0.353243442882515));
#1947=CARTESIAN_POINT('',(0.,-0.00348329003555321,0.355857978712145));
#1948=CARTESIAN_POINT('',(-0.00633323407493434,-0.00347047351021111,0.355026010760425));
#1949=CARTESIAN_POINT('',(-0.0126664681498687,-0.003457656984869,0.354194042808705));
#1950=CARTESIAN_POINT('',(-0.019,-0.00344638485747042,0.353360533324547));
#1951=CARTESIAN_POINT('',(0.,-0.0035090169278228,0.356026805415814));
#1952=CARTESIAN_POINT('',(-0.00633323407493434,-0.00349873729734303,0.355194336781408));
#1953=CARTESIAN_POINT('',(-0.0126664681498687,-0.00348845766686325,0.354361868147002));
#1954=CARTESIAN_POINT('',(-0.019,-0.00347941673718181,0.353527918312681));
#1955=CARTESIAN_POINT('',(0.,-0.00351779189958619,0.356081785954516));
#1956=CARTESIAN_POINT('',(-0.00633323407493434,-0.00350833817881522,0.355249148265726));
#1957=CARTESIAN_POINT('',(-0.0126664681498687,-0.00349888445804425,0.354416510576935));
#1958=CARTESIAN_POINT('',(-0.019,-0.00349056991552385,0.353582412059371));
#1959=CARTESIAN_POINT('',(0.,-0.00353643226035857,0.356188469473627));
#1960=CARTESIAN_POINT('',(-0.00633323407493434,-0.00352858005831516,0.355355479345765));
#1961=CARTESIAN_POINT('',(-0.0126664681498687,-0.00352072785627176,0.354522489217904));
#1962=CARTESIAN_POINT('',(-0.019,-0.00351382184864255,0.353688080730359));
#1963=CARTESIAN_POINT('',(0.,-0.00354643525370027,0.356240088023187));
#1964=CARTESIAN_POINT('',(-0.00633323407493434,-0.00353935729258395,0.355406912484826));
#1965=CARTESIAN_POINT('',(-0.0126664681498687,-0.00353227933146762,0.354573736946464));
#1966=CARTESIAN_POINT('',(-0.019,-0.00352605426833267,0.35373916539048));
#1967=CARTESIAN_POINT('',(0.,-0.00356965697285208,0.356338481029376));
#1968=CARTESIAN_POINT('',(-0.00633323407493434,-0.00356405209180264,0.355504889224151));
#1969=CARTESIAN_POINT('',(-0.0126664681498687,-0.0035584472107532,0.354671297418926));
#1970=CARTESIAN_POINT('',(-0.019,-0.00355351772077392,0.353836359756452));
#1971=CARTESIAN_POINT('',(0.,-0.00358287570409519,0.3563852554819));
#1972=CARTESIAN_POINT('',(-0.00633323407493434,-0.00357796966211983,0.355551432820231));
#1973=CARTESIAN_POINT('',(-0.0126664681498687,-0.00357306362014448,0.354717610158563));
#1974=CARTESIAN_POINT('',(-0.019,-0.00356874875876881,0.353882469457966));
#1975=CARTESIAN_POINT('',(0.,-0.00361437545444278,0.35647256539206));
#1976=CARTESIAN_POINT('',(-0.00633323407493432,-0.00361076936817734,0.355638208559595));
#1977=CARTESIAN_POINT('',(-0.0126664681498687,-0.00360716328191189,0.354803851727131));
#1978=CARTESIAN_POINT('',(-0.019,-0.00360399173090963,0.353968241223596));
#1979=CARTESIAN_POINT('',(0.,-0.00363269192130457,0.356513182644216));
#1980=CARTESIAN_POINT('',(-0.00633323407493432,-0.00362968816559033,0.355678521907149));
#1981=CARTESIAN_POINT('',(-0.0126664681498687,-0.00362668440987609,0.354843861170082));
#1982=CARTESIAN_POINT('',(-0.019,-0.00362404260828156,0.354007983382606));
#1983=CARTESIAN_POINT('',(0.,-0.00367587638808668,0.35658597010194));
#1984=CARTESIAN_POINT('',(-0.00633323407493432,-0.00367394518564468,0.3557506080279));
#1985=CARTESIAN_POINT('',(-0.0126664681498687,-0.00367201398320268,0.35491524595386));
#1986=CARTESIAN_POINT('',(-0.019,-0.00367031549165543,0.35407875134088));
#1987=CARTESIAN_POINT('',(0.,-0.0037007325131314,0.356618112884481));
#1988=CARTESIAN_POINT('',(-0.00633323407493434,-0.00369927112641799,0.355782353575818));
#1989=CARTESIAN_POINT('',(-0.0126664681498687,-0.00369780973970458,0.354946594267155));
#1990=CARTESIAN_POINT('',(-0.019,-0.00369652445084723,0.354109750286529));
#1991=CARTESIAN_POINT('',(0.,-0.00374391471916577,0.35665803878036));
#1992=CARTESIAN_POINT('',(-0.00633323407493434,-0.00374302878157833,0.355821599873024));
#1993=CARTESIAN_POINT('',(-0.0126664681498687,-0.00374214284399089,0.354985160965688));
#1994=CARTESIAN_POINT('',(-0.019,-0.00374136366234171,0.354147719278382));
#1995=CARTESIAN_POINT('',(0.,-0.00375929659010222,0.356669960034805));
#1996=CARTESIAN_POINT('',(-0.00633323407493434,-0.00375858082924469,0.355833280568152));
#1997=CARTESIAN_POINT('',(-0.0126664681498687,-0.00375786506838716,0.354996601101498));
#1998=CARTESIAN_POINT('',(-0.019,-0.00375723555708377,0.354158947842397));
#1999=CARTESIAN_POINT('',(0.,-0.00379217214256023,0.356690747926236));
#2000=CARTESIAN_POINT('',(-0.00633323407493434,-0.00379174913235765,0.355853557412509));
#2001=CARTESIAN_POINT('',(-0.0126664681498687,-0.00379132612215508,0.355016366898782));
#2002=CARTESIAN_POINT('',(-0.019,-0.00379095408490107,0.354178264174044));
#2003=CARTESIAN_POINT('',(0.,-0.00380963695534216,0.35669965072543));
#2004=CARTESIAN_POINT('',(-0.00633323407493434,-0.00380933708516699,0.355862190136768));
#2005=CARTESIAN_POINT('',(-0.0126664681498687,-0.00380903721499182,0.355024729548105));
#2006=CARTESIAN_POINT('',(-0.019,-0.00380877347932811,0.354186389292602));
#2007=CARTESIAN_POINT('',(0.,-0.00386453973553568,0.356722439465126));
#2008=CARTESIAN_POINT('',(-0.00633323407493434,-0.00386454833504259,0.35588413329612));
#2009=CARTESIAN_POINT('',(-0.0126664681498687,-0.00386455693454951,0.355045827127114));
#2010=CARTESIAN_POINT('',(-0.019,-0.00386456449781138,0.354206743184136));
#2011=CARTESIAN_POINT('',(0.,-0.00390448584924681,0.356732405932169));
#2012=CARTESIAN_POINT('',(-0.00633323407493434,-0.00390461883092726,0.355893488905052));
#2013=CARTESIAN_POINT('',(-0.0126664681498687,-0.00390475181260772,0.355054571877935));
#2014=CARTESIAN_POINT('',(-0.019,-0.00390486876992679,0.354214950685565));
#2015=CARTESIAN_POINT('',(0.,-0.00398801643832286,0.356744835977474));
#2016=CARTESIAN_POINT('',(-0.00633323407493434,-0.00398828228311258,0.355904647151102));
#2017=CARTESIAN_POINT('',(-0.0126664681498687,-0.0039885481279023,0.35506445832473));
#2018=CARTESIAN_POINT('',(-0.019,-0.00398878193825714,0.354223718585575));
#2019=CARTESIAN_POINT('',(0.,-0.00403148971015346,0.356747326171376));
#2020=CARTESIAN_POINT('',(-0.00633323407493434,-0.00403176451194751,0.355906478068488));
#2021=CARTESIAN_POINT('',(-0.0126664681498687,-0.00403203931374156,0.3550656299656));
#2022=CARTESIAN_POINT('',(-0.019,-0.00403228100177707,0.35422431039309));
#2023=CARTESIAN_POINT('',(0.,-0.0041636963707559,0.356747743019825));
#2024=CARTESIAN_POINT('',(-0.00633323407493434,-0.00416389015969351,0.355904894716089));
#2025=CARTESIAN_POINT('',(-0.0126664681498687,-0.00416408394863112,0.355062046412353));
#2026=CARTESIAN_POINT('',(-0.019,-0.00416425438590135,0.354218967664233));
#2027=CARTESIAN_POINT('',(0.,-0.00425486815823175,0.35673846256527));
#2028=CARTESIAN_POINT('',(-0.00633323407493434,-0.00425486134294959,0.355894241210977));
#2029=CARTESIAN_POINT('',(-0.0126664681498687,-0.00425485452766744,0.355050019856684));
#2030=CARTESIAN_POINT('',(-0.019,-0.00425484853363031,0.354205733511311));
#2031=CARTESIAN_POINT('',(0.,-0.00434600279503512,0.356729189319368));
#2032=CARTESIAN_POINT('',(-0.00633323407493434,-0.00434579550911735,0.355883595471745));
#2033=CARTESIAN_POINT('',(-0.0126664681498687,-0.00434558822319958,0.355038001624122));
#2034=CARTESIAN_POINT('',(-0.019,-0.0043454059153423,0.354192508171577));
#2035=CARTESIAN_POINT('',(-0.1095,-0.00434600279503512,0.342129189319368));
#2036=CARTESIAN_POINT('',(-0.0912476283095672,-0.00434540575968803,0.344559490190592));
#2037=CARTESIAN_POINT('',(-0.0547333895289436,-0.0043442113783992,0.349421356244259));
#2038=CARTESIAN_POINT('',(-0.0182476258412845,-0.00434540555264287,0.354292822691742));
#2039=CARTESIAN_POINT('',(0.,-0.00434600279503512,0.356729189319368));
#2040=CARTESIAN_POINT('',(-0.1095,-0.00333234526698404,0.305374947449927));
#2041=CARTESIAN_POINT('',(-0.0912476283095672,-0.00173228250973838,0.307919332075548));
#2042=CARTESIAN_POINT('',(-0.0547333895289436,0.00146867540263391,0.313009424987601));
#2043=CARTESIAN_POINT('',(-0.0182476258412845,-0.00173172762591626,0.317652704139665));
#2044=CARTESIAN_POINT('',(0.,-0.00333234526698403,0.319974947449927));
#2045=CARTESIAN_POINT('',(0.,-0.00434600279503512,0.356729189319368));
#2046=CARTESIAN_POINT('',(-0.00633323407493436,-0.00434579550911735,0.355883595471745));
#2047=CARTESIAN_POINT('',(-0.0126664681498687,-0.00434558822319959,0.355038001624122));
#2048=CARTESIAN_POINT('',(-0.0190000000000001,-0.0043454059153423,0.354192508171577));
#2049=CARTESIAN_POINT('',(0.,-0.00445493909307001,0.356702628249791));
#2050=CARTESIAN_POINT('',(-0.00633323407493436,-0.00445425806150503,0.355855404036447));
#2051=CARTESIAN_POINT('',(-0.0126664681498687,-0.00445357702994004,0.355008179823104));
#2052=CARTESIAN_POINT('',(-0.0190000000000001,-0.00445297806303146,0.354161252464752));
#2053=CARTESIAN_POINT('',(0.,-0.0045638753911049,0.356676067180213));
#2054=CARTESIAN_POINT('',(-0.00633323407493436,-0.0045627206138927,0.35582721260115));
#2055=CARTESIAN_POINT('',(-0.0126664681498687,-0.00456156583668051,0.354978358022086));
#2056=CARTESIAN_POINT('',(-0.0190000000000001,-0.00456055021072063,0.354129996757927));
#2057=CARTESIAN_POINT('',(0.,-0.00478260364234185,0.356600694467769));
#2058=CARTESIAN_POINT('',(-0.00633323407493436,-0.00478016421832383,0.355748580909393));
#2059=CARTESIAN_POINT('',(-0.0126664681498687,-0.00477772479430581,0.354896467351017));
#2060=CARTESIAN_POINT('',(-0.0190000000000001,-0.00477557932214574,0.354045239816241));
#2061=CARTESIAN_POINT('',(0.,-0.0048925796662271,0.356550471173874));
#2062=CARTESIAN_POINT('',(-0.00633323407493436,-0.00488930786505432,0.355696727149773));
#2063=CARTESIAN_POINT('',(-0.0126664681498687,-0.00488603606388153,0.354842983125673));
#2064=CARTESIAN_POINT('',(-0.0190000000000001,-0.00488315851644508,0.353990321597137));
#2065=CARTESIAN_POINT('',(0.,-0.00505618684188236,0.356462009348862));
#2066=CARTESIAN_POINT('',(-0.00633323407493436,-0.00505146879725447,0.355605848821684));
#2067=CARTESIAN_POINT('',(-0.0126664681498687,-0.00504675075262658,0.354749688294507));
#2068=CARTESIAN_POINT('',(-0.0190000000000001,-0.00504260123482061,0.353894901452768));
#2069=CARTESIAN_POINT('',(0.,-0.00511047674362101,0.356430425172037));
#2070=CARTESIAN_POINT('',(-0.00633323407493436,-0.0051052450598057,0.355573464247415));
#2071=CARTESIAN_POINT('',(-0.0126664681498687,-0.0051000133759904,0.354716503322792));
#2072=CARTESIAN_POINT('',(-0.0190000000000001,-0.00509541211278519,0.353861012531915));
#2073=CARTESIAN_POINT('',(0.,-0.00521826454813924,0.35636383721565));
#2074=CARTESIAN_POINT('',(-0.00633323407493436,-0.00521195437979556,0.355505289735464));
#2075=CARTESIAN_POINT('',(-0.0126664681498687,-0.00520564421145188,0.354646742255278));
#2076=CARTESIAN_POINT('',(-0.0190000000000001,-0.00520009442166271,0.353789856089605));
#2077=CARTESIAN_POINT('',(0.,-0.00527178519615532,0.356328759408861));
#2078=CARTESIAN_POINT('',(-0.00633323407493436,-0.0052649090476185,0.355469425475378));
#2079=CARTESIAN_POINT('',(-0.0126664681498687,-0.00525803289908167,0.354610091541894));
#2080=CARTESIAN_POINT('',(-0.0190000000000001,-0.00525198533000584,0.353752513690952));
#2081=CARTESIAN_POINT('',(0.,-0.00543109571588806,0.356218298013344));
#2082=CARTESIAN_POINT('',(-0.00633323407493436,-0.00542244336832189,0.355356627103521));
#2083=CARTESIAN_POINT('',(-0.0126664681498687,-0.00541379102075572,0.354494956193698));
#2084=CARTESIAN_POINT('',(-0.0190000000000001,-0.00540618128555377,0.353635322973277));
#2085=CARTESIAN_POINT('',(0.,-0.00553568326955343,0.356137691565234));
#2086=CARTESIAN_POINT('',(-0.00633323407493436,-0.00552574248965554,0.355274491769702));
#2087=CARTESIAN_POINT('',(-0.0126664681498687,-0.00551580170975766,0.354411291974171));
#2088=CARTESIAN_POINT('',(-0.0190000000000001,-0.00550705879898745,0.353550314099561));
#2089=CARTESIAN_POINT('',(0.,-0.00574055193177356,0.355963168297536));
#2090=CARTESIAN_POINT('',(-0.00633323407493436,-0.0057278357819423,0.355096984666447));
#2091=CARTESIAN_POINT('',(-0.0126664681498687,-0.00571511963211104,0.354230801035358));
#2092=CARTESIAN_POINT('',(-0.0190000000000001,-0.00570393578492226,0.353367198878921));
#2093=CARTESIAN_POINT('',(0.,-0.00584075814838281,0.355869242734001));
#2094=CARTESIAN_POINT('',(-0.00633323407493436,-0.0058265549781418,0.355001605291748));
#2095=CARTESIAN_POINT('',(-0.0126664681498687,-0.00581235180790078,0.354133967849495));
#2096=CARTESIAN_POINT('',(-0.0190000000000001,-0.005799860127032,0.353269087066893));
#2097=CARTESIAN_POINT('',(0.,-0.0060350891577186,0.355668632136159));
#2098=CARTESIAN_POINT('',(-0.00633323407493436,-0.00601772294733212,0.354798187494163));
#2099=CARTESIAN_POINT('',(-0.0126664681498687,-0.00600035673694564,0.353927742852166));
#2100=CARTESIAN_POINT('',(-0.0190000000000001,-0.00598508316390759,0.353060393138844));
#2101=CARTESIAN_POINT('',(0.,-0.00612928794173852,0.355561965258741));
#2102=CARTESIAN_POINT('',(-0.00633323407493436,-0.00611024593741136,0.354690166096887));
#2103=CARTESIAN_POINT('',(-0.0126664681498687,-0.0060912039330842,0.353818366935032));
#2104=CARTESIAN_POINT('',(-0.0190000000000001,-0.00607445650014349,0.352949825922196));
#2105=CARTESIAN_POINT('',(0.,-0.00640367469090408,0.355224500147042));
#2106=CARTESIAN_POINT('',(-0.00633323407493436,-0.0063793465371037,0.354348773149251));
#2107=CARTESIAN_POINT('',(-0.0126664681498687,-0.00635501838330333,0.35347304615146));
#2108=CARTESIAN_POINT('',(-0.0190000000000001,-0.0063336217846395,0.352601050608953));
#2109=CARTESIAN_POINT('',(0.,-0.00657551754171326,0.354975893251148));
#2110=CARTESIAN_POINT('',(-0.00633323407493436,-0.00654731514769479,0.354097730938157));
#2111=CARTESIAN_POINT('',(-0.0126664681498687,-0.00651911275367632,0.353219568625165));
#2112=CARTESIAN_POINT('',(-0.0190000000000001,-0.00649430876274779,0.352345431224201));
#2113=CARTESIAN_POINT('',(0.,-0.00690334303272007,0.354446117312954));
#2114=CARTESIAN_POINT('',(-0.00633323407493436,-0.00686691005716893,0.353563345797558));
#2115=CARTESIAN_POINT('',(-0.0126664681498687,-0.00683047708161779,0.352680574282161));
#2116=CARTESIAN_POINT('',(-0.0190000000000001,-0.00679843429849527,0.351802383090069));
#2117=CARTESIAN_POINT('',(0.,-0.00705889259351044,0.354164642367127));
#2118=CARTESIAN_POINT('',(-0.00633323407493435,-0.0070180989351965,0.353279703717875));
#2119=CARTESIAN_POINT('',(-0.0126664681498687,-0.00697730527688256,0.352394765068622));
#2120=CARTESIAN_POINT('',(-0.019,-0.00694142727552928,0.351514667883427));
#2121=CARTESIAN_POINT('',(0.,-0.0073513015619375,0.353574070321639));
#2122=CARTESIAN_POINT('',(-0.00633323407493436,-0.00730138103468528,0.352685098379247));
#2123=CARTESIAN_POINT('',(-0.0126664681498687,-0.00725146050743306,0.351796126436855));
#2124=CARTESIAN_POINT('',(-0.0190000000000001,-0.0072075554295769,0.350912481972433));
#2125=CARTESIAN_POINT('',(0.,-0.00748834725428021,0.353265034761));
#2126=CARTESIAN_POINT('',(-0.00633323407493436,-0.00743366134873417,0.352374193800702));
#2127=CARTESIAN_POINT('',(-0.0126664681498687,-0.00737897544318814,0.351483352840403));
#2128=CARTESIAN_POINT('',(-0.0190000000000001,-0.00733087921759135,0.350598064575701));
#2129=CARTESIAN_POINT('',(0.,-0.00774451416278889,0.352624270369707));
#2130=CARTESIAN_POINT('',(-0.00633323407493436,-0.00767996605207976,0.351729977510185));
#2131=CARTESIAN_POINT('',(-0.0126664681498687,-0.00761541794137063,0.350835684650663));
#2132=CARTESIAN_POINT('',(-0.0190000000000001,-0.00755864791144218,0.349947360442381));
#2133=CARTESIAN_POINT('',(0.,-0.00786381228353174,0.352292539657085));
#2134=CARTESIAN_POINT('',(-0.00633323407493436,-0.007794167200644,0.351396661241406));
#2135=CARTESIAN_POINT('',(-0.0126664681498687,-0.00772452211775627,0.350500782825726));
#2136=CARTESIAN_POINT('',(-0.0190000000000001,-0.0076632693034373,0.349611064121626));
#2137=CARTESIAN_POINT('',(0.,-0.00808391036411202,0.351609877855893));
#2138=CARTESIAN_POINT('',(-0.00633323407493436,-0.00800379310513679,0.350711120835816));
#2139=CARTESIAN_POINT('',(-0.0126664681498687,-0.00792367584616155,0.349812363815739));
#2140=CARTESIAN_POINT('',(-0.0190000000000001,-0.00785321275839892,0.348920113380562));
#2141=CARTESIAN_POINT('',(0.,-0.00818442454366882,0.351258936094569));
#2142=CARTESIAN_POINT('',(-0.00633323407493436,-0.00809893210808463,0.350358890356375));
#2143=CARTESIAN_POINT('',(-0.0126664681498687,-0.00801343967250044,0.349458844618182));
#2144=CARTESIAN_POINT('',(-0.0190000000000001,-0.00793824911969492,0.348565460756089));
#2145=CARTESIAN_POINT('',(0.,-0.00836759608389663,0.350540700553486));
#2146=CARTESIAN_POINT('',(-0.00633323407493436,-0.00827111772764289,0.349638358303967));
#2147=CARTESIAN_POINT('',(-0.0126664681498687,-0.00817463937138916,0.348736016054448));
#2148=CARTESIAN_POINT('',(-0.0190000000000001,-0.00808978670704621,0.347840612411835));
#2149=CARTESIAN_POINT('',(0.,-0.00845044780132273,0.350173416242509));
#2150=CARTESIAN_POINT('',(-0.00633323407493436,-0.00834835871587824,0.349270063253441));
#2151=CARTESIAN_POINT('',(-0.0126664681498687,-0.00824626963043375,0.348366710264373));
#2152=CARTESIAN_POINT('',(-0.0190000000000001,-0.00815648233267426,0.347470417676849));
#2153=CARTESIAN_POINT('',(0.,-0.00859745222024357,0.349424982001874));
#2154=CARTESIAN_POINT('',(-0.00633323407493436,-0.0084839442776469,0.348519899556561));
#2155=CARTESIAN_POINT('',(-0.0126664681498687,-0.00837043633505024,0.347614817111248));
#2156=CARTESIAN_POINT('',(-0.0190000000000001,-0.00827060615834115,0.346717003467853));
#2157=CARTESIAN_POINT('',(0.,-0.00866156495560283,0.349043822188072));
#2158=CARTESIAN_POINT('',(-0.00633323407493436,-0.00854224876192109,0.34813802163717));
#2159=CARTESIAN_POINT('',(-0.0126664681498687,-0.00842293256823935,0.347232221086267));
#2160=CARTESIAN_POINT('',(-0.0190000000000001,-0.00831799403770999,0.346333775869378));
#2161=CARTESIAN_POINT('',(0.,-0.00877063240959677,0.348270414759231));
#2162=CARTESIAN_POINT('',(-0.00633323407493436,-0.00863954463891861,0.347363475128764));
#2163=CARTESIAN_POINT('',(-0.0126664681498687,-0.00850845686824045,0.346456535498297));
#2164=CARTESIAN_POINT('',(-0.0190000000000001,-0.0083931652418412,0.345557088461522));
#2165=CARTESIAN_POINT('',(0.,-0.00881558313031534,0.347878165494622));
#2166=CARTESIAN_POINT('',(-0.00633323407493436,-0.00867853201141283,0.346970804951747));
#2167=CARTESIAN_POINT('',(-0.0126664681498687,-0.00854148089251032,0.346063444408872));
#2168=CARTESIAN_POINT('',(-0.0190000000000001,-0.00842094450443718,0.345163627179851));
#2169=CARTESIAN_POINT('',(0.,-0.00888284233451316,0.347083405562526));
#2170=CARTESIAN_POINT('',(-0.00633323407493436,-0.00873372424671058,0.346175552487373));
#2171=CARTESIAN_POINT('',(-0.0126664681498687,-0.00858460615890801,0.34526769941222));
#2172=CARTESIAN_POINT('',(-0.0190000000000001,-0.00845345687793875,0.344367449001316));
#2173=CARTESIAN_POINT('',(0.,-0.00890522761620071,0.346680906115039));
#2174=CARTESIAN_POINT('',(-0.00633323407493436,-0.00875000602672738,0.345772980250858));
#2175=CARTESIAN_POINT('',(-0.0126664681498687,-0.00859478443725405,0.344865054386678));
#2176=CARTESIAN_POINT('',(-0.0190000000000001,-0.00845826712972739,0.343964739957862));
#2177=CARTESIAN_POINT('',(0.,-0.0089290151671168,0.345867173174939));
#2178=CARTESIAN_POINT('',(-0.00633323407493436,-0.00876146831073052,0.344959424916929));
#2179=CARTESIAN_POINT('',(-0.0126664681498687,-0.00859392145434425,0.344051676658919));
#2180=CARTESIAN_POINT('',(-0.0190000000000001,-0.00844656408095295,0.343151518434638));
#2181=CARTESIAN_POINT('',(0.,-0.00893033732648062,0.34545591194734));
#2182=CARTESIAN_POINT('',(-0.00633323407493436,-0.00875656833820782,0.34454841531469));
#2183=CARTESIAN_POINT('',(-0.0126664681498687,-0.00858279934993502,0.34364091868204));
#2184=CARTESIAN_POINT('',(-0.0190000000000001,-0.00842996961477301,0.342740981762132));
#2185=CARTESIAN_POINT('',(0.,-0.00890923123358333,0.344624613563231));
#2186=CARTESIAN_POINT('',(-0.00633323407493436,-0.00872290091216507,0.343717985256376));
#2187=CARTESIAN_POINT('',(-0.0126664681498687,-0.00853657059074681,0.342811356949522));
#2188=CARTESIAN_POINT('',(-0.0190000000000001,-0.00837269316959098,0.341912183721702));
#2189=CARTESIAN_POINT('',(0.,-0.00888687962644873,0.344204565708048));
#2190=CARTESIAN_POINT('',(-0.00633323407493436,-0.00869420989130799,0.343298552949265));
#2191=CARTESIAN_POINT('',(-0.0126664681498687,-0.00850154015616726,0.342392540190482));
#2192=CARTESIAN_POINT('',(-0.0190000000000001,-0.00833208722392674,0.341493908336872));
#2193=CARTESIAN_POINT('',(0.,-0.00882143744455592,0.343354923367563));
#2194=CARTESIAN_POINT('',(-0.00633323407493436,-0.00861595816502369,0.342450461734105));
#2195=CARTESIAN_POINT('',(-0.0126664681498687,-0.00841047888549145,0.341546000100647));
#2196=CARTESIAN_POINT('',(-0.0190000000000001,-0.00822975996559481,0.340648732460957));
#2197=CARTESIAN_POINT('',(0.,-0.00877833292771725,0.342925323354732));
#2198=CARTESIAN_POINT('',(-0.00633323407493436,-0.0085663834431079,0.342021797513084));
#2199=CARTESIAN_POINT('',(-0.0126664681498687,-0.00835443395849854,0.341118271671436));
#2200=CARTESIAN_POINT('',(-0.0190000000000001,-0.00816802449658858,0.340221827060158));
#2201=CARTESIAN_POINT('',(0.,-0.00867973569606247,0.342058005018437));
#2202=CARTESIAN_POINT('',(-0.00633323407493436,-0.00845473117548424,0.341156543521903));
#2203=CARTESIAN_POINT('',(-0.0126664681498687,-0.00822972665490602,0.340255082025368));
#2204=CARTESIAN_POINT('',(-0.0190000000000001,-0.0080318352956248,0.339360453004548));
#2205=CARTESIAN_POINT('',(0.,-0.00862451584804846,0.341620275251655));
#2206=CARTESIAN_POINT('',(-0.00633323407493436,-0.00839292614325175,0.340719938188253));
#2207=CARTESIAN_POINT('',(-0.0126664681498687,-0.00816133643845504,0.33981960112485));
#2208=CARTESIAN_POINT('',(-0.0190000000000001,-0.00795765341306523,0.338925961042386));
#2209=CARTESIAN_POINT('',(0.,-0.00850141430615931,0.340738500882384));
#2210=CARTESIAN_POINT('',(-0.00633323407493436,-0.00825656706949516,0.33984060839514));
#2211=CARTESIAN_POINT('',(-0.0126664681498687,-0.00801171983283101,0.338942715907895));
#2212=CARTESIAN_POINT('',(-0.0190000000000001,-0.00779637681503207,0.338051225828897));
#2213=CARTESIAN_POINT('',(0.,-0.00843331137842639,0.340294524340933));
#2214=CARTESIAN_POINT('',(-0.00633323407493436,-0.00818179296980931,0.339397955298427));
#2215=CARTESIAN_POINT('',(-0.0126664681498687,-0.00793027456119224,0.338501386255921));
#2216=CARTESIAN_POINT('',(-0.0190000000000001,-0.00770906425111682,0.337611060145884));
#2217=CARTESIAN_POINT('',(0.,-0.00828647834759507,0.339401083998273));
#2218=CARTESIAN_POINT('',(-0.00633323407493436,-0.0080215416067641,0.338507326229543));
#2219=CARTESIAN_POINT('',(-0.0126664681498687,-0.00775660486593313,0.337613568460813));
#2220=CARTESIAN_POINT('',(-0.0190000000000001,-0.00752359313962718,0.336725714864606));
#2221=CARTESIAN_POINT('',(0.,-0.00820784759917457,0.338951570370197));
#2222=CARTESIAN_POINT('',(-0.00633323407493436,-0.00793616287871743,0.33805929896045));
#2223=CARTESIAN_POINT('',(-0.0126664681498687,-0.0076644781582603,0.337167027550702));
#2224=CARTESIAN_POINT('',(-0.0190000000000001,-0.00742553158736903,0.33628048120645));
#2225=CARTESIAN_POINT('',(0.,-0.00795929014785475,0.337596223106224));
#2226=CARTESIAN_POINT('',(-0.00633323407493436,-0.00766726689158976,0.336708606858801));
#2227=CARTESIAN_POINT('',(-0.0126664681498687,-0.00737524363532476,0.335820990611377));
#2228=CARTESIAN_POINT('',(-0.0190000000000001,-0.00711840933272721,0.334938538479978));
#2229=CARTESIAN_POINT('',(0.,-0.00777672446435753,0.336683617898877));
#2230=CARTESIAN_POINT('',(-0.00633323407493436,-0.00747101656421471,0.335799366120462));
#2231=CARTESIAN_POINT('',(-0.0126664681498687,-0.0071653086640719,0.334915114342046));
#2232=CARTESIAN_POINT('',(-0.0190000000000001,-0.00689643872427335,0.334035621259395));
#2233=CARTESIAN_POINT('',(0.,-0.00739242049796391,0.334848926987941));
#2234=CARTESIAN_POINT('',(-0.00633323407493436,-0.00705921255900335,0.333971700438173));
#2235=CARTESIAN_POINT('',(-0.0126664681498687,-0.00672600462004279,0.333094473888405));
#2236=CARTESIAN_POINT('',(-0.0190000000000001,-0.0064329484103509,0.33222115949071));
#2237=CARTESIAN_POINT('',(0.,-0.00718996281962064,0.333927286502935));
#2238=CARTESIAN_POINT('',(-0.00633323407493435,-0.00684294669580045,0.33305373130124));
#2239=CARTESIAN_POINT('',(-0.0126664681498687,-0.00649593057198026,0.332180176099545));
#2240=CARTESIAN_POINT('',(-0.0190000000000001,-0.00619073007085788,0.331310090650579));
#2241=CARTESIAN_POINT('',(0.,-0.00677197165764205,0.332086786422149));
#2242=CARTESIAN_POINT('',(-0.00633323407493436,-0.00639738986754521,0.33122076988111));
#2243=CARTESIAN_POINT('',(-0.0126664681498687,-0.00602280807744838,0.330354753340071));
#2244=CARTESIAN_POINT('',(-0.0190000000000001,-0.00569336358711653,0.329491298139247));
#2245=CARTESIAN_POINT('',(0.,-0.00655598670765979,0.331168119716553));
#2246=CARTESIAN_POINT('',(-0.00633323407493436,-0.0061676506522277,0.330305977190152));
#2247=CARTESIAN_POINT('',(-0.0126664681498687,-0.00577931459679561,0.32944383466375));
#2248=CARTESIAN_POINT('',(-0.0190000000000001,-0.00543777323722704,0.328583786656792));
#2249=CARTESIAN_POINT('',(0.,-0.0061089333179786,0.329344759894539));
#2250=CARTESIAN_POINT('',(-0.00633323407493436,-0.00569331007630266,0.328490584340249));
#2251=CARTESIAN_POINT('',(-0.0126664681498687,-0.00527768683462673,0.327636408785959));
#2252=CARTESIAN_POINT('',(-0.0190000000000001,-0.00491214640889328,0.326783367726846));
#2253=CARTESIAN_POINT('',(0.,-0.00587814939886131,0.328439851349985));
#2254=CARTESIAN_POINT('',(-0.00633323407493436,-0.00544898978952022,0.327589764591435));
#2255=CARTESIAN_POINT('',(-0.0126664681498687,-0.00501983018017912,0.326739677832885));
#2256=CARTESIAN_POINT('',(-0.0190000000000001,-0.00464238452609691,0.325890232867507));
#2257=CARTESIAN_POINT('',(0.,-0.00540318869701098,0.326653929345023));
#2258=CARTESIAN_POINT('',(-0.00633323407493436,-0.00494732666526639,0.325812206993379));
#2259=CARTESIAN_POINT('',(-0.0126664681498687,-0.00449146463352179,0.324970484641736));
#2260=CARTESIAN_POINT('',(-0.0190000000000001,-0.00409053421276933,0.324128396167899));
#2261=CARTESIAN_POINT('',(0.,-0.00515827871545658,0.325772749988188));
#2262=CARTESIAN_POINT('',(-0.00633323407493436,-0.00468924860367041,0.324935314448576));
#2263=CARTESIAN_POINT('',(-0.0126664681498687,-0.00422021849188424,0.324097878908964));
#2264=CARTESIAN_POINT('',(-0.0190000000000001,-0.00380770675155715,0.323259560684088));
#2265=CARTESIAN_POINT('',(0.,-0.00465654630800925,0.32404405630129));
#2266=CARTESIAN_POINT('',(-0.00633323407493436,-0.00416169716382954,0.323215352353708));
#2267=CARTESIAN_POINT('',(-0.0126664681498687,-0.00366684801964983,0.322386648406127));
#2268=CARTESIAN_POINT('',(-0.0190000000000001,-0.0032316284537086,0.321556009611917));
#2269=CARTESIAN_POINT('',(0.,-0.0043990233230926,0.323196553636687));
#2270=CARTESIAN_POINT('',(-0.00633323407493436,-0.00389152386572622,0.322372305058943));
#2271=CARTESIAN_POINT('',(-0.0126664681498687,-0.00338402440835984,0.321548056481199));
#2272=CARTESIAN_POINT('',(-0.0190000000000001,-0.00293767889852465,0.320721336182454));
#2273=CARTESIAN_POINT('',(0.,-0.00387349606934827,0.321547485579898));
#2274=CARTESIAN_POINT('',(-0.00633323407493436,-0.00334139781360233,0.32073227595479));
#2275=CARTESIAN_POINT('',(-0.0126664681498687,-0.00280929955785639,0.319917066329682));
#2276=CARTESIAN_POINT('',(-0.0190000000000001,-0.00234131941759019,0.319098295785098));
#2277=CARTESIAN_POINT('',(0.,-0.00360549826611343,0.320745926277762));
#2278=CARTESIAN_POINT('',(-0.00633323407493435,-0.0030614516130301,0.319935300133624));
#2279=CARTESIAN_POINT('',(-0.0126664681498687,-0.00251740495994677,0.319124673989486));
#2280=CARTESIAN_POINT('',(-0.0190000000000001,-0.0020389162104124,0.31830993461404));
#2281=CARTESIAN_POINT('',(0.,-0.00333234526698403,0.319974947449927));
#2282=CARTESIAN_POINT('',(-0.00633323407493436,-0.00277681622043724,0.319168962573278));
#2283=CARTESIAN_POINT('',(-0.0126664681498687,-0.00222128717389044,0.318362977696627));
#2284=CARTESIAN_POINT('',(-0.0190000000000001,-0.0017326996652536,0.317552320313533));
#2285=CARTESIAN_POINT('',(-0.109501999987054,-0.00402895333064397,0.334580766056711));
#2286=CARTESIAN_POINT('',(-0.109501999987054,-0.00419923128985898,0.33569280491242));
#2287=CARTESIAN_POINT('',(-0.109501999987054,-0.003858675371429,0.333468727201003));
#2288=CARTESIAN_POINT('',(-0.109501999987054,-0.00402895333064397,0.334580766056711));
#2289=CARTESIAN_POINT('',(-0.109501999987054,-0.00419923128985898,0.33569280491242));
#2290=CARTESIAN_POINT('',(-0.109501999987054,-0.003858675371429,0.333468727201003));
#2291=CARTESIAN_POINT('',(-0.109501999987054,-0.00531127014556756,0.335522526953205));
#2292=CARTESIAN_POINT('',(-0.109501999987054,-0.00642330900127609,0.33535224899399));
#2293=CARTESIAN_POINT('',(-0.109501999987054,-0.00625303104206108,0.334240210138281));
#2294=CARTESIAN_POINT('',(-0.109501999987054,-0.00608275308284608,0.333128171282573));
#2295=CARTESIAN_POINT('',(-0.109501999987054,-0.00497071422713754,0.333298449241788));
#2296=MECHANICAL_DESIGN_GEOMETRIC_PRESENTATION_REPRESENTATION('',(#499),
#2297);
#2297=(
GEOMETRIC_REPRESENTATION_CONTEXT(3)
GLOBAL_UNCERTAINTY_ASSIGNED_CONTEXT((#2298))
GLOBAL_UNIT_ASSIGNED_CONTEXT((#2301,#2300,#2299))
REPRESENTATION_CONTEXT('Part 1','TOP_LEVEL_ASSEMBLY_PART')
);
#2298=UNCERTAINTY_MEASURE_WITH_UNIT(LENGTH_MEASURE(2.E-5),#2301,
'DISTANCE_ACCURACY_VALUE','Maximum Tolerance applied to model');
#2299=(
NAMED_UNIT(*)
SI_UNIT($,.STERADIAN.)
SOLID_ANGLE_UNIT()
);
#2300=(
NAMED_UNIT(*)
PLANE_ANGLE_UNIT()
SI_UNIT($,.RADIAN.)
);
#2301=(
LENGTH_UNIT()
NAMED_UNIT(*)
SI_UNIT($,.METRE.)
);
#2302=PRODUCT_DEFINITION_SHAPE('','',#2303);
#2303=PRODUCT_DEFINITION('','',#2305,#2304);
#2304=PRODUCT_DEFINITION_CONTEXT('',#2311,'design');
#2305=PRODUCT_DEFINITION_FORMATION_WITH_SPECIFIED_SOURCE('','',#2307,
 .NOT_KNOWN.);
#2306=PRODUCT_RELATED_PRODUCT_CATEGORY('','',(#2307));
#2307=PRODUCT('Part 1','Part 1','Part 1',(#2309));
#2308=PRODUCT_CATEGORY('','');
#2309=PRODUCT_CONTEXT('',#2311,'mechanical');
#2310=APPLICATION_PROTOCOL_DEFINITION('international standard',
'ap242_managed_model_based_3d_engineering',2020,#2311);
#2311=APPLICATION_CONTEXT('managed model based 3d engineering');
ENDSEC;
END-ISO-10303-21;
