ISO-10303-21;
HEADER;
/* Generated by software containing ST-Developer
 * from STEP Tools, Inc. (www.steptools.com) 
 */
/* OPTION: using custom renumber hook */

FILE_DESCRIPTION(
/* description */ ('STEP AP242 Edition 2',
'CAx-IF Rec.Pracs.---Representation and Presentation of Product Manufa
cturing Information (PMI)---4.0---2014-10-13',
'CAx-IF Rec.Pracs.---3D Tessellated Geometry---0.4---2014-09-14','2;1',
'CAx-IF Rec.Pracs.---User Defined Attributes---1.5---2016-08-15'),
/* implementation_level */ '2;1');

FILE_NAME(
/* name */ 'Main chassis - Part 1 (4)',
/* time_stamp */ '2026-06-20T13:42:32Z',
/* author */ (''),
/* organization */ (''),
/* preprocessor_version */ 'ST-DEVELOPER v20',
/* originating_system */ 'ONSHAPE BY PTC INC, 1.216',
/* authorisation */ '  ');

FILE_SCHEMA (('AP242_MANAGED_MODEL_BASED_3D_ENGINEERING_MIM_LF { 1 0 10303 442 3 1 4 }'));
ENDSEC;

DATA;
#10=SHAPE_REPRESENTATION_RELATIONSHIP('','',#605,#11);
#11=ADVANCED_BREP_SHAPE_REPRESENTATION('',(#603),#6296);
#12=CYLINDRICAL_SURFACE('',#619,0.00107499999999999);
#13=CYLINDRICAL_SURFACE('',#624,0.001075);
#14=CYLINDRICAL_SURFACE('',#635,0.001075);
#15=CYLINDRICAL_SURFACE('',#641,0.001075);
#16=LINE('',#1245,#56);
#17=LINE('',#1248,#57);
#18=LINE('',#1269,#58);
#19=LINE('',#1272,#59);
#20=LINE('',#1330,#60);
#21=LINE('',#1333,#61);
#22=LINE('',#1335,#62);
#23=LINE('',#1337,#63);
#24=LINE('',#6213,#64);
#25=LINE('',#6216,#65);
#26=LINE('',#6219,#66);
#27=LINE('',#6222,#67);
#28=LINE('',#6226,#68);
#29=LINE('',#6228,#69);
#30=LINE('',#6230,#70);
#31=LINE('',#6234,#71);
#32=LINE('',#6236,#72);
#33=LINE('',#6239,#73);
#34=LINE('',#6241,#74);
#35=LINE('',#6243,#75);
#36=LINE('',#6247,#76);
#37=LINE('',#6249,#77);
#38=LINE('',#6252,#78);
#39=LINE('',#6254,#79);
#40=LINE('',#6256,#80);
#41=LINE('',#6258,#81);
#42=LINE('',#6260,#82);
#43=LINE('',#6262,#83);
#44=LINE('',#6264,#84);
#45=LINE('',#6266,#85);
#46=LINE('',#6269,#86);
#47=LINE('',#6271,#87);
#48=LINE('',#6273,#88);
#49=LINE('',#6275,#89);
#50=LINE('',#6277,#90);
#51=LINE('',#6283,#91);
#52=LINE('',#6285,#92);
#53=LINE('',#6287,#93);
#54=LINE('',#6289,#94);
#55=LINE('',#6291,#95);
#56=VECTOR('',#650,1.);
#57=VECTOR('',#651,1.);
#58=VECTOR('',#654,1.);
#59=VECTOR('',#655,1.);
#60=VECTOR('',#660,1.);
#61=VECTOR('',#661,1.);
#62=VECTOR('',#662,1.);
#63=VECTOR('',#663,1.);
#64=VECTOR('',#672,1.);
#65=VECTOR('',#673,1.);
#66=VECTOR('',#676,1.);
#67=VECTOR('',#677,1.);
#68=VECTOR('',#682,1.);
#69=VECTOR('',#683,1.);
#70=VECTOR('',#684,1.);
#71=VECTOR('',#689,1.);
#72=VECTOR('',#692,1.);
#73=VECTOR('',#697,1.);
#74=VECTOR('',#698,1.);
#75=VECTOR('',#699,1.);
#76=VECTOR('',#704,1.);
#77=VECTOR('',#707,1.);
#78=VECTOR('',#712,1.);
#79=VECTOR('',#713,1.);
#80=VECTOR('',#714,1.);
#81=VECTOR('',#717,1.);
#82=VECTOR('',#718,1.);
#83=VECTOR('',#721,1.);
#84=VECTOR('',#722,1.);
#85=VECTOR('',#725,1.);
#86=VECTOR('',#730,1.);
#87=VECTOR('',#731,1.);
#88=VECTOR('',#732,1.);
#89=VECTOR('',#735,1.);
#90=VECTOR('',#736,1.);
#91=VECTOR('',#747,1.);
#92=VECTOR('',#748,1.);
#93=VECTOR('',#749,1.);
#94=VECTOR('',#752,1.);
#95=VECTOR('',#753,1.);
#96=PLANE('',#608);
#97=PLANE('',#611);
#98=PLANE('',#615);
#99=PLANE('',#618);
#100=PLANE('',#621);
#101=PLANE('',#622);
#102=PLANE('',#623);
#103=PLANE('',#626);
#104=PLANE('',#627);
#105=PLANE('',#628);
#106=PLANE('',#629);
#107=PLANE('',#630);
#108=PLANE('',#631);
#109=PLANE('',#632);
#110=PLANE('',#633);
#111=PLANE('',#634);
#112=PLANE('',#638);
#113=PLANE('',#639);
#114=PLANE('',#640);
#115=PLANE('',#643);
#116=CIRCLE('',#607,0.000365);
#117=CIRCLE('',#609,0.001075);
#118=CIRCLE('',#610,0.001075);
#119=CIRCLE('',#612,0.000365);
#120=CIRCLE('',#613,0.000364999999999995);
#121=CIRCLE('',#614,0.000364999999999995);
#122=CIRCLE('',#616,0.001075);
#123=CIRCLE('',#617,0.00107499999999999);
#124=CIRCLE('',#620,0.00107499999999999);
#125=CIRCLE('',#625,0.001075);
#126=CIRCLE('',#636,0.001075);
#127=CIRCLE('',#637,0.001075);
#128=CIRCLE('',#642,0.001075);
#129=ORIENTED_EDGE('',*,*,#299,.T.);
#130=ORIENTED_EDGE('',*,*,#300,.T.);
#131=ORIENTED_EDGE('',*,*,#301,.F.);
#132=ORIENTED_EDGE('',*,*,#302,.F.);
#133=ORIENTED_EDGE('',*,*,#303,.F.);
#134=ORIENTED_EDGE('',*,*,#304,.F.);
#135=ORIENTED_EDGE('',*,*,#305,.T.);
#136=ORIENTED_EDGE('',*,*,#306,.F.);
#137=ORIENTED_EDGE('',*,*,#307,.F.);
#138=ORIENTED_EDGE('',*,*,#308,.T.);
#139=ORIENTED_EDGE('',*,*,#309,.F.);
#140=ORIENTED_EDGE('',*,*,#300,.F.);
#141=ORIENTED_EDGE('',*,*,#310,.F.);
#142=ORIENTED_EDGE('',*,*,#311,.F.);
#143=ORIENTED_EDGE('',*,*,#312,.T.);
#144=ORIENTED_EDGE('',*,*,#313,.F.);
#145=ORIENTED_EDGE('',*,*,#314,.F.);
#146=ORIENTED_EDGE('',*,*,#315,.F.);
#147=ORIENTED_EDGE('',*,*,#316,.T.);
#148=ORIENTED_EDGE('',*,*,#317,.T.);
#149=ORIENTED_EDGE('',*,*,#318,.F.);
#150=ORIENTED_EDGE('',*,*,#319,.F.);
#151=ORIENTED_EDGE('',*,*,#313,.T.);
#152=ORIENTED_EDGE('',*,*,#320,.T.);
#153=ORIENTED_EDGE('',*,*,#321,.T.);
#154=ORIENTED_EDGE('',*,*,#301,.T.);
#155=ORIENTED_EDGE('',*,*,#309,.T.);
#156=ORIENTED_EDGE('',*,*,#299,.F.);
#157=ORIENTED_EDGE('',*,*,#322,.F.);
#158=ORIENTED_EDGE('',*,*,#320,.F.);
#159=ORIENTED_EDGE('',*,*,#314,.T.);
#160=ORIENTED_EDGE('',*,*,#319,.T.);
#161=ORIENTED_EDGE('',*,*,#323,.T.);
#162=ORIENTED_EDGE('',*,*,#324,.T.);
#163=ORIENTED_EDGE('',*,*,#325,.T.);
#164=ORIENTED_EDGE('',*,*,#326,.T.);
#165=ORIENTED_EDGE('',*,*,#327,.F.);
#166=ORIENTED_EDGE('',*,*,#328,.F.);
#167=ORIENTED_EDGE('',*,*,#329,.F.);
#168=ORIENTED_EDGE('',*,*,#330,.T.);
#169=ORIENTED_EDGE('',*,*,#331,.T.);
#170=ORIENTED_EDGE('',*,*,#332,.T.);
#171=ORIENTED_EDGE('',*,*,#323,.F.);
#172=ORIENTED_EDGE('',*,*,#321,.F.);
#173=ORIENTED_EDGE('',*,*,#333,.F.);
#174=ORIENTED_EDGE('',*,*,#334,.F.);
#175=ORIENTED_EDGE('',*,*,#335,.F.);
#176=ORIENTED_EDGE('',*,*,#336,.T.);
#177=ORIENTED_EDGE('',*,*,#337,.T.);
#178=ORIENTED_EDGE('',*,*,#338,.T.);
#179=ORIENTED_EDGE('',*,*,#339,.F.);
#180=ORIENTED_EDGE('',*,*,#333,.T.);
#181=ORIENTED_EDGE('',*,*,#324,.F.);
#182=ORIENTED_EDGE('',*,*,#332,.F.);
#183=ORIENTED_EDGE('',*,*,#331,.F.);
#184=ORIENTED_EDGE('',*,*,#340,.F.);
#185=ORIENTED_EDGE('',*,*,#302,.T.);
#186=ORIENTED_EDGE('',*,*,#341,.T.);
#187=ORIENTED_EDGE('',*,*,#336,.F.);
#188=ORIENTED_EDGE('',*,*,#337,.F.);
#189=ORIENTED_EDGE('',*,*,#341,.F.);
#190=ORIENTED_EDGE('',*,*,#322,.T.);
#191=ORIENTED_EDGE('',*,*,#303,.T.);
#192=ORIENTED_EDGE('',*,*,#340,.T.);
#193=ORIENTED_EDGE('',*,*,#330,.F.);
#194=ORIENTED_EDGE('',*,*,#329,.T.);
#195=ORIENTED_EDGE('',*,*,#342,.F.);
#196=ORIENTED_EDGE('',*,*,#343,.T.);
#197=ORIENTED_EDGE('',*,*,#338,.F.);
#198=ORIENTED_EDGE('',*,*,#335,.T.);
#199=ORIENTED_EDGE('',*,*,#344,.T.);
#200=ORIENTED_EDGE('',*,*,#326,.F.);
#201=ORIENTED_EDGE('',*,*,#325,.F.);
#202=ORIENTED_EDGE('',*,*,#345,.T.);
#203=ORIENTED_EDGE('',*,*,#346,.T.);
#204=ORIENTED_EDGE('',*,*,#347,.T.);
#205=ORIENTED_EDGE('',*,*,#348,.T.);
#206=ORIENTED_EDGE('',*,*,#349,.T.);
#207=ORIENTED_EDGE('',*,*,#350,.T.);
#208=ORIENTED_EDGE('',*,*,#327,.T.);
#209=ORIENTED_EDGE('',*,*,#344,.F.);
#210=ORIENTED_EDGE('',*,*,#334,.T.);
#211=ORIENTED_EDGE('',*,*,#339,.T.);
#212=ORIENTED_EDGE('',*,*,#343,.F.);
#213=ORIENTED_EDGE('',*,*,#342,.T.);
#214=ORIENTED_EDGE('',*,*,#328,.T.);
#215=ORIENTED_EDGE('',*,*,#351,.T.);
#216=ORIENTED_EDGE('',*,*,#352,.T.);
#217=ORIENTED_EDGE('',*,*,#353,.F.);
#218=ORIENTED_EDGE('',*,*,#349,.F.);
#219=ORIENTED_EDGE('',*,*,#353,.T.);
#220=ORIENTED_EDGE('',*,*,#354,.T.);
#221=ORIENTED_EDGE('',*,*,#355,.F.);
#222=ORIENTED_EDGE('',*,*,#350,.F.);
#223=ORIENTED_EDGE('',*,*,#355,.T.);
#224=ORIENTED_EDGE('',*,*,#356,.T.);
#225=ORIENTED_EDGE('',*,*,#351,.F.);
#226=ORIENTED_EDGE('',*,*,#348,.F.);
#227=ORIENTED_EDGE('',*,*,#352,.F.);
#228=ORIENTED_EDGE('',*,*,#356,.F.);
#229=ORIENTED_EDGE('',*,*,#354,.F.);
#230=ORIENTED_EDGE('',*,*,#357,.T.);
#231=ORIENTED_EDGE('',*,*,#358,.T.);
#232=ORIENTED_EDGE('',*,*,#359,.F.);
#233=ORIENTED_EDGE('',*,*,#346,.F.);
#234=ORIENTED_EDGE('',*,*,#359,.T.);
#235=ORIENTED_EDGE('',*,*,#360,.T.);
#236=ORIENTED_EDGE('',*,*,#361,.F.);
#237=ORIENTED_EDGE('',*,*,#347,.F.);
#238=ORIENTED_EDGE('',*,*,#361,.T.);
#239=ORIENTED_EDGE('',*,*,#362,.T.);
#240=ORIENTED_EDGE('',*,*,#357,.F.);
#241=ORIENTED_EDGE('',*,*,#345,.F.);
#242=ORIENTED_EDGE('',*,*,#358,.F.);
#243=ORIENTED_EDGE('',*,*,#362,.F.);
#244=ORIENTED_EDGE('',*,*,#360,.F.);
#245=ORIENTED_EDGE('',*,*,#363,.F.);
#246=ORIENTED_EDGE('',*,*,#364,.T.);
#247=ORIENTED_EDGE('',*,*,#365,.T.);
#248=ORIENTED_EDGE('',*,*,#316,.F.);
#249=ORIENTED_EDGE('',*,*,#315,.T.);
#250=ORIENTED_EDGE('',*,*,#366,.F.);
#251=ORIENTED_EDGE('',*,*,#367,.F.);
#252=ORIENTED_EDGE('',*,*,#363,.T.);
#253=ORIENTED_EDGE('',*,*,#318,.T.);
#254=ORIENTED_EDGE('',*,*,#368,.F.);
#255=ORIENTED_EDGE('',*,*,#369,.F.);
#256=ORIENTED_EDGE('',*,*,#366,.T.);
#257=ORIENTED_EDGE('',*,*,#365,.F.);
#258=ORIENTED_EDGE('',*,*,#370,.T.);
#259=ORIENTED_EDGE('',*,*,#368,.T.);
#260=ORIENTED_EDGE('',*,*,#317,.F.);
#261=ORIENTED_EDGE('',*,*,#367,.T.);
#262=ORIENTED_EDGE('',*,*,#369,.T.);
#263=ORIENTED_EDGE('',*,*,#370,.F.);
#264=ORIENTED_EDGE('',*,*,#364,.F.);
#265=ORIENTED_EDGE('',*,*,#306,.T.);
#266=ORIENTED_EDGE('',*,*,#371,.T.);
#267=ORIENTED_EDGE('',*,*,#372,.T.);
#268=ORIENTED_EDGE('',*,*,#373,.F.);
#269=ORIENTED_EDGE('',*,*,#307,.T.);
#270=ORIENTED_EDGE('',*,*,#373,.T.);
#271=ORIENTED_EDGE('',*,*,#374,.T.);
#272=ORIENTED_EDGE('',*,*,#375,.F.);
#273=ORIENTED_EDGE('',*,*,#376,.F.);
#274=ORIENTED_EDGE('',*,*,#371,.F.);
#275=ORIENTED_EDGE('',*,*,#308,.F.);
#276=ORIENTED_EDGE('',*,*,#375,.T.);
#277=ORIENTED_EDGE('',*,*,#377,.F.);
#278=ORIENTED_EDGE('',*,*,#305,.F.);
#279=ORIENTED_EDGE('',*,*,#304,.T.);
#280=ORIENTED_EDGE('',*,*,#377,.T.);
#281=ORIENTED_EDGE('',*,*,#374,.F.);
#282=ORIENTED_EDGE('',*,*,#372,.F.);
#283=ORIENTED_EDGE('',*,*,#376,.T.);
#284=ORIENTED_EDGE('',*,*,#310,.T.);
#285=ORIENTED_EDGE('',*,*,#378,.T.);
#286=ORIENTED_EDGE('',*,*,#379,.T.);
#287=ORIENTED_EDGE('',*,*,#380,.F.);
#288=ORIENTED_EDGE('',*,*,#311,.T.);
#289=ORIENTED_EDGE('',*,*,#380,.T.);
#290=ORIENTED_EDGE('',*,*,#381,.T.);
#291=ORIENTED_EDGE('',*,*,#382,.F.);
#292=ORIENTED_EDGE('',*,*,#382,.T.);
#293=ORIENTED_EDGE('',*,*,#383,.F.);
#294=ORIENTED_EDGE('',*,*,#378,.F.);
#295=ORIENTED_EDGE('',*,*,#312,.F.);
#296=ORIENTED_EDGE('',*,*,#379,.F.);
#297=ORIENTED_EDGE('',*,*,#383,.T.);
#298=ORIENTED_EDGE('',*,*,#381,.F.);
#299=EDGE_CURVE('',#384,#385,#442,.F.);
#300=EDGE_CURVE('',#385,#386,#443,.T.);
#301=EDGE_CURVE('',#387,#386,#444,.F.);
#302=EDGE_CURVE('',#388,#387,#445,.F.);
#303=EDGE_CURVE('',#384,#388,#116,.F.);
#304=EDGE_CURVE('',#389,#390,#446,.T.);
#305=EDGE_CURVE('',#389,#390,#447,.T.);
#306=EDGE_CURVE('',#391,#392,#16,.T.);
#307=EDGE_CURVE('',#393,#391,#17,.T.);
#308=EDGE_CURVE('',#393,#392,#117,.F.);
#309=EDGE_CURVE('',#386,#385,#448,.T.);
#310=EDGE_CURVE('',#394,#395,#18,.T.);
#311=EDGE_CURVE('',#396,#394,#19,.T.);
#312=EDGE_CURVE('',#396,#395,#118,.F.);
#313=EDGE_CURVE('',#397,#398,#449,.T.);
#314=EDGE_CURVE('',#398,#397,#450,.T.);
#315=EDGE_CURVE('',#399,#400,#20,.T.);
#316=EDGE_CURVE('',#399,#401,#21,.T.);
#317=EDGE_CURVE('',#401,#402,#22,.T.);
#318=EDGE_CURVE('',#400,#402,#23,.T.);
#319=EDGE_CURVE('',#397,#403,#451,.F.);
#320=EDGE_CURVE('',#398,#404,#452,.F.);
#321=EDGE_CURVE('',#404,#403,#453,.F.);
#322=EDGE_CURVE('',#387,#384,#454,.F.);
#323=EDGE_CURVE('',#403,#405,#119,.F.);
#324=EDGE_CURVE('',#405,#404,#455,.F.);
#325=EDGE_CURVE('',#406,#407,#456,.T.);
#326=EDGE_CURVE('',#407,#408,#457,.T.);
#327=EDGE_CURVE('',#409,#408,#458,.F.);
#328=EDGE_CURVE('',#410,#409,#120,.F.);
#329=EDGE_CURVE('',#411,#410,#459,.T.);
#330=EDGE_CURVE('',#411,#412,#460,.F.);
#331=EDGE_CURVE('',#412,#413,#461,.T.);
#332=EDGE_CURVE('',#413,#405,#462,.F.);
#333=EDGE_CURVE('',#414,#404,#463,.F.);
#334=EDGE_CURVE('',#415,#414,#464,.F.);
#335=EDGE_CURVE('',#406,#415,#465,.T.);
#336=EDGE_CURVE('',#413,#416,#466,.T.);
#337=EDGE_CURVE('',#416,#417,#467,.T.);
#338=EDGE_CURVE('',#417,#418,#468,.T.);
#339=EDGE_CURVE('',#414,#418,#469,.F.);
#340=EDGE_CURVE('',#388,#412,#470,.F.);
#341=EDGE_CURVE('',#387,#416,#471,.F.);
#342=EDGE_CURVE('',#419,#410,#121,.F.);
#343=EDGE_CURVE('',#419,#418,#472,.F.);
#344=EDGE_CURVE('',#415,#408,#473,.F.);
#345=EDGE_CURVE('',#420,#421,#24,.T.);
#346=EDGE_CURVE('',#421,#422,#25,.T.);
#347=EDGE_CURVE('',#422,#420,#122,.T.);
#348=EDGE_CURVE('',#423,#424,#26,.T.);
#349=EDGE_CURVE('',#424,#425,#27,.T.);
#350=EDGE_CURVE('',#425,#423,#123,.T.);
#351=EDGE_CURVE('',#424,#426,#28,.T.);
#352=EDGE_CURVE('',#426,#427,#29,.T.);
#353=EDGE_CURVE('',#425,#427,#30,.T.);
#354=EDGE_CURVE('',#427,#428,#124,.T.);
#355=EDGE_CURVE('',#423,#428,#31,.T.);
#356=EDGE_CURVE('',#428,#426,#32,.T.);
#357=EDGE_CURVE('',#421,#429,#33,.T.);
#358=EDGE_CURVE('',#429,#430,#34,.T.);
#359=EDGE_CURVE('',#422,#430,#35,.T.);
#360=EDGE_CURVE('',#430,#431,#125,.T.);
#361=EDGE_CURVE('',#420,#431,#36,.T.);
#362=EDGE_CURVE('',#431,#429,#37,.T.);
#363=EDGE_CURVE('',#432,#399,#38,.T.);
#364=EDGE_CURVE('',#432,#433,#39,.T.);
#365=EDGE_CURVE('',#433,#401,#40,.T.);
#366=EDGE_CURVE('',#434,#400,#41,.T.);
#367=EDGE_CURVE('',#432,#434,#42,.T.);
#368=EDGE_CURVE('',#435,#402,#43,.T.);
#369=EDGE_CURVE('',#434,#435,#44,.T.);
#370=EDGE_CURVE('',#433,#435,#45,.T.);
#371=EDGE_CURVE('',#392,#436,#46,.T.);
#372=EDGE_CURVE('',#436,#437,#47,.T.);
#373=EDGE_CURVE('',#391,#437,#48,.T.);
#374=EDGE_CURVE('',#437,#438,#49,.T.);
#375=EDGE_CURVE('',#393,#438,#50,.T.);
#376=EDGE_CURVE('',#436,#389,#126,.T.);
#377=EDGE_CURVE('',#390,#438,#127,.T.);
#378=EDGE_CURVE('',#395,#439,#51,.T.);
#379=EDGE_CURVE('',#439,#440,#52,.T.);
#380=EDGE_CURVE('',#394,#440,#53,.T.);
#381=EDGE_CURVE('',#440,#441,#54,.T.);
#382=EDGE_CURVE('',#396,#441,#55,.T.);
#383=EDGE_CURVE('',#439,#441,#128,.T.);
#384=VERTEX_POINT('',#1146);
#385=VERTEX_POINT('',#1147);
#386=VERTEX_POINT('',#1172);
#387=VERTEX_POINT('',#1178);
#388=VERTEX_POINT('',#1227);
#389=VERTEX_POINT('',#1233);
#390=VERTEX_POINT('',#1234);
#391=VERTEX_POINT('',#1246);
#392=VERTEX_POINT('',#1247);
#393=VERTEX_POINT('',#1249);
#394=VERTEX_POINT('',#1270);
#395=VERTEX_POINT('',#1271);
#396=VERTEX_POINT('',#1273);
#397=VERTEX_POINT('',#1293);
#398=VERTEX_POINT('',#1294);
#399=VERTEX_POINT('',#1331);
#400=VERTEX_POINT('',#1332);
#401=VERTEX_POINT('',#1334);
#402=VERTEX_POINT('',#1336);
#403=VERTEX_POINT('',#1643);
#404=VERTEX_POINT('',#1649);
#405=VERTEX_POINT('',#2397);
#406=VERTEX_POINT('',#2971);
#407=VERTEX_POINT('',#2972);
#408=VERTEX_POINT('',#2977);
#409=VERTEX_POINT('',#3203);
#410=VERTEX_POINT('',#3205);
#411=VERTEX_POINT('',#3210);
#412=VERTEX_POINT('',#3215);
#413=VERTEX_POINT('',#3222);
#414=VERTEX_POINT('',#3231);
#415=VERTEX_POINT('',#3457);
#416=VERTEX_POINT('',#3958);
#417=VERTEX_POINT('',#3969);
#418=VERTEX_POINT('',#3974);
#419=VERTEX_POINT('',#5513);
#420=VERTEX_POINT('',#6214);
#421=VERTEX_POINT('',#6215);
#422=VERTEX_POINT('',#6217);
#423=VERTEX_POINT('',#6220);
#424=VERTEX_POINT('',#6221);
#425=VERTEX_POINT('',#6223);
#426=VERTEX_POINT('',#6227);
#427=VERTEX_POINT('',#6229);
#428=VERTEX_POINT('',#6233);
#429=VERTEX_POINT('',#6240);
#430=VERTEX_POINT('',#6242);
#431=VERTEX_POINT('',#6246);
#432=VERTEX_POINT('',#6253);
#433=VERTEX_POINT('',#6255);
#434=VERTEX_POINT('',#6259);
#435=VERTEX_POINT('',#6263);
#436=VERTEX_POINT('',#6270);
#437=VERTEX_POINT('',#6272);
#438=VERTEX_POINT('',#6276);
#439=VERTEX_POINT('',#6284);
#440=VERTEX_POINT('',#6286);
#441=VERTEX_POINT('',#6290);
#442=B_SPLINE_CURVE_WITH_KNOTS('',3,(#1141,#1142,#1143,#1144,#1145),
 .UNSPECIFIED.,.F.,.F.,(4,1,4),(0.,0.49768973667037,1.),.UNSPECIFIED.);
#443=B_SPLINE_CURVE_WITH_KNOTS('',3,(#1148,#1149,#1150,#1151,#1152,#1153,
#1154,#1155,#1156,#1157,#1158,#1159,#1160,#1161,#1162,#1163,#1164,#1165,
#1166,#1167,#1168,#1169,#1170,#1171),.UNSPECIFIED.,.F.,.F.,(4,1,1,1,1,1,
1,1,1,1,1,1,1,1,1,1,1,1,1,1,1,4),(1.14224755854806E-13,0.000363369212772268,
0.000726738425430312,0.000908423031759333,0.00109010763808835,0.0014534768507464,
0.00181684606340444,0.00218021527606249,0.00290695370137857,0.00363369212669466,
0.00436043055201075,0.00581390740264292,0.00726738425327509,0.00872086110390727,
0.0101743379545394,0.0116278148051716,0.014534768506436,0.0174417222077003,
0.0188951990583325,0.0203486759089647,0.0218021527595968,0.023255629610229),
 .UNSPECIFIED.);
#444=B_SPLINE_CURVE_WITH_KNOTS('',3,(#1173,#1174,#1175,#1176,#1177),
 .UNSPECIFIED.,.F.,.F.,(4,1,4),(0.,0.49768973667037,1.),.UNSPECIFIED.);
#445=B_SPLINE_CURVE_WITH_KNOTS('',3,(#1179,#1180,#1181,#1182,#1183,#1184,
#1185,#1186,#1187,#1188,#1189,#1190,#1191,#1192,#1193,#1194,#1195,#1196,
#1197,#1198,#1199,#1200,#1201,#1202,#1203,#1204,#1205,#1206,#1207,#1208,
#1209,#1210,#1211,#1212,#1213,#1214,#1215,#1216,#1217,#1218,#1219,#1220,
#1221,#1222,#1223,#1224,#1225,#1226),.UNSPECIFIED.,.F.,.F.,(4,1,1,1,1,1,
1,1,1,1,1,1,1,1,1,1,1,1,1,1,1,1,1,1,1,1,1,1,1,1,1,1,1,1,1,1,1,1,1,1,1,1,
1,1,1,4),(0.,0.0138402280160578,0.0286641618921497,0.0443848081757058,0.0609398625695599,
0.0783613220357206,0.0967573768873292,0.116084463515437,0.136260400360014,
0.157222590878838,0.178913242745068,0.201273226312717,0.224261312092022,
0.247815503302436,0.271870557108959,0.296420075057616,0.321479606799327,
0.347128434443363,0.373455814931953,0.400399896666621,0.427873497946265,
0.455813163165587,0.48413043001512,0.512721870691986,0.541460824960139,
0.570222693253449,0.59889438242544,0.627380819037092,0.655584230593687,
0.683421025007389,0.71080190620696,0.737638665029416,0.7638354530939,0.789299639929791,
0.813935281993972,0.83764056083107,0.860316167131937,0.881851586492737,
0.902129202045175,0.92103411907587,0.938403293259641,0.954247182393196,
0.968848214896282,0.982162303176673,0.993270374148269,1.),.UNSPECIFIED.);
#446=B_SPLINE_CURVE_WITH_KNOTS('',3,(#1229,#1230,#1231,#1232),
 .UNSPECIFIED.,.F.,.F.,(4,4),(5.68237795503496E-17,0.000522317498322544),
 .UNSPECIFIED.);
#447=B_SPLINE_CURVE_WITH_KNOTS('',3,(#1235,#1236,#1237,#1238,#1239,#1240,
#1241,#1242,#1243),.UNSPECIFIED.,.F.,.F.,(4,1,1,1,1,1,4),(2.77555756156289E-17,
0.00022900130527941,0.000343501957919101,0.000458002610558792,0.000572503263198483,
0.000687003915838174,0.000916005221117556),.UNSPECIFIED.);
#448=B_SPLINE_CURVE_WITH_KNOTS('',3,(#1251,#1252,#1253,#1254,#1255,#1256,
#1257,#1258,#1259,#1260,#1261,#1262,#1263,#1264,#1265,#1266,#1267,#1268),
 .UNSPECIFIED.,.F.,.F.,(4,1,1,1,1,1,1,1,1,1,1,1,1,1,1,4),(0.,0.00033444591550815,
0.0006688918310163,0.00100333774652445,0.0013377836620326,0.0020066754930489,
0.0026755673240652,0.0040133509860978,0.0053511346481304,0.006688918310163,
0.0080267019721956,0.0107022692962608,0.013377836620326,0.0160534039443912,
0.0187289712684564,0.0214045385925216),.UNSPECIFIED.);
#449=B_SPLINE_CURVE_WITH_KNOTS('',3,(#1276,#1277,#1278,#1279,#1280,#1281,
#1282,#1283,#1284,#1285,#1286,#1287,#1288,#1289,#1290,#1291,#1292),
 .UNSPECIFIED.,.F.,.F.,(4,1,1,1,1,1,1,1,1,1,1,1,1,1,4),(1.14491954755606E-16,
0.0096878299293327,0.014531744893999,0.0193756598586653,0.0217976173409984,
0.0242195748233316,0.0266415323056647,0.0290634897879979,0.031485447270331,
0.0339074047526642,0.0351183834938307,0.0363293622349973,0.0375403409761639,
0.0381458303467472,0.0387513197173305),.UNSPECIFIED.);
#450=B_SPLINE_CURVE_WITH_KNOTS('',3,(#1295,#1296,#1297,#1298,#1299,#1300,
#1301,#1302,#1303,#1304,#1305,#1306,#1307,#1308,#1309,#1310,#1311,#1312,
#1313,#1314,#1315,#1316,#1317,#1318,#1319,#1320,#1321,#1322,#1323,#1324,
#1325,#1326,#1327,#1328,#1329),.UNSPECIFIED.,.F.,.F.,(4,1,1,1,1,1,1,1,1,
1,1,1,1,1,1,1,1,1,1,1,1,1,1,1,1,1,1,1,1,1,1,1,4),(0.,0.0002992805726921,
0.000598561145384201,0.000897841718076301,0.0011971222907684,0.0017956834361526,
0.0023942445815368,0.002992805726921,0.0035913668723052,0.00478848916307361,
0.00718273374461041,0.00957697832614721,0.011971222907684,0.0143654674892208,
0.0167597120707576,0.0191539566522944,0.0215482012338312,0.023942445815368,
0.0263366903969048,0.0287309349784416,0.0311251795599784,0.0323223018507468,
0.0335194241415152,0.0347165464322836,0.0353151075776678,0.035913668723052,
0.0365122298684362,0.0368115104411283,0.0371107910138204,0.0374100715865125,
0.0377093521592047,0.0380086327318968,0.0383079133045888),.UNSPECIFIED.);
#451=B_SPLINE_CURVE_WITH_KNOTS('',3,(#1638,#1639,#1640,#1641,#1642),
 .UNSPECIFIED.,.F.,.F.,(4,1,4),(0.,0.499869976753247,1.),.UNSPECIFIED.);
#452=B_SPLINE_CURVE_WITH_KNOTS('',3,(#1644,#1645,#1646,#1647,#1648),
 .UNSPECIFIED.,.F.,.F.,(4,1,4),(0.,0.499869976753247,1.),.UNSPECIFIED.);
#453=B_SPLINE_CURVE_WITH_KNOTS('',3,(#1650,#1651,#1652,#1653,#1654,#1655,
#1656,#1657,#1658,#1659,#1660,#1661,#1662,#1663,#1664,#1665,#1666,#1667,
#1668,#1669,#1670,#1671,#1672,#1673,#1674,#1675,#1676,#1677,#1678,#1679,
#1680,#1681,#1682,#1683,#1684,#1685,#1686,#1687,#1688,#1689,#1690,#1691,
#1692,#1693,#1694,#1695,#1696,#1697),.UNSPECIFIED.,.F.,.F.,(4,1,1,1,1,1,
1,1,1,1,1,1,1,1,1,1,1,1,1,1,1,1,1,1,1,1,1,1,1,1,1,1,1,1,1,1,1,1,1,1,1,1,
1,1,1,4),(0.,0.00672962585173113,0.0178376968233269,0.0311517851037176,
0.0457528176068042,0.0615967067403594,0.0789658809241297,0.0978707979548252,
0.118148413507263,0.139683832868063,0.162359439168931,0.186064718006029,
0.210700360070209,0.2361645469061,0.262361334970585,0.289198093793041,0.316578974992611,
0.344415769406313,0.372619180962907,0.40110561757456,0.429777306746551,
0.458539175039861,0.487278129308014,0.51586956998488,0.544186836834413,
0.572126502053736,0.599600103333379,0.626544185068048,0.652871565556637,
0.678520393200673,0.703579924942385,0.728129442891042,0.752184496697564,
0.775738687907978,0.798726773687283,0.821086757254932,0.842777409121162,
0.863739599639986,0.883915536484563,0.903242623112671,0.921638677964279,
0.93906013743044,0.955615191824294,0.97133583810785,0.986159771983942,1.),
 .UNSPECIFIED.);
#454=B_SPLINE_CURVE_WITH_KNOTS('',3,(#1958,#1959,#1960,#1961,#1962,#1963,
#1964,#1965,#1966,#1967,#1968,#1969,#1970,#1971,#1972,#1973,#1974,#1975,
#1976,#1977,#1978,#1979,#1980,#1981,#1982,#1983,#1984,#1985,#1986,#1987,
#1988,#1989,#1990,#1991,#1992,#1993,#1994,#1995),.UNSPECIFIED.,.F.,.F.,
(4,1,1,1,1,1,1,1,1,1,1,1,1,1,1,1,1,1,1,1,1,1,1,1,1,1,1,1,1,1,1,1,1,1,1,
4),(0.,0.00798552155197752,0.0221564319732024,0.0410587658831495,0.0640641858286994,
0.0903366642068211,0.119097708004924,0.149910914280199,0.182479875162186,
0.216523052898706,0.251805838111707,0.288092323222939,0.325166778791987,
0.362821461742852,0.400856458646373,0.439079025091787,0.477296005886226,
0.515323046223934,0.552987343401674,0.590103658515039,0.626506723220059,
0.662016852747077,0.696475166790206,0.729704521892362,0.761541148960814,
0.791895268933605,0.820896011409646,0.848544808934769,0.874634196611786,
0.898929015813778,0.921152598097664,0.940960772407202,0.95785372393356,
0.971462665135893,0.984988120362424,1.),.UNSPECIFIED.);
#455=B_SPLINE_CURVE_WITH_KNOTS('',3,(#2398,#2399,#2400,#2401,#2402,#2403,
#2404,#2405,#2406,#2407,#2408,#2409,#2410,#2411,#2412,#2413,#2414,#2415,
#2416,#2417,#2418,#2419,#2420,#2421,#2422,#2423,#2424,#2425,#2426,#2427,
#2428,#2429,#2430,#2431,#2432,#2433,#2434,#2435),.UNSPECIFIED.,.F.,.F.,
(4,1,1,1,1,1,1,1,1,1,1,1,1,1,1,1,1,1,1,1,1,1,1,1,1,1,1,1,1,1,1,1,1,1,1,
4),(0.,0.0150118796375756,0.0285373348641075,0.0421462760664399,0.059039227592798,
0.0788474019023358,0.101070984186222,0.125365803388214,0.151455191065231,
0.179103988590355,0.208104731066395,0.238458851039186,0.270295478107638,
0.303524833209794,0.337983147252923,0.37349327677994,0.409896341484962,
0.447012656598327,0.484676953776066,0.522703994113774,0.560920974908214,
0.599143541353627,0.637178538257149,0.674833221208013,0.711907676777061,
0.748194161888293,0.783476947101294,0.817520124837814,0.850089085719801,
0.880902291995076,0.909663335793179,0.935935814171301,0.958941234116851,
0.977843568026798,0.992014478448023,1.),.UNSPECIFIED.);
#456=B_SPLINE_CURVE_WITH_KNOTS('',3,(#2948,#2949,#2950,#2951,#2952,#2953,
#2954,#2955,#2956,#2957,#2958,#2959,#2960,#2961,#2962,#2963,#2964,#2965,
#2966,#2967,#2968,#2969,#2970),.UNSPECIFIED.,.F.,.F.,(4,1,1,1,1,1,1,1,1,
1,1,1,1,1,1,1,1,1,1,1,4),(0.,0.00180463825410287,0.00360927650820574,0.00721855301641149,
0.0108278295246172,0.014437106032823,0.0162417442869258,0.0180463825410287,
0.0198510207951316,0.0216556590492345,0.0225579781762859,0.0234602973033373,
0.0243626164303888,0.0248137759939145,0.0252649355574402,0.0257160951209659,
0.0261672546844916,0.0266184142480174,0.0270695738115431,0.0279718929385945,
0.0288742120656459),.UNSPECIFIED.);
#457=B_SPLINE_CURVE_WITH_KNOTS('',3,(#2973,#2974,#2975,#2976),
 .UNSPECIFIED.,.F.,.F.,(4,4),(0.,1.),.UNSPECIFIED.);
#458=B_SPLINE_CURVE_WITH_KNOTS('',3,(#2978,#2979,#2980,#2981,#2982,#2983,
#2984,#2985,#2986,#2987,#2988,#2989,#2990,#2991,#2992,#2993,#2994,#2995,
#2996,#2997,#2998,#2999,#3000,#3001,#3002,#3003,#3004,#3005,#3006,#3007,
#3008,#3009,#3010,#3011,#3012,#3013,#3014,#3015,#3016,#3017,#3018,#3019,
#3020,#3021,#3022,#3023,#3024,#3025,#3026,#3027,#3028,#3029,#3030,#3031,
#3032,#3033,#3034,#3035,#3036,#3037,#3038,#3039,#3040,#3041,#3042,#3043,
#3044,#3045,#3046,#3047,#3048,#3049,#3050,#3051,#3052,#3053,#3054,#3055,
#3056,#3057,#3058,#3059,#3060,#3061,#3062,#3063,#3064,#3065,#3066,#3067,
#3068,#3069,#3070,#3071,#3072,#3073,#3074,#3075,#3076,#3077,#3078,#3079,
#3080,#3081,#3082,#3083,#3084,#3085,#3086,#3087,#3088,#3089,#3090,#3091,
#3092,#3093,#3094,#3095,#3096,#3097,#3098,#3099,#3100,#3101,#3102,#3103,
#3104,#3105,#3106,#3107,#3108,#3109,#3110,#3111,#3112,#3113,#3114,#3115,
#3116,#3117,#3118,#3119,#3120,#3121,#3122,#3123,#3124,#3125,#3126,#3127,
#3128,#3129,#3130,#3131,#3132,#3133,#3134,#3135,#3136,#3137,#3138,#3139,
#3140,#3141,#3142,#3143,#3144,#3145,#3146,#3147,#3148,#3149,#3150,#3151,
#3152,#3153,#3154,#3155,#3156,#3157,#3158,#3159,#3160,#3161,#3162,#3163,
#3164,#3165,#3166,#3167,#3168,#3169,#3170,#3171,#3172,#3173,#3174,#3175,
#3176,#3177,#3178,#3179,#3180,#3181,#3182,#3183,#3184,#3185,#3186,#3187,
#3188,#3189,#3190,#3191,#3192,#3193,#3194,#3195,#3196,#3197,#3198,#3199,
#3200,#3201,#3202),.UNSPECIFIED.,.T.,.F.,(1,1,1,1,1,1,1,1,1,1,1,1,1,1,1,
1,1,1,1,1,1,1,1,1,1,1,1,1,1,1,1,1,1,1,1,1,1,1,1,1,1,1,1,1,1,1,1,1,1,1,1,
1,1,1,1,1,1,1,1,1,1,1,1,1,1,1,1,1,1,1,1,1,1,1,1,1,1,1,1,1,1,1,1,1,1,1,1,
1,1,1,1,1,1,1,1,1,1,1,1,1,1,1,1,1,1,1,1,1,1,1,1,1,1,1,1,1,1,1,1,1,1,1,1,
1,1,1,1,1,1,1,1,1,1,1,1,1,1,1,1,1,1,1,1,1,1,1,1,1,1,1,1,1,1,1,1,1,1,1,1,
1,1,1,1,1,1,1,1,1,1,1,1,1,1,1,1,1,1,1,1,1,1,1,1,1,1,1,1,1,1,1,1,1,1,1,1,
1,1,1,1,1,1,1,1,1,1,1,1,1,1,1,1,1,1,1,1,1,1,1,1,1,1,1,1,1,1,1,1,1,1),(-0.00847323308916304,
-0.00480558358315708,-0.00130850818774653,0.,0.00130850818774653,0.00480558358315713,
0.00847323308916294,0.0123038399155774,0.0162907197968583,0.0204279446736522,
0.024710209836495,0.0291327316569027,0.0336911674049509,0.0383815513716483,
0.0432002432617923,0.0481438859785552,0.0532093707047269,0.0583938077289414,
0.0636945018495749,0.0691089314657339,0.0746347306672271,0.0802696737857387,
0.086011661982532,0.0918587115341878,0.0978089435443014,0.103860574860833,
0.110011910019601,0.116261334066906,0.122607306140504,0.128914357237098,
0.13518226298128,0.141410793308526,0.147599712508266,0.153748779247512,
0.159857746575819,0.165926361912199,0.1719543670144,0.17794149793083,0.18388748493524,
0.18979205244417,0.195654918917021,0.201475796738517,0.207254392083229,
0.212990404761688,0.21868352804759,0.224333448485429,0.229939845677859,
0.235502392051959,0.241020752603494,0.246494584618147,0.251923537368617,
0.257307251786318,0.26264536010632,0.267937485484019,0.273252417438224,
0.278590064870732,0.28395034020148,0.289333159752719,0.29473844421203,0.300166119192166,
0.305616115910882,0.311088372021029,0.316582832630738,0.322099451566966,
0.327638192954448,0.333088464831473,0.338448856486764,0.343717883096626,
0.348893978720189,0.35397548838436,0.358960659102268,0.363847629634575,
0.36863441876004,0.3733189117671,0.377898844808569,0.382371786671639,0.386735117397871,
0.390986003032494,0.395180040813655,0.399316509473871,0.403394659965438,
0.407413713845438,0.41137286155909,0.415271260617693,0.419108033668751,
0.422882266458166,0.426593005687717,0.430239256776088,0.433819981539036,
0.437334095814973,0.440780467077592,0.444157912099334,0.447465194761332,
0.450701024151387,0.453864053157795,0.456952877862852,0.459966038179516,
0.462902020378625,0.465759262453141,0.468536163705758,0.47123110059412,
0.473842451820119,0.476368637036936,0.478808175525982,0.481159773887448,
0.483422455061433,0.485595743778563,0.487679921738464,0.489676345960218,
0.491587741910395,0.493418082038079,0.495170440398511,0.496834608635611,
0.498300196986249,0.5,0.501699803013751,0.503165391364389,0.50482955960149,
0.506581917961922,0.508412258089606,0.510323654039783,0.512320078261537,
0.514404256221437,0.516577544938568,0.518840226112553,0.521191824474019,
0.523631362963065,0.526157548179882,0.528768899405881,0.531463836294242,
0.534240737546859,0.537097979621376,0.540033961820484,0.543047122137148,
0.546135946842206,0.549298975848614,0.552534805238669,0.555842087900666,
0.559219532922408,0.562665904185028,0.566180018460964,0.569760743223912,
0.573406994312283,0.577117733541835,0.58089196633125,0.584728739382307,
0.58862713844091,0.592586286154563,0.596605340034562,0.600683490526129,
0.604819959186345,0.609013996967506,0.61326488260213,0.617628213328362,
0.622101155191432,0.626681088232901,0.63136558123996,0.636152370365425,
0.641039340897732,0.64602451161564,0.651106021279812,0.656282116903374,
0.661551143513237,0.666911535168527,0.672361807045553,0.677900548433035,
0.683417167369263,0.688911627978972,0.694383884089119,0.699833880807835,
0.70526155578797,0.710666840247282,0.716049659798521,0.721409935129269,
0.726747582561777,0.732062514515981,0.737354639893681,0.742692748213683,
0.748076462631383,0.753505415381854,0.758979247396507,0.764497607948041,
0.770060154322141,0.775666551514571,0.78131647195241,0.787009595238312,
0.792745607916771,0.798524203261483,0.804345081082979,0.81020794755583,
0.816112515064761,0.822058502069171,0.828045632985601,0.834073638087802,
0.840142253424181,0.846251220752488,0.852400287491734,0.858589206691475,
0.86481773701872,0.871085642762903,0.877392693859497,0.883738665933094,
0.889988089980399,0.896139425139167,0.902191056455699,0.908141288465812,
0.913988338017468,0.919730326214261,0.925365269332773,0.930891068534266,
0.936305498150425,0.941606192271059,0.946790629295273,0.951856114021445,
0.956799756738208,0.961618448628351,0.966308832595049,0.970867268343097,
0.975289790163505,0.979572055326348,0.983709280203142,0.987696160084423,
0.991526766910837,0.995194416416843,0.998691491812253,1.,1.00130850818775,
1.00480558358316,1.00847323308916),.UNSPECIFIED.);
#459=B_SPLINE_CURVE_WITH_KNOTS('',3,(#3206,#3207,#3208,#3209),
 .UNSPECIFIED.,.F.,.F.,(4,4),(0.,0.999994229168076),.UNSPECIFIED.);
#460=B_SPLINE_CURVE_WITH_KNOTS('',3,(#3211,#3212,#3213,#3214),
 .UNSPECIFIED.,.F.,.F.,(4,4),(0.,0.000472290632449892),.UNSPECIFIED.);
#461=B_SPLINE_CURVE_WITH_KNOTS('',3,(#3216,#3217,#3218,#3219,#3220,#3221),
 .UNSPECIFIED.,.F.,.F.,(4,1,1,4),(0.,0.000802094996734617,0.00120314249510193,
0.00160418999346923),.UNSPECIFIED.);
#462=B_SPLINE_CURVE_WITH_KNOTS('',3,(#3223,#3224,#3225,#3226),
 .UNSPECIFIED.,.F.,.F.,(4,4),(0.,1.),.PIECEWISE_BEZIER_KNOTS.);
#463=B_SPLINE_CURVE_WITH_KNOTS('',3,(#3227,#3228,#3229,#3230),
 .UNSPECIFIED.,.F.,.F.,(4,4),(0.,1.),.PIECEWISE_BEZIER_KNOTS.);
#464=B_SPLINE_CURVE_WITH_KNOTS('',3,(#3232,#3233,#3234,#3235,#3236,#3237,
#3238,#3239,#3240,#3241,#3242,#3243,#3244,#3245,#3246,#3247,#3248,#3249,
#3250,#3251,#3252,#3253,#3254,#3255,#3256,#3257,#3258,#3259,#3260,#3261,
#3262,#3263,#3264,#3265,#3266,#3267,#3268,#3269,#3270,#3271,#3272,#3273,
#3274,#3275,#3276,#3277,#3278,#3279,#3280,#3281,#3282,#3283,#3284,#3285,
#3286,#3287,#3288,#3289,#3290,#3291,#3292,#3293,#3294,#3295,#3296,#3297,
#3298,#3299,#3300,#3301,#3302,#3303,#3304,#3305,#3306,#3307,#3308,#3309,
#3310,#3311,#3312,#3313,#3314,#3315,#3316,#3317,#3318,#3319,#3320,#3321,
#3322,#3323,#3324,#3325,#3326,#3327,#3328,#3329,#3330,#3331,#3332,#3333,
#3334,#3335,#3336,#3337,#3338,#3339,#3340,#3341,#3342,#3343,#3344,#3345,
#3346,#3347,#3348,#3349,#3350,#3351,#3352,#3353,#3354,#3355,#3356,#3357,
#3358,#3359,#3360,#3361,#3362,#3363,#3364,#3365,#3366,#3367,#3368,#3369,
#3370,#3371,#3372,#3373,#3374,#3375,#3376,#3377,#3378,#3379,#3380,#3381,
#3382,#3383,#3384,#3385,#3386,#3387,#3388,#3389,#3390,#3391,#3392,#3393,
#3394,#3395,#3396,#3397,#3398,#3399,#3400,#3401,#3402,#3403,#3404,#3405,
#3406,#3407,#3408,#3409,#3410,#3411,#3412,#3413,#3414,#3415,#3416,#3417,
#3418,#3419,#3420,#3421,#3422,#3423,#3424,#3425,#3426,#3427,#3428,#3429,
#3430,#3431,#3432,#3433,#3434,#3435,#3436,#3437,#3438,#3439,#3440,#3441,
#3442,#3443,#3444,#3445,#3446,#3447,#3448,#3449,#3450,#3451,#3452,#3453,
#3454,#3455,#3456),.UNSPECIFIED.,.T.,.F.,(1,1,1,1,1,1,1,1,1,1,1,1,1,1,1,
1,1,1,1,1,1,1,1,1,1,1,1,1,1,1,1,1,1,1,1,1,1,1,1,1,1,1,1,1,1,1,1,1,1,1,1,
1,1,1,1,1,1,1,1,1,1,1,1,1,1,1,1,1,1,1,1,1,1,1,1,1,1,1,1,1,1,1,1,1,1,1,1,
1,1,1,1,1,1,1,1,1,1,1,1,1,1,1,1,1,1,1,1,1,1,1,1,1,1,1,1,1,1,1,1,1,1,1,1,
1,1,1,1,1,1,1,1,1,1,1,1,1,1,1,1,1,1,1,1,1,1,1,1,1,1,1,1,1,1,1,1,1,1,1,1,
1,1,1,1,1,1,1,1,1,1,1,1,1,1,1,1,1,1,1,1,1,1,1,1,1,1,1,1,1,1,1,1,1,1,1,1,
1,1,1,1,1,1,1,1,1,1,1,1,1,1,1,1,1,1,1,1,1,1,1,1,1,1,1,1,1,1,1,1,1,1),(-0.00847323308916304,
-0.00480558358315708,-0.00130850818774653,0.,0.00130850818774653,0.00480558358315713,
0.00847323308916294,0.0123038399155774,0.0162907197968583,0.0204279446736522,
0.024710209836495,0.0291327316569027,0.0336911674049509,0.0383815513716483,
0.0432002432617923,0.0481438859785552,0.0532093707047269,0.0583938077289414,
0.0636945018495749,0.0691089314657339,0.0746347306672271,0.0802696737857387,
0.086011661982532,0.0918587115341878,0.0978089435443014,0.103860574860833,
0.110011910019601,0.116261334066906,0.122607306140504,0.128914357237098,
0.13518226298128,0.141410793308526,0.147599712508266,0.153748779247512,
0.159857746575819,0.165926361912199,0.1719543670144,0.17794149793083,0.18388748493524,
0.18979205244417,0.195654918917021,0.201475796738517,0.207254392083229,
0.212990404761688,0.21868352804759,0.224333448485429,0.229939845677859,
0.235502392051959,0.241020752603494,0.246494584618147,0.251923537368617,
0.257307251786318,0.26264536010632,0.267937485484019,0.273252417438224,
0.278590064870732,0.28395034020148,0.289333159752719,0.29473844421203,0.300166119192166,
0.305616115910882,0.311088372021029,0.316582832630738,0.322099451566966,
0.327638192954448,0.333088464831473,0.338448856486764,0.343717883096626,
0.348893978720189,0.35397548838436,0.358960659102268,0.363847629634575,
0.36863441876004,0.3733189117671,0.377898844808569,0.382371786671639,0.386735117397871,
0.390986003032494,0.395180040813655,0.399316509473871,0.403394659965438,
0.407413713845438,0.41137286155909,0.415271260617693,0.419108033668751,
0.422882266458166,0.426593005687717,0.430239256776088,0.433819981539036,
0.437334095814973,0.440780467077592,0.444157912099334,0.447465194761332,
0.450701024151387,0.453864053157795,0.456952877862852,0.459966038179516,
0.462902020378625,0.465759262453141,0.468536163705758,0.47123110059412,
0.473842451820119,0.476368637036936,0.478808175525982,0.481159773887448,
0.483422455061433,0.485595743778563,0.487679921738464,0.489676345960218,
0.491587741910395,0.493418082038079,0.495170440398511,0.496834608635611,
0.498300196986249,0.5,0.501699803013751,0.503165391364389,0.50482955960149,
0.506581917961922,0.508412258089606,0.510323654039783,0.512320078261537,
0.514404256221437,0.516577544938568,0.518840226112553,0.521191824474019,
0.523631362963065,0.526157548179882,0.528768899405881,0.531463836294242,
0.534240737546859,0.537097979621376,0.540033961820484,0.543047122137148,
0.546135946842206,0.549298975848614,0.552534805238669,0.555842087900666,
0.559219532922408,0.562665904185028,0.566180018460964,0.569760743223912,
0.573406994312283,0.577117733541835,0.58089196633125,0.584728739382307,
0.58862713844091,0.592586286154563,0.596605340034562,0.600683490526129,
0.604819959186345,0.609013996967506,0.61326488260213,0.617628213328362,
0.622101155191432,0.626681088232901,0.63136558123996,0.636152370365425,
0.641039340897732,0.64602451161564,0.651106021279812,0.656282116903374,
0.661551143513237,0.666911535168527,0.672361807045553,0.677900548433035,
0.683417167369263,0.688911627978972,0.694383884089119,0.699833880807835,
0.70526155578797,0.710666840247282,0.716049659798521,0.721409935129269,
0.726747582561777,0.732062514515981,0.737354639893681,0.742692748213683,
0.748076462631383,0.753505415381854,0.758979247396507,0.764497607948041,
0.770060154322141,0.775666551514571,0.78131647195241,0.787009595238312,
0.792745607916771,0.798524203261483,0.804345081082979,0.81020794755583,
0.816112515064761,0.822058502069171,0.828045632985601,0.834073638087802,
0.840142253424181,0.846251220752488,0.852400287491734,0.858589206691475,
0.86481773701872,0.871085642762903,0.877392693859497,0.883738665933094,
0.889988089980399,0.896139425139167,0.902191056455699,0.908141288465812,
0.913988338017468,0.919730326214261,0.925365269332773,0.930891068534266,
0.936305498150425,0.941606192271059,0.946790629295273,0.951856114021445,
0.956799756738208,0.961618448628351,0.966308832595049,0.970867268343097,
0.975289790163505,0.979572055326348,0.983709280203142,0.987696160084423,
0.991526766910837,0.995194416416843,0.998691491812253,1.,1.00130850818775,
1.00480558358316,1.00847323308916),.UNSPECIFIED.);
#465=B_SPLINE_CURVE_WITH_KNOTS('',3,(#3458,#3459,#3460,#3461),
 .UNSPECIFIED.,.F.,.F.,(4,4),(0.,1.),.UNSPECIFIED.);
#466=B_SPLINE_CURVE_WITH_KNOTS('',3,(#3942,#3943,#3944,#3945,#3946,#3947,
#3948,#3949,#3950,#3951,#3952,#3953,#3954,#3955,#3956,#3957),
 .UNSPECIFIED.,.F.,.F.,(4,1,1,1,1,1,1,1,1,1,1,1,1,4),(0.,0.00327414940994744,
0.00654829881989488,0.00982244822984232,0.011459522934816,0.0130965976397898,
0.0147336723447635,0.0163707470497372,0.0180078217547109,0.0196448964596846,
0.0212819711646584,0.0229190458696321,0.0245561205746058,0.0261931952795795),
 .UNSPECIFIED.);
#467=B_SPLINE_CURVE_WITH_KNOTS('',3,(#3959,#3960,#3961,#3962,#3963,#3964,
#3965,#3966,#3967,#3968),.UNSPECIFIED.,.F.,.F.,(4,1,1,1,1,1,1,4),(1.88893087869236E-15,
0.00316301289908449,0.00474451934862578,0.00632602579816708,0.00790753224770838,
0.00948903869724968,0.011070545146791,0.0126520515963323),.UNSPECIFIED.);
#468=B_SPLINE_CURVE_WITH_KNOTS('',3,(#3970,#3971,#3972,#3973),
 .UNSPECIFIED.,.F.,.F.,(4,4),(0.,1.),.UNSPECIFIED.);
#469=B_SPLINE_CURVE_WITH_KNOTS('',3,(#3975,#3976,#3977,#3978,#3979,#3980,
#3981,#3982,#3983,#3984,#3985,#3986,#3987,#3988,#3989,#3990,#3991,#3992,
#3993,#3994,#3995,#3996,#3997,#3998,#3999,#4000,#4001,#4002,#4003,#4004,
#4005,#4006,#4007,#4008,#4009,#4010,#4011,#4012,#4013,#4014,#4015,#4016,
#4017,#4018,#4019,#4020,#4021,#4022,#4023,#4024,#4025,#4026,#4027,#4028,
#4029,#4030,#4031,#4032,#4033,#4034,#4035,#4036,#4037,#4038,#4039,#4040,
#4041,#4042,#4043,#4044,#4045,#4046,#4047,#4048,#4049,#4050,#4051,#4052,
#4053,#4054,#4055,#4056,#4057,#4058,#4059,#4060,#4061,#4062,#4063,#4064,
#4065,#4066,#4067,#4068,#4069,#4070,#4071,#4072,#4073,#4074,#4075,#4076,
#4077,#4078,#4079,#4080,#4081,#4082,#4083,#4084,#4085,#4086,#4087,#4088,
#4089,#4090,#4091,#4092,#4093,#4094,#4095,#4096,#4097,#4098,#4099,#4100,
#4101,#4102,#4103,#4104,#4105,#4106,#4107,#4108,#4109,#4110,#4111,#4112,
#4113,#4114,#4115,#4116,#4117,#4118,#4119,#4120,#4121,#4122,#4123,#4124,
#4125,#4126,#4127,#4128,#4129,#4130,#4131,#4132,#4133,#4134,#4135,#4136,
#4137,#4138,#4139,#4140,#4141,#4142,#4143,#4144,#4145,#4146,#4147,#4148,
#4149,#4150,#4151,#4152,#4153,#4154,#4155,#4156,#4157,#4158,#4159,#4160,
#4161,#4162,#4163,#4164,#4165,#4166,#4167,#4168,#4169,#4170,#4171,#4172,
#4173,#4174,#4175,#4176,#4177,#4178,#4179,#4180,#4181,#4182,#4183,#4184,
#4185,#4186,#4187,#4188,#4189,#4190,#4191,#4192,#4193,#4194,#4195,#4196,
#4197,#4198,#4199),.UNSPECIFIED.,.T.,.F.,(1,1,1,1,1,1,1,1,1,1,1,1,1,1,1,
1,1,1,1,1,1,1,1,1,1,1,1,1,1,1,1,1,1,1,1,1,1,1,1,1,1,1,1,1,1,1,1,1,1,1,1,
1,1,1,1,1,1,1,1,1,1,1,1,1,1,1,1,1,1,1,1,1,1,1,1,1,1,1,1,1,1,1,1,1,1,1,1,
1,1,1,1,1,1,1,1,1,1,1,1,1,1,1,1,1,1,1,1,1,1,1,1,1,1,1,1,1,1,1,1,1,1,1,1,
1,1,1,1,1,1,1,1,1,1,1,1,1,1,1,1,1,1,1,1,1,1,1,1,1,1,1,1,1,1,1,1,1,1,1,1,
1,1,1,1,1,1,1,1,1,1,1,1,1,1,1,1,1,1,1,1,1,1,1,1,1,1,1,1,1,1,1,1,1,1,1,1,
1,1,1,1,1,1,1,1,1,1,1,1,1,1,1,1,1,1,1,1,1,1,1,1,1,1,1,1,1,1,1,1,1,1),(-0.00847323308916304,
-0.00480558358315708,-0.00130850818774653,0.,0.00130850818774653,0.00480558358315713,
0.00847323308916294,0.0123038399155774,0.0162907197968583,0.0204279446736522,
0.024710209836495,0.0291327316569027,0.0336911674049509,0.0383815513716483,
0.0432002432617923,0.0481438859785552,0.0532093707047269,0.0583938077289414,
0.0636945018495749,0.0691089314657339,0.0746347306672271,0.0802696737857387,
0.086011661982532,0.0918587115341878,0.0978089435443014,0.103860574860833,
0.110011910019601,0.116261334066906,0.122607306140504,0.128914357237098,
0.13518226298128,0.141410793308526,0.147599712508266,0.153748779247512,
0.159857746575819,0.165926361912199,0.1719543670144,0.17794149793083,0.18388748493524,
0.18979205244417,0.195654918917021,0.201475796738517,0.207254392083229,
0.212990404761688,0.21868352804759,0.224333448485429,0.229939845677859,
0.235502392051959,0.241020752603494,0.246494584618147,0.251923537368617,
0.257307251786318,0.26264536010632,0.267937485484019,0.273252417438224,
0.278590064870732,0.28395034020148,0.289333159752719,0.29473844421203,0.300166119192166,
0.305616115910882,0.311088372021029,0.316582832630738,0.322099451566966,
0.327638192954448,0.333088464831473,0.338448856486764,0.343717883096626,
0.348893978720189,0.35397548838436,0.358960659102268,0.363847629634575,
0.36863441876004,0.3733189117671,0.377898844808569,0.382371786671639,0.386735117397871,
0.390986003032494,0.395180040813655,0.399316509473871,0.403394659965438,
0.407413713845438,0.41137286155909,0.415271260617693,0.419108033668751,
0.422882266458166,0.426593005687717,0.430239256776088,0.433819981539036,
0.437334095814973,0.440780467077592,0.444157912099334,0.447465194761332,
0.450701024151387,0.453864053157795,0.456952877862852,0.459966038179516,
0.462902020378625,0.465759262453141,0.468536163705758,0.47123110059412,
0.473842451820119,0.476368637036936,0.478808175525982,0.481159773887448,
0.483422455061433,0.485595743778563,0.487679921738464,0.489676345960218,
0.491587741910395,0.493418082038079,0.495170440398511,0.496834608635611,
0.498300196986249,0.5,0.501699803013751,0.503165391364389,0.50482955960149,
0.506581917961922,0.508412258089606,0.510323654039783,0.512320078261537,
0.514404256221437,0.516577544938568,0.518840226112553,0.521191824474019,
0.523631362963065,0.526157548179882,0.528768899405881,0.531463836294242,
0.534240737546859,0.537097979621376,0.540033961820484,0.543047122137148,
0.546135946842206,0.549298975848614,0.552534805238669,0.555842087900666,
0.559219532922408,0.562665904185028,0.566180018460964,0.569760743223912,
0.573406994312283,0.577117733541835,0.58089196633125,0.584728739382307,
0.58862713844091,0.592586286154563,0.596605340034562,0.600683490526129,
0.604819959186345,0.609013996967506,0.61326488260213,0.617628213328362,
0.622101155191432,0.626681088232901,0.63136558123996,0.636152370365425,
0.641039340897732,0.64602451161564,0.651106021279812,0.656282116903374,
0.661551143513237,0.666911535168527,0.672361807045553,0.677900548433035,
0.683417167369263,0.688911627978972,0.694383884089119,0.699833880807835,
0.70526155578797,0.710666840247282,0.716049659798521,0.721409935129269,
0.726747582561777,0.732062514515981,0.737354639893681,0.742692748213683,
0.748076462631383,0.753505415381854,0.758979247396507,0.764497607948041,
0.770060154322141,0.775666551514571,0.78131647195241,0.787009595238312,
0.792745607916771,0.798524203261483,0.804345081082979,0.81020794755583,
0.816112515064761,0.822058502069171,0.828045632985601,0.834073638087802,
0.840142253424181,0.846251220752488,0.852400287491734,0.858589206691475,
0.86481773701872,0.871085642762903,0.877392693859497,0.883738665933094,
0.889988089980399,0.896139425139167,0.902191056455699,0.908141288465812,
0.913988338017468,0.919730326214261,0.925365269332773,0.930891068534266,
0.936305498150425,0.941606192271059,0.946790629295273,0.951856114021445,
0.956799756738208,0.961618448628351,0.966308832595049,0.970867268343097,
0.975289790163505,0.979572055326348,0.983709280203142,0.987696160084423,
0.991526766910837,0.995194416416843,0.998691491812253,1.,1.00130850818775,
1.00480558358316,1.00847323308916),.UNSPECIFIED.);
#470=B_SPLINE_CURVE_WITH_KNOTS('',3,(#4776,#4777,#4778,#4779),
 .UNSPECIFIED.,.F.,.F.,(4,4),(0.,1.),.PIECEWISE_BEZIER_KNOTS.);
#471=B_SPLINE_CURVE_WITH_KNOTS('',3,(#4780,#4781,#4782,#4783),
 .UNSPECIFIED.,.F.,.F.,(4,4),(0.,1.),.PIECEWISE_BEZIER_KNOTS.);
#472=B_SPLINE_CURVE_WITH_KNOTS('',3,(#5514,#5515,#5516,#5517,#5518,#5519,
#5520,#5521,#5522,#5523,#5524,#5525,#5526,#5527,#5528,#5529,#5530,#5531,
#5532,#5533,#5534,#5535,#5536,#5537,#5538,#5539,#5540,#5541,#5542,#5543,
#5544,#5545,#5546,#5547,#5548,#5549,#5550,#5551,#5552,#5553,#5554,#5555,
#5556,#5557,#5558,#5559,#5560,#5561,#5562,#5563,#5564,#5565,#5566,#5567,
#5568,#5569,#5570,#5571,#5572,#5573,#5574,#5575,#5576,#5577,#5578,#5579,
#5580,#5581,#5582,#5583,#5584,#5585,#5586,#5587,#5588,#5589,#5590,#5591,
#5592,#5593,#5594,#5595,#5596,#5597,#5598,#5599,#5600,#5601,#5602,#5603,
#5604,#5605,#5606,#5607,#5608,#5609,#5610,#5611,#5612,#5613,#5614,#5615,
#5616,#5617,#5618,#5619,#5620,#5621,#5622,#5623,#5624,#5625,#5626,#5627,
#5628,#5629,#5630,#5631,#5632,#5633,#5634,#5635,#5636,#5637,#5638,#5639,
#5640,#5641,#5642,#5643,#5644,#5645,#5646,#5647,#5648,#5649,#5650,#5651,
#5652,#5653,#5654,#5655,#5656,#5657,#5658,#5659,#5660,#5661,#5662,#5663,
#5664,#5665,#5666,#5667,#5668,#5669,#5670,#5671,#5672,#5673,#5674,#5675,
#5676,#5677,#5678,#5679,#5680,#5681,#5682,#5683,#5684,#5685,#5686,#5687,
#5688,#5689,#5690,#5691,#5692,#5693,#5694,#5695,#5696,#5697,#5698,#5699,
#5700,#5701,#5702,#5703,#5704,#5705,#5706,#5707,#5708,#5709,#5710,#5711,
#5712,#5713,#5714,#5715,#5716,#5717,#5718,#5719,#5720,#5721,#5722,#5723,
#5724,#5725,#5726,#5727,#5728,#5729,#5730,#5731,#5732,#5733,#5734,#5735,
#5736,#5737,#5738),.UNSPECIFIED.,.T.,.F.,(1,1,1,1,1,1,1,1,1,1,1,1,1,1,1,
1,1,1,1,1,1,1,1,1,1,1,1,1,1,1,1,1,1,1,1,1,1,1,1,1,1,1,1,1,1,1,1,1,1,1,1,
1,1,1,1,1,1,1,1,1,1,1,1,1,1,1,1,1,1,1,1,1,1,1,1,1,1,1,1,1,1,1,1,1,1,1,1,
1,1,1,1,1,1,1,1,1,1,1,1,1,1,1,1,1,1,1,1,1,1,1,1,1,1,1,1,1,1,1,1,1,1,1,1,
1,1,1,1,1,1,1,1,1,1,1,1,1,1,1,1,1,1,1,1,1,1,1,1,1,1,1,1,1,1,1,1,1,1,1,1,
1,1,1,1,1,1,1,1,1,1,1,1,1,1,1,1,1,1,1,1,1,1,1,1,1,1,1,1,1,1,1,1,1,1,1,1,
1,1,1,1,1,1,1,1,1,1,1,1,1,1,1,1,1,1,1,1,1,1,1,1,1,1,1,1,1,1,1,1,1,1),(-0.00847323308916304,
-0.0048055835831573,-0.00130850818774664,0.,0.00130850818774653,0.00480558358315708,
0.00847323308916304,0.0123038399155775,0.0162907197968584,0.0204279446736523,
0.024710209836495,0.0291327316569029,0.0336911674049511,0.0383815513716485,
0.0432002432617924,0.0481438859785554,0.053209370704727,0.0583938077289414,
0.0636945018495749,0.0691089314657339,0.0746347306672271,0.0802696737857387,
0.086011661982532,0.0918587115341877,0.0978089435443013,0.103860574860833,
0.110011910019601,0.116261334066906,0.122607306140503,0.128914357237097,
0.13518226298128,0.141410793308525,0.147599712508266,0.153748779247511,
0.159857746575819,0.165926361912199,0.171954367014399,0.177941497930829,
0.18388748493524,0.18979205244417,0.19565491891702,0.201475796738517,0.207254392083229,
0.212990404761688,0.21868352804759,0.224333448485429,0.229939845677858,
0.235502392051958,0.241020752603493,0.246494584618146,0.251923537368617,
0.257307251786317,0.262645360106319,0.267937485484019,0.273252417438223,
0.278590064870732,0.28395034020148,0.289333159752718,0.29473844421203,0.300166119192165,
0.305616115910882,0.311088372021028,0.316582832630737,0.322099451566965,
0.327638192954448,0.333088464831473,0.338448856486763,0.343717883096626,
0.348893978720189,0.35397548838436,0.358960659102267,0.363847629634575,
0.36863441876004,0.373318911767099,0.377898844808569,0.382371786671639,
0.386735117397871,0.390986003032494,0.395180040813655,0.399316509473871,
0.403394659965438,0.407413713845438,0.41137286155909,0.415271260617693,
0.41910803366875,0.422882266458165,0.426593005687717,0.430239256776088,
0.433819981539036,0.437334095814972,0.440780467077592,0.444157912099333,
0.447465194761331,0.450701024151386,0.453864053157794,0.456952877862852,
0.459966038179516,0.462902020378624,0.465759262453141,0.468536163705758,
0.471231100594119,0.473842451820118,0.476368637036935,0.478808175525981,
0.481159773887447,0.483422455061432,0.485595743778563,0.487679921738464,
0.489676345960217,0.491587741910394,0.493418082038078,0.49517044039851,
0.496834608635611,0.498300196986249,0.5,0.501699803013751,0.503165391364389,
0.50482955960149,0.506581917961921,0.508412258089605,0.510323654039783,
0.512320078261536,0.514404256221437,0.516577544938567,0.518840226112552,
0.521191824474018,0.523631362963064,0.526157548179882,0.528768899405881,
0.531463836294242,0.534240737546859,0.537097979621375,0.540033961820484,
0.543047122137148,0.546135946842206,0.549298975848614,0.552534805238668,
0.555842087900666,0.559219532922408,0.562665904185027,0.566180018460964,
0.569760743223912,0.573406994312283,0.577117733541835,0.580891966331249,
0.584728739382307,0.588627138440909,0.592586286154562,0.596605340034561,
0.600683490526129,0.604819959186344,0.609013996967506,0.613264882602129,
0.617628213328361,0.622101155191431,0.6266810882329,0.631365581239959,0.636152370365425,
0.641039340897732,0.646024511615639,0.651106021279811,0.656282116903373,
0.661551143513236,0.666911535168526,0.672361807045552,0.677900548433034,
0.683417167369262,0.688911627978972,0.694383884089118,0.699833880807834,
0.70526155578797,0.710666840247282,0.71604965979852,0.721409935129268,0.726747582561777,
0.732062514515981,0.73735463989368,0.742692748213682,0.748076462631383,
0.753505415381853,0.758979247396507,0.764497607948041,0.770060154322141,
0.775666551514571,0.78131647195241,0.787009595238312,0.792745607916771,
0.798524203261482,0.804345081082979,0.81020794755583,0.81611251506476,0.822058502069171,
0.828045632985601,0.834073638087801,0.840142253424181,0.846251220752488,
0.852400287491734,0.858589206691474,0.86481773701872,0.871085642762903,
0.877392693859497,0.883738665933094,0.889988089980399,0.896139425139167,
0.902191056455699,0.908141288465812,0.913988338017468,0.919730326214261,
0.925365269332773,0.930891068534266,0.936305498150425,0.941606192271059,
0.946790629295273,0.951856114021445,0.956799756738208,0.961618448628352,
0.966308832595049,0.970867268343097,0.975289790163505,0.979572055326348,
0.983709280203142,0.987696160084423,0.991526766910837,0.995194416416843,
0.998691491812253,1.,1.00130850818775,1.00480558358316,1.00847323308916),
 .UNSPECIFIED.);
#473=B_SPLINE_CURVE_WITH_KNOTS('',3,(#5987,#5988,#5989,#5990,#5991,#5992,
#5993,#5994,#5995,#5996,#5997,#5998,#5999,#6000,#6001,#6002,#6003,#6004,
#6005,#6006,#6007,#6008,#6009,#6010,#6011,#6012,#6013,#6014,#6015,#6016,
#6017,#6018,#6019,#6020,#6021,#6022,#6023,#6024,#6025,#6026,#6027,#6028,
#6029,#6030,#6031,#6032,#6033,#6034,#6035,#6036,#6037,#6038,#6039,#6040,
#6041,#6042,#6043,#6044,#6045,#6046,#6047,#6048,#6049,#6050,#6051,#6052,
#6053,#6054,#6055,#6056,#6057,#6058,#6059,#6060,#6061,#6062,#6063,#6064,
#6065,#6066,#6067,#6068,#6069,#6070,#6071,#6072,#6073,#6074,#6075,#6076,
#6077,#6078,#6079,#6080,#6081,#6082,#6083,#6084,#6085,#6086,#6087,#6088,
#6089,#6090,#6091,#6092,#6093,#6094,#6095,#6096,#6097,#6098,#6099,#6100,
#6101,#6102,#6103,#6104,#6105,#6106,#6107,#6108,#6109,#6110,#6111,#6112,
#6113,#6114,#6115,#6116,#6117,#6118,#6119,#6120,#6121,#6122,#6123,#6124,
#6125,#6126,#6127,#6128,#6129,#6130,#6131,#6132,#6133,#6134,#6135,#6136,
#6137,#6138,#6139,#6140,#6141,#6142,#6143,#6144,#6145,#6146,#6147,#6148,
#6149,#6150,#6151,#6152,#6153,#6154,#6155,#6156,#6157,#6158,#6159,#6160,
#6161,#6162,#6163,#6164,#6165,#6166,#6167,#6168,#6169,#6170,#6171,#6172,
#6173,#6174,#6175,#6176,#6177,#6178,#6179,#6180,#6181,#6182,#6183,#6184,
#6185,#6186,#6187,#6188,#6189,#6190,#6191,#6192,#6193,#6194,#6195,#6196,
#6197,#6198,#6199,#6200,#6201,#6202,#6203,#6204,#6205,#6206,#6207,#6208,
#6209,#6210,#6211),.UNSPECIFIED.,.T.,.F.,(1,1,1,1,1,1,1,1,1,1,1,1,1,1,1,
1,1,1,1,1,1,1,1,1,1,1,1,1,1,1,1,1,1,1,1,1,1,1,1,1,1,1,1,1,1,1,1,1,1,1,1,
1,1,1,1,1,1,1,1,1,1,1,1,1,1,1,1,1,1,1,1,1,1,1,1,1,1,1,1,1,1,1,1,1,1,1,1,
1,1,1,1,1,1,1,1,1,1,1,1,1,1,1,1,1,1,1,1,1,1,1,1,1,1,1,1,1,1,1,1,1,1,1,1,
1,1,1,1,1,1,1,1,1,1,1,1,1,1,1,1,1,1,1,1,1,1,1,1,1,1,1,1,1,1,1,1,1,1,1,1,
1,1,1,1,1,1,1,1,1,1,1,1,1,1,1,1,1,1,1,1,1,1,1,1,1,1,1,1,1,1,1,1,1,1,1,1,
1,1,1,1,1,1,1,1,1,1,1,1,1,1,1,1,1,1,1,1,1,1,1,1,1,1,1,1,1,1,1,1,1,1),(-0.00847323308916304,
-0.0048055835831573,-0.00130850818774664,0.,0.00130850818774653,0.00480558358315708,
0.00847323308916304,0.0123038399155775,0.0162907197968584,0.0204279446736523,
0.024710209836495,0.0291327316569029,0.0336911674049511,0.0383815513716485,
0.0432002432617924,0.0481438859785554,0.053209370704727,0.0583938077289414,
0.0636945018495749,0.0691089314657339,0.0746347306672271,0.0802696737857387,
0.086011661982532,0.0918587115341877,0.0978089435443013,0.103860574860833,
0.110011910019601,0.116261334066906,0.122607306140503,0.128914357237097,
0.13518226298128,0.141410793308525,0.147599712508266,0.153748779247511,
0.159857746575819,0.165926361912199,0.171954367014399,0.177941497930829,
0.18388748493524,0.18979205244417,0.19565491891702,0.201475796738517,0.207254392083229,
0.212990404761688,0.21868352804759,0.224333448485429,0.229939845677858,
0.235502392051958,0.241020752603493,0.246494584618146,0.251923537368617,
0.257307251786317,0.262645360106319,0.267937485484019,0.273252417438223,
0.278590064870732,0.28395034020148,0.289333159752718,0.29473844421203,0.300166119192165,
0.305616115910882,0.311088372021028,0.316582832630737,0.322099451566965,
0.327638192954448,0.333088464831473,0.338448856486763,0.343717883096626,
0.348893978720189,0.35397548838436,0.358960659102267,0.363847629634575,
0.36863441876004,0.373318911767099,0.377898844808569,0.382371786671639,
0.386735117397871,0.390986003032494,0.395180040813655,0.399316509473871,
0.403394659965438,0.407413713845438,0.41137286155909,0.415271260617693,
0.41910803366875,0.422882266458165,0.426593005687717,0.430239256776088,
0.433819981539036,0.437334095814972,0.440780467077592,0.444157912099333,
0.447465194761331,0.450701024151386,0.453864053157794,0.456952877862852,
0.459966038179516,0.462902020378624,0.465759262453141,0.468536163705758,
0.471231100594119,0.473842451820118,0.476368637036935,0.478808175525981,
0.481159773887447,0.483422455061432,0.485595743778563,0.487679921738464,
0.489676345960217,0.491587741910394,0.493418082038078,0.49517044039851,
0.496834608635611,0.498300196986249,0.5,0.501699803013751,0.503165391364389,
0.50482955960149,0.506581917961921,0.508412258089605,0.510323654039783,
0.512320078261536,0.514404256221437,0.516577544938567,0.518840226112552,
0.521191824474018,0.523631362963064,0.526157548179882,0.528768899405881,
0.531463836294242,0.534240737546859,0.537097979621375,0.540033961820484,
0.543047122137148,0.546135946842206,0.549298975848614,0.552534805238668,
0.555842087900666,0.559219532922408,0.562665904185027,0.566180018460964,
0.569760743223912,0.573406994312283,0.577117733541835,0.580891966331249,
0.584728739382307,0.588627138440909,0.592586286154562,0.596605340034561,
0.600683490526129,0.604819959186344,0.609013996967506,0.613264882602129,
0.617628213328361,0.622101155191431,0.6266810882329,0.631365581239959,0.636152370365425,
0.641039340897732,0.646024511615639,0.651106021279811,0.656282116903373,
0.661551143513236,0.666911535168526,0.672361807045552,0.677900548433034,
0.683417167369262,0.688911627978972,0.694383884089118,0.699833880807834,
0.70526155578797,0.710666840247282,0.71604965979852,0.721409935129268,0.726747582561777,
0.732062514515981,0.73735463989368,0.742692748213682,0.748076462631383,
0.753505415381853,0.758979247396507,0.764497607948041,0.770060154322141,
0.775666551514571,0.78131647195241,0.787009595238312,0.792745607916771,
0.798524203261482,0.804345081082979,0.81020794755583,0.81611251506476,0.822058502069171,
0.828045632985601,0.834073638087801,0.840142253424181,0.846251220752488,
0.852400287491734,0.858589206691474,0.86481773701872,0.871085642762903,
0.877392693859497,0.883738665933094,0.889988089980399,0.896139425139167,
0.902191056455699,0.908141288465812,0.913988338017468,0.919730326214261,
0.925365269332773,0.930891068534266,0.936305498150425,0.941606192271059,
0.946790629295273,0.951856114021445,0.956799756738208,0.961618448628352,
0.966308832595049,0.970867268343097,0.975289790163505,0.979572055326348,
0.983709280203142,0.987696160084423,0.991526766910837,0.995194416416843,
0.998691491812253,1.,1.00130850818775,1.00480558358316,1.00847323308916),
 .UNSPECIFIED.);
#474=EDGE_LOOP('',(#129,#130,#131,#132,#133));
#475=EDGE_LOOP('',(#134,#135));
#476=EDGE_LOOP('',(#136,#137,#138));
#477=EDGE_LOOP('',(#139,#140));
#478=EDGE_LOOP('',(#141,#142,#143));
#479=EDGE_LOOP('',(#144,#145));
#480=EDGE_LOOP('',(#146,#147,#148,#149));
#481=EDGE_LOOP('',(#150,#151,#152,#153));
#482=EDGE_LOOP('',(#154,#155,#156,#157));
#483=EDGE_LOOP('',(#158,#159,#160,#161,#162));
#484=EDGE_LOOP('',(#163,#164,#165,#166,#167,#168,#169,#170,#171,#172,#173,
#174,#175));
#485=EDGE_LOOP('',(#176,#177,#178,#179,#180,#181,#182));
#486=EDGE_LOOP('',(#183,#184,#185,#186,#187));
#487=EDGE_LOOP('',(#188,#189,#190,#191,#192,#193,#194,#195,#196,#197));
#488=EDGE_LOOP('',(#198,#199,#200,#201));
#489=EDGE_LOOP('',(#202,#203,#204));
#490=EDGE_LOOP('',(#205,#206,#207));
#491=EDGE_LOOP('',(#208,#209,#210,#211,#212,#213,#214));
#492=EDGE_LOOP('',(#215,#216,#217,#218));
#493=EDGE_LOOP('',(#219,#220,#221,#222));
#494=EDGE_LOOP('',(#223,#224,#225,#226));
#495=EDGE_LOOP('',(#227,#228,#229));
#496=EDGE_LOOP('',(#230,#231,#232,#233));
#497=EDGE_LOOP('',(#234,#235,#236,#237));
#498=EDGE_LOOP('',(#238,#239,#240,#241));
#499=EDGE_LOOP('',(#242,#243,#244));
#500=EDGE_LOOP('',(#245,#246,#247,#248));
#501=EDGE_LOOP('',(#249,#250,#251,#252));
#502=EDGE_LOOP('',(#253,#254,#255,#256));
#503=EDGE_LOOP('',(#257,#258,#259,#260));
#504=EDGE_LOOP('',(#261,#262,#263,#264));
#505=EDGE_LOOP('',(#265,#266,#267,#268));
#506=EDGE_LOOP('',(#269,#270,#271,#272));
#507=EDGE_LOOP('',(#273,#274,#275,#276,#277,#278));
#508=EDGE_LOOP('',(#279,#280,#281,#282,#283));
#509=EDGE_LOOP('',(#284,#285,#286,#287));
#510=EDGE_LOOP('',(#288,#289,#290,#291));
#511=EDGE_LOOP('',(#292,#293,#294,#295));
#512=EDGE_LOOP('',(#296,#297,#298));
#513=FACE_BOUND('',#474,.T.);
#514=FACE_BOUND('',#475,.T.);
#515=FACE_BOUND('',#476,.T.);
#516=FACE_BOUND('',#477,.T.);
#517=FACE_BOUND('',#478,.T.);
#518=FACE_BOUND('',#479,.T.);
#519=FACE_BOUND('',#480,.T.);
#520=FACE_BOUND('',#481,.T.);
#521=FACE_BOUND('',#482,.T.);
#522=FACE_BOUND('',#483,.T.);
#523=FACE_BOUND('',#484,.T.);
#524=FACE_BOUND('',#485,.T.);
#525=FACE_BOUND('',#486,.T.);
#526=FACE_BOUND('',#487,.T.);
#527=FACE_BOUND('',#488,.T.);
#528=FACE_BOUND('',#489,.T.);
#529=FACE_BOUND('',#490,.T.);
#530=FACE_BOUND('',#491,.T.);
#531=FACE_BOUND('',#492,.T.);
#532=FACE_BOUND('',#493,.T.);
#533=FACE_BOUND('',#494,.T.);
#534=FACE_BOUND('',#495,.T.);
#535=FACE_BOUND('',#496,.T.);
#536=FACE_BOUND('',#497,.T.);
#537=FACE_BOUND('',#498,.T.);
#538=FACE_BOUND('',#499,.T.);
#539=FACE_BOUND('',#500,.T.);
#540=FACE_BOUND('',#501,.T.);
#541=FACE_BOUND('',#502,.T.);
#542=FACE_BOUND('',#503,.T.);
#543=FACE_BOUND('',#504,.T.);
#544=FACE_BOUND('',#505,.T.);
#545=FACE_BOUND('',#506,.T.);
#546=FACE_BOUND('',#507,.T.);
#547=FACE_BOUND('',#508,.T.);
#548=FACE_BOUND('',#509,.T.);
#549=FACE_BOUND('',#510,.T.);
#550=FACE_BOUND('',#511,.T.);
#551=FACE_BOUND('',#512,.T.);
#552=B_SPLINE_SURFACE_WITH_KNOTS('',3,3,((#761,#762,#763,#764,#765),(#766,
#767,#768,#769,#770),(#771,#772,#773,#774,#775),(#776,#777,#778,#779,#780),
(#781,#782,#783,#784,#785),(#786,#787,#788,#789,#790),(#791,#792,#793,#794,
#795),(#796,#797,#798,#799,#800),(#801,#802,#803,#804,#805),(#806,#807,
#808,#809,#810),(#811,#812,#813,#814,#815),(#816,#817,#818,#819,#820),(#821,
#822,#823,#824,#825),(#826,#827,#828,#829,#830),(#831,#832,#833,#834,#835),
(#836,#837,#838,#839,#840),(#841,#842,#843,#844,#845),(#846,#847,#848,#849,
#850),(#851,#852,#853,#854,#855),(#856,#857,#858,#859,#860),(#861,#862,
#863,#864,#865),(#866,#867,#868,#869,#870),(#871,#872,#873,#874,#875),(#876,
#877,#878,#879,#880),(#881,#882,#883,#884,#885),(#886,#887,#888,#889,#890),
(#891,#892,#893,#894,#895),(#896,#897,#898,#899,#900),(#901,#902,#903,#904,
#905),(#906,#907,#908,#909,#910),(#911,#912,#913,#914,#915),(#916,#917,
#918,#919,#920),(#921,#922,#923,#924,#925),(#926,#927,#928,#929,#930),(#931,
#932,#933,#934,#935),(#936,#937,#938,#939,#940),(#941,#942,#943,#944,#945),
(#946,#947,#948,#949,#950),(#951,#952,#953,#954,#955),(#956,#957,#958,#959,
#960),(#961,#962,#963,#964,#965),(#966,#967,#968,#969,#970),(#971,#972,
#973,#974,#975),(#976,#977,#978,#979,#980),(#981,#982,#983,#984,#985),(#986,
#987,#988,#989,#990),(#991,#992,#993,#994,#995),(#996,#997,#998,#999,#1000),
(#1001,#1002,#1003,#1004,#1005),(#1006,#1007,#1008,#1009,#1010),(#1011,
#1012,#1013,#1014,#1015),(#1016,#1017,#1018,#1019,#1020),(#1021,#1022,#1023,
#1024,#1025),(#1026,#1027,#1028,#1029,#1030),(#1031,#1032,#1033,#1034,#1035),
(#1036,#1037,#1038,#1039,#1040),(#1041,#1042,#1043,#1044,#1045),(#1046,
#1047,#1048,#1049,#1050),(#1051,#1052,#1053,#1054,#1055),(#1056,#1057,#1058,
#1059,#1060),(#1061,#1062,#1063,#1064,#1065),(#1066,#1067,#1068,#1069,#1070),
(#1071,#1072,#1073,#1074,#1075),(#1076,#1077,#1078,#1079,#1080),(#1081,
#1082,#1083,#1084,#1085),(#1086,#1087,#1088,#1089,#1090),(#1091,#1092,#1093,
#1094,#1095),(#1096,#1097,#1098,#1099,#1100),(#1101,#1102,#1103,#1104,#1105),
(#1106,#1107,#1108,#1109,#1110),(#1111,#1112,#1113,#1114,#1115),(#1116,
#1117,#1118,#1119,#1120),(#1121,#1122,#1123,#1124,#1125),(#1126,#1127,#1128,
#1129,#1130),(#1131,#1132,#1133,#1134,#1135),(#1136,#1137,#1138,#1139,#1140)),
 .UNSPECIFIED.,.F.,.F.,.F.,(4,2,2,2,2,2,2,2,2,2,2,2,2,2,2,2,2,2,2,2,2,2,
2,2,2,2,2,2,2,2,2,2,2,2,2,2,2,4),(4,1,4),(0.,0.0058292531965364,0.0116585063930728,
0.0174877595896092,0.0233170127861456,0.029146265982682,0.0349755191792184,
0.0408047723757548,0.0466340255722912,0.106219398974023,0.165804772375755,
0.225390145777486,0.284975519179218,0.34456089258095,0.404146265982682,
0.463731639384414,0.49352432608528,0.523317012786146,0.553109699487012,
0.582902386187878,0.612695072888743,0.642487759589609,0.672280446290475,
0.702073132991341,0.731865819692207,0.761658506393073,0.791451193093939,
0.821243879794805,0.851036566495671,0.880829253196536,0.910621939897402,
0.925518283247835,0.940414626598268,0.955310969948701,0.970207313299134,
0.977655484974351,0.985103656649567,1.),(0.,0.50231026332963,0.827632978463515),
 .UNSPECIFIED.);
#553=B_SPLINE_SURFACE_WITH_KNOTS('',3,3,((#1338,#1339,#1340,#1341,#1342),
(#1343,#1344,#1345,#1346,#1347),(#1348,#1349,#1350,#1351,#1352),(#1353,
#1354,#1355,#1356,#1357),(#1358,#1359,#1360,#1361,#1362),(#1363,#1364,#1365,
#1366,#1367),(#1368,#1369,#1370,#1371,#1372),(#1373,#1374,#1375,#1376,#1377),
(#1378,#1379,#1380,#1381,#1382),(#1383,#1384,#1385,#1386,#1387),(#1388,
#1389,#1390,#1391,#1392),(#1393,#1394,#1395,#1396,#1397),(#1398,#1399,#1400,
#1401,#1402),(#1403,#1404,#1405,#1406,#1407),(#1408,#1409,#1410,#1411,#1412),
(#1413,#1414,#1415,#1416,#1417),(#1418,#1419,#1420,#1421,#1422),(#1423,
#1424,#1425,#1426,#1427),(#1428,#1429,#1430,#1431,#1432),(#1433,#1434,#1435,
#1436,#1437),(#1438,#1439,#1440,#1441,#1442),(#1443,#1444,#1445,#1446,#1447),
(#1448,#1449,#1450,#1451,#1452),(#1453,#1454,#1455,#1456,#1457),(#1458,
#1459,#1460,#1461,#1462),(#1463,#1464,#1465,#1466,#1467),(#1468,#1469,#1470,
#1471,#1472),(#1473,#1474,#1475,#1476,#1477),(#1478,#1479,#1480,#1481,#1482),
(#1483,#1484,#1485,#1486,#1487),(#1488,#1489,#1490,#1491,#1492),(#1493,
#1494,#1495,#1496,#1497),(#1498,#1499,#1500,#1501,#1502),(#1503,#1504,#1505,
#1506,#1507),(#1508,#1509,#1510,#1511,#1512),(#1513,#1514,#1515,#1516,#1517),
(#1518,#1519,#1520,#1521,#1522),(#1523,#1524,#1525,#1526,#1527),(#1528,
#1529,#1530,#1531,#1532),(#1533,#1534,#1535,#1536,#1537),(#1538,#1539,#1540,
#1541,#1542),(#1543,#1544,#1545,#1546,#1547),(#1548,#1549,#1550,#1551,#1552),
(#1553,#1554,#1555,#1556,#1557),(#1558,#1559,#1560,#1561,#1562),(#1563,
#1564,#1565,#1566,#1567),(#1568,#1569,#1570,#1571,#1572),(#1573,#1574,#1575,
#1576,#1577),(#1578,#1579,#1580,#1581,#1582),(#1583,#1584,#1585,#1586,#1587),
(#1588,#1589,#1590,#1591,#1592),(#1593,#1594,#1595,#1596,#1597),(#1598,
#1599,#1600,#1601,#1602),(#1603,#1604,#1605,#1606,#1607),(#1608,#1609,#1610,
#1611,#1612),(#1613,#1614,#1615,#1616,#1617),(#1618,#1619,#1620,#1621,#1622),
(#1623,#1624,#1625,#1626,#1627),(#1628,#1629,#1630,#1631,#1632),(#1633,
#1634,#1635,#1636,#1637)),.UNSPECIFIED.,.F.,.F.,.F.,(4,2,2,2,2,2,2,2,2,
2,2,2,2,2,2,2,2,2,2,2,2,2,2,2,2,2,2,2,2,4),(4,1,4),(0.,0.015625,0.03125,
0.0390625,0.046875,0.0625,0.078125,0.09375,0.125,0.15625,0.1875,0.21875,
0.25,0.28125,0.3125,0.34375,0.375,0.40625,0.4375,0.46875,0.5,0.53125,0.5625,
0.625,0.6875,0.75,0.8125,0.875,0.9375,1.),(0.173580965144389,0.500130023246753,
1.),.UNSPECIFIED.);
#554=B_SPLINE_SURFACE_WITH_KNOTS('',3,3,((#1698,#1699,#1700,#1701,#1702),
(#1703,#1704,#1705,#1706,#1707),(#1708,#1709,#1710,#1711,#1712),(#1713,
#1714,#1715,#1716,#1717),(#1718,#1719,#1720,#1721,#1722),(#1723,#1724,#1725,
#1726,#1727),(#1728,#1729,#1730,#1731,#1732),(#1733,#1734,#1735,#1736,#1737),
(#1738,#1739,#1740,#1741,#1742),(#1743,#1744,#1745,#1746,#1747),(#1748,
#1749,#1750,#1751,#1752),(#1753,#1754,#1755,#1756,#1757),(#1758,#1759,#1760,
#1761,#1762),(#1763,#1764,#1765,#1766,#1767),(#1768,#1769,#1770,#1771,#1772),
(#1773,#1774,#1775,#1776,#1777),(#1778,#1779,#1780,#1781,#1782),(#1783,
#1784,#1785,#1786,#1787),(#1788,#1789,#1790,#1791,#1792),(#1793,#1794,#1795,
#1796,#1797),(#1798,#1799,#1800,#1801,#1802),(#1803,#1804,#1805,#1806,#1807),
(#1808,#1809,#1810,#1811,#1812),(#1813,#1814,#1815,#1816,#1817),(#1818,
#1819,#1820,#1821,#1822),(#1823,#1824,#1825,#1826,#1827),(#1828,#1829,#1830,
#1831,#1832),(#1833,#1834,#1835,#1836,#1837),(#1838,#1839,#1840,#1841,#1842),
(#1843,#1844,#1845,#1846,#1847),(#1848,#1849,#1850,#1851,#1852),(#1853,
#1854,#1855,#1856,#1857),(#1858,#1859,#1860,#1861,#1862),(#1863,#1864,#1865,
#1866,#1867),(#1868,#1869,#1870,#1871,#1872),(#1873,#1874,#1875,#1876,#1877),
(#1878,#1879,#1880,#1881,#1882),(#1883,#1884,#1885,#1886,#1887),(#1888,
#1889,#1890,#1891,#1892),(#1893,#1894,#1895,#1896,#1897),(#1898,#1899,#1900,
#1901,#1902),(#1903,#1904,#1905,#1906,#1907),(#1908,#1909,#1910,#1911,#1912),
(#1913,#1914,#1915,#1916,#1917),(#1918,#1919,#1920,#1921,#1922),(#1923,
#1924,#1925,#1926,#1927),(#1928,#1929,#1930,#1931,#1932),(#1933,#1934,#1935,
#1936,#1937),(#1938,#1939,#1940,#1941,#1942),(#1943,#1944,#1945,#1946,#1947),
(#1948,#1949,#1950,#1951,#1952),(#1953,#1954,#1955,#1956,#1957)),
 .UNSPECIFIED.,.F.,.F.,.F.,(4,2,2,2,2,2,2,2,2,2,2,2,2,2,2,2,2,2,2,2,2,2,
2,2,2,4),(4,1,4),(0.,0.015625,0.0234375,0.03125,0.0390625,0.046875,0.0625,
0.078125,0.09375,0.109375,0.125,0.140625,0.15625,0.1875,0.25,0.28125,0.3125,
0.34375,0.375,0.4375,0.5,0.5625,0.625,0.75,0.875,1.),(0.,0.50231026332963,
0.827632978463515),.UNSPECIFIED.);
#555=B_SPLINE_SURFACE_WITH_KNOTS('',3,3,((#1996,#1997,#1998,#1999,#2000),
(#2001,#2002,#2003,#2004,#2005),(#2006,#2007,#2008,#2009,#2010),(#2011,
#2012,#2013,#2014,#2015),(#2016,#2017,#2018,#2019,#2020),(#2021,#2022,#2023,
#2024,#2025),(#2026,#2027,#2028,#2029,#2030),(#2031,#2032,#2033,#2034,#2035),
(#2036,#2037,#2038,#2039,#2040),(#2041,#2042,#2043,#2044,#2045),(#2046,
#2047,#2048,#2049,#2050),(#2051,#2052,#2053,#2054,#2055),(#2056,#2057,#2058,
#2059,#2060),(#2061,#2062,#2063,#2064,#2065),(#2066,#2067,#2068,#2069,#2070),
(#2071,#2072,#2073,#2074,#2075),(#2076,#2077,#2078,#2079,#2080),(#2081,
#2082,#2083,#2084,#2085),(#2086,#2087,#2088,#2089,#2090),(#2091,#2092,#2093,
#2094,#2095),(#2096,#2097,#2098,#2099,#2100),(#2101,#2102,#2103,#2104,#2105),
(#2106,#2107,#2108,#2109,#2110),(#2111,#2112,#2113,#2114,#2115),(#2116,
#2117,#2118,#2119,#2120),(#2121,#2122,#2123,#2124,#2125),(#2126,#2127,#2128,
#2129,#2130),(#2131,#2132,#2133,#2134,#2135),(#2136,#2137,#2138,#2139,#2140),
(#2141,#2142,#2143,#2144,#2145),(#2146,#2147,#2148,#2149,#2150),(#2151,
#2152,#2153,#2154,#2155),(#2156,#2157,#2158,#2159,#2160),(#2161,#2162,#2163,
#2164,#2165),(#2166,#2167,#2168,#2169,#2170),(#2171,#2172,#2173,#2174,#2175),
(#2176,#2177,#2178,#2179,#2180),(#2181,#2182,#2183,#2184,#2185),(#2186,
#2187,#2188,#2189,#2190),(#2191,#2192,#2193,#2194,#2195),(#2196,#2197,#2198,
#2199,#2200),(#2201,#2202,#2203,#2204,#2205),(#2206,#2207,#2208,#2209,#2210),
(#2211,#2212,#2213,#2214,#2215),(#2216,#2217,#2218,#2219,#2220),(#2221,
#2222,#2223,#2224,#2225),(#2226,#2227,#2228,#2229,#2230),(#2231,#2232,#2233,
#2234,#2235),(#2236,#2237,#2238,#2239,#2240),(#2241,#2242,#2243,#2244,#2245),
(#2246,#2247,#2248,#2249,#2250),(#2251,#2252,#2253,#2254,#2255),(#2256,
#2257,#2258,#2259,#2260),(#2261,#2262,#2263,#2264,#2265),(#2266,#2267,#2268,
#2269,#2270),(#2271,#2272,#2273,#2274,#2275),(#2276,#2277,#2278,#2279,#2280),
(#2281,#2282,#2283,#2284,#2285),(#2286,#2287,#2288,#2289,#2290),(#2291,
#2292,#2293,#2294,#2295),(#2296,#2297,#2298,#2299,#2300),(#2301,#2302,#2303,
#2304,#2305),(#2306,#2307,#2308,#2309,#2310),(#2311,#2312,#2313,#2314,#2315),
(#2316,#2317,#2318,#2319,#2320),(#2321,#2322,#2323,#2324,#2325),(#2326,
#2327,#2328,#2329,#2330),(#2331,#2332,#2333,#2334,#2335),(#2336,#2337,#2338,
#2339,#2340),(#2341,#2342,#2343,#2344,#2345),(#2346,#2347,#2348,#2349,#2350),
(#2351,#2352,#2353,#2354,#2355),(#2356,#2357,#2358,#2359,#2360),(#2361,
#2362,#2363,#2364,#2365),(#2366,#2367,#2368,#2369,#2370),(#2371,#2372,#2373,
#2374,#2375),(#2376,#2377,#2378,#2379,#2380),(#2381,#2382,#2383,#2384,#2385),
(#2386,#2387,#2388,#2389,#2390),(#2391,#2392,#2393,#2394,#2395)),
 .UNSPECIFIED.,.F.,.F.,.F.,(4,2,2,2,2,2,2,2,2,2,2,2,2,2,2,2,2,2,2,2,2,2,
2,2,2,2,2,2,2,2,2,2,2,2,2,2,2,2,2,4),(4,1,4),(0.,0.00360864165983795,0.00721728331967589,
0.0108259249795138,0.0144345666393518,0.0180432082991897,0.0216518499590276,
0.0252604916188656,0.0288691332787036,0.0895648124487846,0.150260491618865,
0.210956170788946,0.271651849959028,0.332347529129108,0.393043208299189,
0.453738887469271,0.514434566639352,0.575130245809433,0.635825924979514,
0.666173764564554,0.696521604149595,0.726869443734635,0.757217283319676,
0.787565122904717,0.817912962489757,0.848260802074798,0.878608641659838,
0.893782561452358,0.908956481244878,0.924130401037399,0.931717360933659,
0.939304320829919,0.946891280726179,0.954478240622439,0.962065200518699,
0.965858680466829,0.969652160414959,0.97723912031122,0.98482608020748,1.),
(0.173580965144389,0.500130023246753,1.),.UNSPECIFIED.);
#556=B_SPLINE_SURFACE_WITH_KNOTS('',3,3,((#2436,#2437,#2438,#2439),(#2440,
#2441,#2442,#2443),(#2444,#2445,#2446,#2447),(#2448,#2449,#2450,#2451),
(#2452,#2453,#2454,#2455),(#2456,#2457,#2458,#2459),(#2460,#2461,#2462,
#2463),(#2464,#2465,#2466,#2467),(#2468,#2469,#2470,#2471),(#2472,#2473,
#2474,#2475),(#2476,#2477,#2478,#2479),(#2480,#2481,#2482,#2483),(#2484,
#2485,#2486,#2487),(#2488,#2489,#2490,#2491),(#2492,#2493,#2494,#2495),
(#2496,#2497,#2498,#2499),(#2500,#2501,#2502,#2503),(#2504,#2505,#2506,
#2507),(#2508,#2509,#2510,#2511),(#2512,#2513,#2514,#2515),(#2516,#2517,
#2518,#2519),(#2520,#2521,#2522,#2523),(#2524,#2525,#2526,#2527),(#2528,
#2529,#2530,#2531),(#2532,#2533,#2534,#2535),(#2536,#2537,#2538,#2539),
(#2540,#2541,#2542,#2543),(#2544,#2545,#2546,#2547),(#2548,#2549,#2550,
#2551),(#2552,#2553,#2554,#2555),(#2556,#2557,#2558,#2559),(#2560,#2561,
#2562,#2563),(#2564,#2565,#2566,#2567),(#2568,#2569,#2570,#2571),(#2572,
#2573,#2574,#2575),(#2576,#2577,#2578,#2579),(#2580,#2581,#2582,#2583),
(#2584,#2585,#2586,#2587),(#2588,#2589,#2590,#2591),(#2592,#2593,#2594,
#2595),(#2596,#2597,#2598,#2599),(#2600,#2601,#2602,#2603),(#2604,#2605,
#2606,#2607),(#2608,#2609,#2610,#2611),(#2612,#2613,#2614,#2615),(#2616,
#2617,#2618,#2619),(#2620,#2621,#2622,#2623),(#2624,#2625,#2626,#2627),
(#2628,#2629,#2630,#2631),(#2632,#2633,#2634,#2635),(#2636,#2637,#2638,
#2639),(#2640,#2641,#2642,#2643),(#2644,#2645,#2646,#2647),(#2648,#2649,
#2650,#2651),(#2652,#2653,#2654,#2655),(#2656,#2657,#2658,#2659),(#2660,
#2661,#2662,#2663),(#2664,#2665,#2666,#2667),(#2668,#2669,#2670,#2671),
(#2672,#2673,#2674,#2675),(#2676,#2677,#2678,#2679),(#2680,#2681,#2682,
#2683),(#2684,#2685,#2686,#2687),(#2688,#2689,#2690,#2691),(#2692,#2693,
#2694,#2695),(#2696,#2697,#2698,#2699),(#2700,#2701,#2702,#2703),(#2704,
#2705,#2706,#2707),(#2708,#2709,#2710,#2711),(#2712,#2713,#2714,#2715),
(#2716,#2717,#2718,#2719),(#2720,#2721,#2722,#2723),(#2724,#2725,#2726,
#2727),(#2728,#2729,#2730,#2731),(#2732,#2733,#2734,#2735),(#2736,#2737,
#2738,#2739),(#2740,#2741,#2742,#2743),(#2744,#2745,#2746,#2747),(#2748,
#2749,#2750,#2751),(#2752,#2753,#2754,#2755),(#2756,#2757,#2758,#2759),
(#2760,#2761,#2762,#2763),(#2764,#2765,#2766,#2767),(#2768,#2769,#2770,
#2771),(#2772,#2773,#2774,#2775),(#2776,#2777,#2778,#2779),(#2780,#2781,
#2782,#2783),(#2784,#2785,#2786,#2787),(#2788,#2789,#2790,#2791),(#2792,
#2793,#2794,#2795),(#2796,#2797,#2798,#2799),(#2800,#2801,#2802,#2803),
(#2804,#2805,#2806,#2807),(#2808,#2809,#2810,#2811),(#2812,#2813,#2814,
#2815),(#2816,#2817,#2818,#2819),(#2820,#2821,#2822,#2823),(#2824,#2825,
#2826,#2827),(#2828,#2829,#2830,#2831),(#2832,#2833,#2834,#2835),(#2836,
#2837,#2838,#2839),(#2840,#2841,#2842,#2843),(#2844,#2845,#2846,#2847),
(#2848,#2849,#2850,#2851),(#2852,#2853,#2854,#2855),(#2856,#2857,#2858,
#2859),(#2860,#2861,#2862,#2863),(#2864,#2865,#2866,#2867),(#2868,#2869,
#2870,#2871),(#2872,#2873,#2874,#2875),(#2876,#2877,#2878,#2879),(#2880,
#2881,#2882,#2883),(#2884,#2885,#2886,#2887),(#2888,#2889,#2890,#2891),
(#2892,#2893,#2894,#2895),(#2896,#2897,#2898,#2899),(#2900,#2901,#2902,
#2903),(#2904,#2905,#2906,#2907),(#2908,#2909,#2910,#2911),(#2912,#2913,
#2914,#2915),(#2916,#2917,#2918,#2919),(#2920,#2921,#2922,#2923),(#2924,
#2925,#2926,#2927),(#2928,#2929,#2930,#2931),(#2932,#2933,#2934,#2935),
(#2936,#2937,#2938,#2939),(#2940,#2941,#2942,#2943),(#2944,#2945,#2946,
#2947)),.UNSPECIFIED.,.F.,.F.,.F.,(4,2,2,2,2,2,2,2,2,2,2,2,2,2,2,2,2,2,
2,2,2,2,2,2,2,2,2,2,2,2,2,2,2,2,2,2,2,2,2,2,2,2,2,2,2,2,2,2,2,2,2,2,2,2,
2,2,2,2,2,2,2,2,2,4),(4,4),(0.,0.00290777165571746,0.00581554331143491,
0.00872331496715237,0.0116310866228698,0.0145388582785873,0.0174466299343047,
0.0203544015900222,0.0232621732457397,0.0537852303318103,0.0843082874178809,
0.114831344503952,0.145354401590022,0.175877458676093,0.191138987219128,
0.198769751490646,0.206400515762164,0.214031280033681,0.221662044305199,
0.236923572848234,0.267446629934305,0.328492744106446,0.389538858278587,
0.450584972450729,0.481108029536799,0.496369558079835,0.504000322351352,
0.51163108662287,0.519261850894388,0.526892615165905,0.542154143708941,
0.572677200795011,0.603200257881082,0.618461786424117,0.626092550695635,
0.633723314967152,0.64135407923867,0.648984843510188,0.664246372053223,
0.694769429139294,0.725292486225364,0.7405540147684,0.755815543311435,0.763446307582953,
0.77107707185447,0.786338600397506,0.816861657483576,0.847384714569647,
0.877907771655717,0.908430828741788,0.923692357284823,0.938953885827859,
0.954215414370894,0.961846178642412,0.969476942913929,0.977107707185447,
0.980923089321206,0.984738471456965,0.988553853592724,0.990461544660603,
0.992369235728482,0.994276926796362,0.996184617864241,1.),(0.,1.),
 .UNSPECIFIED.);
#557=B_SPLINE_SURFACE_WITH_KNOTS('',3,3,((#3462,#3463,#3464,#3465),(#3466,
#3467,#3468,#3469),(#3470,#3471,#3472,#3473),(#3474,#3475,#3476,#3477),
(#3478,#3479,#3480,#3481),(#3482,#3483,#3484,#3485),(#3486,#3487,#3488,
#3489),(#3490,#3491,#3492,#3493),(#3494,#3495,#3496,#3497),(#3498,#3499,
#3500,#3501),(#3502,#3503,#3504,#3505),(#3506,#3507,#3508,#3509),(#3510,
#3511,#3512,#3513),(#3514,#3515,#3516,#3517),(#3518,#3519,#3520,#3521),
(#3522,#3523,#3524,#3525),(#3526,#3527,#3528,#3529),(#3530,#3531,#3532,
#3533),(#3534,#3535,#3536,#3537),(#3538,#3539,#3540,#3541),(#3542,#3543,
#3544,#3545),(#3546,#3547,#3548,#3549),(#3550,#3551,#3552,#3553),(#3554,
#3555,#3556,#3557),(#3558,#3559,#3560,#3561),(#3562,#3563,#3564,#3565),
(#3566,#3567,#3568,#3569),(#3570,#3571,#3572,#3573),(#3574,#3575,#3576,
#3577),(#3578,#3579,#3580,#3581),(#3582,#3583,#3584,#3585),(#3586,#3587,
#3588,#3589),(#3590,#3591,#3592,#3593),(#3594,#3595,#3596,#3597),(#3598,
#3599,#3600,#3601),(#3602,#3603,#3604,#3605),(#3606,#3607,#3608,#3609),
(#3610,#3611,#3612,#3613),(#3614,#3615,#3616,#3617),(#3618,#3619,#3620,
#3621),(#3622,#3623,#3624,#3625),(#3626,#3627,#3628,#3629),(#3630,#3631,
#3632,#3633),(#3634,#3635,#3636,#3637),(#3638,#3639,#3640,#3641),(#3642,
#3643,#3644,#3645),(#3646,#3647,#3648,#3649),(#3650,#3651,#3652,#3653),
(#3654,#3655,#3656,#3657),(#3658,#3659,#3660,#3661),(#3662,#3663,#3664,
#3665),(#3666,#3667,#3668,#3669),(#3670,#3671,#3672,#3673),(#3674,#3675,
#3676,#3677),(#3678,#3679,#3680,#3681),(#3682,#3683,#3684,#3685),(#3686,
#3687,#3688,#3689),(#3690,#3691,#3692,#3693),(#3694,#3695,#3696,#3697),
(#3698,#3699,#3700,#3701),(#3702,#3703,#3704,#3705),(#3706,#3707,#3708,
#3709),(#3710,#3711,#3712,#3713),(#3714,#3715,#3716,#3717),(#3718,#3719,
#3720,#3721),(#3722,#3723,#3724,#3725),(#3726,#3727,#3728,#3729),(#3730,
#3731,#3732,#3733),(#3734,#3735,#3736,#3737),(#3738,#3739,#3740,#3741),
(#3742,#3743,#3744,#3745),(#3746,#3747,#3748,#3749),(#3750,#3751,#3752,
#3753),(#3754,#3755,#3756,#3757),(#3758,#3759,#3760,#3761),(#3762,#3763,
#3764,#3765),(#3766,#3767,#3768,#3769),(#3770,#3771,#3772,#3773),(#3774,
#3775,#3776,#3777),(#3778,#3779,#3780,#3781),(#3782,#3783,#3784,#3785),
(#3786,#3787,#3788,#3789),(#3790,#3791,#3792,#3793),(#3794,#3795,#3796,
#3797),(#3798,#3799,#3800,#3801),(#3802,#3803,#3804,#3805),(#3806,#3807,
#3808,#3809),(#3810,#3811,#3812,#3813),(#3814,#3815,#3816,#3817),(#3818,
#3819,#3820,#3821),(#3822,#3823,#3824,#3825),(#3826,#3827,#3828,#3829),
(#3830,#3831,#3832,#3833),(#3834,#3835,#3836,#3837),(#3838,#3839,#3840,
#3841),(#3842,#3843,#3844,#3845),(#3846,#3847,#3848,#3849),(#3850,#3851,
#3852,#3853),(#3854,#3855,#3856,#3857),(#3858,#3859,#3860,#3861),(#3862,
#3863,#3864,#3865),(#3866,#3867,#3868,#3869),(#3870,#3871,#3872,#3873),
(#3874,#3875,#3876,#3877),(#3878,#3879,#3880,#3881),(#3882,#3883,#3884,
#3885),(#3886,#3887,#3888,#3889),(#3890,#3891,#3892,#3893),(#3894,#3895,
#3896,#3897),(#3898,#3899,#3900,#3901),(#3902,#3903,#3904,#3905),(#3906,
#3907,#3908,#3909),(#3910,#3911,#3912,#3913),(#3914,#3915,#3916,#3917),
(#3918,#3919,#3920,#3921),(#3922,#3923,#3924,#3925),(#3926,#3927,#3928,
#3929),(#3930,#3931,#3932,#3933),(#3934,#3935,#3936,#3937),(#3938,#3939,
#3940,#3941)),.UNSPECIFIED.,.F.,.F.,.F.,(4,2,2,2,2,2,2,2,2,2,2,2,2,2,2,
2,2,2,2,2,2,2,2,2,2,2,2,2,2,2,2,2,2,2,2,2,2,2,2,2,2,2,2,2,2,2,2,2,2,2,2,
2,2,2,2,2,2,2,2,4),(4,4),(0.,0.00390625,0.005859375,0.0078125,0.009765625,
0.01171875,0.015625,0.01953125,0.0234375,0.03125,0.03515625,0.0390625,0.046875,
0.0546875,0.0625,0.0703125,0.078125,0.09375,0.109375,0.125,0.15625,0.1875,
0.21875,0.2265625,0.234375,0.2421875,0.25,0.265625,0.28125,0.3125,0.34375,
0.359375,0.375,0.3828125,0.390625,0.3984375,0.40625,0.4375,0.46875,0.484375,
0.5,0.5078125,0.515625,0.53125,0.5625,0.625,0.6875,0.75,0.78125,0.796875,
0.8046875,0.8125,0.8203125,0.828125,0.8359375,0.84375,0.859375,0.875,0.9375,
1.),(0.,1.),.UNSPECIFIED.);
#558=B_SPLINE_SURFACE_WITH_KNOTS('',3,3,((#4200,#4201,#4202,#4203),(#4204,
#4205,#4206,#4207),(#4208,#4209,#4210,#4211),(#4212,#4213,#4214,#4215),
(#4216,#4217,#4218,#4219),(#4220,#4221,#4222,#4223),(#4224,#4225,#4226,
#4227),(#4228,#4229,#4230,#4231),(#4232,#4233,#4234,#4235),(#4236,#4237,
#4238,#4239),(#4240,#4241,#4242,#4243),(#4244,#4245,#4246,#4247),(#4248,
#4249,#4250,#4251),(#4252,#4253,#4254,#4255),(#4256,#4257,#4258,#4259),
(#4260,#4261,#4262,#4263),(#4264,#4265,#4266,#4267),(#4268,#4269,#4270,
#4271),(#4272,#4273,#4274,#4275),(#4276,#4277,#4278,#4279),(#4280,#4281,
#4282,#4283),(#4284,#4285,#4286,#4287),(#4288,#4289,#4290,#4291),(#4292,
#4293,#4294,#4295),(#4296,#4297,#4298,#4299),(#4300,#4301,#4302,#4303),
(#4304,#4305,#4306,#4307),(#4308,#4309,#4310,#4311),(#4312,#4313,#4314,
#4315),(#4316,#4317,#4318,#4319),(#4320,#4321,#4322,#4323),(#4324,#4325,
#4326,#4327),(#4328,#4329,#4330,#4331),(#4332,#4333,#4334,#4335),(#4336,
#4337,#4338,#4339),(#4340,#4341,#4342,#4343),(#4344,#4345,#4346,#4347),
(#4348,#4349,#4350,#4351),(#4352,#4353,#4354,#4355),(#4356,#4357,#4358,
#4359),(#4360,#4361,#4362,#4363),(#4364,#4365,#4366,#4367),(#4368,#4369,
#4370,#4371),(#4372,#4373,#4374,#4375),(#4376,#4377,#4378,#4379),(#4380,
#4381,#4382,#4383),(#4384,#4385,#4386,#4387),(#4388,#4389,#4390,#4391),
(#4392,#4393,#4394,#4395),(#4396,#4397,#4398,#4399),(#4400,#4401,#4402,
#4403),(#4404,#4405,#4406,#4407),(#4408,#4409,#4410,#4411),(#4412,#4413,
#4414,#4415),(#4416,#4417,#4418,#4419),(#4420,#4421,#4422,#4423),(#4424,
#4425,#4426,#4427),(#4428,#4429,#4430,#4431),(#4432,#4433,#4434,#4435),
(#4436,#4437,#4438,#4439),(#4440,#4441,#4442,#4443),(#4444,#4445,#4446,
#4447),(#4448,#4449,#4450,#4451),(#4452,#4453,#4454,#4455),(#4456,#4457,
#4458,#4459),(#4460,#4461,#4462,#4463),(#4464,#4465,#4466,#4467),(#4468,
#4469,#4470,#4471),(#4472,#4473,#4474,#4475),(#4476,#4477,#4478,#4479),
(#4480,#4481,#4482,#4483),(#4484,#4485,#4486,#4487),(#4488,#4489,#4490,
#4491),(#4492,#4493,#4494,#4495),(#4496,#4497,#4498,#4499),(#4500,#4501,
#4502,#4503),(#4504,#4505,#4506,#4507),(#4508,#4509,#4510,#4511),(#4512,
#4513,#4514,#4515),(#4516,#4517,#4518,#4519),(#4520,#4521,#4522,#4523),
(#4524,#4525,#4526,#4527),(#4528,#4529,#4530,#4531),(#4532,#4533,#4534,
#4535),(#4536,#4537,#4538,#4539),(#4540,#4541,#4542,#4543),(#4544,#4545,
#4546,#4547),(#4548,#4549,#4550,#4551),(#4552,#4553,#4554,#4555),(#4556,
#4557,#4558,#4559),(#4560,#4561,#4562,#4563),(#4564,#4565,#4566,#4567),
(#4568,#4569,#4570,#4571),(#4572,#4573,#4574,#4575),(#4576,#4577,#4578,
#4579),(#4580,#4581,#4582,#4583),(#4584,#4585,#4586,#4587),(#4588,#4589,
#4590,#4591),(#4592,#4593,#4594,#4595),(#4596,#4597,#4598,#4599),(#4600,
#4601,#4602,#4603),(#4604,#4605,#4606,#4607),(#4608,#4609,#4610,#4611),
(#4612,#4613,#4614,#4615),(#4616,#4617,#4618,#4619),(#4620,#4621,#4622,
#4623),(#4624,#4625,#4626,#4627),(#4628,#4629,#4630,#4631),(#4632,#4633,
#4634,#4635),(#4636,#4637,#4638,#4639),(#4640,#4641,#4642,#4643),(#4644,
#4645,#4646,#4647),(#4648,#4649,#4650,#4651),(#4652,#4653,#4654,#4655),
(#4656,#4657,#4658,#4659),(#4660,#4661,#4662,#4663),(#4664,#4665,#4666,
#4667),(#4668,#4669,#4670,#4671),(#4672,#4673,#4674,#4675),(#4676,#4677,
#4678,#4679),(#4680,#4681,#4682,#4683),(#4684,#4685,#4686,#4687),(#4688,
#4689,#4690,#4691),(#4692,#4693,#4694,#4695),(#4696,#4697,#4698,#4699),
(#4700,#4701,#4702,#4703),(#4704,#4705,#4706,#4707),(#4708,#4709,#4710,
#4711),(#4712,#4713,#4714,#4715),(#4716,#4717,#4718,#4719),(#4720,#4721,
#4722,#4723),(#4724,#4725,#4726,#4727),(#4728,#4729,#4730,#4731),(#4732,
#4733,#4734,#4735),(#4736,#4737,#4738,#4739),(#4740,#4741,#4742,#4743),
(#4744,#4745,#4746,#4747),(#4748,#4749,#4750,#4751),(#4752,#4753,#4754,
#4755),(#4756,#4757,#4758,#4759),(#4760,#4761,#4762,#4763),(#4764,#4765,
#4766,#4767),(#4768,#4769,#4770,#4771),(#4772,#4773,#4774,#4775)),
 .UNSPECIFIED.,.F.,.F.,.F.,(4,2,2,2,2,2,2,2,2,2,2,2,2,2,2,2,2,2,2,2,2,2,
2,2,2,2,2,2,2,2,2,2,2,2,2,2,2,2,2,2,2,2,2,2,2,2,2,2,2,2,2,2,2,2,2,2,2,2,
2,2,2,2,2,2,2,2,2,2,2,2,2,4),(4,4),(0.,0.000890842352485465,0.0009765625,
0.00167602709979958,0.001953125,0.00243862211838867,0.0029296875,0.00330148306633494,
0.00390625,0.005859375,0.00604255532153468,0.0078125,0.00872135332281042,
0.009765625,0.0114001513240862,0.01171875,0.015625,0.0189267824581849,0.01953125,
0.0234375,0.0264534135922837,0.03125,0.035415337916431,0.0390625,0.0443772622405783,
0.046875,0.054464036705954,0.0546875,0.0625,0.0645508111713298,0.078125,
0.0873924420723679,0.09375,0.110234072973406,0.125,0.135957127779027,0.15625,
0.161680182584649,0.1875,0.195547562712395,0.21875,0.229414942840142,0.25,
0.267724105589696,0.306033268339249,0.3125,0.364157487240003,0.375,0.422281706140757,
0.4375,0.456693181489819,0.491104656838882,0.5,0.525516132187944,0.559927607537007,
0.5625,0.625,0.634159369371639,0.6875,0.708391131206271,0.71875,0.747316111478295,
0.75,0.78125,0.786241091750319,0.8125,0.84375,0.863999948587314,0.875,0.90625,
0.9375,1.),(0.,0.875171630002895),.UNSPECIFIED.);
#559=B_SPLINE_SURFACE_WITH_KNOTS('',3,3,((#4784,#4785,#4786,#4787),(#4788,
#4789,#4790,#4791),(#4792,#4793,#4794,#4795),(#4796,#4797,#4798,#4799),
(#4800,#4801,#4802,#4803),(#4804,#4805,#4806,#4807),(#4808,#4809,#4810,
#4811),(#4812,#4813,#4814,#4815),(#4816,#4817,#4818,#4819),(#4820,#4821,
#4822,#4823),(#4824,#4825,#4826,#4827),(#4828,#4829,#4830,#4831),(#4832,
#4833,#4834,#4835),(#4836,#4837,#4838,#4839),(#4840,#4841,#4842,#4843),
(#4844,#4845,#4846,#4847),(#4848,#4849,#4850,#4851),(#4852,#4853,#4854,
#4855),(#4856,#4857,#4858,#4859),(#4860,#4861,#4862,#4863),(#4864,#4865,
#4866,#4867),(#4868,#4869,#4870,#4871),(#4872,#4873,#4874,#4875),(#4876,
#4877,#4878,#4879),(#4880,#4881,#4882,#4883),(#4884,#4885,#4886,#4887),
(#4888,#4889,#4890,#4891),(#4892,#4893,#4894,#4895),(#4896,#4897,#4898,
#4899),(#4900,#4901,#4902,#4903),(#4904,#4905,#4906,#4907),(#4908,#4909,
#4910,#4911),(#4912,#4913,#4914,#4915),(#4916,#4917,#4918,#4919),(#4920,
#4921,#4922,#4923),(#4924,#4925,#4926,#4927),(#4928,#4929,#4930,#4931),
(#4932,#4933,#4934,#4935),(#4936,#4937,#4938,#4939),(#4940,#4941,#4942,
#4943),(#4944,#4945,#4946,#4947),(#4948,#4949,#4950,#4951),(#4952,#4953,
#4954,#4955),(#4956,#4957,#4958,#4959),(#4960,#4961,#4962,#4963),(#4964,
#4965,#4966,#4967),(#4968,#4969,#4970,#4971),(#4972,#4973,#4974,#4975),
(#4976,#4977,#4978,#4979),(#4980,#4981,#4982,#4983),(#4984,#4985,#4986,
#4987),(#4988,#4989,#4990,#4991),(#4992,#4993,#4994,#4995),(#4996,#4997,
#4998,#4999),(#5000,#5001,#5002,#5003),(#5004,#5005,#5006,#5007),(#5008,
#5009,#5010,#5011),(#5012,#5013,#5014,#5015),(#5016,#5017,#5018,#5019),
(#5020,#5021,#5022,#5023),(#5024,#5025,#5026,#5027),(#5028,#5029,#5030,
#5031),(#5032,#5033,#5034,#5035),(#5036,#5037,#5038,#5039),(#5040,#5041,
#5042,#5043),(#5044,#5045,#5046,#5047),(#5048,#5049,#5050,#5051),(#5052,
#5053,#5054,#5055),(#5056,#5057,#5058,#5059),(#5060,#5061,#5062,#5063),
(#5064,#5065,#5066,#5067),(#5068,#5069,#5070,#5071),(#5072,#5073,#5074,
#5075),(#5076,#5077,#5078,#5079),(#5080,#5081,#5082,#5083),(#5084,#5085,
#5086,#5087),(#5088,#5089,#5090,#5091),(#5092,#5093,#5094,#5095),(#5096,
#5097,#5098,#5099),(#5100,#5101,#5102,#5103),(#5104,#5105,#5106,#5107),
(#5108,#5109,#5110,#5111),(#5112,#5113,#5114,#5115),(#5116,#5117,#5118,
#5119),(#5120,#5121,#5122,#5123),(#5124,#5125,#5126,#5127),(#5128,#5129,
#5130,#5131),(#5132,#5133,#5134,#5135),(#5136,#5137,#5138,#5139),(#5140,
#5141,#5142,#5143),(#5144,#5145,#5146,#5147),(#5148,#5149,#5150,#5151),
(#5152,#5153,#5154,#5155),(#5156,#5157,#5158,#5159),(#5160,#5161,#5162,
#5163),(#5164,#5165,#5166,#5167),(#5168,#5169,#5170,#5171),(#5172,#5173,
#5174,#5175),(#5176,#5177,#5178,#5179),(#5180,#5181,#5182,#5183),(#5184,
#5185,#5186,#5187),(#5188,#5189,#5190,#5191),(#5192,#5193,#5194,#5195),
(#5196,#5197,#5198,#5199),(#5200,#5201,#5202,#5203),(#5204,#5205,#5206,
#5207),(#5208,#5209,#5210,#5211),(#5212,#5213,#5214,#5215),(#5216,#5217,
#5218,#5219),(#5220,#5221,#5222,#5223),(#5224,#5225,#5226,#5227),(#5228,
#5229,#5230,#5231),(#5232,#5233,#5234,#5235),(#5236,#5237,#5238,#5239),
(#5240,#5241,#5242,#5243),(#5244,#5245,#5246,#5247),(#5248,#5249,#5250,
#5251),(#5252,#5253,#5254,#5255),(#5256,#5257,#5258,#5259),(#5260,#5261,
#5262,#5263),(#5264,#5265,#5266,#5267),(#5268,#5269,#5270,#5271),(#5272,
#5273,#5274,#5275),(#5276,#5277,#5278,#5279),(#5280,#5281,#5282,#5283),
(#5284,#5285,#5286,#5287),(#5288,#5289,#5290,#5291),(#5292,#5293,#5294,
#5295),(#5296,#5297,#5298,#5299),(#5300,#5301,#5302,#5303),(#5304,#5305,
#5306,#5307),(#5308,#5309,#5310,#5311),(#5312,#5313,#5314,#5315),(#5316,
#5317,#5318,#5319),(#5320,#5321,#5322,#5323),(#5324,#5325,#5326,#5327),
(#5328,#5329,#5330,#5331),(#5332,#5333,#5334,#5335),(#5336,#5337,#5338,
#5339),(#5340,#5341,#5342,#5343),(#5344,#5345,#5346,#5347),(#5348,#5349,
#5350,#5351),(#5352,#5353,#5354,#5355),(#5356,#5357,#5358,#5359),(#5360,
#5361,#5362,#5363),(#5364,#5365,#5366,#5367),(#5368,#5369,#5370,#5371),
(#5372,#5373,#5374,#5375),(#5376,#5377,#5378,#5379),(#5380,#5381,#5382,
#5383),(#5384,#5385,#5386,#5387),(#5388,#5389,#5390,#5391),(#5392,#5393,
#5394,#5395),(#5396,#5397,#5398,#5399),(#5400,#5401,#5402,#5403),(#5404,
#5405,#5406,#5407),(#5408,#5409,#5410,#5411),(#5412,#5413,#5414,#5415),
(#5416,#5417,#5418,#5419),(#5420,#5421,#5422,#5423),(#5424,#5425,#5426,
#5427),(#5428,#5429,#5430,#5431),(#5432,#5433,#5434,#5435),(#5436,#5437,
#5438,#5439),(#5440,#5441,#5442,#5443),(#5444,#5445,#5446,#5447),(#5448,
#5449,#5450,#5451),(#5452,#5453,#5454,#5455),(#5456,#5457,#5458,#5459),
(#5460,#5461,#5462,#5463),(#5464,#5465,#5466,#5467),(#5468,#5469,#5470,
#5471),(#5472,#5473,#5474,#5475),(#5476,#5477,#5478,#5479),(#5480,#5481,
#5482,#5483),(#5484,#5485,#5486,#5487),(#5488,#5489,#5490,#5491),(#5492,
#5493,#5494,#5495),(#5496,#5497,#5498,#5499),(#5500,#5501,#5502,#5503),
(#5504,#5505,#5506,#5507),(#5508,#5509,#5510,#5511)),.UNSPECIFIED.,.F.,
 .F.,.F.,(4,2,2,2,2,2,2,2,2,2,2,2,2,2,2,2,2,2,2,2,2,2,2,2,2,2,2,2,2,2,2,
2,2,2,2,2,2,2,2,2,2,2,2,2,2,2,2,2,2,2,2,2,2,2,2,2,2,2,2,2,2,2,2,2,2,2,2,
2,2,2,2,2,2,2,2,2,2,2,2,2,2,2,2,2,2,2,2,2,2,2,4),(4,4),(0.,0.00422962743305193,
0.00845940171343208,0.00845944233419387,0.0126891635012908,0.0126891763826178,
0.0169188846683878,0.0169189510040393,0.0211486058354847,0.0211487253474271,
0.0253783270025816,0.0253784996056816,0.0296080481696786,0.0296082738795825,
0.031722908753227,0.0317230032291276,0.0327803390450013,0.0327803862829515,
0.0338377693367755,0.0666873062457376,0.094222908753227,0.0995368431546998,
0.132386380063662,0.154608048169679,0.165235916972624,0.184800617877904,
0.21499318758613,0.240363607424664,0.275378327002581,0.277971479455121,
0.315579351485578,0.335763466419033,0.387299279108549,0.396148605835485,
0.456533745251936,0.459019206731521,0.516918884668388,0.52551336124808,
0.577304024084839,0.592007515764638,0.637689163501291,0.644358187194876,
0.696708858625113,0.698074302917742,0.735769603362801,0.758459442334194,
0.774830348100489,0.809310655002441,0.818844581750646,0.843790961904394,
0.849037151458871,0.86864361210303,0.879229721167097,0.893496262301666,
0.909422290875323,0.915564999165254,0.924518575729436,0.926599367597047,
0.937633736028841,0.939614860583548,0.947163003010605,0.947379238165045,
0.954711145437661,0.957124740301249,0.962259287864718,0.965783371197704,
0.969807430291774,0.97444200209416,0.977355572718831,0.981129643932359,
0.981713960557358,0.984903715145887,0.988677786359415,0.988985919020556,
0.990564821966179,0.991971996502443,0.992451857572944,0.993395375376326,
0.994338893179708,0.99495807398433,0.99528241098309,0.996225928786472,0.996300540189315,
0.997169446589854,0.997594106985288,0.998112964393236,0.998247874497669,
0.998584723294927,0.998887845138029,0.999056482196618,1.),(0.,1.),
 .UNSPECIFIED.);
#560=B_SPLINE_SURFACE_WITH_KNOTS('',3,3,((#5739,#5740,#5741,#5742),(#5743,
#5744,#5745,#5746),(#5747,#5748,#5749,#5750),(#5751,#5752,#5753,#5754),
(#5755,#5756,#5757,#5758),(#5759,#5760,#5761,#5762),(#5763,#5764,#5765,
#5766),(#5767,#5768,#5769,#5770),(#5771,#5772,#5773,#5774),(#5775,#5776,
#5777,#5778),(#5779,#5780,#5781,#5782),(#5783,#5784,#5785,#5786),(#5787,
#5788,#5789,#5790),(#5791,#5792,#5793,#5794),(#5795,#5796,#5797,#5798),
(#5799,#5800,#5801,#5802),(#5803,#5804,#5805,#5806),(#5807,#5808,#5809,
#5810),(#5811,#5812,#5813,#5814),(#5815,#5816,#5817,#5818),(#5819,#5820,
#5821,#5822),(#5823,#5824,#5825,#5826),(#5827,#5828,#5829,#5830),(#5831,
#5832,#5833,#5834),(#5835,#5836,#5837,#5838),(#5839,#5840,#5841,#5842),
(#5843,#5844,#5845,#5846),(#5847,#5848,#5849,#5850),(#5851,#5852,#5853,
#5854),(#5855,#5856,#5857,#5858),(#5859,#5860,#5861,#5862),(#5863,#5864,
#5865,#5866),(#5867,#5868,#5869,#5870),(#5871,#5872,#5873,#5874),(#5875,
#5876,#5877,#5878),(#5879,#5880,#5881,#5882),(#5883,#5884,#5885,#5886),
(#5887,#5888,#5889,#5890),(#5891,#5892,#5893,#5894),(#5895,#5896,#5897,
#5898),(#5899,#5900,#5901,#5902),(#5903,#5904,#5905,#5906),(#5907,#5908,
#5909,#5910),(#5911,#5912,#5913,#5914),(#5915,#5916,#5917,#5918),(#5919,
#5920,#5921,#5922),(#5923,#5924,#5925,#5926),(#5927,#5928,#5929,#5930),
(#5931,#5932,#5933,#5934),(#5935,#5936,#5937,#5938),(#5939,#5940,#5941,
#5942),(#5943,#5944,#5945,#5946),(#5947,#5948,#5949,#5950),(#5951,#5952,
#5953,#5954),(#5955,#5956,#5957,#5958),(#5959,#5960,#5961,#5962),(#5963,
#5964,#5965,#5966),(#5967,#5968,#5969,#5970),(#5971,#5972,#5973,#5974),
(#5975,#5976,#5977,#5978),(#5979,#5980,#5981,#5982),(#5983,#5984,#5985,
#5986)),.UNSPECIFIED.,.F.,.F.,.F.,(4,2,2,2,2,2,2,2,2,2,2,2,2,2,2,2,2,2,
2,2,2,2,2,2,2,2,2,2,2,2,4),(4,4),(0.0318622443051645,0.035415337916431,
0.0390625,0.0443772622405783,0.046875,0.054464036705954,0.0546875,0.0625,
0.0645508111713298,0.078125,0.0873924420723679,0.09375,0.110234072973406,
0.125,0.135957127779027,0.15625,0.161680182584649,0.1875,0.195547562712395,
0.21875,0.229414942840142,0.25,0.267724105589696,0.306033268339249,0.3125,
0.364157487240003,0.375,0.422281706140757,0.4375,0.456693181489819,0.48526588644118),
(0.645829872368938,1.),.UNSPECIFIED.);
#561=ADVANCED_FACE('',(#513,#514),#552,.F.);
#562=ADVANCED_FACE('',(#515,#516,#517),#96,.T.);
#563=ADVANCED_FACE('',(#518,#519),#97,.T.);
#564=ADVANCED_FACE('',(#520),#553,.F.);
#565=ADVANCED_FACE('',(#521),#554,.F.);
#566=ADVANCED_FACE('',(#522),#555,.F.);
#567=ADVANCED_FACE('',(#523),#556,.F.);
#568=ADVANCED_FACE('',(#524),#557,.F.);
#569=ADVANCED_FACE('',(#525),#558,.F.);
#570=ADVANCED_FACE('',(#526),#559,.F.);
#571=ADVANCED_FACE('',(#527),#560,.F.);
#572=ADVANCED_FACE('',(#528,#529,#530),#98,.F.);
#573=ADVANCED_FACE('',(#531),#99,.F.);
#574=ADVANCED_FACE('',(#532),#12,.F.);
#575=ADVANCED_FACE('',(#533),#100,.F.);
#576=ADVANCED_FACE('',(#534),#101,.F.);
#577=ADVANCED_FACE('',(#535),#102,.F.);
#578=ADVANCED_FACE('',(#536),#13,.F.);
#579=ADVANCED_FACE('',(#537),#103,.F.);
#580=ADVANCED_FACE('',(#538),#104,.F.);
#581=ADVANCED_FACE('',(#539),#105,.T.);
#582=ADVANCED_FACE('',(#540),#106,.F.);
#583=ADVANCED_FACE('',(#541),#107,.F.);
#584=ADVANCED_FACE('',(#542),#108,.T.);
#585=ADVANCED_FACE('',(#543),#109,.F.);
#586=ADVANCED_FACE('',(#544),#110,.F.);
#587=ADVANCED_FACE('',(#545),#111,.F.);
#588=ADVANCED_FACE('',(#546),#14,.F.);
#589=ADVANCED_FACE('',(#547),#112,.F.);
#590=ADVANCED_FACE('',(#548),#113,.F.);
#591=ADVANCED_FACE('',(#549),#114,.F.);
#592=ADVANCED_FACE('',(#550),#15,.F.);
#593=ADVANCED_FACE('',(#551),#115,.F.);
#594=CLOSED_SHELL('',(#561,#562,#563,#564,#565,#566,#567,#568,#569,#570,
#571,#572,#573,#574,#575,#576,#577,#578,#579,#580,#581,#582,#583,#584,#585,
#586,#587,#588,#589,#590,#591,#592,#593));
#595=STYLED_ITEM('',(#596),#603);
#596=PRESENTATION_STYLE_ASSIGNMENT((#597));
#597=SURFACE_STYLE_USAGE(.BOTH.,#598);
#598=SURFACE_SIDE_STYLE('',(#599));
#599=SURFACE_STYLE_FILL_AREA(#600);
#600=FILL_AREA_STYLE('',(#601));
#601=FILL_AREA_STYLE_COLOUR('',#602);
#602=COLOUR_RGB('',0.768627450980392,0.886274509803922,0.952941176470588);
#603=MANIFOLD_SOLID_BREP('Part 1',#594);
#604=SHAPE_DEFINITION_REPRESENTATION(#6301,#605);
#605=SHAPE_REPRESENTATION('Part 1',(#606),#6296);
#606=AXIS2_PLACEMENT_3D('',#760,#644,#645);
#607=AXIS2_PLACEMENT_3D('',#1228,#646,#647);
#608=AXIS2_PLACEMENT_3D('',#1244,#648,#649);
#609=AXIS2_PLACEMENT_3D('',#1250,#652,#653);
#610=AXIS2_PLACEMENT_3D('',#1274,#656,#657);
#611=AXIS2_PLACEMENT_3D('',#1275,#658,#659);
#612=AXIS2_PLACEMENT_3D('',#2396,#664,#665);
#613=AXIS2_PLACEMENT_3D('',#3204,#666,#667);
#614=AXIS2_PLACEMENT_3D('',#5512,#668,#669);
#615=AXIS2_PLACEMENT_3D('',#6212,#670,#671);
#616=AXIS2_PLACEMENT_3D('',#6218,#674,#675);
#617=AXIS2_PLACEMENT_3D('',#6224,#678,#679);
#618=AXIS2_PLACEMENT_3D('',#6225,#680,#681);
#619=AXIS2_PLACEMENT_3D('',#6231,#685,#686);
#620=AXIS2_PLACEMENT_3D('',#6232,#687,#688);
#621=AXIS2_PLACEMENT_3D('',#6235,#690,#691);
#622=AXIS2_PLACEMENT_3D('',#6237,#693,#694);
#623=AXIS2_PLACEMENT_3D('',#6238,#695,#696);
#624=AXIS2_PLACEMENT_3D('',#6244,#700,#701);
#625=AXIS2_PLACEMENT_3D('',#6245,#702,#703);
#626=AXIS2_PLACEMENT_3D('',#6248,#705,#706);
#627=AXIS2_PLACEMENT_3D('',#6250,#708,#709);
#628=AXIS2_PLACEMENT_3D('',#6251,#710,#711);
#629=AXIS2_PLACEMENT_3D('',#6257,#715,#716);
#630=AXIS2_PLACEMENT_3D('',#6261,#719,#720);
#631=AXIS2_PLACEMENT_3D('',#6265,#723,#724);
#632=AXIS2_PLACEMENT_3D('',#6267,#726,#727);
#633=AXIS2_PLACEMENT_3D('',#6268,#728,#729);
#634=AXIS2_PLACEMENT_3D('',#6274,#733,#734);
#635=AXIS2_PLACEMENT_3D('',#6278,#737,#738);
#636=AXIS2_PLACEMENT_3D('',#6279,#739,#740);
#637=AXIS2_PLACEMENT_3D('',#6280,#741,#742);
#638=AXIS2_PLACEMENT_3D('',#6281,#743,#744);
#639=AXIS2_PLACEMENT_3D('',#6282,#745,#746);
#640=AXIS2_PLACEMENT_3D('',#6288,#750,#751);
#641=AXIS2_PLACEMENT_3D('',#6292,#754,#755);
#642=AXIS2_PLACEMENT_3D('',#6293,#756,#757);
#643=AXIS2_PLACEMENT_3D('',#6294,#758,#759);
#644=DIRECTION('',(0.,0.,1.));
#645=DIRECTION('',(1.,0.,0.));
#646=DIRECTION('',(1.,0.,6.12323399573677E-17));
#647=DIRECTION('',(0.,1.,0.));
#648=DIRECTION('',(1.,0.,0.));
#649=DIRECTION('',(0.,0.,-1.));
#650=DIRECTION('',(0.,-0.76604444311898,-0.642787609686538));
#651=DIRECTION('',(0.,-0.766044443118973,0.642787609686546));
#652=DIRECTION('',(1.,0.,0.));
#653=DIRECTION('',(0.,-1.,0.));
#654=DIRECTION('',(0.,-0.766044443118979,-0.642787609686539));
#655=DIRECTION('',(0.,-0.766044443118982,0.642787609686535));
#656=DIRECTION('',(1.,0.,0.));
#657=DIRECTION('',(0.,-1.,0.));
#658=DIRECTION('',(1.,0.,0.));
#659=DIRECTION('',(0.,0.,-1.));
#660=DIRECTION('',(0.,-0.988478982852041,-0.151358185968897));
#661=DIRECTION('',(0.,0.151358185968893,-0.988478982852041));
#662=DIRECTION('',(0.,-0.988478982852044,-0.151358185968874));
#663=DIRECTION('',(0.,0.151358185968893,-0.988478982852041));
#664=DIRECTION('',(-1.,0.,-6.12323399573677E-17));
#665=DIRECTION('',(0.,1.,0.));
#666=DIRECTION('',(7.6605780371469E-17,-0.967969624137777,-0.251067335084775));
#667=DIRECTION('',(5.92710450936098E-17,0.251067335084775,-0.967969624137777));
#668=DIRECTION('',(7.6605780371469E-17,-0.967969624137777,-0.251067335084775));
#669=DIRECTION('',(5.92710450936098E-17,0.251067335084775,-0.967969624137777));
#670=DIRECTION('',(-7.19854711514784E-16,-0.967969624137777,-0.251067335084776));
#671=DIRECTION('',(1.,-6.96797494538774E-16,-1.80732004068236E-16));
#672=DIRECTION('',(-0.642787609686523,0.192328736890387,-0.741507751678723));
#673=DIRECTION('',(0.642787609686555,0.192328736890379,-0.741507751678697));
#674=DIRECTION('',(-7.19854711514784E-16,-0.967969624137777,-0.251067335084776));
#675=DIRECTION('',(0.,0.251067335084776,-0.967969624137777));
#676=DIRECTION('',(-0.642787609686524,0.192328736890387,-0.741507751678723));
#677=DIRECTION('',(0.642787609686551,0.19232873689038,-0.7415077516787));
#678=DIRECTION('',(-7.19854711514784E-16,-0.967969624137777,-0.251067335084776));
#679=DIRECTION('',(0.,0.251067335084776,-0.967969624137777));
#680=DIRECTION('',(-0.766044443118968,0.161382972189516,-0.622198880948711));
#681=DIRECTION('',(-0.630463081537269,0.,0.776219236310548));
#682=DIRECTION('',(-7.19854711514784E-16,-0.967969624137777,-0.251067335084776));
#683=DIRECTION('',(0.642787609686551,0.19232873689038,-0.7415077516787));
#684=DIRECTION('',(-7.19854711514784E-16,-0.967969624137777,-0.251067335084776));
#685=DIRECTION('',(-7.19854711514784E-16,-0.967969624137777,-0.251067335084776));
#686=DIRECTION('',(0.,0.251067335084776,-0.967969624137777));
#687=DIRECTION('',(-7.19854711514784E-16,-0.967969624137777,-0.251067335084776));
#688=DIRECTION('',(0.,0.251067335084776,-0.967969624137777));
#689=DIRECTION('',(-7.19854711514784E-16,-0.967969624137777,-0.251067335084776));
#690=DIRECTION('',(-0.766044443118991,-0.161382972189508,0.622198880948684));
#691=DIRECTION('',(0.630463081537242,0.,0.776219236310571));
#692=DIRECTION('',(-0.642787609686523,0.192328736890387,-0.741507751678723));
#693=DIRECTION('',(-7.19854711514784E-16,-0.967969624137777,-0.251067335084776));
#694=DIRECTION('',(1.,-6.96797494538774E-16,-1.80732004068236E-16));
#695=DIRECTION('',(-0.766044443118965,0.161382972189516,-0.622198880948715));
#696=DIRECTION('',(-0.630463081537274,0.,0.776219236310545));
#697=DIRECTION('',(-7.19854711514784E-16,-0.967969624137777,-0.251067335084776));
#698=DIRECTION('',(0.642787609686555,0.192328736890379,-0.741507751678697));
#699=DIRECTION('',(-7.19854711514784E-16,-0.967969624137777,-0.251067335084776));
#700=DIRECTION('',(-7.19854711514784E-16,-0.967969624137777,-0.251067335084776));
#701=DIRECTION('',(0.,0.251067335084776,-0.967969624137777));
#702=DIRECTION('',(-7.19854711514784E-16,-0.967969624137777,-0.251067335084776));
#703=DIRECTION('',(0.,0.251067335084776,-0.967969624137777));
#704=DIRECTION('',(-7.19854711514784E-16,-0.967969624137777,-0.251067335084776));
#705=DIRECTION('',(-0.766044443118992,-0.161382972189508,0.622198880948684));
#706=DIRECTION('',(0.630463081537241,0.,0.776219236310571));
#707=DIRECTION('',(-0.642787609686523,0.192328736890387,-0.741507751678723));
#708=DIRECTION('',(-7.19854711514784E-16,-0.967969624137777,-0.251067335084776));
#709=DIRECTION('',(1.,-6.96797494538774E-16,-1.80732004068236E-16));
#710=DIRECTION('',(0.,-0.988478982852041,-0.151358185968893));
#711=DIRECTION('',(0.,0.151358185968893,-0.988478982852041));
#712=DIRECTION('',(1.,0.,0.));
#713=DIRECTION('',(0.,0.151358185968893,-0.988478982852041));
#714=DIRECTION('',(1.,0.,0.));
#715=DIRECTION('',(0.,-0.151358185968897,0.988478982852041));
#716=DIRECTION('',(0.,-0.988478982852041,-0.151358185968897));
#717=DIRECTION('',(1.,0.,0.));
#718=DIRECTION('',(0.,-0.988478982852041,-0.151358185968897));
#719=DIRECTION('',(0.,-0.988478982852041,-0.151358185968893));
#720=DIRECTION('',(0.,0.151358185968893,-0.988478982852041));
#721=DIRECTION('',(1.,0.,0.));
#722=DIRECTION('',(0.,0.151358185968893,-0.988478982852041));
#723=DIRECTION('',(0.,-0.151358185968874,0.988478982852044));
#724=DIRECTION('',(0.,-0.988478982852044,-0.151358185968874));
#725=DIRECTION('',(0.,-0.988478982852044,-0.151358185968874));
#726=DIRECTION('',(-1.,0.,0.));
#727=DIRECTION('',(0.,0.,1.));
#728=DIRECTION('',(0.,-0.642787609686538,0.76604444311898));
#729=DIRECTION('',(0.,-0.76604444311898,-0.642787609686538));
#730=DIRECTION('',(-1.,0.,0.));
#731=DIRECTION('',(0.,0.76604444311898,0.642787609686538));
#732=DIRECTION('',(-1.,0.,0.));
#733=DIRECTION('',(0.,0.642787609686546,0.766044443118973));
#734=DIRECTION('',(0.,-0.766044443118973,0.642787609686546));
#735=DIRECTION('',(0.,0.766044443118973,-0.642787609686546));
#736=DIRECTION('',(-1.,0.,0.));
#737=DIRECTION('',(-1.,0.,0.));
#738=DIRECTION('',(0.,1.,0.));
#739=DIRECTION('',(1.,0.,0.));
#740=DIRECTION('',(0.,-1.,0.));
#741=DIRECTION('',(1.,0.,0.));
#742=DIRECTION('',(0.,-1.,0.));
#743=DIRECTION('',(-1.,0.,0.));
#744=DIRECTION('',(0.,0.,-1.));
#745=DIRECTION('',(0.,-0.642787609686539,0.766044443118979));
#746=DIRECTION('',(0.,-0.766044443118979,-0.642787609686539));
#747=DIRECTION('',(-1.,0.,0.));
#748=DIRECTION('',(0.,0.766044443118979,0.642787609686539));
#749=DIRECTION('',(-1.,0.,0.));
#750=DIRECTION('',(0.,0.642787609686535,0.766044443118982));
#751=DIRECTION('',(0.,-0.766044443118982,0.642787609686535));
#752=DIRECTION('',(0.,0.766044443118982,-0.642787609686535));
#753=DIRECTION('',(-1.,0.,0.));
#754=DIRECTION('',(-1.,0.,0.));
#755=DIRECTION('',(0.,1.,0.));
#756=DIRECTION('',(1.,0.,0.));
#757=DIRECTION('',(0.,-1.,0.));
#758=DIRECTION('',(-1.,0.,0.));
#759=DIRECTION('',(0.,0.,-1.));
#760=CARTESIAN_POINT('',(0.,0.,0.));
#761=CARTESIAN_POINT('',(-0.1095,0.011724984596566,0.284910004019321));
#762=CARTESIAN_POINT('',(-0.0912925537385068,0.0143889732434329,0.288492555560609));
#763=CARTESIAN_POINT('',(-0.0612930015101159,0.0187783019499271,0.294395357113899));
#764=CARTESIAN_POINT('',(-0.0309468796964838,0.0158909168580999,0.295186551611143));
#765=CARTESIAN_POINT('',(-0.0189999999951302,0.0143665656086935,0.295224020482424));
#766=CARTESIAN_POINT('',(-0.1095,0.0117533935820856,0.284874141245767));
#767=CARTESIAN_POINT('',(-0.0912925537385068,0.0144188956690201,0.28845800306686));
#768=CARTESIAN_POINT('',(-0.0612930015101159,0.01881071799948,0.294362963506512));
#769=CARTESIAN_POINT('',(-0.0309468796964838,0.015921692553707,0.295152737846662));
#770=CARTESIAN_POINT('',(-0.0189999999951302,0.0143964753042669,0.295189456967504));
#771=CARTESIAN_POINT('',(-0.1095,0.0117748116303677,0.284833120660708));
#772=CARTESIAN_POINT('',(-0.0912925537385068,0.0144420659618658,0.288417997012542));
#773=CARTESIAN_POINT('',(-0.0612930015101159,0.0188367753832197,0.294324629046743));
#774=CARTESIAN_POINT('',(-0.0309468796964838,0.0159458507533656,0.295113303779754));
#775=CARTESIAN_POINT('',(-0.0189999999951302,0.0144196308584401,0.295149442379653));
#776=CARTESIAN_POINT('',(-0.1095,0.0118012417462755,0.284746383067967));
#777=CARTESIAN_POINT('',(-0.0912925537385068,0.0144722371718071,0.288332580294389));
#778=CARTESIAN_POINT('',(-0.0612930015101159,0.0188731106177166,0.294241388671479));
#779=CARTESIAN_POINT('',(-0.0309468796964838,0.0159781311736078,0.295028631764157));
#780=CARTESIAN_POINT('',(-0.0189999999951302,0.0144497706008792,0.295064014551214));
#781=CARTESIAN_POINT('',(-0.1095,0.0118062458341967,0.284700695831512));
#782=CARTESIAN_POINT('',(-0.0912925537385068,0.0144792288230461,0.288287198996148));
#783=CARTESIAN_POINT('',(-0.0612930015101159,0.018883377083485,0.294196511453235));
#784=CARTESIAN_POINT('',(-0.0309468796964838,0.0159862434032087,0.294983422952368));
#785=CARTESIAN_POINT('',(-0.0189999999951302,0.0144567455341067,0.295018630679632));
#786=CARTESIAN_POINT('',(-0.1095,0.0117994082599991,0.28461071410155));
#787=CARTESIAN_POINT('',(-0.0912925537385068,0.0144763376456591,0.288197090110795));
#788=CARTESIAN_POINT('',(-0.0612930015101159,0.0188869881983762,0.294106193059928));
#789=CARTESIAN_POINT('',(-0.0309468796964838,0.0159855771848122,0.294893242377434));
#790=CARTESIAN_POINT('',(-0.0189999999951302,0.0144538211623521,0.294928522863823));
#791=CARTESIAN_POINT('',(-0.1095,0.0117875701239707,0.284566439296163));
#792=CARTESIAN_POINT('',(-0.0912925537385068,0.0144664574757724,0.28815238232836));
#793=CARTESIAN_POINT('',(-0.0612930015101159,0.0188803340771447,0.294060771881593));
#794=CARTESIAN_POINT('',(-0.0309468796964838,0.0159768009065459,0.294848290484684));
#795=CARTESIAN_POINT('',(-0.0189999999951302,0.014443924523405,0.294883818723293));
#796=CARTESIAN_POINT('',(-0.1095,0.01174863445921,0.284485098684818));
#797=CARTESIAN_POINT('',(-0.0912925537385068,0.014431151741398,0.288069494974557));
#798=CARTESIAN_POINT('',(-0.0612930015101159,0.0188510092082165,0.293975336033042));
#799=CARTESIAN_POINT('',(-0.0309468796964838,0.0159435417089583,0.294764531085138));
#800=CARTESIAN_POINT('',(-0.0189999999951302,0.0144085882565602,0.294800944379621));
#801=CARTESIAN_POINT('',(-0.1095,0.0117215445812799,0.284448051201357));
#802=CARTESIAN_POINT('',(-0.0912925537385068,0.0144057330121843,0.288031334025153));
#803=CARTESIAN_POINT('',(-0.0612930015101159,0.0188283439520864,0.293935340478212));
#804=CARTESIAN_POINT('',(-0.0309468796964838,0.0159190651651203,0.294725742369145));
#805=CARTESIAN_POINT('',(-0.0189999999951302,0.0143831554707964,0.294762792795923));
#806=CARTESIAN_POINT('',(-0.1095,0.0116555352675547,0.284386155774207));
#807=CARTESIAN_POINT('',(-0.0912925537385068,0.0143425552978809,0.287966671280556));
#808=CARTESIAN_POINT('',(-0.0612930015101159,0.0187698317308742,0.293866118154905));
#809=CARTESIAN_POINT('',(-0.0309468796964838,0.0158574838925568,0.294659519424666));
#810=CARTESIAN_POINT('',(-0.0189999999951302,0.014319953939032,0.294698153328091));
#811=CARTESIAN_POINT('',(-0.1095,0.0116166277570008,0.284361324609125));
#812=CARTESIAN_POINT('',(-0.0912925537385068,0.0143048074818337,0.28794018675323));
#813=CARTESIAN_POINT('',(-0.0612930015101159,0.018733994688882,0.293836909460433));
#814=CARTESIAN_POINT('',(-0.0309468796964838,0.0158203899065331,0.294632102739892));
#815=CARTESIAN_POINT('',(-0.0189999999951302,0.0142821963684347,0.294671682707709));
#816=CARTESIAN_POINT('',(-0.1095,0.0115319639162031,0.284327499073915));
#817=CARTESIAN_POINT('',(-0.0912925537385068,0.0142217838317528,0.287902724887792));
#818=CARTESIAN_POINT('',(-0.0612930015101159,0.0186536735038459,0.293793456184827));
#819=CARTESIAN_POINT('',(-0.0309468796964838,0.0157382909878609,0.294592590729466));
#820=CARTESIAN_POINT('',(-0.0189999999951302,0.014199158922201,0.294634251428571));
#821=CARTESIAN_POINT('',(-0.1095,0.0114862243357601,0.284318519268298));
#822=CARTESIAN_POINT('',(-0.0912925537385068,0.0141765240788978,0.28789176281857));
#823=CARTESIAN_POINT('',(-0.0612930015101159,0.0186092043403233,0.293779228033165));
#824=CARTESIAN_POINT('',(-0.0309468796964838,0.0156933017594251,0.294580511069835));
#825=CARTESIAN_POINT('',(-0.0189999999951302,0.0141538951333673,0.294623306032784));
#826=CARTESIAN_POINT('',(-0.1095,0.0113940002442994,0.284318206971854));
#827=CARTESIAN_POINT('',(-0.0912925537385068,0.0140844896520419,0.287887419751379));
#828=CARTESIAN_POINT('',(-0.0612930015101159,0.0185174824149097,0.293768243654734));
#829=CARTESIAN_POINT('',(-0.0309468796964838,0.0156013742645347,0.294573895474047));
#830=CARTESIAN_POINT('',(-0.0189999999951302,0.0140618591111835,0.294618996869656));
#831=CARTESIAN_POINT('',(-0.1095,0.0113475379217735,0.284326885373689));
#832=CARTESIAN_POINT('',(-0.0912925537385068,0.0140377366480372,0.287894050595205));
#833=CARTESIAN_POINT('',(-0.0612930015101159,0.0184702504687139,0.293771500833598));
#834=CARTESIAN_POINT('',(-0.0309468796964838,0.0155544573757509,0.294579371914799));
#835=CARTESIAN_POINT('',(-0.0189999999951302,0.0140151085521909,0.294625644936127));
#836=CARTESIAN_POINT('',(-0.1095,0.0112605135123912,0.284361484799541));
#837=CARTESIAN_POINT('',(-0.0912925537385068,0.0139493658927859,0.287924779912224));
#838=CARTESIAN_POINT('',(-0.0612930015101159,0.0183796614027432,0.29379585355445));
#839=CARTESIAN_POINT('',(-0.0309468796964838,0.0154653275573619,0.294607919283612));
#840=CARTESIAN_POINT('',(-0.0189999999951302,0.0139267491214723,0.294656406805832));
#841=CARTESIAN_POINT('',(-0.1095,0.0112199792258579,0.284387410630127));
#842=CARTESIAN_POINT('',(-0.0912925537385068,0.0139077756786961,0.287948884398043));
#843=CARTESIAN_POINT('',(-0.0612930015101159,0.0183363313865183,0.293816957096222));
#844=CARTESIAN_POINT('',(-0.0309468796964838,0.0154231420165417,0.294630996904265));
#845=CARTESIAN_POINT('',(-0.0189999999951302,0.0138851677891167,0.294680526611546));
#846=CARTESIAN_POINT('',(-0.1095,0.0108343321970136,0.284759011413993));
#847=CARTESIAN_POINT('',(-0.0912925537385068,0.013506620987647,0.288302918283017));
#848=CARTESIAN_POINT('',(-0.0612930015101159,0.0179096254503594,0.29414204682872));
#849=CARTESIAN_POINT('',(-0.0309468796964838,0.0150132441822911,0.294975126658586));
#850=CARTESIAN_POINT('',(-0.0189999999951302,0.0134841435378241,0.295034708257155));
#851=CARTESIAN_POINT('',(-0.1095,0.0104789986600542,0.285109471862502));
#852=CARTESIAN_POINT('',(-0.0912925537385067,0.0131366460357654,0.288637177265263));
#853=CARTESIAN_POINT('',(-0.0612930015101158,0.0175155265282435,0.294449611417565));
#854=CARTESIAN_POINT('',(-0.0309468796964839,0.0146350144731387,0.295300251334336));
#855=CARTESIAN_POINT('',(-0.0189999999951302,0.0131142917394244,0.295369103514959));
#856=CARTESIAN_POINT('',(-0.1095,0.00976285584695341,0.285830156004395));
#857=CARTESIAN_POINT('',(-0.0912925537385068,0.012390366938102,0.289325181396201));
#858=CARTESIAN_POINT('',(-0.0612930015101159,0.0167195932929419,0.295083770232614));
#859=CARTESIAN_POINT('',(-0.0309468796964838,0.0138717446873874,0.295969830636835));
#860=CARTESIAN_POINT('',(-0.0189999999951302,0.0123682661273972,0.296057382527605));
#861=CARTESIAN_POINT('',(-0.1095,0.0094021859282378,0.28620047386728));
#862=CARTESIAN_POINT('',(-0.0912925537385068,0.0120141977673709,0.289679026626361));
#863=CARTESIAN_POINT('',(-0.0612930015101159,0.0163178867341741,0.295410474281156));
#864=CARTESIAN_POINT('',(-0.0309468796964838,0.0134868371150779,0.296314388678189));
#865=CARTESIAN_POINT('',(-0.0189999999951302,0.0119922273256819,0.296411366314187));
#866=CARTESIAN_POINT('',(-0.1095,0.00867874269331702,0.286957676591548));
#867=CARTESIAN_POINT('',(-0.0912925537385068,0.0112590358541091,0.29040316052117));
#868=CARTESIAN_POINT('',(-0.0612930015101159,0.0155104634475247,0.296080122222129));
#869=CARTESIAN_POINT('',(-0.0309468796964838,0.0127137923679474,0.297019878530612));
#870=CARTESIAN_POINT('',(-0.0189999999951302,0.0112373322080611,0.297135778361177));
#871=CARTESIAN_POINT('',(-0.1095,0.00831563721171655,0.287344435922076));
#872=CARTESIAN_POINT('',(-0.0912925537385068,0.0108797170674301,0.290773309374687));
#873=CARTESIAN_POINT('',(-0.0612930015101159,0.0151044307611853,0.29642290277449));
#874=CARTESIAN_POINT('',(-0.0309468796964838,0.0123253326001068,0.297380662479399));
#875=CARTESIAN_POINT('',(-0.0189999999951302,0.0108581497965196,0.297506066930569));
#876=CARTESIAN_POINT('',(-0.1095,0.00759012460788595,0.288130393905704));
#877=CARTESIAN_POINT('',(-0.0912925537385068,0.0101212327638516,0.29152605319056));
#878=CARTESIAN_POINT('',(-0.0612930015101159,0.0142916205398237,0.297120921169454));
#879=CARTESIAN_POINT('',(-0.0309468796964838,0.0115482590153919,0.298114680311872));
#880=CARTESIAN_POINT('',(-0.0189999999951302,0.0100999428281338,0.298259090121108));
#881=CARTESIAN_POINT('',(-0.1095,0.00722770509632644,0.288529737416003));
#882=CARTESIAN_POINT('',(-0.0912925537385068,0.0097420485491649,0.291908792192074));
#883=CARTESIAN_POINT('',(-0.0612930015101159,0.0138848139128647,0.297476301703376));
#884=CARTESIAN_POINT('',(-0.0309468796964838,0.0111596229440528,0.298488057773512));
#885=CARTESIAN_POINT('',(-0.0189999999951302,0.00972089962656461,0.298641968788295));
#886=CARTESIAN_POINT('',(-0.1095,0.00650597101112357,0.28933622812747));
#887=CARTESIAN_POINT('',(-0.0912925537385068,0.00898643801118326,0.292682194717638));
#888=CARTESIAN_POINT('',(-0.0612930015101159,0.0130733867381152,0.298195186382398));
#889=CARTESIAN_POINT('',(-0.0309468796964838,0.0103849130296536,0.29924280534362));
#890=CARTESIAN_POINT('',(-0.0189999999951302,0.00896557403393402,0.299415649628853));
#891=CARTESIAN_POINT('',(-0.1095,0.00614644700336213,0.289743127984369));
#892=CARTESIAN_POINT('',(-0.0912925537385068,0.00860981346557668,0.293072602214546));
#893=CARTESIAN_POINT('',(-0.0612930015101159,0.0126685864411786,0.298558420194));
#894=CARTESIAN_POINT('',(-0.0309468796964839,0.00999864728544278,0.299623914529588));
#895=CARTESIAN_POINT('',(-0.0189999999951302,0.00858909332625494,0.299806195848115));
#896=CARTESIAN_POINT('',(-0.1095,0.00543625224544731,0.290560979791079));
#897=CARTESIAN_POINT('',(-0.0912925537385067,0.00786522360714226,0.293857848567751));
#898=CARTESIAN_POINT('',(-0.0612930015101158,0.011867325394505,0.29928994407612));
#899=CARTESIAN_POINT('',(-0.0309468796964838,0.00923466563956137,0.300390778089476));
#900=CARTESIAN_POINT('',(-0.0189999999951302,0.00784479277567856,0.300591716455903));
#901=CARTESIAN_POINT('',(-0.1095,0.00508538616719742,0.290971564163791));
#902=CARTESIAN_POINT('',(-0.0912925537385068,0.00749707940680756,0.294252312010162));
#903=CARTESIAN_POINT('',(-0.0612930015101159,0.011470712845647,0.299657845820442));
#904=CARTESIAN_POINT('',(-0.0309468796964838,0.008856780119507,0.300776152631167));
#905=CARTESIAN_POINT('',(-0.0189999999951302,0.0074767939069875,0.300986315496458));
#906=CARTESIAN_POINT('',(-0.1095,0.00440025624793253,0.291794634233383));
#907=CARTESIAN_POINT('',(-0.0912925537385068,0.00677727844528658,0.295043862319506));
#908=CARTESIAN_POINT('',(-0.0612930015101159,0.0106937860396756,0.300397462504381));
#909=CARTESIAN_POINT('',(-0.0309468796964838,0.00811743179595367,0.301549932255681));
#910=CARTESIAN_POINT('',(-0.0189999999951302,0.00675728457435608,0.301778130928282));
#911=CARTESIAN_POINT('',(-0.1095,0.00406604699828477,0.292207183796426));
#912=CARTESIAN_POINT('',(-0.0912925537385068,0.00642567337951349,0.29544101531705));
#913=CARTESIAN_POINT('',(-0.0612930015101159,0.0103135187064481,0.300769247305628));
#914=CARTESIAN_POINT('',(-0.0309468796964838,0.00775601905514333,0.301938404745796));
#915=CARTESIAN_POINT('',(-0.0189999999951302,0.00640582583018769,0.302175413431114));
#916=CARTESIAN_POINT('',(-0.1095,0.00358449940598973,0.292827706725838));
#917=CARTESIAN_POINT('',(-0.0912925537385068,0.00591792008852992,0.296039304194547));
#918=CARTESIAN_POINT('',(-0.0612930015101159,0.0097625875191689,0.301330902182284));
#919=CARTESIAN_POINT('',(-0.0309468796964838,0.00723349112093469,0.302524158174863));
#920=CARTESIAN_POINT('',(-0.0189999999951302,0.00589829296346344,0.302773889326117));
#921=CARTESIAN_POINT('',(-0.1095,0.00342739972370716,0.293034985999529));
#922=CARTESIAN_POINT('',(-0.0912925537385068,0.00575205949426706,0.296239320611725));
#923=CARTESIAN_POINT('',(-0.0612930015101159,0.0095822919825892,0.301518951932628));
#924=CARTESIAN_POINT('',(-0.0309468796964839,0.00706269116785626,0.302720079829483));
#925=CARTESIAN_POINT('',(-0.0189999999951302,0.00573250605994842,0.302973966833434));
#926=CARTESIAN_POINT('',(-0.1095,0.00312073797906621,0.293450009648464));
#927=CARTESIAN_POINT('',(-0.0912925537385067,0.00542784120896559,0.29664014714991));
#928=CARTESIAN_POINT('',(-0.0612930015101158,0.00922914661158164,0.301896386559652));
#929=CARTESIAN_POINT('',(-0.0309468796964838,0.00672857459182006,0.303112902106891));
#930=CARTESIAN_POINT('',(-0.0189999999951302,0.00540843544815558,0.303374912787921));
#931=CARTESIAN_POINT('',(-0.1095,0.00297094765376,0.293657578034204));
#932=CARTESIAN_POINT('',(-0.0912925537385068,0.00526926338360943,0.296840771639302));
#933=CARTESIAN_POINT('',(-0.0612930015101159,0.00905609003599774,0.302085569917858));
#934=CARTESIAN_POINT('',(-0.0309468796964838,0.00656504241742626,0.303309611661887));
#935=CARTESIAN_POINT('',(-0.0189999999951302,0.00524993153718776,0.303575595684577));
#936=CARTESIAN_POINT('',(-0.1095,0.00267961847081713,0.294072409391751));
#937=CARTESIAN_POINT('',(-0.0912925537385068,0.00496035680279564,0.297242076481218));
#938=CARTESIAN_POINT('',(-0.0612930015101159,0.00871822200403398,0.302464587756629));
#939=CARTESIAN_POINT('',(-0.0309468796964838,0.00624622578668574,0.303703290321235));
#940=CARTESIAN_POINT('',(-0.0189999999951302,0.00494117280531906,0.303977014302212));
#941=CARTESIAN_POINT('',(-0.1095,0.00253841425616645,0.294279855938877));
#942=CARTESIAN_POINT('',(-0.0912925537385068,0.00481035402706647,0.297442954686861));
#943=CARTESIAN_POINT('',(-0.0612930015101159,0.00855372225334093,0.302654643615166));
#944=CARTESIAN_POINT('',(-0.0309468796964838,0.00609126242576577,0.303900465328459));
#945=CARTESIAN_POINT('',(-0.0189999999951302,0.00479124403701597,0.304177947756213));
#946=CARTESIAN_POINT('',(-0.1095,0.00226871250767024,0.294696120478958));
#947=CARTESIAN_POINT('',(-0.0912925537385068,0.0045229709555767,0.297846635370223));
#948=CARTESIAN_POINT('',(-0.0612930015101159,0.00823720649816811,0.303037590470099));
#949=CARTESIAN_POINT('',(-0.0309468796964838,0.00579391071187946,0.30429705129568));
#950=CARTESIAN_POINT('',(-0.0189999999951302,0.00450400968861772,0.304581734286296));
#951=CARTESIAN_POINT('',(-0.1095,0.00214003790227499,0.294904918721402));
#952=CARTESIAN_POINT('',(-0.0912925537385068,0.00438541478956314,0.298049410394843));
#953=CARTESIAN_POINT('',(-0.0612930015101158,0.00808501660275547,0.303230441322208));
#954=CARTESIAN_POINT('',(-0.0309468796964838,0.00565134716594532,0.304496430459901));
#955=CARTESIAN_POINT('',(-0.0189999999951302,0.00436652822816512,0.304784559974069));
#956=CARTESIAN_POINT('',(-0.1095,0.00189614345654655,0.295324796535798));
#957=CARTESIAN_POINT('',(-0.0912925537385068,0.00412363182051428,0.298457825564093));
#958=CARTESIAN_POINT('',(-0.0612930015101159,0.00779375955579739,0.303619970030566));
#959=CARTESIAN_POINT('',(-0.0309468796964838,0.00537947873598113,0.304898383046547));
#960=CARTESIAN_POINT('',(-0.0189999999951302,0.00410489572503401,0.305193071559182));
#961=CARTESIAN_POINT('',(-0.1095,0.00178085756503183,0.295535826448209));
#962=CARTESIAN_POINT('',(-0.0912925537385068,0.00399934126311282,0.298663413256681));
#963=CARTESIAN_POINT('',(-0.0612930015101159,0.00765463243424032,0.303816590833704));
#964=CARTESIAN_POINT('',(-0.0309468796964838,0.00525011139251802,0.305100902442534));
#965=CARTESIAN_POINT('',(-0.0189999999951302,0.0039806809086701,0.305398705027969));
#966=CARTESIAN_POINT('',(-0.1095,0.00156251976776068,0.295959378713792));
#967=CARTESIAN_POINT('',(-0.0912925537385068,0.00376290554636992,0.299076613015147));
#968=CARTESIAN_POINT('',(-0.0612930015101159,0.00738837762740532,0.304212733253461));
#969=CARTESIAN_POINT('',(-0.0309468796964838,0.00500347215834595,0.305508265508725));
#970=CARTESIAN_POINT('',(-0.0189999999951302,0.0037443974191409,0.305811991864584));
#971=CARTESIAN_POINT('',(-0.1095,0.0014594422833245,0.296171896907249));
#972=CARTESIAN_POINT('',(-0.0912925537385068,0.00365073503899905,0.299284219811138));
#973=CARTESIAN_POINT('',(-0.0612930015101159,0.00726122497412969,0.304412247771011));
#974=CARTESIAN_POINT('',(-0.0309468796964839,0.00488617504964711,0.30571310328313));
#975=CARTESIAN_POINT('',(-0.0189999999951302,0.00363230339600612,0.306019639971862));
#976=CARTESIAN_POINT('',(-0.1095,0.00126654354886394,0.296598075392835));
#977=CARTESIAN_POINT('',(-0.0912925537385067,0.00343957503437847,0.299701152788239));
#978=CARTESIAN_POINT('',(-0.0612930015101158,0.00701997673417646,0.304813947358946));
#979=CARTESIAN_POINT('',(-0.0309468796964838,0.00466471943128777,0.306124823688305));
#980=CARTESIAN_POINT('',(-0.0189999999951302,0.00342129699259255,0.306436650715803));
#981=CARTESIAN_POINT('',(-0.1095,0.00117681541166679,0.296811771658833));
#982=CARTESIAN_POINT('',(-0.0912925537385068,0.00334067689973039,0.29991051894478));
#983=CARTESIAN_POINT('',(-0.0612930015101159,0.00690596962633619,0.305016178997939));
#984=CARTESIAN_POINT('',(-0.0309468796964838,0.00456065129746042,0.306331748550564));
#985=CARTESIAN_POINT('',(-0.0189999999951302,0.00332247598963709,0.306646053294237));
#986=CARTESIAN_POINT('',(-0.1095,0.00100956187461842,0.297239139321192));
#987=CARTESIAN_POINT('',(-0.0912925537385068,0.0031550611655,0.300329759850645));
#988=CARTESIAN_POINT('',(-0.0612930015101159,0.00669009936406936,0.305422029829635));
#989=CARTESIAN_POINT('',(-0.0309468796964838,0.00436468304733576,0.306746407631339));
#990=CARTESIAN_POINT('',(-0.0189999999951302,0.00313701470554219,0.307065362556772));
#991=CARTESIAN_POINT('',(-0.1095,0.00093192901102911,0.297452812492921));
#992=CARTESIAN_POINT('',(-0.0912925537385068,0.00306823622967204,0.300539631674418));
#993=CARTESIAN_POINT('',(-0.0612930015101159,0.00658812908346049,0.305625638351299));
#994=CARTESIAN_POINT('',(-0.0309468796964838,0.00427267566667246,0.306954136273947));
#995=CARTESIAN_POINT('',(-0.0189999999951302,0.00305026708708474,0.307275266354861));
#996=CARTESIAN_POINT('',(-0.1095,0.000789081115465991,0.297878773708003));
#997=CARTESIAN_POINT('',(-0.0912925537385067,0.00290704103745802,0.300958535654474));
#998=CARTESIAN_POINT('',(-0.0612930015101158,0.00639670391411384,0.306032914457368));
#999=CARTESIAN_POINT('',(-0.0309468796964838,0.00410113635940989,0.307369061419822));
#1000=CARTESIAN_POINT('',(-0.0189999999951302,0.00288922621967322,0.307694229695509));
#1001=CARTESIAN_POINT('',(-0.1095,0.000723912755602844,0.298091065692809));
#1002=CARTESIAN_POINT('',(-0.0912925537385068,0.00283271719181538,0.301167573784854));
#1003=CARTESIAN_POINT('',(-0.0612930015101159,0.006307295005477,0.306236591364961));
#1004=CARTESIAN_POINT('',(-0.0309468796964838,0.0040216506961965,0.30757626504318));
#1005=CARTESIAN_POINT('',(-0.0189999999951302,0.00281497938366104,0.307903295195068));
#1006=CARTESIAN_POINT('',(-0.1095,0.000606137267235276,0.298512826801722));
#1007=CARTESIAN_POINT('',(-0.0912925537385068,0.00269673015323556,0.301583381658164));
#1008=CARTESIAN_POINT('',(-0.0612930015101159,0.0061413016527823,0.306642590372171));
#1009=CARTESIAN_POINT('',(-0.0309468796964838,0.00387539607573841,0.307988716511721));
#1010=CARTESIAN_POINT('',(-0.0189999999951302,0.00267914552807832,0.308319153142889));
#1011=CARTESIAN_POINT('',(-0.1095,0.000553442252571957,0.298722261989465));
#1012=CARTESIAN_POINT('',(-0.0912925537385068,0.00263498072532471,0.301790113687756));
#1013=CARTESIAN_POINT('',(-0.0612930015101159,0.00606463369433092,0.306844868535308));
#1014=CARTESIAN_POINT('',(-0.0309468796964839,0.0038085418144501,0.308193924514125));
#1015=CARTESIAN_POINT('',(-0.0189999999951302,0.0026174722596455,0.308525907909583));
#1016=CARTESIAN_POINT('',(-0.1095,0.000461699534392225,0.299137303010253));
#1017=CARTESIAN_POINT('',(-0.0912925537385067,0.00252527052577103,0.302200352261936));
#1018=CARTESIAN_POINT('',(-0.0612930015101158,0.00592531932139954,0.307247194344252));
#1019=CARTESIAN_POINT('',(-0.0309468796964838,0.00368870163782126,0.308601455492677));
#1020=CARTESIAN_POINT('',(-0.0189999999951302,0.00250791319015024,0.308936186878631));
#1021=CARTESIAN_POINT('',(-0.1095,0.000422736695682294,0.299342965767604));
#1022=CARTESIAN_POINT('',(-0.0912925537385068,0.00247739196865009,0.302403919331862));
#1023=CARTESIAN_POINT('',(-0.0612930015101159,0.00586275075469224,0.307447308448643));
#1024=CARTESIAN_POINT('',(-0.0309468796964839,0.00363579644278529,0.308803841024403));
#1025=CARTESIAN_POINT('',(-0.0189999999951302,0.00246010962590205,0.309139771576033));
#1026=CARTESIAN_POINT('',(-0.1095,0.000358811647521973,0.299748820061593));
#1027=CARTESIAN_POINT('',(-0.0912925537385068,0.00239584792491274,0.302806204698758));
#1028=CARTESIAN_POINT('',(-0.0612930015101159,0.00575217672122245,0.307843713462349));
#1029=CARTESIAN_POINT('',(-0.0309468796964838,0.00354431889654036,0.309204114247867));
#1030=CARTESIAN_POINT('',(-0.0189999999951302,0.00237871378100098,0.309542086962282));
#1031=CARTESIAN_POINT('',(-0.1095,0.000333792512945552,0.29994899971303));
#1032=CARTESIAN_POINT('',(-0.0912925537385068,0.00236212614134867,0.303004908644858));
#1033=CARTESIAN_POINT('',(-0.0612930015101159,0.00570411599253227,0.308039985958226));
#1034=CARTESIAN_POINT('',(-0.0309468796964838,0.00350569060254764,0.309401986198603));
#1035=CARTESIAN_POINT('',(-0.0189999999951302,0.00234506519811666,0.309740803320998));
#1036=CARTESIAN_POINT('',(-0.1095,0.000298843558221498,0.300342137283191));
#1037=CARTESIAN_POINT('',(-0.0912925537385068,0.0023100587717539,0.303395768182429));
#1038=CARTESIAN_POINT('',(-0.0612930015101159,0.00562384341647383,0.308427092088717));
#1039=CARTESIAN_POINT('',(-0.0309468796964838,0.00344397195537008,0.309791561392673));
#1040=CARTESIAN_POINT('',(-0.0189999999951302,0.00229314181681861,0.310131682019807));
#1041=CARTESIAN_POINT('',(-0.1095,0.000288923693585443,0.300535102865852));
#1042=CARTESIAN_POINT('',(-0.0912925537385068,0.00229172278722269,0.30358793185839));
#1043=CARTESIAN_POINT('',(-0.0612930015101159,0.00559164058731604,0.308617934500753));
#1044=CARTESIAN_POINT('',(-0.0309468796964838,0.00342089100409449,0.309983272957606));
#1045=CARTESIAN_POINT('',(-0.0189999999951302,0.00227487662288208,0.310323852440854));
#1046=CARTESIAN_POINT('',(-0.1095,0.000285491659416034,0.300911487656032));
#1047=CARTESIAN_POINT('',(-0.0912925537385068,0.00227184449665268,0.303963448279941));
#1048=CARTESIAN_POINT('',(-0.0612930015101159,0.00554466457415687,0.308992020152184));
#1049=CARTESIAN_POINT('',(-0.0309468796964838,0.00339174039556055,0.310358299797221));
#1050=CARTESIAN_POINT('',(-0.0189999999951302,0.00225513666687543,0.310699376166523));
#1051=CARTESIAN_POINT('',(-0.1095,0.000291771729980503,0.301094923597644));
#1052=CARTESIAN_POINT('',(-0.0912925537385068,0.0022700940957367,0.304146808645931));
#1053=CARTESIAN_POINT('',(-0.0612930015101159,0.00552968274335574,0.309175255995782));
#1054=CARTESIAN_POINT('',(-0.0309468796964838,0.00338546245456777,0.310541617554051));
#1055=CARTESIAN_POINT('',(-0.0189999999951302,0.00225345381274571,0.310882737168204));
#1056=CARTESIAN_POINT('',(-0.1095,0.00032150718848475,0.301448904548942));
#1057=CARTESIAN_POINT('',(-0.0912925537385068,0.00228429932933915,0.304501413828839));
#1058=CARTESIAN_POINT('',(-0.0612930015101159,0.00551829955635441,0.309530889695732));
#1059=CARTESIAN_POINT('',(-0.0309468796964838,0.00339091182423176,0.31089657467565));
#1060=CARTESIAN_POINT('',(-0.0189999999951302,0.00226778967588648,0.311237337100505));
#1061=CARTESIAN_POINT('',(-0.1095,0.000345584388333309,0.301619185074139));
#1062=CARTESIAN_POINT('',(-0.0912925537385068,0.00230088715035302,0.304672421847142));
#1063=CARTESIAN_POINT('',(-0.0612930015101159,0.00552254748036774,0.309703096370183));
#1064=CARTESIAN_POINT('',(-0.0309468796964838,0.00340327717052456,0.311067992850965));
#1065=CARTESIAN_POINT('',(-0.0189999999951302,0.00228444049238854,0.311408338999638));
#1066=CARTESIAN_POINT('',(-0.1095,0.000399431705773584,0.301861496723943));
#1067=CARTESIAN_POINT('',(-0.0912925537385068,0.00234403959445316,0.304916624848942));
#1068=CARTESIAN_POINT('',(-0.0612930015101159,0.00554807848504494,0.309950415663647));
#1069=CARTESIAN_POINT('',(-0.0309468796964838,0.0034403998979659,0.311313262187661));
#1070=CARTESIAN_POINT('',(-0.0189999999951302,0.00232768289438534,0.31165252609269));
#1071=CARTESIAN_POINT('',(-0.1095,0.000420330318235505,0.301940132216926));
#1072=CARTESIAN_POINT('',(-0.0912925537385068,0.00236146094905388,0.304996023798417));
#1073=CARTESIAN_POINT('',(-0.0612930015101159,0.00555977052553315,0.31003107252445));
#1074=CARTESIAN_POINT('',(-0.0309468796964839,0.00345586079179389,0.311393091570127));
#1075=CARTESIAN_POINT('',(-0.0189999999951302,0.00234513349728039,0.311731918620496));
#1076=CARTESIAN_POINT('',(-0.1095,0.00046813970646225,0.302092699537475));
#1077=CARTESIAN_POINT('',(-0.0912925537385068,0.00240250995716478,0.305150389817147));
#1078=CARTESIAN_POINT('',(-0.0612930015101159,0.00558968077352049,0.310188402173513));
#1079=CARTESIAN_POINT('',(-0.0309468796964838,0.00349309833105349,0.31154847168599));
#1080=CARTESIAN_POINT('',(-0.0189999999951302,0.00238623936904516,0.311886269509818));
#1081=CARTESIAN_POINT('',(-0.1095,0.000494974351545664,0.302166610653698));
#1082=CARTESIAN_POINT('',(-0.0912925537385067,0.00242606253064125,0.305225332886709));
#1083=CARTESIAN_POINT('',(-0.0612930015101158,0.00560782563208871,0.310265045544018));
#1084=CARTESIAN_POINT('',(-0.0309468796964838,0.00351480048880139,0.311623996565736));
#1085=CARTESIAN_POINT('',(-0.0189999999951302,0.00240981954904385,0.311961203899299));
#1086=CARTESIAN_POINT('',(-0.1095,0.00055390467924913,0.302309064956334));
#1087=CARTESIAN_POINT('',(-0.0912925537385068,0.00247865332110007,0.305370091315235));
#1088=CARTESIAN_POINT('',(-0.0612930015101159,0.00564997106541488,0.310413600372326));
#1089=CARTESIAN_POINT('',(-0.0309468796964839,0.00356381707953689,0.311770054049037));
#1090=CARTESIAN_POINT('',(-0.0189999999951302,0.00246246366331662,0.312105942947108));
#1091=CARTESIAN_POINT('',(-0.1095,0.000585985040469069,0.302377601615192));
#1092=CARTESIAN_POINT('',(-0.0912925537385068,0.00250767653126104,0.305439899489364));
#1093=CARTESIAN_POINT('',(-0.0612930015101159,0.00567395715166804,0.310485503562319));
#1094=CARTESIAN_POINT('',(-0.0309468796964838,0.00359111668306105,0.311840579097181));
#1095=CARTESIAN_POINT('',(-0.0189999999951302,0.00249151258812331,0.312175740426127));
#1096=CARTESIAN_POINT('',(-0.1095,0.000655204952227707,0.30250885733654));
#1097=CARTESIAN_POINT('',(-0.0912925537385067,0.00257102678825872,0.305573930495337));
#1098=CARTESIAN_POINT('',(-0.0612930015101158,0.00572763625478536,0.310624107274146));
#1099=CARTESIAN_POINT('',(-0.0309468796964839,0.00365115765775423,0.311976174794893));
#1100=CARTESIAN_POINT('',(-0.0189999999951302,0.00255491221660766,0.312309748088322));
#1101=CARTESIAN_POINT('',(-0.1095,0.00069228995840174,0.302571842115072));
#1102=CARTESIAN_POINT('',(-0.0912925537385068,0.00260528777965736,0.305638416151813));
#1103=CARTESIAN_POINT('',(-0.0612930015101158,0.00575724424995752,0.310691065856565));
#1104=CARTESIAN_POINT('',(-0.0309468796964838,0.00368382648359892,0.312041506638924));
#1105=CARTESIAN_POINT('',(-0.0189999999951302,0.00258919696167043,0.312374221120447));
#1106=CARTESIAN_POINT('',(-0.1095,0.00075185488593266,0.302660390302416));
#1107=CARTESIAN_POINT('',(-0.0912925537385068,0.00266086834222849,0.305729399087062));
#1108=CARTESIAN_POINT('',(-0.0612930015101159,0.00580625996191799,0.310786060411339));
#1109=CARTESIAN_POINT('',(-0.0309468796964838,0.00373716068092488,0.312133862272991));
#1110=CARTESIAN_POINT('',(-0.0189999999951302,0.00264481103797098,0.312465183576276));
#1111=CARTESIAN_POINT('',(-0.1095,0.000772378461377393,0.30268885966229));
#1112=CARTESIAN_POINT('',(-0.0912925537385068,0.00268010827419821,0.305758711253556));
#1113=CARTESIAN_POINT('',(-0.0612930015101159,0.00582338489495168,0.310816761230634));
#1114=CARTESIAN_POINT('',(-0.0309468796964838,0.00375567690105631,0.312163649609687));
#1115=CARTESIAN_POINT('',(-0.0189999999951302,0.0026640617670641,0.312494488653663));
#1116=CARTESIAN_POINT('',(-0.1095,0.000814847906130955,0.302743152345235));
#1117=CARTESIAN_POINT('',(-0.0912925537385068,0.00272012338298976,0.305814756772155));
#1118=CARTESIAN_POINT('',(-0.0612930015101159,0.00585935610989776,0.310875694814038));
#1119=CARTESIAN_POINT('',(-0.0309468796964838,0.00379430826737932,0.312220683368353));
#1120=CARTESIAN_POINT('',(-0.0189999999951302,0.00270409752003663,0.312550519428617));
#1121=CARTESIAN_POINT('',(-0.1095,0.000836831989697356,0.302768879005049));
#1122=CARTESIAN_POINT('',(-0.0912925537385068,0.00274094092655062,0.305841395315937));
#1123=CARTESIAN_POINT('',(-0.0612930015101159,0.00587825160039745,0.310903835826113));
#1124=CARTESIAN_POINT('',(-0.0309468796964838,0.0038144681214584,0.312247836027802));
#1125=CARTESIAN_POINT('',(-0.0189999999951302,0.00272492487572727,0.31257715030226));
#1126=CARTESIAN_POINT('',(-0.1095,0.000904723207233598,0.302842077478613));
#1127=CARTESIAN_POINT('',(-0.0912925537385068,0.00280550286596633,0.305917421797797));
#1128=CARTESIAN_POINT('',(-0.0612930015101159,0.00593732804495434,0.310984521884136));
#1129=CARTESIAN_POINT('',(-0.0309468796964838,0.0038771530303468,0.312325456926744));
#1130=CARTESIAN_POINT('',(-0.0189999999951302,0.00278951481873382,0.312653152996866));
#1131=CARTESIAN_POINT('',(-0.1095,0.000952377573815687,0.302886051269127));
#1132=CARTESIAN_POINT('',(-0.0912925537385068,0.00285114406791587,0.30596339476506));
#1133=CARTESIAN_POINT('',(-0.0612930015101159,0.0059796522502932,0.311033788800831));
#1134=CARTESIAN_POINT('',(-0.0309468796964838,0.00392165922003994,0.312372557019963));
#1135=CARTESIAN_POINT('',(-0.0189999999951302,0.00283517295403546,0.312699109148432));
#1136=CARTESIAN_POINT('',(-0.1095,0.001,0.30293));
#1137=CARTESIAN_POINT('',(-0.0912925537385068,0.00289675448585247,0.306009341324306));
#1138=CARTESIAN_POINT('',(-0.0612930015101159,0.00602194757694001,0.311083027087856));
#1139=CARTESIAN_POINT('',(-0.0309468796964838,0.00396613527768418,0.312419629944958));
#1140=CARTESIAN_POINT('',(-0.0189999999951302,0.00288080029559746,0.312745038903324));
#1141=CARTESIAN_POINT('',(0.,0.0117249845965644,0.295130004019323));
#1142=CARTESIAN_POINT('',(-0.0182917744736388,0.0143726114862006,0.295294395398937));
#1143=CARTESIAN_POINT('',(-0.0550451433415884,0.0196924457012866,0.295624704359525));
#1144=CARTESIAN_POINT('',(-0.0912925537385068,0.0143889732434312,0.288492555560611));
#1145=CARTESIAN_POINT('',(-0.1095,0.0117249845965643,0.284910004019323));
#1146=CARTESIAN_POINT('',(-0.109499999981876,0.0117249845991869,0.284910004022926));
#1147=CARTESIAN_POINT('',(-0.0189999999952068,0.0143665656080916,0.295224020482438));
#1148=CARTESIAN_POINT('',(-0.0189999999975822,0.0143665656082613,0.295224020482585));
#1149=CARTESIAN_POINT('',(-0.0189999999975822,0.0144469641646191,0.295131112258382));
#1150=CARTESIAN_POINT('',(-0.0190000000011508,0.0145027127860354,0.294863023567089));
#1151=CARTESIAN_POINT('',(-0.0189999999998575,0.0142612282283781,0.294622526265708));
#1152=CARTESIAN_POINT('',(-0.0190000000000263,0.0140065069455041,0.294612469305465));
#1153=CARTESIAN_POINT('',(-0.0189999999999848,0.0137943696256215,0.294738049667698));
#1154=CARTESIAN_POINT('',(-0.0190000000000052,0.013579621209537,0.294958950696997));
#1155=CARTESIAN_POINT('',(-0.0189999999999986,0.0133021089818221,0.295198659681086));
#1156=CARTESIAN_POINT('',(-0.0190000000000008,0.0129412708275359,0.295529589587476));
#1157=CARTESIAN_POINT('',(-0.0189999999999997,0.0124908038766371,0.295943390282475));
#1158=CARTESIAN_POINT('',(-0.0190000000000001,0.0119560580166583,0.296446504801849));
#1159=CARTESIAN_POINT('',(-0.019,0.0112489549431677,0.297123329079977));
#1160=CARTESIAN_POINT('',(-0.019,0.0103760324998328,0.297979780765613));
#1161=CARTESIAN_POINT('',(-0.019,0.00934465500815537,0.299023043039045));
#1162=CARTESIAN_POINT('',(-0.019,0.00832627329145871,0.300078875867457));
#1163=CARTESIAN_POINT('',(-0.019,0.00732263987165521,0.301148525578668));
#1164=CARTESIAN_POINT('',(-0.019,0.00601686533914069,0.302607640542147));
#1165=CARTESIAN_POINT('',(-0.019,0.00446062164505268,0.304492075831005));
#1166=CARTESIAN_POINT('',(-0.019,0.00325850737679163,0.306642746356161));
#1167=CARTESIAN_POINT('',(-0.019,0.00259803023307698,0.30848728803762));
#1168=CARTESIAN_POINT('',(-0.019,0.00228096103791604,0.309933213915149));
#1169=CARTESIAN_POINT('',(-0.019,0.00219013278494976,0.31141702046556));
#1170=CARTESIAN_POINT('',(-0.019,0.00252606566808229,0.312387953130575));
#1171=CARTESIAN_POINT('',(-0.019,0.00288080029579176,0.312745038902942));
#1172=CARTESIAN_POINT('',(-0.019,0.00288080029603986,0.312745038903192));
#1173=CARTESIAN_POINT('',(0.,0.001,0.31315));
#1174=CARTESIAN_POINT('',(-0.0182917744736388,0.00288510494805881,0.312814271792697));
#1175=CARTESIAN_POINT('',(-0.0550451433415884,0.0066728160643669,0.312139698494182));
#1176=CARTESIAN_POINT('',(-0.0912925537385068,0.00289675448585247,0.306009341324306));
#1177=CARTESIAN_POINT('',(-0.1095,0.001,0.30293));
#1178=CARTESIAN_POINT('',(-0.10949999998757,0.00100000000130737,0.302930000001957));
#1179=CARTESIAN_POINT('',(-0.1095,0.001,0.30293));
#1180=CARTESIAN_POINT('',(-0.1095,0.000941718198612284,0.302876214180814));
#1181=CARTESIAN_POINT('',(-0.1095,0.000821012167728607,0.302764819670055));
#1182=CARTESIAN_POINT('',(-0.1095,0.000663515096051272,0.302534105506088));
#1183=CARTESIAN_POINT('',(-0.1095,0.000524489847580411,0.302256042357662));
#1184=CARTESIAN_POINT('',(-0.1095,0.000410370112484725,0.301929431528116));
#1185=CARTESIAN_POINT('',(-0.1095,0.000332058674550248,0.301554745533813));
#1186=CARTESIAN_POINT('',(-0.1095,0.000290864973434328,0.301130512574211));
#1187=CARTESIAN_POINT('',(-0.1095,0.000282050040541771,0.300660765333945));
#1188=CARTESIAN_POINT('',(-0.1095,0.000310113745108346,0.300149524385677));
#1189=CARTESIAN_POINT('',(-0.1095,0.000376566671465465,0.299600952252023));
#1190=CARTESIAN_POINT('',(-0.1095,0.000482257621088551,0.29901881177613));
#1191=CARTESIAN_POINT('',(-0.1095,0.000630222134175067,0.29840781626811));
#1192=CARTESIAN_POINT('',(-0.1095,0.00081953716486333,0.297770962930193));
#1193=CARTESIAN_POINT('',(-0.1095,0.00105265267519501,0.297113508021266));
#1194=CARTESIAN_POINT('',(-0.1095,0.00133011413792376,0.296440777790506));
#1195=CARTESIAN_POINT('',(-0.1095,0.00165895733567819,0.295757576113524));
#1196=CARTESIAN_POINT('',(-0.1095,0.00203851686776193,0.295064418960695));
#1197=CARTESIAN_POINT('',(-0.1095,0.00247731577019464,0.294362551471702));
#1198=CARTESIAN_POINT('',(-0.1095,0.00297496473620408,0.293647096545899));
#1199=CARTESIAN_POINT('',(-0.1095,0.0035156720839977,0.292912253991063));
#1200=CARTESIAN_POINT('',(-0.1095,0.0040998859482973,0.292164941540363));
#1201=CARTESIAN_POINT('',(-0.1095,0.00472062967439991,0.291405387052812));
#1202=CARTESIAN_POINT('',(-0.1095,0.00537123676109878,0.290636212416463));
#1203=CARTESIAN_POINT('',(-0.1095,0.00604363215645219,0.289859988495273));
#1204=CARTESIAN_POINT('',(-0.1095,0.00673102465965881,0.289082837687708));
#1205=CARTESIAN_POINT('',(-0.1095,0.00742602218701632,0.288310124864875));
#1206=CARTESIAN_POINT('',(-0.1095,0.00812447049678952,0.287549279459658));
#1207=CARTESIAN_POINT('',(-0.1095,0.00882212206727137,0.286805726769158));
#1208=CARTESIAN_POINT('',(-0.1095,0.00951398577693914,0.286084476096805));
#1209=CARTESIAN_POINT('',(-0.1095,0.0101969996241677,0.285390546671144));
#1210=CARTESIAN_POINT('',(-0.1095,0.0108661099041407,0.2847274691012));
#1211=CARTESIAN_POINT('',(-0.1095,0.0115179474198506,0.284099718631998));
#1212=CARTESIAN_POINT('',(-0.1095,0.0121475778886266,0.28351051779383));
#1213=CARTESIAN_POINT('',(-0.1095,0.0127514114243147,0.282963475925606));
#1214=CARTESIAN_POINT('',(-0.1095,0.0133258390089573,0.282461808927532));
#1215=CARTESIAN_POINT('',(-0.1095,0.0138671793514102,0.282008373112277));
#1216=CARTESIAN_POINT('',(-0.1095,0.0143721018561571,0.281605157129933));
#1217=CARTESIAN_POINT('',(-0.1095,0.014837825159806,0.28125459993662));
#1218=CARTESIAN_POINT('',(-0.1095,0.0152612845588618,0.280958374891649));
#1219=CARTESIAN_POINT('',(-0.1095,0.015640470740642,0.280717172766481));
#1220=CARTESIAN_POINT('',(-0.1095,0.0159724818372106,0.280531414610689));
#1221=CARTESIAN_POINT('',(-0.1095,0.0162640259533468,0.280406684742171));
#1222=CARTESIAN_POINT('',(-0.1095,0.0165241888141917,0.280336398306878));
#1223=CARTESIAN_POINT('',(-0.1095,0.0167369182600813,0.280293391942569));
#1224=CARTESIAN_POINT('',(-0.1095,0.0168925918823928,0.280255178969947));
#1225=CARTESIAN_POINT('',(-0.1095,0.0169347552567383,0.280241384348853));
#1226=CARTESIAN_POINT('',(-0.1095,0.016950662228182,0.280236180053722));
#1227=CARTESIAN_POINT('',(-0.109500000001067,0.0111856133009704,0.284420524860683));
#1228=CARTESIAN_POINT('',(-0.1095,0.0114388763055162,0.284683361027388));
#1229=CARTESIAN_POINT('',(-0.024,0.00283136085518816,0.309488828257165));
#1230=CARTESIAN_POINT('',(-0.024,0.00286202212292532,0.309317375340937));
#1231=CARTESIAN_POINT('',(-0.024,0.00289760186434735,0.309146943657892));
#1232=CARTESIAN_POINT('',(-0.024,0.00293754602291718,0.308977418168089));
#1233=CARTESIAN_POINT('',(-0.024,0.00283136085518818,0.309488828257165));
#1234=CARTESIAN_POINT('',(-0.024,0.00293754602291718,0.308977418168089));
#1235=CARTESIAN_POINT('',(-0.024,0.00283136085518806,0.309488828257165));
#1236=CARTESIAN_POINT('',(-0.0239283847141046,0.00283025176255614,0.309461573137747));
#1237=CARTESIAN_POINT('',(-0.0238228212238105,0.00282992364777247,0.309415160602846));
#1238=CARTESIAN_POINT('',(-0.0236957929247655,0.0028353238068561,0.309331728355764));
#1239=CARTESIAN_POINT('',(-0.0236257346403734,0.00285111234625492,0.309224728825637));
#1240=CARTESIAN_POINT('',(-0.0236954336711694,0.00287950653645563,0.309120389335116));
#1241=CARTESIAN_POINT('',(-0.0238229114560385,0.00290760476434558,0.309042782314288));
#1242=CARTESIAN_POINT('',(-0.0239283567212576,0.00292598561906303,0.309001342870449));
#1243=CARTESIAN_POINT('',(-0.0239999999999993,0.00293754602291751,0.308977418168088));
#1244=CARTESIAN_POINT('',(-0.019,0.,0.));
#1245=CARTESIAN_POINT('',(-0.019,-0.15144932615392,0.180490278539907));
#1246=CARTESIAN_POINT('',(-0.019,0.00390547190183676,0.310848432290113));
#1247=CARTESIAN_POINT('',(-0.019,0.00321447522142376,0.310268617230434));
#1248=CARTESIAN_POINT('',(-0.019,0.154676619977074,0.184336417548004));
#1249=CARTESIAN_POINT('',(-0.019,0.00459646858224984,0.310268617230434));
#1250=CARTESIAN_POINT('',(-0.019,0.00390547190183677,0.30944511945408));
#1251=CARTESIAN_POINT('',(-0.019,0.00288080029603987,0.312745038903192));
#1252=CARTESIAN_POINT('',(-0.019,0.00296952009605719,0.312812617130846));
#1253=CARTESIAN_POINT('',(-0.019,0.00316863928173368,0.312983634817982));
#1254=CARTESIAN_POINT('',(-0.019,0.00347763066038435,0.31276731609312));
#1255=CARTESIAN_POINT('',(-0.019,0.00367543964875907,0.31250815957596));
#1256=CARTESIAN_POINT('',(-0.019,0.00394993629030967,0.31215375790913));
#1257=CARTESIAN_POINT('',(-0.019,0.00425780389064105,0.311691306708343));
#1258=CARTESIAN_POINT('',(-0.019,0.0047367140880476,0.3109412604041));
#1259=CARTESIAN_POINT('',(-0.019,0.00530889608574706,0.309986657902473));
#1260=CARTESIAN_POINT('',(-0.019,0.00593511727919169,0.308806738526794));
#1261=CARTESIAN_POINT('',(-0.019,0.00652969791893504,0.307610020506157));
#1262=CARTESIAN_POINT('',(-0.019,0.00733421731172946,0.30602064564357));
#1263=CARTESIAN_POINT('',(-0.019,0.00836897311827558,0.304049776106309));
#1264=CARTESIAN_POINT('',(-0.019,0.00969669972166412,0.3017316519657));
#1265=CARTESIAN_POINT('',(-0.019,0.0111277074484135,0.299469162985943));
#1266=CARTESIAN_POINT('',(-0.019,0.0126682270114059,0.297289314478448));
#1267=CARTESIAN_POINT('',(-0.019,0.0137823225083244,0.295899169284541));
#1268=CARTESIAN_POINT('',(-0.019,0.0143665656087763,0.295224020483031));
#1269=CARTESIAN_POINT('',(-0.019,-0.14776580969111,0.176100434561973));
#1270=CARTESIAN_POINT('',(-0.019,0.00661080672744793,0.305637796461181));
#1271=CARTESIAN_POINT('',(-0.019,0.00591981004703495,0.305057981401502));
#1272=CARTESIAN_POINT('',(-0.019,0.153228661877428,0.182610808280831));
#1273=CARTESIAN_POINT('',(-0.019,0.00730180340786097,0.305057981401502));
#1274=CARTESIAN_POINT('',(-0.019,0.00661080672744795,0.304234483625149));
#1275=CARTESIAN_POINT('',(-0.019,0.,0.));
#1276=CARTESIAN_POINT('',(-0.0189999999999995,-0.00173269966525373,0.317552320313533));
#1277=CARTESIAN_POINT('',(-0.0189999999999995,-0.00294579878486745,0.320553664478251));
#1278=CARTESIAN_POINT('',(-0.0190000000000001,-0.0044742470635521,0.325149259328246));
#1279=CARTESIAN_POINT('',(-0.019,-0.00622556395764386,0.331373718322424));
#1280=CARTESIAN_POINT('',(-0.0190000000000001,-0.00722521139702843,0.335286458252837));
#1281=CARTESIAN_POINT('',(-0.019,-0.0078845482967405,0.338437589749528));
#1282=CARTESIAN_POINT('',(-0.019,-0.00828044027602723,0.340818072879611));
#1283=CARTESIAN_POINT('',(-0.019,-0.00849167724266345,0.343224730778859));
#1284=CARTESIAN_POINT('',(-0.019,-0.00842578707922701,0.345690077410166));
#1285=CARTESIAN_POINT('',(-0.019,-0.00807935720932661,0.348139175866751));
#1286=CARTESIAN_POINT('',(-0.019,-0.00754115199079192,0.350126605964181));
#1287=CARTESIAN_POINT('',(-0.019,-0.00690273685671778,0.351634287879973));
#1288=CARTESIAN_POINT('',(-0.019,-0.00629486842054247,0.352722781701251));
#1289=CARTESIAN_POINT('',(-0.019,-0.00560940498394048,0.35350136754899));
#1290=CARTESIAN_POINT('',(-0.019,-0.00493356935539776,0.353992208554901));
#1291=CARTESIAN_POINT('',(-0.019,-0.00454448395662533,0.354134664900551));
#1292=CARTESIAN_POINT('',(-0.019,-0.0043454059153423,0.354192508171577));
#1293=CARTESIAN_POINT('',(-0.019,-0.00173269966525359,0.317552320313532));
#1294=CARTESIAN_POINT('',(-0.0189999999999989,-0.0043454059153423,0.354192508171577));
#1295=CARTESIAN_POINT('',(-0.019,-0.0043454059153423,0.354192508171577));
#1296=CARTESIAN_POINT('',(-0.019,-0.00424665105775714,0.354206930701439));
#1297=CARTESIAN_POINT('',(-0.019,-0.00405198640704445,0.354236980510074));
#1298=CARTESIAN_POINT('',(-0.019,-0.00373538290037135,0.354200190998212));
#1299=CARTESIAN_POINT('',(-0.019,-0.00356820022054705,0.353923490969612));
#1300=CARTESIAN_POINT('',(-0.019,-0.00347745776716924,0.353537153615233));
#1301=CARTESIAN_POINT('',(-0.019,-0.00338786548609955,0.353045236063714));
#1302=CARTESIAN_POINT('',(-0.019,-0.00331842541941287,0.352449851632968));
#1303=CARTESIAN_POINT('',(-0.019,-0.00326485857856659,0.351853648940022));
#1304=CARTESIAN_POINT('',(-0.019,-0.00320745667447594,0.351057929677643));
#1305=CARTESIAN_POINT('',(-0.019,-0.00313861985174162,0.3496638722301));
#1306=CARTESIAN_POINT('',(-0.019,-0.00309546386409881,0.3476681654379));
#1307=CARTESIAN_POINT('',(-0.019,-0.00319418363656485,0.345273012103034));
#1308=CARTESIAN_POINT('',(-0.019,-0.00329036020353137,0.342878075012162));
#1309=CARTESIAN_POINT('',(-0.019,-0.00336552692144042,0.340482998720228));
#1310=CARTESIAN_POINT('',(-0.019,-0.00340080244570794,0.338087817197481));
#1311=CARTESIAN_POINT('',(-0.019,-0.00338792386651277,0.335692389582849));
#1312=CARTESIAN_POINT('',(-0.019,-0.00332042545701684,0.333297039508337));
#1313=CARTESIAN_POINT('',(-0.019,-0.00319167727519723,0.330900469652314));
#1314=CARTESIAN_POINT('',(-0.019,-0.00299577243294414,0.328507408856601));
#1315=CARTESIAN_POINT('',(-0.019,-0.00272833912378505,0.326123567967391));
#1316=CARTESIAN_POINT('',(-0.019,-0.00243839043332847,0.324143298126365));
#1317=CARTESIAN_POINT('',(-0.019,-0.00216216502885132,0.322566464666637));
#1318=CARTESIAN_POINT('',(-0.019,-0.00193161290819785,0.321388319535963));
#1319=CARTESIAN_POINT('',(-0.019,-0.0017182949727321,0.320410357708844));
#1320=CARTESIAN_POINT('',(-0.019,-0.00153384518962824,0.31963167259835));
#1321=CARTESIAN_POINT('',(-0.019,-0.00138841343231142,0.319049117057389));
#1322=CARTESIAN_POINT('',(-0.019,-0.0012607555029105,0.318566150458253));
#1323=CARTESIAN_POINT('',(-0.019,-0.0011551910711374,0.318178636333516));
#1324=CARTESIAN_POINT('',(-0.019,-0.00107262933810856,0.317894285176707));
#1325=CARTESIAN_POINT('',(-0.019,-0.000993195500580342,0.317588378247597));
#1326=CARTESIAN_POINT('',(-0.019,-0.00120779208333677,0.317324424333452));
#1327=CARTESIAN_POINT('',(-0.019,-0.00153575078001109,0.317305753002334));
#1328=CARTESIAN_POINT('',(-0.019,-0.00169443052564581,0.317457638142064));
#1329=CARTESIAN_POINT('',(-0.019,-0.00173269966525358,0.317552320313533));
#1330=CARTESIAN_POINT('',(-0.019,-0.05032067424652,0.328630582992389));
#1331=CARTESIAN_POINT('',(-0.019,-0.00419923128985898,0.33569280491242));
#1332=CARTESIAN_POINT('',(-0.019,-0.00642330900127609,0.33535224899399));
#1333=CARTESIAN_POINT('',(-0.019,0.0461214429566596,0.00706222192003112));
#1334=CARTESIAN_POINT('',(-0.019,-0.003858675371429,0.333468727201003));
#1335=CARTESIAN_POINT('',(-0.019,-0.0499801183280826,0.326406505280974));
#1336=CARTESIAN_POINT('',(-0.019,-0.00608275308284607,0.333128171282573));
#1337=CARTESIAN_POINT('',(-0.019,0.0438973652452428,0.00672166600160118));
#1338=CARTESIAN_POINT('',(-0.018999999999999,-0.0043454059153423,0.354192508171577));
#1339=CARTESIAN_POINT('',(-0.0309149519557114,-0.00434506294882501,0.352601924259737));
#1340=CARTESIAN_POINT('',(-0.0610715663379969,-0.00434441870025606,0.34857742884226));
#1341=CARTESIAN_POINT('',(-0.0912476283095672,-0.00434540575968803,0.344559490190592));
#1342=CARTESIAN_POINT('',(-0.1095,-0.00434600279503512,0.342129189319368));
#1343=CARTESIAN_POINT('',(-0.018999999999999,-0.00445297806303146,0.354161252464752));
#1344=CARTESIAN_POINT('',(-0.0309149519557114,-0.00445185125699216,0.352567971018708));
#1345=CARTESIAN_POINT('',(-0.0610715663379969,-0.00444973459795485,0.348538408393611));
#1346=CARTESIAN_POINT('',(-0.0912476283095672,-0.00445297755163412,0.344528233259499));
#1347=CARTESIAN_POINT('',(-0.1095,-0.00445493909307001,0.342102628249791));
#1348=CARTESIAN_POINT('',(-0.018999999999999,-0.00456055021072063,0.354129996757927));
#1349=CARTESIAN_POINT('',(-0.0309149519557114,-0.00455863956515931,0.35253401777768));
#1350=CARTESIAN_POINT('',(-0.0610715663379969,-0.00455505049565364,0.348499387944961));
#1351=CARTESIAN_POINT('',(-0.0912476283095672,-0.00456054934358022,0.344496976328408));
#1352=CARTESIAN_POINT('',(-0.1095,-0.0045638753911049,0.342076067180213));
#1353=CARTESIAN_POINT('',(-0.018999999999999,-0.00477557932214574,0.354045239816241));
#1354=CARTESIAN_POINT('',(-0.0309149519557114,-0.00477154315428326,0.352443868666585));
#1355=CARTESIAN_POINT('',(-0.0610715663379969,-0.0047639613781086,0.348399109864271));
#1356=CARTESIAN_POINT('',(-0.0912476283095672,-0.0047755774903438,0.344412216939502));
#1357=CARTESIAN_POINT('',(-0.1095,-0.00478260364234185,0.342000694467769));
#1358=CARTESIAN_POINT('',(-0.018999999999999,-0.00488315851644508,0.353990321597137));
#1359=CARTESIAN_POINT('',(-0.0309149519557114,-0.00487774513252803,0.352386252747815));
#1360=CARTESIAN_POINT('',(-0.0610715663379969,-0.00486757631234886,0.348336426427067));
#1361=CARTESIAN_POINT('',(-0.0912476283095672,-0.00488315605959802,0.344357297496056));
#1362=CARTESIAN_POINT('',(-0.1095,-0.0048925796662271,0.341950471173874));
#1363=CARTESIAN_POINT('',(-0.018999999999999,-0.00504260123482061,0.353894901452769));
#1364=CARTESIAN_POINT('',(-0.0309149519557114,-0.0050347949576174,0.352286834359605));
#1365=CARTESIAN_POINT('',(-0.0610715663379969,-0.0050201311853144,0.348229497501405));
#1366=CARTESIAN_POINT('',(-0.0912476283095671,-0.00504259769196655,0.344261875537097));
#1367=CARTESIAN_POINT('',(-0.1095,-0.00505618684188236,0.341862009348862));
#1368=CARTESIAN_POINT('',(-0.018999999999999,-0.00509541211278519,0.353861012531915));
#1369=CARTESIAN_POINT('',(-0.0309149519557114,-0.00508675598989471,0.352251621134972));
#1370=CARTESIAN_POINT('',(-0.0610715663379969,-0.0050704958172428,0.348191796626311));
#1371=CARTESIAN_POINT('',(-0.0912476283095672,-0.00509540818423137,0.344227986015212));
#1372=CARTESIAN_POINT('',(-0.1095,-0.00511047674362101,0.341830425172037));
#1373=CARTESIAN_POINT('',(-0.018999999999999,-0.00520009442166271,0.353789856089605));
#1374=CARTESIAN_POINT('',(-0.0309149519557114,-0.00518965388386057,0.352177839644893));
#1375=CARTESIAN_POINT('',(-0.0610715663379969,-0.00517004176081319,0.348113084091411));
#1376=CARTESIAN_POINT('',(-0.0912476283095672,-0.00520008968325786,0.344156828381532));
#1377=CARTESIAN_POINT('',(-0.1095,-0.00521826454813924,0.34176383721565));
#1378=CARTESIAN_POINT('',(-0.018999999999999,-0.00525198533000584,0.353752513690952));
#1379=CARTESIAN_POINT('',(-0.0309149519557114,-0.00524060834530087,0.352139196013858));
#1380=CARTESIAN_POINT('',(-0.0610715663379969,-0.00521923714506478,0.34807199614859));
#1381=CARTESIAN_POINT('',(-0.0912476283095672,-0.00525198016659755,0.34411948539232));
#1382=CARTESIAN_POINT('',(-0.1095,-0.00527178519615532,0.341728759408861));
#1383=CARTESIAN_POINT('',(-0.018999999999999,-0.00540618128555377,0.353635322973277));
#1384=CARTESIAN_POINT('',(-0.0309149519557114,-0.00539186547701717,0.352018138633919));
#1385=CARTESIAN_POINT('',(-0.0610715663379969,-0.0053649738164664,0.347943675401808));
#1386=CARTESIAN_POINT('',(-0.0912476283095672,-0.00540617478836964,0.344002292919772));
#1387=CARTESIAN_POINT('',(-0.1095,-0.00543109571588806,0.341618298013344));
#1388=CARTESIAN_POINT('',(-0.018999999999999,-0.00550705879898745,0.353550314099561));
#1389=CARTESIAN_POINT('',(-0.0309149519557114,-0.00549061120477856,0.351930600130539));
#1390=CARTESIAN_POINT('',(-0.0610715663379969,-0.00545971507207244,0.347851385092612));
#1391=CARTESIAN_POINT('',(-0.0912476283095672,-0.00550705133429918,0.343917282897993));
#1392=CARTESIAN_POINT('',(-0.1095,-0.00553568326955343,0.341537691565234));
#1393=CARTESIAN_POINT('',(-0.018999999999999,-0.00570393578492226,0.353367198878921));
#1394=CARTESIAN_POINT('',(-0.0309149519557114,-0.00568289618094024,0.351742547981716));
#1395=CARTESIAN_POINT('',(-0.0610715663379969,-0.00564337414577466,0.34765405912621));
#1396=CARTESIAN_POINT('',(-0.0912476283095672,-0.00570392623616497,0.343734165436743));
#1397=CARTESIAN_POINT('',(-0.1095,-0.00574055193177356,0.341363168297536));
#1398=CARTESIAN_POINT('',(-0.018999999999999,-0.005799860127032,0.353269087066893));
#1399=CARTESIAN_POINT('',(-0.0309149519557114,-0.00577636016193835,0.35164203075519));
#1400=CARTESIAN_POINT('',(-0.0610715663379969,-0.00573221643909953,0.347549023426979));
#1401=CARTESIAN_POINT('',(-0.0912476283095672,-0.00579984946164765,0.343636052533025));
#1402=CARTESIAN_POINT('',(-0.1095,-0.00584075814838281,0.341269242734));
#1403=CARTESIAN_POINT('',(-0.018999999999999,-0.00598508316390759,0.353060393138844));
#1404=CARTESIAN_POINT('',(-0.0309149519557114,-0.00595634976629521,0.351428692153109));
#1405=CARTESIAN_POINT('',(-0.0610715663379969,-0.00590237525461558,0.347326959994783));
#1406=CARTESIAN_POINT('',(-0.0912476283095672,-0.00598507012334655,0.343427356497005));
#1407=CARTESIAN_POINT('',(-0.1095,-0.0060350891577186,0.341068632136158));
#1408=CARTESIAN_POINT('',(-0.018999999999999,-0.00607445650014349,0.352949825922196));
#1409=CARTESIAN_POINT('',(-0.0309149519557114,-0.00604295040471493,0.351315883805162));
#1410=CARTESIAN_POINT('',(-0.0610715663379969,-0.00598376749364297,0.347209941773393));
#1411=CARTESIAN_POINT('',(-0.0912476283095672,-0.00607444220120237,0.343316788263227));
#1412=CARTESIAN_POINT('',(-0.1095,-0.00612928794173852,0.340961965258741));
#1413=CARTESIAN_POINT('',(-0.018999999999999,-0.00633362178463951,0.352601050608953));
#1414=CARTESIAN_POINT('',(-0.0309149519557114,-0.00629336944974522,0.350960609660613));
#1415=CARTESIAN_POINT('',(-0.0610715663379969,-0.00621775708572223,0.34684245984016));
#1416=CARTESIAN_POINT('',(-0.0912476283095672,-0.00633360351624545,0.34296801000051));
#1417=CARTESIAN_POINT('',(-0.1095,-0.00640367469090408,0.340624500147042));
#1418=CARTESIAN_POINT('',(-0.018999999999999,-0.0064943087627478,0.352345431224201));
#1419=CARTESIAN_POINT('',(-0.0309149519557114,-0.006447646273758,0.350700960906274));
#1420=CARTESIAN_POINT('',(-0.0610715663379969,-0.00635999269756221,0.346575242079931));
#1421=CARTESIAN_POINT('',(-0.0912476283095672,-0.00649428758512571,0.342712388787041));
#1422=CARTESIAN_POINT('',(-0.1095,-0.00657551754171326,0.340375893251148));
#1423=CARTESIAN_POINT('',(-0.018999999999999,-0.00679843429849528,0.35180238309007));
#1424=CARTESIAN_POINT('',(-0.0309149519557114,-0.00673815383721928,0.350150286580681));
#1425=CARTESIAN_POINT('',(-0.0610715663379969,-0.0066249194573145,0.34601024226573));
#1426=CARTESIAN_POINT('',(-0.0912476283095672,-0.0067984069403998,0.342169337191787));
#1427=CARTESIAN_POINT('',(-0.1095,-0.00690334303272007,0.339846117312954));
#1428=CARTESIAN_POINT('',(-0.0189999999999989,-0.00694142727552929,0.351514667883427));
#1429=CARTESIAN_POINT('',(-0.0309149519557113,-0.00687393181288589,0.349858985725967));
#1430=CARTESIAN_POINT('',(-0.0610715663379969,-0.00674714434814142,0.345712205917836));
#1431=CARTESIAN_POINT('',(-0.0912476283095671,-0.00694139664292841,0.34188162035781));
#1432=CARTESIAN_POINT('',(-0.1095,-0.00705889259351044,0.339564642367128));
#1433=CARTESIAN_POINT('',(-0.018999999999999,-0.00720755542957691,0.350912481972433));
#1434=CARTESIAN_POINT('',(-0.0309149519557114,-0.00712495903539327,0.349250126498638));
#1435=CARTESIAN_POINT('',(-0.0610715663379969,-0.00696980508866197,0.345090811138835));
#1436=CARTESIAN_POINT('',(-0.0912476283095672,-0.00720751794346632,0.341279431418153));
#1437=CARTESIAN_POINT('',(-0.1095,-0.0073513015619375,0.338974070321639));
#1438=CARTESIAN_POINT('',(-0.018999999999999,-0.00733087921759136,0.350598064575701));
#1439=CARTESIAN_POINT('',(-0.0309149519557114,-0.00724039822992173,0.348932616703884));
#1440=CARTESIAN_POINT('',(-0.0610715663379969,-0.00707043339695486,0.344767492400933));
#1441=CARTESIAN_POINT('',(-0.0912476283095672,-0.00733083815308312,0.340965012617946));
#1442=CARTESIAN_POINT('',(-0.1095,-0.00748834725428021,0.338665034761));
#1443=CARTESIAN_POINT('',(-0.018999999999999,-0.00755864791144219,0.349947360442381));
#1444=CARTESIAN_POINT('',(-0.0309149519557114,-0.0074518493359984,0.348276201204025));
#1445=CARTESIAN_POINT('',(-0.0610715663379969,-0.00725123258209333,0.344100348332732));
#1446=CARTESIAN_POINT('',(-0.0912476283095672,-0.00755859944124868,0.34031430589254));
#1447=CARTESIAN_POINT('',(-0.1095,-0.00774451416278888,0.338024270369707));
#1448=CARTESIAN_POINT('',(-0.018999999999999,-0.00766326930343731,0.349611064121626));
#1449=CARTESIAN_POINT('',(-0.0309149519557114,-0.00754803749328267,0.347937281489076));
#1450=CARTESIAN_POINT('',(-0.0610715663379969,-0.00733157925305084,0.343756500679135));
#1451=CARTESIAN_POINT('',(-0.0912476283095671,-0.00766321700584708,0.339978008381166));
#1452=CARTESIAN_POINT('',(-0.1095,-0.00786381228353174,0.337692539657085));
#1453=CARTESIAN_POINT('',(-0.018999999999999,-0.00785321275839893,0.348920113380562));
#1454=CARTESIAN_POINT('',(-0.0309149519557114,-0.0077206541283629,0.347241567930858));
#1455=CARTESIAN_POINT('',(-0.0610715663379969,-0.00747164816597599,0.343051840363782));
#1456=CARTESIAN_POINT('',(-0.0912476283095671,-0.00785315259708665,0.339287055478513));
#1457=CARTESIAN_POINT('',(-0.1095,-0.00808391036411203,0.337009877855893));
#1458=CARTESIAN_POINT('',(-0.018999999999999,-0.00793824911969493,0.348565460756089));
#1459=CARTESIAN_POINT('',(-0.0309149519557114,-0.00779679694965766,0.346884783047865));
#1460=CARTESIAN_POINT('',(-0.0610715663379969,-0.00753108483629113,0.34269105012041));
#1461=CARTESIAN_POINT('',(-0.0912476283095672,-0.00793818492207783,0.338932401886321));
#1462=CARTESIAN_POINT('',(-0.1095,-0.00818442454366882,0.336658936094569));
#1463=CARTESIAN_POINT('',(-0.018999999999999,-0.00808978670704622,0.347840612411835));
#1464=CARTESIAN_POINT('',(-0.0309149519557114,-0.00793015769705878,0.346156134993049));
#1465=CARTESIAN_POINT('',(-0.0610715663379969,-0.00763030113361972,0.341955264464781));
#1466=CARTESIAN_POINT('',(-0.0912476283095672,-0.00808971425992817,0.33820755181758));
#1467=CARTESIAN_POINT('',(-0.1095,-0.00836759608389663,0.335940700553486));
#1468=CARTESIAN_POINT('',(-0.018999999999999,-0.00815648233267428,0.347470417676849));
#1469=CARTESIAN_POINT('',(-0.0309149519557114,-0.00798757004734089,0.34578426793113));
#1470=CARTESIAN_POINT('',(-0.0610715663379969,-0.00767027523102467,0.341580256005149));
#1471=CARTESIAN_POINT('',(-0.0912476283095672,-0.00815640567237126,0.337837356323615));
#1472=CARTESIAN_POINT('',(-0.1095,-0.00845044780132273,0.335573416242509));
#1473=CARTESIAN_POINT('',(-0.018999999999999,-0.00827060615834117,0.346717003467853));
#1474=CARTESIAN_POINT('',(-0.0309149519557114,-0.00808280071465426,0.345027992236937));
#1475=CARTESIAN_POINT('',(-0.0610715663379969,-0.00773001587345571,0.340818605128102));
#1476=CARTESIAN_POINT('',(-0.0912476283095672,-0.00827052092343837,0.337083940815943));
#1477=CARTESIAN_POINT('',(-0.1095,-0.00859745222024357,0.334824982001874));
#1478=CARTESIAN_POINT('',(-0.018999999999999,-0.00831799403771001,0.346333775869378));
#1479=CARTESIAN_POINT('',(-0.0309149519557114,-0.00812057850730032,0.34464357649131));
#1480=CARTESIAN_POINT('',(-0.0610715663379969,-0.00774974151142593,0.340431957496666));
#1481=CARTESIAN_POINT('',(-0.0912476283095671,-0.00831790444129994,0.336700712678231));
#1482=CARTESIAN_POINT('',(-0.1095,-0.00866156495560284,0.334443822188072));
#1483=CARTESIAN_POINT('',(-0.018999999999999,-0.00839316524184122,0.345557088461522));
#1484=CARTESIAN_POINT('',(-0.0309149519557114,-0.00817627295773367,0.343865004410556));
#1485=CARTESIAN_POINT('',(-0.0610715663379969,-0.00776884967700259,0.339649845134994));
#1486=CARTESIAN_POINT('',(-0.0912476283095672,-0.00839306680596849,0.335924024415022));
#1487=CARTESIAN_POINT('',(-0.1095,-0.00877063240959678,0.333670414759231));
#1488=CARTESIAN_POINT('',(-0.018999999999999,-0.0084209445044372,0.345163627179851));
#1489=CARTESIAN_POINT('',(-0.0309149519557114,-0.0081941855164364,0.343470846705008));
#1490=CARTESIAN_POINT('',(-0.0610715663379969,-0.00776822803617523,0.339254379225688));
#1491=CARTESIAN_POINT('',(-0.0912476283095672,-0.00842084159059231,0.335530562817281));
#1492=CARTESIAN_POINT('',(-0.1095,-0.00881558313031534,0.333278165494622));
#1493=CARTESIAN_POINT('',(-0.018999999999999,-0.00845345687793878,0.344367449001316));
#1494=CARTESIAN_POINT('',(-0.0309149519557114,-0.00820673239328294,0.342673853603385));
#1495=CARTESIAN_POINT('',(-0.0610715663379969,-0.00774327054451881,0.338455855324391));
#1496=CARTESIAN_POINT('',(-0.0912476283095672,-0.00845334490281678,0.334734384268896));
#1497=CARTESIAN_POINT('',(-0.1095,-0.00888284233451316,0.332483405562526));
#1498=CARTESIAN_POINT('',(-0.018999999999999,-0.00845826712972741,0.343964739957862));
#1499=CARTESIAN_POINT('',(-0.0309149519557114,-0.00820144404921038,0.342271024126283));
#1500=CARTESIAN_POINT('',(-0.0610715663379969,-0.00771901240134309,0.338052799617609));
#1501=CARTESIAN_POINT('',(-0.0912476283095672,-0.00845815057138983,0.334331675170783));
#1502=CARTESIAN_POINT('',(-0.1095,-0.00890522761620071,0.332080906115039));
#1503=CARTESIAN_POINT('',(-0.018999999999999,-0.00844656408095298,0.343151518434639));
#1504=CARTESIAN_POINT('',(-0.0309149519557114,-0.00816934813480741,0.341458096462722));
#1505=CARTESIAN_POINT('',(-0.0610715663379969,-0.00764860932330784,0.337240423957399));
#1506=CARTESIAN_POINT('',(-0.0912476283095672,-0.00844643826737825,0.333518453780927));
#1507=CARTESIAN_POINT('',(-0.1095,-0.0089290151671168,0.331267173174939));
#1508=CARTESIAN_POINT('',(-0.018999999999999,-0.00842996961477304,0.342740981762132));
#1509=CARTESIAN_POINT('',(-0.0309149519557114,-0.00814245879222592,0.3410479761189));
#1510=CARTESIAN_POINT('',(-0.0610715663379969,-0.00760238147665969,0.336831085669974));
#1511=CARTESIAN_POINT('',(-0.0912476283095672,-0.00842983912890142,0.33310791729737));
#1512=CARTESIAN_POINT('',(-0.1095,-0.00893033732648062,0.33085591194734));
#1513=CARTESIAN_POINT('',(-0.018999999999999,-0.008372693169591,0.341912183721702));
#1514=CARTESIAN_POINT('',(-0.0309149519557114,-0.00806439889620587,0.340220614773626));
#1515=CARTESIAN_POINT('',(-0.0610715663379969,-0.00748528071867361,0.336006423097765));
#1516=CARTESIAN_POINT('',(-0.0912476283095672,-0.00837255325121638,0.33227911990898));
#1517=CARTESIAN_POINT('',(-0.1095,-0.00890923123358334,0.330024613563231));
#1518=CARTESIAN_POINT('',(-0.018999999999999,-0.00833208722392677,0.341493908336872));
#1519=CARTESIAN_POINT('',(-0.0309149519557114,-0.00801330402457198,0.339803357848614));
#1520=CARTESIAN_POINT('',(-0.0610715663379969,-0.00741448282879964,0.335591079307847));
#1521=CARTESIAN_POINT('',(-0.0912476283095672,-0.00833194254518648,0.331860844986374));
#1522=CARTESIAN_POINT('',(-0.1095,-0.00888687962644873,0.329604565708048));
#1523=CARTESIAN_POINT('',(-0.018999999999999,-0.00822975996559484,0.340648732460957));
#1524=CARTESIAN_POINT('',(-0.0309149519557114,-0.00788978263556656,0.338960748399094));
#1525=CARTESIAN_POINT('',(-0.0610715663379969,-0.00725114913256178,0.334753290785295));
#1526=CARTESIAN_POINT('',(-0.0912476283095672,-0.00822960566796581,0.331015670275224));
#1527=CARTESIAN_POINT('',(-0.1095,-0.00882143744455592,0.328754923367563));
#1528=CARTESIAN_POINT('',(-0.018999999999999,-0.00816802449658861,0.340221827060158));
#1529=CARTESIAN_POINT('',(-0.0309149519557114,-0.00781734183874401,0.338535391319867));
#1530=CARTESIAN_POINT('',(-0.0610715663379969,-0.00715859881548511,0.334330842164786));
#1531=CARTESIAN_POINT('',(-0.0912476283095672,-0.00816786534038064,0.330588765577126));
#1532=CARTESIAN_POINT('',(-0.1095,-0.00877833292771725,0.328325323354732));
#1533=CARTESIAN_POINT('',(-0.018999999999999,-0.00803183529562484,0.339360453004548));
#1534=CARTESIAN_POINT('',(-0.0309149519557114,-0.00765955232712008,0.337677432842419));
#1535=CARTESIAN_POINT('',(-0.0610715663379969,-0.00696023400414416,0.333479299711153));
#1536=CARTESIAN_POINT('',(-0.0912476283095672,-0.00803166633618462,0.329727393071665));
#1537=CARTESIAN_POINT('',(-0.1095,-0.00867973569606247,0.327458005018437));
#1538=CARTESIAN_POINT('',(-0.018999999999999,-0.00795765341306526,0.338925961042387));
#1539=CARTESIAN_POINT('',(-0.0309149519557114,-0.00757447487711721,0.337244801319786));
#1540=CARTESIAN_POINT('',(-0.0610715663379969,-0.00685468967653224,0.333050162948047));
#1541=CARTESIAN_POINT('',(-0.0912476283095672,-0.00795747950870645,0.329292901953858));
#1542=CARTESIAN_POINT('',(-0.1095,-0.00862451584804846,0.327020275251656));
#1543=CARTESIAN_POINT('',(-0.018999999999999,-0.00779637681503211,0.338051225828897));
#1544=CARTESIAN_POINT('',(-0.0309149519557114,-0.0073912629272699,0.336374110798672));
#1545=CARTESIAN_POINT('',(-0.0610715663379969,-0.00663027306586962,0.332187070216058));
#1546=CARTESIAN_POINT('',(-0.0912476283095672,-0.0077961929553837,0.328418168576039));
#1547=CARTESIAN_POINT('',(-0.1095,-0.00850141430615931,0.326138500882384));
#1548=CARTESIAN_POINT('',(-0.018999999999999,-0.00770906425111686,0.337611060145884));
#1549=CARTESIAN_POINT('',(-0.0309149519557114,-0.00729291252424076,0.335936134831379));
#1550=CARTESIAN_POINT('',(-0.0610715663379969,-0.00651118853371982,0.331753207540144));
#1551=CARTESIAN_POINT('',(-0.0912476283095672,-0.00770887538198031,0.327978003886822));
#1552=CARTESIAN_POINT('',(-0.1095,-0.00843331137842639,0.325694524340933));
#1553=CARTESIAN_POINT('',(-0.018999999999999,-0.00752359313962722,0.336725714864606));
#1554=CARTESIAN_POINT('',(-0.0309149519557114,-0.00708524000748098,0.335055440964855));
#1555=CARTESIAN_POINT('',(-0.0610715663379969,-0.0062618115856142,0.330881251165905));
#1556=CARTESIAN_POINT('',(-0.0912476283095672,-0.00752339419445355,0.327092660716573));
#1557=CARTESIAN_POINT('',(-0.1095,-0.00828647834759507,0.324801083998273));
#1558=CARTESIAN_POINT('',(-0.018999999999999,-0.00742553158736907,0.33628048120645));
#1559=CARTESIAN_POINT('',(-0.0309149519557114,-0.00697601353337956,0.334612666573442));
#1560=CARTESIAN_POINT('',(-0.0610715663379969,-0.00613161226268504,0.330443096406437));
#1561=CARTESIAN_POINT('',(-0.0912476283095672,-0.00742532757503117,0.326647428174548));
#1562=CARTESIAN_POINT('',(-0.1095,-0.00820784759917457,0.324351570370197));
#1563=CARTESIAN_POINT('',(-0.018999999999999,-0.00711840933272725,0.334938538479978));
#1564=CARTESIAN_POINT('',(-0.0309149519557114,-0.00663523999712734,0.33327842608177));
#1565=CARTESIAN_POINT('',(-0.0610715663379969,-0.00572762617089667,0.329123324247673));
#1566=CARTESIAN_POINT('',(-0.0912476283095672,-0.0071181900478623,0.32530548894371));
#1567=CARTESIAN_POINT('',(-0.1095,-0.00795929014785475,0.322996223106225));
#1568=CARTESIAN_POINT('',(-0.018999999999999,-0.0068964387242734,0.334035621259395));
#1569=CARTESIAN_POINT('',(-0.0309149519557114,-0.00639062735538156,0.332381075569387));
#1570=CARTESIAN_POINT('',(-0.0610715663379969,-0.0054404813960961,0.32823643056886));
#1571=CARTESIAN_POINT('',(-0.0912476283095672,-0.00689620916339371,0.32440257424956));
#1572=CARTESIAN_POINT('',(-0.1095,-0.00777672446435753,0.322083617898877));
#1573=CARTESIAN_POINT('',(-0.018999999999999,-0.00643294841035095,0.33222115949071));
#1574=CARTESIAN_POINT('',(-0.0309149519557114,-0.00588163663969494,0.330578237447057));
#1575=CARTESIAN_POINT('',(-0.0610715663379969,-0.00484602003751584,0.326455426990581));
#1576=CARTESIAN_POINT('',(-0.0912476283095672,-0.00643269819925876,0.322588117756231));
#1577=CARTESIAN_POINT('',(-0.1095,-0.00739242049796392,0.320248926987941));
#1578=CARTESIAN_POINT('',(-0.0189999999999989,-0.00619073007085794,0.331310090650579));
#1579=CARTESIAN_POINT('',(-0.0309149519557113,-0.00561657186122375,0.329673243064255));
#1580=CARTESIAN_POINT('',(-0.0610715663379969,-0.00453803915827226,0.325561843227314));
#1581=CARTESIAN_POINT('',(-0.0912476283095672,-0.00619046949098214,0.321677051672973));
#1582=CARTESIAN_POINT('',(-0.1095,-0.00718996281962064,0.319327286502935));
#1583=CARTESIAN_POINT('',(-0.018999999999999,-0.00569336358711659,0.329491298139247));
#1584=CARTESIAN_POINT('',(-0.0309149519557114,-0.00507359639129887,0.327866923702176));
#1585=CARTESIAN_POINT('',(-0.0610715663379969,-0.00390938907406515,0.32377895416572));
#1586=CARTESIAN_POINT('',(-0.0912476283095671,-0.0056930823077476,0.319858264822539));
#1587=CARTESIAN_POINT('',(-0.1095,-0.00677197165764205,0.317486786422149));
#1588=CARTESIAN_POINT('',(-0.018999999999999,-0.0054377732372271,0.328583786656792));
#1589=CARTESIAN_POINT('',(-0.0309149519557114,-0.00479524881539699,0.326965822000579));
#1590=CARTESIAN_POINT('',(-0.0610715663379969,-0.00358829298029661,0.322889892975185));
#1591=CARTESIAN_POINT('',(-0.0912476283095672,-0.00543748162956352,0.318950756249143));
#1592=CARTESIAN_POINT('',(-0.1095,-0.0065559867076598,0.316568119716553));
#1593=CARTESIAN_POINT('',(-0.018999999999999,-0.00491214640889334,0.326783367726846));
#1594=CARTESIAN_POINT('',(-0.0309149519557114,-0.00422447376217025,0.325178584885914));
#1595=CARTESIAN_POINT('',(-0.0610715663379969,-0.00293270883401815,0.321127417361143));
#1596=CARTESIAN_POINT('',(-0.0912476283095672,-0.00491183431085161,0.317150343301722));
#1597=CARTESIAN_POINT('',(-0.1095,-0.0061089333179786,0.314744759894539));
#1598=CARTESIAN_POINT('',(-0.018999999999999,-0.00464238452609698,0.325890232867507));
#1599=CARTESIAN_POINT('',(-0.0309149519557114,-0.0039323151776356,0.324292215175168));
#1600=CARTESIAN_POINT('',(-0.0610715663379969,-0.00259847896171356,0.320253755705205));
#1601=CARTESIAN_POINT('',(-0.0912476283095672,-0.00464206226338345,0.316257211512724));
#1602=CARTESIAN_POINT('',(-0.1095,-0.00587814939886131,0.313839851349985));
#1603=CARTESIAN_POINT('',(-0.018999999999999,-0.0040905342127694,0.324128396167899));
#1604=CARTESIAN_POINT('',(-0.0309149519557114,-0.00333628416494653,0.322544217869653));
#1605=CARTESIAN_POINT('',(-0.0610715663379969,-0.0019194563130937,0.318531755135203));
#1606=CARTESIAN_POINT('',(-0.0912476283095672,-0.0040901918987861,0.314495381094081));
#1607=CARTESIAN_POINT('',(-0.1095,-0.00540318869701098,0.312053929345023));
#1608=CARTESIAN_POINT('',(-0.018999999999999,-0.00380770675155723,0.323259560684088));
#1609=CARTESIAN_POINT('',(-0.0309149519557114,-0.00303166935513004,0.32168247516382));
#1610=CARTESIAN_POINT('',(-0.0610715663379969,-0.00157391486043545,0.317683335922575));
#1611=CARTESIAN_POINT('',(-0.0912476283095672,-0.00380735454945512,0.313626548829305));
#1612=CARTESIAN_POINT('',(-0.1095,-0.00515827871545659,0.311172749988188));
#1613=CARTESIAN_POINT('',(-0.018999999999999,-0.00323162845370868,0.321556009611917));
#1614=CARTESIAN_POINT('',(-0.0309149519557114,-0.0024128719776884,0.319993371014726));
#1615=CARTESIAN_POINT('',(-0.0610715663379969,-0.000874871439990261,0.31602136972733));
#1616=CARTESIAN_POINT('',(-0.0912476283095672,-0.00323125686368829,0.311923004313824));
#1617=CARTESIAN_POINT('',(-0.1095,-0.00465654630800925,0.30944405630129));
#1618=CARTESIAN_POINT('',(-0.018999999999999,-0.00293767889852473,0.320721336182454));
#1619=CARTESIAN_POINT('',(-0.0309149519557114,-0.00209799174905155,0.319166069251861));
#1620=CARTESIAN_POINT('',(-0.0610715663379969,-0.000520673797729521,0.315207915338533));
#1621=CARTESIAN_POINT('',(-0.0912476283095672,-0.00293729780918481,0.311088334229968));
#1622=CARTESIAN_POINT('',(-0.1095,-0.0043990233230926,0.308596553636687));
#1623=CARTESIAN_POINT('',(-0.018999999999999,-0.00234131941759028,0.319098295785098));
#1624=CARTESIAN_POINT('',(-0.0309149519557114,-0.0014609321361426,0.317557984323449));
#1625=CARTESIAN_POINT('',(-0.0610715663379969,0.000192839347694289,0.313627923646571));
#1626=CARTESIAN_POINT('',(-0.0912476283095672,-0.00234091985662502,0.309465300620104));
#1627=CARTESIAN_POINT('',(-0.1095,-0.00387349606934828,0.306947485579898));
#1628=CARTESIAN_POINT('',(-0.0189999999999989,-0.00203891621041248,0.31830993461404));
#1629=CARTESIAN_POINT('',(-0.0309149519557113,-0.0011387596158052,0.316777206786254));
#1630=CARTESIAN_POINT('',(-0.0610715663379969,0.000552147713866075,0.312861391655273));
#1631=CARTESIAN_POINT('',(-0.0912476283095672,-0.00203850767720738,0.308676942890855));
#1632=CARTESIAN_POINT('',(-0.1095,-0.00360549826611343,0.306145926277762));
#1633=CARTESIAN_POINT('',(-0.018999999999999,-0.00173269966525368,0.317552320313533));
#1634=CARTESIAN_POINT('',(-0.0309149519557114,-0.000813544787797973,0.316027271730739));
#1635=CARTESIAN_POINT('',(-0.0610715663379969,0.000913050038817756,0.312125881747253));
#1636=CARTESIAN_POINT('',(-0.0912476283095672,-0.00173228250973838,0.307919332075548));
#1637=CARTESIAN_POINT('',(-0.1095,-0.00333234526698404,0.305374947449927));
#1638=CARTESIAN_POINT('',(-0.1095,-0.00333234526698404,0.305374947449927));
#1639=CARTESIAN_POINT('',(-0.0912476283095672,-0.00173228250973838,0.307919332075548));
#1640=CARTESIAN_POINT('',(-0.0547333895289436,0.00146867540263391,0.313009424987601));
#1641=CARTESIAN_POINT('',(-0.0182476258412845,-0.00173172762591626,0.317652704139665));
#1642=CARTESIAN_POINT('',(0.,-0.00333234526698403,0.319974947449927));
#1643=CARTESIAN_POINT('',(-0.109499999981743,-0.0033323452654069,0.305374947452538));
#1644=CARTESIAN_POINT('',(-0.1095,-0.00434600279503512,0.342129189319368));
#1645=CARTESIAN_POINT('',(-0.0912476283095672,-0.00434540575968803,0.344559490190592));
#1646=CARTESIAN_POINT('',(-0.0547333895289436,-0.0043442113783992,0.349421356244259));
#1647=CARTESIAN_POINT('',(-0.0182476258412845,-0.00434540555264287,0.354292822691742));
#1648=CARTESIAN_POINT('',(0.,-0.00434600279503512,0.356729189319368));
#1649=CARTESIAN_POINT('',(-0.109499999987054,-0.00434600279546053,0.342129189320772));
#1650=CARTESIAN_POINT('',(-0.1095,0.000309651883804039,0.298579457762298));
#1651=CARTESIAN_POINT('',(-0.1095,0.000291668528499571,0.298598821391564));
#1652=CARTESIAN_POINT('',(-0.1095,0.000244001444644566,0.298650147060457));
#1653=CARTESIAN_POINT('',(-0.1095,5.82711269442229E-5,0.298822084779361));
#1654=CARTESIAN_POINT('',(-0.1095,-0.000202582767552802,0.299044317667205));
#1655=CARTESIAN_POINT('',(-0.1095,-0.000508058596749274,0.299340533497553));
#1656=CARTESIAN_POINT('',(-0.1095,-0.000815195421933563,0.299735956539612));
#1657=CARTESIAN_POINT('',(-0.1095,-0.00113149980153507,0.300246635356657));
#1658=CARTESIAN_POINT('',(-0.1095,-0.00147051021714776,0.300869993105395));
#1659=CARTESIAN_POINT('',(-0.1095,-0.001828541560349,0.301603226977805));
#1660=CARTESIAN_POINT('',(-0.1095,-0.0022033477914246,0.302443844926855));
#1661=CARTESIAN_POINT('',(-0.1095,-0.00259197755871791,0.303387190082916));
#1662=CARTESIAN_POINT('',(-0.1095,-0.00299245685300001,0.304427765197328));
#1663=CARTESIAN_POINT('',(-0.1095,-0.00340170848304204,0.305560274453286));
#1664=CARTESIAN_POINT('',(-0.1095,-0.00381683514054488,0.306777955357036));
#1665=CARTESIAN_POINT('',(-0.1095,-0.00423531458518631,0.308073604156488));
#1666=CARTESIAN_POINT('',(-0.1095,-0.00465495217020045,0.309439488414358));
#1667=CARTESIAN_POINT('',(-0.1095,-0.0050714005684671,0.310867380747156));
#1668=CARTESIAN_POINT('',(-0.1095,-0.00548343274168171,0.312348521854964));
#1669=CARTESIAN_POINT('',(-0.1095,-0.00588677227415153,0.31387416748787));
#1670=CARTESIAN_POINT('',(-0.1095,-0.00628103277111856,0.315435042271066));
#1671=CARTESIAN_POINT('',(-0.1095,-0.00666315616718692,0.317020407816294));
#1672=CARTESIAN_POINT('',(-0.1095,-0.00703142973083304,0.318619520474378));
#1673=CARTESIAN_POINT('',(-0.1095,-0.00738580369181496,0.320218940332518));
#1674=CARTESIAN_POINT('',(-0.1095,-0.00772017649072095,0.321805600061312));
#1675=CARTESIAN_POINT('',(-0.1095,-0.00802985625326806,0.323365846171546));
#1676=CARTESIAN_POINT('',(-0.1095,-0.00830565947421522,0.324889946992989));
#1677=CARTESIAN_POINT('',(-0.1095,-0.00854038688495959,0.326369178622146));
#1678=CARTESIAN_POINT('',(-0.1095,-0.008724578298998,0.327797885839071));
#1679=CARTESIAN_POINT('',(-0.1095,-0.00886414802851486,0.329166858445237));
#1680=CARTESIAN_POINT('',(-0.1095,-0.00893284811809981,0.330472018024593));
#1681=CARTESIAN_POINT('',(-0.1095,-0.00892640757719338,0.331719801738202));
#1682=CARTESIAN_POINT('',(-0.1095,-0.00885754967573841,0.332915014364197));
#1683=CARTESIAN_POINT('',(-0.1095,-0.00872575047927224,0.334056434001759));
#1684=CARTESIAN_POINT('',(-0.1095,-0.00854440356556097,0.33514281241535));
#1685=CARTESIAN_POINT('',(-0.1095,-0.00831833940522915,0.336167211722773));
#1686=CARTESIAN_POINT('',(-0.1095,-0.0080549649508409,0.337124248562279));
#1687=CARTESIAN_POINT('',(-0.1095,-0.00775529982088068,0.338009077280737));
#1688=CARTESIAN_POINT('',(-0.1095,-0.0074271440175041,0.338817512570535));
#1689=CARTESIAN_POINT('',(-0.1095,-0.0070745501318487,0.339545007774334));
#1690=CARTESIAN_POINT('',(-0.1095,-0.00670279061312809,0.340186970873453));
#1691=CARTESIAN_POINT('',(-0.1095,-0.00632115738758036,0.340741294143388));
#1692=CARTESIAN_POINT('',(-0.1095,-0.00592619301675723,0.341198780905683));
#1693=CARTESIAN_POINT('',(-0.1095,-0.00551857916171135,0.341562466046713));
#1694=CARTESIAN_POINT('',(-0.1095,-0.00511373403829761,0.341840042991228));
#1695=CARTESIAN_POINT('',(-0.1095,-0.00471962484525986,0.342038092031773));
#1696=CARTESIAN_POINT('',(-0.1095,-0.00446766115498581,0.342099526330799));
#1697=CARTESIAN_POINT('',(-0.1095,-0.00434600279503512,0.342129189319368));
#1698=CARTESIAN_POINT('',(-0.1095,0.001,0.30293));
#1699=CARTESIAN_POINT('',(-0.0912925537385068,0.00289675448585247,0.306009341324306));
#1700=CARTESIAN_POINT('',(-0.0612930015101159,0.00602194757694001,0.311083027087856));
#1701=CARTESIAN_POINT('',(-0.0309468796964838,0.00396613527768418,0.312419629944959));
#1702=CARTESIAN_POINT('',(-0.0189999999951302,0.00288080029559746,0.312745038903324));
#1703=CARTESIAN_POINT('',(-0.1095,0.00104349849689745,0.302960243543192));
#1704=CARTESIAN_POINT('',(-0.0912925537385068,0.00293884793634574,0.30604142858455));
#1705=CARTESIAN_POINT('',(-0.0612930015101159,0.00606172599860495,0.311118152153909));
#1706=CARTESIAN_POINT('',(-0.0309468796964838,0.00400743656996854,0.312452756683753));
#1707=CARTESIAN_POINT('',(-0.0189999999951302,0.00292290556437181,0.312777110655493));
#1708=CARTESIAN_POINT('',(-0.1095,0.0010869969937949,0.302990487086383));
#1709=CARTESIAN_POINT('',(-0.0912925537385068,0.00298094138683902,0.306073515844795));
#1710=CARTESIAN_POINT('',(-0.0612930015101159,0.0061015044202699,0.311153277219963));
#1711=CARTESIAN_POINT('',(-0.0309468796964838,0.0040487378622529,0.312485883422547));
#1712=CARTESIAN_POINT('',(-0.0189999999951302,0.00296501083314616,0.312809182407662));
#1713=CARTESIAN_POINT('',(-0.1095,0.00115365514655827,0.303028740603475));
#1714=CARTESIAN_POINT('',(-0.0912925537385068,0.00304580015426849,0.306114610163366));
#1715=CARTESIAN_POINT('',(-0.0612930015101159,0.00616339842517705,0.311199052193426));
#1716=CARTESIAN_POINT('',(-0.0309468796964838,0.00411258214513651,0.312528579370934));
#1717=CARTESIAN_POINT('',(-0.0189999999951302,0.00302988473576375,0.312850252831371));
#1718=CARTESIAN_POINT('',(-0.1095,0.00117614458111951,0.303040338483322));
#1719=CARTESIAN_POINT('',(-0.0912925537385068,0.00306773969188086,0.30612716898278));
#1720=CARTESIAN_POINT('',(-0.0612930015101158,0.00618443192346897,0.311213194307735));
#1721=CARTESIAN_POINT('',(-0.0309468796964838,0.00413421165357062,0.31254167996332));
#1722=CARTESIAN_POINT('',(-0.0189999999951302,0.0030518288987299,0.312862803568024));
#1723=CARTESIAN_POINT('',(-0.1095,0.00122164864191536,0.303059813642418));
#1724=CARTESIAN_POINT('',(-0.0912925537385068,0.00311230559403817,0.306148596079483));
#1725=CARTESIAN_POINT('',(-0.0612930015101158,0.00622745206579423,0.311237837520158));
#1726=CARTESIAN_POINT('',(-0.0309468796964838,0.0041782486265306,0.312564207552785));
#1727=CARTESIAN_POINT('',(-0.0189999999951302,0.00309640269203049,0.312884214246374));
#1728=CARTESIAN_POINT('',(-0.1095,0.00124460220553963,0.303067635052521));
#1729=CARTESIAN_POINT('',(-0.0912925537385068,0.00313487345470604,0.30615740592504));
#1730=CARTESIAN_POINT('',(-0.0612930015101159,0.00624938442185486,0.311248275964292));
#1731=CARTESIAN_POINT('',(-0.0309468796964838,0.00420059902978055,0.31257357467336));
#1732=CARTESIAN_POINT('',(-0.0189999999951302,0.00311897379696555,0.312893015777895));
#1733=CARTESIAN_POINT('',(-0.1095,0.00129031794218838,0.303077501261573));
#1734=CARTESIAN_POINT('',(-0.0912925537385068,0.00318007066216002,0.306169251663683));
#1735=CARTESIAN_POINT('',(-0.0612930015101159,0.00629372727316044,0.311263383280672));
#1736=CARTESIAN_POINT('',(-0.0309468796964838,0.00424550389304079,0.312586536460989));
#1737=CARTESIAN_POINT('',(-0.0189999999951302,0.00316417536592941,0.312904844866101));
#1738=CARTESIAN_POINT('',(-0.1095,0.00131308011521286,0.303079546060521));
#1739=CARTESIAN_POINT('',(-0.0912925537385068,0.00320270000894614,0.306172287556769));
#1740=CARTESIAN_POINT('',(-0.0612930015101159,0.00631613776840538,0.311268052152918));
#1741=CARTESIAN_POINT('',(-0.0309468796964838,0.00426805835305109,0.312590131128044));
#1742=CARTESIAN_POINT('',(-0.0189999999951302,0.00318680582995821,0.312907872422786));
#1743=CARTESIAN_POINT('',(-0.1095,0.00135781861360951,0.303075914774998));
#1744=CARTESIAN_POINT('',(-0.0912925537385068,0.0032475118555764,0.30617061884358));
#1745=CARTESIAN_POINT('',(-0.0612930015101159,0.00636107046746786,0.311269617077792));
#1746=CARTESIAN_POINT('',(-0.0309468796964838,0.00431291155305246,0.312589568903425));
#1747=CARTESIAN_POINT('',(-0.0189999999951302,0.00323161705963374,0.312906187201793));
#1748=CARTESIAN_POINT('',(-0.1095,0.00137979202880387,0.303070221485873));
#1749=CARTESIAN_POINT('',(-0.0912925537385068,0.0032696922028593,0.306165896938278));
#1750=CARTESIAN_POINT('',(-0.0612930015101159,0.0063835917670133,0.311266495675892));
#1751=CARTESIAN_POINT('',(-0.0309468796964838,0.00433520856762274,0.312585394659513));
#1752=CARTESIAN_POINT('',(-0.0189999999951302,0.00325379566634666,0.312901457125879));
#1753=CARTESIAN_POINT('',(-0.1095,0.001444477570247,0.30304358476498));
#1754=CARTESIAN_POINT('',(-0.0912925537385068,0.00333541865320305,0.306142138636189));
#1755=CARTESIAN_POINT('',(-0.0612930015101159,0.00645103327395974,0.311247480008989));
#1756=CARTESIAN_POINT('',(-0.0309468796964838,0.00440152187725306,0.312563259195702));
#1757=CARTESIAN_POINT('',(-0.0189999999951302,0.00331951336128281,0.312877674612518));
#1758=CARTESIAN_POINT('',(-0.1095,0.00148583389320501,0.303013178479223));
#1759=CARTESIAN_POINT('',(-0.0912925537385068,0.00337802518775456,0.306113598179779));
#1760=CARTESIAN_POINT('',(-0.0612930015101159,0.00649569972330969,0.311222013791772));
#1761=CARTESIAN_POINT('',(-0.0309468796964838,0.00444483327491352,0.312535770684642));
#1762=CARTESIAN_POINT('',(-0.0189999999951302,0.00336210937991686,0.312849118462038));
#1763=CARTESIAN_POINT('',(-0.1095,0.00156559279304574,0.302937510729405));
#1764=CARTESIAN_POINT('',(-0.0912925537385068,0.00346093950851476,0.306041561324036));
#1765=CARTESIAN_POINT('',(-0.0612930015101159,0.00658381308260152,0.311155959389301));
#1766=CARTESIAN_POINT('',(-0.0309468796964838,0.00452952660637152,0.312465780909009));
#1767=CARTESIAN_POINT('',(-0.0189999999951302,0.00344499715945306,0.312777051065719));
#1768=CARTESIAN_POINT('',(-0.1095,0.00160427822495374,0.302892031645916));
#1769=CARTESIAN_POINT('',(-0.0912925537385068,0.00350153912264808,0.305997860084977));
#1770=CARTESIAN_POINT('',(-0.0612930015101159,0.00662756660469197,0.311115187420831));
#1771=CARTESIAN_POINT('',(-0.0309468796964838,0.00457120542696993,0.312423082009841));
#1772=CARTESIAN_POINT('',(-0.0189999999951302,0.003485580672806,0.312733334872659));
#1773=CARTESIAN_POINT('',(-0.1095,0.00168285917216399,0.302793903551276));
#1774=CARTESIAN_POINT('',(-0.0912925537385068,0.00358425954192704,0.305903354259331));
#1775=CARTESIAN_POINT('',(-0.0612930015101158,0.00671710743726447,0.311026649837317));
#1776=CARTESIAN_POINT('',(-0.0309468796964838,0.00465625966011443,0.312330618401527));
#1777=CARTESIAN_POINT('',(-0.0189999999951302,0.00356826627370154,0.312638798578985));
#1778=CARTESIAN_POINT('',(-0.1095,0.00172302692568882,0.302741736348883));
#1779=CARTESIAN_POINT('',(-0.0912925537385067,0.00362663100454194,0.305853042462229));
#1780=CARTESIAN_POINT('',(-0.0612930015101158,0.0067631098476243,0.310979395104182));
#1781=CARTESIAN_POINT('',(-0.0309468796964838,0.00469987356300787,0.312281352672745));
#1782=CARTESIAN_POINT('',(-0.0189999999951302,0.00361061920023581,0.312588471175494));
#1783=CARTESIAN_POINT('',(-0.1095,0.00180465127032569,0.302632123913273));
#1784=CARTESIAN_POINT('',(-0.0912925537385067,0.00371289102469671,0.305747207249135));
#1785=CARTESIAN_POINT('',(-0.0612930015101158,0.00685700785214081,0.310879783442843));
#1786=CARTESIAN_POINT('',(-0.0309468796964838,0.00478874715407703,0.312177647039011));
#1787=CARTESIAN_POINT('',(-0.0189999999951302,0.00369684022828605,0.312482604191009));
#1788=CARTESIAN_POINT('',(-0.1095,0.00184604376101551,0.302574568842152));
#1789=CARTESIAN_POINT('',(-0.0912925537385068,0.00375672040546706,0.305691571402865));
#1790=CARTESIAN_POINT('',(-0.0612930015101159,0.00690485238199883,0.310827309813029));
#1791=CARTESIAN_POINT('',(-0.0309468796964838,0.00483395044141429,0.312123093242215));
#1792=CARTESIAN_POINT('',(-0.0189999999951302,0.00374064911161813,0.312426952201544));
#1793=CARTESIAN_POINT('',(-0.1095,0.00192914959757275,0.302454205005363));
#1794=CARTESIAN_POINT('',(-0.0912925537385068,0.00384492906314996,0.305575070068117));
#1795=CARTESIAN_POINT('',(-0.0612930015101159,0.00700146871787411,0.310717172541096));
#1796=CARTESIAN_POINT('',(-0.0309468796964838,0.0049250360443933,0.312008769567001));
#1797=CARTESIAN_POINT('',(-0.0189999999951302,0.00382881484788993,0.312310418378094));
#1798=CARTESIAN_POINT('',(-0.1095,0.001970899714093,0.302391418690935));
#1799=CARTESIAN_POINT('',(-0.0912925537385068,0.00388934405913219,0.305514228595374));
#1800=CARTESIAN_POINT('',(-0.0612930015101159,0.00705027451031697,0.310659535492458));
#1801=CARTESIAN_POINT('',(-0.0309468796964838,0.00497095348622735,0.311949024586375));
#1802=CARTESIAN_POINT('',(-0.0189999999951302,0.00387320742874449,0.312249560546684));
#1803=CARTESIAN_POINT('',(-0.1095,0.00205504416541687,0.302261546566592));
#1804=CARTESIAN_POINT('',(-0.0912925537385068,0.00397900498254812,0.305388282520695));
#1805=CARTESIAN_POINT('',(-0.0612930015101159,0.00714902466515312,0.310540058185023));
#1806=CARTESIAN_POINT('',(-0.0309468796964838,0.00506372456930701,0.311825291999067));
#1807=CARTESIAN_POINT('',(-0.0189999999951302,0.00396282195140272,0.312123581448784));
#1808=CARTESIAN_POINT('',(-0.1095,0.00209744121362136,0.302194465160128));
#1809=CARTESIAN_POINT('',(-0.0912925537385068,0.00402425342571722,0.305323182432416));
#1810=CARTESIAN_POINT('',(-0.0612930015101159,0.00719897121759775,0.310478222621462));
#1811=CARTESIAN_POINT('',(-0.0309468796964839,0.00511058061484524,0.311761308968174));
#1812=CARTESIAN_POINT('',(-0.0189999999951302,0.00400804641060443,0.312058464695023));
#1813=CARTESIAN_POINT('',(-0.1095,0.00218311770683754,0.302056893252969));
#1814=CARTESIAN_POINT('',(-0.0912925537385068,0.00411578004558819,0.305189618239992));
#1815=CARTESIAN_POINT('',(-0.0612930015101159,0.00730013681580773,0.31035126175197));
#1816=CARTESIAN_POINT('',(-0.0309468796964839,0.00520540550717112,0.311630004305481));
#1817=CARTESIAN_POINT('',(-0.0189999999951302,0.0040995238232457,0.311924866792466));
#1818=CARTESIAN_POINT('',(-0.1095,0.00222637850477788,0.301986372490828));
#1819=CARTESIAN_POINT('',(-0.0912925537385068,0.00416204093361788,0.305121123117038));
#1820=CARTESIAN_POINT('',(-0.0612930015101159,0.00735134081107129,0.310286104179367));
#1821=CARTESIAN_POINT('',(-0.0309468796964838,0.00525335783114534,0.311562651227877));
#1822=CARTESIAN_POINT('',(-0.0189999999951302,0.00414575947658718,0.311856354631234));
#1823=CARTESIAN_POINT('',(-0.1095,0.00235722541654037,0.301770031927765));
#1824=CARTESIAN_POINT('',(-0.0912925537385068,0.00430209495548929,0.304910915124053));
#1825=CARTESIAN_POINT('',(-0.0612930015101159,0.00750656495491466,0.310086000533454));
#1826=CARTESIAN_POINT('',(-0.0309468796964838,0.00539860277612894,0.311355900747551));
#1827=CARTESIAN_POINT('',(-0.0189999999951302,0.0042857360545999,0.3116460950553));
#1828=CARTESIAN_POINT('',(-0.1095,0.00244583824626004,0.301619460420998));
#1829=CARTESIAN_POINT('',(-0.0912925537385068,0.00439712055573416,0.304764504497544));
#1830=CARTESIAN_POINT('',(-0.0612930015101159,0.00761215657532162,0.309946445593508));
#1831=CARTESIAN_POINT('',(-0.0309468796964838,0.00549724386465824,0.31121183600474));
#1832=CARTESIAN_POINT('',(-0.0189999999951302,0.00438070771504297,0.311499649430337));
#1833=CARTESIAN_POINT('',(-0.1095,0.0027146486290101,0.301151803768854));
#1834=CARTESIAN_POINT('',(-0.0912925537385067,0.00468586045218386,0.304309490821942));
#1835=CARTESIAN_POINT('',(-0.0612930015101158,0.00793373339346437,0.309512263155278));
#1836=CARTESIAN_POINT('',(-0.0309468796964838,0.00579721992229798,0.310763950376739));
#1837=CARTESIAN_POINT('',(-0.0189999999951302,0.00466927997817185,0.311044529410737));
#1838=CARTESIAN_POINT('',(-0.1095,0.0028980890928716,0.300818941512562));
#1839=CARTESIAN_POINT('',(-0.0912925537385068,0.00488350113058198,0.303985282529646));
#1840=CARTESIAN_POINT('',(-0.0612930015101159,0.00815477109698769,0.309202313592139));
#1841=CARTESIAN_POINT('',(-0.0309468796964839,0.00600286661137308,0.310444621146514));
#1842=CARTESIAN_POINT('',(-0.0189999999951302,0.00486680121416133,0.310720248327266));
#1843=CARTESIAN_POINT('',(-0.1095,0.00317593386329696,0.300297124653403));
#1844=CARTESIAN_POINT('',(-0.0912925537385068,0.00518362566271205,0.303476606931639));
#1845=CARTESIAN_POINT('',(-0.0612930015101159,0.00849160494382874,0.30871529023161));
#1846=CARTESIAN_POINT('',(-0.0309468796964838,0.00631555236288673,0.309943354526508));
#1847=CARTESIAN_POINT('',(-0.0189999999951302,0.00516673834430568,0.310211462194036));
#1848=CARTESIAN_POINT('',(-0.1095,0.00326889121040891,0.300119268427329));
#1849=CARTESIAN_POINT('',(-0.0912925537385068,0.00528418017822651,0.303303153570489));
#1850=CARTESIAN_POINT('',(-0.0612930015101159,0.00860467695614128,0.308549091263764));
#1851=CARTESIAN_POINT('',(-0.0309468796964838,0.00642039012434714,0.309772383478812));
#1852=CARTESIAN_POINT('',(-0.0189999999951302,0.00526722895768046,0.310037971799024));
#1853=CARTESIAN_POINT('',(-0.1095,0.00345329246422873,0.299754912219859));
#1854=CARTESIAN_POINT('',(-0.0912925537385068,0.0054841564994508,0.302947553433201));
#1855=CARTESIAN_POINT('',(-0.0612930015101159,0.00883031558285038,0.30820791809119));
#1856=CARTESIAN_POINT('',(-0.0309468796964838,0.00662914759149097,0.309421719970558));
#1857=CARTESIAN_POINT('',(-0.0189999999951302,0.00546707427218224,0.309682298011714));
#1858=CARTESIAN_POINT('',(-0.1095,0.00354456642090808,0.299568370444103));
#1859=CARTESIAN_POINT('',(-0.0912925537385068,0.00558341050643393,0.302765357513489));
#1860=CARTESIAN_POINT('',(-0.0612930015101159,0.00894271794311905,0.308032882633933));
#1861=CARTESIAN_POINT('',(-0.0309468796964839,0.00673290071134104,0.309241974222974));
#1862=CARTESIAN_POINT('',(-0.0189999999951302,0.00556626115648727,0.309500065537659));
#1863=CARTESIAN_POINT('',(-0.1095,0.00372626580009524,0.299186538048841));
#1864=CARTESIAN_POINT('',(-0.0912925537385068,0.00578145404153061,0.30239219643608));
#1865=CARTESIAN_POINT('',(-0.0612930015101159,0.00916769097463136,0.307674008878812));
#1866=CARTESIAN_POINT('',(-0.0309468796964839,0.00694015900065009,0.308873701991655));
#1867=CARTESIAN_POINT('',(-0.0189999999951302,0.00576416721581949,0.309126831523106));
#1868=CARTESIAN_POINT('',(-0.1095,0.00381665594479484,0.298991134100639));
#1869=CARTESIAN_POINT('',(-0.0912925537385068,0.00588021331307174,0.302201116623888));
#1870=CARTESIAN_POINT('',(-0.0612930015101159,0.00928023966255645,0.307490053742001));
#1871=CARTESIAN_POINT('',(-0.0309468796964838,0.00704363674448454,0.308685060105946));
#1872=CARTESIAN_POINT('',(-0.0189999999951302,0.00586285609203908,0.308935715339265));
#1873=CARTESIAN_POINT('',(-0.1095,0.0039982002063298,0.298592362719097));
#1874=CARTESIAN_POINT('',(-0.0912925537385068,0.00607884247589188,0.301811042108298));
#1875=CARTESIAN_POINT('',(-0.0612930015101159,0.00950701881308275,0.307114308643102));
#1876=CARTESIAN_POINT('',(-0.0309468796964838,0.0072518982900938,0.308299888840338));
#1877=CARTESIAN_POINT('',(-0.0189999999951302,0.00606134154845567,0.308545567671638));
#1878=CARTESIAN_POINT('',(-0.1095,0.00408942426543139,0.298389108476839));
#1879=CARTESIAN_POINT('',(-0.0912925537385068,0.00617877722805843,0.30161216343732));
#1880=CARTESIAN_POINT('',(-0.0612930015101159,0.00962130576422299,0.306922639394972));
#1881=CARTESIAN_POINT('',(-0.0309468796964838,0.00735674408789998,0.30810347709479));
#1882=CARTESIAN_POINT('',(-0.0189999999951302,0.00616120303228124,0.308346652196372));
#1883=CARTESIAN_POINT('',(-0.1095,0.00436745616448905,0.297770402378523));
#1884=CARTESIAN_POINT('',(-0.0912925537385068,0.00648332382479425,0.301006791696951));
#1885=CARTESIAN_POINT('',(-0.0612930015101159,0.00996953938034593,0.306339238048579));
#1886=CARTESIAN_POINT('',(-0.0309468796964838,0.00767623953996197,0.307505623199439));
#1887=CARTESIAN_POINT('',(-0.0189999999951302,0.00646552660567142,0.307741168296583));
#1888=CARTESIAN_POINT('',(-0.1095,0.00455817433742228,0.297345774832687));
#1889=CARTESIAN_POINT('',(-0.0912925537385068,0.00669223963376422,0.300591311381273));
#1890=CARTESIAN_POINT('',(-0.0612930015101159,0.0102084385776987,0.305938829193497));
#1891=CARTESIAN_POINT('',(-0.0309468796964838,0.00789541508606691,0.307095300046853));
#1892=CARTESIAN_POINT('',(-0.0189999999951302,0.00667428934868072,0.307325611040715));
#1893=CARTESIAN_POINT('',(-0.1095,0.00495150505345522,0.296478758237326));
#1894=CARTESIAN_POINT('',(-0.0912925537385068,0.00712271932481,0.299743143080138));
#1895=CARTESIAN_POINT('',(-0.0612930015101159,0.0107001268863685,0.305121716339619));
#1896=CARTESIAN_POINT('',(-0.0309468796964838,0.00834683918536968,0.30625775832072));
#1897=CARTESIAN_POINT('',(-0.0189999999951302,0.00710445656817599,0.306477284200732));
#1898=CARTESIAN_POINT('',(-0.1095,0.00515423836974906,0.296036554843193));
#1899=CARTESIAN_POINT('',(-0.0912925537385068,0.00734439563407566,0.299310645675068));
#1900=CARTESIAN_POINT('',(-0.0612930015101159,0.0109530146735569,0.304705211035894));
#1901=CARTESIAN_POINT('',(-0.0309468796964838,0.00857919546032145,0.305830733104249));
#1902=CARTESIAN_POINT('',(-0.0189999999951302,0.00732597354205264,0.306044705155578));
#1903=CARTESIAN_POINT('',(-0.1095,0.00557359784700749,0.295140558553714));
#1904=CARTESIAN_POINT('',(-0.0912925537385068,0.00780212119097507,0.298434690776894));
#1905=CARTESIAN_POINT('',(-0.0612930015101159,0.0114739542140902,0.303862277394878));
#1906=CARTESIAN_POINT('',(-0.0309468796964838,0.00905855162304358,0.304966077443304));
#1907=CARTESIAN_POINT('',(-0.0189999999951302,0.00778337638995703,0.305168581683046));
#1908=CARTESIAN_POINT('',(-0.1095,0.00579028994880439,0.294686642644161));
#1909=CARTESIAN_POINT('',(-0.0912925537385067,0.00803824163087726,0.297991113386814));
#1910=CARTESIAN_POINT('',(-0.0612930015101158,0.0117420858122476,0.303435734296725));
#1911=CARTESIAN_POINT('',(-0.0309468796964838,0.00930562566381607,0.304528328859336));
#1912=CARTESIAN_POINT('',(-0.0189999999951302,0.00801933341208175,0.304724917332472));
#1913=CARTESIAN_POINT('',(-0.1095,0.00623802031354558,0.293772369255579));
#1914=CARTESIAN_POINT('',(-0.0912925537385068,0.00852508287020596,0.297098156441027));
#1915=CARTESIAN_POINT('',(-0.0612930015101159,0.012293368198788,0.302577899450424));
#1916=CARTESIAN_POINT('',(-0.0309468796964838,0.00981451742067226,0.3036473900185));
#1917=CARTESIAN_POINT('',(-0.0189999999951302,0.00850584567771413,0.303831781087474));
#1918=CARTESIAN_POINT('',(-0.1095,0.00646905858213565,0.293312010893501));
#1919=CARTESIAN_POINT('',(-0.0912925537385068,0.00877580371386803,0.296648776004204));
#1920=CARTESIAN_POINT('',(-0.0612930015101159,0.0125765190949891,0.30214660682434));
#1921=CARTESIAN_POINT('',(-0.0309468796964838,0.0100763352027482,0.303204198881603));
#1922=CARTESIAN_POINT('',(-0.0189999999951302,0.00875640096513276,0.303382308311916));
#1923=CARTESIAN_POINT('',(-0.1095,0.00718446558000499,0.291927764218582));
#1924=CARTESIAN_POINT('',(-0.0912925537385068,0.00955035453023409,0.295298443610716));
#1925=CARTESIAN_POINT('',(-0.0612930015101159,0.013448518397348,0.300852153396111));
#1926=CARTESIAN_POINT('',(-0.0309468796964838,0.0108842310112721,0.301872987192141));
#1927=CARTESIAN_POINT('',(-0.0189999999951302,0.00953045430449812,0.302031690654889));
#1928=CARTESIAN_POINT('',(-0.1095,0.00769037911591079,0.291000982441611));
#1929=CARTESIAN_POINT('',(-0.0912925537385068,0.0100958146716763,0.294395545494518));
#1930=CARTESIAN_POINT('',(-0.0612930015101159,0.0140591376193778,0.299988607263626));
#1931=CARTESIAN_POINT('',(-0.0309468796964838,0.0114519873331943,0.300983554565682));
#1932=CARTESIAN_POINT('',(-0.0189999999951302,0.0100755818071759,0.301128591645812));
#1933=CARTESIAN_POINT('',(-0.1095,0.00875904419511122,0.28917460763312));
#1934=CARTESIAN_POINT('',(-0.0912925537385068,0.0112422759901173,0.292619370661242));
#1935=CARTESIAN_POINT('',(-0.0612930015101159,0.0153337801395507,0.29829514456673));
#1936=CARTESIAN_POINT('',(-0.0309468796964838,0.0126423097862951,0.299235682229986));
#1937=CARTESIAN_POINT('',(-0.0189999999951302,0.0112213887573203,0.299351994564976));
#1938=CARTESIAN_POINT('',(-0.1095,0.00932104024320421,0.288274505881186));
#1939=CARTESIAN_POINT('',(-0.0912925537385068,0.0118425453513644,0.291745553169904));
#1940=CARTESIAN_POINT('',(-0.0612930015101159,0.0159971106374575,0.297464634414446));
#1941=CARTESIAN_POINT('',(-0.0309468796964838,0.0132641574520787,0.298376683674688));
#1942=CARTESIAN_POINT('',(-0.0189999999951302,0.01182133618986,0.298477955988569));
#1943=CARTESIAN_POINT('',(-0.1095,0.0104918734225083,0.286536247150043));
#1944=CARTESIAN_POINT('',(-0.0912925537385068,0.0130871279838406,0.290061792287543));
#1945=CARTESIAN_POINT('',(-0.0612930015101159,0.0173632067727323,0.295870667072453));
#1946=CARTESIAN_POINT('',(-0.0309468796964838,0.0145503196612574,0.296723648409753));
#1947=CARTESIAN_POINT('',(-0.0189999999951302,0.0130652984928123,0.2967937367079));
#1948=CARTESIAN_POINT('',(-0.1095,0.0111007825363325,0.285697980665775));
#1949=CARTESIAN_POINT('',(-0.0912925537385068,0.0137315178870663,0.289251742747011));
#1950=CARTESIAN_POINT('',(-0.0612930015101159,0.0180660567026672,0.295107109262018));
#1951=CARTESIAN_POINT('',(-0.0309468796964838,0.0152147134579485,0.29592950744245));
#1952=CARTESIAN_POINT('',(-0.0189999999951302,0.0137093899561141,0.295983449825903));
#1953=CARTESIAN_POINT('',(-0.1095,0.0117249845965643,0.284910004019323));
#1954=CARTESIAN_POINT('',(-0.0912925537385068,0.0143889732434312,0.288492555560611));
#1955=CARTESIAN_POINT('',(-0.0612930015101159,0.0187783019499253,0.294395357113901));
#1956=CARTESIAN_POINT('',(-0.0309468796964838,0.0158909168580982,0.295186551611145));
#1957=CARTESIAN_POINT('',(-0.0189999999951302,0.0143665656086918,0.295224020482426));
#1958=CARTESIAN_POINT('',(-0.1095,0.016950662228182,0.280236180053722));
#1959=CARTESIAN_POINT('',(-0.1095,0.0169349632350305,0.280242355022137));
#1960=CARTESIAN_POINT('',(-0.1095,0.0168914051942007,0.280259487937843));
#1961=CARTESIAN_POINT('',(-0.1095,0.0167125505019886,0.280333224420502));
#1962=CARTESIAN_POINT('',(-0.1095,0.0164192052056834,0.280464630755382));
#1963=CARTESIAN_POINT('',(-0.1095,0.0159944239683174,0.280696592889338));
#1964=CARTESIAN_POINT('',(-0.1095,0.0154768914602407,0.281051197196464));
#1965=CARTESIAN_POINT('',(-0.1095,0.0148905912659093,0.281523265230868));
#1966=CARTESIAN_POINT('',(-0.1095,0.0142488623808384,0.282102170061663));
#1967=CARTESIAN_POINT('',(-0.1095,0.0135636947075706,0.28278268052419));
#1968=CARTESIAN_POINT('',(-0.1095,0.0128480264353066,0.283557758613177));
#1969=CARTESIAN_POINT('',(-0.1095,0.012111938249046,0.284419395079935));
#1970=CARTESIAN_POINT('',(-0.1095,0.0113670802802419,0.285358403700498));
#1971=CARTESIAN_POINT('',(-0.1095,0.0106222270864326,0.286363740406705));
#1972=CARTESIAN_POINT('',(-0.1095,0.0098862732497137,0.287424021087882));
#1973=CARTESIAN_POINT('',(-0.1095,0.00916717088117722,0.288527203979691));
#1974=CARTESIAN_POINT('',(-0.1095,0.00847105387079864,0.289660331723969));
#1975=CARTESIAN_POINT('',(-0.1095,0.00780338965715526,0.290810052572362));
#1976=CARTESIAN_POINT('',(-0.1095,0.00716944451475004,0.291963652905106));
#1977=CARTESIAN_POINT('',(-0.1095,0.00657077176567141,0.293107880161209));
#1978=CARTESIAN_POINT('',(-0.1095,0.00601041834151556,0.294229731418022));
#1979=CARTESIAN_POINT('',(-0.1095,0.00548853165744201,0.295317393206503));
#1980=CARTESIAN_POINT('',(-0.1095,0.00500545266415804,0.296358659560722));
#1981=CARTESIAN_POINT('',(-0.1095,0.00455926265891048,0.297343234350216));
#1982=CARTESIAN_POINT('',(-0.1095,0.0041474188433184,0.298260243172849));
#1983=CARTESIAN_POINT('',(-0.1095,0.00376864802598279,0.299102505654141));
#1984=CARTESIAN_POINT('',(-0.1095,0.00340530617682921,0.299859763892719));
#1985=CARTESIAN_POINT('',(-0.1095,0.00304964776753663,0.300538701639078));
#1986=CARTESIAN_POINT('',(-0.1095,0.00271588792342481,0.301149488036481));
#1987=CARTESIAN_POINT('',(-0.1095,0.00240818045566767,0.301687213552025));
#1988=CARTESIAN_POINT('',(-0.1095,0.00212995053936309,0.30214667526928));
#1989=CARTESIAN_POINT('',(-0.1095,0.00188604243453346,0.302524708034687));
#1990=CARTESIAN_POINT('',(-0.1095,0.00167293189858167,0.302810163547626));
#1991=CARTESIAN_POINT('',(-0.1095,0.00150427329483641,0.303013445447919));
#1992=CARTESIAN_POINT('',(-0.1095,0.00133873285528175,0.303099607808785));
#1993=CARTESIAN_POINT('',(-0.1095,0.00116630187287205,0.303045626015467));
#1994=CARTESIAN_POINT('',(-0.1095,0.00105732603280277,0.302969857523196));
#1995=CARTESIAN_POINT('',(-0.1095,0.001,0.30293));
#1996=CARTESIAN_POINT('',(-0.0189999999999989,-0.00173269966525367,0.317552320313533));
#1997=CARTESIAN_POINT('',(-0.0309149519557113,-0.000813544787797941,0.316027271730739));
#1998=CARTESIAN_POINT('',(-0.0610715663379969,0.000913050038817814,0.312125881747253));
#1999=CARTESIAN_POINT('',(-0.0912476283095672,-0.00173228250973837,0.307919332075548));
#2000=CARTESIAN_POINT('',(-0.1095,-0.00333234526698404,0.305374947449927));
#2001=CARTESIAN_POINT('',(-0.0189999999999989,-0.0017153968571881,0.317509511213121));
#2002=CARTESIAN_POINT('',(-0.0309149519557113,-0.000795168479143004,0.315984896547123));
#2003=CARTESIAN_POINT('',(-0.0610715663379969,0.000933442874403553,0.312084321658583));
#2004=CARTESIAN_POINT('',(-0.0912476283095672,-0.00171497921446797,0.307876523172068));
#2005=CARTESIAN_POINT('',(-0.1095,-0.00331691071914138,0.305331383185058));
#2006=CARTESIAN_POINT('',(-0.0189999999999989,-0.00168994911605002,0.317470197039464));
#2007=CARTESIAN_POINT('',(-0.0309149519557113,-0.000768734882339331,0.315946220536235));
#2008=CARTESIAN_POINT('',(-0.0610715663379969,0.000961728360735043,0.312046844410343));
#2009=CARTESIAN_POINT('',(-0.0912476283095672,-0.00168953102590243,0.307837209288039));
#2010=CARTESIAN_POINT('',(-0.1095,-0.00329317870591606,0.305290958388709));
#2011=CARTESIAN_POINT('',(-0.0189999999999989,-0.00162647747206501,0.317403797228595));
#2012=CARTESIAN_POINT('',(-0.0309149519557113,-0.000703598183722376,0.315881412413092));
#2013=CARTESIAN_POINT('',(-0.0610715663379969,0.00102999279634613,0.311985026207464));
#2014=CARTESIAN_POINT('',(-0.0912476283095672,-0.00162605862623767,0.307770810199552));
#2015=CARTESIAN_POINT('',(-0.1095,-0.00323260482963479,0.305221788493783));
#2016=CARTESIAN_POINT('',(-0.0189999999999989,-0.00158847743365148,0.31737673723814));
#2017=CARTESIAN_POINT('',(-0.0309149519557113,-0.000664919589465924,0.315855305349144));
#2018=CARTESIAN_POINT('',(-0.0610715663379969,0.00106994602998784,0.311960709176964));
#2019=CARTESIAN_POINT('',(-0.0912476283095672,-0.00158805827986374,0.30774375064158));
#2020=CARTESIAN_POINT('',(-0.1095,-0.0031957857117563,0.305193070083478));
#2021=CARTESIAN_POINT('',(-0.0189999999999989,-0.00150524007823884,0.317338493689248));
#2022=CARTESIAN_POINT('',(-0.0309149519557113,-0.000580723253528968,0.315819149132419));
#2023=CARTESIAN_POINT('',(-0.0610715663379969,0.00115594377159942,0.311928473928305));
#2024=CARTESIAN_POINT('',(-0.0912476283095672,-0.00150482048922085,0.307705508040017));
#2025=CARTESIAN_POINT('',(-0.1095,-0.00311421731226773,0.305151193858741));
#2026=CARTESIAN_POINT('',(-0.0189999999999989,-0.00146002648593761,0.31732731964871));
#2027=CARTESIAN_POINT('',(-0.0309149519557113,-0.000535229475212123,0.315809108902602));
#2028=CARTESIAN_POINT('',(-0.0610715663379969,0.00120196386788174,0.311920563515533));
#2029=CARTESIAN_POINT('',(-0.0912476283095672,-0.00145960676975808,0.307694334514056));
#2030=CARTESIAN_POINT('',(-0.1095,-0.00306949133999501,0.30513804659761));
#2031=CARTESIAN_POINT('',(-0.0189999999999989,-0.00136859380328336,0.317322374927521));
#2032=CARTESIAN_POINT('',(-0.0309149519557113,-0.000443672838962223,0.315806457009108));
#2033=CARTESIAN_POINT('',(-0.0610715663379969,0.00129375334588904,0.311922218605044));
#2034=CARTESIAN_POINT('',(-0.0912476283095672,-0.00136817403084789,0.307689390833459));
#2035=CARTESIAN_POINT('',(-0.1095,-0.00297827437922721,0.305129111567684));
#2036=CARTESIAN_POINT('',(-0.0189999999999989,-0.00132240012311964,0.317328606249334));
#2037=CARTESIAN_POINT('',(-0.0309149519557113,-0.000397635441421485,0.315813846710691));
#2038=CARTESIAN_POINT('',(-0.0610715663379969,0.0013394971729174,0.311931784275627));
#2039=CARTESIAN_POINT('',(-0.0912476283095672,-0.00132198042161254,0.307695622680998));
#2040=CARTESIAN_POINT('',(-0.1095,-0.00293180871355092,0.305133326910306));
#2041=CARTESIAN_POINT('',(-0.0189999999999989,-0.00123539498679206,0.31735772190629));
#2042=CARTESIAN_POINT('',(-0.0309149519557113,-0.000311360469562647,0.31584514415113));
#2043=CARTESIAN_POINT('',(-0.0610715663379969,0.00142440056069914,0.311967180107063));
#2044=CARTESIAN_POINT('',(-0.0912476283095672,-0.00123497561666778,0.30772473932815));
#2045=CARTESIAN_POINT('',(-0.1095,-0.00284353283993019,0.305158645513645));
#2046=CARTESIAN_POINT('',(-0.0189999999999989,-0.00119460873649856,0.317380600468524));
#2047=CARTESIAN_POINT('',(-0.0309149519557113,-0.000271147956337682,0.315869045485001));
#2048=CARTESIAN_POINT('',(-0.0610715663379969,0.00146353533231747,0.311993002675602));
#2049=CARTESIAN_POINT('',(-0.0912476283095672,-0.00119418962676302,0.307747618354565));
#2050=CARTESIAN_POINT('',(-0.1095,-0.00280174808981827,0.305179744101481));
#2051=CARTESIAN_POINT('',(-0.0189999999999989,-0.00112419537125568,0.317440038751277));
#2052=CARTESIAN_POINT('',(-0.0309149519557113,-0.000202225137542045,0.315930249470799));
#2053=CARTESIAN_POINT('',(-0.0610715663379969,0.00152965822060329,0.31205752346232));
#2054=CARTESIAN_POINT('',(-0.0912476283095672,-0.0011237769379999,0.307807057438677));
#2055=CARTESIAN_POINT('',(-0.1095,-0.00272874066112974,0.305236109453676));
#2056=CARTESIAN_POINT('',(-0.0189999999999989,-0.00109459124150799,0.317476584926831));
#2057=CARTESIAN_POINT('',(-0.0309149519557113,-0.000173537477499793,0.315967538001376));
#2058=CARTESIAN_POINT('',(-0.0610715663379969,0.00155662432980469,0.312096206476433));
#2059=CARTESIAN_POINT('',(-0.0912476283095672,-0.00109417322418907,0.307843603951147));
#2060=CARTESIAN_POINT('',(-0.1095,-0.00269754155890311,0.30527136367618));
#2061=CARTESIAN_POINT('',(-0.0189999999999989,-0.00105097725349878,0.317558455159315));
#2062=CARTESIAN_POINT('',(-0.0309149519557113,-0.000131976541347248,0.316050501887655));
#2063=CARTESIAN_POINT('',(-0.0610715663379969,0.00159432869205284,0.312181224746612));
#2064=CARTESIAN_POINT('',(-0.0912476283095672,-0.00105056016795091,0.307925474679983));
#2065=CARTESIAN_POINT('',(-0.1095,-0.00265035455457947,0.305351330574934));
#2066=CARTESIAN_POINT('',(-0.0189999999999989,-0.00103698594113545,0.3176037582796));
#2067=CARTESIAN_POINT('',(-0.0309149519557113,-0.000119121286105419,0.316096155841651));
#2068=CARTESIAN_POINT('',(-0.0610715663379969,0.00160504991047798,0.31222753772738));
#2069=CARTESIAN_POINT('',(-0.0912476283095672,-0.00103656937118349,0.307970777959493));
#2070=CARTESIAN_POINT('',(-0.1095,-0.00263438611211293,0.305396023123904));
#2071=CARTESIAN_POINT('',(-0.0189999999999989,-0.00102705905088334,0.317696826893202));
#2072=CARTESIAN_POINT('',(-0.0309149519557113,-0.000111528249582679,0.316189473344178));
#2073=CARTESIAN_POINT('',(-0.0610715663379969,0.00160825889826851,0.312321322757571));
#2074=CARTESIAN_POINT('',(-0.0912476283095672,-0.00102664354014346,0.308063846686051));
#2075=CARTESIAN_POINT('',(-0.1095,-0.00262039751371473,0.305488658585176));
#2076=CARTESIAN_POINT('',(-0.0189999999999989,-0.00103113515576209,0.317744565017148));
#2077=CARTESIAN_POINT('',(-0.0309149519557113,-0.000116801464731645,0.316237109230388));
#2078=CARTESIAN_POINT('',(-0.0610715663379969,0.00160073696046122,0.312368766594374));
#2079=CARTESIAN_POINT('',(-0.0912476283095672,-0.0010307201883269,0.308111584763597));
#2080=CARTESIAN_POINT('',(-0.1095,-0.00262239023501417,0.305536574637945));
#2081=CARTESIAN_POINT('',(-0.0189999999999989,-0.0012648618054936,0.318554818864444));
#2082=CARTESIAN_POINT('',(-0.0309149519557113,-0.000370846455225954,0.317041501611386));
#2083=CARTESIAN_POINT('',(-0.0610715663379969,0.00130852479824547,0.313162148450776));
#2084=CARTESIAN_POINT('',(-0.0912476283095672,-0.00126445605947269,0.308921835950685));
#2085=CARTESIAN_POINT('',(-0.1095,-0.0028207559839521,0.30635702945247));
#2086=CARTESIAN_POINT('',(-0.0189999999999989,-0.00147040686641863,0.319349720254368));
#2087=CARTESIAN_POINT('',(-0.0309149519557113,-0.000596324882110416,0.317831248242136));
#2088=CARTESIAN_POINT('',(-0.0610715663379969,0.00104560235905497,0.313942212077342));
#2089=CARTESIAN_POINT('',(-0.0912476283095672,-0.00147001016709241,0.309716735001139));
#2090=CARTESIAN_POINT('',(-0.1095,-0.00299161013264156,0.307160901896179));
#2091=CARTESIAN_POINT('',(-0.0189999999999989,-0.00184917494922932,0.320984977454467));
#2092=CARTESIAN_POINT('',(-0.0309149519557113,-0.00101609955676765,0.319457006430733));
#2093=CARTESIAN_POINT('',(-0.0610715663379969,0.000548798479553199,0.315550126761524));
#2094=CARTESIAN_POINT('',(-0.0912476283095672,-0.00184879686061427,0.311351987890141));
#2095=CARTESIAN_POINT('',(-0.1095,-0.00329901264268736,0.30881269064318));
#2096=CARTESIAN_POINT('',(-0.0189999999999989,-0.00202229204024929,0.321825308959668));
#2097=CARTESIAN_POINT('',(-0.0309149519557113,-0.0012102892642378,0.320292996340012));
#2098=CARTESIAN_POINT('',(-0.0610715663379969,0.000315024724346886,0.316377961160515));
#2099=CARTESIAN_POINT('',(-0.0912476283095672,-0.00202192351537414,0.312192317424923));
#2100=CARTESIAN_POINT('',(-0.1095,-0.00343545613380782,0.309660578018445));
#2101=CARTESIAN_POINT('',(-0.0189999999999989,-0.00233668687484235,0.323539248306829));
#2102=CARTESIAN_POINT('',(-0.0309149519557113,-0.00156766380589698,0.321999050903676));
#2103=CARTESIAN_POINT('',(-0.0610715663379969,-0.000123085438359342,0.318069204481015));
#2104=CARTESIAN_POINT('',(-0.0912476283095671,-0.00233633785617044,0.313906253193601));
#2105=CARTESIAN_POINT('',(-0.1095,-0.00367505149656184,0.31138823960062));
#2106=CARTESIAN_POINT('',(-0.0189999999999989,-0.00247786737444159,0.324412887921905));
#2107=CARTESIAN_POINT('',(-0.0309149519557113,-0.00173075219292168,0.322869149769715));
#2108=CARTESIAN_POINT('',(-0.0610715663379969,-0.000327326895469012,0.318932652194872));
#2109=CARTESIAN_POINT('',(-0.0912476283095672,-0.00247752829859466,0.314779891201719));
#2110=CARTESIAN_POINT('',(-0.1095,-0.00377810473749893,0.312268041336751));
#2111=CARTESIAN_POINT('',(-0.0189999999999989,-0.00272819233309322,0.32618279398484));
#2112=CARTESIAN_POINT('',(-0.0309149519557113,-0.00202546034680376,0.324632777680388));
#2113=CARTESIAN_POINT('',(-0.0610715663379969,-0.000705407065485862,0.320684486853416));
#2114=CARTESIAN_POINT('',(-0.0912476283095672,-0.00272787340041816,0.316549794415334));
#2115=CARTESIAN_POINT('',(-0.1095,-0.00395118767221911,0.314048873543797));
#2116=CARTESIAN_POINT('',(-0.0189999999999989,-0.00283725590579314,0.327079071530883));
#2117=CARTESIAN_POINT('',(-0.0309149519557113,-0.00215699950565242,0.325526319851561));
#2118=CARTESIAN_POINT('',(-0.0610715663379969,-0.000879165693241623,0.321572890734821));
#2119=CARTESIAN_POINT('',(-0.0912476283095672,-0.00283694717359131,0.317446070719936));
#2120=CARTESIAN_POINT('',(-0.1095,-0.00402113599523591,0.314949911582864));
#2121=CARTESIAN_POINT('',(-0.0189999999999989,-0.00302463151204886,0.32888450994345));
#2122=CARTESIAN_POINT('',(-0.0309149519557113,-0.00238964936933091,0.327327058653836));
#2123=CARTESIAN_POINT('',(-0.0610715663379969,-0.00119686139692197,0.323364801511466));
#2124=CARTESIAN_POINT('',(-0.0912476283095672,-0.00302434332742465,0.3192515069996));
#2125=CARTESIAN_POINT('',(-0.1095,-0.00412971882289222,0.316763528933625));
#2126=CARTESIAN_POINT('',(-0.0189999999999989,-0.00310299670384211,0.329793679178961));
#2127=CARTESIAN_POINT('',(-0.0309149519557113,-0.00249081344223907,0.328234262320891));
#2128=CARTESIAN_POINT('',(-0.0610715663379969,-0.00134085223510238,0.324268312938606));
#2129=CARTESIAN_POINT('',(-0.0912476283095672,-0.00310271886641752,0.320160675343043));
#2130=CARTESIAN_POINT('',(-0.1095,-0.00416840612057388,0.317676118934244));
#2131=CARTESIAN_POINT('',(-0.0189999999999989,-0.0032308441190757,0.331615358159231));
#2132=CARTESIAN_POINT('',(-0.0309149519557113,-0.00266434240220644,0.330052734450741));
#2133=CARTESIAN_POINT('',(-0.0610715663379969,-0.00160019210761964,0.326080761131161));
#2134=CARTESIAN_POINT('',(-0.0912476283095672,-0.00323058701407477,0.321982352867896));
#2135=CARTESIAN_POINT('',(-0.1095,-0.00421675193721299,0.319503378937143));
#2136=CARTESIAN_POINT('',(-0.0189999999999989,-0.00328008763470729,0.332527852496449));
#2137=CARTESIAN_POINT('',(-0.0309149519557113,-0.00273646819520077,0.330963993491993));
#2138=CARTESIAN_POINT('',(-0.0610715663379969,-0.00171530132232529,0.326989699719488));
#2139=CARTESIAN_POINT('',(-0.0912476283095672,-0.00327984091475511,0.322894846644478));
#2140=CARTESIAN_POINT('',(-0.1095,-0.0042261724205802,0.320418023114184));
#2141=CARTESIAN_POINT('',(-0.0189999999999989,-0.00335162705128255,0.33434727696413));
#2142=CARTESIAN_POINT('',(-0.0309149519557113,-0.00285363264764277,0.332781623126276));
#2143=CARTESIAN_POINT('',(-0.0610715663379969,-0.00191817053772271,0.328803957832676));
#2144=CARTESIAN_POINT('',(-0.0912476283095672,-0.00335140103810766,0.324714270297579));
#2145=CARTESIAN_POINT('',(-0.1095,-0.00421830858342412,0.322240571209253));
#2146=CARTESIAN_POINT('',(-0.0189999999999989,-0.00337434035953079,0.335254388139438));
#2147=CARTESIAN_POINT('',(-0.0309149519557113,-0.00289909325419482,0.33368816429689));
#2148=CARTESIAN_POINT('',(-0.0610715663379969,-0.00200636101334705,0.329709428272797));
#2149=CARTESIAN_POINT('',(-0.0912476283095672,-0.00337412467014483,0.325621381214192));
#2150=CARTESIAN_POINT('',(-0.1095,-0.0042014337693924,0.323148674388765));
#2151=CARTESIAN_POINT('',(-0.0189999999999989,-0.00339686543289811,0.337053858782821));
#2152=CARTESIAN_POINT('',(-0.0309149519557113,-0.00296674301165827,0.335487069231868));
#2153=CARTESIAN_POINT('',(-0.0610715663379969,-0.00215877564343863,0.331507270547683));
#2154=CARTESIAN_POINT('',(-0.0912476283095672,-0.00339667022320639,0.327420851600831));
#2155=CARTESIAN_POINT('',(-0.1095,-0.00414542637318979,0.324949129559332));
#2156=CARTESIAN_POINT('',(-0.0189999999999989,-0.00339649647767666,0.337946108955999));
#2157=CARTESIAN_POINT('',(-0.0309149519557113,-0.00298874870156517,0.336379328233247));
#2158=CARTESIAN_POINT('',(-0.0610715663379969,-0.00222281118867622,0.332399546132475));
#2159=CARTESIAN_POINT('',(-0.0912476283095672,-0.00339631142264641,0.328313101778015));
#2160=CARTESIAN_POINT('',(-0.1095,-0.00410611784037625,0.325841364368404));
#2161=CARTESIAN_POINT('',(-0.0189999999999989,-0.00337759784181757,0.339707294340048));
#2162=CARTESIAN_POINT('',(-0.0309149519557113,-0.00301401470345165,0.338140986694924));
#2163=CARTESIAN_POINT('',(-0.0610715663379969,-0.00233103865540521,0.334162093251118));
#2164=CARTESIAN_POINT('',(-0.0912476283095672,-0.00337743283076757,0.330074287376769));
#2165=CARTESIAN_POINT('',(-0.1095,-0.00401035754577551,0.327601726434681));
#2166=CARTESIAN_POINT('',(-0.0189999999999989,-0.00335896374976047,0.340575978268988));
#2167=CARTESIAN_POINT('',(-0.0309149519557113,-0.00301716430275245,0.339010137491698));
#2168=CARTESIAN_POINT('',(-0.0610715663379969,-0.00237510802756002,0.335032121040016));
#2169=CARTESIAN_POINT('',(-0.0912476283095671,-0.00335880862516945,0.330942971517595));
#2170=CARTESIAN_POINT('',(-0.1095,-0.0039538123389272,0.328469597853023));
#2171=CARTESIAN_POINT('',(-0.0189999999999989,-0.00330969005967347,0.3422796481481));
#2172=CARTESIAN_POINT('',(-0.0309149519557113,-0.00301061296867981,0.340715042180358));
#2173=CARTESIAN_POINT('',(-0.0610715663379969,-0.00244880889111419,0.336739345267885));
#2174=CARTESIAN_POINT('',(-0.0912476283095672,-0.00330955432448774,0.332646641957122));
#2175=CARTESIAN_POINT('',(-0.1095,-0.00383018705633917,0.330171118738847));
#2176=CARTESIAN_POINT('',(-0.0189999999999989,-0.00327901871108323,0.343115007400332));
#2177=CARTESIAN_POINT('',(-0.0309149519557113,-0.00300088964592606,0.341551170170323));
#2178=CARTESIAN_POINT('',(-0.0610715663379969,-0.00247843557772688,0.337576917300227));
#2179=CARTESIAN_POINT('',(-0.0912476283095672,-0.00327889248309235,0.333482001558242));
#2180=CARTESIAN_POINT('',(-0.1095,-0.00376305893836635,0.331005140123038));
#2181=CARTESIAN_POINT('',(-0.0189999999999989,-0.00323147545677762,0.344334810788328));
#2182=CARTESIAN_POINT('',(-0.0309149519557113,-0.00298393499635912,0.342772165204249));
#2183=CARTESIAN_POINT('',(-0.0610715663379969,-0.00251894037051355,0.33880015079227));
#2184=CARTESIAN_POINT('',(-0.0912476283095672,-0.00323136311132763,0.334701805487063));
#2185=CARTESIAN_POINT('',(-0.1095,-0.00366228099180873,0.332222869637287));
#2186=CARTESIAN_POINT('',(-0.0189999999999989,-0.00321537422576414,0.344735852042973));
#2187=CARTESIAN_POINT('',(-0.0309149519557113,-0.00297789054401627,0.343173610033264));
#2188=CARTESIAN_POINT('',(-0.0610715663379969,-0.00253178716539248,0.339202353719227));
#2189=CARTESIAN_POINT('',(-0.0912476283095672,-0.00321526644455113,0.33510284692487));
#2190=CARTESIAN_POINT('',(-0.1095,-0.00362867750718965,0.332623208533732));
#2191=CARTESIAN_POINT('',(-0.0189999999999989,-0.00318362451335161,0.345525338577055));
#2192=CARTESIAN_POINT('',(-0.0309149519557113,-0.00296593852387316,0.343963892368629));
#2193=CARTESIAN_POINT('',(-0.0610715663379969,-0.00255702430008029,0.339994130934736));
#2194=CARTESIAN_POINT('',(-0.0912476283095672,-0.00318352571725822,0.335892333820124));
#2195=CARTESIAN_POINT('',(-0.1095,-0.00356247300142299,0.333411310099892));
#2196=CARTESIAN_POINT('',(-0.0189999999999989,-0.00316765421904608,0.345913788033496));
#2197=CARTESIAN_POINT('',(-0.0309149519557113,-0.00295970924806457,0.344352742121969));
#2198=CARTESIAN_POINT('',(-0.0610715663379969,-0.00256909312892774,0.340383732629422));
#2199=CARTESIAN_POINT('',(-0.0912476283095672,-0.00316755984388292,0.336280783458238));
#2200=CARTESIAN_POINT('',(-0.1095,-0.00352954998481005,0.333799062902058));
#2201=CARTESIAN_POINT('',(-0.0189999999999989,-0.00314063507504375,0.346676575126032));
#2202=CARTESIAN_POINT('',(-0.0309149519557113,-0.00295181826154355,0.345116206401666));
#2203=CARTESIAN_POINT('',(-0.0610715663379969,-0.00259713360353475,0.341148468977494));
#2204=CARTESIAN_POINT('',(-0.0912476283095672,-0.00314054938113398,0.337043570858113));
#2205=CARTESIAN_POINT('',(-0.1095,-0.0034692412682507,0.334560671456034));
#2206=CARTESIAN_POINT('',(-0.0189999999999989,-0.00312990119791668,0.347050749155369));
#2207=CARTESIAN_POINT('',(-0.0309149519557113,-0.00295046742054187,0.345490649422888));
#2208=CARTESIAN_POINT('',(-0.0610715663379969,-0.00261340841195232,0.341523417288962));
#2209=CARTESIAN_POINT('',(-0.0912476283095672,-0.00312981976246799,0.337417745009531));
#2210=CARTESIAN_POINT('',(-0.1095,-0.00344217768125974,0.334934377346982));
#2211=CARTESIAN_POINT('',(-0.0189999999999989,-0.00311791623268421,0.347784445822202));
#2212=CARTESIAN_POINT('',(-0.0309149519557113,-0.00295688111523487,0.346224646283872));
#2213=CARTESIAN_POINT('',(-0.0610715663379969,-0.00265438323646485,0.342257978052377));
#2214=CARTESIAN_POINT('',(-0.0912476283095672,-0.00311784314740875,0.338151441812606));
#2215=CARTESIAN_POINT('',(-0.1095,-0.00339817272010557,0.335667551572749));
#2216=CARTESIAN_POINT('',(-0.0189999999999989,-0.0031166809270969,0.348144176352743));
#2217=CARTESIAN_POINT('',(-0.0309149519557113,-0.00296466664670122,0.346584407620809));
#2218=CARTESIAN_POINT('',(-0.0610715663379969,-0.00267911404121496,0.342617797257869));
#2219=CARTESIAN_POINT('',(-0.0912476283095672,-0.00311661193589963,0.338511172357129));
#2220=CARTESIAN_POINT('',(-0.1095,-0.00338123805560636,0.336027228489565));
#2221=CARTESIAN_POINT('',(-0.0189999999999989,-0.0031243857122852,0.348850081057397));
#2222=CARTESIAN_POINT('',(-0.0309149519557113,-0.00299007315316185,0.347290118779848));
#2223=CARTESIAN_POINT('',(-0.0610715663379969,-0.00273777250675304,0.34332314484939));
#2224=CARTESIAN_POINT('',(-0.0912476283095672,-0.00312432475495778,0.339217076973942));
#2225=CARTESIAN_POINT('',(-0.1095,-0.00335813575782,0.336733470030153));
#2226=CARTESIAN_POINT('',(-0.0189999999999989,-0.00313274891907601,0.34919616259076));
#2227=CARTESIAN_POINT('',(-0.0309149519557113,-0.00300711492132582,0.347635990427561));
#2228=CARTESIAN_POINT('',(-0.0610715663379969,-0.00277111659734044,0.343668622235498));
#2229=CARTESIAN_POINT('',(-0.0912476283095672,-0.00313269190048604,0.339563158412049));
#2230=CARTESIAN_POINT('',(-0.1095,-0.00335139528309813,0.33707991683673));
#2231=CARTESIAN_POINT('',(-0.0189999999999989,-0.00315386032191442,0.349873842439661));
#2232=CARTESIAN_POINT('',(-0.0309149519557113,-0.00304522025424844,0.348313140551206));
#2233=CARTESIAN_POINT('',(-0.0610715663379969,-0.00284114433255557,0.344344777291924));
#2234=CARTESIAN_POINT('',(-0.0912476283095672,-0.00315381101596553,0.340240838020537));
#2235=CARTESIAN_POINT('',(-0.1095,-0.00334293140305216,0.337758518589762));
#2236=CARTESIAN_POINT('',(-0.0189999999999989,-0.00316688380462968,0.350205290041091));
#2237=CARTESIAN_POINT('',(-0.0309149519557113,-0.00306655532613904,0.348644261409833));
#2238=CARTESIAN_POINT('',(-0.0610715663379969,-0.00287809238461207,0.344675284377565));
#2239=CARTESIAN_POINT('',(-0.0912476283095672,-0.00316683827086909,0.340572285473675));
#2240=CARTESIAN_POINT('',(-0.1095,-0.00334148986208771,0.338090534836042));
#2241=CARTESIAN_POINT('',(-0.0189999999999989,-0.00319804414942524,0.350850036654538));
#2242=CARTESIAN_POINT('',(-0.0309149519557113,-0.0031138837410381,0.349288226319875));
#2243=CARTESIAN_POINT('',(-0.0610715663379969,-0.00295579185762304,0.345317780889748));
#2244=CARTESIAN_POINT('',(-0.0912476283095672,-0.00319800595349179,0.341217031732349));
#2245=CARTESIAN_POINT('',(-0.1095,-0.00334451220439437,0.338736641882255));
#2246=CARTESIAN_POINT('',(-0.0189999999999989,-0.00321619549599627,0.351163322415812));
#2247=CARTESIAN_POINT('',(-0.0309149519557113,-0.00313989123624615,0.349601056757331));
#2248=CARTESIAN_POINT('',(-0.0610715663379969,-0.00299655680658181,0.345629756020042));
#2249=CARTESIAN_POINT('',(-0.0912476283095672,-0.00321616086555088,0.341530317286976));
#2250=CARTESIAN_POINT('',(-0.1095,-0.00334899115045709,0.339050720063568));
#2251=CARTESIAN_POINT('',(-0.0189999999999989,-0.00325846597825038,0.351767785309301));
#2252=CARTESIAN_POINT('',(-0.0309149519557113,-0.00319731960259451,0.350204459361533));
#2253=CARTESIAN_POINT('',(-0.0610715663379969,-0.00308245863795931,0.346231166914203));
#2254=CARTESIAN_POINT('',(-0.0912476283095672,-0.00325843822716243,0.342134779699256));
#2255=CARTESIAN_POINT('',(-0.1095,-0.00336488170130067,0.339657028225072));
#2256=CARTESIAN_POINT('',(-0.0189999999999989,-0.0032825735571977,0.352058961035415));
#2257=CARTESIAN_POINT('',(-0.0309149519557113,-0.00322872888174424,0.350495030411982));
#2258=CARTESIAN_POINT('',(-0.0610715663379969,-0.00312758386216268,0.346520602106159));
#2259=CARTESIAN_POINT('',(-0.0912476283095672,-0.00328254911996314,0.34242595515094));
#2260=CARTESIAN_POINT('',(-0.1095,-0.00337628181070134,0.339949256294801));
#2261=CARTESIAN_POINT('',(-0.0189999999999989,-0.00332328669541194,0.352475159951321));
#2262=CARTESIAN_POINT('',(-0.0309149519557113,-0.00327987887499355,0.350910208181026));
#2263=CARTESIAN_POINT('',(-0.0610715663379969,-0.00319833906053212,0.346933861692607));
#2264=CARTESIAN_POINT('',(-0.0912476283095672,-0.00332326699491082,0.342842153603401));
#2265=CARTESIAN_POINT('',(-0.1095,-0.00339883123172032,0.340367232357439));
#2266=CARTESIAN_POINT('',(-0.0189999999999989,-0.00333766520877213,0.352610435431343));
#2267=CARTESIAN_POINT('',(-0.0309149519557113,-0.00329764963733436,0.351045123031829));
#2268=CARTESIAN_POINT('',(-0.0610715663379969,-0.00322248202377638,0.34706809911618));
#2269=CARTESIAN_POINT('',(-0.0912476283095672,-0.0033376470478324,0.342977428919753));
#2270=CARTESIAN_POINT('',(-0.1095,-0.00340730606519486,0.340503135456328));
#2271=CARTESIAN_POINT('',(-0.0189999999999989,-0.00336935554551876,0.352872602236645));
#2272=CARTESIAN_POINT('',(-0.0309149519557113,-0.00333591422413777,0.35130649502509));
#2273=CARTESIAN_POINT('',(-0.0610715663379969,-0.00327309607030123,0.347327978087544));
#2274=CARTESIAN_POINT('',(-0.0912476283095672,-0.0033693403682815,0.343239595364332));
#2275=CARTESIAN_POINT('',(-0.1095,-0.00342755494583228,0.340766685507933));
#2276=CARTESIAN_POINT('',(-0.0189999999999989,-0.00338675608602982,0.352999485930668));
#2277=CARTESIAN_POINT('',(-0.0309149519557113,-0.00335649657431645,0.351432942311566));
#2278=CARTESIAN_POINT('',(-0.0610715663379969,-0.00329965531974481,0.3474536056003));
#2279=CARTESIAN_POINT('',(-0.0912476283095672,-0.00338674235284675,0.343366478860293));
#2280=CARTESIAN_POINT('',(-0.1095,-0.0034394180432364,0.340894328701177));
#2281=CARTESIAN_POINT('',(-0.0189999999999989,-0.00342537093202876,0.353243442882515));
#2282=CARTESIAN_POINT('',(-0.0309149519557113,-0.00340122902496746,0.351675930816532));
#2283=CARTESIAN_POINT('',(-0.0610715663379969,-0.0033558794404099,0.347694774917427));
#2284=CARTESIAN_POINT('',(-0.0912476283095672,-0.00342535997530109,0.343610435372613));
#2285=CARTESIAN_POINT('',(-0.1095,-0.00346738615317941,0.341139971083665));
#2286=CARTESIAN_POINT('',(-0.0189999999999989,-0.00344638485747043,0.353360533324547));
#2287=CARTESIAN_POINT('',(-0.0309149519557113,-0.00342517917641115,0.351792494244082));
#2288=CARTESIAN_POINT('',(-0.0610715663379969,-0.00338534517225164,0.347810348369839));
#2289=CARTESIAN_POINT('',(-0.0912476283095672,-0.00344637523333958,0.343727525575461));
#2290=CARTESIAN_POINT('',(-0.1095,-0.00348329003555321,0.341257978712145));
#2291=CARTESIAN_POINT('',(-0.0189999999999989,-0.00347941673718181,0.353527918312681));
#2292=CARTESIAN_POINT('',(-0.0309149519557113,-0.00346240849512379,0.351959050823809));
#2293=CARTESIAN_POINT('',(-0.0610715663379969,-0.00343045920837409,0.347975348818269));
#2294=CARTESIAN_POINT('',(-0.0912476283095672,-0.0034794090180453,0.343894910187626));
#2295=CARTESIAN_POINT('',(-0.1095,-0.0035090169278228,0.341426805415814));
#2296=CARTESIAN_POINT('',(-0.0189999999999989,-0.00349056991552385,0.353582412059371));
#2297=CARTESIAN_POINT('',(-0.0309149519557113,-0.00347492818875771,0.35201326486026));
#2298=CARTESIAN_POINT('',(-0.0610715663379969,-0.0034455458450677,0.348029037430483));
#2299=CARTESIAN_POINT('',(-0.0912476283095672,-0.00349056281657594,0.343949403807369));
#2300=CARTESIAN_POINT('',(-0.1095,-0.00351779189958619,0.341481785954516));
#2301=CARTESIAN_POINT('',(-0.0189999999999989,-0.00351382184864255,0.353688080730359));
#2302=CARTESIAN_POINT('',(-0.0309149519557113,-0.00350082992706468,0.352118350400459));
#2303=CARTESIAN_POINT('',(-0.0610715663379969,-0.00347642513399409,0.348133027583356));
#2304=CARTESIAN_POINT('',(-0.0912476283095672,-0.0035138159523003,0.344055072213706));
#2305=CARTESIAN_POINT('',(-0.1095,-0.00353643226035857,0.341588469473627));
#2306=CARTESIAN_POINT('',(-0.0189999999999989,-0.00352605426833267,0.353739165390481));
#2307=CARTESIAN_POINT('',(-0.0309149519557113,-0.00351434337306454,0.352169128288205));
#2308=CARTESIAN_POINT('',(-0.0610715663379969,-0.00349234493549876,0.348183229211747));
#2309=CARTESIAN_POINT('',(-0.0912476283095672,-0.00352604895338013,0.344106156734599));
#2310=CARTESIAN_POINT('',(-0.1095,-0.00354643525370027,0.341640088023187));
#2311=CARTESIAN_POINT('',(-0.0189999999999989,-0.00355351772077392,0.353836359756452));
#2312=CARTESIAN_POINT('',(-0.0309149519557113,-0.00354424412151538,0.35226563391662));
#2313=CARTESIAN_POINT('',(-0.0610715663379969,-0.00352682404477246,0.348278441074845));
#2314=CARTESIAN_POINT('',(-0.0912476283095672,-0.00355351351198041,0.34420335078799));
#2315=CARTESIAN_POINT('',(-0.1095,-0.00356965697285208,0.341738481029376));
#2316=CARTESIAN_POINT('',(-0.0189999999999989,-0.00356874875876881,0.353882469457966));
#2317=CARTESIAN_POINT('',(-0.0309149519557113,-0.00356063142910139,0.352311361652822));
#2318=CARTESIAN_POINT('',(-0.0610715663379969,-0.00354538335747226,0.348323451304837));
#2319=CARTESIAN_POINT('',(-0.0912476283095672,-0.00356874507474458,0.34424946031615));
#2320=CARTESIAN_POINT('',(-0.1095,-0.00358287570409519,0.3417852554819));
#2321=CARTESIAN_POINT('',(-0.0189999999999989,-0.00360399173090963,0.353968241223596));
#2322=CARTESIAN_POINT('',(-0.0309149519557113,-0.00359802525300894,0.352396249602034));
#2323=CARTESIAN_POINT('',(-0.0610715663379969,-0.00358681746841343,0.348406679041071));
#2324=CARTESIAN_POINT('',(-0.0912476283095672,-0.00360398902304262,0.344335231680663));
#2325=CARTESIAN_POINT('',(-0.1095,-0.00361437545444278,0.34187256539206));
#2326=CARTESIAN_POINT('',(-0.0189999999999989,-0.00362404260828156,0.354007983382606));
#2327=CARTESIAN_POINT('',(-0.0309149519557113,-0.00361907272104958,0.352435488933334));
#2328=CARTESIAN_POINT('',(-0.0610715663379969,-0.00360973699124596,0.348444973831092));
#2329=CARTESIAN_POINT('',(-0.0912476283095672,-0.00362404035271406,0.344374973611466));
#2330=CARTESIAN_POINT('',(-0.1095,-0.00363269192130457,0.341913182644216));
#2331=CARTESIAN_POINT('',(-0.0189999999999989,-0.00367031549165544,0.354078751340881));
#2332=CARTESIAN_POINT('',(-0.0309149519557113,-0.00366712020572943,0.352505096489099));
#2333=CARTESIAN_POINT('',(-0.0610715663379969,-0.00366111799186459,0.348512401618228));
#2334=CARTESIAN_POINT('',(-0.0912476283095672,-0.00367031404148509,0.344445741043095));
#2335=CARTESIAN_POINT('',(-0.1095,-0.00367587638808668,0.34198597010194));
#2336=CARTESIAN_POINT('',(-0.0189999999999989,-0.00369652445084723,0.35410975028653));
#2337=CARTESIAN_POINT('',(-0.0309149519557113,-0.003694106502166,0.352535438187133));
#2338=CARTESIAN_POINT('',(-0.0610715663379969,-0.0036895644845078,0.34854150870351));
#2339=CARTESIAN_POINT('',(-0.0912476283095672,-0.00369652335346891,0.344476739690455));
#2340=CARTESIAN_POINT('',(-0.1095,-0.0037007325131314,0.342018112884481));
#2341=CARTESIAN_POINT('',(-0.0189999999999989,-0.00374136366234171,0.354147719278382));
#2342=CARTESIAN_POINT('',(-0.0309149519557113,-0.0037398978274593,0.352572282743749));
#2343=CARTESIAN_POINT('',(-0.0610715663379969,-0.00373714431661286,0.348576241054544));
#2344=CARTESIAN_POINT('',(-0.0912476283095672,-0.00374136299707722,0.344514708171986));
#2345=CARTESIAN_POINT('',(-0.1095,-0.00374391471916577,0.34205803878036));
#2346=CARTESIAN_POINT('',(-0.0189999999999989,-0.00375723555708377,0.354158947842397));
#2347=CARTESIAN_POINT('',(-0.0309149519557113,-0.00375605128942508,0.352583113288485));
#2348=CARTESIAN_POINT('',(-0.0610715663379969,-0.00375382669108699,0.348586323936353));
#2349=CARTESIAN_POINT('',(-0.0912476283095672,-0.00375723501960766,0.344525936555361));
#2350=CARTESIAN_POINT('',(-0.1095,-0.00375929659010222,0.342069960034805));
#2351=CARTESIAN_POINT('',(-0.0189999999999989,-0.00379095408490107,0.354178264174044));
#2352=CARTESIAN_POINT('',(-0.0309149519557113,-0.0037902541901011,0.352601584063247));
#2353=CARTESIAN_POINT('',(-0.0610715663379969,-0.00378893946635819,0.348603206367104));
#2354=CARTESIAN_POINT('',(-0.0912476283095672,-0.00379095376725604,0.344545252503255));
#2355=CARTESIAN_POINT('',(-0.1095,-0.00379217214256023,0.342090747926236));
#2356=CARTESIAN_POINT('',(-0.0189999999999989,-0.00380877347932811,0.354186389292602));
#2357=CARTESIAN_POINT('',(-0.0309149519557113,-0.0038082773268122,0.352609262327234));
#2358=CARTESIAN_POINT('',(-0.0610715663379969,-0.00380734532461299,0.348610045233064));
#2359=CARTESIAN_POINT('',(-0.0912476283095672,-0.00380877325415087,0.344553377419009));
#2360=CARTESIAN_POINT('',(-0.1095,-0.00380963695534216,0.34209965072543));
#2361=CARTESIAN_POINT('',(-0.0189999999999989,-0.00386456449781138,0.354206743184137));
#2362=CARTESIAN_POINT('',(-0.0309149519557113,-0.00386457872619201,0.352628217157275));
#2363=CARTESIAN_POINT('',(-0.0610715663379969,-0.0038646054536228,0.348626371983339));
#2364=CARTESIAN_POINT('',(-0.0912476283095672,-0.00386456450426889,0.344573730675584));
#2365=CARTESIAN_POINT('',(-0.1095,-0.00386453973553568,0.342122439465126));
#2366=CARTESIAN_POINT('',(-0.0189999999999989,-0.00390486876992679,0.354214950685565));
#2367=CARTESIAN_POINT('',(-0.0309149519557113,-0.00390508879579396,0.352635413958695));
#2368=CARTESIAN_POINT('',(-0.0610715663379969,-0.00390550210538225,0.348631670226147));
#2369=CARTESIAN_POINT('',(-0.0912476283095672,-0.00390486886978483,0.34458193771831));
#2370=CARTESIAN_POINT('',(-0.1095,-0.00390448584924681,0.342132405932169));
#2371=CARTESIAN_POINT('',(-0.0189999999999989,-0.00398878193825714,0.354223718585575));
#2372=CARTESIAN_POINT('',(-0.0309149519557113,-0.0039892217938086,0.352642077593419));
#2373=CARTESIAN_POINT('',(-0.0610715663379969,-0.00399004804446366,0.348634381084637));
#2374=CARTESIAN_POINT('',(-0.0912476283095671,-0.00398878213788418,0.344590704663306));
#2375=CARTESIAN_POINT('',(-0.1095,-0.00398801643832286,0.342144835977474));
#2376=CARTESIAN_POINT('',(-0.0189999999999989,-0.00403228100177707,0.35422431039309));
#2377=CARTESIAN_POINT('',(-0.0309149519557113,-0.00403273567720927,0.352641578589879));
#2378=CARTESIAN_POINT('',(-0.0610715663379969,-0.0040335897664039,0.348631833037164));
#2379=CARTESIAN_POINT('',(-0.0912476283095672,-0.00403228120813006,0.344591295975759));
#2380=CARTESIAN_POINT('',(-0.1095,-0.00403148971015346,0.342147326171376));
#2381=CARTESIAN_POINT('',(-0.0189999999999989,-0.00416425438590136,0.354218967664233));
#2382=CARTESIAN_POINT('',(-0.0309149519557113,-0.00416457502088581,0.35263292641325));
#2383=CARTESIAN_POINT('',(-0.0610715663379969,-0.00416517732058411,0.348616964198313));
#2384=CARTESIAN_POINT('',(-0.0912476283095672,-0.00416425453142052,0.34458595174492));
#2385=CARTESIAN_POINT('',(-0.1095,-0.0041636963707559,0.342147743019825));
#2386=CARTESIAN_POINT('',(-0.0189999999999989,-0.00425484853363031,0.354205733511311));
#2387=CARTESIAN_POINT('',(-0.0309149519557113,-0.00425483725735254,0.352617420468917));
#2388=CARTESIAN_POINT('',(-0.0610715663379969,-0.00425481607532617,0.348597190786774));
#2389=CARTESIAN_POINT('',(-0.0912476283095672,-0.0042548485285126,0.344572716560953));
#2390=CARTESIAN_POINT('',(-0.1095,-0.00425486815823175,0.34213846256527));
#2391=CARTESIAN_POINT('',(-0.0189999999999989,-0.0043454059153423,0.354192508171577));
#2392=CARTESIAN_POINT('',(-0.0309149519557113,-0.00434506294882501,0.352601924259737));
#2393=CARTESIAN_POINT('',(-0.0610715663379969,-0.00434441870025606,0.34857742884226));
#2394=CARTESIAN_POINT('',(-0.0912476283095672,-0.00434540575968803,0.344559490190592));
#2395=CARTESIAN_POINT('',(-0.1095,-0.00434600279503512,0.342129189319368));
#2396=CARTESIAN_POINT('',(-0.1095,-0.00298830009382218,0.305496840512995));
#2397=CARTESIAN_POINT('',(-0.109500000001219,-0.00263352216029698,0.305582617070886));
#2398=CARTESIAN_POINT('',(-0.1095,-0.00434600279503512,0.342129189319368));
#2399=CARTESIAN_POINT('',(-0.1095,-0.00423632628655195,0.34214034926106));
#2400=CARTESIAN_POINT('',(-0.1095,-0.00402783305819724,0.342161564125608));
#2401=CARTESIAN_POINT('',(-0.1095,-0.00374838711916197,0.342104117822179));
#2402=CARTESIAN_POINT('',(-0.1095,-0.00358573566235352,0.341858410090922));
#2403=CARTESIAN_POINT('',(-0.1095,-0.00350843179225321,0.341448575875552));
#2404=CARTESIAN_POINT('',(-0.1095,-0.00343264374638343,0.340891234209553));
#2405=CARTESIAN_POINT('',(-0.1095,-0.00338519177726121,0.340182470153374));
#2406=CARTESIAN_POINT('',(-0.1095,-0.00335267508159505,0.339334981501817));
#2407=CARTESIAN_POINT('',(-0.1095,-0.00333936058841638,0.338356847491001));
#2408=CARTESIAN_POINT('',(-0.1095,-0.00334599561620203,0.337257875170003));
#2409=CARTESIAN_POINT('',(-0.1095,-0.0033745582960017,0.336048024194372));
#2410=CARTESIAN_POINT('',(-0.1095,-0.00345246377606731,0.334724132716328));
#2411=CARTESIAN_POINT('',(-0.1095,-0.00357413198507515,0.333271041504484));
#2412=CARTESIAN_POINT('',(-0.1095,-0.00370734458773304,0.331689410191219));
#2413=CARTESIAN_POINT('',(-0.1095,-0.00384484683733379,0.329988180105358));
#2414=CARTESIAN_POINT('',(-0.1095,-0.00397480295017548,0.328180422078414));
#2415=CARTESIAN_POINT('',(-0.1095,-0.00408668166572124,0.326278886099427));
#2416=CARTESIAN_POINT('',(-0.1095,-0.0041716102984447,0.324300689338707));
#2417=CARTESIAN_POINT('',(-0.1095,-0.00422074934639551,0.322262258787497));
#2418=CARTESIAN_POINT('',(-0.1095,-0.00422835296393344,0.320183883594454));
#2419=CARTESIAN_POINT('',(-0.1095,-0.00418642156745114,0.318085054311956));
#2420=CARTESIAN_POINT('',(-0.1095,-0.00409249563425481,0.315987359449902));
#2421=CARTESIAN_POINT('',(-0.1095,-0.0039439049645716,0.313913422748907));
#2422=CARTESIAN_POINT('',(-0.1095,-0.00373920161497648,0.311885833466347));
#2423=CARTESIAN_POINT('',(-0.1095,-0.0034801494431737,0.309927308272258));
#2424=CARTESIAN_POINT('',(-0.1095,-0.00317031726560637,0.308060377082187));
#2425=CARTESIAN_POINT('',(-0.1095,-0.0028133684461481,0.306307008342821));
#2426=CARTESIAN_POINT('',(-0.1095,-0.00241835961344285,0.304688806077823));
#2427=CARTESIAN_POINT('',(-0.1095,-0.00199308098582668,0.303224547539524));
#2428=CARTESIAN_POINT('',(-0.1095,-0.00155001240948947,0.301933856101665));
#2429=CARTESIAN_POINT('',(-0.1095,-0.00110170728353313,0.30083313402709));
#2430=CARTESIAN_POINT('',(-0.1095,-0.00065845167641714,0.299947267731372));
#2431=CARTESIAN_POINT('',(-0.1095,-0.000249402359550381,0.299301767703936));
#2432=CARTESIAN_POINT('',(-0.1095,5.51110959767448E-5,0.298895745822095));
#2433=CARTESIAN_POINT('',(-0.1095,0.000245661120766685,0.298657006049024));
#2434=CARTESIAN_POINT('',(-0.1095,0.000292698781645768,0.298600002665416));
#2435=CARTESIAN_POINT('',(-0.1095,0.000309651883804039,0.298579457762298));
#2436=CARTESIAN_POINT('',(-0.114976442024041,0.0137366357702363,0.28912319850204));
#2437=CARTESIAN_POINT('',(-0.114976442024041,0.00956559434053562,0.288041333709831));
#2438=CARTESIAN_POINT('',(-0.111937976943897,-0.00263352216046282,0.305582617071572));
#2439=CARTESIAN_POINT('',(-0.1095,-0.00263352216046282,0.305582617071572));
#2440=CARTESIAN_POINT('',(-0.114980445996789,0.0137479112931996,0.289079726643301));
#2441=CARTESIAN_POINT('',(-0.114980445996789,0.00957662294615325,0.28799779780685));
#2442=CARTESIAN_POINT('',(-0.111939284241438,-0.00262266342894627,0.305537704587435));
#2443=CARTESIAN_POINT('',(-0.1095,-0.00262266342894627,0.305537704587435));
#2444=CARTESIAN_POINT('',(-0.114992778944743,0.0137588565608563,0.289037528056949));
#2445=CARTESIAN_POINT('',(-0.114992778944743,0.00958444771118839,0.287954789839442));
#2446=CARTESIAN_POINT('',(-0.111943438758159,-0.00262034902656525,0.305490228232972));
#2447=CARTESIAN_POINT('',(-0.1095,-0.00262034902656525,0.305490228232972));
#2448=CARTESIAN_POINT('',(-0.115031739032807,0.0137788110195247,0.288960595269772));
#2449=CARTESIAN_POINT('',(-0.115031739032807,0.00959261077232911,0.287874798655926));
#2450=CARTESIAN_POINT('',(-0.111956421303828,-0.00263401401250994,0.305397276047792));
#2451=CARTESIAN_POINT('',(-0.1095,-0.00263401401250994,0.305397276047792));
#2452=CARTESIAN_POINT('',(-0.115058352567814,0.0137878155793574,0.288925878924081));
#2453=CARTESIAN_POINT('',(-0.115058352567814,0.00959294720825516,0.287837834013681));
#2454=CARTESIAN_POINT('',(-0.111965249332776,-0.00264999719290953,0.305351851297421));
#2455=CARTESIAN_POINT('',(-0.1095,-0.00264999719290953,0.305351851297421));
#2456=CARTESIAN_POINT('',(-0.1151222742862,0.0138028666377276,0.288867850796652));
#2457=CARTESIAN_POINT('',(-0.1151222742862,0.00958632440370789,0.287774184223271));
#2458=CARTESIAN_POINT('',(-0.111986557976766,-0.00269823811292492,0.30527026873047));
#2459=CARTESIAN_POINT('',(-0.1095,-0.00269823811292492,0.30527026873047));
#2460=CARTESIAN_POINT('',(-0.115159573901434,0.013808912370395,0.288844541967665));
#2461=CARTESIAN_POINT('',(-0.115159573901434,0.0095793753246377,0.287747504862119));
#2462=CARTESIAN_POINT('',(-0.111998991784495,-0.00273047276623982,0.305234159344908));
#2463=CARTESIAN_POINT('',(-0.1095,-0.00273047276623982,0.305234159344908));
#2464=CARTESIAN_POINT('',(-0.115240387626439,0.0138173406005819,0.288812047613896));
#2465=CARTESIAN_POINT('',(-0.115240387626439,0.00955950490969548,0.287707670541018));
#2466=CARTESIAN_POINT('',(-0.112025960089941,-0.002806201377145,0.305176971189208));
#2467=CARTESIAN_POINT('',(-0.1095,-0.002806201377145,0.305176971189208));
#2468=CARTESIAN_POINT('',(-0.115283894789119,0.01381972188155,0.288802866779428));
#2469=CARTESIAN_POINT('',(-0.115283894789119,0.00954659854584253,0.287694524470298));
#2470=CARTESIAN_POINT('',(-0.112040485385771,-0.00284965098087201,0.305155922909194));
#2471=CARTESIAN_POINT('',(-0.1095,-0.00284965098087201,0.305155922909194));
#2472=CARTESIAN_POINT('',(-0.115371983660277,0.0138204530725583,0.288800047732158));
#2473=CARTESIAN_POINT('',(-0.115371983660277,0.00951686730908681,0.287683804224098));
#2474=CARTESIAN_POINT('',(-0.112069928369484,-0.00294084039241579,0.305131880287976));
#2475=CARTESIAN_POINT('',(-0.1095,-0.00294084039241579,0.305131880287976));
#2476=CARTESIAN_POINT('',(-0.115416557025809,0.013818801052923,0.288806416959063));
#2477=CARTESIAN_POINT('',(-0.115416557025809,0.00950005729840084,0.287686241843725));
#2478=CARTESIAN_POINT('',(-0.112084833473416,-0.00298852739156216,0.305128890124697));
#2479=CARTESIAN_POINT('',(-0.1095,-0.00298852739156216,0.305128890124697));
#2480=CARTESIAN_POINT('',(-0.115501195404616,0.0138114810949331,0.288834638459808));
#2481=CARTESIAN_POINT('',(-0.115501195404616,0.00946483464635491,0.287707226077035));
#2482=CARTESIAN_POINT('',(-0.112113125190663,-0.00308078056464014,0.305140701632177));
#2483=CARTESIAN_POINT('',(-0.1095,-0.00308078056464014,0.305140701632177));
#2484=CARTESIAN_POINT('',(-0.115541247131957,0.013805810689637,0.28885650024474));
#2485=CARTESIAN_POINT('',(-0.115541247131957,0.00944643230413655,0.287725785513017));
#2486=CARTESIAN_POINT('',(-0.112126511803979,-0.00312530051454521,0.305155481397752));
#2487=CARTESIAN_POINT('',(-0.1095,-0.00312530051454521,0.305155481397752));
#2488=CARTESIAN_POINT('',(-0.115611126638197,0.0137909201297031,0.288913909583544));
#2489=CARTESIAN_POINT('',(-0.115611126638197,0.00941020993527503,0.287777661909167));
#2490=CARTESIAN_POINT('',(-0.112149880825226,-0.00320490996231101,0.305199560635251));
#2491=CARTESIAN_POINT('',(-0.1095,-0.00320490996231101,0.305199560635251));
#2492=CARTESIAN_POINT('',(-0.115640932658734,0.0137816977095365,0.288949465871977));
#2493=CARTESIAN_POINT('',(-0.115640932658734,0.00939239336726279,0.287810989088604));
#2494=CARTESIAN_POINT('',(-0.112159819915813,-0.00323997170502522,0.305228820388699));
#2495=CARTESIAN_POINT('',(-0.1095,-0.00323997170502522,0.305228820388699));
#2496=CARTESIAN_POINT('',(-0.115684984789742,0.0137606945311315,0.289030441912526));
#2497=CARTESIAN_POINT('',(-0.115684984789742,0.00935918612151847,0.287888799696491));
#2498=CARTESIAN_POINT('',(-0.112174482450801,-0.00329660708078921,0.305296540266614));
#2499=CARTESIAN_POINT('',(-0.1095,-0.00329660708078921,0.305296540266614));
#2500=CARTESIAN_POINT('',(-0.115699198237929,0.0137489131580627,0.289075864035071));
#2501=CARTESIAN_POINT('',(-0.115699198237929,0.00934379253361887,0.287933284900017));
#2502=CARTESIAN_POINT('',(-0.112179184894759,-0.0033181763957931,0.305334955578202));
#2503=CARTESIAN_POINT('',(-0.1095,-0.0033181763957931,0.305334955578202));
#2504=CARTESIAN_POINT('',(-0.115749322412971,0.0136077592785914,0.289620071299672));
#2505=CARTESIAN_POINT('',(-0.115749322412971,0.00918937783734702,0.288474052637332));
#2506=CARTESIAN_POINT('',(-0.112195190293775,-0.00348107677530481,0.305794744575761));
#2507=CARTESIAN_POINT('',(-0.1095,-0.00348107677530481,0.305794744575761));
#2508=CARTESIAN_POINT('',(-0.115796293457858,0.0134734108802942,0.290138040586914));
#2509=CARTESIAN_POINT('',(-0.115796293457858,0.00904444179478656,0.288989275752003));
#2510=CARTESIAN_POINT('',(-0.112209725716314,-0.00362754204440703,0.306221535776386));
#2511=CARTESIAN_POINT('',(-0.1095,-0.00362754204440703,0.306221535776386));
#2512=CARTESIAN_POINT('',(-0.115892012415711,0.0131947480259062,0.291212402484019));
#2513=CARTESIAN_POINT('',(-0.115892012415711,0.00874735155701002,0.290058858042472));
#2514=CARTESIAN_POINT('',(-0.112238520183875,-0.00391601980658106,0.307086161082026));
#2515=CARTESIAN_POINT('',(-0.1095,-0.00391601980658106,0.307086161082026));
#2516=CARTESIAN_POINT('',(-0.115940762071187,0.0130504298950432,0.29176880926167));
#2517=CARTESIAN_POINT('',(-0.115940762071187,0.00859519368702168,0.290613231386055));
#2518=CARTESIAN_POINT('',(-0.112252779228898,-0.0040580307138048,0.307523987851165));
#2519=CARTESIAN_POINT('',(-0.1095,-0.0040580307138048,0.307523987851165));
#2520=CARTESIAN_POINT('',(-0.11603951946455,0.0127525561853249,0.292917237043958));
#2521=CARTESIAN_POINT('',(-0.11603951946455,0.00828409678276069,0.291758229399337));
#2522=CARTESIAN_POINT('',(-0.112280900257703,-0.00433775384546071,0.308408294255707));
#2523=CARTESIAN_POINT('',(-0.1095,-0.00433775384546071,0.308408294255707));
#2524=CARTESIAN_POINT('',(-0.116089528379625,0.0125989985726808,0.293509265889703));
#2525=CARTESIAN_POINT('',(-0.116089528379625,0.00812519417406173,0.292348871885551));
#2526=CARTESIAN_POINT('',(-0.11229476421864,-0.00447548839811488,0.308854768315033));
#2527=CARTESIAN_POINT('',(-0.1095,-0.00447548839811488,0.308854768315033));
#2528=CARTESIAN_POINT('',(-0.11619035212386,0.0122832268787598,0.294726697889668));
#2529=CARTESIAN_POINT('',(-0.11619035212386,0.00780111606641271,0.29356414940762));
#2530=CARTESIAN_POINT('',(-0.112322029873973,-0.00474617003119865,0.309754373480842));
#2531=CARTESIAN_POINT('',(-0.1095,-0.00474617003119865,0.309754373480842));
#2532=CARTESIAN_POINT('',(-0.116241167191609,0.0121210138969375,0.29535209680503));
#2533=CARTESIAN_POINT('',(-0.116241167191609,0.00763594166691727,0.294188780204618));
#2534=CARTESIAN_POINT('',(-0.112335431568368,-0.00487908060165912,0.310207499608059));
#2535=CARTESIAN_POINT('',(-0.1095,-0.00487908060165912,0.310207499608059));
#2536=CARTESIAN_POINT('',(-0.11634318886819,0.0117884058889038,0.296634439840268));
#2537=CARTESIAN_POINT('',(-0.11634318886819,0.00729964477786734,0.295470166435527));
#2538=CARTESIAN_POINT('',(-0.112361703531003,-0.00514040453940949,0.311118696007023));
#2539=CARTESIAN_POINT('',(-0.1095,-0.00514040453940949,0.311118696007023));
#2540=CARTESIAN_POINT('',(-0.116394395831908,0.0116180116861475,0.297291380785379));
#2541=CARTESIAN_POINT('',(-0.116394395831908,0.00712848680616134,0.296126909277899));
#2542=CARTESIAN_POINT('',(-0.112374582682318,-0.00526886739156988,0.311576757229186));
#2543=CARTESIAN_POINT('',(-0.1095,-0.00526886739156988,0.311576757229186));
#2544=CARTESIAN_POINT('',(-0.11647119657701,0.0113565887570247,0.298299275557347));
#2545=CARTESIAN_POINT('',(-0.11647119657701,0.00686748378800229,0.297134912964366));
#2546=CARTESIAN_POINT('',(-0.112393420699252,-0.0054579278063374,0.312266483392471));
#2547=CARTESIAN_POINT('',(-0.1095,-0.0054579278063374,0.312266483392471));
#2548=CARTESIAN_POINT('',(-0.116496755526792,0.0112686189732966,0.298638435880462));
#2549=CARTESIAN_POINT('',(-0.116496755526792,0.00677991490199343,0.297474177270415));
#2550=CARTESIAN_POINT('',(-0.112399641380861,-0.00552033207620807,0.312496831558574));
#2551=CARTESIAN_POINT('',(-0.1095,-0.00552033207620807,0.312496831558574));
#2552=CARTESIAN_POINT('',(-0.116535113022301,0.0111350223247644,0.299153506857824));
#2553=CARTESIAN_POINT('',(-0.116535113022301,0.00664730406076849,0.297989503941765));
#2554=CARTESIAN_POINT('',(-0.112408856266499,-0.00561302282703173,0.312842892520105));
#2555=CARTESIAN_POINT('',(-0.1095,-0.00561302282703173,0.312842892520105));
#2556=CARTESIAN_POINT('',(-0.116547914771604,0.0110901703386419,0.299326430030542));
#2557=CARTESIAN_POINT('',(-0.116547914771604,0.00660284475386986,0.298162528965744));
#2558=CARTESIAN_POINT('',(-0.112411908538915,-0.00564376884321102,0.312958336156248));
#2559=CARTESIAN_POINT('',(-0.1095,-0.00564376884321102,0.312958336156248));
#2560=CARTESIAN_POINT('',(-0.116573523888928,0.0109999033695819,0.299674446964261));
#2561=CARTESIAN_POINT('',(-0.116573523888928,0.00651349014177216,0.298510782542251));
#2562=CARTESIAN_POINT('',(-0.112417969679704,-0.00570496684309359,0.313189384374017));
#2563=CARTESIAN_POINT('',(-0.1095,-0.00570496684309359,0.313189384374017));
#2564=CARTESIAN_POINT('',(-0.116586318469208,0.0109545345768937,0.299849362642523));
#2565=CARTESIAN_POINT('',(-0.116586318469208,0.00646864102682244,0.298685833012042));
#2566=CARTESIAN_POINT('',(-0.112420978548075,-0.00573541882672507,0.313304988955907));
#2567=CARTESIAN_POINT('',(-0.1095,-0.00573541882672507,0.313304988955907));
#2568=CARTESIAN_POINT('',(-0.116611741784901,0.0108638350706279,0.300199047188145));
#2569=CARTESIAN_POINT('',(-0.116611741784901,0.00637910671948687,0.299035819781394));
#2570=CARTESIAN_POINT('',(-0.112426948188987,-0.00579603643472509,0.313536340338897));
#2571=CARTESIAN_POINT('',(-0.1095,-0.00579603643472509,0.313536340338897));
#2572=CARTESIAN_POINT('',(-0.116624357590028,0.0108185494364928,0.300373642255392));
#2573=CARTESIAN_POINT('',(-0.116624357590028,0.00633446346471021,0.299210581465928));
#2574=CARTESIAN_POINT('',(-0.112429873773932,-0.0058262020590226,0.313652087140254));
#2575=CARTESIAN_POINT('',(-0.1095,-0.0058262020590226,0.313652087140254));
#2576=CARTESIAN_POINT('',(-0.116649361073437,0.0107282335596295,0.300721847749156));
#2577=CARTESIAN_POINT('',(-0.116649361073437,0.0062455505819281,0.299559150861592));
#2578=CARTESIAN_POINT('',(-0.112435616030113,-0.00588625452802057,0.313883704520454));
#2579=CARTESIAN_POINT('',(-0.1095,-0.00588625452802057,0.313883704520454));
#2580=CARTESIAN_POINT('',(-0.116661758665864,0.0106831687527933,0.30089559143477));
#2581=CARTESIAN_POINT('',(-0.116661758665864,0.00620124638981449,0.299733091831818));
#2582=CARTESIAN_POINT('',(-0.11243843270135,-0.00591614215705367,0.313999575315685));
#2583=CARTESIAN_POINT('',(-0.1095,-0.00591614215705367,0.313999575315685));
#2584=CARTESIAN_POINT('',(-0.116698697231573,0.0105480511033088,0.301416526507195));
#2585=CARTESIAN_POINT('',(-0.116698697231573,0.00606858595090998,0.30025466424378));
#2586=CARTESIAN_POINT('',(-0.112446733680467,-0.00600538791529371,0.314347343312071));
#2587=CARTESIAN_POINT('',(-0.1095,-0.00600538791529371,0.314347343312071));
#2588=CARTESIAN_POINT('',(-0.11672300286074,0.0104580096535816,0.301763673969528));
#2589=CARTESIAN_POINT('',(-0.11672300286074,0.0059804164634524,0.30060229724674));
#2590=CARTESIAN_POINT('',(-0.112452068953754,-0.00606432754526291,0.314579395604253));
#2591=CARTESIAN_POINT('',(-0.1095,-0.00606432754526291,0.314579395604253));
#2592=CARTESIAN_POINT('',(-0.11679483916245,0.010188406843463,0.302803105605223));
#2593=CARTESIAN_POINT('',(-0.11679483916245,0.00571711511271928,0.301643363324855));
#2594=CARTESIAN_POINT('',(-0.112467593323005,-0.00623943593123318,0.315275925429613));
#2595=CARTESIAN_POINT('',(-0.1095,-0.00623943593123318,0.315275925429613));
#2596=CARTESIAN_POINT('',(-0.116841293840905,0.010009354446288,0.303493427512436));
#2597=CARTESIAN_POINT('',(-0.116841293840905,0.00554317778523687,0.302335011954399));
#2598=CARTESIAN_POINT('',(-0.112477168852905,-0.00635387333471397,0.315740758864642));
#2599=CARTESIAN_POINT('',(-0.1095,-0.00635387333471397,0.315740758864642));
#2600=CARTESIAN_POINT('',(-0.116976282134993,0.0094742964874437,0.305556299813763));
#2601=CARTESIAN_POINT('',(-0.116976282134993,0.00502608018120129,0.304402542726723));
#2602=CARTESIAN_POINT('',(-0.11250376825635,-0.00669024849948646,0.317134987074594));
#2603=CARTESIAN_POINT('',(-0.1095,-0.00669024849948646,0.317134987074594));
#2604=CARTESIAN_POINT('',(-0.11706041745014,0.00912051213718321,0.306920286508535));
#2605=CARTESIAN_POINT('',(-0.11706041745014,0.00468775436691512,0.305770538982678));
#2606=CARTESIAN_POINT('',(-0.112518585280631,-0.00690520508598699,0.318064371986528));
#2607=CARTESIAN_POINT('',(-0.1095,-0.00690520508598699,0.318064371986528));
#2608=CARTESIAN_POINT('',(-0.117215851261742,0.00842055354521862,0.3096189197455));
#2609=CARTESIAN_POINT('',(-0.117215851261742,0.00402374634083676,0.30847849690561));
#2610=CARTESIAN_POINT('',(-0.112542759938481,-0.00731894684315676,0.319912553172348));
#2611=CARTESIAN_POINT('',(-0.1095,-0.00731894684315676,0.319912553172348));
#2612=CARTESIAN_POINT('',(-0.117287145619479,0.00807437952801335,0.310953565422156));
#2613=CARTESIAN_POINT('',(-0.117287145619479,0.00369824956366796,0.309818505745969));
#2614=CARTESIAN_POINT('',(-0.112552116420513,-0.00751714452158821,0.320831461490464));
#2615=CARTESIAN_POINT('',(-0.1095,-0.00751714452158821,0.320831461490464));
#2616=CARTESIAN_POINT('',(-0.117415382104014,0.00739151019271125,0.313586312424486));
#2617=CARTESIAN_POINT('',(-0.117415382104014,0.00306287094101576,0.312463570662384));
#2618=CARTESIAN_POINT('',(-0.112565504401734,-0.00789001771429527,0.322649162133386));
#2619=CARTESIAN_POINT('',(-0.1095,-0.00789001771429527,0.322649162133386));
#2620=CARTESIAN_POINT('',(-0.117472319407597,0.00705481379290848,0.314884417920591));
#2621=CARTESIAN_POINT('',(-0.117472319407597,0.0027529492480164,0.313768620853979));
#2622=CARTESIAN_POINT('',(-0.11256954257128,-0.00806481951133032,0.323547875393088));
#2623=CARTESIAN_POINT('',(-0.1095,-0.00806481951133032,0.323547875393088));
#2624=CARTESIAN_POINT('',(-0.117545634752067,0.00655837556348361,0.316798395006386));
#2625=CARTESIAN_POINT('',(-0.117545634752067,0.00230378694189715,0.315694860142825));
#2626=CARTESIAN_POINT('',(-0.112571474504058,-0.0082991696313897,0.324876476885432));
#2627=CARTESIAN_POINT('',(-0.1095,-0.0082991696313897,0.324876476885432));
#2628=CARTESIAN_POINT('',(-0.117568056986657,0.00639432724864018,0.317430869898453));
#2629=CARTESIAN_POINT('',(-0.117568056986657,0.00215667629477031,0.316331728246198));
#2630=CARTESIAN_POINT('',(-0.112571435107222,-0.00837273178149541,0.32531604248535));
#2631=CARTESIAN_POINT('',(-0.1095,-0.00837273178149541,0.32531604248535));
#2632=CARTESIAN_POINT('',(-0.117598490985244,0.00615062128216923,0.318370458366565));
#2633=CARTESIAN_POINT('',(-0.117598490985244,0.00194053068876889,0.317278465188894));
#2634=CARTESIAN_POINT('',(-0.112570300546207,-0.00847459920286589,0.3259701153485));
#2635=CARTESIAN_POINT('',(-0.1095,-0.00847459920286589,0.3259701153485));
#2636=CARTESIAN_POINT('',(-0.117608099758711,0.00606980942595049,0.31868202188423));
#2637=CARTESIAN_POINT('',(-0.117608099758711,0.00186929180104234,0.317592511697377));
#2638=CARTESIAN_POINT('',(-0.112569743114908,-0.00850713401516262,0.326187265474508));
#2639=CARTESIAN_POINT('',(-0.1095,-0.00850713401516262,0.326187265474508));
#2640=CARTESIAN_POINT('',(-0.117621700772869,0.0059491056814991,0.319147385321927));
#2641=CARTESIAN_POINT('',(-0.117621700772869,0.00176354129524286,0.318061753634653));
#2642=CARTESIAN_POINT('',(-0.112568631801005,-0.00855358129329105,0.326511651551451));
#2643=CARTESIAN_POINT('',(-0.1095,-0.00855358129329105,0.326511651551451));
#2644=CARTESIAN_POINT('',(-0.117626098677153,0.00590896127928792,0.319302158788999));
#2645=CARTESIAN_POINT('',(-0.117626098677153,0.00172848027023458,0.31821784560381));
#2646=CARTESIAN_POINT('',(-0.112568215501878,-0.00856867340472094,0.326619556336369));
#2647=CARTESIAN_POINT('',(-0.1095,-0.00856867340472094,0.326619556336369));
#2648=CARTESIAN_POINT('',(-0.117634608920811,0.00582897155399695,0.319610552647957));
#2649=CARTESIAN_POINT('',(-0.117634608920811,0.00165885764688899,0.318528928432124));
#2650=CARTESIAN_POINT('',(-0.112567290131219,-0.00859809301756868,0.326834895713361));
#2651=CARTESIAN_POINT('',(-0.1095,-0.00859809301756868,0.326834895713361));
#2652=CARTESIAN_POINT('',(-0.117638717584525,0.00578916652767845,0.319764017678966));
#2653=CARTESIAN_POINT('',(-0.117638717584525,0.00162433634531296,0.318683763930406));
#2654=CARTESIAN_POINT('',(-0.112566781059688,-0.0086124205188235,0.326942330305736));
#2655=CARTESIAN_POINT('',(-0.1095,-0.0086124205188235,0.326942330305736));
#2656=CARTESIAN_POINT('',(-0.117646662834795,0.00570967279812987,0.32007049926681));
#2657=CARTESIAN_POINT('',(-0.117646662834795,0.00155561283169058,0.318993039045384));
#2658=CARTESIAN_POINT('',(-0.112565669094135,-0.00864032676692561,0.327156706987304));
#2659=CARTESIAN_POINT('',(-0.1095,-0.00864032676692561,0.327156706987304));
#2660=CARTESIAN_POINT('',(-0.117650502430267,0.00566995270919172,0.32022363682868));
#2661=CARTESIAN_POINT('',(-0.117650502430267,0.00152136346347684,0.319147595576652));
#2662=CARTESIAN_POINT('',(-0.112565073513442,-0.0086539055136108,0.327263649076796));
#2663=CARTESIAN_POINT('',(-0.1095,-0.0086539055136108,0.327263649076796));
#2664=CARTESIAN_POINT('',(-0.117657945686585,0.00559019076932618,0.320531152479515));
#2665=CARTESIAN_POINT('',(-0.117657945686585,0.00145272364479927,0.319457996030127));
#2666=CARTESIAN_POINT('',(-0.112563797317818,-0.00868032994977355,0.327477018500315));
#2667=CARTESIAN_POINT('',(-0.1095,-0.00868032994977355,0.327477018500315));
#2668=CARTESIAN_POINT('',(-0.1176615456038,0.00555018335710413,0.320685397792862));
#2669=CARTESIAN_POINT('',(-0.1176615456038,0.00141836763304075,0.319613707176717));
#2670=CARTESIAN_POINT('',(-0.112563116702888,-0.00869317563908993,0.327583445834643));
#2671=CARTESIAN_POINT('',(-0.1095,-0.00869317563908993,0.327583445834643));
#2672=CARTESIAN_POINT('',(-0.117671945192264,0.00542995671480654,0.321148921802136));
#2673=CARTESIAN_POINT('',(-0.117671945192264,0.0013153803930672,0.320081702659777));
#2674=CARTESIAN_POINT('',(-0.11256093854914,-0.00873063643669383,0.327901922399579));
#2675=CARTESIAN_POINT('',(-0.1095,-0.00873063643669383,0.327901922399579));
#2676=CARTESIAN_POINT('',(-0.117678339312999,0.00534958623807807,0.321458783617192));
#2677=CARTESIAN_POINT('',(-0.117678339312999,0.00124688311913263,0.320394644089431));
#2678=CARTESIAN_POINT('',(-0.112559304701365,-0.00875424061527643,0.328113163432765));
#2679=CARTESIAN_POINT('',(-0.1095,-0.00875424061527643,0.328113163432765));
#2680=CARTESIAN_POINT('',(-0.117695792626984,0.00510757295553643,0.322391846080531));
#2681=CARTESIAN_POINT('',(-0.117695792626984,0.0010417436993042,0.321337270719056));
#2682=CARTESIAN_POINT('',(-0.112553787861383,-0.00881964520651105,0.328743453082374));
#2683=CARTESIAN_POINT('',(-0.1095,-0.00881964520651105,0.328743453082374));
#2684=CARTESIAN_POINT('',(-0.117705119417415,0.00494510420684662,0.323018231084181));
#2685=CARTESIAN_POINT('',(-0.117705119417415,0.000905848397156003,0.321970548216273));
#2686=CARTESIAN_POINT('',(-0.112549289572521,-0.00885580079821382,0.329159000308048));
#2687=CARTESIAN_POINT('',(-0.1095,-0.00885580079821382,0.329159000308048));
#2688=CARTESIAN_POINT('',(-0.117718291663321,0.00461807223563909,0.324279076164421));
#2689=CARTESIAN_POINT('',(-0.117718291663321,0.000637759857936155,0.323246681762206));
#2690=CARTESIAN_POINT('',(-0.112538278545987,-0.00890683614461784,0.329980238466919));
#2691=CARTESIAN_POINT('',(-0.1095,-0.00890683614461784,0.329980238466919));
#2692=CARTESIAN_POINT('',(-0.11772214012315,0.00445350665596038,0.324913545328855));
#2693=CARTESIAN_POINT('',(-0.11772214012315,0.000505519505972297,0.323889535289718));
#2694=CARTESIAN_POINT('',(-0.112531761627531,-0.00892197194839464,0.330386096703045));
#2695=CARTESIAN_POINT('',(-0.1095,-0.00892197194839464,0.330386096703045));
#2696=CARTESIAN_POINT('',(-0.117723021619628,0.00420515056900581,0.325871061957056));
#2697=CARTESIAN_POINT('',(-0.117723021619628,0.000310394925926537,0.324860858851782));
#2698=CARTESIAN_POINT('',(-0.11252019307293,-0.00892783096508673,0.330988365621055));
#2699=CARTESIAN_POINT('',(-0.1095,-0.00892783096508673,0.330988365621055));
#2700=CARTESIAN_POINT('',(-0.117722495959104,0.00412206549718098,0.326191389672003));
#2701=CARTESIAN_POINT('',(-0.117722495959104,0.000245807773265725,0.325185984468599));
#2702=CARTESIAN_POINT('',(-0.112516038025243,-0.00892706556331495,0.331188022874113));
#2703=CARTESIAN_POINT('',(-0.1095,-0.00892706556331495,0.331188022874113));
#2704=CARTESIAN_POINT('',(-0.117720376115153,0.00399722215846555,0.326672712977608));
#2705=CARTESIAN_POINT('',(-0.117720376115153,0.000149785143463707,0.325674783151945));
#2706=CARTESIAN_POINT('',(-0.112509322650843,-0.00892207172958874,0.331485881563945));
#2707=CARTESIAN_POINT('',(-0.1095,-0.00892207172958874,0.331485881563945));
#2708=CARTESIAN_POINT('',(-0.117719447734495,0.00395557519227108,0.326833279457514));
#2709=CARTESIAN_POINT('',(-0.117719447734495,0.000117924051934931,0.325837887845253));
#2710=CARTESIAN_POINT('',(-0.112507003725564,-0.00891976613275086,0.33158489658693));
#2711=CARTESIAN_POINT('',(-0.1095,-0.00891976613275086,0.33158489658693));
#2712=CARTESIAN_POINT('',(-0.117717116296328,0.00387204380801076,0.327155327893638));
#2713=CARTESIAN_POINT('',(-0.117717116296328,5.4312811207771E-5,0.326165103073008));
#2714=CARTESIAN_POINT('',(-0.112502199189276,-0.00891391126674835,0.331782387679882));
#2715=CARTESIAN_POINT('',(-0.1095,-0.00891391126674835,0.331782387679882));
#2716=CARTESIAN_POINT('',(-0.117715710410544,0.00383010777300218,0.327317008854769));
#2717=CARTESIAN_POINT('',(-0.117715710410544,2.25110450666338E-5,0.326329412612365));
#2718=CARTESIAN_POINT('',(-0.112499713578267,-0.00891036499754178,0.331880864832615));
#2719=CARTESIAN_POINT('',(-0.1095,-0.00891036499754178,0.331880864832615));
#2720=CARTESIAN_POINT('',(-0.117712409860521,0.00374613636881212,0.327640753751829));
#2721=CARTESIAN_POINT('',(-0.117712409860521,-4.08529763741509E-5,0.326658502553878));
#2722=CARTESIAN_POINT('',(-0.112494569919078,-0.00890201655677688,0.33207726541993));
#2723=CARTESIAN_POINT('',(-0.1095,-0.00890201655677688,0.33207726541993));
#2724=CARTESIAN_POINT('',(-0.117710517994911,0.00370415208628294,0.32780262072734));
#2725=CARTESIAN_POINT('',(-0.117710517994911,-7.23618177901359E-5,0.32682308659924));
#2726=CARTESIAN_POINT('',(-0.112491917932745,-0.00889721391478869,0.332175188684898));
#2727=CARTESIAN_POINT('',(-0.1095,-0.00889721391478869,0.332175188684898));
#2728=CARTESIAN_POINT('',(-0.117706265037393,0.00362083586952857,0.328123839602702));
#2729=CARTESIAN_POINT('',(-0.117706265037393,-0.000134381299062281,0.327149829320074));
#2730=CARTESIAN_POINT('',(-0.112486454652036,-0.00888633044035675,0.332370463105501));
#2731=CARTESIAN_POINT('',(-0.1095,-0.00888633044035675,0.332370463105501));
#2732=CARTESIAN_POINT('',(-0.117703903907017,0.00357950248241804,0.328283197104037));
#2733=CARTESIAN_POINT('',(-0.117703903907017,-0.000164893391803783,0.327311993597025));
#2734=CARTESIAN_POINT('',(-0.112483643357659,-0.00888024960815539,0.332467814261376));
#2735=CARTESIAN_POINT('',(-0.1095,-0.00888024960815539,0.332467814261376));
#2736=CARTESIAN_POINT('',(-0.117696105307012,0.00345623109997734,0.328758459860491));
#2737=CARTESIAN_POINT('',(-0.117696105307012,-0.000255178580585606,0.327795812154747));
#2738=CARTESIAN_POINT('',(-0.112474972020607,-0.00886005757621682,0.332758982403538));
#2739=CARTESIAN_POINT('',(-0.1095,-0.00886005757621682,0.332758982403538));
#2740=CARTESIAN_POINT('',(-0.117689948956906,0.00337489865072306,0.329072030482127));
#2741=CARTESIAN_POINT('',(-0.117689948956906,-0.000313823819998206,0.328115267276446));
#2742=CARTESIAN_POINT('',(-0.112468874524012,-0.00884397022572203,0.332951910457428));
#2743=CARTESIAN_POINT('',(-0.1095,-0.00884397022572203,0.332951910457428));
#2744=CARTESIAN_POINT('',(-0.117668587309807,0.00313379468222421,0.330001587159371));
#2745=CARTESIAN_POINT('',(-0.117668587309807,-0.000484748671420255,0.329063026677685));
#2746=CARTESIAN_POINT('',(-0.11244964428371,-0.00878786105939674,0.333526963832138));
#2747=CARTESIAN_POINT('',(-0.1095,-0.00878786105939674,0.333526963832138));
#2748=CARTESIAN_POINT('',(-0.117650485073732,0.00297695592823618,0.330606266177837));
#2749=CARTESIAN_POINT('',(-0.117650485073732,-0.000592090102326335,0.329680544075259));
#2750=CARTESIAN_POINT('',(-0.11243557378949,-0.00874020327423869,0.333905409451529));
#2751=CARTESIAN_POINT('',(-0.1095,-0.00874020327423869,0.333905409451529));
#2752=CARTESIAN_POINT('',(-0.11760652809656,0.00267188180322973,0.331782454573739));
#2753=CARTESIAN_POINT('',(-0.11760652809656,-0.000793707022054408,0.330883566706633));
#2754=CARTESIAN_POINT('',(-0.112404996480576,-0.00862725898970177,0.334651718976938));
#2755=CARTESIAN_POINT('',(-0.1095,-0.00862725898970177,0.334651718976938));
#2756=CARTESIAN_POINT('',(-0.117580669292409,0.00252366043912999,0.332353909948642));
#2757=CARTESIAN_POINT('',(-0.117580669292409,-0.000887924659812097,0.331469029309986));
#2758=CARTESIAN_POINT('',(-0.112388492751947,-0.0085617758295491,0.335019463528505));
#2759=CARTESIAN_POINT('',(-0.1095,-0.0085617758295491,0.335019463528505));
#2760=CARTESIAN_POINT('',(-0.117536215863232,0.0023086996590113,0.333182673696286));
#2761=CARTESIAN_POINT('',(-0.117536215863232,-0.00101871522513705,0.332319624725685));
#2762=CARTESIAN_POINT('',(-0.112362028436729,-0.00845031908945044,0.335561203915371));
#2763=CARTESIAN_POINT('',(-0.1095,-0.00845031908945044,0.335561203915371));
#2764=CARTESIAN_POINT('',(-0.117520455135098,0.00223827451464742,0.333454192093917));
#2765=CARTESIAN_POINT('',(-0.117520455135098,-0.00106056625729774,0.332598554539981));
#2766=CARTESIAN_POINT('',(-0.112352924833012,-0.00841097604566543,0.335740142974241));
#2767=CARTESIAN_POINT('',(-0.1095,-0.00841097604566543,0.335740142974241));
#2768=CARTESIAN_POINT('',(-0.117487110173957,0.00210007043318806,0.333987026652978));
#2769=CARTESIAN_POINT('',(-0.117487110173957,-0.00114064603030667,0.333146465104386));
#2770=CARTESIAN_POINT('',(-0.112334183801437,-0.00832805090929199,0.336094476651939));
#2771=CARTESIAN_POINT('',(-0.1095,-0.00832805090929199,0.336094476651939));
#2772=CARTESIAN_POINT('',(-0.117469535256579,0.00203232073035833,0.334248230104082));
#2773=CARTESIAN_POINT('',(-0.117469535256579,-0.00117884553688915,0.333415333144169));
#2774=CARTESIAN_POINT('',(-0.112324546373578,-0.00828449081662926,0.336269874031539));
#2775=CARTESIAN_POINT('',(-0.1095,-0.00828449081662926,0.336269874031539));
#2776=CARTESIAN_POINT('',(-0.117441845017064,0.0019327496001489,0.334632118471922));
#2777=CARTESIAN_POINT('',(-0.117441845017064,-0.00123340330756952,0.333810896862081));
#2778=CARTESIAN_POINT('',(-0.112309712743543,-0.00821597480516288,0.336530100095225));
#2779=CARTESIAN_POINT('',(-0.1095,-0.00821597480516288,0.336530100095225));
#2780=CARTESIAN_POINT('',(-0.117432397935352,0.0018999136170364,0.334758714925503));
#2781=CARTESIAN_POINT('',(-0.117432397935352,-0.00125111429762163,0.333941416364077));
#2782=CARTESIAN_POINT('',(-0.112304716957404,-0.0081926017884341,0.336616363130938));
#2783=CARTESIAN_POINT('',(-0.1095,-0.0081926017884341,0.336616363130938));
#2784=CARTESIAN_POINT('',(-0.117413134570822,0.00183513018311499,0.335008482168868));
#2785=CARTESIAN_POINT('',(-0.117413134570822,-0.00128540305235009,0.334199093171595));
#2786=CARTESIAN_POINT('',(-0.112294602608304,-0.00814476223985533,0.336787892489457));
#2787=CARTESIAN_POINT('',(-0.1095,-0.00814476223985533,0.336787892489457));
#2788=CARTESIAN_POINT('',(-0.11740331719528,0.00180317936140588,0.335131665954884));
#2789=CARTESIAN_POINT('',(-0.11740331719528,-0.00130198418792664,0.334326263473346));
#2790=CARTESIAN_POINT('',(-0.112289484045343,-0.00812029570826732,0.336873158812722));
#2791=CARTESIAN_POINT('',(-0.1095,-0.00812029570826732,0.336873158812722));
#2792=CARTESIAN_POINT('',(-0.117373054986932,0.00170783862405872,0.33549924438823));
#2793=CARTESIAN_POINT('',(-0.117373054986932,-0.00135084340731166,0.334705898060683));
#2794=CARTESIAN_POINT('',(-0.112273913754378,-0.0080452183081741,0.337127404250848));
#2795=CARTESIAN_POINT('',(-0.1095,-0.0080452183081741,0.337127404250848));
#2796=CARTESIAN_POINT('',(-0.117351769168361,0.00164485108412326,0.335742087708873));
#2797=CARTESIAN_POINT('',(-0.117351769168361,-0.0013823466558531,0.33495690762636));
#2798=CARTESIAN_POINT('',(-0.112263247424293,-0.00799290338926737,0.33729483346689));
#2799=CARTESIAN_POINT('',(-0.1095,-0.00799290338926737,0.33729483346689));
#2800=CARTESIAN_POINT('',(-0.117284735544323,0.00145873678250036,0.336459636212455));
#2801=CARTESIAN_POINT('',(-0.117284735544323,-0.00147247488538687,0.335699352538594));
#2802=CARTESIAN_POINT('',(-0.112230146530918,-0.00782926043456255,0.337790393066615));
#2803=CARTESIAN_POINT('',(-0.1095,-0.00782926043456255,0.337790393066615));
#2804=CARTESIAN_POINT('',(-0.117235684392342,0.0013379743895758,0.336925225764555));
#2805=CARTESIAN_POINT('',(-0.117235684392342,-0.00152735588892441,0.33618203009062));
#2806=CARTESIAN_POINT('',(-0.112206849182648,-0.00771139014478136,0.338111839915051));
#2807=CARTESIAN_POINT('',(-0.1095,-0.00771139014478136,0.338111839915051));
#2808=CARTESIAN_POINT('',(-0.117127980761082,0.00110395129712709,0.337827482701965));
#2809=CARTESIAN_POINT('',(-0.117127980761082,-0.0016261767938672,0.33711935512528));
#2810=CARTESIAN_POINT('',(-0.112157437281461,-0.00745852916268203,0.338733558468117));
#2811=CARTESIAN_POINT('',(-0.1095,-0.00745852916268203,0.338733558468117));
#2812=CARTESIAN_POINT('',(-0.117069334232807,0.000990676430548588,0.338264204707196));
#2813=CARTESIAN_POINT('',(-0.117069334232807,-0.00167009167090482,0.337574067393119));
#2814=CARTESIAN_POINT('',(-0.112131350998519,-0.00732338101781688,0.339033846299));
#2815=CARTESIAN_POINT('',(-0.1095,-0.00732338101781688,0.339033846299));
#2816=CARTESIAN_POINT('',(-0.116941116400256,0.000772662657315996,0.339104739020677));
#2817=CARTESIAN_POINT('',(-0.116941116400256,-0.00174608685549982,0.338451437809399));
#2818=CARTESIAN_POINT('',(-0.11207610456397,-0.00703510433571715,0.339608632415288));
#2819=CARTESIAN_POINT('',(-0.1095,-0.00703510433571715,0.339608632415288));
#2820=CARTESIAN_POINT('',(-0.116871564702877,0.000667914879259316,0.339508585531894));
#2821=CARTESIAN_POINT('',(-0.116871564702877,-0.00177812409228124,0.338874143633323));
#2822=CARTESIAN_POINT('',(-0.112046948169722,-0.00688180209581589,0.339883085270591));
#2823=CARTESIAN_POINT('',(-0.1095,-0.00688180209581589,0.339883085270591));
#2824=CARTESIAN_POINT('',(-0.116719381803814,0.000468455743515468,0.340277583954535));
#2825=CARTESIAN_POINT('',(-0.116719381803814,-0.00182978619964116,0.339681476942849));
#2826=CARTESIAN_POINT('',(-0.111985050185095,-0.00655864790998239,0.340400724810385));
#2827=CARTESIAN_POINT('',(-0.1095,-0.00655864790998239,0.340400724810385));
#2828=CARTESIAN_POINT('',(-0.116636802211929,0.000373720864717469,0.340642826549682));
#2829=CARTESIAN_POINT('',(-0.116636802211929,-0.00184947688387057,0.340066184142538));
#2830=CARTESIAN_POINT('',(-0.111952333422953,-0.00638906046984911,0.34064406550923));
#2831=CARTESIAN_POINT('',(-0.1095,-0.00638906046984911,0.34064406550923));
#2832=CARTESIAN_POINT('',(-0.11650014797187,0.000240938739599429,0.341154757198482));
#2833=CARTESIAN_POINT('',(-0.11650014797187,-0.00186750152010925,0.340607880040367));
#2834=CARTESIAN_POINT('',(-0.111899695553603,-0.00611787646491007,0.340975118957332));
#2835=CARTESIAN_POINT('',(-0.1095,-0.00611787646491007,0.340975118957332));
#2836=CARTESIAN_POINT('',(-0.116452448391134,0.000198239680567079,0.341319379936477));
#2837=CARTESIAN_POINT('',(-0.116452448391134,-0.00187155030447781,0.34078252770189));
#2838=CARTESIAN_POINT('',(-0.11188158118035,-0.00602472170403702,0.341079903563568));
#2839=CARTESIAN_POINT('',(-0.1095,-0.00602472170403702,0.341079903563568));
#2840=CARTESIAN_POINT('',(-0.116351870121063,0.000116448268335002,0.341634720052424));
#2841=CARTESIAN_POINT('',(-0.116351870121063,-0.00187527833071066,0.341118115525824));
#2842=CARTESIAN_POINT('',(-0.111843882484603,-0.00583240246413772,0.341277241203566));
#2843=CARTESIAN_POINT('',(-0.1095,-0.00583240246413772,0.341277241203566));
#2844=CARTESIAN_POINT('',(-0.116299000042964,7.73512005082496E-5,0.341785455607235));
#2845=CARTESIAN_POINT('',(-0.116299000042964,-0.00187493518495357,0.341279080894747));
#2846=CARTESIAN_POINT('',(-0.111824298162108,-0.00573318960036458,0.341369782408354));
#2847=CARTESIAN_POINT('',(-0.1095,-0.00573318960036458,0.341369782408354));
#2848=CARTESIAN_POINT('',(-0.116186729211936,3.4777008646944E-6,0.342070268857272));
#2849=CARTESIAN_POINT('',(-0.116186729211936,-0.00186967493336773,0.34158441947899));
#2850=CARTESIAN_POINT('',(-0.111783326452244,-0.00553020569614277,0.34154199312309));
#2851=CARTESIAN_POINT('',(-0.1095,-0.00553020569614277,0.34154199312309));
#2852=CARTESIAN_POINT('',(-0.116127346132698,-3.13114108000251E-5,0.342204395438617));
#2853=CARTESIAN_POINT('',(-0.116127346132698,-0.00186478549899686,0.341728837691977));
#2854=CARTESIAN_POINT('',(-0.111761951169549,-0.00542650484036008,0.341621670339417));
#2855=CARTESIAN_POINT('',(-0.1095,-0.00542650484036008,0.341621670339417));
#2856=CARTESIAN_POINT('',(-0.116031717451366,-7.93668978748986E-5,0.342389669447862));
#2857=CARTESIAN_POINT('',(-0.116031717451366,-0.00185348390444928,0.341929507457381));
#2858=CARTESIAN_POINT('',(-0.111727998092792,-0.00526837219804092,0.341731026097416));
#2859=CARTESIAN_POINT('',(-0.1095,-0.00526837219804092,0.341731026097416));
#2860=CARTESIAN_POINT('',(-0.115998740926736,-9.46932305734838E-5,0.342448758873003));
#2861=CARTESIAN_POINT('',(-0.115998740926736,-0.00184903262105203,0.341993726706064));
#2862=CARTESIAN_POINT('',(-0.111716367385287,-0.00521521986226278,0.341765783369765));
#2863=CARTESIAN_POINT('',(-0.1095,-0.00521521986226278,0.341765783369765));
#2864=CARTESIAN_POINT('',(-0.115930180165053,-0.000123720211197389,0.34256067002829));
#2865=CARTESIAN_POINT('',(-0.115930180165053,-0.00183859677904558,0.342115873539689));
#2866=CARTESIAN_POINT('',(-0.111692341341463,-0.00510811358817363,0.341831816434523));
#2867=CARTESIAN_POINT('',(-0.1095,-0.00510811358817363,0.341831816434523));
#2868=CARTESIAN_POINT('',(-0.115894593402243,-0.000137422207916162,0.342613496958601));
#2869=CARTESIAN_POINT('',(-0.115894593402243,-0.00183261356922983,0.342173806324793));
#2870=CARTESIAN_POINT('',(-0.111679946005144,-0.00505413712538082,0.341863165533428));
#2871=CARTESIAN_POINT('',(-0.1095,-0.00505413712538082,0.341863165533428));
#2872=CARTESIAN_POINT('',(-0.115820317500539,-0.000162854166415007,0.342711547799428));
#2873=CARTESIAN_POINT('',(-0.115820317500539,-0.00181884377822562,0.342282025128057));
#2874=CARTESIAN_POINT('',(-0.111654252105386,-0.00494563464562683,0.34192173503868));
#2875=CARTESIAN_POINT('',(-0.1095,-0.00494563464562683,0.34192173503868));
#2876=CARTESIAN_POINT('',(-0.115781608808893,-0.00017458742569833,0.342756784423198));
#2877=CARTESIAN_POINT('',(-0.115781608808893,-0.001811102143882,0.342332313056665));
#2878=CARTESIAN_POINT('',(-0.111640929084829,-0.00489112123282355,0.341948914420946));
#2879=CARTESIAN_POINT('',(-0.1095,-0.00489112123282355,0.341948914420946));
#2880=CARTESIAN_POINT('',(-0.115720864881928,-0.000190315180650331,0.342817421499082));
#2881=CARTESIAN_POINT('',(-0.115720864881928,-0.00179795290151769,0.342400440110106));
#2882=CARTESIAN_POINT('',(-0.111620148125019,-0.00480925023369151,0.341985704246884));
#2883=CARTESIAN_POINT('',(-0.1095,-0.00480925023369151,0.341985704246884));
#2884=CARTESIAN_POINT('',(-0.115700139246005,-0.000195247216191024,0.342836436559671));
#2885=CARTESIAN_POINT('',(-0.115700139246005,-0.00179331516180696,0.342421937333265));
#2886=CARTESIAN_POINT('',(-0.111613076836496,-0.00478194576933403,0.341997283740102));
#2887=CARTESIAN_POINT('',(-0.1095,-0.00478194576933403,0.341997283740102));
#2888=CARTESIAN_POINT('',(-0.11565779030432,-0.00020439181159561,0.342871692801084));
#2889=CARTESIAN_POINT('',(-0.11565779030432,-0.00178345638298961,0.342462122579064));
#2890=CARTESIAN_POINT('',(-0.111598665088221,-0.0047273488075125,0.342019005276331));
#2891=CARTESIAN_POINT('',(-0.1095,-0.0047273488075125,0.342019005276331));
#2892=CARTESIAN_POINT('',(-0.115636166998557,-0.000208604371459501,0.342887933981908));
#2893=CARTESIAN_POINT('',(-0.115636166998557,-0.00177823534388298,0.342480810601705));
#2894=CARTESIAN_POINT('',(-0.11159132462883,-0.00470005631004845,0.342029147319339));
#2895=CARTESIAN_POINT('',(-0.1095,-0.00470005631004845,0.342029147319339));
#2896=CARTESIAN_POINT('',(-0.115592080367892,-0.000216211638720295,0.342917263180104));
#2897=CARTESIAN_POINT('',(-0.115592080367892,-0.00176713598472318,0.342514991835261));
#2898=CARTESIAN_POINT('',(-0.111576393721525,-0.00464552351153412,0.342047924069128));
#2899=CARTESIAN_POINT('',(-0.1095,-0.00464552351153412,0.342047924069128));
#2900=CARTESIAN_POINT('',(-0.115569827920826,-0.000219596044730722,0.34293031148132));
#2901=CARTESIAN_POINT('',(-0.115569827920826,-0.00176123743698285,0.342530447904657));
#2902=CARTESIAN_POINT('',(-0.111568851502606,-0.00461827460261389,0.34205662490422));
#2903=CARTESIAN_POINT('',(-0.1095,-0.00461827460261389,0.34205662490422));
#2904=CARTESIAN_POINT('',(-0.115535614495542,-0.000223987241432093,0.342947241381895));
#2905=CARTESIAN_POINT('',(-0.115535614495542,-0.00175178591326857,0.342550968263898));
#2906=CARTESIAN_POINT('',(-0.111557348254134,-0.00457741742203631,0.342068901967059));
#2907=CARTESIAN_POINT('',(-0.1095,-0.00457741742203631,0.342068901967059));
#2908=CARTESIAN_POINT('',(-0.115524007433671,-0.000225338913490045,0.342952452643222));
#2909=CARTESIAN_POINT('',(-0.115524007433671,-0.00174853696355638,0.342557372812513));
#2910=CARTESIAN_POINT('',(-0.111553408732667,-0.00456380105857452,0.342072865300186));
#2911=CARTESIAN_POINT('',(-0.1095,-0.00456380105857452,0.342072865300186));
#2912=CARTESIAN_POINT('',(-0.115500582436005,-0.000227800245504437,0.342961942107968));
#2913=CARTESIAN_POINT('',(-0.115500582436005,-0.00174182031727085,0.342569242817406));
#2914=CARTESIAN_POINT('',(-0.111545544848917,-0.00453657204477598,0.34208057690451));
#2915=CARTESIAN_POINT('',(-0.1095,-0.00453657204477598,0.34208057690451));
#2916=CARTESIAN_POINT('',(-0.115488847260801,-0.000228907256846667,0.342966210099868));
#2917=CARTESIAN_POINT('',(-0.115488847260801,-0.0017383499720833,0.342574698062169));
#2918=CARTESIAN_POINT('',(-0.111541620486633,-0.00452295939444044,0.342084325175675));
#2919=CARTESIAN_POINT('',(-0.1095,-0.00452295939444044,0.342084325175675));
#2920=CARTESIAN_POINT('',(-0.1154663099003,-0.00023083101044253,0.342973626974885));
#2921=CARTESIAN_POINT('',(-0.1154663099003,-0.0017311383063635,0.342584484438589));
#2922=CARTESIAN_POINT('',(-0.111534012291048,-0.00449573612325524,0.342091649722331));
#2923=CARTESIAN_POINT('',(-0.1095,-0.00449573612325524,0.342091649722331));
#2924=CARTESIAN_POINT('',(-0.115455705317937,-0.00023163782101874,0.342976737567229));
#2925=CARTESIAN_POINT('',(-0.115455705317937,-0.00172738705415381,0.342588777279474));
#2926=CARTESIAN_POINT('',(-0.111530470461726,-0.00448212550240681,0.342095225997791));
#2927=CARTESIAN_POINT('',(-0.1095,-0.00448212550240681,0.342095225997791));
#2928=CARTESIAN_POINT('',(-0.115435192817573,-0.000232979254075026,0.342981909352921));
#2929=CARTESIAN_POINT('',(-0.115435192817573,-0.00171962768388574,0.342596309588039));
#2930=CARTESIAN_POINT('',(-0.111523589049331,-0.00445490460321482,0.342102249706196));
#2931=CARTESIAN_POINT('',(-0.1095,-0.00445490460321482,0.342102249706196));
#2932=CARTESIAN_POINT('',(-0.115425099851748,-0.000233523177209636,0.342984006404184));
#2933=CARTESIAN_POINT('',(-0.115425099851748,-0.00171562886648189,0.342599584913633));
#2934=CARTESIAN_POINT('',(-0.111520198698078,-0.00444129432487248,0.342105697139109));
#2935=CARTESIAN_POINT('',(-0.1095,-0.00444129432487248,0.342105697139109));
#2936=CARTESIAN_POINT('',(-0.115392184598728,-0.000234940982454006,0.342989472636616));
#2937=CARTESIAN_POINT('',(-0.115392184598728,-0.00170343547623728,0.342608581552901));
#2938=CARTESIAN_POINT('',(-0.111509206025288,-0.00440046146806315,0.342115911035612));
#2939=CARTESIAN_POINT('',(-0.1095,-0.00440046146806315,0.342115911035612));
#2940=CARTESIAN_POINT('',(-0.115366132021744,-0.000235646182959871,0.342992191479624));
#2941=CARTESIAN_POINT('',(-0.115366132021744,-0.00169508924791906,0.342613648112259));
#2942=CARTESIAN_POINT('',(-0.111500491606129,-0.00437323686355351,0.342122549053434));
#2943=CARTESIAN_POINT('',(-0.1095,-0.00437323686355351,0.342122549053434));
#2944=CARTESIAN_POINT('',(-0.11534,-0.000235646182959871,0.342992191479624));
#2945=CARTESIAN_POINT('',(-0.11534,-0.00168604463461101,0.342615994060834));
#2946=CARTESIAN_POINT('',(-0.111491780928273,-0.00434600279503512,0.342129189319368));
#2947=CARTESIAN_POINT('',(-0.1095,-0.00434600279503512,0.342129189319368));
#2948=CARTESIAN_POINT('',(-0.116385566291789,-8.06963249829577E-5,0.341411620973749));
#2949=CARTESIAN_POINT('',(-0.116516445363936,-0.000190131803595371,0.3408346373063));
#2950=CARTESIAN_POINT('',(-0.116670370277204,-0.00027806476735759,0.339644167419294));
#2951=CARTESIAN_POINT('',(-0.116903696060356,-0.000206455855147691,0.337253418893648));
#2952=CARTESIAN_POINT('',(-0.117049986166113,1.11707328292309E-5,0.334262735976148));
#2953=CARTESIAN_POINT('',(-0.117055757772703,0.000251773958106579,0.330668619003297));
#2954=CARTESIAN_POINT('',(-0.11694581000906,0.000427281203876405,0.327675945699272));
#2955=CARTESIAN_POINT('',(-0.116815847799578,0.000583771416674133,0.325285107995375));
#2956=CARTESIAN_POINT('',(-0.116695147824586,0.000701567701990376,0.323493448491806));
#2957=CARTESIAN_POINT('',(-0.116557317839759,0.000830331235648593,0.321702001999817));
#2958=CARTESIAN_POINT('',(-0.116455257916073,0.000997180448423661,0.320216898696757));
#2959=CARTESIAN_POINT('',(-0.116383703816317,0.00117118524605291,0.319035901095449));
#2960=CARTESIAN_POINT('',(-0.116344911485819,0.00134244781071046,0.318156673151089));
#2961=CARTESIAN_POINT('',(-0.116334508906252,0.00153929516083953,0.317432206385514));
#2962=CARTESIAN_POINT('',(-0.116364667208022,0.00178665586976904,0.31686733945758));
#2963=CARTESIAN_POINT('',(-0.116421269998947,0.00204279603422844,0.316485196028647));
#2964=CARTESIAN_POINT('',(-0.116549809706967,0.00243746202820153,0.316244246908651));
#2965=CARTESIAN_POINT('',(-0.116720355637357,0.0028786895159944,0.316262127180712));
#2966=CARTESIAN_POINT('',(-0.116881037586374,0.00329016160799407,0.316388451565994));
#2967=CARTESIAN_POINT('',(-0.117082198270312,0.00383280675919772,0.316606934180954));
#2968=CARTESIAN_POINT('',(-0.117300778756164,0.00451774219524734,0.316884150495545));
#2969=CARTESIAN_POINT('',(-0.117428094649161,0.00511088497925852,0.31699625287208));
#2970=CARTESIAN_POINT('',(-0.117473701316251,0.00542858341312037,0.316995862105915));
#2971=CARTESIAN_POINT('',(-0.116385566291789,-8.06963249829588E-5,0.34141162097375));
#2972=CARTESIAN_POINT('',(-0.117473701316251,0.00542858341312495,0.3169958621059));
#2973=CARTESIAN_POINT('',(-0.117473701316251,0.00542858341312495,0.3169958621059));
#2974=CARTESIAN_POINT('',(-0.117529064109073,0.0057970201393688,0.31703004503703));
#2975=CARTESIAN_POINT('',(-0.117559278756377,0.00613643571598743,0.317114037763262));
#2976=CARTESIAN_POINT('',(-0.117561321968227,0.00643991443429375,0.317255112223933));
#2977=CARTESIAN_POINT('',(-0.117561322106845,0.00643991443224268,0.31725511223184));
#2978=CARTESIAN_POINT('',(-0.115344738288499,0.0147030623326114,0.285397219748081));
#2979=CARTESIAN_POINT('',(-0.11534,0.0147229610567691,0.285320501840763));
#2980=CARTESIAN_POINT('',(-0.115335261711501,0.0147030623326114,0.285397219748081));
#2981=CARTESIAN_POINT('',(-0.115305005457704,0.0146290926296306,0.285682403902235));
#2982=CARTESIAN_POINT('',(-0.115276103600111,0.0145516634790593,0.285980925674295));
#2983=CARTESIAN_POINT('',(-0.115241382716938,0.014460559084589,0.286332171233352));
#2984=CARTESIAN_POINT('',(-0.115205041366274,0.0143637486486835,0.286705415969568));
#2985=CARTESIAN_POINT('',(-0.115165964972655,0.0142589574413346,0.287109429918878));
#2986=CARTESIAN_POINT('',(-0.115124558502768,0.0141468315803698,0.287541722026721));
#2987=CARTESIAN_POINT('',(-0.115080799992364,0.0140271883258947,0.288002996831847));
#2988=CARTESIAN_POINT('',(-0.115034792086639,0.0139000791806178,0.288493055769768));
#2989=CARTESIAN_POINT('',(-0.114986606000305,0.0137654896803252,0.289011954606078));
#2990=CARTESIAN_POINT('',(-0.114936325174834,0.0136234238791218,0.289559677710508));
#2991=CARTESIAN_POINT('',(-0.114884032818689,0.013473880645997,0.290136229443577));
#2992=CARTESIAN_POINT('',(-0.114829815238071,0.0133168602974703,0.29074160858497));
#2993=CARTESIAN_POINT('',(-0.114773760818789,0.0131523627475952,0.291375815466046));
#2994=CARTESIAN_POINT('',(-0.114715960299231,0.0129803880183263,0.292038850002161));
#2995=CARTESIAN_POINT('',(-0.11465650678368,0.0128009361174996,0.292730712163105));
#2996=CARTESIAN_POINT('',(-0.114595495908774,0.0126140069966697,0.293451402135653));
#2997=CARTESIAN_POINT('',(-0.114533026192638,0.0124196008556583,0.294200919149411));
#2998=CARTESIAN_POINT('',(-0.114469199081475,0.0122177169332615,0.294979266139137));
#2999=CARTESIAN_POINT('',(-0.114404120743211,0.012008358159655,0.29578643180778));
#3000=CARTESIAN_POINT('',(-0.114337897785145,0.0117915133151252,0.296622459412027));
#3001=CARTESIAN_POINT('',(-0.114270656962006,0.0115672253735762,0.297487183269499));
#3002=CARTESIAN_POINT('',(-0.114202473844689,0.0113353299366284,0.298381237204735));
#3003=CARTESIAN_POINT('',(-0.114133650577547,0.0110964554789042,0.299302198185109));
#3004=CARTESIAN_POINT('',(-0.114064153163766,0.0108499487437275,0.30025258478843));
#3005=CARTESIAN_POINT('',(-0.113997071816335,0.0106065970839845,0.301190807255863));
#3006=CARTESIAN_POINT('',(-0.113932160111472,0.0103657244750067,0.302119471945351));
#3007=CARTESIAN_POINT('',(-0.113869566338189,0.0101279786287412,0.303036081656336));
#3008=CARTESIAN_POINT('',(-0.113809207845179,0.00989318760746004,0.303941299280699));
#3009=CARTESIAN_POINT('',(-0.11375106850683,0.00966139704218789,0.304834948891747));
#3010=CARTESIAN_POINT('',(-0.11369511916995,0.00943259481936915,0.305717077192304));
#3011=CARTESIAN_POINT('',(-0.113641338204277,0.00920678414992444,0.306587671802928));
#3012=CARTESIAN_POINT('',(-0.113589705517152,0.00898396417877433,0.307446736020309));
#3013=CARTESIAN_POINT('',(-0.113540203640228,0.00876413512987,0.308294268981021));
#3014=CARTESIAN_POINT('',(-0.113492816969101,0.00854729694116638,0.309130270924274));
#3015=CARTESIAN_POINT('',(-0.11344753152133,0.00833344962672741,0.309954741795845));
#3016=CARTESIAN_POINT('',(-0.113404334584321,0.00812259318060263,0.310767681618676));
#3017=CARTESIAN_POINT('',(-0.113363214418847,0.00791472760255537,0.311569090393679));
#3018=CARTESIAN_POINT('',(-0.113324159973139,0.00770985289031517,0.312358968129608));
#3019=CARTESIAN_POINT('',(-0.113287160619028,0.00750796904500093,0.313137314822149));
#3020=CARTESIAN_POINT('',(-0.113252205904307,0.00730907605720624,0.313904130507567));
#3021=CARTESIAN_POINT('',(-0.113219285328686,0.00711317395669078,0.314659415071128));
#3022=CARTESIAN_POINT('',(-0.113188388115435,0.00692026262944562,0.315403168952382));
#3023=CARTESIAN_POINT('',(-0.113159503077434,0.00673034249237612,0.316135390543986));
#3024=CARTESIAN_POINT('',(-0.113132618210216,0.00654341200493286,0.316856085785401));
#3025=CARTESIAN_POINT('',(-0.113107721363489,0.00635947684501118,0.317565232785965));
#3026=CARTESIAN_POINT('',(-0.113084797004587,0.00617851607901124,0.318262912253465));
#3027=CARTESIAN_POINT('',(-0.113063837452904,0.00600060686219029,0.318948826722103));
#3028=CARTESIAN_POINT('',(-0.113044800842854,0.00582546487500378,0.319624072362681));
#3029=CARTESIAN_POINT('',(-0.113027691208281,0.00565339109838013,0.320287488767791));
#3030=CARTESIAN_POINT('',(-0.113012092827995,0.0054797466653049,0.320956960710689));
#3031=CARTESIAN_POINT('',(-0.112998159642403,0.00530482751755988,0.321631347211983));
#3032=CARTESIAN_POINT('',(-0.112985986493443,0.00512835332713747,0.322311729053434));
#3033=CARTESIAN_POINT('',(-0.11297571627791,0.00495039983205049,0.322997814233313));
#3034=CARTESIAN_POINT('',(-0.112967492480925,0.00477094601841799,0.323689683768923));
#3035=CARTESIAN_POINT('',(-0.112961473294055,0.00458999971071976,0.324387307493621));
#3036=CARTESIAN_POINT('',(-0.112957830332128,0.00440755061991001,0.325090725075983));
#3037=CARTESIAN_POINT('',(-0.112956748251168,0.0042236321432005,0.325799807755784));
#3038=CARTESIAN_POINT('',(-0.11295843790758,0.00403812018053201,0.326515033990677));
#3039=CARTESIAN_POINT('',(-0.112963096072595,0.00385148020330956,0.327234609193641));
#3040=CARTESIAN_POINT('',(-0.112971015933538,0.00366322560972073,0.327960409418257));
#3041=CARTESIAN_POINT('',(-0.11298194548017,0.00348106282374297,0.328662723175701));
#3042=CARTESIAN_POINT('',(-0.112995748801578,0.00330452712255602,0.329343342166885));
#3043=CARTESIAN_POINT('',(-0.113012275448124,0.00313406584169506,0.330000541726157));
#3044=CARTESIAN_POINT('',(-0.113031381479802,0.00296956210983353,0.330634772441377));
#3045=CARTESIAN_POINT('',(-0.113052910061628,0.00281104646749601,0.331245916566046));
#3046=CARTESIAN_POINT('',(-0.113076696366569,0.00265851087615402,0.331834005092054));
#3047=CARTESIAN_POINT('',(-0.113102565896542,0.00251195774553244,0.332399028728905));
#3048=CARTESIAN_POINT('',(-0.113130335241023,0.00237138536024612,0.332940994090125));
#3049=CARTESIAN_POINT('',(-0.113159809452514,0.00223679815888821,0.33345988406308));
#3050=CARTESIAN_POINT('',(-0.113190790093446,0.0021081806416653,0.33395575840596));
#3051=CARTESIAN_POINT('',(-0.113223045075287,0.00198558860937842,0.33442840198333));
#3052=CARTESIAN_POINT('',(-0.113256415988626,0.00186882138160603,0.334878588502178));
#3053=CARTESIAN_POINT('',(-0.11329058767323,0.0017580924774883,0.335305494756884));
#3054=CARTESIAN_POINT('',(-0.113326372460187,0.00165030949694362,0.335721043243632));
#3055=CARTESIAN_POINT('',(-0.113363687430118,0.00154565687356333,0.33612452289376));
#3056=CARTESIAN_POINT('',(-0.113402543361097,0.00144395840897996,0.336516613025696));
#3057=CARTESIAN_POINT('',(-0.11344288657617,0.00134526032324891,0.336897135441788));
#3058=CARTESIAN_POINT('',(-0.113484679998702,0.00124955047958524,0.337266136934419));
#3059=CARTESIAN_POINT('',(-0.113527882012631,0.00115683204033151,0.337623605311438));
#3060=CARTESIAN_POINT('',(-0.113572452128322,0.00106710415555145,0.337969543849702));
#3061=CARTESIAN_POINT('',(-0.113618349620785,0.000980367022271116,0.338303951789595));
#3062=CARTESIAN_POINT('',(-0.113665534007651,0.000896620559016893,0.338626829445232));
#3063=CARTESIAN_POINT('',(-0.113713965043529,0.000815864751707563,0.3389381768709));
#3064=CARTESIAN_POINT('',(-0.113763602838254,0.000738099562065356,0.339237994214178));
#3065=CARTESIAN_POINT('',(-0.113814407939327,0.000663324950104341,0.339526281629228));
#3066=CARTESIAN_POINT('',(-0.113866341419437,0.00059154086644801,0.339803039306416));
#3067=CARTESIAN_POINT('',(-0.11391936495737,0.000522747252039419,0.340068267473432));
#3068=CARTESIAN_POINT('',(-0.11397344091414,0.000456944035297379,0.340321966406252));
#3069=CARTESIAN_POINT('',(-0.114028532402391,0.000394131129120091,0.340564136440689));
#3070=CARTESIAN_POINT('',(-0.114084603347702,0.000334308426856663,0.340794777987927));
#3071=CARTESIAN_POINT('',(-0.114141618539734,0.000277475797139198,0.341013891554444));
#3072=CARTESIAN_POINT('',(-0.114199543670576,0.000223633077160602,0.341221477767929));
#3073=CARTESIAN_POINT('',(-0.11425834535653,0.000172780063934637,0.341417537410981));
#3074=CARTESIAN_POINT('',(-0.11431799113837,0.000124916502925779,0.341602071464939));
#3075=CARTESIAN_POINT('',(-0.114378449451489,8.00420733692861E-5,0.341775081166486));
#3076=CARTESIAN_POINT('',(-0.114439689557148,3.81563694183797E-5,0.341936568080331));
#3077=CARTESIAN_POINT('',(-0.114501681404382,-7.41122999138935E-7,0.342086534188437));
#3078=CARTESIAN_POINT('',(-0.114564395427811,-3.66510547719452E-5,0.342224982000253));
#3079=CARTESIAN_POINT('',(-0.114627802079125,-6.95742396939108E-5,0.342351914653294));
#3080=CARTESIAN_POINT('',(-0.114691871456658,-9.95116881503206E-5,0.342467336043019));
#3081=CARTESIAN_POINT('',(-0.114756571016957,-0.000126464560725526,0.342571250643966));
#3082=CARTESIAN_POINT('',(-0.114821866858929,-0.000150434222708601,0.342663663719895));
#3083=CARTESIAN_POINT('',(-0.114887705422965,-0.00017142147116567,0.34274457834383));
#3084=CARTESIAN_POINT('',(-0.114954047052798,-0.00018942756079144,0.342813999353143));
#3085=CARTESIAN_POINT('',(-0.115020674097092,-0.000204446498599788,0.342871903642366));
#3086=CARTESIAN_POINT('',(-0.115087660498117,-0.000216482455426978,0.342918307291818));
#3087=CARTESIAN_POINT('',(-0.115153086180907,-0.000225464384694103,0.342952936387211));
#3088=CARTESIAN_POINT('',(-0.115218128466749,-0.000231447024128914,0.342976001965388));
#3089=CARTESIAN_POINT('',(-0.115269409737609,-0.000234469915818784,0.342987656477641));
#3090=CARTESIAN_POINT('',(-0.11534,-0.000236277833900063,0.342994626758283));
#3091=CARTESIAN_POINT('',(-0.115410590262391,-0.000234469915818784,0.342987656477641));
#3092=CARTESIAN_POINT('',(-0.115461871533251,-0.000231447024128914,0.342976001965388));
#3093=CARTESIAN_POINT('',(-0.115526913819093,-0.000225464384694103,0.342952936387211));
#3094=CARTESIAN_POINT('',(-0.115592339501883,-0.000216482455426978,0.342918307291818));
#3095=CARTESIAN_POINT('',(-0.115659325902908,-0.000204446498599788,0.342871903642366));
#3096=CARTESIAN_POINT('',(-0.115725952947202,-0.000189427560791439,0.342813999353143));
#3097=CARTESIAN_POINT('',(-0.115792294577035,-0.000171421471165672,0.34274457834383));
#3098=CARTESIAN_POINT('',(-0.115858133141071,-0.0001504342227086,0.342663663719895));
#3099=CARTESIAN_POINT('',(-0.115923428983043,-0.000126464560725526,0.342571250643966));
#3100=CARTESIAN_POINT('',(-0.115988128543342,-9.95116881503206E-5,0.342467336043019));
#3101=CARTESIAN_POINT('',(-0.116052197920875,-6.95742396939108E-5,0.342351914653294));
#3102=CARTESIAN_POINT('',(-0.116115604572189,-3.66510547719452E-5,0.342224982000253));
#3103=CARTESIAN_POINT('',(-0.116178318595618,-7.41122999139803E-7,0.342086534188437));
#3104=CARTESIAN_POINT('',(-0.116240310442852,3.81563694183797E-5,0.341936568080331));
#3105=CARTESIAN_POINT('',(-0.116301550548511,8.00420733692861E-5,0.341775081166486));
#3106=CARTESIAN_POINT('',(-0.11636200886163,0.000124916502925778,0.341602071464939));
#3107=CARTESIAN_POINT('',(-0.11642165464347,0.000172780063934637,0.341417537410981));
#3108=CARTESIAN_POINT('',(-0.116480456329424,0.000223633077160602,0.341221477767929));
#3109=CARTESIAN_POINT('',(-0.116538381460266,0.0002774757971392,0.341013891554444));
#3110=CARTESIAN_POINT('',(-0.116595396652298,0.000334308426856661,0.340794777987927));
#3111=CARTESIAN_POINT('',(-0.116651467597608,0.000394131129120091,0.340564136440689));
#3112=CARTESIAN_POINT('',(-0.11670655908586,0.000456944035297379,0.340321966406252));
#3113=CARTESIAN_POINT('',(-0.11676063504263,0.000522747252039418,0.340068267473432));
#3114=CARTESIAN_POINT('',(-0.116813658580563,0.00059154086644801,0.339803039306416));
#3115=CARTESIAN_POINT('',(-0.116865592060673,0.000663324950104339,0.339526281629228));
#3116=CARTESIAN_POINT('',(-0.116916397161746,0.000738099562065357,0.339237994214178));
#3117=CARTESIAN_POINT('',(-0.116966034956471,0.000815864751707562,0.3389381768709));
#3118=CARTESIAN_POINT('',(-0.117014465992349,0.000896620559016894,0.338626829445232));
#3119=CARTESIAN_POINT('',(-0.117061650379215,0.000980367022271116,0.338303951789595));
#3120=CARTESIAN_POINT('',(-0.117107547871678,0.00106710415555145,0.337969543849702));
#3121=CARTESIAN_POINT('',(-0.117152117987369,0.00115683204033151,0.337623605311438));
#3122=CARTESIAN_POINT('',(-0.117195320001298,0.00124955047958523,0.337266136934419));
#3123=CARTESIAN_POINT('',(-0.117237113423829,0.00134526032324891,0.336897135441788));
#3124=CARTESIAN_POINT('',(-0.117277456638903,0.00144395840897996,0.336516613025696));
#3125=CARTESIAN_POINT('',(-0.117316312569881,0.00154565687356333,0.33612452289376));
#3126=CARTESIAN_POINT('',(-0.117353627539813,0.00165030949694362,0.335721043243632));
#3127=CARTESIAN_POINT('',(-0.11738941232677,0.00175809247748831,0.335305494756884));
#3128=CARTESIAN_POINT('',(-0.117423584011374,0.00186882138160603,0.334878588502178));
#3129=CARTESIAN_POINT('',(-0.117456954924713,0.00198558860937842,0.33442840198333));
#3130=CARTESIAN_POINT('',(-0.117489209906554,0.0021081806416653,0.33395575840596));
#3131=CARTESIAN_POINT('',(-0.117520190547486,0.00223679815888821,0.33345988406308));
#3132=CARTESIAN_POINT('',(-0.117549664758976,0.00237138536024612,0.332940994090125));
#3133=CARTESIAN_POINT('',(-0.117577434103457,0.00251195774553244,0.332399028728905));
#3134=CARTESIAN_POINT('',(-0.117603303633431,0.00265851087615402,0.331834005092054));
#3135=CARTESIAN_POINT('',(-0.117627089938372,0.002811046467496,0.331245916566046));
#3136=CARTESIAN_POINT('',(-0.117648618520198,0.00296956210983352,0.330634772441377));
#3137=CARTESIAN_POINT('',(-0.117667724551876,0.00313406584169506,0.330000541726157));
#3138=CARTESIAN_POINT('',(-0.117684251198422,0.00330452712255602,0.329343342166885));
#3139=CARTESIAN_POINT('',(-0.11769805451983,0.00348106282374297,0.328662723175701));
#3140=CARTESIAN_POINT('',(-0.117708984066462,0.00366322560972074,0.327960409418257));
#3141=CARTESIAN_POINT('',(-0.117716903927405,0.00385148020330956,0.327234609193641));
#3142=CARTESIAN_POINT('',(-0.11772156209242,0.00403812018053202,0.326515033990677));
#3143=CARTESIAN_POINT('',(-0.117723251748832,0.0042236321432005,0.325799807755784));
#3144=CARTESIAN_POINT('',(-0.117722169667872,0.00440755061991,0.325090725075983));
#3145=CARTESIAN_POINT('',(-0.117718526705945,0.00458999971071976,0.324387307493621));
#3146=CARTESIAN_POINT('',(-0.117712507519075,0.00477094601841799,0.323689683768923));
#3147=CARTESIAN_POINT('',(-0.11770428372209,0.00495039983205049,0.322997814233313));
#3148=CARTESIAN_POINT('',(-0.117694013506557,0.00512835332713748,0.322311729053434));
#3149=CARTESIAN_POINT('',(-0.117681840357597,0.00530482751755988,0.321631347211983));
#3150=CARTESIAN_POINT('',(-0.117667907172005,0.00547974666530489,0.320956960710689));
#3151=CARTESIAN_POINT('',(-0.117652308791719,0.00565339109838013,0.320287488767791));
#3152=CARTESIAN_POINT('',(-0.117635199157146,0.00582546487500378,0.319624072362681));
#3153=CARTESIAN_POINT('',(-0.117616162547096,0.00600060686219029,0.318948826722103));
#3154=CARTESIAN_POINT('',(-0.117595202995413,0.00617851607901124,0.318262912253465));
#3155=CARTESIAN_POINT('',(-0.117572278636511,0.00635947684501118,0.317565232785965));
#3156=CARTESIAN_POINT('',(-0.117547381789784,0.00654341200493286,0.316856085785401));
#3157=CARTESIAN_POINT('',(-0.117520496922566,0.00673034249237612,0.316135390543986));
#3158=CARTESIAN_POINT('',(-0.117491611884565,0.00692026262944562,0.315403168952382));
#3159=CARTESIAN_POINT('',(-0.117460714671314,0.00711317395669078,0.314659415071128));
#3160=CARTESIAN_POINT('',(-0.117427794095693,0.00730907605720624,0.313904130507567));
#3161=CARTESIAN_POINT('',(-0.117392839380972,0.00750796904500092,0.313137314822149));
#3162=CARTESIAN_POINT('',(-0.11735584002686,0.00770985289031517,0.312358968129608));
#3163=CARTESIAN_POINT('',(-0.117316785581153,0.00791472760255537,0.311569090393679));
#3164=CARTESIAN_POINT('',(-0.117275665415679,0.00812259318060263,0.310767681618676));
#3165=CARTESIAN_POINT('',(-0.11723246847867,0.00833344962672741,0.309954741795845));
#3166=CARTESIAN_POINT('',(-0.117187183030899,0.00854729694116638,0.309130270924274));
#3167=CARTESIAN_POINT('',(-0.117139796359772,0.00876413512987,0.308294268981021));
#3168=CARTESIAN_POINT('',(-0.117090294482848,0.00898396417877433,0.307446736020309));
#3169=CARTESIAN_POINT('',(-0.117038661795723,0.00920678414992444,0.306587671802928));
#3170=CARTESIAN_POINT('',(-0.11698488083005,0.00943259481936915,0.305717077192304));
#3171=CARTESIAN_POINT('',(-0.11692893149317,0.00966139704218789,0.304834948891747));
#3172=CARTESIAN_POINT('',(-0.116870792154821,0.00989318760746004,0.303941299280699));
#3173=CARTESIAN_POINT('',(-0.116810433661811,0.0101279786287412,0.303036081656336));
#3174=CARTESIAN_POINT('',(-0.116747839888528,0.0103657244750067,0.302119471945351));
#3175=CARTESIAN_POINT('',(-0.116682928183665,0.0106065970839845,0.301190807255863));
#3176=CARTESIAN_POINT('',(-0.116615846836234,0.0108499487437275,0.30025258478843));
#3177=CARTESIAN_POINT('',(-0.116546349422453,0.0110964554789042,0.299302198185109));
#3178=CARTESIAN_POINT('',(-0.116477526155311,0.0113353299366284,0.298381237204735));
#3179=CARTESIAN_POINT('',(-0.116409343037994,0.0115672253735762,0.297487183269499));
#3180=CARTESIAN_POINT('',(-0.116342102214855,0.0117915133151252,0.296622459412027));
#3181=CARTESIAN_POINT('',(-0.116275879256789,0.012008358159655,0.29578643180778));
#3182=CARTESIAN_POINT('',(-0.116210800918525,0.0122177169332615,0.294979266139137));
#3183=CARTESIAN_POINT('',(-0.116146973807362,0.0124196008556583,0.294200919149411));
#3184=CARTESIAN_POINT('',(-0.116084504091226,0.0126140069966697,0.293451402135653));
#3185=CARTESIAN_POINT('',(-0.11602349321632,0.0128009361174996,0.292730712163105));
#3186=CARTESIAN_POINT('',(-0.115964039700769,0.0129803880183263,0.292038850002161));
#3187=CARTESIAN_POINT('',(-0.115906239181211,0.0131523627475952,0.291375815466046));
#3188=CARTESIAN_POINT('',(-0.115850184761929,0.0133168602974703,0.29074160858497));
#3189=CARTESIAN_POINT('',(-0.115795967181311,0.013473880645997,0.290136229443577));
#3190=CARTESIAN_POINT('',(-0.115743674825166,0.0136234238791218,0.289559677710508));
#3191=CARTESIAN_POINT('',(-0.115693393999695,0.0137654896803252,0.289011954606078));
#3192=CARTESIAN_POINT('',(-0.115645207913361,0.0139000791806178,0.288493055769768));
#3193=CARTESIAN_POINT('',(-0.115599200007636,0.0140271883258947,0.288002996831847));
#3194=CARTESIAN_POINT('',(-0.115555441497232,0.0141468315803698,0.287541722026721));
#3195=CARTESIAN_POINT('',(-0.115514035027345,0.0142589574413346,0.287109429918878));
#3196=CARTESIAN_POINT('',(-0.115474958633726,0.0143637486486835,0.286705415969568));
#3197=CARTESIAN_POINT('',(-0.115438617283062,0.014460559084589,0.286332171233352));
#3198=CARTESIAN_POINT('',(-0.115403896399888,0.0145516634790593,0.285980925674295));
#3199=CARTESIAN_POINT('',(-0.115374994542296,0.0146290926296306,0.285682403902235));
#3200=CARTESIAN_POINT('',(-0.115344738288499,0.0147030623326114,0.285397219748081));
#3201=CARTESIAN_POINT('',(-0.11534,0.0147229610567691,0.285320501840763));
#3202=CARTESIAN_POINT('',(-0.115335261711501,0.0147030623326114,0.285397219748081));
#3203=CARTESIAN_POINT('',(-0.115703557975959,0.0137366357702363,0.289123198502041));
#3204=CARTESIAN_POINT('',(-0.11534,0.0137284979419489,0.289154573234982));
#3205=CARTESIAN_POINT('',(-0.115641900274022,0.0137800050934858,0.288955991615048));
#3206=CARTESIAN_POINT('',(-0.115639129790679,0.0136617896835734,0.288927303349343));
#3207=CARTESIAN_POINT('',(-0.11564032948686,0.0137018287195307,0.288935423484311));
#3208=CARTESIAN_POINT('',(-0.115641253496792,0.0137412360064231,0.288944987762926));
#3209=CARTESIAN_POINT('',(-0.115641898456781,0.0137799966701065,0.288956021312268));
#3210=CARTESIAN_POINT('',(-0.115639129790679,0.0136617896835734,0.288927303349344));
#3211=CARTESIAN_POINT('',(-0.115510292368818,0.0132274188217959,0.288803865752051));
#3212=CARTESIAN_POINT('',(-0.115584939448284,0.0133639526417727,0.288831598910536));
#3213=CARTESIAN_POINT('',(-0.115623876366176,0.013511581522918,0.288881222947504));
#3214=CARTESIAN_POINT('',(-0.115639129790679,0.0136617896835734,0.288927303349344));
#3215=CARTESIAN_POINT('',(-0.115510292368072,0.0132274188207979,0.28880386575108));
#3216=CARTESIAN_POINT('',(-0.115510292368148,0.013227418820603,0.288803865751799));
#3217=CARTESIAN_POINT('',(-0.11538107357694,0.0129973073434277,0.288755243234056));
#3218=CARTESIAN_POINT('',(-0.115159578460497,0.0126566909054766,0.288853416526741));
#3219=CARTESIAN_POINT('',(-0.114952793173423,0.0122612634345375,0.28913986124352));
#3220=CARTESIAN_POINT('',(-0.114874582451875,0.0120779122892027,0.289322488706428));
#3221=CARTESIAN_POINT('',(-0.114861046596275,0.0120065311113987,0.289435412253932));
#3222=CARTESIAN_POINT('',(-0.114861046596275,0.0120065311113987,0.289435412253932));
#3223=CARTESIAN_POINT('',(-0.1095,-0.0026335221604628,0.305582617071572));
#3224=CARTESIAN_POINT('',(-0.111937976943897,-0.0026335221604628,0.305582617071572));
#3225=CARTESIAN_POINT('',(-0.114976442024041,0.00956559434053563,0.288041333709831));
#3226=CARTESIAN_POINT('',(-0.114976442024041,0.0137366357702363,0.28912319850204));
#3227=CARTESIAN_POINT('',(-0.1095,-0.00434600279503512,0.342129189319368));
#3228=CARTESIAN_POINT('',(-0.111491780928273,-0.00434600279503512,0.342129189319368));
#3229=CARTESIAN_POINT('',(-0.11534,-0.00168604463461101,0.342615994060834));
#3230=CARTESIAN_POINT('',(-0.11534,-0.000235646182959871,0.342992191479624));
#3231=CARTESIAN_POINT('',(-0.11534,-0.000235646182959871,0.342992191479624));
#3232=CARTESIAN_POINT('',(-0.115344738288499,0.0147030623326114,0.285397219748081));
#3233=CARTESIAN_POINT('',(-0.11534,0.0147229610567691,0.285320501840763));
#3234=CARTESIAN_POINT('',(-0.115335261711501,0.0147030623326114,0.285397219748081));
#3235=CARTESIAN_POINT('',(-0.115305005457704,0.0146290926296306,0.285682403902235));
#3236=CARTESIAN_POINT('',(-0.115276103600111,0.0145516634790593,0.285980925674295));
#3237=CARTESIAN_POINT('',(-0.115241382716938,0.014460559084589,0.286332171233352));
#3238=CARTESIAN_POINT('',(-0.115205041366274,0.0143637486486835,0.286705415969568));
#3239=CARTESIAN_POINT('',(-0.115165964972655,0.0142589574413346,0.287109429918878));
#3240=CARTESIAN_POINT('',(-0.115124558502768,0.0141468315803698,0.287541722026721));
#3241=CARTESIAN_POINT('',(-0.115080799992364,0.0140271883258947,0.288002996831847));
#3242=CARTESIAN_POINT('',(-0.115034792086639,0.0139000791806178,0.288493055769768));
#3243=CARTESIAN_POINT('',(-0.114986606000305,0.0137654896803252,0.289011954606078));
#3244=CARTESIAN_POINT('',(-0.114936325174834,0.0136234238791218,0.289559677710508));
#3245=CARTESIAN_POINT('',(-0.114884032818689,0.013473880645997,0.290136229443577));
#3246=CARTESIAN_POINT('',(-0.114829815238071,0.0133168602974703,0.29074160858497));
#3247=CARTESIAN_POINT('',(-0.114773760818789,0.0131523627475952,0.291375815466046));
#3248=CARTESIAN_POINT('',(-0.114715960299231,0.0129803880183263,0.292038850002161));
#3249=CARTESIAN_POINT('',(-0.11465650678368,0.0128009361174996,0.292730712163105));
#3250=CARTESIAN_POINT('',(-0.114595495908774,0.0126140069966697,0.293451402135653));
#3251=CARTESIAN_POINT('',(-0.114533026192638,0.0124196008556583,0.294200919149411));
#3252=CARTESIAN_POINT('',(-0.114469199081475,0.0122177169332615,0.294979266139137));
#3253=CARTESIAN_POINT('',(-0.114404120743211,0.012008358159655,0.29578643180778));
#3254=CARTESIAN_POINT('',(-0.114337897785145,0.0117915133151252,0.296622459412027));
#3255=CARTESIAN_POINT('',(-0.114270656962006,0.0115672253735762,0.297487183269499));
#3256=CARTESIAN_POINT('',(-0.114202473844689,0.0113353299366284,0.298381237204735));
#3257=CARTESIAN_POINT('',(-0.114133650577547,0.0110964554789042,0.299302198185109));
#3258=CARTESIAN_POINT('',(-0.114064153163766,0.0108499487437275,0.30025258478843));
#3259=CARTESIAN_POINT('',(-0.113997071816335,0.0106065970839845,0.301190807255863));
#3260=CARTESIAN_POINT('',(-0.113932160111472,0.0103657244750067,0.302119471945351));
#3261=CARTESIAN_POINT('',(-0.113869566338189,0.0101279786287412,0.303036081656336));
#3262=CARTESIAN_POINT('',(-0.113809207845179,0.00989318760746004,0.303941299280699));
#3263=CARTESIAN_POINT('',(-0.11375106850683,0.00966139704218789,0.304834948891747));
#3264=CARTESIAN_POINT('',(-0.11369511916995,0.00943259481936915,0.305717077192304));
#3265=CARTESIAN_POINT('',(-0.113641338204277,0.00920678414992444,0.306587671802928));
#3266=CARTESIAN_POINT('',(-0.113589705517152,0.00898396417877433,0.307446736020309));
#3267=CARTESIAN_POINT('',(-0.113540203640228,0.00876413512987,0.308294268981021));
#3268=CARTESIAN_POINT('',(-0.113492816969101,0.00854729694116638,0.309130270924274));
#3269=CARTESIAN_POINT('',(-0.11344753152133,0.00833344962672741,0.309954741795845));
#3270=CARTESIAN_POINT('',(-0.113404334584321,0.00812259318060263,0.310767681618676));
#3271=CARTESIAN_POINT('',(-0.113363214418847,0.00791472760255537,0.311569090393679));
#3272=CARTESIAN_POINT('',(-0.113324159973139,0.00770985289031517,0.312358968129608));
#3273=CARTESIAN_POINT('',(-0.113287160619028,0.00750796904500093,0.313137314822149));
#3274=CARTESIAN_POINT('',(-0.113252205904307,0.00730907605720624,0.313904130507567));
#3275=CARTESIAN_POINT('',(-0.113219285328686,0.00711317395669078,0.314659415071128));
#3276=CARTESIAN_POINT('',(-0.113188388115435,0.00692026262944562,0.315403168952382));
#3277=CARTESIAN_POINT('',(-0.113159503077434,0.00673034249237612,0.316135390543986));
#3278=CARTESIAN_POINT('',(-0.113132618210216,0.00654341200493286,0.316856085785401));
#3279=CARTESIAN_POINT('',(-0.113107721363489,0.00635947684501118,0.317565232785965));
#3280=CARTESIAN_POINT('',(-0.113084797004587,0.00617851607901124,0.318262912253465));
#3281=CARTESIAN_POINT('',(-0.113063837452904,0.00600060686219029,0.318948826722103));
#3282=CARTESIAN_POINT('',(-0.113044800842854,0.00582546487500378,0.319624072362681));
#3283=CARTESIAN_POINT('',(-0.113027691208281,0.00565339109838013,0.320287488767791));
#3284=CARTESIAN_POINT('',(-0.113012092827995,0.0054797466653049,0.320956960710689));
#3285=CARTESIAN_POINT('',(-0.112998159642403,0.00530482751755988,0.321631347211983));
#3286=CARTESIAN_POINT('',(-0.112985986493443,0.00512835332713747,0.322311729053434));
#3287=CARTESIAN_POINT('',(-0.11297571627791,0.00495039983205049,0.322997814233313));
#3288=CARTESIAN_POINT('',(-0.112967492480925,0.00477094601841799,0.323689683768923));
#3289=CARTESIAN_POINT('',(-0.112961473294055,0.00458999971071976,0.324387307493621));
#3290=CARTESIAN_POINT('',(-0.112957830332128,0.00440755061991001,0.325090725075983));
#3291=CARTESIAN_POINT('',(-0.112956748251168,0.0042236321432005,0.325799807755784));
#3292=CARTESIAN_POINT('',(-0.11295843790758,0.00403812018053201,0.326515033990677));
#3293=CARTESIAN_POINT('',(-0.112963096072595,0.00385148020330956,0.327234609193641));
#3294=CARTESIAN_POINT('',(-0.112971015933538,0.00366322560972073,0.327960409418257));
#3295=CARTESIAN_POINT('',(-0.11298194548017,0.00348106282374297,0.328662723175701));
#3296=CARTESIAN_POINT('',(-0.112995748801578,0.00330452712255602,0.329343342166885));
#3297=CARTESIAN_POINT('',(-0.113012275448124,0.00313406584169506,0.330000541726157));
#3298=CARTESIAN_POINT('',(-0.113031381479802,0.00296956210983353,0.330634772441377));
#3299=CARTESIAN_POINT('',(-0.113052910061628,0.00281104646749601,0.331245916566046));
#3300=CARTESIAN_POINT('',(-0.113076696366569,0.00265851087615402,0.331834005092054));
#3301=CARTESIAN_POINT('',(-0.113102565896542,0.00251195774553244,0.332399028728905));
#3302=CARTESIAN_POINT('',(-0.113130335241023,0.00237138536024612,0.332940994090125));
#3303=CARTESIAN_POINT('',(-0.113159809452514,0.00223679815888821,0.33345988406308));
#3304=CARTESIAN_POINT('',(-0.113190790093446,0.0021081806416653,0.33395575840596));
#3305=CARTESIAN_POINT('',(-0.113223045075287,0.00198558860937842,0.33442840198333));
#3306=CARTESIAN_POINT('',(-0.113256415988626,0.00186882138160603,0.334878588502178));
#3307=CARTESIAN_POINT('',(-0.11329058767323,0.0017580924774883,0.335305494756884));
#3308=CARTESIAN_POINT('',(-0.113326372460187,0.00165030949694362,0.335721043243632));
#3309=CARTESIAN_POINT('',(-0.113363687430118,0.00154565687356333,0.33612452289376));
#3310=CARTESIAN_POINT('',(-0.113402543361097,0.00144395840897996,0.336516613025696));
#3311=CARTESIAN_POINT('',(-0.11344288657617,0.00134526032324891,0.336897135441788));
#3312=CARTESIAN_POINT('',(-0.113484679998702,0.00124955047958524,0.337266136934419));
#3313=CARTESIAN_POINT('',(-0.113527882012631,0.00115683204033151,0.337623605311438));
#3314=CARTESIAN_POINT('',(-0.113572452128322,0.00106710415555145,0.337969543849702));
#3315=CARTESIAN_POINT('',(-0.113618349620785,0.000980367022271116,0.338303951789595));
#3316=CARTESIAN_POINT('',(-0.113665534007651,0.000896620559016893,0.338626829445232));
#3317=CARTESIAN_POINT('',(-0.113713965043529,0.000815864751707563,0.3389381768709));
#3318=CARTESIAN_POINT('',(-0.113763602838254,0.000738099562065356,0.339237994214178));
#3319=CARTESIAN_POINT('',(-0.113814407939327,0.000663324950104341,0.339526281629228));
#3320=CARTESIAN_POINT('',(-0.113866341419437,0.00059154086644801,0.339803039306416));
#3321=CARTESIAN_POINT('',(-0.11391936495737,0.000522747252039419,0.340068267473432));
#3322=CARTESIAN_POINT('',(-0.11397344091414,0.000456944035297379,0.340321966406252));
#3323=CARTESIAN_POINT('',(-0.114028532402391,0.000394131129120091,0.340564136440689));
#3324=CARTESIAN_POINT('',(-0.114084603347702,0.000334308426856663,0.340794777987927));
#3325=CARTESIAN_POINT('',(-0.114141618539734,0.000277475797139198,0.341013891554444));
#3326=CARTESIAN_POINT('',(-0.114199543670576,0.000223633077160602,0.341221477767929));
#3327=CARTESIAN_POINT('',(-0.11425834535653,0.000172780063934637,0.341417537410981));
#3328=CARTESIAN_POINT('',(-0.11431799113837,0.000124916502925779,0.341602071464939));
#3329=CARTESIAN_POINT('',(-0.114378449451489,8.00420733692861E-5,0.341775081166486));
#3330=CARTESIAN_POINT('',(-0.114439689557148,3.81563694183797E-5,0.341936568080331));
#3331=CARTESIAN_POINT('',(-0.114501681404382,-7.41122999138935E-7,0.342086534188437));
#3332=CARTESIAN_POINT('',(-0.114564395427811,-3.66510547719452E-5,0.342224982000253));
#3333=CARTESIAN_POINT('',(-0.114627802079125,-6.95742396939108E-5,0.342351914653294));
#3334=CARTESIAN_POINT('',(-0.114691871456658,-9.95116881503206E-5,0.342467336043019));
#3335=CARTESIAN_POINT('',(-0.114756571016957,-0.000126464560725526,0.342571250643966));
#3336=CARTESIAN_POINT('',(-0.114821866858929,-0.000150434222708601,0.342663663719895));
#3337=CARTESIAN_POINT('',(-0.114887705422965,-0.00017142147116567,0.34274457834383));
#3338=CARTESIAN_POINT('',(-0.114954047052798,-0.00018942756079144,0.342813999353143));
#3339=CARTESIAN_POINT('',(-0.115020674097092,-0.000204446498599788,0.342871903642366));
#3340=CARTESIAN_POINT('',(-0.115087660498117,-0.000216482455426978,0.342918307291818));
#3341=CARTESIAN_POINT('',(-0.115153086180907,-0.000225464384694103,0.342952936387211));
#3342=CARTESIAN_POINT('',(-0.115218128466749,-0.000231447024128914,0.342976001965388));
#3343=CARTESIAN_POINT('',(-0.115269409737609,-0.000234469915818784,0.342987656477641));
#3344=CARTESIAN_POINT('',(-0.11534,-0.000236277833900063,0.342994626758283));
#3345=CARTESIAN_POINT('',(-0.115410590262391,-0.000234469915818784,0.342987656477641));
#3346=CARTESIAN_POINT('',(-0.115461871533251,-0.000231447024128914,0.342976001965388));
#3347=CARTESIAN_POINT('',(-0.115526913819093,-0.000225464384694103,0.342952936387211));
#3348=CARTESIAN_POINT('',(-0.115592339501883,-0.000216482455426978,0.342918307291818));
#3349=CARTESIAN_POINT('',(-0.115659325902908,-0.000204446498599788,0.342871903642366));
#3350=CARTESIAN_POINT('',(-0.115725952947202,-0.000189427560791439,0.342813999353143));
#3351=CARTESIAN_POINT('',(-0.115792294577035,-0.000171421471165672,0.34274457834383));
#3352=CARTESIAN_POINT('',(-0.115858133141071,-0.0001504342227086,0.342663663719895));
#3353=CARTESIAN_POINT('',(-0.115923428983043,-0.000126464560725526,0.342571250643966));
#3354=CARTESIAN_POINT('',(-0.115988128543342,-9.95116881503206E-5,0.342467336043019));
#3355=CARTESIAN_POINT('',(-0.116052197920875,-6.95742396939108E-5,0.342351914653294));
#3356=CARTESIAN_POINT('',(-0.116115604572189,-3.66510547719452E-5,0.342224982000253));
#3357=CARTESIAN_POINT('',(-0.116178318595618,-7.41122999139803E-7,0.342086534188437));
#3358=CARTESIAN_POINT('',(-0.116240310442852,3.81563694183797E-5,0.341936568080331));
#3359=CARTESIAN_POINT('',(-0.116301550548511,8.00420733692861E-5,0.341775081166486));
#3360=CARTESIAN_POINT('',(-0.11636200886163,0.000124916502925778,0.341602071464939));
#3361=CARTESIAN_POINT('',(-0.11642165464347,0.000172780063934637,0.341417537410981));
#3362=CARTESIAN_POINT('',(-0.116480456329424,0.000223633077160602,0.341221477767929));
#3363=CARTESIAN_POINT('',(-0.116538381460266,0.0002774757971392,0.341013891554444));
#3364=CARTESIAN_POINT('',(-0.116595396652298,0.000334308426856661,0.340794777987927));
#3365=CARTESIAN_POINT('',(-0.116651467597608,0.000394131129120091,0.340564136440689));
#3366=CARTESIAN_POINT('',(-0.11670655908586,0.000456944035297379,0.340321966406252));
#3367=CARTESIAN_POINT('',(-0.11676063504263,0.000522747252039418,0.340068267473432));
#3368=CARTESIAN_POINT('',(-0.116813658580563,0.00059154086644801,0.339803039306416));
#3369=CARTESIAN_POINT('',(-0.116865592060673,0.000663324950104339,0.339526281629228));
#3370=CARTESIAN_POINT('',(-0.116916397161746,0.000738099562065357,0.339237994214178));
#3371=CARTESIAN_POINT('',(-0.116966034956471,0.000815864751707562,0.3389381768709));
#3372=CARTESIAN_POINT('',(-0.117014465992349,0.000896620559016894,0.338626829445232));
#3373=CARTESIAN_POINT('',(-0.117061650379215,0.000980367022271116,0.338303951789595));
#3374=CARTESIAN_POINT('',(-0.117107547871678,0.00106710415555145,0.337969543849702));
#3375=CARTESIAN_POINT('',(-0.117152117987369,0.00115683204033151,0.337623605311438));
#3376=CARTESIAN_POINT('',(-0.117195320001298,0.00124955047958523,0.337266136934419));
#3377=CARTESIAN_POINT('',(-0.117237113423829,0.00134526032324891,0.336897135441788));
#3378=CARTESIAN_POINT('',(-0.117277456638903,0.00144395840897996,0.336516613025696));
#3379=CARTESIAN_POINT('',(-0.117316312569881,0.00154565687356333,0.33612452289376));
#3380=CARTESIAN_POINT('',(-0.117353627539813,0.00165030949694362,0.335721043243632));
#3381=CARTESIAN_POINT('',(-0.11738941232677,0.00175809247748831,0.335305494756884));
#3382=CARTESIAN_POINT('',(-0.117423584011374,0.00186882138160603,0.334878588502178));
#3383=CARTESIAN_POINT('',(-0.117456954924713,0.00198558860937842,0.33442840198333));
#3384=CARTESIAN_POINT('',(-0.117489209906554,0.0021081806416653,0.33395575840596));
#3385=CARTESIAN_POINT('',(-0.117520190547486,0.00223679815888821,0.33345988406308));
#3386=CARTESIAN_POINT('',(-0.117549664758976,0.00237138536024612,0.332940994090125));
#3387=CARTESIAN_POINT('',(-0.117577434103457,0.00251195774553244,0.332399028728905));
#3388=CARTESIAN_POINT('',(-0.117603303633431,0.00265851087615402,0.331834005092054));
#3389=CARTESIAN_POINT('',(-0.117627089938372,0.002811046467496,0.331245916566046));
#3390=CARTESIAN_POINT('',(-0.117648618520198,0.00296956210983352,0.330634772441377));
#3391=CARTESIAN_POINT('',(-0.117667724551876,0.00313406584169506,0.330000541726157));
#3392=CARTESIAN_POINT('',(-0.117684251198422,0.00330452712255602,0.329343342166885));
#3393=CARTESIAN_POINT('',(-0.11769805451983,0.00348106282374297,0.328662723175701));
#3394=CARTESIAN_POINT('',(-0.117708984066462,0.00366322560972074,0.327960409418257));
#3395=CARTESIAN_POINT('',(-0.117716903927405,0.00385148020330956,0.327234609193641));
#3396=CARTESIAN_POINT('',(-0.11772156209242,0.00403812018053202,0.326515033990677));
#3397=CARTESIAN_POINT('',(-0.117723251748832,0.0042236321432005,0.325799807755784));
#3398=CARTESIAN_POINT('',(-0.117722169667872,0.00440755061991,0.325090725075983));
#3399=CARTESIAN_POINT('',(-0.117718526705945,0.00458999971071976,0.324387307493621));
#3400=CARTESIAN_POINT('',(-0.117712507519075,0.00477094601841799,0.323689683768923));
#3401=CARTESIAN_POINT('',(-0.11770428372209,0.00495039983205049,0.322997814233313));
#3402=CARTESIAN_POINT('',(-0.117694013506557,0.00512835332713748,0.322311729053434));
#3403=CARTESIAN_POINT('',(-0.117681840357597,0.00530482751755988,0.321631347211983));
#3404=CARTESIAN_POINT('',(-0.117667907172005,0.00547974666530489,0.320956960710689));
#3405=CARTESIAN_POINT('',(-0.117652308791719,0.00565339109838013,0.320287488767791));
#3406=CARTESIAN_POINT('',(-0.117635199157146,0.00582546487500378,0.319624072362681));
#3407=CARTESIAN_POINT('',(-0.117616162547096,0.00600060686219029,0.318948826722103));
#3408=CARTESIAN_POINT('',(-0.117595202995413,0.00617851607901124,0.318262912253465));
#3409=CARTESIAN_POINT('',(-0.117572278636511,0.00635947684501118,0.317565232785965));
#3410=CARTESIAN_POINT('',(-0.117547381789784,0.00654341200493286,0.316856085785401));
#3411=CARTESIAN_POINT('',(-0.117520496922566,0.00673034249237612,0.316135390543986));
#3412=CARTESIAN_POINT('',(-0.117491611884565,0.00692026262944562,0.315403168952382));
#3413=CARTESIAN_POINT('',(-0.117460714671314,0.00711317395669078,0.314659415071128));
#3414=CARTESIAN_POINT('',(-0.117427794095693,0.00730907605720624,0.313904130507567));
#3415=CARTESIAN_POINT('',(-0.117392839380972,0.00750796904500092,0.313137314822149));
#3416=CARTESIAN_POINT('',(-0.11735584002686,0.00770985289031517,0.312358968129608));
#3417=CARTESIAN_POINT('',(-0.117316785581153,0.00791472760255537,0.311569090393679));
#3418=CARTESIAN_POINT('',(-0.117275665415679,0.00812259318060263,0.310767681618676));
#3419=CARTESIAN_POINT('',(-0.11723246847867,0.00833344962672741,0.309954741795845));
#3420=CARTESIAN_POINT('',(-0.117187183030899,0.00854729694116638,0.309130270924274));
#3421=CARTESIAN_POINT('',(-0.117139796359772,0.00876413512987,0.308294268981021));
#3422=CARTESIAN_POINT('',(-0.117090294482848,0.00898396417877433,0.307446736020309));
#3423=CARTESIAN_POINT('',(-0.117038661795723,0.00920678414992444,0.306587671802928));
#3424=CARTESIAN_POINT('',(-0.11698488083005,0.00943259481936915,0.305717077192304));
#3425=CARTESIAN_POINT('',(-0.11692893149317,0.00966139704218789,0.304834948891747));
#3426=CARTESIAN_POINT('',(-0.116870792154821,0.00989318760746004,0.303941299280699));
#3427=CARTESIAN_POINT('',(-0.116810433661811,0.0101279786287412,0.303036081656336));
#3428=CARTESIAN_POINT('',(-0.116747839888528,0.0103657244750067,0.302119471945351));
#3429=CARTESIAN_POINT('',(-0.116682928183665,0.0106065970839845,0.301190807255863));
#3430=CARTESIAN_POINT('',(-0.116615846836234,0.0108499487437275,0.30025258478843));
#3431=CARTESIAN_POINT('',(-0.116546349422453,0.0110964554789042,0.299302198185109));
#3432=CARTESIAN_POINT('',(-0.116477526155311,0.0113353299366284,0.298381237204735));
#3433=CARTESIAN_POINT('',(-0.116409343037994,0.0115672253735762,0.297487183269499));
#3434=CARTESIAN_POINT('',(-0.116342102214855,0.0117915133151252,0.296622459412027));
#3435=CARTESIAN_POINT('',(-0.116275879256789,0.012008358159655,0.29578643180778));
#3436=CARTESIAN_POINT('',(-0.116210800918525,0.0122177169332615,0.294979266139137));
#3437=CARTESIAN_POINT('',(-0.116146973807362,0.0124196008556583,0.294200919149411));
#3438=CARTESIAN_POINT('',(-0.116084504091226,0.0126140069966697,0.293451402135653));
#3439=CARTESIAN_POINT('',(-0.11602349321632,0.0128009361174996,0.292730712163105));
#3440=CARTESIAN_POINT('',(-0.115964039700769,0.0129803880183263,0.292038850002161));
#3441=CARTESIAN_POINT('',(-0.115906239181211,0.0131523627475952,0.291375815466046));
#3442=CARTESIAN_POINT('',(-0.115850184761929,0.0133168602974703,0.29074160858497));
#3443=CARTESIAN_POINT('',(-0.115795967181311,0.013473880645997,0.290136229443577));
#3444=CARTESIAN_POINT('',(-0.115743674825166,0.0136234238791218,0.289559677710508));
#3445=CARTESIAN_POINT('',(-0.115693393999695,0.0137654896803252,0.289011954606078));
#3446=CARTESIAN_POINT('',(-0.115645207913361,0.0139000791806178,0.288493055769768));
#3447=CARTESIAN_POINT('',(-0.115599200007636,0.0140271883258947,0.288002996831847));
#3448=CARTESIAN_POINT('',(-0.115555441497232,0.0141468315803698,0.287541722026721));
#3449=CARTESIAN_POINT('',(-0.115514035027345,0.0142589574413346,0.287109429918878));
#3450=CARTESIAN_POINT('',(-0.115474958633726,0.0143637486486835,0.286705415969568));
#3451=CARTESIAN_POINT('',(-0.115438617283062,0.014460559084589,0.286332171233352));
#3452=CARTESIAN_POINT('',(-0.115403896399888,0.0145516634790593,0.285980925674295));
#3453=CARTESIAN_POINT('',(-0.115374994542296,0.0146290926296306,0.285682403902235));
#3454=CARTESIAN_POINT('',(-0.115344738288499,0.0147030623326114,0.285397219748081));
#3455=CARTESIAN_POINT('',(-0.11534,0.0147229610567691,0.285320501840763));
#3456=CARTESIAN_POINT('',(-0.115335261711501,0.0147030623326114,0.285397219748081));
#3457=CARTESIAN_POINT('',(-0.116401720637735,0.000156987339188451,0.341478424972604));
#3458=CARTESIAN_POINT('',(-0.116385566291789,-8.06963249829615E-5,0.34141162097375));
#3459=CARTESIAN_POINT('',(-0.11639726955062,1.3355146155341E-6,0.341432848545881));
#3460=CARTESIAN_POINT('',(-0.116402774491783,8.06696819477623E-5,0.341455105430175));
#3461=CARTESIAN_POINT('',(-0.116401720587461,0.000156987342888146,0.341478424958341));
#3462=CARTESIAN_POINT('',(-0.11534,-0.000235646182959871,0.342992191479624));
#3463=CARTESIAN_POINT('',(-0.11534,-0.00168604463461101,0.342615994060834));
#3464=CARTESIAN_POINT('',(-0.111491780928273,-0.00434600279503512,0.342129189319368));
#3465=CARTESIAN_POINT('',(-0.1095,-0.00434600279503512,0.342129189319368));
#3466=CARTESIAN_POINT('',(-0.115313867787733,-0.000235646182959871,0.342992191479624));
#3467=CARTESIAN_POINT('',(-0.115313867787733,-0.00167874203110294,0.342617888175232));
#3468=CARTESIAN_POINT('',(-0.111483070196671,-0.00432321899767629,0.342131507644902));
#3469=CARTESIAN_POINT('',(-0.1095,-0.00432321899767629,0.342131507644902));
#3470=CARTESIAN_POINT('',(-0.115287824660736,-0.000234941103189171,0.3429894731021));
#3471=CARTESIAN_POINT('',(-0.115287824660736,-0.0016707430829299,0.342617061646437));
#3472=CARTESIAN_POINT('',(-0.111474386850017,-0.00430043520031746,0.342133825970435));
#3473=CARTESIAN_POINT('',(-0.1095,-0.00430043520031746,0.342133825970435));
#3474=CARTESIAN_POINT('',(-0.115254926968677,-0.000233524471339816,0.342984011393597));
#3475=CARTESIAN_POINT('',(-0.115254926968677,-0.00165844090834703,0.342614423377985));
#3476=CARTESIAN_POINT('',(-0.11146348304455,-0.00426633124637809,0.342137079776043));
#3477=CARTESIAN_POINT('',(-0.1095,-0.00426633124637809,0.342137079776043));
#3478=CARTESIAN_POINT('',(-0.115244840969275,-0.000232981131112635,0.342981916589686));
#3479=CARTESIAN_POINT('',(-0.115244840969275,-0.00165427826385368,0.342613267331917));
#3480=CARTESIAN_POINT('',(-0.111460129694289,-0.00425497521874812,0.342138127097463));
#3481=CARTESIAN_POINT('',(-0.1095,-0.00425497521874812,0.342138127097463));
#3482=CARTESIAN_POINT('',(-0.115224348885671,-0.0002316416967701,0.342976752509872));
#3483=CARTESIAN_POINT('',(-0.115224348885671,-0.00164572566713737,0.342609974167687));
#3484=CARTESIAN_POINT('',(-0.11145333814941,-0.0042322990345376,0.342140109898959));
#3485=CARTESIAN_POINT('',(-0.1095,-0.0042322990345376,0.342140109898959));
#3486=CARTESIAN_POINT('',(-0.115213759240445,-0.000230836376731515,0.342973647664175));
#3487=CARTESIAN_POINT('',(-0.115213759240445,-0.00164132648899118,0.342607801479731));
#3488=CARTESIAN_POINT('',(-0.111449849570436,-0.00422097887795706,0.342141045379034));
#3489=CARTESIAN_POINT('',(-0.1095,-0.00422097887795706,0.342141045379034));
#3490=CARTESIAN_POINT('',(-0.115191255061993,-0.00022891652235114,0.342966245822265));
#3491=CARTESIAN_POINT('',(-0.115191255061993,-0.00163225139075606,0.342602255530777));
#3492=CARTESIAN_POINT('',(-0.111442363515736,-0.0041983863928619,0.342142767217388));
#3493=CARTESIAN_POINT('',(-0.1095,-0.0041983863928619,0.342142767217388));
#3494=CARTESIAN_POINT('',(-0.115179538247932,-0.000227811925532178,0.342961987139361));
#3495=CARTESIAN_POINT('',(-0.115179538247932,-0.00162758540818996,0.342598920583087));
#3496=CARTESIAN_POINT('',(-0.111438507310657,-0.00418711406434727,0.342143553575668));
#3497=CARTESIAN_POINT('',(-0.1095,-0.00418711406434727,0.342143553575668));
#3498=CARTESIAN_POINT('',(-0.115156149742654,-0.000225356417221956,0.342952520127432));
#3499=CARTESIAN_POINT('',(-0.115156149742654,-0.00161804662694781,0.34259129079664));
#3500=CARTESIAN_POINT('',(-0.111430794080034,-0.00416462919240042,0.342144939889984));
#3501=CARTESIAN_POINT('',(-0.1095,-0.00416462919240042,0.342144939889984));
#3502=CARTESIAN_POINT('',(-0.115144560188285,-0.000224008134376255,0.342947321932937));
#3503=CARTESIAN_POINT('',(-0.115144560188285,-0.00161317645691732,0.342587006092411));
#3504=CARTESIAN_POINT('',(-0.111426937054491,-0.00415341664896819,0.34214553984602));
#3505=CARTESIAN_POINT('',(-0.1095,-0.00415341664896819,0.34214553984602));
#3506=CARTESIAN_POINT('',(-0.115110405813809,-0.000219629059598506,0.342930438767449));
#3507=CARTESIAN_POINT('',(-0.115110405813809,-0.00159830150773162,0.342572845296667));
#3508=CARTESIAN_POINT('',(-0.111415703049656,-0.00411988663181981,0.342147004190091));
#3509=CARTESIAN_POINT('',(-0.1095,-0.00411988663181981,0.342147004190091));
#3510=CARTESIAN_POINT('',(-0.115088200476412,-0.0002162553357085,0.342917431650276));
#3511=CARTESIAN_POINT('',(-0.115088200476412,-0.00158802358376484,0.342561628957914));
#3512=CARTESIAN_POINT('',(-0.111408371517805,-0.00409767677125198,0.342147533054088));
#3513=CARTESIAN_POINT('',(-0.1095,-0.00409767677125198,0.342147533054088));
#3514=CARTESIAN_POINT('',(-0.115044216995593,-0.000208675322677641,0.34288820752854));
#3515=CARTESIAN_POINT('',(-0.115044216995593,-0.00156687747925263,0.342535923544153));
#3516=CARTESIAN_POINT('',(-0.111393921115723,-0.00405363967464364,0.342147397807722));
#3517=CARTESIAN_POINT('',(-0.1095,-0.00405363967464364,0.342147397807722));
#3518=CARTESIAN_POINT('',(-0.115022648425352,-0.000204479294278437,0.342872030083429));
#3519=CARTESIAN_POINT('',(-0.115022648425352,-0.00155599925065423,0.342521479296195));
#3520=CARTESIAN_POINT('',(-0.111386850396875,-0.00403177187074761,0.342146743404577));
#3521=CARTESIAN_POINT('',(-0.1095,-0.00403177187074761,0.342146743404577));
#3522=CARTESIAN_POINT('',(-0.114980415544768,-0.000195374118014262,0.342836925819296));
#3523=CARTESIAN_POINT('',(-0.114980415544768,-0.00153385079451621,0.342489758135659));
#3524=CARTESIAN_POINT('',(-0.111373036428142,-0.0039886142441589,0.342143919523648));
#3525=CARTESIAN_POINT('',(-0.1095,-0.0039886142441589,0.342143919523648));
#3526=CARTESIAN_POINT('',(-0.114959751234426,-0.000190464970149294,0.342817999000273));
#3527=CARTESIAN_POINT('',(-0.114959751234426,-0.00152258056697658,0.342472481223082));
#3528=CARTESIAN_POINT('',(-0.111366293183968,-0.00396732442146622,0.342141750045863));
#3529=CARTESIAN_POINT('',(-0.1095,-0.00396732442146622,0.342141750045863));
#3530=CARTESIAN_POINT('',(-0.114899201572589,-0.000174816233808426,0.342757666574197));
#3531=CARTESIAN_POINT('',(-0.114899201572589,-0.00148850941656092,0.342416927114726));
#3532=CARTESIAN_POINT('',(-0.111346581069682,-0.00390473666377373,0.342132456728475));
#3533=CARTESIAN_POINT('',(-0.1095,-0.00390473666377373,0.342132456728475));
#3534=CARTESIAN_POINT('',(-0.114860633219529,-0.00016314932890075,0.342712685774307));
#3535=CARTESIAN_POINT('',(-0.114860633219529,-0.0014654830130018,0.342374892687308));
#3536=CARTESIAN_POINT('',(-0.111334081611318,-0.00386483176512413,0.342122521366376));
#3537=CARTESIAN_POINT('',(-0.1095,-0.00386483176512413,0.342122521366376));
#3538=CARTESIAN_POINT('',(-0.114805150343523,-0.000144196951077642,0.342639616428063));
#3539=CARTESIAN_POINT('',(-0.114805150343523,-0.00143169679126481,0.342305670872606));
#3540=CARTESIAN_POINT('',(-0.11131619398424,-0.00380997931044335,0.342099812223197));
#3541=CARTESIAN_POINT('',(-0.1095,-0.00380997931044335,0.342099812223197));
#3542=CARTESIAN_POINT('',(-0.114787046417119,-0.000137635749495677,0.342614320250737));
#3543=CARTESIAN_POINT('',(-0.114787046417119,-0.00142059015329432,0.342281553668847));
#3544=CARTESIAN_POINT('',(-0.111310366671037,-0.00379252930776538,0.342090941492132));
#3545=CARTESIAN_POINT('',(-0.1095,-0.00379252930776538,0.342090941492132));
#3546=CARTESIAN_POINT('',(-0.11475155615327,-0.000124073152108589,0.342562030763175));
#3547=CARTESIAN_POINT('',(-0.11475155615327,-0.00139879631614981,0.342231399160915));
#3548=CARTESIAN_POINT('',(-0.111298962694248,-0.00375967668076989,0.34207023193428));
#3549=CARTESIAN_POINT('',(-0.1095,-0.00375967668076989,0.34207023193428));
#3550=CARTESIAN_POINT('',(-0.114734169526674,-0.000117072426407017,0.342535040036469));
#3551=CARTESIAN_POINT('',(-0.114734169526674,-0.00138810978707935,0.342205364440272));
#3552=CARTESIAN_POINT('',(-0.111293386030661,-0.00374430376548905,0.342058355892612));
#3553=CARTESIAN_POINT('',(-0.1095,-0.00374430376548905,0.342058355892612));
#3554=CARTESIAN_POINT('',(-0.114682996249766,-9.54694650046927E-5,0.342451751581514));
#3555=CARTESIAN_POINT('',(-0.114682996249766,-0.00135683077988098,0.342124585711833));
#3556=CARTESIAN_POINT('',(-0.111277002301276,-0.00370114511187119,0.342018577823381));
#3557=CARTESIAN_POINT('',(-0.1095,-0.00370114511187119,0.342018577823381));
#3558=CARTESIAN_POINT('',(-0.11465019154765,-8.02701959471512E-5,0.342393152039873));
#3559=CARTESIAN_POINT('',(-0.11465019154765,-0.00133683081124272,0.342067231352708));
#3560=CARTESIAN_POINT('',(-0.111266541496854,-0.00367629833941691,0.341986552315406));
#3561=CARTESIAN_POINT('',(-0.1095,-0.00367629833941691,0.341986552315406));
#3562=CARTESIAN_POINT('',(-0.114586793658635,-4.85198419415437E-5,0.342270741140731));
#3563=CARTESIAN_POINT('',(-0.114586793658635,-0.00129831937384458,0.341946574111063));
#3564=CARTESIAN_POINT('',(-0.111246384782095,-0.00363312036893135,0.341914031261532));
#3565=CARTESIAN_POINT('',(-0.1095,-0.00363312036893135,0.341914031261532));
#3566=CARTESIAN_POINT('',(-0.114556201621236,-3.19673007974598E-5,0.342206924168984));
#3567=CARTESIAN_POINT('',(-0.114556201621236,-0.00127975823691881,0.341883278119291));
#3568=CARTESIAN_POINT('',(-0.11123669304337,-0.00361480032063664,0.341873561448505));
#3569=CARTESIAN_POINT('',(-0.1095,-0.00361480032063664,0.341873561448505));
#3570=CARTESIAN_POINT('',(-0.114496912020559,2.31782944661117E-6,0.342074740646883));
#3571=CARTESIAN_POINT('',(-0.114496912020559,-0.00124355967417167,0.341751590894169));
#3572=CARTESIAN_POINT('',(-0.111217982137312,-0.00358328830592358,0.34178657592344));
#3573=CARTESIAN_POINT('',(-0.1095,-0.00358328830592358,0.34178657592344));
#3574=CARTESIAN_POINT('',(-0.114468214937356,2.00509272774716E-5,0.342006372135159));
#3575=CARTESIAN_POINT('',(-0.114468214937356,-0.00122592173961944,0.341683197699448));
#3576=CARTESIAN_POINT('',(-0.11120896296998,-0.00357006152395043,0.341739979859353));
#3577=CARTESIAN_POINT('',(-0.1095,-0.00357006152395043,0.341739979859353));
#3578=CARTESIAN_POINT('',(-0.114412469082802,5.65675080499333E-5,0.341865585437627));
#3579=CARTESIAN_POINT('',(-0.114412469082802,-0.00119105911169568,0.341541982007529));
#3580=CARTESIAN_POINT('',(-0.111191496540795,-0.0035468302991453,0.341641969883127));
#3581=CARTESIAN_POINT('',(-0.1095,-0.0035468302991453,0.341641969883127));
#3582=CARTESIAN_POINT('',(-0.114385420868136,7.53513633400356E-5,0.341793165816257));
#3583=CARTESIAN_POINT('',(-0.114385420868136,-0.00117380004387106,0.341469166894074));
#3584=CARTESIAN_POINT('',(-0.111183058759043,-0.0035368258563133,0.341590555970988));
#3585=CARTESIAN_POINT('',(-0.1095,-0.0035368258563133,0.341590555970988));
#3586=CARTESIAN_POINT('',(-0.114332779963508,0.00011386853437481,0.341644666006209));
#3587=CARTESIAN_POINT('',(-0.114332779963508,-0.00113908591487302,0.341319680669158));
#3588=CARTESIAN_POINT('',(-0.11116672601005,-0.00351820319816481,0.341484299053724));
#3589=CARTESIAN_POINT('',(-0.1095,-0.00351820319816481,0.341484299053724));
#3590=CARTESIAN_POINT('',(-0.114307187961999,0.000133602232460795,0.341568584343445));
#3591=CARTESIAN_POINT('',(-0.114307187961999,-0.00112158668087153,0.341243019441778));
#3592=CARTESIAN_POINT('',(-0.11115883104281,-0.00350945197474198,0.341429537658558));
#3593=CARTESIAN_POINT('',(-0.1095,-0.00350945197474198,0.341429537658558));
#3594=CARTESIAN_POINT('',(-0.114232366493333,0.000194106803718543,0.341335313905937));
#3595=CARTESIAN_POINT('',(-0.114232366493333,-0.00106824886827683,0.341007890124659));
#3596=CARTESIAN_POINT('',(-0.111135888286107,-0.00348377891399906,0.341261422666827));
#3597=CARTESIAN_POINT('',(-0.1095,-0.00348377891399906,0.341261422666827));
#3598=CARTESIAN_POINT('',(-0.114185080930809,0.000236176078396151,0.341173119250134));
#3599=CARTESIAN_POINT('',(-0.114185080930809,-0.00103188040526135,0.340844216819572));
#3600=CARTESIAN_POINT('',(-0.111121582641661,-0.00346790183112247,0.341143953478017));
#3601=CARTESIAN_POINT('',(-0.1095,-0.00346790183112247,0.341143953478017));
#3602=CARTESIAN_POINT('',(-0.114094805113836,0.000323295216030086,0.340837238523626));
#3603=CARTESIAN_POINT('',(-0.114094805113836,-0.000958162027291831,0.340504860268066));
#3604=CARTESIAN_POINT('',(-0.111094565996801,-0.00343994855951572,0.340899514841979));
#3605=CARTESIAN_POINT('',(-0.1095,-0.00343994855951572,0.340899514841979));
#3606=CARTESIAN_POINT('',(-0.114051819899489,0.000368347533723607,0.340663542988882));
#3607=CARTESIAN_POINT('',(-0.114051819899489,-0.000920895344708868,0.340329145332495));
#3608=CARTESIAN_POINT('',(-0.111081867786087,-0.0034280715300191,0.340772537022462));
#3609=CARTESIAN_POINT('',(-0.1095,-0.0034280715300191,0.340772537022462));
#3610=CARTESIAN_POINT('',(-0.113969543079648,0.000461089056348555,0.340305985615809));
#3611=CARTESIAN_POINT('',(-0.113969543079648,-0.000845551082129475,0.339967075541255));
#3612=CARTESIAN_POINT('',(-0.111057913393206,-0.00340780315598971,0.340510434844391));
#3613=CARTESIAN_POINT('',(-0.1095,-0.00340780315598971,0.340510434844391));
#3614=CARTESIAN_POINT('',(-0.113930254530312,0.000508779688546577,0.340122118274771));
#3615=CARTESIAN_POINT('',(-0.113930254530312,-0.000807439525417794,0.339780723625397));
#3616=CARTESIAN_POINT('',(-0.111046657211039,-0.00339931769559471,0.340375314442296));
#3617=CARTESIAN_POINT('',(-0.1095,-0.00339931769559471,0.340375314442296));
#3618=CARTESIAN_POINT('',(-0.113817283776623,0.000655415694058234,0.339556775120544));
#3619=CARTESIAN_POINT('',(-0.113817283776623,-0.000691392237368517,0.339207446515821));
#3620=CARTESIAN_POINT('',(-0.111014784415035,-0.00337675673219318,0.339959842209965));
#3621=CARTESIAN_POINT('',(-0.1095,-0.00337675673219318,0.339959842209965));
#3622=CARTESIAN_POINT('',(-0.11374846394108,0.000757908053623566,0.339161624191284));
#3623=CARTESIAN_POINT('',(-0.11374846394108,-0.00061163719516758,0.338806398089848));
#3624=CARTESIAN_POINT('',(-0.110996102274419,-0.00336533175256524,0.339669517111941));
#3625=CARTESIAN_POINT('',(-0.1095,-0.00336533175256524,0.339669517111941));
#3626=CARTESIAN_POINT('',(-0.113621547251134,0.000970868714243829,0.338340571741163));
#3627=CARTESIAN_POINT('',(-0.113621547251134,-0.000448298932911617,0.337972474819189));
#3628=CARTESIAN_POINT('',(-0.110963052689008,-0.00334931233237033,0.33906743616713));
#3629=CARTESIAN_POINT('',(-0.1095,-0.00334931233237033,0.33906743616713));
#3630=CARTESIAN_POINT('',(-0.11356347045087,0.00108134635343917,0.337914634217863));
#3631=CARTESIAN_POINT('',(-0.11356347045087,-0.00036470725479911,0.337539563743794));
#3632=CARTESIAN_POINT('',(-0.11094869635973,-0.00334473914221131,0.338755689401647));
#3633=CARTESIAN_POINT('',(-0.1095,-0.00334473914221131,0.338755689401647));
#3634=CARTESIAN_POINT('',(-0.113456688822487,0.00130927168878557,0.337035886685405));
#3635=CARTESIAN_POINT('',(-0.113456688822487,-0.000194075133422288,0.336645955771306));
#3636=CARTESIAN_POINT('',(-0.110923832112665,-0.00334147360037629,0.338114609738281));
#3637=CARTESIAN_POINT('',(-0.1095,-0.00334147360037629,0.338114609738281));
#3638=CARTESIAN_POINT('',(-0.113407989499351,0.00142673687974379,0.336583009226444));
#3639=CARTESIAN_POINT('',(-0.113407989499351,-0.000107002225934945,0.336185195307107));
#3640=CARTESIAN_POINT('',(-0.110913344181421,-0.00334276055788103,0.337785293484808));
#3641=CARTESIAN_POINT('',(-0.1095,-0.00334276055788103,0.337785293484808));
#3642=CARTESIAN_POINT('',(-0.113352407163632,0.00157742740619056,0.336002034197588));
#3643=CARTESIAN_POINT('',(-0.113352407163632,3.72029060644648E-6,0.335593853566853));
#3644=CARTESIAN_POINT('',(-0.110902392284106,-0.00334781083518232,0.337364723573202));
#3645=CARTESIAN_POINT('',(-0.1095,-0.00334781083518232,0.337364723573202));
#3646=CARTESIAN_POINT('',(-0.113341556823343,0.00160775629936658,0.335885103624688));
#3647=CARTESIAN_POINT('',(-0.113341556823343,2.59641306357529E-5,0.335474825931506));
#3648=CARTESIAN_POINT('',(-0.11090031986623,-0.0033489907588592,0.337280164416621));
#3649=CARTESIAN_POINT('',(-0.1095,-0.0033489907588592,0.337280164416621));
#3650=CARTESIAN_POINT('',(-0.113320365548593,0.00166882397118028,0.335649662198934));
#3651=CARTESIAN_POINT('',(-0.113320365548593,7.06602666130833E-5,0.335235138135028));
#3652=CARTESIAN_POINT('',(-0.110896394798962,-0.00335170096991384,0.337110199056852));
#3653=CARTESIAN_POINT('',(-0.1095,-0.00335170096991384,0.337110199056852));
#3654=CARTESIAN_POINT('',(-0.1133100220605,0.00169957140972597,0.335531117958512));
#3655=CARTESIAN_POINT('',(-0.1133100220605,9.31212224691063E-5,0.335114444586328));
#3656=CARTESIAN_POINT('',(-0.110894542149569,-0.00335323708408765,0.337024789984211));
#3657=CARTESIAN_POINT('',(-0.1095,-0.00335323708408765,0.337024789984211));
#3658=CARTESIAN_POINT('',(-0.113289866407144,0.00176135267488929,0.335292925331827));
#3659=CARTESIAN_POINT('',(-0.113289866407144,0.00013810956549844,0.334871896291755));
#3660=CARTESIAN_POINT('',(-0.110891040464576,-0.00335674633381814,0.336853130652456));
#3661=CARTESIAN_POINT('',(-0.1095,-0.00335674633381814,0.336853130652456));
#3662=CARTESIAN_POINT('',(-0.113280068301959,0.00179233750967568,0.33517346582957));
#3663=CARTESIAN_POINT('',(-0.113280068301959,0.000160587960840493,0.334750230429888));
#3664=CARTESIAN_POINT('',(-0.110889391428974,-0.00335871946937483,0.336766880393341));
#3665=CARTESIAN_POINT('',(-0.1095,-0.00335871946937483,0.336766880393341));
#3666=CARTESIAN_POINT('',(-0.113260913214563,0.00185486181498455,0.334932408472232));
#3667=CARTESIAN_POINT('',(-0.113260913214563,0.00020586090329437,0.334504698496499));
#3668=CARTESIAN_POINT('',(-0.110886280816872,-0.00336317776596097,0.33659355028767));
#3669=CARTESIAN_POINT('',(-0.1095,-0.00336317776596097,0.33659355028767));
#3670=CARTESIAN_POINT('',(-0.113251536345855,0.00188646492480736,0.334810565261022));
#3671=CARTESIAN_POINT('',(-0.113251536345855,0.000228719089706505,0.334380587068847));
#3672=CARTESIAN_POINT('',(-0.110884819240371,-0.00336566292699043,0.336506470441113));
#3673=CARTESIAN_POINT('',(-0.1095,-0.00336566292699043,0.336506470441113));
#3674=CARTESIAN_POINT('',(-0.113223946339093,0.0019825120127988,0.334440263550403));
#3675=CARTESIAN_POINT('',(-0.113223946339093,0.00029814589069886,0.334003380715407));
#3676=CARTESIAN_POINT('',(-0.110880691467479,-0.00337399895442279,0.336244003918834));
#3677=CARTESIAN_POINT('',(-0.1095,-0.00337399895442279,0.336244003918834));
#3678=CARTESIAN_POINT('',(-0.113206360869714,0.00204793058267333,0.334188047592195));
#3679=CARTESIAN_POINT('',(-0.113206360869714,0.00034525119410621,0.333746414749664));
#3680=CARTESIAN_POINT('',(-0.110878272203937,-0.00338076015549921,0.336067398345368));
#3681=CARTESIAN_POINT('',(-0.1095,-0.00338076015549921,0.336067398345368));
#3682=CARTESIAN_POINT('',(-0.113172932093108,0.00218123455115289,0.333674105018893));
#3683=CARTESIAN_POINT('',(-0.113172932093108,0.000440811858981111,0.333222682498653));
#3684=CARTESIAN_POINT('',(-0.110874128597556,-0.00339708389540782,0.335710968193104));
#3685=CARTESIAN_POINT('',(-0.1095,-0.00339708389540782,0.335710968193104));
#3686=CARTESIAN_POINT('',(-0.113157073910414,0.0022491641262611,0.333412208084897));
#3687=CARTESIAN_POINT('',(-0.113157073910414,0.000489311396951854,0.332955745894482));
#3688=CARTESIAN_POINT('',(-0.110872404254717,-0.00340658224596659,0.335531126194102));
#3689=CARTESIAN_POINT('',(-0.1095,-0.00340658224596659,0.335531126194102));
#3690=CARTESIAN_POINT('',(-0.113112177909609,0.00245646149389861,0.332612989998765));
#3691=CARTESIAN_POINT('',(-0.113112177909609,0.000636667566569426,0.332140980546872));
#3692=CARTESIAN_POINT('',(-0.110868318233157,-0.00343868458998488,0.334986505210194));
#3693=CARTESIAN_POINT('',(-0.1095,-0.00343868458998488,0.334986505210194));
#3694=CARTESIAN_POINT('',(-0.113085816218739,0.00259936078943647,0.332062053424938));
#3695=CARTESIAN_POINT('',(-0.113085816218739,0.000737434371481474,0.331579115848983));
#3696=CARTESIAN_POINT('',(-0.110867017917875,-0.00346508678678375,0.334616503704323));
#3697=CARTESIAN_POINT('',(-0.1095,-0.00346508678678375,0.334616503704323));
#3698=CARTESIAN_POINT('',(-0.113040442103587,0.00289345825813059,0.33092818463179));
#3699=CARTESIAN_POINT('',(-0.113040442103587,0.000943998028679465,0.330422542954141));
#3700=CARTESIAN_POINT('',(-0.11086727277767,-0.0035242999778744,0.333862483582994));
#3701=CARTESIAN_POINT('',(-0.1095,-0.0035242999778744,0.333862483582994));
#3702=CARTESIAN_POINT('',(-0.113021425412894,0.00304466432144671,0.3303452219926));
#3703=CARTESIAN_POINT('',(-0.113021425412894,0.00104991561420236,0.329827833606019));
#3704=CARTESIAN_POINT('',(-0.110868830712314,-0.00355681646322459,0.333478624477085));
#3705=CARTESIAN_POINT('',(-0.1095,-0.00355681646322459,0.333478624477085));
#3706=CARTESIAN_POINT('',(-0.112998402371326,0.00327706499349716,0.329449220164651));
#3707=CARTESIAN_POINT('',(-0.112998402371326,0.00121343476904157,0.328913965619328));
#3708=CARTESIAN_POINT('',(-0.110873258089112,-0.00360597487259014,0.332893468943004));
#3709=CARTESIAN_POINT('',(-0.1095,-0.00360597487259014,0.332893468943004));
#3710=CARTESIAN_POINT('',(-0.112991642625926,0.00335550552416971,0.329146799099136));
#3711=CARTESIAN_POINT('',(-0.112991642625926,0.00126873280925116,0.328605541965238));
#3712=CARTESIAN_POINT('',(-0.110875090375269,-0.0036224920566295,0.332696857994838));
#3713=CARTESIAN_POINT('',(-0.1095,-0.0036224920566295,0.332696857994838));
#3714=CARTESIAN_POINT('',(-0.112979943504176,0.00351408262016731,0.328535418044895));
#3715=CARTESIAN_POINT('',(-0.112979943504176,0.00138072490323122,0.327982077915807));
#3716=CARTESIAN_POINT('',(-0.11087942994577,-0.00365566417113587,0.332300685418354));
#3717=CARTESIAN_POINT('',(-0.1095,-0.00365566417113587,0.332300685418354));
#3718=CARTESIAN_POINT('',(-0.112975007395186,0.0035940981032937,0.328226924878706));
#3719=CARTESIAN_POINT('',(-0.112975007395186,0.00143729787480303,0.327667504343005));
#3720=CARTESIAN_POINT('',(-0.110881937230114,-0.00367231910160288,0.332101123790036));
#3721=CARTESIAN_POINT('',(-0.1095,-0.00367231910160288,0.332101123790036));
#3722=CARTESIAN_POINT('',(-0.11296893678511,0.00371597196248415,0.327757050159109));
#3723=CARTESIAN_POINT('',(-0.11296893678511,0.00152383091211299,0.327188463089926));
#3724=CARTESIAN_POINT('',(-0.110886175913077,-0.00369731154556862,0.331799693982542));
#3725=CARTESIAN_POINT('',(-0.1095,-0.00369731154556862,0.331799693982542));
#3726=CARTESIAN_POINT('',(-0.112967136235976,0.00375687676578428,0.327599345027685));
#3727=CARTESIAN_POINT('',(-0.112967136235976,0.0015529220702136,0.327027693791669));
#3728=CARTESIAN_POINT('',(-0.110887679376,-0.00370564423908147,0.331698869489241));
#3729=CARTESIAN_POINT('',(-0.1095,-0.00370564423908147,0.331698869489241));
#3730=CARTESIAN_POINT('',(-0.112963994133667,0.00383864826165749,0.327284081697636));
#3731=CARTESIAN_POINT('',(-0.112963994133667,0.00161100673305097,0.326706286684068));
#3732=CARTESIAN_POINT('',(-0.110890863594844,-0.00372229640966137,0.331496545638289));
#3733=CARTESIAN_POINT('',(-0.1095,-0.00372229640966137,0.331496545638289));
#3734=CARTESIAN_POINT('',(-0.11296265545868,0.00387946242210567,0.327126726032331));
#3735=CARTESIAN_POINT('',(-0.11296265545868,0.00163994770566282,0.326545851408045));
#3736=CARTESIAN_POINT('',(-0.110892544350764,-0.00373061548149428,0.331395046273956));
#3737=CARTESIAN_POINT('',(-0.1095,-0.00373061548149428,0.331395046273956));
#3738=CARTESIAN_POINT('',(-0.112960431208807,0.00396079941827147,0.326813137880449));
#3739=CARTESIAN_POINT('',(-0.112960431208807,0.00169748598336108,0.326226090458304));
#3740=CARTESIAN_POINT('',(-0.110896079311397,-0.00374721858388951,0.3311913935182));
#3741=CARTESIAN_POINT('',(-0.1095,-0.00374721858388951,0.3311913935182));
#3742=CARTESIAN_POINT('',(-0.112959543390531,0.0040013631831041,0.326656747595009));
#3743=CARTESIAN_POINT('',(-0.112959543390531,0.0017261242175625,0.326066606985722));
#3744=CARTESIAN_POINT('',(-0.110897933516109,-0.00375550261445184,0.331089240126778));
#3745=CARTESIAN_POINT('',(-0.1095,-0.00375550261445184,0.331089240126778));
#3746=CARTESIAN_POINT('',(-0.112958187843622,0.00408244113272816,0.326344158175931));
#3747=CARTESIAN_POINT('',(-0.112958187843622,0.00178330596297115,0.325747819483397));
#3748=CARTESIAN_POINT('',(-0.110901811530117,-0.00377201461994938,0.330884300167471));
#3749=CARTESIAN_POINT('',(-0.1095,-0.00377201461994938,0.330884300167471));
#3750=CARTESIAN_POINT('',(-0.112957720301217,0.00412295247002488,0.326187970020577));
#3751=CARTESIAN_POINT('',(-0.112957720301217,0.00181184662668369,0.325588526431939));
#3752=CARTESIAN_POINT('',(-0.110903835339414,-0.0037802425948846,0.330781513599586));
#3753=CARTESIAN_POINT('',(-0.1095,-0.0037802425948846,0.330781513599586));
#3754=CARTESIAN_POINT('',(-0.112956395793808,0.00432526062241321,0.325407987446734));
#3755=CARTESIAN_POINT('',(-0.112956395793808,0.00195420655337347,0.324792994773813));
#3756=CARTESIAN_POINT('',(-0.110914368786842,-0.00382118979460164,0.330266049945572));
#3757=CARTESIAN_POINT('',(-0.1095,-0.00382118979460164,0.330266049945572));
#3758=CARTESIAN_POINT('',(-0.112958574978745,0.00448620099772512,0.324787494961933));
#3759=CARTESIAN_POINT('',(-0.112958574978745,0.00206690869695026,0.324159990486999));
#3760=CARTESIAN_POINT('',(-0.11092407517638,-0.00385331137689019,0.329848802061143));
#3761=CARTESIAN_POINT('',(-0.1095,-0.00385331137689019,0.329848802061143));
#3762=CARTESIAN_POINT('',(-0.112968402777172,0.00480636482250674,0.323553129459819));
#3763=CARTESIAN_POINT('',(-0.112968402777172,0.00229049939367204,0.322900576308461));
#3764=CARTESIAN_POINT('',(-0.110945705210017,-0.00391508740747841,0.329005721150333));
#3765=CARTESIAN_POINT('',(-0.1095,-0.00391508740747841,0.329005721150333));
#3766=CARTESIAN_POINT('',(-0.112976054229791,0.00496556454360077,0.322939347925322));
#3767=CARTESIAN_POINT('',(-0.112976054229791,0.00240136723169966,0.322274258681118));
#3768=CARTESIAN_POINT('',(-0.110957622772173,-0.00394476547457813,0.328579861831871));
#3769=CARTESIAN_POINT('',(-0.1095,-0.00394476547457813,0.328579861831871));
#3770=CARTESIAN_POINT('',(-0.112991027067684,0.0052030270896234,0.322023830455307));
#3771=CARTESIAN_POINT('',(-0.112991027067684,0.00256652293215103,0.32133998660706));
#3772=CARTESIAN_POINT('',(-0.110976943912267,-0.00398672193158634,0.327935306292826));
#3773=CARTESIAN_POINT('',(-0.1095,-0.00398672193158634,0.327935306292826));
#3774=CARTESIAN_POINT('',(-0.112996601599975,0.00528195564612875,0.321719527846015));
#3775=CARTESIAN_POINT('',(-0.112996601599975,0.00262138103663735,0.321029440718959));
#3776=CARTESIAN_POINT('',(-0.110983625091775,-0.00400028157820354,0.327719494248768));
#3777=CARTESIAN_POINT('',(-0.1095,-0.00400028157820354,0.327719494248768));
#3778=CARTESIAN_POINT('',(-0.113008827112303,0.00543933575569352,0.321112761675296));
#3779=CARTESIAN_POINT('',(-0.113008827112303,0.0027307270614374,0.320410215696892));
#3780=CARTESIAN_POINT('',(-0.110997434212886,-0.00402645880149103,0.327286100867089));
#3781=CARTESIAN_POINT('',(-0.1095,-0.00402645880149103,0.327286100867089));
#3782=CARTESIAN_POINT('',(-0.113015487580591,0.00551787487169454,0.320809960522091));
#3783=CARTESIAN_POINT('',(-0.113015487580591,0.00278530254469271,0.320101198971151));
#3784=CARTESIAN_POINT('',(-0.111004562154489,-0.00403907637816131,0.327068519529468));
#3785=CARTESIAN_POINT('',(-0.1095,-0.00403907637816131,0.327068519529468));
#3786=CARTESIAN_POINT('',(-0.113026214328341,0.00563522262735536,0.320357535825338));
#3787=CARTESIAN_POINT('',(-0.113026214328341,0.00286681733538787,0.319639480091194));
#3788=CARTESIAN_POINT('',(-0.111015563010822,-0.00405722839682466,0.326740933879257));
#3789=CARTESIAN_POINT('',(-0.1095,-0.00405722839682466,0.326740933879257));
#3790=CARTESIAN_POINT('',(-0.11302990724576,0.00567421165417194,0.320207216813825));
#3791=CARTESIAN_POINT('',(-0.11302990724576,0.00289388353707215,0.319486068594279));
#3792=CARTESIAN_POINT('',(-0.11101927970757,-0.00406315001198876,0.326631536388557));
#3793=CARTESIAN_POINT('',(-0.1095,-0.00406315001198876,0.326631536388557));
#3794=CARTESIAN_POINT('',(-0.113037535201388,0.00575209268292874,0.319906952862293));
#3795=CARTESIAN_POINT('',(-0.113037535201388,0.00294796824673618,0.319179632467225));
#3796=CARTESIAN_POINT('',(-0.111026808691741,-0.0040747238278893,0.326412355746961));
#3797=CARTESIAN_POINT('',(-0.1095,-0.0040747238278893,0.326412355746961));
#3798=CARTESIAN_POINT('',(-0.113041473683299,0.00579101643110921,0.319756885527235));
#3799=CARTESIAN_POINT('',(-0.113041473683299,0.00297501850095619,0.319026485442049));
#3800=CARTESIAN_POINT('',(-0.111030620979165,-0.00408037601309837,0.326302572735507));
#3801=CARTESIAN_POINT('',(-0.1095,-0.00408037601309837,0.326302572735507));
#3802=CARTESIAN_POINT('',(-0.113053713900876,0.0059083406576184,0.319304551545205));
#3803=CARTESIAN_POINT('',(-0.113053713900876,0.00305680574953075,0.318564934048518));
#3804=CARTESIAN_POINT('',(-0.111042195379552,-0.00409691160990771,0.325972672543));
#3805=CARTESIAN_POINT('',(-0.1095,-0.00409691160990771,0.325972672543));
#3806=CARTESIAN_POINT('',(-0.113062434102331,0.00598722498602067,0.319000419453756));
#3807=CARTESIAN_POINT('',(-0.113062434102331,0.00311211009790561,0.31825468589454));
#3808=CARTESIAN_POINT('',(-0.111050095030632,-0.00410737422227141,0.325752002770723));
#3809=CARTESIAN_POINT('',(-0.1095,-0.00410737422227141,0.325752002770723));
#3810=CARTESIAN_POINT('',(-0.113090152179684,0.00622486781798326,0.31808420690601));
#3811=CARTESIAN_POINT('',(-0.113090152179684,0.00327942306308498,0.317320231522062));
#3812=CARTESIAN_POINT('',(-0.111074297353157,-0.00413694971067049,0.325087951944689));
#3813=CARTESIAN_POINT('',(-0.1095,-0.00413694971067049,0.325087951944689));
#3814=CARTESIAN_POINT('',(-0.113110748081642,0.00638506228516846,0.317466590209127));
#3815=CARTESIAN_POINT('',(-0.113110748081642,0.00339327771681338,0.316690595425827));
#3816=CARTESIAN_POINT('',(-0.11109110339389,-0.00415424933875804,0.32464252859753));
#3817=CARTESIAN_POINT('',(-0.1095,-0.00415424933875804,0.32464252859753));
#3818=CARTESIAN_POINT('',(-0.113178633104144,0.00687077629075863,0.315593959493265));
#3819=CARTESIAN_POINT('',(-0.113178633104144,0.00374222103532499,0.31478248978279));
#3820=CARTESIAN_POINT('',(-0.11114316072781,-0.00419787252840817,0.323299436816259));
#3821=CARTESIAN_POINT('',(-0.1095,-0.00419787252840817,0.323299436816259));
#3822=CARTESIAN_POINT('',(-0.113232009760235,0.00720138480950119,0.314319325325838));
#3823=CARTESIAN_POINT('',(-0.113232009760235,0.00398455905237419,0.313484960434487));
#3824=CARTESIAN_POINT('',(-0.111180076926412,-0.00421602145208937,0.322395029910332));
#3825=CARTESIAN_POINT('',(-0.1095,-0.00421602145208937,0.322395029910332));
#3826=CARTESIAN_POINT('',(-0.113353722948171,0.00787512949837542,0.311721757653268));
#3827=CARTESIAN_POINT('',(-0.113353722948171,0.00449003669049956,0.310843748458459));
#3828=CARTESIAN_POINT('',(-0.111256665737522,-0.00422684940171672,0.320577024786475));
#3829=CARTESIAN_POINT('',(-0.1095,-0.00422684940171672,0.320577024786475));
#3830=CARTESIAN_POINT('',(-0.113422054928477,0.00821826974568413,0.310398808428902));
#3831=CARTESIAN_POINT('',(-0.113422054928477,0.00475328246624889,0.309500076587885));
#3832=CARTESIAN_POINT('',(-0.111296337082206,-0.00421914298287903,0.31966323502169));
#3833=CARTESIAN_POINT('',(-0.1095,-0.00421914298287903,0.31966323502169));
#3834=CARTESIAN_POINT('',(-0.113572659396356,0.008916211063864,0.307707952626411));
#3835=CARTESIAN_POINT('',(-0.113572659396356,0.00530210068967388,0.306770541949751));
#3836=CARTESIAN_POINT('',(-0.111377138805093,-0.00417413229006951,0.317834175825914));
#3837=CARTESIAN_POINT('',(-0.1095,-0.00417413229006951,0.317834175825914));
#3838=CARTESIAN_POINT('',(-0.113654927268747,0.00927101422168962,0.306340038002203));
#3839=CARTESIAN_POINT('',(-0.113654927268747,0.00558760034882262,0.305384651715264));
#3840=CARTESIAN_POINT('',(-0.111418255336295,-0.00413710450268504,0.316918935078514));
#3841=CARTESIAN_POINT('',(-0.1095,-0.00413710450268504,0.316918935078514));
#3842=CARTESIAN_POINT('',(-0.113788330059286,0.00981140970017878,0.30425658732941));
#3843=CARTESIAN_POINT('',(-0.113788330059286,0.00603328007335901,0.303276634122866));
#3844=CARTESIAN_POINT('',(-0.111480425003001,-0.00405791003327522,0.315551787550043));
#3845=CARTESIAN_POINT('',(-0.1095,-0.00405791003327522,0.315551787550043));
#3846=CARTESIAN_POINT('',(-0.113834470825679,0.0099929168642719,0.303556801268645));
#3847=CARTESIAN_POINT('',(-0.113834470825679,0.00618475487114574,0.302569058410457));
#3848=CARTESIAN_POINT('',(-0.111501235016573,-0.00402756461129063,0.31509702660935));
#3849=CARTESIAN_POINT('',(-0.1095,-0.00402756461129063,0.31509702660935));
#3850=CARTESIAN_POINT('',(-0.113906161602765,0.0102671359406303,0.302499571995134));
#3851=CARTESIAN_POINT('',(-0.113906161602765,0.00641639152294845,0.30150078431117));
#3852=CARTESIAN_POINT('',(-0.111532561466705,-0.00397587832062879,0.31441719465276));
#3853=CARTESIAN_POINT('',(-0.1095,-0.00397587832062879,0.31441719465276));
#3854=CARTESIAN_POINT('',(-0.11393047735793,0.0103588869467227,0.30214583347773));
#3855=CARTESIAN_POINT('',(-0.11393047735793,0.00649435940833954,0.30114347079379));
#3856=CARTESIAN_POINT('',(-0.111543025431753,-0.00395762153076133,0.314190968910533));
#3857=CARTESIAN_POINT('',(-0.1095,-0.00395762153076133,0.314190968910533));
#3858=CARTESIAN_POINT('',(-0.113967578297445,0.0104970182600268,0.301613279470354));
#3859=CARTESIAN_POINT('',(-0.113967578297445,0.00661245217149114,0.300605719283041));
#3860=CARTESIAN_POINT('',(-0.111558751148666,-0.00392866339898936,0.313852317301833));
#3861=CARTESIAN_POINT('',(-0.1095,-0.00392866339898936,0.313852317301833));
#3862=CARTESIAN_POINT('',(-0.113980047681212,0.0105431385509368,0.301435466452017));
#3863=CARTESIAN_POINT('',(-0.113980047681212,0.00665199896750015,0.300426201263012));
#3864=CARTESIAN_POINT('',(-0.111563998015861,-0.00391874837318684,0.31373954783383));
#3865=CARTESIAN_POINT('',(-0.1095,-0.00391874837318684,0.31373954783383));
#3866=CARTESIAN_POINT('',(-0.114005179874225,0.0106354903353715,0.301079411682735));
#3867=CARTESIAN_POINT('',(-0.114005179874225,0.00673141907237829,0.300066792336489));
#3868=CARTESIAN_POINT('',(-0.11157450118117,-0.00389839112897644,0.313514257606309));
#3869=CARTESIAN_POINT('',(-0.1095,-0.00389839112897644,0.313514257606309));
#3870=CARTESIAN_POINT('',(-0.114017840086562,0.0106817128360849,0.300901204602841));
#3871=CARTESIAN_POINT('',(-0.114017840086562,0.00677128338843608,0.299886936101045));
#3872=CARTESIAN_POINT('',(-0.111579757479284,-0.00388794894068774,0.313401736865777));
#3873=CARTESIAN_POINT('',(-0.1095,-0.00388794894068774,0.313401736865777));
#3874=CARTESIAN_POINT('',(-0.114043390221694,0.0107743922699955,0.300543886607741));
#3875=CARTESIAN_POINT('',(-0.114043390221694,0.00685146502989295,0.299526376488266));
#3876=CARTESIAN_POINT('',(-0.111590279014239,-0.00386653506180485,0.31317696415772));
#3877=CARTESIAN_POINT('',(-0.1095,-0.00386653506180485,0.31317696415772));
#3878=CARTESIAN_POINT('',(-0.114056281890782,0.0108208552828827,0.300364752252786));
#3879=CARTESIAN_POINT('',(-0.114056281890782,0.00689178772259187,0.299345649486406));
#3880=CARTESIAN_POINT('',(-0.111595555592242,-0.00385556337121067,0.313064712190194));
#3881=CARTESIAN_POINT('',(-0.1095,-0.00385556337121067,0.313064712190194));
#3882=CARTESIAN_POINT('',(-0.114082333479809,0.0109141466420919,0.300005075029628));
#3883=CARTESIAN_POINT('',(-0.114082333479809,0.00697301228768131,0.298982842435858));
#3884=CARTESIAN_POINT('',(-0.111606122996955,-0.00383308811777835,0.312840497054693));
#3885=CARTESIAN_POINT('',(-0.1095,-0.00383308811777835,0.312840497054693));
#3886=CARTESIAN_POINT('',(-0.114095483710794,0.0109609412093852,0.299824662393714));
#3887=CARTESIAN_POINT('',(-0.114095483710794,0.00701388038104314,0.298800892619458));
#3888=CARTESIAN_POINT('',(-0.111611413823664,-0.00382158455494022,0.312728533886718));
#3889=CARTESIAN_POINT('',(-0.1095,-0.00382158455494022,0.312728533886718));
#3890=CARTESIAN_POINT('',(-0.114121874349134,0.0110542714013176,0.299464835454159));
#3891=CARTESIAN_POINT('',(-0.114121874349134,0.0070955681655495,0.298438045927906));
#3892=CARTESIAN_POINT('',(-0.111621992353445,-0.00379804318708152,0.312504916376865));
#3893=CARTESIAN_POINT('',(-0.1095,-0.00379804318708152,0.312504916376865));
#3894=CARTESIAN_POINT('',(-0.114135106669528,0.0111007778151817,0.299285533770279));
#3895=CARTESIAN_POINT('',(-0.114135106669528,0.00713635864591893,0.298257261672513));
#3896=CARTESIAN_POINT('',(-0.111627280056516,-0.00378600538206097,0.312393262034986));
#3897=CARTESIAN_POINT('',(-0.1095,-0.00378600538206097,0.312393262034986));
#3898=CARTESIAN_POINT('',(-0.114161544296092,0.0111931249052877,0.298929497099599));
#3899=CARTESIAN_POINT('',(-0.114161544296092,0.00721748110365229,0.297898313610332));
#3900=CARTESIAN_POINT('',(-0.111637834966674,-0.00376139315989895,0.312170282203872));
#3901=CARTESIAN_POINT('',(-0.1095,-0.00376139315989895,0.312170282203872));
#3902=CARTESIAN_POINT('',(-0.114174763884404,0.0112390171698209,0.298752563218352));
#3903=CARTESIAN_POINT('',(-0.114174763884404,0.00725786466930752,0.297719950909096));
#3904=CARTESIAN_POINT('',(-0.111643102173761,-0.00374881874275749,0.312058956714637));
#3905=CARTESIAN_POINT('',(-0.1095,-0.00374881874275749,0.312058956714637));
#3906=CARTESIAN_POINT('',(-0.114214477658517,0.0113760651820508,0.298224185789873));
#3907=CARTESIAN_POINT('',(-0.114214477658517,0.00737869247809834,0.297187366361768));
#3908=CARTESIAN_POINT('',(-0.11165884699253,-0.00371028701824406,0.311725503565713));
#3909=CARTESIAN_POINT('',(-0.1095,-0.00371028701824406,0.311725503565713));
#3910=CARTESIAN_POINT('',(-0.114241053159553,0.0114666876045965,0.297874798434244));
#3911=CARTESIAN_POINT('',(-0.114241053159553,0.00745893292143485,0.296835286177988));
#3912=CARTESIAN_POINT('',(-0.11166931645644,-0.0036835210310865,0.311503898481945));
#3913=CARTESIAN_POINT('',(-0.1095,-0.0036835210310865,0.311503898481945));
#3914=CARTESIAN_POINT('',(-0.114294298737133,0.0116461939836194,0.297182726237061));
#3915=CARTESIAN_POINT('',(-0.114294298737133,0.00761854936659281,0.296138055024815));
#3916=CARTESIAN_POINT('',(-0.111690151182139,-0.00362781875989925,0.311062260543028));
#3917=CARTESIAN_POINT('',(-0.1095,-0.00362781875989925,0.311062260543028));
#3918=CARTESIAN_POINT('',(-0.114320960691751,0.0117350485626765,0.296840154657752));
#3919=CARTESIAN_POINT('',(-0.114320960691751,0.00769789599099415,0.295793017317667));
#3920=CARTESIAN_POINT('',(-0.111700516443929,-0.0035988824985701,0.310842227769464));
#3921=CARTESIAN_POINT('',(-0.1095,-0.0035988824985701,0.310842227769464));
#3922=CARTESIAN_POINT('',(-0.114454391708851,0.0121748647734935,0.295144479144526));
#3923=CARTESIAN_POINT('',(-0.114454391708851,0.00809238510254839,0.294085585078056));
#3924=CARTESIAN_POINT('',(-0.111751957151952,-0.00344874102811652,0.309746441643673));
#3925=CARTESIAN_POINT('',(-0.1095,-0.00344874102811652,0.309746441643673));
#3926=CARTESIAN_POINT('',(-0.114561515541055,0.0125123904865847,0.293843176298707));
#3927=CARTESIAN_POINT('',(-0.114561515541055,0.00840080946929092,0.292776734064101));
#3928=CARTESIAN_POINT('',(-0.111792091074996,-0.00331124493397183,0.308883713097129));
#3929=CARTESIAN_POINT('',(-0.1095,-0.00331124493397183,0.308883713097129));
#3930=CARTESIAN_POINT('',(-0.114772657412698,0.0131528336106516,0.291374000091953));
#3931=CARTESIAN_POINT('',(-0.114772657412698,0.0089991594947313,0.290296639950592));
#3932=CARTESIAN_POINT('',(-0.111868458359923,-0.00299957486399756,0.307198737112126));
#3933=CARTESIAN_POINT('',(-0.1095,-0.00299957486399756,0.307198737112126));
#3934=CARTESIAN_POINT('',(-0.114876709923179,0.0134557818123875,0.290206008019752));
#3935=CARTESIAN_POINT('',(-0.114876709923179,0.00928910417806085,0.289125275087932));
#3936=CARTESIAN_POINT('',(-0.111904732485273,-0.00282546537082938,0.306376507810793));
#3937=CARTESIAN_POINT('',(-0.1095,-0.00282546537082938,0.306376507810793));
#3938=CARTESIAN_POINT('',(-0.114976442024041,0.0137366357702363,0.28912319850204));
#3939=CARTESIAN_POINT('',(-0.114976442024041,0.00956559434053563,0.288041333709831));
#3940=CARTESIAN_POINT('',(-0.111937976943897,-0.0026335221604628,0.305582617071572));
#3941=CARTESIAN_POINT('',(-0.1095,-0.0026335221604628,0.305582617071572));
#3942=CARTESIAN_POINT('',(-0.114861046596275,0.0120065311113988,0.289435412253932));
#3943=CARTESIAN_POINT('',(-0.114750294144877,0.0114256862330307,0.290352744029672));
#3944=CARTESIAN_POINT('',(-0.114521218564624,0.0102026806610291,0.292152351740093));
#3945=CARTESIAN_POINT('',(-0.114129848755486,0.00815549365632786,0.294651654305223));
#3946=CARTESIAN_POINT('',(-0.113729383657153,0.0062389520404131,0.296538728289461));
#3947=CARTESIAN_POINT('',(-0.113316903650792,0.0045489742979377,0.297872813281945));
#3948=CARTESIAN_POINT('',(-0.112954711418808,0.00324970121858374,0.298797252000912));
#3949=CARTESIAN_POINT('',(-0.112503715429196,0.00192566448284444,0.299670742263382));
#3950=CARTESIAN_POINT('',(-0.112098162416265,0.000892285381932838,0.300894967976612));
#3951=CARTESIAN_POINT('',(-0.111915647502148,0.000312830691144672,0.302423630112996));
#3952=CARTESIAN_POINT('',(-0.111872388453329,3.28741916712826E-5,0.304025383719143));
#3953=CARTESIAN_POINT('',(-0.11189371867123,-4.92866858642362E-5,0.305645712475139));
#3954=CARTESIAN_POINT('',(-0.111949128171053,1.97390144835282E-5,0.307266390208108));
#3955=CARTESIAN_POINT('',(-0.111996130765655,0.000129344434272602,0.308888826403174));
#3956=CARTESIAN_POINT('',(-0.111989636336484,0.000111736299236976,0.30997296546933));
#3957=CARTESIAN_POINT('',(-0.111983635354443,9.63536013570963E-5,0.310514689523847));
#3958=CARTESIAN_POINT('',(-0.111983635354443,9.6353601356877E-5,0.310514689523848));
#3959=CARTESIAN_POINT('',(-0.111983635354443,9.6353601356877E-5,0.31051468952385));
#3960=CARTESIAN_POINT('',(-0.111969384022967,5.83734076716108E-5,0.311568248327433));
#3961=CARTESIAN_POINT('',(-0.111976207107029,0.000103962489111425,0.313150962968723));
#3962=CARTESIAN_POINT('',(-0.112054989768284,0.000427939760616713,0.315233550744506));
#3963=CARTESIAN_POINT('',(-0.112159506034297,0.000842097007185331,0.316731890340769));
#3964=CARTESIAN_POINT('',(-0.112309387389483,0.00143011740437297,0.318170744447797));
#3965=CARTESIAN_POINT('',(-0.112520629210107,0.00226815909532171,0.319529622174702));
#3966=CARTESIAN_POINT('',(-0.112811452923641,0.0035074839280135,0.320533210173371));
#3967=CARTESIAN_POINT('',(-0.112972158099131,0.00460638314104996,0.320658008979241));
#3968=CARTESIAN_POINT('',(-0.113005599667147,0.00512831643779977,0.320547292777528));
#3969=CARTESIAN_POINT('',(-0.113005599667147,0.00512831643779977,0.320547292777528));
#3970=CARTESIAN_POINT('',(-0.113005599667147,0.00512831643779977,0.320547292777528));
#3971=CARTESIAN_POINT('',(-0.113014972000396,0.00528098790896077,0.320566157171999));
#3972=CARTESIAN_POINT('',(-0.113019583338119,0.00542435334965938,0.320602753017303));
#3973=CARTESIAN_POINT('',(-0.113019114327404,0.00555707812670428,0.32065881557126));
#3974=CARTESIAN_POINT('',(-0.113019114089802,0.00555707812806647,0.320658815566008));
#3975=CARTESIAN_POINT('',(-0.115344738288499,0.0147030623326114,0.285397219748081));
#3976=CARTESIAN_POINT('',(-0.11534,0.0147229610567691,0.285320501840763));
#3977=CARTESIAN_POINT('',(-0.115335261711501,0.0147030623326114,0.285397219748081));
#3978=CARTESIAN_POINT('',(-0.115305005457704,0.0146290926296306,0.285682403902235));
#3979=CARTESIAN_POINT('',(-0.115276103600111,0.0145516634790593,0.285980925674295));
#3980=CARTESIAN_POINT('',(-0.115241382716938,0.014460559084589,0.286332171233352));
#3981=CARTESIAN_POINT('',(-0.115205041366274,0.0143637486486835,0.286705415969568));
#3982=CARTESIAN_POINT('',(-0.115165964972655,0.0142589574413346,0.287109429918878));
#3983=CARTESIAN_POINT('',(-0.115124558502768,0.0141468315803698,0.287541722026721));
#3984=CARTESIAN_POINT('',(-0.115080799992364,0.0140271883258947,0.288002996831847));
#3985=CARTESIAN_POINT('',(-0.115034792086639,0.0139000791806178,0.288493055769768));
#3986=CARTESIAN_POINT('',(-0.114986606000305,0.0137654896803252,0.289011954606078));
#3987=CARTESIAN_POINT('',(-0.114936325174834,0.0136234238791218,0.289559677710508));
#3988=CARTESIAN_POINT('',(-0.114884032818689,0.013473880645997,0.290136229443577));
#3989=CARTESIAN_POINT('',(-0.114829815238071,0.0133168602974703,0.29074160858497));
#3990=CARTESIAN_POINT('',(-0.114773760818789,0.0131523627475952,0.291375815466046));
#3991=CARTESIAN_POINT('',(-0.114715960299231,0.0129803880183263,0.292038850002161));
#3992=CARTESIAN_POINT('',(-0.11465650678368,0.0128009361174996,0.292730712163105));
#3993=CARTESIAN_POINT('',(-0.114595495908774,0.0126140069966697,0.293451402135653));
#3994=CARTESIAN_POINT('',(-0.114533026192638,0.0124196008556583,0.294200919149411));
#3995=CARTESIAN_POINT('',(-0.114469199081475,0.0122177169332615,0.294979266139137));
#3996=CARTESIAN_POINT('',(-0.114404120743211,0.012008358159655,0.29578643180778));
#3997=CARTESIAN_POINT('',(-0.114337897785145,0.0117915133151252,0.296622459412027));
#3998=CARTESIAN_POINT('',(-0.114270656962006,0.0115672253735762,0.297487183269499));
#3999=CARTESIAN_POINT('',(-0.114202473844689,0.0113353299366284,0.298381237204735));
#4000=CARTESIAN_POINT('',(-0.114133650577547,0.0110964554789042,0.299302198185109));
#4001=CARTESIAN_POINT('',(-0.114064153163766,0.0108499487437275,0.30025258478843));
#4002=CARTESIAN_POINT('',(-0.113997071816335,0.0106065970839845,0.301190807255863));
#4003=CARTESIAN_POINT('',(-0.113932160111472,0.0103657244750067,0.302119471945351));
#4004=CARTESIAN_POINT('',(-0.113869566338189,0.0101279786287412,0.303036081656336));
#4005=CARTESIAN_POINT('',(-0.113809207845179,0.00989318760746004,0.303941299280699));
#4006=CARTESIAN_POINT('',(-0.11375106850683,0.00966139704218789,0.304834948891747));
#4007=CARTESIAN_POINT('',(-0.11369511916995,0.00943259481936915,0.305717077192304));
#4008=CARTESIAN_POINT('',(-0.113641338204277,0.00920678414992444,0.306587671802928));
#4009=CARTESIAN_POINT('',(-0.113589705517152,0.00898396417877433,0.307446736020309));
#4010=CARTESIAN_POINT('',(-0.113540203640228,0.00876413512987,0.308294268981021));
#4011=CARTESIAN_POINT('',(-0.113492816969101,0.00854729694116638,0.309130270924274));
#4012=CARTESIAN_POINT('',(-0.11344753152133,0.00833344962672741,0.309954741795845));
#4013=CARTESIAN_POINT('',(-0.113404334584321,0.00812259318060263,0.310767681618676));
#4014=CARTESIAN_POINT('',(-0.113363214418847,0.00791472760255537,0.311569090393679));
#4015=CARTESIAN_POINT('',(-0.113324159973139,0.00770985289031517,0.312358968129608));
#4016=CARTESIAN_POINT('',(-0.113287160619028,0.00750796904500093,0.313137314822149));
#4017=CARTESIAN_POINT('',(-0.113252205904307,0.00730907605720624,0.313904130507567));
#4018=CARTESIAN_POINT('',(-0.113219285328686,0.00711317395669078,0.314659415071128));
#4019=CARTESIAN_POINT('',(-0.113188388115435,0.00692026262944562,0.315403168952382));
#4020=CARTESIAN_POINT('',(-0.113159503077434,0.00673034249237612,0.316135390543986));
#4021=CARTESIAN_POINT('',(-0.113132618210216,0.00654341200493286,0.316856085785401));
#4022=CARTESIAN_POINT('',(-0.113107721363489,0.00635947684501118,0.317565232785965));
#4023=CARTESIAN_POINT('',(-0.113084797004587,0.00617851607901124,0.318262912253465));
#4024=CARTESIAN_POINT('',(-0.113063837452904,0.00600060686219029,0.318948826722103));
#4025=CARTESIAN_POINT('',(-0.113044800842854,0.00582546487500378,0.319624072362681));
#4026=CARTESIAN_POINT('',(-0.113027691208281,0.00565339109838013,0.320287488767791));
#4027=CARTESIAN_POINT('',(-0.113012092827995,0.0054797466653049,0.320956960710689));
#4028=CARTESIAN_POINT('',(-0.112998159642403,0.00530482751755988,0.321631347211983));
#4029=CARTESIAN_POINT('',(-0.112985986493443,0.00512835332713747,0.322311729053434));
#4030=CARTESIAN_POINT('',(-0.11297571627791,0.00495039983205049,0.322997814233313));
#4031=CARTESIAN_POINT('',(-0.112967492480925,0.00477094601841799,0.323689683768923));
#4032=CARTESIAN_POINT('',(-0.112961473294055,0.00458999971071976,0.324387307493621));
#4033=CARTESIAN_POINT('',(-0.112957830332128,0.00440755061991001,0.325090725075983));
#4034=CARTESIAN_POINT('',(-0.112956748251168,0.0042236321432005,0.325799807755784));
#4035=CARTESIAN_POINT('',(-0.11295843790758,0.00403812018053201,0.326515033990677));
#4036=CARTESIAN_POINT('',(-0.112963096072595,0.00385148020330956,0.327234609193641));
#4037=CARTESIAN_POINT('',(-0.112971015933538,0.00366322560972073,0.327960409418257));
#4038=CARTESIAN_POINT('',(-0.11298194548017,0.00348106282374297,0.328662723175701));
#4039=CARTESIAN_POINT('',(-0.112995748801578,0.00330452712255602,0.329343342166885));
#4040=CARTESIAN_POINT('',(-0.113012275448124,0.00313406584169506,0.330000541726157));
#4041=CARTESIAN_POINT('',(-0.113031381479802,0.00296956210983353,0.330634772441377));
#4042=CARTESIAN_POINT('',(-0.113052910061628,0.00281104646749601,0.331245916566046));
#4043=CARTESIAN_POINT('',(-0.113076696366569,0.00265851087615402,0.331834005092054));
#4044=CARTESIAN_POINT('',(-0.113102565896542,0.00251195774553244,0.332399028728905));
#4045=CARTESIAN_POINT('',(-0.113130335241023,0.00237138536024612,0.332940994090125));
#4046=CARTESIAN_POINT('',(-0.113159809452514,0.00223679815888821,0.33345988406308));
#4047=CARTESIAN_POINT('',(-0.113190790093446,0.0021081806416653,0.33395575840596));
#4048=CARTESIAN_POINT('',(-0.113223045075287,0.00198558860937842,0.33442840198333));
#4049=CARTESIAN_POINT('',(-0.113256415988626,0.00186882138160603,0.334878588502178));
#4050=CARTESIAN_POINT('',(-0.11329058767323,0.0017580924774883,0.335305494756884));
#4051=CARTESIAN_POINT('',(-0.113326372460187,0.00165030949694362,0.335721043243632));
#4052=CARTESIAN_POINT('',(-0.113363687430118,0.00154565687356333,0.33612452289376));
#4053=CARTESIAN_POINT('',(-0.113402543361097,0.00144395840897996,0.336516613025696));
#4054=CARTESIAN_POINT('',(-0.11344288657617,0.00134526032324891,0.336897135441788));
#4055=CARTESIAN_POINT('',(-0.113484679998702,0.00124955047958524,0.337266136934419));
#4056=CARTESIAN_POINT('',(-0.113527882012631,0.00115683204033151,0.337623605311438));
#4057=CARTESIAN_POINT('',(-0.113572452128322,0.00106710415555145,0.337969543849702));
#4058=CARTESIAN_POINT('',(-0.113618349620785,0.000980367022271116,0.338303951789595));
#4059=CARTESIAN_POINT('',(-0.113665534007651,0.000896620559016893,0.338626829445232));
#4060=CARTESIAN_POINT('',(-0.113713965043529,0.000815864751707563,0.3389381768709));
#4061=CARTESIAN_POINT('',(-0.113763602838254,0.000738099562065356,0.339237994214178));
#4062=CARTESIAN_POINT('',(-0.113814407939327,0.000663324950104341,0.339526281629228));
#4063=CARTESIAN_POINT('',(-0.113866341419437,0.00059154086644801,0.339803039306416));
#4064=CARTESIAN_POINT('',(-0.11391936495737,0.000522747252039419,0.340068267473432));
#4065=CARTESIAN_POINT('',(-0.11397344091414,0.000456944035297379,0.340321966406252));
#4066=CARTESIAN_POINT('',(-0.114028532402391,0.000394131129120091,0.340564136440689));
#4067=CARTESIAN_POINT('',(-0.114084603347702,0.000334308426856663,0.340794777987927));
#4068=CARTESIAN_POINT('',(-0.114141618539734,0.000277475797139198,0.341013891554444));
#4069=CARTESIAN_POINT('',(-0.114199543670576,0.000223633077160602,0.341221477767929));
#4070=CARTESIAN_POINT('',(-0.11425834535653,0.000172780063934637,0.341417537410981));
#4071=CARTESIAN_POINT('',(-0.11431799113837,0.000124916502925779,0.341602071464939));
#4072=CARTESIAN_POINT('',(-0.114378449451489,8.00420733692861E-5,0.341775081166486));
#4073=CARTESIAN_POINT('',(-0.114439689557148,3.81563694183797E-5,0.341936568080331));
#4074=CARTESIAN_POINT('',(-0.114501681404382,-7.41122999138935E-7,0.342086534188437));
#4075=CARTESIAN_POINT('',(-0.114564395427811,-3.66510547719452E-5,0.342224982000253));
#4076=CARTESIAN_POINT('',(-0.114627802079125,-6.95742396939108E-5,0.342351914653294));
#4077=CARTESIAN_POINT('',(-0.114691871456658,-9.95116881503206E-5,0.342467336043019));
#4078=CARTESIAN_POINT('',(-0.114756571016957,-0.000126464560725526,0.342571250643966));
#4079=CARTESIAN_POINT('',(-0.114821866858929,-0.000150434222708601,0.342663663719895));
#4080=CARTESIAN_POINT('',(-0.114887705422965,-0.00017142147116567,0.34274457834383));
#4081=CARTESIAN_POINT('',(-0.114954047052798,-0.00018942756079144,0.342813999353143));
#4082=CARTESIAN_POINT('',(-0.115020674097092,-0.000204446498599788,0.342871903642366));
#4083=CARTESIAN_POINT('',(-0.115087660498117,-0.000216482455426978,0.342918307291818));
#4084=CARTESIAN_POINT('',(-0.115153086180907,-0.000225464384694103,0.342952936387211));
#4085=CARTESIAN_POINT('',(-0.115218128466749,-0.000231447024128914,0.342976001965388));
#4086=CARTESIAN_POINT('',(-0.115269409737609,-0.000234469915818784,0.342987656477641));
#4087=CARTESIAN_POINT('',(-0.11534,-0.000236277833900063,0.342994626758283));
#4088=CARTESIAN_POINT('',(-0.115410590262391,-0.000234469915818784,0.342987656477641));
#4089=CARTESIAN_POINT('',(-0.115461871533251,-0.000231447024128914,0.342976001965388));
#4090=CARTESIAN_POINT('',(-0.115526913819093,-0.000225464384694103,0.342952936387211));
#4091=CARTESIAN_POINT('',(-0.115592339501883,-0.000216482455426978,0.342918307291818));
#4092=CARTESIAN_POINT('',(-0.115659325902908,-0.000204446498599788,0.342871903642366));
#4093=CARTESIAN_POINT('',(-0.115725952947202,-0.000189427560791439,0.342813999353143));
#4094=CARTESIAN_POINT('',(-0.115792294577035,-0.000171421471165672,0.34274457834383));
#4095=CARTESIAN_POINT('',(-0.115858133141071,-0.0001504342227086,0.342663663719895));
#4096=CARTESIAN_POINT('',(-0.115923428983043,-0.000126464560725526,0.342571250643966));
#4097=CARTESIAN_POINT('',(-0.115988128543342,-9.95116881503206E-5,0.342467336043019));
#4098=CARTESIAN_POINT('',(-0.116052197920875,-6.95742396939108E-5,0.342351914653294));
#4099=CARTESIAN_POINT('',(-0.116115604572189,-3.66510547719452E-5,0.342224982000253));
#4100=CARTESIAN_POINT('',(-0.116178318595618,-7.41122999139803E-7,0.342086534188437));
#4101=CARTESIAN_POINT('',(-0.116240310442852,3.81563694183797E-5,0.341936568080331));
#4102=CARTESIAN_POINT('',(-0.116301550548511,8.00420733692861E-5,0.341775081166486));
#4103=CARTESIAN_POINT('',(-0.11636200886163,0.000124916502925778,0.341602071464939));
#4104=CARTESIAN_POINT('',(-0.11642165464347,0.000172780063934637,0.341417537410981));
#4105=CARTESIAN_POINT('',(-0.116480456329424,0.000223633077160602,0.341221477767929));
#4106=CARTESIAN_POINT('',(-0.116538381460266,0.0002774757971392,0.341013891554444));
#4107=CARTESIAN_POINT('',(-0.116595396652298,0.000334308426856661,0.340794777987927));
#4108=CARTESIAN_POINT('',(-0.116651467597608,0.000394131129120091,0.340564136440689));
#4109=CARTESIAN_POINT('',(-0.11670655908586,0.000456944035297379,0.340321966406252));
#4110=CARTESIAN_POINT('',(-0.11676063504263,0.000522747252039418,0.340068267473432));
#4111=CARTESIAN_POINT('',(-0.116813658580563,0.00059154086644801,0.339803039306416));
#4112=CARTESIAN_POINT('',(-0.116865592060673,0.000663324950104339,0.339526281629228));
#4113=CARTESIAN_POINT('',(-0.116916397161746,0.000738099562065357,0.339237994214178));
#4114=CARTESIAN_POINT('',(-0.116966034956471,0.000815864751707562,0.3389381768709));
#4115=CARTESIAN_POINT('',(-0.117014465992349,0.000896620559016894,0.338626829445232));
#4116=CARTESIAN_POINT('',(-0.117061650379215,0.000980367022271116,0.338303951789595));
#4117=CARTESIAN_POINT('',(-0.117107547871678,0.00106710415555145,0.337969543849702));
#4118=CARTESIAN_POINT('',(-0.117152117987369,0.00115683204033151,0.337623605311438));
#4119=CARTESIAN_POINT('',(-0.117195320001298,0.00124955047958523,0.337266136934419));
#4120=CARTESIAN_POINT('',(-0.117237113423829,0.00134526032324891,0.336897135441788));
#4121=CARTESIAN_POINT('',(-0.117277456638903,0.00144395840897996,0.336516613025696));
#4122=CARTESIAN_POINT('',(-0.117316312569881,0.00154565687356333,0.33612452289376));
#4123=CARTESIAN_POINT('',(-0.117353627539813,0.00165030949694362,0.335721043243632));
#4124=CARTESIAN_POINT('',(-0.11738941232677,0.00175809247748831,0.335305494756884));
#4125=CARTESIAN_POINT('',(-0.117423584011374,0.00186882138160603,0.334878588502178));
#4126=CARTESIAN_POINT('',(-0.117456954924713,0.00198558860937842,0.33442840198333));
#4127=CARTESIAN_POINT('',(-0.117489209906554,0.0021081806416653,0.33395575840596));
#4128=CARTESIAN_POINT('',(-0.117520190547486,0.00223679815888821,0.33345988406308));
#4129=CARTESIAN_POINT('',(-0.117549664758976,0.00237138536024612,0.332940994090125));
#4130=CARTESIAN_POINT('',(-0.117577434103457,0.00251195774553244,0.332399028728905));
#4131=CARTESIAN_POINT('',(-0.117603303633431,0.00265851087615402,0.331834005092054));
#4132=CARTESIAN_POINT('',(-0.117627089938372,0.002811046467496,0.331245916566046));
#4133=CARTESIAN_POINT('',(-0.117648618520198,0.00296956210983352,0.330634772441377));
#4134=CARTESIAN_POINT('',(-0.117667724551876,0.00313406584169506,0.330000541726157));
#4135=CARTESIAN_POINT('',(-0.117684251198422,0.00330452712255602,0.329343342166885));
#4136=CARTESIAN_POINT('',(-0.11769805451983,0.00348106282374297,0.328662723175701));
#4137=CARTESIAN_POINT('',(-0.117708984066462,0.00366322560972074,0.327960409418257));
#4138=CARTESIAN_POINT('',(-0.117716903927405,0.00385148020330956,0.327234609193641));
#4139=CARTESIAN_POINT('',(-0.11772156209242,0.00403812018053202,0.326515033990677));
#4140=CARTESIAN_POINT('',(-0.117723251748832,0.0042236321432005,0.325799807755784));
#4141=CARTESIAN_POINT('',(-0.117722169667872,0.00440755061991,0.325090725075983));
#4142=CARTESIAN_POINT('',(-0.117718526705945,0.00458999971071976,0.324387307493621));
#4143=CARTESIAN_POINT('',(-0.117712507519075,0.00477094601841799,0.323689683768923));
#4144=CARTESIAN_POINT('',(-0.11770428372209,0.00495039983205049,0.322997814233313));
#4145=CARTESIAN_POINT('',(-0.117694013506557,0.00512835332713748,0.322311729053434));
#4146=CARTESIAN_POINT('',(-0.117681840357597,0.00530482751755988,0.321631347211983));
#4147=CARTESIAN_POINT('',(-0.117667907172005,0.00547974666530489,0.320956960710689));
#4148=CARTESIAN_POINT('',(-0.117652308791719,0.00565339109838013,0.320287488767791));
#4149=CARTESIAN_POINT('',(-0.117635199157146,0.00582546487500378,0.319624072362681));
#4150=CARTESIAN_POINT('',(-0.117616162547096,0.00600060686219029,0.318948826722103));
#4151=CARTESIAN_POINT('',(-0.117595202995413,0.00617851607901124,0.318262912253465));
#4152=CARTESIAN_POINT('',(-0.117572278636511,0.00635947684501118,0.317565232785965));
#4153=CARTESIAN_POINT('',(-0.117547381789784,0.00654341200493286,0.316856085785401));
#4154=CARTESIAN_POINT('',(-0.117520496922566,0.00673034249237612,0.316135390543986));
#4155=CARTESIAN_POINT('',(-0.117491611884565,0.00692026262944562,0.315403168952382));
#4156=CARTESIAN_POINT('',(-0.117460714671314,0.00711317395669078,0.314659415071128));
#4157=CARTESIAN_POINT('',(-0.117427794095693,0.00730907605720624,0.313904130507567));
#4158=CARTESIAN_POINT('',(-0.117392839380972,0.00750796904500092,0.313137314822149));
#4159=CARTESIAN_POINT('',(-0.11735584002686,0.00770985289031517,0.312358968129608));
#4160=CARTESIAN_POINT('',(-0.117316785581153,0.00791472760255537,0.311569090393679));
#4161=CARTESIAN_POINT('',(-0.117275665415679,0.00812259318060263,0.310767681618676));
#4162=CARTESIAN_POINT('',(-0.11723246847867,0.00833344962672741,0.309954741795845));
#4163=CARTESIAN_POINT('',(-0.117187183030899,0.00854729694116638,0.309130270924274));
#4164=CARTESIAN_POINT('',(-0.117139796359772,0.00876413512987,0.308294268981021));
#4165=CARTESIAN_POINT('',(-0.117090294482848,0.00898396417877433,0.307446736020309));
#4166=CARTESIAN_POINT('',(-0.117038661795723,0.00920678414992444,0.306587671802928));
#4167=CARTESIAN_POINT('',(-0.11698488083005,0.00943259481936915,0.305717077192304));
#4168=CARTESIAN_POINT('',(-0.11692893149317,0.00966139704218789,0.304834948891747));
#4169=CARTESIAN_POINT('',(-0.116870792154821,0.00989318760746004,0.303941299280699));
#4170=CARTESIAN_POINT('',(-0.116810433661811,0.0101279786287412,0.303036081656336));
#4171=CARTESIAN_POINT('',(-0.116747839888528,0.0103657244750067,0.302119471945351));
#4172=CARTESIAN_POINT('',(-0.116682928183665,0.0106065970839845,0.301190807255863));
#4173=CARTESIAN_POINT('',(-0.116615846836234,0.0108499487437275,0.30025258478843));
#4174=CARTESIAN_POINT('',(-0.116546349422453,0.0110964554789042,0.299302198185109));
#4175=CARTESIAN_POINT('',(-0.116477526155311,0.0113353299366284,0.298381237204735));
#4176=CARTESIAN_POINT('',(-0.116409343037994,0.0115672253735762,0.297487183269499));
#4177=CARTESIAN_POINT('',(-0.116342102214855,0.0117915133151252,0.296622459412027));
#4178=CARTESIAN_POINT('',(-0.116275879256789,0.012008358159655,0.29578643180778));
#4179=CARTESIAN_POINT('',(-0.116210800918525,0.0122177169332615,0.294979266139137));
#4180=CARTESIAN_POINT('',(-0.116146973807362,0.0124196008556583,0.294200919149411));
#4181=CARTESIAN_POINT('',(-0.116084504091226,0.0126140069966697,0.293451402135653));
#4182=CARTESIAN_POINT('',(-0.11602349321632,0.0128009361174996,0.292730712163105));
#4183=CARTESIAN_POINT('',(-0.115964039700769,0.0129803880183263,0.292038850002161));
#4184=CARTESIAN_POINT('',(-0.115906239181211,0.0131523627475952,0.291375815466046));
#4185=CARTESIAN_POINT('',(-0.115850184761929,0.0133168602974703,0.29074160858497));
#4186=CARTESIAN_POINT('',(-0.115795967181311,0.013473880645997,0.290136229443577));
#4187=CARTESIAN_POINT('',(-0.115743674825166,0.0136234238791218,0.289559677710508));
#4188=CARTESIAN_POINT('',(-0.115693393999695,0.0137654896803252,0.289011954606078));
#4189=CARTESIAN_POINT('',(-0.115645207913361,0.0139000791806178,0.288493055769768));
#4190=CARTESIAN_POINT('',(-0.115599200007636,0.0140271883258947,0.288002996831847));
#4191=CARTESIAN_POINT('',(-0.115555441497232,0.0141468315803698,0.287541722026721));
#4192=CARTESIAN_POINT('',(-0.115514035027345,0.0142589574413346,0.287109429918878));
#4193=CARTESIAN_POINT('',(-0.115474958633726,0.0143637486486835,0.286705415969568));
#4194=CARTESIAN_POINT('',(-0.115438617283062,0.014460559084589,0.286332171233352));
#4195=CARTESIAN_POINT('',(-0.115403896399888,0.0145516634790593,0.285980925674295));
#4196=CARTESIAN_POINT('',(-0.115374994542296,0.0146290926296306,0.285682403902235));
#4197=CARTESIAN_POINT('',(-0.115344738288499,0.0147030623326114,0.285397219748081));
#4198=CARTESIAN_POINT('',(-0.11534,0.0147229610567691,0.285320501840763));
#4199=CARTESIAN_POINT('',(-0.115335261711501,0.0147030623326114,0.285397219748081));
#4200=CARTESIAN_POINT('',(-0.1095,0.001,0.30293));
#4201=CARTESIAN_POINT('',(-0.112214912623144,0.001,0.30293));
#4202=CARTESIAN_POINT('',(-0.114650800465521,-0.0029185223962509,0.332843757721623));
#4203=CARTESIAN_POINT('',(-0.115216632183646,-0.00129570190121237,0.34098659140444));
#4204=CARTESIAN_POINT('',(-0.1095,0.000997284873705154,0.302927494324326));
#4205=CARTESIAN_POINT('',(-0.112219524644825,0.000997284873705154,0.302927494324326));
#4206=CARTESIAN_POINT('',(-0.114664074867842,-0.00291996532875739,0.332842961789495));
#4207=CARTESIAN_POINT('',(-0.115231997342594,-0.00129612061683102,0.340986405597175));
#4208=CARTESIAN_POINT('',(-0.1095,0.000994569747410317,0.302924988648653));
#4209=CARTESIAN_POINT('',(-0.112224411519874,0.000994569747410317,0.302924988648653));
#4210=CARTESIAN_POINT('',(-0.114678151820665,-0.00292120789975129,0.332841393653283));
#4211=CARTESIAN_POINT('',(-0.115248292512391,-0.00129628900747989,0.34098525478479));
#4212=CARTESIAN_POINT('',(-0.1095,0.000991593852375079,0.302922240895963));
#4213=CARTESIAN_POINT('',(-0.112229964998565,0.000991593852375079,0.302922240895963));
#4214=CARTESIAN_POINT('',(-0.114694113139652,-0.00292235945055638,0.332838863460799));
#4215=CARTESIAN_POINT('',(-0.115266765683875,-0.00129621067407072,0.340982979774172));
#4216=CARTESIAN_POINT('',(-0.1095,0.000991332640098874,0.302921999697083));
#4217=CARTESIAN_POINT('',(-0.112230454127256,0.000991332640098874,0.302921999697083));
#4218=CARTESIAN_POINT('',(-0.114695510254902,-0.00292245887362679,0.33283863498434));
#4219=CARTESIAN_POINT('',(-0.115268381862426,-0.00129620172931482,0.340982772105257));
#4220=CARTESIAN_POINT('',(-0.1095,0.000988940013240338,0.302919790266161));
#4221=CARTESIAN_POINT('',(-0.112234948890078,0.000988940013240338,0.302919790266161));
#4222=CARTESIAN_POINT('',(-0.11470826280867,-0.00292335495992757,0.33283648588279));
#4223=CARTESIAN_POINT('',(-0.115283125991419,-0.00129610155160862,0.340980799563395));
#4224=CARTESIAN_POINT('',(-0.1095,0.000986808896664316,0.302917821444107));
#4225=CARTESIAN_POINT('',(-0.112238573458468,0.000986808896664316,0.302917821444107));
#4226=CARTESIAN_POINT('',(-0.114719176377826,-0.00292404697938437,0.332834162238721));
#4227=CARTESIAN_POINT('',(-0.115295802830277,-0.00129587968715743,0.340978531186053));
#4228=CARTESIAN_POINT('',(-0.1095,0.000983834247983787,0.302915071223814));
#4229=CARTESIAN_POINT('',(-0.112243580698909,0.000983834247983787,0.302915071223814));
#4230=CARTESIAN_POINT('',(-0.114733192215308,-0.00292491148372886,0.33283052698));
#4231=CARTESIAN_POINT('',(-0.115311989701298,-0.00129544318311112,0.340974875778947));
#4232=CARTESIAN_POINT('',(-0.1095,0.000982990278118622,0.302914290692277));
#4233=CARTESIAN_POINT('',(-0.112244995511475,0.000982990278118621,0.302914290692277));
#4234=CARTESIAN_POINT('',(-0.114737274691817,-0.00292512806753141,0.332829384860294));
#4235=CARTESIAN_POINT('',(-0.115316716132307,-0.0012952834719845,0.340973700361657));
#4236=CARTESIAN_POINT('',(-0.1095,0.000980667868620414,0.302912142091216));
#4237=CARTESIAN_POINT('',(-0.112248931129815,0.000980667868620414,0.302912142091216));
#4238=CARTESIAN_POINT('',(-0.114748716727936,-0.00292565661541493,0.332825981689011));
#4239=CARTESIAN_POINT('',(-0.115329970870933,-0.00129475967808724,0.340970140768744));
#4240=CARTESIAN_POINT('',(-0.1095,0.000979189625543265,0.30291077363254));
#4241=CARTESIAN_POINT('',(-0.112251561164534,0.000979189625543265,0.30291077363254));
#4242=CARTESIAN_POINT('',(-0.11475625116838,-0.00292591780850272,0.332823525120607));
#4243=CARTESIAN_POINT('',(-0.115338688747801,-0.00129433222791514,0.340967512353616));
#4244=CARTESIAN_POINT('',(-0.1095,0.000976216917269606,0.302908019570519));
#4245=CARTESIAN_POINT('',(-0.112256817577426,0.000976216917269606,0.302908019570519));
#4246=CARTESIAN_POINT('',(-0.114771452339709,-0.00292633703500664,0.332818175339087));
#4247=CARTESIAN_POINT('',(-0.115356290789035,-0.00129334005261808,0.340961715265751));
#4248=CARTESIAN_POINT('',(-0.1095,0.000974722460470216,0.302906633950549));
#4249=CARTESIAN_POINT('',(-0.1122594435677,0.000974722460470217,0.302906633950549));
#4250=CARTESIAN_POINT('',(-0.114778842462561,-0.00292651559748696,0.332815361283316));
#4251=CARTESIAN_POINT('',(-0.115364829391194,-0.00129280098504876,0.340958645516371));
#4252=CARTESIAN_POINT('',(-0.1095,0.000972097306179984,0.302904197693253));
#4253=CARTESIAN_POINT('',(-0.112263770629868,0.000972097306179984,0.302904197693253));
#4254=CARTESIAN_POINT('',(-0.11479137396959,-0.0029267816112579,0.332810233416711));
#4255=CARTESIAN_POINT('',(-0.11537934176837,-0.00129179441745663,0.340953022981827));
#4256=CARTESIAN_POINT('',(-0.1095,0.000970966417765971,0.302903147433926));
#4257=CARTESIAN_POINT('',(-0.112265600853639,0.00097096641776597,0.302903147433926));
#4258=CARTESIAN_POINT('',(-0.114796640413085,-0.00292688065810828,0.332807964109236));
#4259=CARTESIAN_POINT('',(-0.115385437568509,-0.00129134133502233,0.340950525722754));
#4260=CARTESIAN_POINT('',(-0.1095,0.000967996772349077,0.302900387307888));
#4261=CARTESIAN_POINT('',(-0.112270355119723,0.000967996772349078,0.302900387307888));
#4262=CARTESIAN_POINT('',(-0.114810169123195,-0.0029271056919031,0.33280186889197));
#4263=CARTESIAN_POINT('',(-0.115401082796156,-0.00129010765719189,0.340943798504435));
#4264=CARTESIAN_POINT('',(-0.1095,0.000966158490985399,0.30289867649948));
#4265=CARTESIAN_POINT('',(-0.112273245938675,0.000966158490985399,0.30289867649948));
#4266=CARTESIAN_POINT('',(-0.11481857303668,-0.00292715334286292,0.332797741458408));
#4267=CARTESIAN_POINT('',(-0.115410818045756,-0.00128922934815442,0.34093919196333));
#4268=CARTESIAN_POINT('',(-0.1095,0.000958387214649296,0.302891432974093));
#4269=CARTESIAN_POINT('',(-0.112285502933146,0.000958387214649296,0.302891432974093));
#4270=CARTESIAN_POINT('',(-0.114854021599153,-0.00292703912017175,0.332779070745047));
#4271=CARTESIAN_POINT('',(-0.115451865549509,-0.00128512132151014,0.340918193645563));
#4272=CARTESIAN_POINT('',(-0.1095,0.000952462750942101,0.302885883366434));
#4273=CARTESIAN_POINT('',(-0.112294904829414,0.0009524627509421,0.302885883366434));
#4274=CARTESIAN_POINT('',(-0.114880843891253,-0.00292617323312781,0.332761821846038));
#4275=CARTESIAN_POINT('',(-0.115482890459348,-0.0012810150012207,0.340898424720089));
#4276=CARTESIAN_POINT('',(-0.1095,0.000945998123123858,0.30287978261939));
#4277=CARTESIAN_POINT('',(-0.112304031838165,0.000945998123123858,0.30287978261939));
#4278=CARTESIAN_POINT('',(-0.114907266492307,-0.00292500266788754,0.332742108611393));
#4279=CARTESIAN_POINT('',(-0.115513488803429,-0.00127624990161038,0.340875750954126));
#4280=CARTESIAN_POINT('',(-0.1095,0.00094544392957437,0.302879259256282));
#4281=CARTESIAN_POINT('',(-0.112304811053507,0.00094544392957437,0.302879259256282));
#4282=CARTESIAN_POINT('',(-0.114909510163658,-0.00292490049909356,0.332740411465768));
#4283=CARTESIAN_POINT('',(-0.115516085944265,-0.00127583911112043,0.340873798312011));
#4284=CARTESIAN_POINT('',(-0.1095,0.000939536316256383,0.302873676287269));
#4285=CARTESIAN_POINT('',(-0.112313084180166,0.000939536316256383,0.302873676287269));
#4286=CARTESIAN_POINT('',(-0.114933180025372,-0.00292379703462749,0.332722262899268));
#4287=CARTESIAN_POINT('',(-0.11554347079179,-0.0012714419993276,0.340852912949165));
#4288=CARTESIAN_POINT('',(-0.1095,0.000934194754969653,0.302868593203273));
#4289=CARTESIAN_POINT('',(-0.112320273981397,0.000934194754969653,0.302868593203273));
#4290=CARTESIAN_POINT('',(-0.114954058763253,-0.00292236806852405,0.332704174065407));
#4291=CARTESIAN_POINT('',(-0.11556765503261,-0.00126692552224966,0.340831939542074));
#4292=CARTESIAN_POINT('',(-0.1095,0.00092613379810144,0.302860853554054));
#4293=CARTESIAN_POINT('',(-0.112330826184263,0.00092613379810144,0.302860853554054));
#4294=CARTESIAN_POINT('',(-0.114984444147628,-0.00291978626613451,0.332675203190535));
#4295=CARTESIAN_POINT('',(-0.115602827478712,-0.00125957454566873,0.340798215984779));
#4296=CARTESIAN_POINT('',(-0.1095,0.00092340299095503,0.302858219582092));
#4297=CARTESIAN_POINT('',(-0.112334326390061,0.00092340299095503,0.302858219582092));
#4298=CARTESIAN_POINT('',(-0.114994536004686,-0.00291883731195865,0.332665096428624));
#4299=CARTESIAN_POINT('',(-0.115614510445301,-0.00125699075436915,0.340786429344626));
#4300=CARTESIAN_POINT('',(-0.1095,0.000917544292104988,0.30285253976945));
#4301=CARTESIAN_POINT('',(-0.112341658725423,0.000917544292104987,0.30285253976945));
#4302=CARTESIAN_POINT('',(-0.115015678393659,-0.00291668536983516,0.332642951912644));
#4303=CARTESIAN_POINT('',(-0.115638986353894,-0.00125130091235493,0.34076057322082));
#4304=CARTESIAN_POINT('',(-0.1095,0.000914417861089253,0.302849491036816));
#4305=CARTESIAN_POINT('',(-0.112345462604178,0.000914417861089253,0.302849491036816));
#4306=CARTESIAN_POINT('',(-0.115026647863737,-0.00291546652413221,0.332630854388484));
#4307=CARTESIAN_POINT('',(-0.115651685489639,-0.00124817556416744,0.340746429726966));
#4308=CARTESIAN_POINT('',(-0.1095,0.00090641514250011,0.302841636084159));
#4309=CARTESIAN_POINT('',(-0.112354889260022,0.00090641514250011,0.302841636084159));
#4310=CARTESIAN_POINT('',(-0.115053791603765,-0.00291227546602923,0.332599589100305));
#4311=CARTESIAN_POINT('',(-0.115683105531846,-0.00124008392496895,0.340709866129584));
#4312=CARTESIAN_POINT('',(-0.1095,0.000901548632822483,0.302836810505305));
#4313=CARTESIAN_POINT('',(-0.112360262840447,0.000901548632822483,0.302836810505305));
#4314=CARTESIAN_POINT('',(-0.115069387714678,-0.00291026683161116,0.332580290007664));
#4315=CARTESIAN_POINT('',(-0.115701170034609,-0.0012350755811309,0.34068728647858));
#4316=CARTESIAN_POINT('',(-0.1095,0.000895756598750565,0.302830998705965));
#4317=CARTESIAN_POINT('',(-0.112366283751464,0.000895756598750565,0.302830998705965));
#4318=CARTESIAN_POINT('',(-0.115086651954662,-0.0029079908787184,0.332557729267953));
#4319=CARTESIAN_POINT('',(-0.11572114742888,-0.00122925434996309,0.340660941369695));
#4320=CARTESIAN_POINT('',(-0.1095,0.000894812520309533,0.30283004921983));
#4321=CARTESIAN_POINT('',(-0.11236725317699,0.000894812520309533,0.30283004921983));
#4322=CARTESIAN_POINT('',(-0.115089451884678,-0.00290761452921705,0.332554030153479));
#4323=CARTESIAN_POINT('',(-0.115724389250972,-0.00122829867310928,0.340656620551124));
#4324=CARTESIAN_POINT('',(-0.1095,0.000882303346497939,0.302817438571646));
#4325=CARTESIAN_POINT('',(-0.112379944044792,0.000882303346497939,0.302817438571646));
#4326=CARTESIAN_POINT('',(-0.115126368621899,-0.00290255795495229,0.332504732316523));
#4327=CARTESIAN_POINT('',(-0.115767156389127,-0.00121554686220777,0.34059902199791));
#4328=CARTESIAN_POINT('',(-0.1095,0.000870850729404474,0.302805554718743));
#4329=CARTESIAN_POINT('',(-0.1123911467643,0.000870850729404474,0.302805554718743));
#4330=CARTESIAN_POINT('',(-0.115158426843374,-0.00289713555949069,0.332456375776606));
#4331=CARTESIAN_POINT('',(-0.115804246765092,-0.00120286287416022,0.340542350545442));
#4332=CARTESIAN_POINT('',(-0.1095,0.000849996303691054,0.302783074399452));
#4333=CARTESIAN_POINT('',(-0.112410467202053,0.000849996303691054,0.302783074399452));
#4334=CARTESIAN_POINT('',(-0.115214212180902,-0.0028861598652306,0.332363659137875));
#4335=CARTESIAN_POINT('',(-0.115868834757204,-0.00117834292289968,0.340433550828658));
#4336=CARTESIAN_POINT('',(-0.1095,0.000840551385299235,0.302772563284227));
#4337=CARTESIAN_POINT('',(-0.11241886962459,0.000840551385299234,0.302772563284227));
#4338=CARTESIAN_POINT('',(-0.115238479697291,-0.00288075666546356,0.332319838541852));
#4339=CARTESIAN_POINT('',(-0.115896932173632,-0.00116667945902263,0.340382076567128));
#4340=CARTESIAN_POINT('',(-0.1095,0.000829531935715018,0.302759821821795));
#4341=CARTESIAN_POINT('',(-0.112428360634539,0.000829531935715018,0.302759821821795));
#4342=CARTESIAN_POINT('',(-0.11526590158199,-0.00287407820032102,0.332267032188366));
#4343=CARTESIAN_POINT('',(-0.115928682731992,-0.00115257706833356,0.340320047301446));
#4344=CARTESIAN_POINT('',(-0.1095,0.000827831173717439,0.302757841366453));
#4345=CARTESIAN_POINT('',(-0.112429816569559,0.000827831173717439,0.302757841366453));
#4346=CARTESIAN_POINT('',(-0.115270108406006,-0.00287303647182038,0.332258832792384));
#4347=CARTESIAN_POINT('',(-0.11593355364743,-0.00115038600523858,0.340310415824585));
#4348=CARTESIAN_POINT('',(-0.1095,0.000815172475918818,0.302742997939208));
#4349=CARTESIAN_POINT('',(-0.112440589225931,0.000815172475918819,0.302742997939208));
#4350=CARTESIAN_POINT('',(-0.115301236190559,-0.00286520288843347,0.33219744569841));
#4351=CARTESIAN_POINT('',(-0.115969595366081,-0.00113397232517365,0.340238307281983));
#4352=CARTESIAN_POINT('',(-0.1095,0.000804394232169265,0.302729781680537));
#4353=CARTESIAN_POINT('',(-0.112449400308992,0.000804394232169265,0.302729781680537));
#4354=CARTESIAN_POINT('',(-0.115326709944366,-0.00285808387557792,0.332143161447065));
#4355=CARTESIAN_POINT('',(-0.115999091772575,-0.00111940387863844,0.340174543395201));
#4356=CARTESIAN_POINT('',(-0.1095,0.000785611109155423,0.302705780921509));
#4357=CARTESIAN_POINT('',(-0.1124642736305,0.000785611109155423,0.302705780921509));
#4358=CARTESIAN_POINT('',(-0.115369723336073,-0.00284499498772365,0.332045474239406));
#4359=CARTESIAN_POINT('',(-0.116048898764562,-0.00109311404418905,0.340059820002635));
#4360=CARTESIAN_POINT('',(-0.1095,0.000777534040856101,0.302695128748732));
#4361=CARTESIAN_POINT('',(-0.112470515984951,0.000777534040856101,0.302695128748732));
#4362=CARTESIAN_POINT('',(-0.115387750823043,-0.00283913302916138,0.332002411235761));
#4363=CARTESIAN_POINT('',(-0.116069771220168,-0.00108150057265513,0.340009254598055));
#4364=CARTESIAN_POINT('',(-0.1095,0.000756880576252059,0.30266707011768));
#4365=CARTESIAN_POINT('',(-0.112486064673665,0.000756880576252058,0.30266707011768));
#4366=CARTESIAN_POINT('',(-0.115432907552788,-0.00282361655708972,0.331889896002241));
#4367=CARTESIAN_POINT('',(-0.116122077515352,-0.00105110804041419,0.339877170509879));
#4368=CARTESIAN_POINT('',(-0.1095,0.000744463264561387,0.302649389338653));
#4369=CARTESIAN_POINT('',(-0.112495003960052,0.000744463264561387,0.302649389338653));
#4370=CARTESIAN_POINT('',(-0.115458655129972,-0.0028140754123795,0.33182106643932));
#4371=CARTESIAN_POINT('',(-0.116151882102569,-0.00103253296177081,0.339796492572086));
#4372=CARTESIAN_POINT('',(-0.1095,0.000721735599979074,0.30261562624172));
#4373=CARTESIAN_POINT('',(-0.112510555436909,0.000721735599979074,0.30261562624172));
#4374=CARTESIAN_POINT('',(-0.115503884425058,-0.00279616698879769,0.331692791480531));
#4375=CARTESIAN_POINT('',(-0.116204278339995,-0.000997925089416269,0.339646322132562));
#4376=CARTESIAN_POINT('',(-0.1095,0.000711363025557313,0.302599639783249));
#4377=CARTESIAN_POINT('',(-0.112517404517283,0.000711363025557312,0.302599639783249));
#4378=CARTESIAN_POINT('',(-0.115523766152794,-0.00278781749829417,0.331633301367268));
#4379=CARTESIAN_POINT('',(-0.11622730703278,-0.000981882064156067,0.339576754207896));
#4380=CARTESIAN_POINT('',(-0.1095,0.000692253748192978,0.302569182770362));
#4381=CARTESIAN_POINT('',(-0.112529685614159,0.000692253748192978,0.302569182770362));
#4382=CARTESIAN_POINT('',(-0.115559493862315,-0.00277207848914286,0.331521870059479));
#4383=CARTESIAN_POINT('',(-0.116268696981629,-0.000951832983101813,0.339446562206828));
#4384=CARTESIAN_POINT('',(-0.1095,0.000683472322867254,0.302554779285839));
#4385=CARTESIAN_POINT('',(-0.112535187920884,0.000683472322867255,0.302554779285839));
#4386=CARTESIAN_POINT('',(-0.115575532709017,-0.00276469458494397,0.331469894673341));
#4387=CARTESIAN_POINT('',(-0.116287280608938,-0.000937816147178328,0.339385880378119));
#4388=CARTESIAN_POINT('',(-0.1095,0.000662233366920469,0.302518966869664));
#4389=CARTESIAN_POINT('',(-0.112548269027429,0.000662233366920468,0.302518966869664));
#4390=CARTESIAN_POINT('',(-0.11561380760119,-0.00274622074548951,0.331341378456391));
#4391=CARTESIAN_POINT('',(-0.116331641468102,-0.000903101975503376,0.339235860779225));
#4392=CARTESIAN_POINT('',(-0.1095,0.000649930858903256,0.30249736603335));
#4393=CARTESIAN_POINT('',(-0.112555772922757,0.000649930858903256,0.30249736603335));
#4394=CARTESIAN_POINT('',(-0.115635555553726,-0.00273497998217724,0.331264471555613));
#4395=CARTESIAN_POINT('',(-0.116356828618912,-0.000882280478204043,0.339146106812517));
#4396=CARTESIAN_POINT('',(-0.1095,0.000632270473510783,0.302465145158705));
#4397=CARTESIAN_POINT('',(-0.112566407840969,0.000632270473510783,0.302465145158705));
#4398=CARTESIAN_POINT('',(-0.115666870607761,-0.00271759216439053,0.331148718190308));
#4399=CARTESIAN_POINT('',(-0.116393140893647,-0.00085077516568436,0.339010891187815));
#4400=CARTESIAN_POINT('',(-0.1095,0.000626688662971525,0.30245477002737));
#4401=CARTESIAN_POINT('',(-0.11256974850694,0.000626688662971525,0.30245477002737));
#4402=CARTESIAN_POINT('',(-0.115676675617678,-0.00271199940347984,0.331111675116042));
#4403=CARTESIAN_POINT('',(-0.116404507715935,-0.000840687947991086,0.338967632425749));
#4404=CARTESIAN_POINT('',(-0.1095,0.000604408516230857,0.302412577151065));
#4405=CARTESIAN_POINT('',(-0.112582992895341,0.000604408516230857,0.302412577151065));
#4406=CARTESIAN_POINT('',(-0.115715474256958,-0.00268929658136163,0.330962019045673));
#4407=CARTESIAN_POINT('',(-0.116449479770507,-0.00079991813262168,0.33879292071315));
#4408=CARTESIAN_POINT('',(-0.1095,0.000588242675086835,0.302380159477772));
#4409=CARTESIAN_POINT('',(-0.112592242960234,0.000588242675086835,0.302380159477772));
#4410=CARTESIAN_POINT('',(-0.11574280438705,-0.00267194758859588,0.33084927834688));
#4411=CARTESIAN_POINT('',(-0.116481179575096,-0.000769166316782787,0.338661432944428));
#4412=CARTESIAN_POINT('',(-0.1095,0.000572223957096888,0.302346120642228));
#4413=CARTESIAN_POINT('',(-0.112601193841362,0.000572223957096888,0.302346120642228));
#4414=CARTESIAN_POINT('',(-0.115769342872594,-0.00265394669263418,0.330733648065266));
#4415=CARTESIAN_POINT('',(-0.116511969450901,-0.000737609028005117,0.338526746068409));
#4416=CARTESIAN_POINT('',(-0.1095,0.000571766291731496,0.302345146456866));
#4417=CARTESIAN_POINT('',(-0.112601449384726,0.000571766291731496,0.302345146456866));
#4418=CARTESIAN_POINT('',(-0.11577010061577,-0.00265343168782098,0.330730341014051));
#4419=CARTESIAN_POINT('',(-0.116512848589737,-0.000736706467918279,0.33852289413871));
#4420=CARTESIAN_POINT('',(-0.1095,0.00055532700336217,0.302310093583353));
#4421=CARTESIAN_POINT('',(-0.112610621814637,0.00055532700336217,0.302310093583353));
#4422=CARTESIAN_POINT('',(-0.11579730169419,-0.00263490732577092,0.330611429153383));
#4423=CARTESIAN_POINT('',(-0.11654440771585,-0.000704252526283059,0.338384395241257));
#4424=CARTESIAN_POINT('',(-0.1095,0.000539984369409819,0.302275329063559));
#4425=CARTESIAN_POINT('',(-0.1126189446235,0.000539984369409819,0.302275329063559));
#4426=CARTESIAN_POINT('',(-0.115822107936047,-0.00261675280303419,0.33049626599854));
#4427=CARTESIAN_POINT('',(-0.116573199470829,-0.000672803732296565,0.338250439129083));
#4428=CARTESIAN_POINT('',(-0.1095,0.000521440995593765,0.302230610435984));
#4429=CARTESIAN_POINT('',(-0.112628763303325,0.000521440995593765,0.302230610435984));
#4430=CARTESIAN_POINT('',(-0.115851691636435,-0.00259369735020855,0.330351701282629));
#4431=CARTESIAN_POINT('',(-0.116607564645949,-0.0006333066941456,0.338082517981545));
#4432=CARTESIAN_POINT('',(-0.1095,0.000517630523167867,0.302221267187571));
#4433=CARTESIAN_POINT('',(-0.11263077550617,0.000517630523167867,0.302221267187571));
#4434=CARTESIAN_POINT('',(-0.115857750181286,-0.0025888964582312,0.330321688117303));
#4435=CARTESIAN_POINT('',(-0.116614602032965,-0.000625105747962818,0.338047668695018));
#4436=CARTESIAN_POINT('',(-0.1095,0.000488944696022621,0.302149741310286));
#4437=CARTESIAN_POINT('',(-0.112645892158975,0.000488944696022621,0.302149741310286));
#4438=CARTESIAN_POINT('',(-0.115903241508472,-0.00255227000547476,0.330093393558156));
#4439=CARTESIAN_POINT('',(-0.116667441052808,-0.000562718725757272,0.337782688149416));
#4440=CARTESIAN_POINT('',(-0.1095,0.000466037955831381,0.302085655925956));
#4441=CARTESIAN_POINT('',(-0.112657793073173,0.000466037955831381,0.302085655925956));
#4442=CARTESIAN_POINT('',(-0.115939870194765,-0.00251894636384897,0.329892517989342));
#4443=CARTESIAN_POINT('',(-0.116710057752573,-0.000507545590661346,0.337549688020716));
#4444=CARTESIAN_POINT('',(-0.1095,0.000431166474842571,0.301974876856481));
#4445=CARTESIAN_POINT('',(-0.112676339485267,0.000431166474842571,0.301974876856481));
#4446=CARTESIAN_POINT('',(-0.115997466138096,-0.00246049491817928,0.329551484887593));
#4447=CARTESIAN_POINT('',(-0.116777113682116,-0.000413400398154915,0.337154385416524));
#4448=CARTESIAN_POINT('',(-0.1095,0.000418035981064872,0.301929116267431));
#4449=CARTESIAN_POINT('',(-0.112683414922836,0.000418035981064872,0.301929116267431));
#4450=CARTESIAN_POINT('',(-0.116019705350248,-0.00243612124786685,0.329412283843016));
#4451=CARTESIAN_POINT('',(-0.116803028382465,-0.000374842055054433,0.336993106911477));
#4452=CARTESIAN_POINT('',(-0.1095,0.000397704754517579,0.301850697084008));
#4453=CARTESIAN_POINT('',(-0.112694655653375,0.00039770475451758,0.301850697084008));
#4454=CARTESIAN_POINT('',(-0.116055530874792,-0.00239396625365457,0.329176585858766));
#4455=CARTESIAN_POINT('',(-0.116844816512099,-0.000309330423702617,0.336720155066475));
#4456=CARTESIAN_POINT('',(-0.1095,0.000389924229662713,0.301818432436706));
#4457=CARTESIAN_POINT('',(-0.112699037137237,0.000389924229662713,0.301818432436706));
#4458=CARTESIAN_POINT('',(-0.116069641056742,-0.00237651998808439,0.329080399657483));
#4459=CARTESIAN_POINT('',(-0.116861287256282,-0.000282534109392597,0.336608802034304));
#4460=CARTESIAN_POINT('',(-0.1095,0.000363682647295082,0.301701270497167));
#4461=CARTESIAN_POINT('',(-0.112714136069082,0.000363682647295082,0.301701270497167));
#4462=CARTESIAN_POINT('',(-0.116118785115374,-0.00231277795670585,0.3287338154676));
#4463=CARTESIAN_POINT('',(-0.116918695636883,-0.000185750994098452,0.336207684203357));
#4464=CARTESIAN_POINT('',(-0.1095,0.000347949357630677,0.301614397272551));
#4465=CARTESIAN_POINT('',(-0.112723900460889,0.000347949357630676,0.301614397272551));
#4466=CARTESIAN_POINT('',(-0.116151365569409,-0.00226486290363884,0.328481801033669));
#4467=CARTESIAN_POINT('',(-0.11695682012469,-0.000114980467075079,0.335916247763149));
#4468=CARTESIAN_POINT('',(-0.1095,0.000323692958884144,0.301445697906876));
#4469=CARTESIAN_POINT('',(-0.112740303970795,0.000323692958884144,0.301445697906876));
#4470=CARTESIAN_POINT('',(-0.116208712206328,-0.00217055628038853,0.328000568682905));
#4471=CARTESIAN_POINT('',(-0.117024132887733,2.08925895181297E-5,0.335360093227551));
#4472=CARTESIAN_POINT('',(-0.1095,0.000314568281930687,0.301364303308567));
#4473=CARTESIAN_POINT('',(-0.112747162757593,0.000314568281930687,0.301364303308567));
#4474=CARTESIAN_POINT('',(-0.116233598870963,-0.002125247474102,0.327774476651382));
#4475=CARTESIAN_POINT('',(-0.117053413459125,8.49212699132119E-5,0.335099207150247));
#4476=CARTESIAN_POINT('',(-0.1095,0.000302163585215954,0.301220026201906));
#4477=CARTESIAN_POINT('',(-0.112757582623937,0.000302163585215954,0.301220026201906));
#4478=CARTESIAN_POINT('',(-0.11627372969954,-0.00204491673068927,0.327381991612169));
#4479=CARTESIAN_POINT('',(-0.117100799466047,0.000196445839446114,0.334646841171004));
#4480=CARTESIAN_POINT('',(-0.1095,0.000297983081251734,0.301157784236321));
#4481=CARTESIAN_POINT('',(-0.11276157385701,0.000297983081251734,0.301157784236321));
#4482=CARTESIAN_POINT('',(-0.116289814205824,-0.00201030090097785,0.327215231075904));
#4483=CARTESIAN_POINT('',(-0.117119840947616,0.000243929273590858,0.334454812159111));
#4484=CARTESIAN_POINT('',(-0.1095,0.000288819511148108,0.300978329518346));
#4485=CARTESIAN_POINT('',(-0.112771817059601,0.000288819511148108,0.300978329518346));
#4486=CARTESIAN_POINT('',(-0.116333256714967,-0.00191036539728619,0.326740253204841));
#4487=CARTESIAN_POINT('',(-0.117171412276571,0.00037948399852434,0.333908228998774));
#4488=CARTESIAN_POINT('',(-0.1095,0.00028626756461159,0.300859440141663));
#4489=CARTESIAN_POINT('',(-0.112777097811983,0.00028626756461159,0.300859440141663));
#4490=CARTESIAN_POINT('',(-0.116358538513995,-0.00184398853180933,0.326432536726171));
#4491=CARTESIAN_POINT('',(-0.117201605186373,0.00046767920518425,0.333554566228951));
#4492=CARTESIAN_POINT('',(-0.1095,0.000287305396127525,0.300706264604008));
#4493=CARTESIAN_POINT('',(-0.112782437114202,0.000287305396127525,0.300706264604008));
#4494=CARTESIAN_POINT('',(-0.11638776809256,-0.00175697062410822,0.326039590775546));
#4495=CARTESIAN_POINT('',(-0.117236715935791,0.000580956119438413,0.333103003294066));
#4496=CARTESIAN_POINT('',(-0.1095,0.000287765841612895,0.300673789308377));
#4497=CARTESIAN_POINT('',(-0.112783483522821,0.000287765841612895,0.300673789308377));
#4498=CARTESIAN_POINT('',(-0.116393778305737,-0.00173843834559815,0.325956476079753));
#4499=CARTESIAN_POINT('',(-0.117243949090964,0.00060495276538074,0.333007493214794));
#4500=CARTESIAN_POINT('',(-0.1095,0.000291801547081246,0.300486139172783));
#4501=CARTESIAN_POINT('',(-0.112789048018241,0.000291801547081246,0.300486139172783));
#4502=CARTESIAN_POINT('',(-0.116427515656164,-0.00163076438674802,0.325476892411328));
#4503=CARTESIAN_POINT('',(-0.117284633277883,0.000743642134309299,0.332456359929631));
#4504=CARTESIAN_POINT('',(-0.1095,0.00030056440631545,0.300328112913801));
#4505=CARTESIAN_POINT('',(-0.112791848435061,0.00030056440631545,0.300328112913801));
#4506=CARTESIAN_POINT('',(-0.116451608319595,-0.0015391668651815,0.325080984801862));
#4507=CARTESIAN_POINT('',(-0.117313998057753,0.000858829260193712,0.332001818256849));
#4508=CARTESIAN_POINT('',(-0.1095,0.000318685647049301,0.30011771836217));
#4509=CARTESIAN_POINT('',(-0.11279333898409,0.000318685647049301,0.30011771836217));
#4510=CARTESIAN_POINT('',(-0.116479046174267,-0.00141554035458865,0.324561708593862));
#4511=CARTESIAN_POINT('',(-0.117347890606247,0.00101086956427987,0.331405965525735));
#4512=CARTESIAN_POINT('',(-0.1095,0.000323482433063887,0.300067493775881));
#4513=CARTESIAN_POINT('',(-0.112793538405551,0.000323482433063887,0.300067493775881));
#4514=CARTESIAN_POINT('',(-0.116485259277892,-0.00138591366988778,0.324438318504434));
#4515=CARTESIAN_POINT('',(-0.117355601958746,0.0010470651539318,0.331264405132057));
#4516=CARTESIAN_POINT('',(-0.1095,0.000343970857276015,0.299871639418322));
#4517=CARTESIAN_POINT('',(-0.112793735426333,0.000343970857276015,0.299871639418322));
#4518=CARTESIAN_POINT('',(-0.116508268337068,-0.0012698969830469,0.323959137142102));
#4519=CARTESIAN_POINT('',(-0.117384303127059,0.00118789541612784,0.330714739389076));
#4520=CARTESIAN_POINT('',(-0.1095,0.000363145929427214,0.299724432553659));
#4521=CARTESIAN_POINT('',(-0.112792645752498,0.000363145929427214,0.299724432553659));
#4522=CARTESIAN_POINT('',(-0.116522957985813,-0.00118168040975054,0.323603259835772));
#4523=CARTESIAN_POINT('',(-0.117402949169469,0.00129305361614414,0.330306689572047));
#4524=CARTESIAN_POINT('',(-0.1095,0.000396649878864178,0.29950744585971));
#4525=CARTESIAN_POINT('',(-0.112789463788563,0.000396649878864178,0.29950744585971));
#4526=CARTESIAN_POINT('',(-0.116541374688862,-0.00104962971707902,0.323082364435053));
#4527=CARTESIAN_POINT('',(-0.117426807707056,0.00144784177350936,0.32970943747737));
#4528=CARTESIAN_POINT('',(-0.1095,0.000407998656663366,0.299438809718045));
#4529=CARTESIAN_POINT('',(-0.112788234155172,0.000407998656663366,0.299438809718045));
#4530=CARTESIAN_POINT('',(-0.116546736993583,-0.00100757097435433,0.322918124433012));
#4531=CARTESIAN_POINT('',(-0.117433834893853,0.00149677237905622,0.329521123101375));
#4532=CARTESIAN_POINT('',(-0.1095,0.000443538996335475,0.299236893625577));
#4533=CARTESIAN_POINT('',(-0.11278398731674,0.000443538996335475,0.299236893625577));
#4534=CARTESIAN_POINT('',(-0.116561255384555,-0.000882889013298533,0.32243601056036));
#4535=CARTESIAN_POINT('',(-0.117453104325578,0.00164077890629411,0.328968295932615));
#4536=CARTESIAN_POINT('',(-0.1095,0.000469938247440432,0.299102902518194));
#4537=CARTESIAN_POINT('',(-0.112780371260464,0.000469938247440432,0.299102902518194));
#4538=CARTESIAN_POINT('',(-0.11656925264254,-0.000799152928456664,0.322118298224366));
#4539=CARTESIAN_POINT('',(-0.117464057271572,0.00173613579572636,0.328604017668775));
#4540=CARTESIAN_POINT('',(-0.1095,0.000524418293180769,0.298852033185061));
#4541=CARTESIAN_POINT('',(-0.112772224102529,0.000524418293180769,0.298852033185061));
#4542=CARTESIAN_POINT('',(-0.116581479188512,-0.000640582418975176,0.321527465164349));
#4543=CARTESIAN_POINT('',(-0.117481497200052,0.0019142957331073,0.327926651030921));
#4544=CARTESIAN_POINT('',(-0.1095,0.000551755456065724,0.298735364747708));
#4545=CARTESIAN_POINT('',(-0.112767886059246,0.000551755456065724,0.298735364747708));
#4546=CARTESIAN_POINT('',(-0.116586076691769,-0.000566132636022608,0.321254282804766));
#4547=CARTESIAN_POINT('',(-0.117488393118648,0.00199699999095747,0.327613484155025));
#4548=CARTESIAN_POINT('',(-0.1095,0.000644689976200876,0.298364976382939));
#4549=CARTESIAN_POINT('',(-0.112752519991407,0.000644689976200876,0.298364976382939));
#4550=CARTESIAN_POINT('',(-0.116597550765862,-0.000327628594347641,0.320391919960199));
#4551=CARTESIAN_POINT('',(-0.117506807451019,0.00225908525698958,0.326624986629758));
#4552=CARTESIAN_POINT('',(-0.1095,0.000717545437241289,0.298109289970278));
#4553=CARTESIAN_POINT('',(-0.112739573645787,0.000717545437241289,0.298109289970278));
#4554=CARTESIAN_POINT('',(-0.116600871960509,-0.000160000618895957,0.319804183990465));
#4555=CARTESIAN_POINT('',(-0.117514391678273,0.00243917768683995,0.325951448248132));
#4556=CARTESIAN_POINT('',(-0.1095,0.000813328109717331,0.297808918220511));
#4557=CARTESIAN_POINT('',(-0.112722134640839,0.000813328109717331,0.297808918220511));
#4558=CARTESIAN_POINT('',(-0.11660040130572,4.04631349484097E-5,0.319121517508664));
#4559=CARTESIAN_POINT('',(-0.11751842902317,0.00265002084418374,0.325169252870325));
#4560=CARTESIAN_POINT('',(-0.1095,0.000827417378582853,0.297765501333831));
#4561=CARTESIAN_POINT('',(-0.112719559773266,0.000827417378582853,0.297765501333831));
#4562=CARTESIAN_POINT('',(-0.116600227986194,6.95729845835469E-5,0.319022843152879));
#4563=CARTESIAN_POINT('',(-0.1175188953882,0.00268054022148015,0.325056176057206));
#4564=CARTESIAN_POINT('',(-0.1095,0.000956357366781433,0.297374988741455));
#4565=CARTESIAN_POINT('',(-0.112695930966998,0.000956357366781433,0.297374988741455));
#4566=CARTESIAN_POINT('',(-0.116597745182527,0.000332609688067572,0.318135298880388));
#4567=CARTESIAN_POINT('',(-0.117522060013548,0.00295544187680208,0.324038938548051));
#4568=CARTESIAN_POINT('',(-0.1095,0.00108730153681255,0.297025982988248));
#4569=CARTESIAN_POINT('',(-0.112671594651085,0.00108730153681255,0.297025982988248));
#4570=CARTESIAN_POINT('',(-0.116588999192354,0.000576160218780822,0.317341927656896));
#4571=CARTESIAN_POINT('',(-0.117517585464717,0.00320389244550533,0.323128607639097));
#4572=CARTESIAN_POINT('',(-0.1095,0.00126569967298663,0.296604747949334));
#4573=CARTESIAN_POINT('',(-0.112639003500974,0.00126569967298663,0.296604747949334));
#4574=CARTESIAN_POINT('',(-0.116571884019307,0.000881445354379693,0.316382497753164));
#4575=CARTESIAN_POINT('',(-0.117504841812928,0.0035078515234105,0.322026253274697));
#4576=CARTESIAN_POINT('',(-0.1095,0.00129742776387751,0.296531718732106));
#4577=CARTESIAN_POINT('',(-0.112633234998791,0.00129742776387751,0.296531718732106));
#4578=CARTESIAN_POINT('',(-0.116568676971937,0.000934805078021196,0.316216074727115));
#4579=CARTESIAN_POINT('',(-0.117502364135521,0.0035607070288569,0.321834982321648));
#4580=CARTESIAN_POINT('',(-0.1095,0.00147163697534638,0.296140522435229));
#4581=CARTESIAN_POINT('',(-0.112601733589266,0.00147163697534638,0.296140522435229));
#4582=CARTESIAN_POINT('',(-0.116550262186284,0.00122293167416109,0.315324228392019));
#4583=CARTESIAN_POINT('',(-0.117487707372526,0.00384465687317041,0.320809685289925));
#4584=CARTESIAN_POINT('',(-0.1095,0.00162797189118282,0.295823351998345));
#4585=CARTESIAN_POINT('',(-0.112574066589231,0.00162797189118282,0.295823351998345));
#4586=CARTESIAN_POINT('',(-0.116530947699328,0.00146472080996424,0.314599854972626));
#4587=CARTESIAN_POINT('',(-0.117470909257325,0.00407779509301686,0.319975873499628));
#4588=CARTESIAN_POINT('',(-0.1095,0.00185279416177037,0.29540642848534));
#4589=CARTESIAN_POINT('',(-0.112535547611143,0.00185279416177037,0.29540642848534));
#4590=CARTESIAN_POINT('',(-0.11650076796255,0.00179237120726002,0.313647894070904));
#4591=CARTESIAN_POINT('',(-0.117443411675761,0.00438731017488377,0.318878974444308));
#4592=CARTESIAN_POINT('',(-0.1095,0.00190903009990273,0.295305114931565));
#4593=CARTESIAN_POINT('',(-0.112526015934856,0.00190903009990273,0.295305114931565));
#4594=CARTESIAN_POINT('',(-0.116493049720097,0.0018728583475207,0.313416306416757));
#4595=CARTESIAN_POINT('',(-0.117436294693029,0.0044628582244741,0.318612011524157));
#4596=CARTESIAN_POINT('',(-0.1095,0.00203962712235487,0.295076505379983));
#4597=CARTESIAN_POINT('',(-0.112504160863682,0.00203962712235487,0.295076505379983));
#4598=CARTESIAN_POINT('',(-0.116474808518377,0.00205645081447388,0.312893074121871));
#4599=CARTESIAN_POINT('',(-0.11741929626656,0.00463410610438225,0.318008591087727));
#4600=CARTESIAN_POINT('',(-0.1095,0.00211488586989104,0.294949334698137));
#4601=CARTESIAN_POINT('',(-0.112491756793432,0.00211488586989104,0.294949334698137));
#4602=CARTESIAN_POINT('',(-0.116464079097009,0.00216005032466634,0.312601562322532));
#4603=CARTESIAN_POINT('',(-0.117409178214308,0.00472994443827668,0.317672202164305));
#4604=CARTESIAN_POINT('',(-0.1095,0.00233197690291658,0.294595146450948));
#4605=CARTESIAN_POINT('',(-0.112456600328348,0.00233197690291658,0.294595146450948));
#4606=CARTESIAN_POINT('',(-0.11643267366862,0.0024526195724077,0.311788177013988));
#4607=CARTESIAN_POINT('',(-0.117379257069838,0.00499848282684992,0.316733054630412));
#4608=CARTESIAN_POINT('',(-0.1095,0.00247921221533555,0.29436877224775));
#4609=CARTESIAN_POINT('',(-0.112433441076801,0.00247921221533555,0.29436877224775));
#4610=CARTESIAN_POINT('',(-0.116410856259143,0.00264413151624429,0.311266886828572));
#4611=CARTESIAN_POINT('',(-0.11735813553056,0.00517187127532775,0.316130568773515));
#4612=CARTESIAN_POINT('',(-0.1095,0.00267293369879412,0.294084229402507));
#4613=CARTESIAN_POINT('',(-0.112403773617277,0.00267293369879412,0.294084229402507));
#4614=CARTESIAN_POINT('',(-0.116381545112313,0.00288911602561382,0.310611069288647));
#4615=CARTESIAN_POINT('',(-0.117329375621569,0.00539126793435675,0.315372103623779));
#4616=CARTESIAN_POINT('',(-0.1095,0.00271314381947383,0.29402579381397));
#4617=CARTESIAN_POINT('',(-0.112397652144225,0.00271314381947383,0.29402579381397));
#4618=CARTESIAN_POINT('',(-0.116375426067337,0.00293964057903991,0.310476372506679));
#4619=CARTESIAN_POINT('',(-0.117323352568318,0.00543639449068289,0.315216299705439));
#4620=CARTESIAN_POINT('',(-0.1095,0.00287017726915129,0.293799736090951));
#4621=CARTESIAN_POINT('',(-0.112373875977205,0.00287017726915129,0.293799736090951));
#4622=CARTESIAN_POINT('',(-0.116351383154472,0.00313583614627608,0.309955280813601));
#4623=CARTESIAN_POINT('',(-0.117299613543688,0.00561120331066015,0.314613467666917));
#4624=CARTESIAN_POINT('',(-0.1095,0.00298976841721736,0.293632112652878));
#4625=CARTESIAN_POINT('',(-0.11235605134711,0.00298976841721736,0.293632112652878));
#4626=CARTESIAN_POINT('',(-0.116332767207712,0.00328267343608664,0.309568792047711));
#4627=CARTESIAN_POINT('',(-0.117281077784949,0.00574124682065714,0.314166217488739));
#4628=CARTESIAN_POINT('',(-0.1095,0.00327603207084606,0.293237844068858));
#4629=CARTESIAN_POINT('',(-0.112313837491937,0.00327603207084606,0.293237844068858));
#4630=CARTESIAN_POINT('',(-0.116287313149492,0.00363029575434255,0.308660073628619));
#4631=CARTESIAN_POINT('',(-0.117235472569639,0.00604772749439857,0.313114418811455));
#4632=CARTESIAN_POINT('',(-0.1095,0.00344497952289041,0.293011248851129));
#4633=CARTESIAN_POINT('',(-0.112289326029418,0.00344497952289041,0.293011248851129));
#4634=CARTESIAN_POINT('',(-0.11625987094112,0.00383213511620967,0.308137552362656));
#4635=CARTESIAN_POINT('',(-0.117207680621411,0.00622455086554379,0.312509399176767));
#4636=CARTESIAN_POINT('',(-0.1095,0.00363135608706422,0.292768113833138));
#4637=CARTESIAN_POINT('',(-0.112262809805429,0.00363135608706422,0.292768113833138));
#4638=CARTESIAN_POINT('',(-0.11622902490796,0.00405153119796,0.307574410637858));
#4639=CARTESIAN_POINT('',(-0.117176166801244,0.00641572768849338,0.311856908072951));
#4640=CARTESIAN_POINT('',(-0.1095,0.00364434349198123,0.292751203662257));
#4641=CARTESIAN_POINT('',(-0.112260964587577,0.00364434349198123,0.292751203662257));
#4642=CARTESIAN_POINT('',(-0.116226873897098,0.00406679626609258,0.307535262307148));
#4643=CARTESIAN_POINT('',(-0.117173968199505,0.0064290213344658,0.311811549008135));
#4644=CARTESIAN_POINT('',(-0.1095,0.00397348000889016,0.292323459658944));
#4645=CARTESIAN_POINT('',(-0.112214265623995,0.00397348000889016,0.292323459658944));
#4646=CARTESIAN_POINT('',(-0.116172321383967,0.00445307881135251,0.306545452576713));
#4647=CARTESIAN_POINT('',(-0.117118182663742,0.00676521870907305,0.31066472445036));
#4648=CARTESIAN_POINT('',(-0.1095,0.00430363732919005,0.291913167630556));
#4649=CARTESIAN_POINT('',(-0.112169264423328,0.00430363732919005,0.291913167630556));
#4650=CARTESIAN_POINT('',(-0.116116756467031,0.00482706328611488,0.30560651302789));
#4651=CARTESIAN_POINT('',(-0.117060681658038,0.00708612260262404,0.309577198680104));
#4652=CARTESIAN_POINT('',(-0.1095,0.00469307290619536,0.291442853303171));
#4653=CARTESIAN_POINT('',(-0.112117844757681,0.00469307290619536,0.291442853303171));
#4654=CARTESIAN_POINT('',(-0.116049547668409,0.00525958247077762,0.304530786833757));
#4655=CARTESIAN_POINT('',(-0.116990332223451,0.00745485961973646,0.308330993949972));
#4656=CARTESIAN_POINT('',(-0.1095,0.00474305390707203,0.291382740571907));
#4657=CARTESIAN_POINT('',(-0.112111276812126,0.00474305390707203,0.291382740571907));
#4658=CARTESIAN_POINT('',(-0.116040891864628,0.00531493436113012,0.304393304294193));
#4659=CARTESIAN_POINT('',(-0.11698125751432,0.0075020053320025,0.308171719246315));
#4660=CARTESIAN_POINT('',(-0.1095,0.00508540007077342,0.290972558376878));
#4661=CARTESIAN_POINT('',(-0.112066481622062,0.00508540007077342,0.290972558376878));
#4662=CARTESIAN_POINT('',(-0.115981381236397,0.00569312144766574,0.303455045002735));
#4663=CARTESIAN_POINT('',(-0.116918771081883,0.00782387219771995,0.307084693007993));
#4664=CARTESIAN_POINT('',(-0.1095,0.00538393158857384,0.290622395385392));
#4665=CARTESIAN_POINT('',(-0.112028360180641,0.00538393158857384,0.290622395385392));
#4666=CARTESIAN_POINT('',(-0.115928366899687,0.00601829288694315,0.302653587195153));
#4667=CARTESIAN_POINT('',(-0.116862632646436,0.00809938143120608,0.306155960200207));
#4668=CARTESIAN_POINT('',(-0.1095,0.00580520598260377,0.290135774771457));
#4669=CARTESIAN_POINT('',(-0.111975128114219,0.00580520598260377,0.290135774771457));
#4670=CARTESIAN_POINT('',(-0.115850852944624,0.0064759863461816,0.301525488214874));
#4671=CARTESIAN_POINT('',(-0.116779886022765,0.00848742436409251,0.304847287893285));
#4672=CARTESIAN_POINT('',(-0.1095,0.00592440739242017,0.289998900124477));
#4673=CARTESIAN_POINT('',(-0.111960072376494,0.00592440739242017,0.289998900124477));
#4674=CARTESIAN_POINT('',(-0.115828612613837,0.0066053673609084,0.301206601670839));
#4675=CARTESIAN_POINT('',(-0.116756086610237,0.0085971428331258,0.304477201697262));
#4676=CARTESIAN_POINT('',(-0.1095,0.00610347938333912,0.289794321821048));
#4677=CARTESIAN_POINT('',(-0.111937632579896,0.00610347938333912,0.289794321821048));
#4678=CARTESIAN_POINT('',(-0.11579472013232,0.00679985608212242,0.300726729587063));
#4679=CARTESIAN_POINT('',(-0.116719684548387,0.00876224876032572,0.303919981190199));
#4680=CARTESIAN_POINT('',(-0.1095,0.00616296991353663,0.289726542752332));
#4681=CARTESIAN_POINT('',(-0.111930207518671,0.00616296991353663,0.289726542752332));
#4682=CARTESIAN_POINT('',(-0.115783466766576,0.00686414018600545,0.300568516317987));
#4683=CARTESIAN_POINT('',(-0.116707591118826,0.00881671090478687,0.303736332433811));
#4684=CARTESIAN_POINT('',(-0.1095,0.0063869558564277,0.289472008396933));
#4685=CARTESIAN_POINT('',(-0.111902416056434,0.00638695585642769,0.289472008396933));
#4686=CARTESIAN_POINT('',(-0.115741087559682,0.00710515385844846,0.299976520775636));
#4687=CARTESIAN_POINT('',(-0.11666200303311,0.00902057453088376,0.303049349003427));
#4688=CARTESIAN_POINT('',(-0.1095,0.00655222724332411,0.289285526444404));
#4689=CARTESIAN_POINT('',(-0.111882248962812,0.00655222724332411,0.289285526444404));
#4690=CARTESIAN_POINT('',(-0.115709800013897,0.00728092841354224,0.299547157573603));
#4691=CARTESIAN_POINT('',(-0.116628253437604,0.00916859462467198,0.302551469910643));
#4692=CARTESIAN_POINT('',(-0.1095,0.00673369242016396,0.289082007163015));
#4693=CARTESIAN_POINT('',(-0.111860356744993,0.00673369242016396,0.289082007163015));
#4694=CARTESIAN_POINT('',(-0.115675116656324,0.00747295892898585,0.299078719690984));
#4695=CARTESIAN_POINT('',(-0.116590717812987,0.00933012705322914,0.30200829870956));
#4696=CARTESIAN_POINT('',(-0.1095,0.00674928278159442,0.289064531889317));
#4697=CARTESIAN_POINT('',(-0.111858477913188,0.00674928278159442,0.289064531889317));
#4698=CARTESIAN_POINT('',(-0.115672134211423,0.00748944926482107,0.299038498364414));
#4699=CARTESIAN_POINT('',(-0.116587489119825,0.00934399699013862,0.301961660733395));
#4700=CARTESIAN_POINT('',(-0.1095,0.00694646676514741,0.288843634098964));
#4701=CARTESIAN_POINT('',(-0.11183473934144,0.00694646676514741,0.288843634098964));
#4702=CARTESIAN_POINT('',(-0.115634375707746,0.0076979293053615,0.298530043722393));
#4703=CARTESIAN_POINT('',(-0.116546600342968,0.009519335716328,0.301372088075897));
#4704=CARTESIAN_POINT('',(-0.1095,0.00712876725061539,0.288640762601663));
#4705=CARTESIAN_POINT('',(-0.111812958943762,0.00712876725061539,0.288640762601663));
#4706=CARTESIAN_POINT('',(-0.115599045443793,0.0078899056052314,0.298062766058751));
#4707=CARTESIAN_POINT('',(-0.116508226648386,0.00968058212594473,0.300830202503503));
#4708=CARTESIAN_POINT('',(-0.1095,0.00734087239960381,0.28840655481547));
#4709=CARTESIAN_POINT('',(-0.111787539610307,0.00734087239960381,0.28840655481547));
#4710=CARTESIAN_POINT('',(-0.115556923683988,0.00811407987712072,0.297515764559346));
#4711=CARTESIAN_POINT('',(-0.116462331102422,0.00986933859136085,0.300195141910687));
#4712=CARTESIAN_POINT('',(-0.1095,0.00737009848219714,0.288374323354667));
#4713=CARTESIAN_POINT('',(-0.111784041530164,0.00737009848219714,0.288374323354667));
#4714=CARTESIAN_POINT('',(-0.115551098985967,0.00814498675990331,0.297440319970741));
#4715=CARTESIAN_POINT('',(-0.116455980056077,0.00989537260594135,0.30010753613237));
#4716=CARTESIAN_POINT('',(-0.1095,0.00755317932776844,0.288172673163764));
#4717=CARTESIAN_POINT('',(-0.111762159363523,0.00755317932776844,0.288172673163764));
#4718=CARTESIAN_POINT('',(-0.115514472278646,0.0083387453247173,0.296967111776215));
#4719=CARTESIAN_POINT('',(-0.116416013245388,0.0100586618921987,0.299557937242808));
#4720=CARTESIAN_POINT('',(-0.1095,0.00770744352606932,0.288003921567135));
#4721=CARTESIAN_POINT('',(-0.11174385988645,0.00770744352606932,0.288003921567135));
#4722=CARTESIAN_POINT('',(-0.115483504216681,0.00850085495163698,0.296572693363654));
#4723=CARTESIAN_POINT('',(-0.116382167530501,0.0101948964358462,0.299099960204275));
#4724=CARTESIAN_POINT('',(-0.1095,0.00804599126963427,0.287636171769236));
#4725=CARTESIAN_POINT('',(-0.111704141713536,0.00804599126963427,0.287636171769236));
#4726=CARTESIAN_POINT('',(-0.115414918183445,0.00885555938852334,0.295710897140157));
#4727=CARTESIAN_POINT('',(-0.116306993334781,0.0104927428146375,0.298099028166386));
#4728=CARTESIAN_POINT('',(-0.1095,0.00823040748387691,0.287437521096911));
#4729=CARTESIAN_POINT('',(-0.111682644664777,0.00823040748387691,0.287437521096911));
#4730=CARTESIAN_POINT('',(-0.115377118449606,0.00904814891491694,0.295243915882482));
#4731=CARTESIAN_POINT('',(-0.116265458495366,0.0106542776820132,0.297556472299522));
#4732=CARTESIAN_POINT('',(-0.1095,0.00853477623025086,0.287112490374749));
#4733=CARTESIAN_POINT('',(-0.111647291559859,0.00853477623025086,0.287112490374749));
#4734=CARTESIAN_POINT('',(-0.115313443177612,0.00936686156066654,0.29447013529791));
#4735=CARTESIAN_POINT('',(-0.116195263279864,0.0109220395643955,0.29665651408579));
#4736=CARTESIAN_POINT('',(-0.1095,0.00865456996433591,0.286985284789882));
#4737=CARTESIAN_POINT('',(-0.111633341063914,0.00865456996433591,0.286985284789882));
#4738=CARTESIAN_POINT('',(-0.115288036810176,0.00949251812890989,0.294164813054469));
#4739=CARTESIAN_POINT('',(-0.116167214255227,0.0110277200311274,0.296301162865799));
#4740=CARTESIAN_POINT('',(-0.1095,0.00883954010419027,0.286790002613224));
#4741=CARTESIAN_POINT('',(-0.111611869889339,0.00883954010419027,0.286790002613224));
#4742=CARTESIAN_POINT('',(-0.115248168315553,0.00968735693565605,0.293690364773083));
#4743=CARTESIAN_POINT('',(-0.116123087312116,0.0111919451907594,0.295748439420031));
#4744=CARTESIAN_POINT('',(-0.1095,0.00890467253606678,0.286721460569518));
#4745=CARTESIAN_POINT('',(-0.11160432298058,0.00890467253606678,0.286721460569518));
#4746=CARTESIAN_POINT('',(-0.115234057687017,0.00975594052494577,0.293523416967817));
#4747=CARTESIAN_POINT('',(-0.116107455603552,0.0112497487522592,0.295553904402137));
#4748=CARTESIAN_POINT('',(-0.1095,0.00915489757511592,0.286458998911547));
#4749=CARTESIAN_POINT('',(-0.111575431672016,0.00915489757511592,0.286458998911547));
#4750=CARTESIAN_POINT('',(-0.115179589413062,0.0100193176063604,0.29288256258788));
#4751=CARTESIAN_POINT('',(-0.116047052055692,0.0114717035560106,0.294806986158872));
#4752=CARTESIAN_POINT('',(-0.1095,0.00934009723805772,0.286266554205897));
#4753=CARTESIAN_POINT('',(-0.111554299673355,0.00934009723805772,0.286266554205897));
#4754=CARTESIAN_POINT('',(-0.115138742315223,0.0102139607124838,0.292409328524509));
#4755=CARTESIAN_POINT('',(-0.116001612231844,0.0116357143987486,0.294255094381733));
#4756=CARTESIAN_POINT('',(-0.1095,0.00971039714956405,0.285885535804055));
#4757=CARTESIAN_POINT('',(-0.111512858038754,0.00971039714956405,0.285885535804055));
#4758=CARTESIAN_POINT('',(-0.115056146709761,0.010602186676644,0.291466129271647));
#4759=CARTESIAN_POINT('',(-0.115909388008783,0.0119627837496937,0.293154519582802));
#4760=CARTESIAN_POINT('',(-0.1095,0.00989549739812858,0.285696962107862));
#4761=CARTESIAN_POINT('',(-0.111492551398181,0.00989549739812858,0.285696962107863));
#4762=CARTESIAN_POINT('',(-0.115014398949952,0.0107957808698204,0.290996167022211));
#4763=CARTESIAN_POINT('',(-0.115862603749593,0.0121258465027418,0.292605837662017));
#4764=CARTESIAN_POINT('',(-0.1095,0.0104501333110334,0.285137803537559));
#4765=CARTESIAN_POINT('',(-0.111433792671559,0.0104501333110334,0.285137803537559));
#4766=CARTESIAN_POINT('',(-0.114888232679312,0.0113734148167429,0.289593658783841));
#4767=CARTESIAN_POINT('',(-0.115720524316907,0.0126124777051807,0.290967688405438));
#4768=CARTESIAN_POINT('',(-0.1095,0.0108190041425848,0.284773781181721));
#4769=CARTESIAN_POINT('',(-0.111397367127569,0.0108190041425848,0.284773781181721));
#4770=CARTESIAN_POINT('',(-0.114802857560232,0.0117547100473944,0.28866859612084));
#4771=CARTESIAN_POINT('',(-0.115623496193754,0.0129336404308609,0.289886156827453));
#4772=CARTESIAN_POINT('',(-0.1095,0.0111856133004903,0.284420524861145));
#4773=CARTESIAN_POINT('',(-0.111367730240601,0.0111856133004903,0.284420524861145));
#4774=CARTESIAN_POINT('',(-0.114717753955317,0.0121252346201202,0.287759345061075));
#4775=CARTESIAN_POINT('',(-0.115525006754446,0.0132474790924512,0.288823141471132));
#4776=CARTESIAN_POINT('',(-0.115703557975959,0.0137366357702363,0.289123198502041));
#4777=CARTESIAN_POINT('',(-0.115703557975959,0.0124123924904201,0.288779722608813));
#4778=CARTESIAN_POINT('',(-0.111634130239797,0.0111856133004903,0.284420524861145));
#4779=CARTESIAN_POINT('',(-0.1095,0.0111856133004903,0.284420524861145));
#4780=CARTESIAN_POINT('',(-0.11534,-0.000235646182959871,0.342992191479624));
#4781=CARTESIAN_POINT('',(-0.11534,-0.00411606285486136,0.341985707548167));
#4782=CARTESIAN_POINT('',(-0.112602148801527,0.001,0.30293));
#4783=CARTESIAN_POINT('',(-0.1095,0.001,0.30293));
#4784=CARTESIAN_POINT('',(-0.1095,0.0111856133004903,0.284420524861145));
#4785=CARTESIAN_POINT('',(-0.111634130239797,0.0111856133004903,0.284420524861145));
#4786=CARTESIAN_POINT('',(-0.115703557975959,0.0124123924904201,0.288779722608813));
#4787=CARTESIAN_POINT('',(-0.115703557975959,0.0137366357702363,0.289123198502041));
#4788=CARTESIAN_POINT('',(-0.1095,0.011218546110109,0.284388791548157));
#4789=CARTESIAN_POINT('',(-0.111632840955324,0.011218546110109,0.284388791548157));
#4790=CARTESIAN_POINT('',(-0.115699520822228,0.0124314159282539,0.288737875879123));
#4791=CARTESIAN_POINT('',(-0.115699520822228,0.0137480047336288,0.289079366391351));
#4792=CARTESIAN_POINT('',(-0.1095,0.0112580721397281,0.284362841807425));
#4793=CARTESIAN_POINT('',(-0.111628669160684,0.0112580721397281,0.284362841807425));
#4794=CARTESIAN_POINT('',(-0.115687299541559,0.0124526122092393,0.288698622934711));
#4795=CARTESIAN_POINT('',(-0.115687299541559,0.0137588803056652,0.289037436510776));
#4796=CARTESIAN_POINT('',(-0.1095,0.0113449394691892,0.284327553860346));
#4797=CARTESIAN_POINT('',(-0.111615471271997,0.0113449394691892,0.284327553860346));
#4798=CARTESIAN_POINT('',(-0.115647016025106,0.012497312330639,0.288625856864111));
#4799=CARTESIAN_POINT('',(-0.115647016025106,0.0137793819837976,0.288958393963608));
#4800=CARTESIAN_POINT('',(-0.1095,0.0113922376679189,0.284318250543458));
#4801=CARTESIAN_POINT('',(-0.11160644500942,0.0113922376679189,0.284318250543458));
#4802=CARTESIAN_POINT('',(-0.115619976096775,0.012520184907707,0.288594778030351));
#4803=CARTESIAN_POINT('',(-0.115619976096775,0.0137883767030641,0.288923715557415));
#4804=CARTESIAN_POINT('',(-0.1095,0.0114397335507992,0.284318362034059));
#4805=CARTESIAN_POINT('',(-0.111595446960001,0.0114397335507992,0.284318362034059));
#4806=CARTESIAN_POINT('',(-0.11558636757295,0.0125426895588014,0.288568782108384));
#4807=CARTESIAN_POINT('',(-0.11558636757295,0.0137961129527341,0.288893889078066));
#4808=CARTESIAN_POINT('',(-0.1095,0.011439734006923,0.284318362035131));
#4809=CARTESIAN_POINT('',(-0.111595446854381,0.011439734006923,0.284318362035131));
#4810=CARTESIAN_POINT('',(-0.115586367250192,0.0125426897749234,0.288568781858734));
#4811=CARTESIAN_POINT('',(-0.115586367250192,0.0137961130270285,0.288893888791629));
#4812=CARTESIAN_POINT('',(-0.1095,0.0114872292959943,0.284318473705301));
#4813=CARTESIAN_POINT('',(-0.111584448905193,0.0114872292959943,0.284318473705301));
#4814=CARTESIAN_POINT('',(-0.115552759061606,0.0125651941255532,0.288542786402485));
#4815=CARTESIAN_POINT('',(-0.115552759061606,0.0138038491445771,0.288864062821663));
#4816=CARTESIAN_POINT('',(-0.1095,0.0115348590159024,0.284328007075336));
#4817=CARTESIAN_POINT('',(-0.111571865040754,0.0115348590159024,0.284328007075336));
#4818=CARTESIAN_POINT('',(-0.115514633226691,0.0125865687519607,0.28852399158297));
#4819=CARTESIAN_POINT('',(-0.115514633226691,0.0138097641114465,0.28884125814954));
#4820=CARTESIAN_POINT('',(-0.1095,0.0115788062902626,0.284346248880813));
#4821=CARTESIAN_POINT('',(-0.111557938062624,0.0115788062902626,0.284346248880813));
#4822=CARTESIAN_POINT('',(-0.115472149532188,0.0126056948093881,0.288511849958071));
#4823=CARTESIAN_POINT('',(-0.115472149532188,0.0138139204438975,0.288825233748918));
#4824=CARTESIAN_POINT('',(-0.1095,0.0115788064241006,0.284346248936367));
#4825=CARTESIAN_POINT('',(-0.11155793802021,0.0115788064241006,0.284346248936367));
#4826=CARTESIAN_POINT('',(-0.115472149402807,0.012605694867635,0.288511849921094));
#4827=CARTESIAN_POINT('',(-0.115472149402807,0.0138139204565553,0.288825233700118));
#4828=CARTESIAN_POINT('',(-0.1095,0.0116227535421927,0.284364490739331));
#4829=CARTESIAN_POINT('',(-0.111544011081552,0.0116227535421927,0.284364490739331));
#4830=CARTESIAN_POINT('',(-0.115429665811142,0.0126248208531193,0.288499708373696));
#4831=CARTESIAN_POINT('',(-0.115429665811142,0.0138180767656368,0.288809209389595));
#4832=CARTESIAN_POINT('',(-0.1095,0.0116629613101496,0.284391413334365));
#4833=CARTESIAN_POINT('',(-0.111529601114468,0.0116629613101496,0.284391413334365));
#4834=CARTESIAN_POINT('',(-0.115385596987167,0.0126413486002162,0.288495567765076));
#4835=CARTESIAN_POINT('',(-0.115385596987167,0.0138201248626848,0.288801313118545));
#4836=CARTESIAN_POINT('',(-0.1095,0.0116963744625093,0.284424672606415));
#4837=CARTESIAN_POINT('',(-0.111514713625017,0.0116963744625093,0.284424672606415));
#4838=CARTESIAN_POINT('',(-0.115340001430153,0.0126541695889082,0.288498841134303));
#4839=CARTESIAN_POINT('',(-0.115340001430153,0.0138201375188594,0.288801264323696));
#4840=CARTESIAN_POINT('',(-0.1095,0.0116963749865269,0.284424673128022));
#4841=CARTESIAN_POINT('',(-0.111514713391537,0.0116963749865269,0.284424673128022));
#4842=CARTESIAN_POINT('',(-0.115340000715077,0.0126541697899792,0.288498841185642));
#4843=CARTESIAN_POINT('',(-0.115340000715077,0.0138201375190574,0.288801264322933));
#4844=CARTESIAN_POINT('',(-0.1095,0.0117297875034821,0.284457932178497));
#4845=CARTESIAN_POINT('',(-0.111499826107504,0.0117297875034821,0.284457932178497));
#4846=CARTESIAN_POINT('',(-0.115294405686417,0.0126669904989967,0.288502114745695));
#4847=CARTESIAN_POINT('',(-0.115294405686417,0.0138201501112272,0.28880121577485));
#4848=CARTESIAN_POINT('',(-0.1095,0.0117563720067233,0.284497474203374));
#4849=CARTESIAN_POINT('',(-0.111485489781278,0.0117563720067233,0.284497474203374));
#4850=CARTESIAN_POINT('',(-0.115250373661768,0.0126759865308398,0.288513075325803));
#4851=CARTESIAN_POINT('',(-0.115250373661768,0.0138180534733032,0.288809299191287));
#4852=CARTESIAN_POINT('',(-0.1095,0.0117745178105681,0.284539939341134));
#4853=CARTESIAN_POINT('',(-0.111471662827708,0.0117745178105681,0.284539939341134));
#4854=CARTESIAN_POINT('',(-0.115207853129399,0.0126805280893866,0.288531258791435));
#4855=CARTESIAN_POINT('',(-0.115207853129399,0.0138139207027601,0.288825232750895));
#4856=CARTESIAN_POINT('',(-0.1095,0.0117745183232696,0.284539940540985));
#4857=CARTESIAN_POINT('',(-0.111471662437029,0.0117745183232696,0.284539940540985));
#4858=CARTESIAN_POINT('',(-0.115207851927986,0.0126805282177044,0.288531259305213));
#4859=CARTESIAN_POINT('',(-0.115207851927986,0.0138139205859874,0.288825233201103));
#4860=CARTESIAN_POINT('',(-0.1095,0.0117926634220665,0.284582405309999));
#4861=CARTESIAN_POINT('',(-0.111457835742318,0.0117926634220665,0.284582405309999));
#4862=CARTESIAN_POINT('',(-0.115165332015666,0.0126850694667986,0.288549442950237));
#4863=CARTESIAN_POINT('',(-0.115165332015666,0.0138097877523412,0.288841167004));
#4864=CARTESIAN_POINT('',(-0.1095,0.0118023694108497,0.284627731628096));
#4865=CARTESIAN_POINT('',(-0.111445513993033,0.0118023694108497,0.284627731628096));
#4866=CARTESIAN_POINT('',(-0.115127311117521,0.0126853570700474,0.288574028525953));
#4867=CARTESIAN_POINT('',(-0.115127311117521,0.0138038309581983,0.288864132937762));
#4868=CARTESIAN_POINT('',(-0.1095,0.0118037116785039,0.284672399703559));
#4869=CARTESIAN_POINT('',(-0.111434621946131,0.0118037116785039,0.284672399703559));
#4870=CARTESIAN_POINT('',(-0.115093634852705,0.0126812283866588,0.288604713361442));
#4871=CARTESIAN_POINT('',(-0.115093634852705,0.0137961135082955,0.288893886936143));
#4872=CARTESIAN_POINT('',(-0.1095,0.0118037117332634,0.284672401526315));
#4873=CARTESIAN_POINT('',(-0.111434621501667,0.0118037117332634,0.284672401526315));
#4874=CARTESIAN_POINT('',(-0.115093633478495,0.0126812282181736,0.288604714613598));
#4875=CARTESIAN_POINT('',(-0.115093633478495,0.013796113193369,0.288893888150317));
#4876=CARTESIAN_POINT('',(-0.1095,0.0118050533014266,0.284717068987234));
#4877=CARTESIAN_POINT('',(-0.111423729776304,0.0118050533014266,0.284717068987234));
#4878=CARTESIAN_POINT('',(-0.115059957991092,0.0126770992267236,0.288635399561795));
#4879=CARTESIAN_POINT('',(-0.115059957991092,0.0137883956966567,0.288923642329169));
#4880=CARTESIAN_POINT('',(-0.1095,0.0117980606769091,0.284761027966197));
#4881=CARTESIAN_POINT('',(-0.111415102912337,0.0117980606769091,0.284761027966197));
#4882=CARTESIAN_POINT('',(-0.115032959277253,0.0126689553952644,0.288670663119118));
#4883=CARTESIAN_POINT('',(-0.115032959277253,0.013779312406261,0.288958662214122));
#4884=CARTESIAN_POINT('',(-0.1095,0.0117842609159342,0.284801405387234));
#4885=CARTESIAN_POINT('',(-0.111408632035664,0.0117842609159342,0.284801405387234));
#4886=CARTESIAN_POINT('',(-0.115012844013754,0.0126573662211499,0.28870954722603));
#4887=CARTESIAN_POINT('',(-0.115012844013754,0.0137691320532871,0.288997911734329));
#4888=CARTESIAN_POINT('',(-0.1095,0.0117842601795297,0.28480140754185));
#4889=CARTESIAN_POINT('',(-0.111408631690372,0.0117842601795297,0.28480140754185));
#4890=CARTESIAN_POINT('',(-0.11501284294038,0.0126573656027165,0.288709549300981));
#4891=CARTESIAN_POINT('',(-0.11501284294038,0.0137691315100383,0.28899791382878));
#4892=CARTESIAN_POINT('',(-0.1095,0.0117773600224373,0.284821595807632));
#4893=CARTESIAN_POINT('',(-0.111405396443614,0.0117773600224373,0.284821595807632));
#4894=CARTESIAN_POINT('',(-0.115002785802317,0.0126515709004321,0.288728991302364));
#4895=CARTESIAN_POINT('',(-0.115002785802317,0.0137640413389432,0.289017538568097));
#4896=CARTESIAN_POINT('',(-0.1095,0.0117687792164853,0.284840900820277));
#4897=CARTESIAN_POINT('',(-0.111402868600187,0.0117687792164853,0.284840900820277));
#4898=CARTESIAN_POINT('',(-0.114994792882956,0.0126450040137143,0.288748915545772));
#4899=CARTESIAN_POINT('',(-0.114994792882956,0.0137587852962159,0.289037802811955));
#4900=CARTESIAN_POINT('',(-0.1095,0.0117587996207538,0.284859071221652));
#4901=CARTESIAN_POINT('',(-0.111400979351631,0.0117587996207538,0.284859071221652));
#4902=CARTESIAN_POINT('',(-0.114988631654075,0.0126377135489273,0.288769561379012));
#4903=CARTESIAN_POINT('',(-0.114988631654075,0.0137533082781166,0.289058919008331));
#4904=CARTESIAN_POINT('',(-0.1095,0.0117587991749108,0.284859072033415));
#4905=CARTESIAN_POINT('',(-0.111400979267231,0.0117587991749108,0.284859072033415));
#4906=CARTESIAN_POINT('',(-0.114988631378825,0.0126377132232231,0.28876956230137));
#4907=CARTESIAN_POINT('',(-0.114988631378825,0.0137533080334294,0.289058919951702));
#4908=CARTESIAN_POINT('',(-0.1095,0.0117538090049122,0.284868157747171));
#4909=CARTESIAN_POINT('',(-0.111400034636764,0.0117538090049122,0.284868157747171));
#4910=CARTESIAN_POINT('',(-0.114985550655066,0.0126340677323007,0.288779885890802));
#4911=CARTESIAN_POINT('',(-0.114985550655066,0.013750569344573,0.28906947874312));
#4912=CARTESIAN_POINT('',(-0.1095,0.0117484704166093,0.284876960006962));
#4913=CARTESIAN_POINT('',(-0.111399383452913,0.0117484704166093,0.284876960006962));
#4914=CARTESIAN_POINT('',(-0.114983433096414,0.0126307368461986,0.288788479923942));
#4915=CARTESIAN_POINT('',(-0.114983433096414,0.0137482708131464,0.289078340543482));
#4916=CARTESIAN_POINT('',(-0.1095,0.0117428215496227,0.284885455778892));
#4917=CARTESIAN_POINT('',(-0.111398805239612,0.0117428215496227,0.284885455778892));
#4918=CARTESIAN_POINT('',(-0.114981497578576,0.0126270508785363,0.288797979204463));
#4919=CARTESIAN_POINT('',(-0.114981497578576,0.0137457299009761,0.289088136823024));
#4920=CARTESIAN_POINT('',(-0.1095,0.0117428212972623,0.284885456158434));
#4921=CARTESIAN_POINT('',(-0.111398805213781,0.0117428212972623,0.284885456158434));
#4922=CARTESIAN_POINT('',(-0.114981497492108,0.0126270507138672,0.28879797962884));
#4923=CARTESIAN_POINT('',(-0.114981497492108,0.0137457297874619,0.289088137260669));
#4924=CARTESIAN_POINT('',(-0.1095,0.0117371721502119,0.284893952282485));
#4925=CARTESIAN_POINT('',(-0.111398226979183,0.0117371721502119,0.284893952282485));
#4926=CARTESIAN_POINT('',(-0.114979561904075,0.0126233645498196,0.288807479414597));
#4927=CARTESIAN_POINT('',(-0.114979561904075,0.0137431887401273,0.289097934061327));
#4928=CARTESIAN_POINT('',(-0.1095,0.0117312132483405,0.284902141129322));
#4929=CARTESIAN_POINT('',(-0.111397699516081,0.0117312132483405,0.284902141129322));
#4930=CARTESIAN_POINT('',(-0.114977781269238,0.0126193252819857,0.288817877204541));
#4931=CARTESIAN_POINT('',(-0.114977781269238,0.0137404071969987,0.289108658073894));
#4932=CARTESIAN_POINT('',(-0.1095,0.0115314801464531,0.285154279066435));
#4933=CARTESIAN_POINT('',(-0.111384985969442,0.0115314801464531,0.285154279066435));
#4934=CARTESIAN_POINT('',(-0.11493483592454,0.0124548601384873,0.289272852662813));
#4935=CARTESIAN_POINT('',(-0.11493483592454,0.01361946950567,0.289574923474687));
#4936=CARTESIAN_POINT('',(-0.1095,0.0113410314478958,0.285401420479072));
#4937=CARTESIAN_POINT('',(-0.111371843659671,0.0113410314478958,0.285401420479072));
#4938=CARTESIAN_POINT('',(-0.114886678935895,0.0122754060360987,0.289791483601747));
#4939=CARTESIAN_POINT('',(-0.114886678935895,0.013482117079763,0.290104474545259));
#4940=CARTESIAN_POINT('',(-0.1095,0.0109967370017168,0.285859573201719));
#4941=CARTESIAN_POINT('',(-0.111347963558523,0.0109967370017168,0.285859573201719));
#4942=CARTESIAN_POINT('',(-0.114791648297021,0.0119213629396616,0.290838075236569));
#4943=CARTESIAN_POINT('',(-0.114791648297021,0.0132054515297605,0.291171135998281));
#4944=CARTESIAN_POINT('',(-0.1095,0.0108419558883007,0.286069973419794));
#4945=CARTESIAN_POINT('',(-0.11133718070871,0.0108419558883007,0.286069973419794));
#4946=CARTESIAN_POINT('',(-0.114745832154008,0.011750675830494,0.291350982421657));
#4947=CARTESIAN_POINT('',(-0.114745832154008,0.0130700427480259,0.29169319350734));
#4948=CARTESIAN_POINT('',(-0.1095,0.0106600137331849,0.286322305979367));
#4949=CARTESIAN_POINT('',(-0.111325130261672,0.0106600137331849,0.286322305979367));
#4950=CARTESIAN_POINT('',(-0.114690185262196,0.0115411271365366,0.291985557817785));
#4951=CARTESIAN_POINT('',(-0.114690185262196,0.0129026158494155,0.29233869425344));
#4952=CARTESIAN_POINT('',(-0.1095,0.0106306662777637,0.286363166250613));
#4953=CARTESIAN_POINT('',(-0.11132320685285,0.0106306662777637,0.286363166250613));
#4954=CARTESIAN_POINT('',(-0.114681152619905,0.0115070463934444,0.292088919168458));
#4955=CARTESIAN_POINT('',(-0.114681152619905,0.0128753481268539,0.292443822732818));
#4956=CARTESIAN_POINT('',(-0.1095,0.0104205097180699,0.28665689423082));
#4957=CARTESIAN_POINT('',(-0.111309591619854,0.0104205097180699,0.28665689423082));
#4958=CARTESIAN_POINT('',(-0.11461614584021,0.0112612089556631,0.292835471438365));
#4959=CARTESIAN_POINT('',(-0.11461614584021,0.0126784205325066,0.29320306100417));
#4960=CARTESIAN_POINT('',(-0.1095,0.0102428599590167,0.286911209465193));
#4961=CARTESIAN_POINT('',(-0.111298927096736,0.0102428599590167,0.286911209465193));
#4962=CARTESIAN_POINT('',(-0.114559467593857,0.0110438662693009,0.293500619254087));
#4963=CARTESIAN_POINT('',(-0.114559467593857,0.0125030724618827,0.293879101182626));
#4964=CARTESIAN_POINT('',(-0.1095,0.00995053133902819,0.287339183574868));
#4965=CARTESIAN_POINT('',(-0.11128347532407,0.00995053133902819,0.287339183574868));
#4966=CARTESIAN_POINT('',(-0.114467478086007,0.0106835846166071,0.294603779596529));
#4967=CARTESIAN_POINT('',(-0.114467478086007,0.0122122660241854,0.295000281674304));
#4968=CARTESIAN_POINT('',(-0.1095,0.00983407986827615,0.287512317338208));
#4969=CARTESIAN_POINT('',(-0.111277902875363,0.00983407986827615,0.287512317338208));
#4970=CARTESIAN_POINT('',(-0.114431185808358,0.0105393246885015,0.295045650334925));
#4971=CARTESIAN_POINT('',(-0.114431185808358,0.0120957867465115,0.295449358025044));
#4972=CARTESIAN_POINT('',(-0.1095,0.00966414327303112,0.287768698957445));
#4973=CARTESIAN_POINT('',(-0.111270824341373,0.00966414327303112,0.287768698957445));
#4974=CARTESIAN_POINT('',(-0.114379785701719,0.0103316479658611,0.2956797318612));
#4975=CARTESIAN_POINT('',(-0.114379785701719,0.0119285978702458,0.296093941095416));
#4976=CARTESIAN_POINT('',(-0.1095,0.00960950529531917,0.287851715236674));
#4977=CARTESIAN_POINT('',(-0.111268697732028,0.00960950529531917,0.287851715236674));
#4978=CARTESIAN_POINT('',(-0.114363504214269,0.0102653176368222,0.295881917830125));
#4979=CARTESIAN_POINT('',(-0.114363504214269,0.0118752803936695,0.296299502275821));
#4980=CARTESIAN_POINT('',(-0.1095,0.009455253004644,0.288087705876891));
#4981=CARTESIAN_POINT('',(-0.111263041281991,0.009455253004644,0.288087705876891));
#4982=CARTESIAN_POINT('',(-0.114318455369469,0.010080088225773,0.296444876043639));
#4983=CARTESIAN_POINT('',(-0.114318455369469,0.011726791261836,0.296871990007373));
#4984=CARTESIAN_POINT('',(-0.1095,0.00935645088242582,0.288240800873422));
#4985=CARTESIAN_POINT('',(-0.111259835187573,0.00935645088242582,0.288240800873422));
#4986=CARTESIAN_POINT('',(-0.114289833593081,0.00996109489708324,0.296806799710142));
#4987=CARTESIAN_POINT('',(-0.114289833593081,0.0116313338408093,0.297240018305125));
#4988=CARTESIAN_POINT('',(-0.1095,0.00910807556349792,0.288630394043891));
#4989=CARTESIAN_POINT('',(-0.111252405201513,0.00910807556349792,0.288630394043891));
#4990=CARTESIAN_POINT('',(-0.114218223866569,0.00966009405200134,0.297723431308054));
#4991=CARTESIAN_POINT('',(-0.114218223866569,0.0113895954088351,0.298172021104529));
#4992=CARTESIAN_POINT('',(-0.1095,0.00896007762453448,0.288867022288675));
#4993=CARTESIAN_POINT('',(-0.11124876184337,0.00896007762453448,0.288867022288675));
#4994=CARTESIAN_POINT('',(-0.11417587780723,0.00947896923779228,0.298276064885216));
#4995=CARTESIAN_POINT('',(-0.11417587780723,0.0112438741599394,0.298733837489264));
#4996=CARTESIAN_POINT('',(-0.1095,0.00869263039542277,0.289302360609958));
#4997=CARTESIAN_POINT('',(-0.111243227983481,0.00869263039542277,0.289302360609958));
#4998=CARTESIAN_POINT('',(-0.114099274238073,0.00914577039927821,0.299295755693775));
#4999=CARTESIAN_POINT('',(-0.114099274238073,0.0109750601119117,0.299770228117079));
#5000=CARTESIAN_POINT('',(-0.1095,0.00857239668469432,0.289501090735279));
#5001=CARTESIAN_POINT('',(-0.111241149548736,0.00857239668469432,0.289501090735279));
#5002=CARTESIAN_POINT('',(-0.114064805056009,0.00899370085836286,0.299762390105915));
#5003=CARTESIAN_POINT('',(-0.114064805056009,0.0108520703512738,0.300244405103652));
#5004=CARTESIAN_POINT('',(-0.1095,0.00829064297872635,0.289973568564041));
#5005=CARTESIAN_POINT('',(-0.111237417707714,0.00829064297872635,0.289973568564041));
#5006=CARTESIAN_POINT('',(-0.113983428318657,0.00863001269026096,0.300882661811727));
#5007=CARTESIAN_POINT('',(-0.113983428318657,0.0105568906859739,0.301382446217511));
#5008=CARTESIAN_POINT('',(-0.1095,0.00813080376913904,0.290247135705657));
#5009=CARTESIAN_POINT('',(-0.111236226218001,0.00813080376913904,0.290247135705657));
#5010=CARTESIAN_POINT('',(-0.113938029124258,0.00842218868871717,0.301522772669704));
#5011=CARTESIAN_POINT('',(-0.113938029124258,0.0103882272443337,0.302032714354364));
#5012=CARTESIAN_POINT('',(-0.1095,0.00796288126000848,0.290540176153507));
#5013=CARTESIAN_POINT('',(-0.111236166474869,0.00796288126000848,0.290540176153507));
#5014=CARTESIAN_POINT('',(-0.113890357788629,0.00819911136475687,0.302211993164456));
#5015=CARTESIAN_POINT('',(-0.113890357788629,0.0102066674157802,0.302732703458658));
#5016=CARTESIAN_POINT('',(-0.1095,0.00795132177366635,0.290560377973409));
#5017=CARTESIAN_POINT('',(-0.111236166559641,0.00795132177366635,0.290560377973409));
#5018=CARTESIAN_POINT('',(-0.113887076302872,0.0081837301484477,0.302259525207394));
#5019=CARTESIAN_POINT('',(-0.113887076302872,0.0101941463627159,0.30278097735707));
#5020=CARTESIAN_POINT('',(-0.1095,0.00777241475075849,0.290873497607041));
#5021=CARTESIAN_POINT('',(-0.111236234453944,0.00777241475075849,0.290873497607041));
#5022=CARTESIAN_POINT('',(-0.11383628564148,0.00794526810371439,0.302996606922878));
#5023=CARTESIAN_POINT('',(-0.11383628564148,0.00999998526157915,0.303529549639586));
#5024=CARTESIAN_POINT('',(-0.1095,0.00760910807514979,0.291165553564753));
#5025=CARTESIAN_POINT('',(-0.111237201278651,0.00760910807514979,0.291165553564753));
#5026=CARTESIAN_POINT('',(-0.11378987519485,0.00772204204986547,0.303688910360874));
#5027=CARTESIAN_POINT('',(-0.11378987519485,0.00981766682387597,0.304232463499556));
#5028=CARTESIAN_POINT('',(-0.1095,0.00736403613967405,0.291612408678548));
#5029=CARTESIAN_POINT('',(-0.111240499430376,0.00736403613967405,0.291612408678548));
#5030=CARTESIAN_POINT('',(-0.113719167465641,0.00737348479481664,0.304777077868784));
#5031=CARTESIAN_POINT('',(-0.113719167465641,0.00953124307323628,0.305336746898897));
#5032=CARTESIAN_POINT('',(-0.1095,0.00727952946322887,0.291768109069684));
#5033=CARTESIAN_POINT('',(-0.111241991055755,0.00727952946322887,0.291768109069684));
#5034=CARTESIAN_POINT('',(-0.113695035986118,0.00725254755380069,0.305154611252499));
#5035=CARTESIAN_POINT('',(-0.113695035986118,0.00943186955789892,0.305719873378723));
#5036=CARTESIAN_POINT('',(-0.1095,0.00698304093477162,0.292319854219541));
#5037=CARTESIAN_POINT('',(-0.111248650066532,0.00698304093477162,0.292319854219541));
#5038=CARTESIAN_POINT('',(-0.113611179939906,0.00682500882919869,0.306489528031408));
#5039=CARTESIAN_POINT('',(-0.113611179939906,0.00908050084731152,0.307074546771843));
#5040=CARTESIAN_POINT('',(-0.1095,0.00677694267947888,0.292713564656092));
#5041=CARTESIAN_POINT('',(-0.111256174972641,0.00677694267947888,0.292713564656092));
#5042=CARTESIAN_POINT('',(-0.113554391076561,0.00652180259285292,0.30743671067749));
#5043=CARTESIAN_POINT('',(-0.113554391076561,0.00883119871351947,0.308035710806432));
#5044=CARTESIAN_POINT('',(-0.1095,0.00654321152896579,0.29317053469009));
#5045=CARTESIAN_POINT('',(-0.11126788569766,0.00654321152896579,0.29317053469009));
#5046=CARTESIAN_POINT('',(-0.113491297267352,0.00616766577058967,0.308545405259534));
#5047=CARTESIAN_POINT('',(-0.113491297267352,0.00853943465237537,0.309160583337171));
#5048=CARTESIAN_POINT('',(-0.1095,0.00650915454174199,0.293237394293439));
#5049=CARTESIAN_POINT('',(-0.111269674699375,0.00650915454174199,0.293237394293439));
#5050=CARTESIAN_POINT('',(-0.113482137543538,0.00611579602094035,0.308707854652099));
#5051=CARTESIAN_POINT('',(-0.113482137543538,0.00849668569910919,0.309325398438312));
#5052=CARTESIAN_POINT('',(-0.1095,0.00624421243911413,0.293759603153892));
#5053=CARTESIAN_POINT('',(-0.111284230303835,0.00624421243911413,0.293759603153892));
#5054=CARTESIAN_POINT('',(-0.113411152943738,0.00571010961011228,0.309978932727013));
#5055=CARTESIAN_POINT('',(-0.113411152943738,0.00816220888130111,0.310614946517146));
#5056=CARTESIAN_POINT('',(-0.1095,0.00602211822345655,0.294209824455785));
#5057=CARTESIAN_POINT('',(-0.111300360690457,0.00602211822345655,0.294209824455785));
#5058=CARTESIAN_POINT('',(-0.113353278396957,0.00535716586341517,0.311088312308476));
#5059=CARTESIAN_POINT('',(-0.113353278396957,0.00787035355308198,0.311740170920645));
#5060=CARTESIAN_POINT('',(-0.1095,0.00579926825196827,0.294671775864546));
#5061=CARTESIAN_POINT('',(-0.111319765728199,0.00579926825196827,0.294671775864546));
#5062=CARTESIAN_POINT('',(-0.113297273661757,0.00498708086786711,0.312258628886198));
#5063=CARTESIAN_POINT('',(-0.113297273661757,0.00756260848228038,0.31292665693012));
#5064=CARTESIAN_POINT('',(-0.1095,0.00579047197611233,0.294690027108413));
#5065=CARTESIAN_POINT('',(-0.111320537962914,0.00579047197611233,0.294690027108413));
#5066=CARTESIAN_POINT('',(-0.113295066547008,0.00497244605592008,0.31230491982934));
#5067=CARTESIAN_POINT('',(-0.113295066547008,0.00755043609763639,0.312973586565887));
#5068=CARTESIAN_POINT('',(-0.1095,0.00557709337179849,0.295133176285397));
#5069=CARTESIAN_POINT('',(-0.111339422378878,0.00557709337179849,0.295133176285397));
#5070=CARTESIAN_POINT('',(-0.113241612107906,0.00461677917818097,0.313430201588409));
#5071=CARTESIAN_POINT('',(-0.113241612107906,0.00725454448185598,0.31411437254673));
#5072=CARTESIAN_POINT('',(-0.1095,0.00537999588797508,0.295551928838428));
#5073=CARTESIAN_POINT('',(-0.111360270391036,0.00537999588797508,0.295551928838428));
#5074=CARTESIAN_POINT('',(-0.113195087653272,0.00427826331255824,0.314504101760435));
#5075=CARTESIAN_POINT('',(-0.113195087653272,0.00697222101546505,0.31520284763472));
#5076=CARTESIAN_POINT('',(-0.1095,0.00516121715918921,0.296024282662923));
#5077=CARTESIAN_POINT('',(-0.11138670359735,0.00516121715918921,0.296024282662923));
#5078=CARTESIAN_POINT('',(-0.113147786023651,0.00389161999114725,0.315735342603546));
#5079=CARTESIAN_POINT('',(-0.113147786023651,0.00664862604044583,0.316450441656605));
#5080=CARTESIAN_POINT('',(-0.1095,0.0051330849957702,0.296085170977957));
#5081=CARTESIAN_POINT('',(-0.111390165196845,0.0051330849957702,0.296085170977957));
#5082=CARTESIAN_POINT('',(-0.11314178979745,0.00384168740655027,0.315894443081213));
#5083=CARTESIAN_POINT('',(-0.11314178979745,0.00660681306790278,0.316611648160442));
#5084=CARTESIAN_POINT('',(-0.1095,0.00493642771101752,0.296511791467541));
#5085=CARTESIAN_POINT('',(-0.111414787381127,0.00493642771101752,0.296511791467541));
#5086=CARTESIAN_POINT('',(-0.11310050017641,0.00349113672889996,0.317012087800324));
#5087=CARTESIAN_POINT('',(-0.11310050017641,0.00631309994667266,0.317744035133304));
#5088=CARTESIAN_POINT('',(-0.1095,0.00477289009546644,0.29687166890441));
#5089=CARTESIAN_POINT('',(-0.111437460032479,0.00477289009546644,0.29687166890441));
#5090=CARTESIAN_POINT('',(-0.113069424952622,0.00319190880592822,0.317969639496725));
#5091=CARTESIAN_POINT('',(-0.113069424952622,0.00606152864089723,0.318713947775317));
#5092=CARTESIAN_POINT('',(-0.1095,0.00456845407235401,0.297324231708239));
#5093=CARTESIAN_POINT('',(-0.111467934750068,0.00456845407235401,0.297324231708239));
#5094=CARTESIAN_POINT('',(-0.11303611271228,0.00280954585267703,0.319198459675305));
#5095=CARTESIAN_POINT('',(-0.11303611271228,0.00573879176139639,0.319958233479949));
#5096=CARTESIAN_POINT('',(-0.1095,0.00452359542409336,0.29742370903826));
#5097=CARTESIAN_POINT('',(-0.111474759166236,0.00452359542409336,0.29742370903826));
#5098=CARTESIAN_POINT('',(-0.113029159968676,0.00272511960679721,0.319470147915147));
#5099=CARTESIAN_POINT('',(-0.113029159968676,0.0056674427843068,0.320233313639272));
#5100=CARTESIAN_POINT('',(-0.1095,0.00434071589345175,0.297829674676142));
#5101=CARTESIAN_POINT('',(-0.111503091863672,0.00434071589345175,0.297829674676142));
#5102=CARTESIAN_POINT('',(-0.113002378237938,0.00237890273500177,0.320585846866073));
#5103=CARTESIAN_POINT('',(-0.113002378237938,0.00537447571508242,0.321362824269502));
#5104=CARTESIAN_POINT('',(-0.1095,0.00420576724798676,0.298130851942343));
#5105=CARTESIAN_POINT('',(-0.111525244412035,0.00420576724798676,0.298130851942343));
#5106=CARTESIAN_POINT('',(-0.112986192279257,0.00211690911602785,0.321434599217058));
#5107=CARTESIAN_POINT('',(-0.112986192279257,0.00515169248765575,0.322221746824456));
#5108=CARTESIAN_POINT('',(-0.1095,0.00405398170355064,0.298467859139899));
#5109=CARTESIAN_POINT('',(-0.111551068099902,0.00405398170355064,0.298467859139899));
#5110=CARTESIAN_POINT('',(-0.112973342583796,0.00181784980574178,0.322408282214188));
#5111=CARTESIAN_POINT('',(-0.112973342583796,0.00489621149205214,0.323206732956584));
#5112=CARTESIAN_POINT('',(-0.1095,0.00403469880176064,0.298510639587056));
#5113=CARTESIAN_POINT('',(-0.111554367909008,0.00403469880176064,0.298510639587056));
#5114=CARTESIAN_POINT('',(-0.112971811636513,0.00177976950090346,0.322532338806722));
#5115=CARTESIAN_POINT('',(-0.112971811636513,0.00486366218527091,0.323332224152961));
#5116=CARTESIAN_POINT('',(-0.1095,0.00386449506856932,0.298887867498274));
#5117=CARTESIAN_POINT('',(-0.111583658790832,0.00386449506856932,0.298887867498274));
#5118=CARTESIAN_POINT('',(-0.112959225785125,0.00144292695577026,0.32363026424425));
#5119=CARTESIAN_POINT('',(-0.112959225785125,0.00457560544285584,0.324442803418845));
#5120=CARTESIAN_POINT('',(-0.1095,0.00371575107814345,0.299212144727907));
#5121=CARTESIAN_POINT('',(-0.111610253658253,0.00371575107814345,0.299212144727907));
#5122=CARTESIAN_POINT('',(-0.112954765331196,0.00114527059734652,0.32460445142569));
#5123=CARTESIAN_POINT('',(-0.112954765331196,0.00432009035238057,0.325427921000968));
#5124=CARTESIAN_POINT('',(-0.1095,0.00356121857398644,0.29953220133482));
#5125=CARTESIAN_POINT('',(-0.111638105546903,0.00356121857398643,0.29953220133482));
#5126=CARTESIAN_POINT('',(-0.112958581115879,0.000841642643699939,0.32559755987722));
#5127=CARTESIAN_POINT('',(-0.112958581115879,0.00405960049140902,0.326432218404815));
#5128=CARTESIAN_POINT('',(-0.1095,0.00355728885525242,0.299540328912597));
#5129=CARTESIAN_POINT('',(-0.111638813905382,0.00355728885525242,0.299540328912597));
#5130=CARTESIAN_POINT('',(-0.112958683674203,0.000833924163824153,0.325622806029215));
#5131=CARTESIAN_POINT('',(-0.112958683674203,0.00405297849844743,0.326457748958345));
#5132=CARTESIAN_POINT('',(-0.1095,0.00344482884254583,0.299772599040615));
#5133=CARTESIAN_POINT('',(-0.111659088298604,0.00344482884254583,0.299772599040615));
#5134=CARTESIAN_POINT('',(-0.112961777805714,0.000613113389145695,0.326345061943319));
#5135=CARTESIAN_POINT('',(-0.112961777805714,0.00386353309030077,0.327188140271323));
#5136=CARTESIAN_POINT('',(-0.1095,0.00333512663772085,0.29999055838844));
#5137=CARTESIAN_POINT('',(-0.111678820275992,0.00333512663772085,0.29999055838844));
#5138=CARTESIAN_POINT('',(-0.112969034010646,0.000399652046438633,0.327043353034985));
#5139=CARTESIAN_POINT('',(-0.112969034010646,0.00368037501642723,0.327894291280036));
#5140=CARTESIAN_POINT('',(-0.1095,0.00315813512854141,0.300330536948323));
#5141=CARTESIAN_POINT('',(-0.111710903891073,0.00315813512854141,0.300330536948323));
#5142=CARTESIAN_POINT('',(-0.112988867176209,5.77920928029104E-5,0.328164899383935));
#5143=CARTESIAN_POINT('',(-0.112988867176209,0.00338626151755304,0.329028221876236));
#5144=CARTESIAN_POINT('',(-0.1095,0.00309153670522603,0.300456327436931));
#5145=CARTESIAN_POINT('',(-0.111723066676281,0.00309153670522603,0.300456327436931));
#5146=CARTESIAN_POINT('',(-0.112998175344045,-7.06432686716722E-5,0.328586990550813));
#5147=CARTESIAN_POINT('',(-0.112998175344045,0.00327558667970432,0.329454919682854));
#5148=CARTESIAN_POINT('',(-0.1095,0.00297716802249817,0.300669463373406));
#5149=CARTESIAN_POINT('',(-0.111744238478681,0.00297716802249817,0.300669463373406));
#5150=CARTESIAN_POINT('',(-0.113017820365474,-0.000291430557440716,0.329314507621493));
#5151=CARTESIAN_POINT('',(-0.113017820365474,0.00308486415649641,0.330190234808742));
#5152=CARTESIAN_POINT('',(-0.1095,0.00292931949249343,0.300757759432316));
#5153=CARTESIAN_POINT('',(-0.111753183395534,0.00292931949249343,0.300757759432316));
#5154=CARTESIAN_POINT('',(-0.113027148818836,-0.000383854030434602,0.329619691650408));
#5155=CARTESIAN_POINT('',(-0.113027148818836,0.00300487074304563,0.330498642887098));
#5156=CARTESIAN_POINT('',(-0.1095,0.00278125621671053,0.301028787982118));
#5157=CARTESIAN_POINT('',(-0.111781286828062,0.00278125621671053,0.301028787982118));
#5158=CARTESIAN_POINT('',(-0.113059814725905,-0.00067051167132961,0.330568286725007));
#5159=CARTESIAN_POINT('',(-0.113059814725905,0.00275626849054667,0.331457108586468));
#5160=CARTESIAN_POINT('',(-0.1095,0.00268152471518296,0.301207751033559));
#5161=CARTESIAN_POINT('',(-0.111800797980318,0.00268152471518296,0.301207751033559));
#5162=CARTESIAN_POINT('',(-0.113087053815005,-0.000863139665784433,0.33120803057399));
#5163=CARTESIAN_POINT('',(-0.113087053815005,0.00258865211884099,0.332103339830627));
#5164=CARTESIAN_POINT('',(-0.1095,0.00255548452288326,0.301428753555828));
#5165=CARTESIAN_POINT('',(-0.111826656228173,0.00255548452288326,0.301428753555828));
#5166=CARTESIAN_POINT('',(-0.113129941238285,-0.00110783131899691,0.332024603819311));
#5167=CARTESIAN_POINT('',(-0.113129941238285,0.00237477986246257,0.33292790686381));
#5168=CARTESIAN_POINT('',(-0.1095,0.002528254907751,0.301476178406386));
#5169=CARTESIAN_POINT('',(-0.111832314415483,0.002528254907751,0.301476178406386));
#5170=CARTESIAN_POINT('',(-0.113139716763939,-0.00116076276595804,0.332201480260021));
#5171=CARTESIAN_POINT('',(-0.113139716763939,0.00232845784394385,0.333106497626482));
#5172=CARTESIAN_POINT('',(-0.1095,0.00243006873988742,0.301645978044462));
#5173=CARTESIAN_POINT('',(-0.111853006238585,0.00243006873988742,0.301645978044462));
#5174=CARTESIAN_POINT('',(-0.113176967852629,-0.00135194456032158,0.332841219116975));
#5175=CARTESIAN_POINT('',(-0.113176967852629,0.00216093384637222,0.333752372729704));
#5176=CARTESIAN_POINT('',(-0.1095,0.00235958454484961,0.301765577767294));
#5177=CARTESIAN_POINT('',(-0.111868402350498,0.00235958454484961,0.301765577767294));
#5178=CARTESIAN_POINT('',(-0.113207510115786,-0.00148976796700421,0.333304167227783));
#5179=CARTESIAN_POINT('',(-0.113207510115786,0.00203973795347569,0.334219633605574));
#5180=CARTESIAN_POINT('',(-0.1095,0.00227513857988628,0.301905786182316));
#5181=CARTESIAN_POINT('',(-0.111887855227679,0.00227513857988628,0.301905786182316));
#5182=CARTESIAN_POINT('',(-0.113249664285906,-0.0016560935677197,0.33386490365738));
#5183=CARTESIAN_POINT('',(-0.113249664285906,0.00189298036994072,0.33478544549395));
#5184=CARTESIAN_POINT('',(-0.1095,0.00226049937257492,0.301929983219345));
#5185=CARTESIAN_POINT('',(-0.111891265240133,0.00226049937257492,0.301929983219345));
#5186=CARTESIAN_POINT('',(-0.113257158639699,-0.00168491353390944,0.333962109642294));
#5187=CARTESIAN_POINT('',(-0.113257158639699,0.00186754017060805,0.334883528106638));
#5188=CARTESIAN_POINT('',(-0.1095,0.00219131844787276,0.302043796198377));
#5189=CARTESIAN_POINT('',(-0.111907572241998,0.00219131844787276,0.302043796198377));
#5190=CARTESIAN_POINT('',(-0.113293538655719,-0.00182114886544492,0.334421863244161));
#5191=CARTESIAN_POINT('',(-0.113293538655719,0.00174722072902686,0.335347409895978));
#5192=CARTESIAN_POINT('',(-0.1095,0.00213723945955602,0.302131181056122));
#5193=CARTESIAN_POINT('',(-0.111920857897446,0.00213723945955602,0.302131181056122));
#5194=CARTESIAN_POINT('',(-0.113324825430385,-0.00192773822814544,0.334782397045444));
#5195=CARTESIAN_POINT('',(-0.113324825430385,0.00165288296236401,0.33571112145769));
#5196=CARTESIAN_POINT('',(-0.1095,0.00205487066015146,0.302261499533289));
#5197=CARTESIAN_POINT('',(-0.111942350108705,0.00205487066015146,0.302261499533289));
#5198=CARTESIAN_POINT('',(-0.113378227290816,-0.00209200013832134,0.335339917540573));
#5199=CARTESIAN_POINT('',(-0.113378227290816,0.00150703701741891,0.336273418597869));
#5200=CARTESIAN_POINT('',(-0.1095,0.00202614487239444,0.302306358818591));
#5201=CARTESIAN_POINT('',(-0.111950081302895,0.00202614487239444,0.302306358818591));
#5202=CARTESIAN_POINT('',(-0.113397937875644,-0.00214961924828085,0.335535845124192));
#5203=CARTESIAN_POINT('',(-0.113397937875644,0.00145578959840975,0.336470998840236));
#5204=CARTESIAN_POINT('',(-0.1095,0.00195897420980622,0.3024093706242));
#5205=CARTESIAN_POINT('',(-0.111968783169766,0.00195897420980622,0.3024093706242));
#5206=CARTESIAN_POINT('',(-0.113446961751803,-0.00228511321800891,0.335997485429609));
#5207=CARTESIAN_POINT('',(-0.113446961751803,0.00133505837125152,0.336936468235267));
#5208=CARTESIAN_POINT('',(-0.1095,0.00192062247395975,0.302466722531449));
#5209=CARTESIAN_POINT('',(-0.111979991826309,0.00192062247395975,0.302466722531449));
#5210=CARTESIAN_POINT('',(-0.113477231126103,-0.00236311982064208,0.336263763956218));
#5211=CARTESIAN_POINT('',(-0.113477231126103,0.00126542875368848,0.33720491954423));
#5212=CARTESIAN_POINT('',(-0.1095,0.00183968818132288,0.3025835608503));
#5213=CARTESIAN_POINT('',(-0.112004950915406,0.00183968818132288,0.3025835608503));
#5214=CARTESIAN_POINT('',(-0.113546749093773,-0.0025291349128801,0.336831321883843));
#5215=CARTESIAN_POINT('',(-0.113546749093773,0.00111703294465829,0.337777047477329));
#5216=CARTESIAN_POINT('',(-0.1095,0.00179711029888691,0.302642505823598));
#5217=CARTESIAN_POINT('',(-0.112018845350369,0.00179711029888691,0.302642505823598));
#5218=CARTESIAN_POINT('',(-0.113586109210353,-0.00261613221494239,0.337128754952653));
#5219=CARTESIAN_POINT('',(-0.113586109210353,0.00103926525021716,0.338076874477654));
#5220=CARTESIAN_POINT('',(-0.1095,0.00173891647095397,0.302720257849469));
#5221=CARTESIAN_POINT('',(-0.112039324994064,0.00173891647095397,0.302720257849469));
#5222=CARTESIAN_POINT('',(-0.113645360759487,-0.00273595274826876,0.337538089012123));
#5223=CARTESIAN_POINT('',(-0.113645360759487,0.00093223374949116,0.33848952569528));
#5224=CARTESIAN_POINT('',(-0.1095,0.00172280512630064,0.302741477966149));
#5225=CARTESIAN_POINT('',(-0.112045162349659,0.00172280512630064,0.302741477966149));
#5226=CARTESIAN_POINT('',(-0.113662358765188,-0.00276917905691217,0.337651734180014));
#5227=CARTESIAN_POINT('',(-0.113662358765188,0.000902520655663363,0.33860408210404));
#5228=CARTESIAN_POINT('',(-0.1095,0.00168348881893689,0.30279257087819));
#5229=CARTESIAN_POINT('',(-0.112059892547023,0.00168348881893689,0.30279257087819));
#5230=CARTESIAN_POINT('',(-0.113705475603619,-0.00285056476778855,0.337930292901811));
#5231=CARTESIAN_POINT('',(-0.113705475603619,0.000829693635427113,0.338884860738112));
#5232=CARTESIAN_POINT('',(-0.1095,0.00166048147736114,0.302822082643815));
#5233=CARTESIAN_POINT('',(-0.112068961263124,0.00166048147736114,0.302822082643815));
#5234=CARTESIAN_POINT('',(-0.113732214118738,-0.00289859045227662,0.338094832825057));
#5235=CARTESIAN_POINT('',(-0.113732214118738,0.000786678939688683,0.339050700387672));
#5236=CARTESIAN_POINT('',(-0.1095,0.00163233390705925,0.302856944730681));
#5237=CARTESIAN_POINT('',(-0.112080621160643,0.00163233390705925,0.302856944730681));
#5238=CARTESIAN_POINT('',(-0.113766793749404,-0.0029574688618142,0.338296503810344));
#5239=CARTESIAN_POINT('',(-0.113766793749404,0.000733956347601848,0.33925396803947));
#5240=CARTESIAN_POINT('',(-0.1095,0.00162703507039112,0.302863452710649));
#5241=CARTESIAN_POINT('',(-0.112082838806118,0.00162703507039112,0.302863452710649));
#5242=CARTESIAN_POINT('',(-0.113773385866973,-0.00296855971446088,0.338334484740572));
#5243=CARTESIAN_POINT('',(-0.113773385866973,0.000724026901239273,0.33929225020971));
#5244=CARTESIAN_POINT('',(-0.1095,0.00159368241227561,0.30290402149386));
#5245=CARTESIAN_POINT('',(-0.11209694570036,0.00159368241227561,0.30290402149386));
#5246=CARTESIAN_POINT('',(-0.113815397419159,-0.0030383980592147,0.338573548544579));
#5247=CARTESIAN_POINT('',(-0.113815397419159,0.000661526041270021,0.339533217175453));
#5248=CARTESIAN_POINT('',(-0.1095,0.00156572636150327,0.302935967366741));
#5249=CARTESIAN_POINT('',(-0.112109390678534,0.00156572636150327,0.302935967366741));
#5250=CARTESIAN_POINT('',(-0.11385280306885,-0.00309685811888342,0.33877321905096));
#5251=CARTESIAN_POINT('',(-0.11385280306885,0.000609315987280724,0.339734508778438));
#5252=CARTESIAN_POINT('',(-0.1095,0.00153208557934743,0.302969271430132));
#5253=CARTESIAN_POINT('',(-0.112125030306747,0.00153208557934743,0.302969271430132));
#5254=CARTESIAN_POINT('',(-0.113899742375425,-0.00316563026768511,0.339006105127694));
#5255=CARTESIAN_POINT('',(-0.113899742375425,0.000548383680360085,0.339969428315891));
#5256=CARTESIAN_POINT('',(-0.1095,0.0015269450205913,0.302974222487701));
#5257=CARTESIAN_POINT('',(-0.112127437100779,0.0015269450205913,0.302974222487701));
#5258=CARTESIAN_POINT('',(-0.113906993335088,-0.00317613098625471,0.339041626914739));
#5259=CARTESIAN_POINT('',(-0.113906993335088,0.000539089067619264,0.340005262936903));
#5260=CARTESIAN_POINT('',(-0.1095,0.00150211004297658,0.302997420431282));
#5261=CARTESIAN_POINT('',(-0.112139146699784,0.00150211004297658,0.302997420431282));
#5262=CARTESIAN_POINT('',(-0.113942409341354,-0.003226799222982,0.339212812969686));
#5263=CARTESIAN_POINT('',(-0.113942409341354,0.000494292619272714,0.340177971988258));
#5264=CARTESIAN_POINT('',(-0.1095,0.00148211006202169,0.303013934125126));
#5265=CARTESIAN_POINT('',(-0.112148934166357,0.00148211006202169,0.303013934125126));
#5266=CARTESIAN_POINT('',(-0.113972088090188,-0.00326742836933731,0.339349387617479));
#5267=CARTESIAN_POINT('',(-0.113972088090188,0.000458540439445141,0.340315811600322));
#5268=CARTESIAN_POINT('',(-0.1095,0.00146105132482684,0.303028438217952));
#5269=CARTESIAN_POINT('',(-0.112159616598568,0.00146105132482684,0.303028438217952));
#5270=CARTESIAN_POINT('',(-0.114004618959108,-0.00330971376396315,0.339490553990391));
#5271=CARTESIAN_POINT('',(-0.114004618959108,0.000421567951786981,0.340458356009653));
#5272=CARTESIAN_POINT('',(-0.1095,0.00146046445889722,0.303028840171046));
#5273=CARTESIAN_POINT('',(-0.112159914580585,0.00146046445889722,0.303028840171046));
#5274=CARTESIAN_POINT('',(-0.114005526529398,-0.00331089178995428,0.339494485965561));
#5275=CARTESIAN_POINT('',(-0.114005526529398,0.000420538124702407,0.340462326423946));
#5276=CARTESIAN_POINT('',(-0.1095,0.00143996502264717,0.303042801593622));
#5277=CARTESIAN_POINT('',(-0.112170333202792,0.00143996502264717,0.303042801593622));
#5278=CARTESIAN_POINT('',(-0.114037263192535,-0.00335202696032707,0.339631758475836));
#5279=CARTESIAN_POINT('',(-0.114037263192535,0.000384584449332351,0.340600942885632));
#5280=CARTESIAN_POINT('',(-0.1095,0.00141964417502742,0.303054039536168));
#5281=CARTESIAN_POINT('',(-0.112181011084617,0.00141964417502742,0.303054039536168));
#5282=CARTESIAN_POINT('',(-0.114069934742314,-0.00339243681931635,0.339765720441899));
#5283=CARTESIAN_POINT('',(-0.114069934742314,0.000349481040666297,0.340736281213419));
#5284=CARTESIAN_POINT('',(-0.1095,0.0013921055683922,0.303065057032277));
#5285=CARTESIAN_POINT('',(-0.112196206046007,0.0013921055683922,0.303065057032277));
#5286=CARTESIAN_POINT('',(-0.114116269069204,-0.00344657760964882,0.339943626669118));
#5287=CARTESIAN_POINT('',(-0.114116269069204,0.000302832526984879,0.34091613075155));
#5288=CARTESIAN_POINT('',(-0.1095,0.00138524221626629,0.303067466072434));
#5289=CARTESIAN_POINT('',(-0.1122000347929,0.00138524221626629,0.303067466072434));
#5290=CARTESIAN_POINT('',(-0.114127981393864,-0.00346003014556327,0.339987672416245));
#5291=CARTESIAN_POINT('',(-0.114127981393864,0.000291280306887573,0.340960669393512));
#5292=CARTESIAN_POINT('',(-0.1095,0.00136364469264484,0.303073930747094));
#5293=CARTESIAN_POINT('',(-0.112212213359141,0.00136364469264484,0.303073930747094));
#5294=CARTESIAN_POINT('',(-0.114165389525868,-0.00350221086351736,0.340125292814815));
#5295=CARTESIAN_POINT('',(-0.114165389525868,0.000255176179882076,0.341099865909202));
#5296=CARTESIAN_POINT('',(-0.1095,0.00134874435049317,0.30307668797925));
#5297=CARTESIAN_POINT('',(-0.112220794009037,0.00134874435049317,0.30307668797925));
#5298=CARTESIAN_POINT('',(-0.114191337362377,-0.00353049758198662,0.340216545470433));
#5299=CARTESIAN_POINT('',(-0.114191337362377,0.000231216404866612,0.341192240866734));
#5300=CARTESIAN_POINT('',(-0.1095,0.00132333101473823,0.303078555344968));
#5301=CARTESIAN_POINT('',(-0.112235762778228,0.00132333101473823,0.303078555344968));
#5302=CARTESIAN_POINT('',(-0.114237051575233,-0.00357813684031676,0.34036898344213));
#5303=CARTESIAN_POINT('',(-0.114237051575233,0.000191167150905851,0.34134664749749));
#5304=CARTESIAN_POINT('',(-0.1095,0.00131290778305887,0.303078538149645));
#5305=CARTESIAN_POINT('',(-0.11224205105662,0.00131290778305887,0.303078538149645));
#5306=CARTESIAN_POINT('',(-0.114256204087505,-0.00359750881898904,0.340430622207722));
#5307=CARTESIAN_POINT('',(-0.114256204087505,0.000174966246819521,0.341409108761254));
#5308=CARTESIAN_POINT('',(-0.1095,0.00129043840940295,0.303076829975189));
#5309=CARTESIAN_POINT('',(-0.112256069446311,0.00129043840940295,0.303076829975189));
#5310=CARTESIAN_POINT('',(-0.114298853895978,-0.0036392199828534,0.340562821856636));
#5311=CARTESIAN_POINT('',(-0.114298853895978,0.000140209098753462,0.341543112109552));
#5312=CARTESIAN_POINT('',(-0.1095,0.00127838406191054,0.303074974262063));
#5313=CARTESIAN_POINT('',(-0.112263877544292,0.00127838406191054,0.303074974262063));
#5314=CARTESIAN_POINT('',(-0.114322579490947,-0.00366159774542869,0.340633436914594));
#5315=CARTESIAN_POINT('',(-0.114322579490947,0.000121637257234796,0.341614714329125));
#5316=CARTESIAN_POINT('',(-0.1095,0.00125237827541765,0.303069251483092));
#5317=CARTESIAN_POINT('',(-0.112281592785225,0.00125237827541765,0.303069251483092));
#5318=CARTESIAN_POINT('',(-0.114376561428337,-0.00371008115439706,0.340785873695968));
#5319=CARTESIAN_POINT('',(-0.114376561428337,8.15350816806438E-5,0.341769324994766));
#5320=CARTESIAN_POINT('',(-0.1095,0.00123841648054397,0.303065121977709));
#5321=CARTESIAN_POINT('',(-0.112291776511544,0.00123841648054397,0.303065121977709));
#5322=CARTESIAN_POINT('',(-0.114407262480192,-0.00373620516893161,0.340867778587061));
#5323=CARTESIAN_POINT('',(-0.114407262480192,5.99833779416645E-5,0.341852415829983));
#5324=CARTESIAN_POINT('',(-0.1095,0.00121571783803631,0.3030570108213));
#5325=CARTESIAN_POINT('',(-0.112309480289609,0.00121571783803631,0.3030570108213));
#5326=CARTESIAN_POINT('',(-0.114461137792445,-0.0037790537050396,0.341001916300144));
#5327=CARTESIAN_POINT('',(-0.114461137792445,2.4683536717752E-5,0.341988511487469));
#5328=CARTESIAN_POINT('',(-0.1095,0.00120696838216845,0.303053545912395));
#5329=CARTESIAN_POINT('',(-0.112316585202426,0.00120696838216845,0.303053545912395));
#5330=CARTESIAN_POINT('',(-0.11448258746601,-0.00379547497017702,0.341053135726789));
#5331=CARTESIAN_POINT('',(-0.11448258746601,1.1200795908722E-5,0.34204049309451));
#5332=CARTESIAN_POINT('',(-0.1095,0.00118694479378387,0.303044944001194));
#5333=CARTESIAN_POINT('',(-0.112333507463305,0.00118694479378387,0.303044944001194));
#5334=CARTESIAN_POINT('',(-0.114533738903851,-0.00383282908039471,0.341169219250699));
#5335=CARTESIAN_POINT('',(-0.114533738903851,-1.93650759156153E-5,0.342158337319252));
#5336=CARTESIAN_POINT('',(-0.1095,0.00117568820683982,0.303039615392848));
#5337=CARTESIAN_POINT('',(-0.112343537011005,0.00117568820683982,0.303039615392848));
#5338=CARTESIAN_POINT('',(-0.114564006867402,-0.00385366200706782,0.341233645475986));
#5339=CARTESIAN_POINT('',(-0.114564006867402,-3.63354945136186E-5,0.342223765383426));
#5340=CARTESIAN_POINT('',(-0.1095,0.00116277336523317,0.303033043063589));
#5341=CARTESIAN_POINT('',(-0.112355826151627,0.00116277336523317,0.303033043063589));
#5342=CARTESIAN_POINT('',(-0.11460103452723,-0.00387736149968107,0.341306572956474));
#5343=CARTESIAN_POINT('',(-0.11460103452723,-5.55526287960009E-5,0.342297855476595));
#5344=CARTESIAN_POINT('',(-0.1095,0.00116104366392803,0.303032153238766));
#5345=CARTESIAN_POINT('',(-0.112357488292648,0.00116104366392803,0.303032153238766));
#5346=CARTESIAN_POINT('',(-0.114606041759,-0.00388053137405431,0.341316319551271));
#5347=CARTESIAN_POINT('',(-0.114606041759,-5.81211128144778E-5,0.342307758057149));
#5348=CARTESIAN_POINT('',(-0.1095,0.00114988365862311,0.303026352445035));
#5349=CARTESIAN_POINT('',(-0.11236832174032,0.00114988365862311,0.303026352445035));
#5350=CARTESIAN_POINT('',(-0.114638670646607,-0.00390095579704284,0.341379070159599));
#5351=CARTESIAN_POINT('',(-0.114638670646607,-7.46585637214801E-5,0.342371516849719));
#5352=CARTESIAN_POINT('',(-0.1095,0.00114049757338028,0.303021194403039));
#5353=CARTESIAN_POINT('',(-0.112377928970649,0.00114049757338028,0.303021194403039));
#5354=CARTESIAN_POINT('',(-0.114667571868938,-0.00391799672730075,0.341431202467888));
#5355=CARTESIAN_POINT('',(-0.114667571868938,-8.84022185691719E-5,0.342424504389546));
#5356=CARTESIAN_POINT('',(-0.1095,0.00112008763375957,0.303009471165118));
#5357=CARTESIAN_POINT('',(-0.112400088810072,0.00112008763375957,0.303009471165118));
#5358=CARTESIAN_POINT('',(-0.11473416654697,-0.00395430931781299,0.341541542565906));
#5359=CARTESIAN_POINT('',(-0.11473416654697,-0.000117506639141044,0.342536714108234));
#5360=CARTESIAN_POINT('',(-0.1095,0.00110907873191227,0.303002821287012));
#5361=CARTESIAN_POINT('',(-0.112412980959495,0.00110907873191227,0.303002821287012));
#5362=CARTESIAN_POINT('',(-0.114772500776211,-0.00397342594876334,0.341599111776098));
#5363=CARTESIAN_POINT('',(-0.114772500776211,-0.000132702441477546,0.342595300284214));
#5364=CARTESIAN_POINT('',(-0.1095,0.00109721204668866,0.302995385980228));
#5365=CARTESIAN_POINT('',(-0.11242764807936,0.00109721204668866,0.302995385980228));
#5366=CARTESIAN_POINT('',(-0.114816889259427,-0.00399317265219488,0.341657732339204));
#5367=CARTESIAN_POINT('',(-0.114816889259427,-0.000148193465935339,0.342655024664994));
#5368=CARTESIAN_POINT('',(-0.1095,0.00109631657916875,0.302994823254395));
#5369=CARTESIAN_POINT('',(-0.112428769909627,0.00109631657916875,0.302994823254395));
#5370=CARTESIAN_POINT('',(-0.114820257810797,-0.00399465743603848,0.341662134646096));
#5371=CARTESIAN_POINT('',(-0.114820257810797,-0.000149356932069166,0.342659510313738));
#5372=CARTESIAN_POINT('',(-0.1095,0.00109083414610665,0.302991368152912));
#5373=CARTESIAN_POINT('',(-0.112435732132531,0.00109083414610666,0.302991368152912));
#5374=CARTESIAN_POINT('',(-0.114840999068257,-0.00400371428615717,0.341688953296495));
#5375=CARTESIAN_POINT('',(-0.114840999068257,-0.000156445446236154,0.342686839501709));
#5376=CARTESIAN_POINT('',(-0.1095,0.00108625336551996,0.302988439045238));
#5377=CARTESIAN_POINT('',(-0.112441952028218,0.00108625336551996,0.302988439045238));
#5378=CARTESIAN_POINT('',(-0.114859785305696,-0.00401143710207803,0.341711941445538));
#5379=CARTESIAN_POINT('',(-0.114859785305696,-0.000162518960101297,0.342710255438837));
#5380=CARTESIAN_POINT('',(-0.1095,0.00107760017936277,0.302982837278487));
#5381=CARTESIAN_POINT('',(-0.112454537385143,0.00107760017936277,0.302982837278487));
#5382=CARTESIAN_POINT('',(-0.114897474761517,-0.00402589613785256,0.34175483406513));
#5383=CARTESIAN_POINT('',(-0.114897474761517,-0.000173854385264819,0.342753958245621));
#5384=CARTESIAN_POINT('',(-0.1095,0.00107352666991767,0.302980171377376));
#5385=CARTESIAN_POINT('',(-0.112460760403164,0.00107352666991767,0.302980171377376));
#5386=CARTESIAN_POINT('',(-0.114916143021141,-0.00403264830569066,0.341774801987361));
#5387=CARTESIAN_POINT('',(-0.114916143021141,-0.000179132722221742,0.342774308443063));
#5388=CARTESIAN_POINT('',(-0.1095,0.00106806875814649,0.302976566445018));
#5389=CARTESIAN_POINT('',(-0.112469422524025,0.00106806875814649,0.302976566445018));
#5390=CARTESIAN_POINT('',(-0.114942119147743,-0.00404140933849894,0.341800436889196));
#5391=CARTESIAN_POINT('',(-0.114942119147743,-0.000185914908451239,0.342800456608666));
#5392=CARTESIAN_POINT('',(-0.1095,0.0010666812542704,0.302975647138246));
#5393=CARTESIAN_POINT('',(-0.112471652734172,0.0010666812542704,0.302975647138246));
#5394=CARTESIAN_POINT('',(-0.114948806486533,-0.00404361134017493,0.34180685506488));
#5395=CARTESIAN_POINT('',(-0.114948806486533,-0.000187613491902324,0.342807005358564));
#5396=CARTESIAN_POINT('',(-0.1095,0.00106256671861871,0.30297291300915));
#5397=CARTESIAN_POINT('',(-0.11247834302036,0.00106256671861871,0.30297291300915));
#5398=CARTESIAN_POINT('',(-0.114968859150347,-0.00405005526169316,0.341825552095096));
#5399=CARTESIAN_POINT('',(-0.114968859150347,-0.000192563539376053,0.34282608986269));
#5400=CARTESIAN_POINT('',(-0.1095,0.00105984077058828,0.302971091179066));
#5401=CARTESIAN_POINT('',(-0.112482872256833,0.00105984077058828,0.302971091179066));
#5402=CARTESIAN_POINT('',(-0.114982433636328,-0.00405421241935638,0.341837501694105));
#5403=CARTESIAN_POINT('',(-0.114982433636328,-0.000195729642924977,0.342838296516579));
#5404=CARTESIAN_POINT('',(-0.1095,0.00105439134209706,0.302967430900956));
#5405=CARTESIAN_POINT('',(-0.112492075086216,0.00105439134209706,0.302967430900956));
#5406=CARTESIAN_POINT('',(-0.115010013134244,-0.00406224178633721,0.341860295746763));
#5407=CARTESIAN_POINT('',(-0.115010013134244,-0.000201775309795492,0.342861605091892));
#5408=CARTESIAN_POINT('',(-0.1095,0.00105166786163627,0.302965592452931));
#5409=CARTESIAN_POINT('',(-0.112496721074994,0.00105166786163627,0.302965592452931));
#5410=CARTESIAN_POINT('',(-0.115024018146178,-0.00406611399565484,0.341871140200413));
#5411=CARTESIAN_POINT('',(-0.115024018146178,-0.000204654873117085,0.342872707013316));
#5412=CARTESIAN_POINT('',(-0.1095,0.00104715877075066,0.302962535661581));
#5413=CARTESIAN_POINT('',(-0.112504589411485,0.00104715877075066,0.302962535661581));
#5414=CARTESIAN_POINT('',(-0.115047459671119,-0.0040722447558085,0.341888006500641));
#5415=CARTESIAN_POINT('',(-0.115047459671119,-0.000209140266355138,0.342890000080951));
#5416=CARTESIAN_POINT('',(-0.1095,0.00104537258774398,0.302961321397632));
#5417=CARTESIAN_POINT('',(-0.112507641407845,0.00104537258774398,0.302961321397632));
#5418=CARTESIAN_POINT('',(-0.115056811701757,-0.00407460044270353,0.341894404686017));
#5419=CARTESIAN_POINT('',(-0.115056811701757,-0.000210843679168779,0.342896567450061));
#5420=CARTESIAN_POINT('',(-0.1095,0.00104265133471637,0.302959466872979));
#5421=CARTESIAN_POINT('',(-0.112512487409095,0.00104265133471637,0.302959466872979));
#5422=CARTESIAN_POINT('',(-0.115071131055722,-0.00407806599558676,0.34190367386059));
#5423=CARTESIAN_POINT('',(-0.115071131055722,-0.000213314775910404,0.342906094561915));
#5424=CARTESIAN_POINT('',(-0.1095,0.00104171599716858,0.302958828616891));
#5425=CARTESIAN_POINT('',(-0.112514188406048,0.00104171599716858,0.302958828616891));
#5426=CARTESIAN_POINT('',(-0.115076276058903,-0.00407926748191145,0.341906899084326));
#5427=CARTESIAN_POINT('',(-0.115076276058903,-0.000214174323154094,0.342909408476177));
#5428=CARTESIAN_POINT('',(-0.1095,0.00103806005971284,0.302956330851496));
#5429=CARTESIAN_POINT('',(-0.112521084089992,0.00103806005971284,0.302956330851496));
#5430=CARTESIAN_POINT('',(-0.115096949966578,-0.00408394977580054,0.341919449725363));
#5431=CARTESIAN_POINT('',(-0.115096949966578,-0.000217519597135274,0.342922305907047));
#5432=CARTESIAN_POINT('',(-0.1095,0.00103534014505698,0.302954466034814));
#5433=CARTESIAN_POINT('',(-0.11252665462851,0.00103534014505698,0.302954466034814));
#5434=CARTESIAN_POINT('',(-0.115113551288241,-0.00408740310101444,0.341928666379172));
#5435=CARTESIAN_POINT('',(-0.115113551288241,-0.000219977159220316,0.342931780837138));
#5436=CARTESIAN_POINT('',(-0.1095,0.00103240573676953,0.302952448496724));
#5437=CARTESIAN_POINT('',(-0.112532337528312,0.00103240573676953,0.302952448496724));
#5438=CARTESIAN_POINT('',(-0.11513067959733,-0.00409072728450916,0.341937057740832));
#5439=CARTESIAN_POINT('',(-0.11513067959733,-0.000222226013800542,0.342940451112472));
#5440=CARTESIAN_POINT('',(-0.1095,0.00103219069841526,0.302952300615341));
#5441=CARTESIAN_POINT('',(-0.112532755057892,0.00103219069841526,0.302952300615341));
#5442=CARTESIAN_POINT('',(-0.115131930254706,-0.00409096855922053,0.341937663677431));
#5443=CARTESIAN_POINT('',(-0.115131930254706,-0.000222388480582881,0.342941077489894));
#5444=CARTESIAN_POINT('',(-0.1095,0.00102947141717145,0.302950430165062));
#5445=CARTESIAN_POINT('',(-0.112538049328573,0.00102947141717145,0.302950430165062));
#5446=CARTESIAN_POINT('',(-0.115147676021202,-0.00409398804892604,0.341945204079775));
#5447=CARTESIAN_POINT('',(-0.115147676021202,-0.000224411323989781,0.342948876397593));
#5448=CARTESIAN_POINT('',(-0.1095,0.00102696762049586,0.302948703572428));
#5449=CARTESIAN_POINT('',(-0.112543078222222,0.00102696762049586,0.302948703572428));
#5450=CARTESIAN_POINT('',(-0.11516280656924,-0.0040966177865857,0.341951563464568));
#5451=CARTESIAN_POINT('',(-0.11516280656924,-0.000226122582007224,0.342955474013245));
#5452=CARTESIAN_POINT('',(-0.1095,0.00102324054637904,0.30294612844582));
#5453=CARTESIAN_POINT('',(-0.112550933411538,0.00102324054637904,0.30294612844582));
#5454=CARTESIAN_POINT('',(-0.115186441510349,-0.00410031527025733,0.341960188469852));
#5455=CARTESIAN_POINT('',(-0.115186441510349,-0.000228451748863194,0.342964453926006));
#5456=CARTESIAN_POINT('',(-0.1095,0.00102201706317907,0.302945282313187));
#5457=CARTESIAN_POINT('',(-0.112553638207286,0.00102201706317907,0.302945282313187));
#5458=CARTESIAN_POINT('',(-0.11519437857527,-0.00410149420987212,0.341962884784392));
#5459=CARTESIAN_POINT('',(-0.11519437857527,-0.000229181336428819,0.342967266791333));
#5460=CARTESIAN_POINT('',(-0.1095,0.00101929880405116,0.302943400919881));
#5461=CARTESIAN_POINT('',(-0.112559652021109,0.00101929880405116,0.302943400919881));
#5462=CARTESIAN_POINT('',(-0.11521243878575,-0.00410403733833738,0.341968580106093));
#5463=CARTESIAN_POINT('',(-0.11521243878575,-0.00023072575075158,0.342973221154736));
#5464=CARTESIAN_POINT('',(-0.1095,0.00101780404962286,0.302942365339591));
#5465=CARTESIAN_POINT('',(-0.112562961982329,0.00101780404962286,0.302942365339591));
#5466=CARTESIAN_POINT('',(-0.115222309355384,-0.00410534403834233,0.341971357163026));
#5467=CARTESIAN_POINT('',(-0.115222309355384,-0.000231483014133441,0.342976140721914));
#5468=CARTESIAN_POINT('',(-0.1095,0.00101592067229636,0.302941059515572));
#5469=CARTESIAN_POINT('',(-0.112566850898847,0.00101592067229636,0.302941059515572));
#5470=CARTESIAN_POINT('',(-0.115234178816433,-0.00410683852073085,0.341974269194677));
#5471=CARTESIAN_POINT('',(-0.115234178816433,-0.000232284916647192,0.342979232391624));
#5472=CARTESIAN_POINT('',(-0.1095,0.0010155320242882,0.302940789995939));
#5473=CARTESIAN_POINT('',(-0.112567653055069,0.0010155320242882,0.302940789995939));
#5474=CARTESIAN_POINT('',(-0.115236597718999,-0.00410713876450674,0.341974838614166));
#5475=CARTESIAN_POINT('',(-0.115236597718999,-0.000232442225942405,0.342979838884775));
#5476=CARTESIAN_POINT('',(-0.1095,0.00101417298883075,0.302939847357388));
#5477=CARTESIAN_POINT('',(-0.112570474478746,0.00101417298883075,0.302939847357388));
#5478=CARTESIAN_POINT('',(-0.11524492579972,-0.00410815838306408,0.341976712801541));
#5479=CARTESIAN_POINT('',(-0.11524492579972,-0.000232961972825917,0.342981842726475));
#5480=CARTESIAN_POINT('',(-0.1095,0.00101320260739471,0.302939173981291));
#5481=CARTESIAN_POINT('',(-0.11257251831321,0.00101320260739471,0.302939173981291));
#5482=CARTESIAN_POINT('',(-0.115251136674192,-0.0041088567159607,0.34197793611882));
#5483=CARTESIAN_POINT('',(-0.115251136674192,-0.000233303289464722,0.342983158644926));
#5484=CARTESIAN_POINT('',(-0.1095,0.00101135899758886,0.30293789416862));
#5485=CARTESIAN_POINT('',(-0.112576606162257,0.00101135899758886,0.30293789416862));
#5486=CARTESIAN_POINT('',(-0.115263380277354,-0.00411012738294144,0.341980043331322));
#5487=CARTESIAN_POINT('',(-0.115263380277354,-0.000233895492197789,0.342985441834241));
#5488=CARTESIAN_POINT('',(-0.1095,0.00101048576984822,0.302937287780325));
#5489=CARTESIAN_POINT('',(-0.112578618235983,0.00101048576984822,0.302937287780325));
#5490=CARTESIAN_POINT('',(-0.115269368578878,-0.00411070533185976,0.341980948947393));
#5491=CARTESIAN_POINT('',(-0.115269368578878,-0.000234152010943609,0.342986430821335));
#5492=CARTESIAN_POINT('',(-0.1095,0.00100912671957894,0.302936343777145));
#5493=CARTESIAN_POINT('',(-0.112581779006937,0.00100912671957894,0.302936343777145));
#5494=CARTESIAN_POINT('',(-0.11527894773544,-0.00411156782486469,0.341982215298473));
#5495=CARTESIAN_POINT('',(-0.11527894773544,-0.000234514133696275,0.34298782695606));
#5496=CARTESIAN_POINT('',(-0.1095,0.00100864090416934,0.302936006277749));
#5497=CARTESIAN_POINT('',(-0.112582914699554,0.00100864090416934,0.302936006277749));
#5498=CARTESIAN_POINT('',(-0.115282338956329,-0.00411186590703204,0.341982628442902));
#5499=CARTESIAN_POINT('',(-0.115282338956329,-0.00023463332790161,0.342988286499592));
#5500=CARTESIAN_POINT('',(-0.1095,0.00100543694067513,0.302933780184397));
#5501=CARTESIAN_POINT('',(-0.11259037822733,0.00100543694067513,0.302933780184397));
#5502=CARTESIAN_POINT('',(-0.115304510129102,-0.00411376516627013,0.341985095784164));
#5503=CARTESIAN_POINT('',(-0.115304510129102,-0.000235352674317899,0.342991059881004));
#5504=CARTESIAN_POINT('',(-0.1095,0.00100271865608857,0.302931890221472));
#5505=CARTESIAN_POINT('',(-0.112596281999664,0.00100271865608857,0.302931890221472));
#5506=CARTESIAN_POINT('',(-0.115322399589052,-0.00411506040578416,0.341985967558618));
#5507=CARTESIAN_POINT('',(-0.115322399589052,-0.000235646182959871,0.342992191479624));
#5508=CARTESIAN_POINT('',(-0.1095,0.001,0.30293));
#5509=CARTESIAN_POINT('',(-0.112602148801527,0.001,0.30293));
#5510=CARTESIAN_POINT('',(-0.11534,-0.00411606285486136,0.341985707548167));
#5511=CARTESIAN_POINT('',(-0.11534,-0.000235646182959871,0.342992191479624));
#5512=CARTESIAN_POINT('',(-0.11534,0.0137284979419489,0.289154573234982));
#5513=CARTESIAN_POINT('',(-0.114976442024041,0.0137366357702361,0.289123198502041));
#5514=CARTESIAN_POINT('',(-0.115335261711501,0.0147030623326114,0.285397219748081));
#5515=CARTESIAN_POINT('',(-0.11534,0.0147229610567691,0.285320501840763));
#5516=CARTESIAN_POINT('',(-0.115344738288499,0.0147030623326114,0.285397219748081));
#5517=CARTESIAN_POINT('',(-0.115374994542296,0.0146290926296306,0.285682403902235));
#5518=CARTESIAN_POINT('',(-0.115403896399888,0.0145516634790593,0.285980925674295));
#5519=CARTESIAN_POINT('',(-0.115438617283062,0.014460559084589,0.286332171233352));
#5520=CARTESIAN_POINT('',(-0.115474958633726,0.0143637486486835,0.286705415969568));
#5521=CARTESIAN_POINT('',(-0.115514035027345,0.0142589574413346,0.287109429918878));
#5522=CARTESIAN_POINT('',(-0.115555441497232,0.0141468315803698,0.287541722026721));
#5523=CARTESIAN_POINT('',(-0.115599200007636,0.0140271883258947,0.288002996831847));
#5524=CARTESIAN_POINT('',(-0.115645207913361,0.0139000791806178,0.288493055769768));
#5525=CARTESIAN_POINT('',(-0.115693393999695,0.0137654896803252,0.289011954606078));
#5526=CARTESIAN_POINT('',(-0.115743674825166,0.0136234238791218,0.289559677710508));
#5527=CARTESIAN_POINT('',(-0.115795967181311,0.013473880645997,0.290136229443577));
#5528=CARTESIAN_POINT('',(-0.115850184761929,0.0133168602974703,0.29074160858497));
#5529=CARTESIAN_POINT('',(-0.115906239181211,0.0131523627475952,0.291375815466046));
#5530=CARTESIAN_POINT('',(-0.115964039700769,0.0129803880183263,0.292038850002161));
#5531=CARTESIAN_POINT('',(-0.11602349321632,0.0128009361174996,0.292730712163105));
#5532=CARTESIAN_POINT('',(-0.116084504091226,0.0126140069966697,0.293451402135653));
#5533=CARTESIAN_POINT('',(-0.116146973807362,0.0124196008556583,0.294200919149411));
#5534=CARTESIAN_POINT('',(-0.116210800918525,0.0122177169332615,0.294979266139137));
#5535=CARTESIAN_POINT('',(-0.116275879256789,0.012008358159655,0.29578643180778));
#5536=CARTESIAN_POINT('',(-0.116342102214855,0.0117915133151252,0.296622459412027));
#5537=CARTESIAN_POINT('',(-0.116409343037994,0.0115672253735762,0.297487183269499));
#5538=CARTESIAN_POINT('',(-0.116477526155311,0.0113353299366284,0.298381237204735));
#5539=CARTESIAN_POINT('',(-0.116546349422453,0.0110964554789042,0.299302198185109));
#5540=CARTESIAN_POINT('',(-0.116615846836234,0.0108499487437275,0.30025258478843));
#5541=CARTESIAN_POINT('',(-0.116682928183665,0.0106065970839845,0.301190807255863));
#5542=CARTESIAN_POINT('',(-0.116747839888528,0.0103657244750067,0.302119471945351));
#5543=CARTESIAN_POINT('',(-0.116810433661811,0.0101279786287412,0.303036081656336));
#5544=CARTESIAN_POINT('',(-0.116870792154821,0.00989318760746004,0.303941299280699));
#5545=CARTESIAN_POINT('',(-0.11692893149317,0.00966139704218789,0.304834948891747));
#5546=CARTESIAN_POINT('',(-0.11698488083005,0.00943259481936915,0.305717077192304));
#5547=CARTESIAN_POINT('',(-0.117038661795723,0.00920678414992444,0.306587671802928));
#5548=CARTESIAN_POINT('',(-0.117090294482848,0.00898396417877433,0.307446736020309));
#5549=CARTESIAN_POINT('',(-0.117139796359772,0.00876413512987,0.308294268981021));
#5550=CARTESIAN_POINT('',(-0.117187183030899,0.00854729694116638,0.309130270924274));
#5551=CARTESIAN_POINT('',(-0.11723246847867,0.00833344962672741,0.309954741795845));
#5552=CARTESIAN_POINT('',(-0.117275665415679,0.00812259318060263,0.310767681618676));
#5553=CARTESIAN_POINT('',(-0.117316785581153,0.00791472760255537,0.311569090393679));
#5554=CARTESIAN_POINT('',(-0.11735584002686,0.00770985289031517,0.312358968129608));
#5555=CARTESIAN_POINT('',(-0.117392839380972,0.00750796904500092,0.313137314822149));
#5556=CARTESIAN_POINT('',(-0.117427794095693,0.00730907605720624,0.313904130507567));
#5557=CARTESIAN_POINT('',(-0.117460714671314,0.00711317395669078,0.314659415071128));
#5558=CARTESIAN_POINT('',(-0.117491611884565,0.00692026262944562,0.315403168952382));
#5559=CARTESIAN_POINT('',(-0.117520496922566,0.00673034249237612,0.316135390543986));
#5560=CARTESIAN_POINT('',(-0.117547381789784,0.00654341200493286,0.316856085785401));
#5561=CARTESIAN_POINT('',(-0.117572278636511,0.00635947684501118,0.317565232785965));
#5562=CARTESIAN_POINT('',(-0.117595202995413,0.00617851607901124,0.318262912253465));
#5563=CARTESIAN_POINT('',(-0.117616162547096,0.00600060686219029,0.318948826722103));
#5564=CARTESIAN_POINT('',(-0.117635199157146,0.00582546487500378,0.319624072362681));
#5565=CARTESIAN_POINT('',(-0.117652308791719,0.00565339109838013,0.320287488767791));
#5566=CARTESIAN_POINT('',(-0.117667907172005,0.00547974666530489,0.320956960710689));
#5567=CARTESIAN_POINT('',(-0.117681840357597,0.00530482751755988,0.321631347211983));
#5568=CARTESIAN_POINT('',(-0.117694013506557,0.00512835332713748,0.322311729053434));
#5569=CARTESIAN_POINT('',(-0.11770428372209,0.00495039983205049,0.322997814233313));
#5570=CARTESIAN_POINT('',(-0.117712507519075,0.00477094601841799,0.323689683768923));
#5571=CARTESIAN_POINT('',(-0.117718526705945,0.00458999971071976,0.324387307493621));
#5572=CARTESIAN_POINT('',(-0.117722169667872,0.00440755061991,0.325090725075983));
#5573=CARTESIAN_POINT('',(-0.117723251748832,0.0042236321432005,0.325799807755784));
#5574=CARTESIAN_POINT('',(-0.11772156209242,0.00403812018053202,0.326515033990677));
#5575=CARTESIAN_POINT('',(-0.117716903927405,0.00385148020330956,0.327234609193641));
#5576=CARTESIAN_POINT('',(-0.117708984066462,0.00366322560972074,0.327960409418257));
#5577=CARTESIAN_POINT('',(-0.11769805451983,0.00348106282374297,0.328662723175701));
#5578=CARTESIAN_POINT('',(-0.117684251198422,0.00330452712255602,0.329343342166885));
#5579=CARTESIAN_POINT('',(-0.117667724551876,0.00313406584169506,0.330000541726157));
#5580=CARTESIAN_POINT('',(-0.117648618520198,0.00296956210983352,0.330634772441377));
#5581=CARTESIAN_POINT('',(-0.117627089938372,0.002811046467496,0.331245916566046));
#5582=CARTESIAN_POINT('',(-0.117603303633431,0.00265851087615402,0.331834005092054));
#5583=CARTESIAN_POINT('',(-0.117577434103457,0.00251195774553244,0.332399028728905));
#5584=CARTESIAN_POINT('',(-0.117549664758976,0.00237138536024612,0.332940994090125));
#5585=CARTESIAN_POINT('',(-0.117520190547486,0.00223679815888821,0.33345988406308));
#5586=CARTESIAN_POINT('',(-0.117489209906554,0.0021081806416653,0.33395575840596));
#5587=CARTESIAN_POINT('',(-0.117456954924713,0.00198558860937842,0.33442840198333));
#5588=CARTESIAN_POINT('',(-0.117423584011374,0.00186882138160603,0.334878588502178));
#5589=CARTESIAN_POINT('',(-0.11738941232677,0.00175809247748831,0.335305494756884));
#5590=CARTESIAN_POINT('',(-0.117353627539813,0.00165030949694362,0.335721043243632));
#5591=CARTESIAN_POINT('',(-0.117316312569881,0.00154565687356333,0.33612452289376));
#5592=CARTESIAN_POINT('',(-0.117277456638903,0.00144395840897996,0.336516613025696));
#5593=CARTESIAN_POINT('',(-0.117237113423829,0.00134526032324891,0.336897135441788));
#5594=CARTESIAN_POINT('',(-0.117195320001298,0.00124955047958523,0.337266136934419));
#5595=CARTESIAN_POINT('',(-0.117152117987369,0.00115683204033151,0.337623605311438));
#5596=CARTESIAN_POINT('',(-0.117107547871678,0.00106710415555145,0.337969543849702));
#5597=CARTESIAN_POINT('',(-0.117061650379215,0.000980367022271116,0.338303951789595));
#5598=CARTESIAN_POINT('',(-0.117014465992349,0.000896620559016894,0.338626829445232));
#5599=CARTESIAN_POINT('',(-0.116966034956471,0.000815864751707562,0.3389381768709));
#5600=CARTESIAN_POINT('',(-0.116916397161746,0.000738099562065357,0.339237994214178));
#5601=CARTESIAN_POINT('',(-0.116865592060673,0.000663324950104339,0.339526281629228));
#5602=CARTESIAN_POINT('',(-0.116813658580563,0.00059154086644801,0.339803039306416));
#5603=CARTESIAN_POINT('',(-0.11676063504263,0.000522747252039418,0.340068267473432));
#5604=CARTESIAN_POINT('',(-0.11670655908586,0.000456944035297379,0.340321966406252));
#5605=CARTESIAN_POINT('',(-0.116651467597608,0.000394131129120091,0.340564136440689));
#5606=CARTESIAN_POINT('',(-0.116595396652298,0.000334308426856661,0.340794777987927));
#5607=CARTESIAN_POINT('',(-0.116538381460266,0.0002774757971392,0.341013891554444));
#5608=CARTESIAN_POINT('',(-0.116480456329424,0.000223633077160602,0.341221477767929));
#5609=CARTESIAN_POINT('',(-0.11642165464347,0.000172780063934637,0.341417537410981));
#5610=CARTESIAN_POINT('',(-0.11636200886163,0.000124916502925778,0.341602071464939));
#5611=CARTESIAN_POINT('',(-0.116301550548511,8.00420733692861E-5,0.341775081166486));
#5612=CARTESIAN_POINT('',(-0.116240310442852,3.81563694183797E-5,0.341936568080331));
#5613=CARTESIAN_POINT('',(-0.116178318595618,-7.41122999139803E-7,0.342086534188437));
#5614=CARTESIAN_POINT('',(-0.116115604572189,-3.66510547719452E-5,0.342224982000253));
#5615=CARTESIAN_POINT('',(-0.116052197920875,-6.95742396939108E-5,0.342351914653294));
#5616=CARTESIAN_POINT('',(-0.115988128543342,-9.95116881503206E-5,0.342467336043019));
#5617=CARTESIAN_POINT('',(-0.115923428983043,-0.000126464560725526,0.342571250643966));
#5618=CARTESIAN_POINT('',(-0.115858133141071,-0.0001504342227086,0.342663663719895));
#5619=CARTESIAN_POINT('',(-0.115792294577035,-0.000171421471165672,0.34274457834383));
#5620=CARTESIAN_POINT('',(-0.115725952947202,-0.000189427560791439,0.342813999353143));
#5621=CARTESIAN_POINT('',(-0.115659325902908,-0.000204446498599788,0.342871903642366));
#5622=CARTESIAN_POINT('',(-0.115592339501883,-0.000216482455426978,0.342918307291818));
#5623=CARTESIAN_POINT('',(-0.115526913819093,-0.000225464384694103,0.342952936387211));
#5624=CARTESIAN_POINT('',(-0.115461871533251,-0.000231447024128914,0.342976001965388));
#5625=CARTESIAN_POINT('',(-0.115410590262391,-0.000234469915818784,0.342987656477641));
#5626=CARTESIAN_POINT('',(-0.11534,-0.000236277833900063,0.342994626758283));
#5627=CARTESIAN_POINT('',(-0.115269409737609,-0.000234469915818784,0.342987656477641));
#5628=CARTESIAN_POINT('',(-0.115218128466749,-0.000231447024128914,0.342976001965388));
#5629=CARTESIAN_POINT('',(-0.115153086180907,-0.000225464384694103,0.342952936387211));
#5630=CARTESIAN_POINT('',(-0.115087660498117,-0.000216482455426978,0.342918307291818));
#5631=CARTESIAN_POINT('',(-0.115020674097092,-0.000204446498599788,0.342871903642366));
#5632=CARTESIAN_POINT('',(-0.114954047052798,-0.00018942756079144,0.342813999353143));
#5633=CARTESIAN_POINT('',(-0.114887705422965,-0.00017142147116567,0.34274457834383));
#5634=CARTESIAN_POINT('',(-0.114821866858929,-0.000150434222708601,0.342663663719895));
#5635=CARTESIAN_POINT('',(-0.114756571016957,-0.000126464560725526,0.342571250643966));
#5636=CARTESIAN_POINT('',(-0.114691871456658,-9.95116881503206E-5,0.342467336043019));
#5637=CARTESIAN_POINT('',(-0.114627802079125,-6.95742396939108E-5,0.342351914653294));
#5638=CARTESIAN_POINT('',(-0.114564395427811,-3.66510547719452E-5,0.342224982000253));
#5639=CARTESIAN_POINT('',(-0.114501681404382,-7.41122999138935E-7,0.342086534188437));
#5640=CARTESIAN_POINT('',(-0.114439689557148,3.81563694183797E-5,0.341936568080331));
#5641=CARTESIAN_POINT('',(-0.114378449451489,8.00420733692861E-5,0.341775081166486));
#5642=CARTESIAN_POINT('',(-0.11431799113837,0.000124916502925779,0.341602071464939));
#5643=CARTESIAN_POINT('',(-0.11425834535653,0.000172780063934637,0.341417537410981));
#5644=CARTESIAN_POINT('',(-0.114199543670576,0.000223633077160602,0.341221477767929));
#5645=CARTESIAN_POINT('',(-0.114141618539734,0.000277475797139198,0.341013891554444));
#5646=CARTESIAN_POINT('',(-0.114084603347702,0.000334308426856663,0.340794777987927));
#5647=CARTESIAN_POINT('',(-0.114028532402391,0.000394131129120091,0.340564136440689));
#5648=CARTESIAN_POINT('',(-0.11397344091414,0.000456944035297379,0.340321966406252));
#5649=CARTESIAN_POINT('',(-0.11391936495737,0.000522747252039419,0.340068267473432));
#5650=CARTESIAN_POINT('',(-0.113866341419437,0.00059154086644801,0.339803039306416));
#5651=CARTESIAN_POINT('',(-0.113814407939327,0.000663324950104341,0.339526281629228));
#5652=CARTESIAN_POINT('',(-0.113763602838254,0.000738099562065356,0.339237994214178));
#5653=CARTESIAN_POINT('',(-0.113713965043529,0.000815864751707563,0.3389381768709));
#5654=CARTESIAN_POINT('',(-0.113665534007651,0.000896620559016893,0.338626829445232));
#5655=CARTESIAN_POINT('',(-0.113618349620785,0.000980367022271116,0.338303951789595));
#5656=CARTESIAN_POINT('',(-0.113572452128322,0.00106710415555145,0.337969543849702));
#5657=CARTESIAN_POINT('',(-0.113527882012631,0.00115683204033151,0.337623605311438));
#5658=CARTESIAN_POINT('',(-0.113484679998702,0.00124955047958524,0.337266136934419));
#5659=CARTESIAN_POINT('',(-0.11344288657617,0.00134526032324891,0.336897135441788));
#5660=CARTESIAN_POINT('',(-0.113402543361097,0.00144395840897996,0.336516613025696));
#5661=CARTESIAN_POINT('',(-0.113363687430118,0.00154565687356333,0.33612452289376));
#5662=CARTESIAN_POINT('',(-0.113326372460187,0.00165030949694362,0.335721043243632));
#5663=CARTESIAN_POINT('',(-0.11329058767323,0.0017580924774883,0.335305494756884));
#5664=CARTESIAN_POINT('',(-0.113256415988626,0.00186882138160603,0.334878588502178));
#5665=CARTESIAN_POINT('',(-0.113223045075287,0.00198558860937842,0.33442840198333));
#5666=CARTESIAN_POINT('',(-0.113190790093446,0.0021081806416653,0.33395575840596));
#5667=CARTESIAN_POINT('',(-0.113159809452514,0.00223679815888821,0.33345988406308));
#5668=CARTESIAN_POINT('',(-0.113130335241023,0.00237138536024612,0.332940994090125));
#5669=CARTESIAN_POINT('',(-0.113102565896542,0.00251195774553244,0.332399028728905));
#5670=CARTESIAN_POINT('',(-0.113076696366569,0.00265851087615402,0.331834005092054));
#5671=CARTESIAN_POINT('',(-0.113052910061628,0.00281104646749601,0.331245916566046));
#5672=CARTESIAN_POINT('',(-0.113031381479802,0.00296956210983353,0.330634772441377));
#5673=CARTESIAN_POINT('',(-0.113012275448124,0.00313406584169506,0.330000541726157));
#5674=CARTESIAN_POINT('',(-0.112995748801578,0.00330452712255602,0.329343342166885));
#5675=CARTESIAN_POINT('',(-0.11298194548017,0.00348106282374297,0.328662723175701));
#5676=CARTESIAN_POINT('',(-0.112971015933538,0.00366322560972073,0.327960409418257));
#5677=CARTESIAN_POINT('',(-0.112963096072595,0.00385148020330956,0.327234609193641));
#5678=CARTESIAN_POINT('',(-0.11295843790758,0.00403812018053201,0.326515033990677));
#5679=CARTESIAN_POINT('',(-0.112956748251168,0.0042236321432005,0.325799807755784));
#5680=CARTESIAN_POINT('',(-0.112957830332128,0.00440755061991001,0.325090725075983));
#5681=CARTESIAN_POINT('',(-0.112961473294055,0.00458999971071976,0.324387307493621));
#5682=CARTESIAN_POINT('',(-0.112967492480925,0.00477094601841799,0.323689683768923));
#5683=CARTESIAN_POINT('',(-0.11297571627791,0.00495039983205049,0.322997814233313));
#5684=CARTESIAN_POINT('',(-0.112985986493443,0.00512835332713747,0.322311729053434));
#5685=CARTESIAN_POINT('',(-0.112998159642403,0.00530482751755988,0.321631347211983));
#5686=CARTESIAN_POINT('',(-0.113012092827995,0.0054797466653049,0.320956960710689));
#5687=CARTESIAN_POINT('',(-0.113027691208281,0.00565339109838013,0.320287488767791));
#5688=CARTESIAN_POINT('',(-0.113044800842854,0.00582546487500378,0.319624072362681));
#5689=CARTESIAN_POINT('',(-0.113063837452904,0.00600060686219029,0.318948826722103));
#5690=CARTESIAN_POINT('',(-0.113084797004587,0.00617851607901124,0.318262912253465));
#5691=CARTESIAN_POINT('',(-0.113107721363489,0.00635947684501118,0.317565232785965));
#5692=CARTESIAN_POINT('',(-0.113132618210216,0.00654341200493286,0.316856085785401));
#5693=CARTESIAN_POINT('',(-0.113159503077434,0.00673034249237612,0.316135390543986));
#5694=CARTESIAN_POINT('',(-0.113188388115435,0.00692026262944562,0.315403168952382));
#5695=CARTESIAN_POINT('',(-0.113219285328686,0.00711317395669078,0.314659415071128));
#5696=CARTESIAN_POINT('',(-0.113252205904307,0.00730907605720624,0.313904130507567));
#5697=CARTESIAN_POINT('',(-0.113287160619028,0.00750796904500093,0.313137314822149));
#5698=CARTESIAN_POINT('',(-0.113324159973139,0.00770985289031517,0.312358968129608));
#5699=CARTESIAN_POINT('',(-0.113363214418847,0.00791472760255537,0.311569090393679));
#5700=CARTESIAN_POINT('',(-0.113404334584321,0.00812259318060263,0.310767681618676));
#5701=CARTESIAN_POINT('',(-0.11344753152133,0.00833344962672741,0.309954741795845));
#5702=CARTESIAN_POINT('',(-0.113492816969101,0.00854729694116638,0.309130270924274));
#5703=CARTESIAN_POINT('',(-0.113540203640228,0.00876413512987,0.308294268981021));
#5704=CARTESIAN_POINT('',(-0.113589705517152,0.00898396417877433,0.307446736020309));
#5705=CARTESIAN_POINT('',(-0.113641338204277,0.00920678414992444,0.306587671802928));
#5706=CARTESIAN_POINT('',(-0.11369511916995,0.00943259481936915,0.305717077192304));
#5707=CARTESIAN_POINT('',(-0.11375106850683,0.00966139704218789,0.304834948891747));
#5708=CARTESIAN_POINT('',(-0.113809207845179,0.00989318760746004,0.303941299280699));
#5709=CARTESIAN_POINT('',(-0.113869566338189,0.0101279786287412,0.303036081656336));
#5710=CARTESIAN_POINT('',(-0.113932160111472,0.0103657244750067,0.302119471945351));
#5711=CARTESIAN_POINT('',(-0.113997071816335,0.0106065970839845,0.301190807255863));
#5712=CARTESIAN_POINT('',(-0.114064153163766,0.0108499487437275,0.30025258478843));
#5713=CARTESIAN_POINT('',(-0.114133650577547,0.0110964554789042,0.299302198185109));
#5714=CARTESIAN_POINT('',(-0.114202473844689,0.0113353299366284,0.298381237204735));
#5715=CARTESIAN_POINT('',(-0.114270656962006,0.0115672253735762,0.297487183269499));
#5716=CARTESIAN_POINT('',(-0.114337897785145,0.0117915133151252,0.296622459412027));
#5717=CARTESIAN_POINT('',(-0.114404120743211,0.012008358159655,0.29578643180778));
#5718=CARTESIAN_POINT('',(-0.114469199081475,0.0122177169332615,0.294979266139137));
#5719=CARTESIAN_POINT('',(-0.114533026192638,0.0124196008556583,0.294200919149411));
#5720=CARTESIAN_POINT('',(-0.114595495908774,0.0126140069966697,0.293451402135653));
#5721=CARTESIAN_POINT('',(-0.11465650678368,0.0128009361174996,0.292730712163105));
#5722=CARTESIAN_POINT('',(-0.114715960299231,0.0129803880183263,0.292038850002161));
#5723=CARTESIAN_POINT('',(-0.114773760818789,0.0131523627475952,0.291375815466046));
#5724=CARTESIAN_POINT('',(-0.114829815238071,0.0133168602974703,0.29074160858497));
#5725=CARTESIAN_POINT('',(-0.114884032818689,0.013473880645997,0.290136229443577));
#5726=CARTESIAN_POINT('',(-0.114936325174834,0.0136234238791218,0.289559677710508));
#5727=CARTESIAN_POINT('',(-0.114986606000305,0.0137654896803252,0.289011954606078));
#5728=CARTESIAN_POINT('',(-0.115034792086639,0.0139000791806178,0.288493055769768));
#5729=CARTESIAN_POINT('',(-0.115080799992364,0.0140271883258947,0.288002996831847));
#5730=CARTESIAN_POINT('',(-0.115124558502768,0.0141468315803698,0.287541722026721));
#5731=CARTESIAN_POINT('',(-0.115165964972655,0.0142589574413346,0.287109429918878));
#5732=CARTESIAN_POINT('',(-0.115205041366274,0.0143637486486835,0.286705415969568));
#5733=CARTESIAN_POINT('',(-0.115241382716938,0.014460559084589,0.286332171233352));
#5734=CARTESIAN_POINT('',(-0.115276103600111,0.0145516634790593,0.285980925674295));
#5735=CARTESIAN_POINT('',(-0.115305005457704,0.0146290926296306,0.285682403902235));
#5736=CARTESIAN_POINT('',(-0.115335261711501,0.0147030623326114,0.285397219748081));
#5737=CARTESIAN_POINT('',(-0.11534,0.0147229610567691,0.285320501840763));
#5738=CARTESIAN_POINT('',(-0.115344738288499,0.0147030623326114,0.285397219748081));
#5739=CARTESIAN_POINT('',(-0.115211042477727,-0.0014799956584705,0.329976611205066));
#5740=CARTESIAN_POINT('',(-0.115915827733229,-0.00163692801804011,0.336285589923493));
#5741=CARTESIAN_POINT('',(-0.116343315274135,-0.00130205948183137,0.341288356545801));
#5742=CARTESIAN_POINT('',(-0.116343315274135,0.000111208089508376,0.341654923134308));
#5743=CARTESIAN_POINT('',(-0.115227739753636,-0.00147296726401347,0.32992866068869));
#5744=CARTESIAN_POINT('',(-0.115935122415268,-0.00162592907661244,0.336229883249625));
#5745=CARTESIAN_POINT('',(-0.116364382230322,-0.00128754434751346,0.34122675976957));
#5746=CARTESIAN_POINT('',(-0.116364382230322,0.000127092638861665,0.341593681550404));
#5747=CARTESIAN_POINT('',(-0.115243683721717,-0.00146591799466103,0.329880776291768));
#5748=CARTESIAN_POINT('',(-0.115953545320126,-0.00161493847219952,0.336174304692131));
#5749=CARTESIAN_POINT('',(-0.116384496200803,-0.00127306353414237,0.341165338233976));
#5750=CARTESIAN_POINT('',(-0.116384496200803,0.000142932436847895,0.341532612501744));
#5751=CARTESIAN_POINT('',(-0.115274830879324,-0.00145157316053969,0.329783817894193));
#5752=CARTESIAN_POINT('',(-0.115989539292127,-0.00159266022259714,0.336061855161666));
#5753=CARTESIAN_POINT('',(-0.116423797740053,-0.00124376111115219,0.341041124309718));
#5754=CARTESIAN_POINT('',(-0.116423797740053,0.000174966667172554,0.341409107140617));
#5755=CARTESIAN_POINT('',(-0.115290001882555,-0.00144427225018956,0.329734731884302));
#5756=CARTESIAN_POINT('',(-0.116007073177112,-0.0015813673987326,0.336004969774087));
#5757=CARTESIAN_POINT('',(-0.116442944721061,-0.00122893464136542,0.340978315595119));
#5758=CARTESIAN_POINT('',(-0.116442944721061,0.00019116537349013,0.341346654350172));
#5759=CARTESIAN_POINT('',(-0.115326203514074,-0.00142602422323639,0.329613336244228));
#5760=CARTESIAN_POINT('',(-0.116048922828681,-0.00155332460177818,0.335864325471927));
#5761=CARTESIAN_POINT('',(-0.116488652967037,-0.00119222947775556,0.340823048961137));
#5762=CARTESIAN_POINT('',(-0.116488652967037,0.000231212836122129,0.341192254625737));
#5763=CARTESIAN_POINT('',(-0.115346776664645,-0.00141493628160168,0.329540670012606));
#5764=CARTESIAN_POINT('',(-0.116072691888644,-0.00153644033689293,0.335780171649154));
#5765=CARTESIAN_POINT('',(-0.116514601388331,-0.00117022592122426,0.340730165342817));
#5766=CARTESIAN_POINT('',(-0.116514601388331,0.000255172918853348,0.341099878481832));
#5767=CARTESIAN_POINT('',(-0.115376392386884,-0.00139783426431538,0.329431298121426));
#5768=CARTESIAN_POINT('',(-0.116106941247779,-0.00151074146787289,0.335653436387152));
#5769=CARTESIAN_POINT('',(-0.116552020144386,-0.00113695561105263,0.340590224929316));
#5770=CARTESIAN_POINT('',(-0.116552020144386,0.000291279202939925,0.340960673649692));
#5771=CARTESIAN_POINT('',(-0.115385665811513,-0.00139233531310863,0.329396291416991));
#5772=CARTESIAN_POINT('',(-0.116117663485272,-0.00150250301830586,0.335612885875596));
#5773=CARTESIAN_POINT('',(-0.116563732760722,-0.00112630540723931,0.340545457851982));
#5774=CARTESIAN_POINT('',(-0.116563732760722,0.000302830080248237,0.340916140184744));
#5775=CARTESIAN_POINT('',(-0.115422362105778,-0.0013700203006318,0.329254837872018));
#5776=CARTESIAN_POINT('',(-0.116160088028184,-0.00146916580418329,0.335449090721558));
#5777=CARTESIAN_POINT('',(-0.116610071593831,-0.00108326837931472,0.340364668424054));
#5778=CARTESIAN_POINT('',(-0.116610071593831,0.000349479361861367,0.340736287685915));
#5779=CARTESIAN_POINT('',(-0.115448207715768,-0.00135298359580626,0.329148220365386));
#5780=CARTESIAN_POINT('',(-0.116189983534543,-0.00144392974508084,0.335325769794372));
#5781=CARTESIAN_POINT('',(-0.116642738991511,-0.00105082524064617,0.340228638591529));
#5782=CARTESIAN_POINT('',(-0.116642738991511,0.000384583134244079,0.340600947955847));
#5783=CARTESIAN_POINT('',(-0.115473303261984,-0.00133531909927169,0.329038804553119));
#5784=CARTESIAN_POINT('',(-0.116219017516526,-0.00141795304383834,0.335199383818838));
#5785=CARTESIAN_POINT('',(-0.116674470330247,-0.00101754939115701,0.340089338418161));
#5786=CARTESIAN_POINT('',(-0.116674470330247,0.000420534172787571,0.340462341660231));
#5787=CARTESIAN_POINT('',(-0.115474019804209,-0.00133481372935969,0.329035675181602));
#5788=CARTESIAN_POINT('',(-0.11621984651658,-0.00141721002510696,0.335195769233189));
#5789=CARTESIAN_POINT('',(-0.116675376351994,-0.00101659769340024,0.340085354585305));
#5790=CARTESIAN_POINT('',(-0.116675376351994,0.000421562336058617,0.340458377660635));
#5791=CARTESIAN_POINT('',(-0.11549974182938,-0.00131663630732954,0.328923150164455));
#5792=CARTESIAN_POINT('',(-0.116249605670678,-0.0013904903977366,0.335065802244528));
#5793=CARTESIAN_POINT('',(-0.116707900563958,-0.000982377391799826,0.339942114210901));
#5794=CARTESIAN_POINT('',(-0.116707900563958,0.000458530477498119,0.340315850007795));
#5795=CARTESIAN_POINT('',(-0.115523197325443,-0.00129883468959827,0.328814104616947));
#5796=CARTESIAN_POINT('',(-0.116276750732087,-0.00136451611497444,0.334940031329652));
#5797=CARTESIAN_POINT('',(-0.116737574990558,-0.000949234459958439,0.339803612791004));
#5798=CARTESIAN_POINT('',(-0.116737574990558,0.000494279020098456,0.340178024418765));
#5799=CARTESIAN_POINT('',(-0.115551165275274,-0.00127624484537553,0.328677130175913));
#5800=CARTESIAN_POINT('',(-0.116309138857586,-0.00133179195166908,0.334782281960386));
#5801=CARTESIAN_POINT('',(-0.116772999330096,-0.000907631051265786,0.33963004752708));
#5802=CARTESIAN_POINT('',(-0.116772999330096,0.000539082277341329,0.340005289116266));
#5803=CARTESIAN_POINT('',(-0.115556892988904,-0.00127154175144888,0.328648687961124));
#5804=CARTESIAN_POINT('',(-0.116315771531223,-0.00132499172908323,0.334749538762104));
#5805=CARTESIAN_POINT('',(-0.116780253541772,-0.000898993937359014,0.339594029841795));
#5806=CARTESIAN_POINT('',(-0.116780253541772,0.00054837993406678,0.33996944275942));
#5807=CARTESIAN_POINT('',(-0.115599900582848,-0.00123566785086254,0.328432305302725));
#5808=CARTESIAN_POINT('',(-0.116365572671952,-0.00127321823362238,0.334500534238886));
#5809=CARTESIAN_POINT('',(-0.116834720143755,-0.000833297849496955,0.339320187960377));
#5810=CARTESIAN_POINT('',(-0.116834720143755,0.000619071649202344,0.33969689661993));
#5811=CARTESIAN_POINT('',(-0.115634517117081,-0.00120312432023693,0.328241777853672));
#5812=CARTESIAN_POINT('',(-0.116405709901752,-0.00122705850166049,0.334281517152413));
#5813=CARTESIAN_POINT('',(-0.116878663775398,-0.000775263768294313,0.339079459936119));
#5814=CARTESIAN_POINT('',(-0.116878663775398,0.000681232877748255,0.339457239075426));
#5815=CARTESIAN_POINT('',(-0.115688941513391,-0.00114619617914224,0.327918084857733));
#5816=CARTESIAN_POINT('',(-0.116468846432112,-0.00114765754823326,0.333909825510218));
#5817=CARTESIAN_POINT('',(-0.116947816342732,-0.000676349618610552,0.338671156378382));
#5818=CARTESIAN_POINT('',(-0.116947816342732,0.000786696110367187,0.339050634187522));
#5819=CARTESIAN_POINT('',(-0.115709952214887,-0.00112249888687026,0.327785898940291));
#5820=CARTESIAN_POINT('',(-0.116493237161079,-0.00111496419826566,0.33375814911682));
#5821=CARTESIAN_POINT('',(-0.116974545815285,-0.000635868914357083,0.338504603872475));
#5822=CARTESIAN_POINT('',(-0.116974545815285,0.00082972431875087,0.338884742441061));
#5823=CARTESIAN_POINT('',(-0.115743791567044,-0.00108158198937413,0.327561971383629));
#5824=CARTESIAN_POINT('',(-0.116532550883821,-0.00105911980831874,0.333501394705609));
#5825=CARTESIAN_POINT('',(-0.117017656020508,-0.000567144303973987,0.33822277824068));
#5826=CARTESIAN_POINT('',(-0.117017656020508,0.000902547191576586,0.338603979796992));
#5827=CARTESIAN_POINT('',(-0.115757117398552,-0.00106466748825399,0.327470558475876));
#5828=CARTESIAN_POINT('',(-0.116548041409435,-0.00103619632137095,0.333396634504517));
#5829=CARTESIAN_POINT('',(-0.117034650254253,-0.000539047951480622,0.338107819658347));
#5830=CARTESIAN_POINT('',(-0.117034650254253,0.000932256112881991,0.338489439475051));
#5831=CARTESIAN_POINT('',(-0.115803522332319,-0.00100294699510673,0.327141066821708));
#5832=CARTESIAN_POINT('',(-0.116602015893384,-0.000953110266408788,0.333019216182324));
#5833=CARTESIAN_POINT('',(-0.117093891675936,-0.000437616278753817,0.337693764649492));
#5834=CARTESIAN_POINT('',(-0.117093891675936,0.00103927578667348,0.338076833855207));
#5835=CARTESIAN_POINT('',(-0.115834275702605,-0.000956669025446434,0.326901288327231));
#5836=CARTESIAN_POINT('',(-0.116637833524043,-0.000891833357028245,0.332744902415238));
#5837=CARTESIAN_POINT('',(-0.117133246303056,-0.000363538842363917,0.337393021990831));
#5838=CARTESIAN_POINT('',(-0.117133246303056,0.0011170333947856,0.337777045741899));
#5839=CARTESIAN_POINT('',(-0.115888370795144,-0.000865817145896056,0.326443086040873));
#5840=CARTESIAN_POINT('',(-0.116700989121464,-0.000773263931449229,0.332221271969487));
#5841=CARTESIAN_POINT('',(-0.117202771861767,-0.000221468898424419,0.33681926677025));
#5842=CARTESIAN_POINT('',(-0.117202771861767,0.00126542592657425,0.337204930443939));
#5843=CARTESIAN_POINT('',(-0.115911834583604,-0.000822240602283964,0.326227613796317));
#5844=CARTESIAN_POINT('',(-0.116728433523165,-0.000717042132620916,0.331975484166706));
#5845=CARTESIAN_POINT('',(-0.117233028493585,-0.000154581878712646,0.336550235761523));
#5846=CARTESIAN_POINT('',(-0.117233028493585,0.00133502354686812,0.336936602497836));
#5847=CARTESIAN_POINT('',(-0.115949641870669,-0.000745141614082869,0.325853266455297));
#5848=CARTESIAN_POINT('',(-0.116772779559487,-0.000618553968248558,0.331549091437876));
#5849=CARTESIAN_POINT('',(-0.117282027312006,-3.81622019813647E-5,0.336083905492034));
#5850=CARTESIAN_POINT('',(-0.117282027312006,0.00145569221077038,0.336471374310333));
#5851=CARTESIAN_POINT('',(-0.115964786687987,-0.000711951139980403,0.325694122256879));
#5852=CARTESIAN_POINT('',(-0.116790579759878,-0.000576455442081719,0.331368019612289));
#5853=CARTESIAN_POINT('',(-0.11730172644772,1.13757908604315E-5,0.335885998155862));
#5854=CARTESIAN_POINT('',(-0.11730172644772,0.00150691136858459,0.336273903026697));
#5855=CARTESIAN_POINT('',(-0.116005666812046,-0.000616251222411604,0.325240615288168));
#5856=CARTESIAN_POINT('',(-0.116838732242747,-0.000455829889504362,0.330852477795447));
#5857=CARTESIAN_POINT('',(-0.117355106614431,0.000152728801297251,0.335322800032004));
#5858=CARTESIAN_POINT('',(-0.117355106614431,0.00165269306432896,0.33571185359407));
#5859=CARTESIAN_POINT('',(-0.116029426489176,-0.000552826031976672,0.32494654008416));
#5860=CARTESIAN_POINT('',(-0.116866851494861,-0.000376807833748833,0.330518722247353));
#5861=CARTESIAN_POINT('',(-0.117386393504992,0.00024461242079017,0.334958528053196));
#5862=CARTESIAN_POINT('',(-0.117386393504992,0.00174701232997451,0.33534821336152));
#5863=CARTESIAN_POINT('',(-0.116056861455838,-0.000469874407811508,0.32457080517922));
#5864=CARTESIAN_POINT('',(-0.116899470177012,-0.000274611893842368,0.330092541124091));
#5865=CARTESIAN_POINT('',(-0.117422815572254,0.000362525114753905,0.334493503713672));
#5866=CARTESIAN_POINT('',(-0.117422815572254,0.00186745773157625,0.334883845943599));
#5867=CARTESIAN_POINT('',(-0.116062500320735,-0.00045221887475012,0.324491319218047));
#5868=CARTESIAN_POINT('',(-0.116906184555285,-0.000252923571710246,0.33000239752833));
#5869=CARTESIAN_POINT('',(-0.117430321486469,0.000387498144063994,0.334395151158312));
#5870=CARTESIAN_POINT('',(-0.117430321486469,0.00189293408590392,0.334785623938276));
#5871=CARTESIAN_POINT('',(-0.116094139111438,-0.00034970211554834,0.324032618500879));
#5872=CARTESIAN_POINT('',(-0.116943918468563,-0.000127350471922928,0.329482236071199));
#5873=CARTESIAN_POINT('',(-0.117472555543993,0.000531798619664935,0.333827634464373));
#5874=CARTESIAN_POINT('',(-0.117472555543993,0.00203995109743153,0.334218811846444));
#5875=CARTESIAN_POINT('',(-0.116116679826429,-0.00026270880563847,0.323653593886666));
#5876=CARTESIAN_POINT('',(-0.116971031481852,-2.21934371305484E-5,0.329053057146554));
#5877=CARTESIAN_POINT('',(-0.117503098363239,0.000651514354644028,0.333359754938369));
#5878=CARTESIAN_POINT('',(-0.117503098363239,0.00216120403665132,0.333751331033129));
#5879=CARTESIAN_POINT('',(-0.116142273060726,-0.000145602418810867,0.32315606211521));
#5880=CARTESIAN_POINT('',(-0.117002149825777,0.000117688172035979,0.328490304133354));
#5881=CARTESIAN_POINT('',(-0.117538435655485,0.000809382293993468,0.332746599558376));
#5882=CARTESIAN_POINT('',(-0.117538435655485,0.00232016763759528,0.333138459840605));
#5883=CARTESIAN_POINT('',(-0.116148062188039,-0.000117557647434564,0.323037810042262));
#5884=CARTESIAN_POINT('',(-0.117009215924211,0.000151066905384986,0.328356596025432));
#5885=CARTESIAN_POINT('',(-0.117546482544722,0.000846953688475688,0.332600941795548));
#5886=CARTESIAN_POINT('',(-0.117546482544722,0.00235793450168786,0.33299285277775));
#5887=CARTESIAN_POINT('',(-0.116169476525096,-7.81153133037186E-6,0.32257847638561));
#5888=CARTESIAN_POINT('',(-0.117035460641071,0.000281233256122162,0.327837383457652));
#5889=CARTESIAN_POINT('',(-0.117576459187553,0.000993093863208386,0.332035413786462));
#5890=CARTESIAN_POINT('',(-0.117576459187553,0.00250458417705689,0.332427456920504));
#5891=CARTESIAN_POINT('',(-0.116183092826773,7.54744509133098E-5,0.322237112141226));
#5892=CARTESIAN_POINT('',(-0.117052388306154,0.000379059020318161,0.327451860912394));
#5893=CARTESIAN_POINT('',(-0.117595993326927,0.00110212595289423,0.331615690929349));
#5894=CARTESIAN_POINT('',(-0.117595993326927,0.00261346037362524,0.332007693628579));
#5895=CARTESIAN_POINT('',(-0.116200081342661,0.00019990705130215,0.321737203993941));
#5896=CARTESIAN_POINT('',(-0.11707386822854,0.000523926771639376,0.326887558323606));
#5897=CARTESIAN_POINT('',(-0.117621075537603,0.00126249628450535,0.331001451761789));
#5898=CARTESIAN_POINT('',(-0.117621075537603,0.00277284510045589,0.331393198819561));
#5899=CARTESIAN_POINT('',(-0.116205014033454,0.000239505871570325,0.321579544471529));
#5900=CARTESIAN_POINT('',(-0.117080165405721,0.000569846653695902,0.326709629637996));
#5901=CARTESIAN_POINT('',(-0.117628477421805,0.00131317426330353,0.330807795551229));
#5902=CARTESIAN_POINT('',(-0.117628477421805,0.00282310298490778,0.331199433646937));
#5903=CARTESIAN_POINT('',(-0.116218327552152,0.000356797335054264,0.321116654267531));
#5904=CARTESIAN_POINT('',(-0.117097345018359,0.000705349071747582,0.326187299853988));
#5905=CARTESIAN_POINT('',(-0.117648817056941,0.00146227561384298,0.330239318107491));
#5906=CARTESIAN_POINT('',(-0.117648817056941,0.00297065610541142,0.330630554630693));
#5907=CARTESIAN_POINT('',(-0.116225603107485,0.000435454684773863,0.3208114660751));
#5908=CARTESIAN_POINT('',(-0.11710698913958,0.000795541622801762,0.325843093922725));
#5909=CARTESIAN_POINT('',(-0.117660437028045,0.00156093909841789,0.329864785525691));
#5910=CARTESIAN_POINT('',(-0.117660437028045,0.00306789632726833,0.330255652889811));
#5911=CARTESIAN_POINT('',(-0.116236607286749,0.000584199463436914,0.320243660826205));
#5912=CARTESIAN_POINT('',(-0.117122104665183,0.000964895484396856,0.325203008220359));
#5913=CARTESIAN_POINT('',(-0.117679055733207,0.00174515695433699,0.329168457351986));
#5914=CARTESIAN_POINT('',(-0.117679055733207,0.00324873400437868,0.32955844798148));
#5915=CARTESIAN_POINT('',(-0.116240687234817,0.00065395608585748,0.319981021505024));
#5916=CARTESIAN_POINT('',(-0.117127969148056,0.00104384517215751,0.324907059984913));
#5917=CARTESIAN_POINT('',(-0.117686472284655,0.00183062545424419,0.328846566211864));
#5918=CARTESIAN_POINT('',(-0.117686472284655,0.00333234926740114,0.329236076157632));
#5919=CARTESIAN_POINT('',(-0.116250663360619,0.00087718608058625,0.319151617939035));
#5920=CARTESIAN_POINT('',(-0.11714324867984,0.00129505616176671,0.323972856372895));
#5921=CARTESIAN_POINT('',(-0.117706461590215,0.00210132199976129,0.327830661916716));
#5922=CARTESIAN_POINT('',(-0.117706461590215,0.003596303275949,0.328218423015468));
#5923=CARTESIAN_POINT('',(-0.11625316479468,0.0010337093642975,0.318585858003361));
#5924=CARTESIAN_POINT('',(-0.117148875964074,0.00146915991594481,0.323336215824501));
#5925=CARTESIAN_POINT('',(-0.117715017694038,0.00228712626993203,0.327138650291278));
#5926=CARTESIAN_POINT('',(-0.117715017694038,0.0037761919208413,0.327524877023417));
#5927=CARTESIAN_POINT('',(-0.116251934515584,0.00122054582813467,0.317928194346271));
#5928=CARTESIAN_POINT('',(-0.117150810355834,0.00167466821688103,0.322596782277862));
#5929=CARTESIAN_POINT('',(-0.117720087522546,0.00250440221653945,0.326335213471502));
#5930=CARTESIAN_POINT('',(-0.117720087522546,0.00398514354635668,0.326719281081018));
#5931=CARTESIAN_POINT('',(-0.116251656274107,0.0012476682425961,0.31783312734777));
#5932=CARTESIAN_POINT('',(-0.117150977414443,0.00170445224737917,0.322489892519996));
#5933=CARTESIAN_POINT('',(-0.117720700524188,0.00253584754329014,0.326219066986652));
#5934=CARTESIAN_POINT('',(-0.117720700524188,0.00401535226027448,0.326602813849442));
#5935=CARTESIAN_POINT('',(-0.116248272823593,0.00149267325778175,0.316977972161168));
#5936=CARTESIAN_POINT('',(-0.117151491598175,0.00197306054980835,0.321528361518023));
#5937=CARTESIAN_POINT('',(-0.117725160863481,0.00281904189393819,0.325174223611061));
#5938=CARTESIAN_POINT('',(-0.117725160863481,0.00428712700160978,0.325555008510162));
#5939=CARTESIAN_POINT('',(-0.116239030566026,0.00171904706885669,0.316213152577549));
#5940=CARTESIAN_POINT('',(-0.117144954513279,0.00221813911226003,0.320668215510007));
#5941=CARTESIAN_POINT('',(-0.117721674538387,0.00307464113428333,0.324239248849863));
#5942=CARTESIAN_POINT('',(-0.117721674538387,0.00453046140962246,0.324616852555369));
#5943=CARTESIAN_POINT('',(-0.116221627337631,0.00200222540697701,0.315287793414021));
#5944=CARTESIAN_POINT('',(-0.117130031208281,0.00252088527936552,0.31962712189113));
#5945=CARTESIAN_POINT('',(-0.11770995202211,0.00338690560807111,0.323107093324354));
#5946=CARTESIAN_POINT('',(-0.11770995202211,0.00482528766415459,0.323480173987888));
#5947=CARTESIAN_POINT('',(-0.11621838169302,0.00205170459638852,0.31512726424456));
#5948=CARTESIAN_POINT('',(-0.117127186903558,0.00257363908382464,0.319446498996516));
#5949=CARTESIAN_POINT('',(-0.11770764513692,0.0034411871740538,0.322910652609567));
#5950=CARTESIAN_POINT('',(-0.11770764513692,0.00487644940571055,0.323282924067952));
#5951=CARTESIAN_POINT('',(-0.11619981894959,0.00231878396855577,0.314266912232585));
#5952=CARTESIAN_POINT('',(-0.117110625190336,0.00285762807988099,0.31847837677003));
#5953=CARTESIAN_POINT('',(-0.117693870627425,0.00373270257296513,0.321857651510919));
#5954=CARTESIAN_POINT('',(-0.117693870627425,0.00515073119788015,0.322225452998748));
#5955=CARTESIAN_POINT('',(-0.116180593447257,0.00254256733059905,0.313567794431782));
#5956=CARTESIAN_POINT('',(-0.117092492673992,0.00309288006841354,0.317691406665704));
#5957=CARTESIAN_POINT('',(-0.11767767161612,0.00397171759420486,0.321001339404455));
#5958=CARTESIAN_POINT('',(-0.11767767161612,0.00537390318760257,0.321365031602485));
#5959=CARTESIAN_POINT('',(-0.116150766862735,0.0028454465630174,0.312648558199253));
#5960=CARTESIAN_POINT('',(-0.117063491949853,0.00340785709727025,0.316656486404886));
#5961=CARTESIAN_POINT('',(-0.117650824073572,0.00428858651496297,0.319874918214544));
#5962=CARTESIAN_POINT('',(-0.117650824073572,0.00566762609247419,0.32023260690959));
#5963=CARTESIAN_POINT('',(-0.116143153443722,0.00291982558037751,0.312424904441937));
#5964=CARTESIAN_POINT('',(-0.117056029978491,0.00348494338978634,0.316404646508204));
#5965=CARTESIAN_POINT('',(-0.117643853949131,0.0043658930926423,0.31960077016849));
#5966=CARTESIAN_POINT('',(-0.117643853949131,0.00573912407842192,0.319956952258773));
#5967=CARTESIAN_POINT('',(-0.116125190515136,0.00308944672467387,0.311919540853278));
#5968=CARTESIAN_POINT('',(-0.117038299198618,0.00366013878290633,0.315835497528563));
#5969=CARTESIAN_POINT('',(-0.117627161806268,0.00454104050216862,0.318981106888199));
#5970=CARTESIAN_POINT('',(-0.117627161806268,0.00590075847350439,0.319333784037376));
#5971=CARTESIAN_POINT('',(-0.116114645267476,0.00318510870307113,0.31163793676491));
#5972=CARTESIAN_POINT('',(-0.117027806078537,0.00375852619917198,0.315518281207469));
#5973=CARTESIAN_POINT('',(-0.117617196525306,0.00463900657463409,0.318635663083487));
#5974=CARTESIAN_POINT('',(-0.117617196525306,0.00599088541795745,0.318986306957104));
#5975=CARTESIAN_POINT('',(-0.116087187565382,0.0034257699877436,0.310937684367567));
#5976=CARTESIAN_POINT('',(-0.11700029240506,0.00400499534831604,0.314729288466864));
#5977=CARTESIAN_POINT('',(-0.1175908706802,0.00488345385222601,0.317776277086196));
#5978=CARTESIAN_POINT('',(-0.1175908706802,0.00621514686293047,0.318121685255018));
#5979=CARTESIAN_POINT('',(-0.116069681758216,0.00357202074474423,0.310519287713771));
#5980=CARTESIAN_POINT('',(-0.116982587712795,0.00415385981619964,0.314257724078041));
#5981=CARTESIAN_POINT('',(-0.117573764472214,0.00503024813152394,0.31726248855046));
#5982=CARTESIAN_POINT('',(-0.117573764472214,0.00634926375548099,0.317604608519294));
#5983=CARTESIAN_POINT('',(-0.116051197197777,0.00372030151881241,0.310101000443526));
#5984=CARTESIAN_POINT('',(-0.116963742217499,0.00430401221238729,0.313786199507283));
#5985=CARTESIAN_POINT('',(-0.117555404041446,0.00517759348777017,0.3167486438715));
#5986=CARTESIAN_POINT('',(-0.117555404041446,0.00648342902929836,0.317087345253543));
#5987=CARTESIAN_POINT('',(-0.115335261711501,0.0147030623326114,0.285397219748081));
#5988=CARTESIAN_POINT('',(-0.11534,0.0147229610567691,0.285320501840763));
#5989=CARTESIAN_POINT('',(-0.115344738288499,0.0147030623326114,0.285397219748081));
#5990=CARTESIAN_POINT('',(-0.115374994542296,0.0146290926296306,0.285682403902235));
#5991=CARTESIAN_POINT('',(-0.115403896399888,0.0145516634790593,0.285980925674295));
#5992=CARTESIAN_POINT('',(-0.115438617283062,0.014460559084589,0.286332171233352));
#5993=CARTESIAN_POINT('',(-0.115474958633726,0.0143637486486835,0.286705415969568));
#5994=CARTESIAN_POINT('',(-0.115514035027345,0.0142589574413346,0.287109429918878));
#5995=CARTESIAN_POINT('',(-0.115555441497232,0.0141468315803698,0.287541722026721));
#5996=CARTESIAN_POINT('',(-0.115599200007636,0.0140271883258947,0.288002996831847));
#5997=CARTESIAN_POINT('',(-0.115645207913361,0.0139000791806178,0.288493055769768));
#5998=CARTESIAN_POINT('',(-0.115693393999695,0.0137654896803252,0.289011954606078));
#5999=CARTESIAN_POINT('',(-0.115743674825166,0.0136234238791218,0.289559677710508));
#6000=CARTESIAN_POINT('',(-0.115795967181311,0.013473880645997,0.290136229443577));
#6001=CARTESIAN_POINT('',(-0.115850184761929,0.0133168602974703,0.29074160858497));
#6002=CARTESIAN_POINT('',(-0.115906239181211,0.0131523627475952,0.291375815466046));
#6003=CARTESIAN_POINT('',(-0.115964039700769,0.0129803880183263,0.292038850002161));
#6004=CARTESIAN_POINT('',(-0.11602349321632,0.0128009361174996,0.292730712163105));
#6005=CARTESIAN_POINT('',(-0.116084504091226,0.0126140069966697,0.293451402135653));
#6006=CARTESIAN_POINT('',(-0.116146973807362,0.0124196008556583,0.294200919149411));
#6007=CARTESIAN_POINT('',(-0.116210800918525,0.0122177169332615,0.294979266139137));
#6008=CARTESIAN_POINT('',(-0.116275879256789,0.012008358159655,0.29578643180778));
#6009=CARTESIAN_POINT('',(-0.116342102214855,0.0117915133151252,0.296622459412027));
#6010=CARTESIAN_POINT('',(-0.116409343037994,0.0115672253735762,0.297487183269499));
#6011=CARTESIAN_POINT('',(-0.116477526155311,0.0113353299366284,0.298381237204735));
#6012=CARTESIAN_POINT('',(-0.116546349422453,0.0110964554789042,0.299302198185109));
#6013=CARTESIAN_POINT('',(-0.116615846836234,0.0108499487437275,0.30025258478843));
#6014=CARTESIAN_POINT('',(-0.116682928183665,0.0106065970839845,0.301190807255863));
#6015=CARTESIAN_POINT('',(-0.116747839888528,0.0103657244750067,0.302119471945351));
#6016=CARTESIAN_POINT('',(-0.116810433661811,0.0101279786287412,0.303036081656336));
#6017=CARTESIAN_POINT('',(-0.116870792154821,0.00989318760746004,0.303941299280699));
#6018=CARTESIAN_POINT('',(-0.11692893149317,0.00966139704218789,0.304834948891747));
#6019=CARTESIAN_POINT('',(-0.11698488083005,0.00943259481936915,0.305717077192304));
#6020=CARTESIAN_POINT('',(-0.117038661795723,0.00920678414992444,0.306587671802928));
#6021=CARTESIAN_POINT('',(-0.117090294482848,0.00898396417877433,0.307446736020309));
#6022=CARTESIAN_POINT('',(-0.117139796359772,0.00876413512987,0.308294268981021));
#6023=CARTESIAN_POINT('',(-0.117187183030899,0.00854729694116638,0.309130270924274));
#6024=CARTESIAN_POINT('',(-0.11723246847867,0.00833344962672741,0.309954741795845));
#6025=CARTESIAN_POINT('',(-0.117275665415679,0.00812259318060263,0.310767681618676));
#6026=CARTESIAN_POINT('',(-0.117316785581153,0.00791472760255537,0.311569090393679));
#6027=CARTESIAN_POINT('',(-0.11735584002686,0.00770985289031517,0.312358968129608));
#6028=CARTESIAN_POINT('',(-0.117392839380972,0.00750796904500092,0.313137314822149));
#6029=CARTESIAN_POINT('',(-0.117427794095693,0.00730907605720624,0.313904130507567));
#6030=CARTESIAN_POINT('',(-0.117460714671314,0.00711317395669078,0.314659415071128));
#6031=CARTESIAN_POINT('',(-0.117491611884565,0.00692026262944562,0.315403168952382));
#6032=CARTESIAN_POINT('',(-0.117520496922566,0.00673034249237612,0.316135390543986));
#6033=CARTESIAN_POINT('',(-0.117547381789784,0.00654341200493286,0.316856085785401));
#6034=CARTESIAN_POINT('',(-0.117572278636511,0.00635947684501118,0.317565232785965));
#6035=CARTESIAN_POINT('',(-0.117595202995413,0.00617851607901124,0.318262912253465));
#6036=CARTESIAN_POINT('',(-0.117616162547096,0.00600060686219029,0.318948826722103));
#6037=CARTESIAN_POINT('',(-0.117635199157146,0.00582546487500378,0.319624072362681));
#6038=CARTESIAN_POINT('',(-0.117652308791719,0.00565339109838013,0.320287488767791));
#6039=CARTESIAN_POINT('',(-0.117667907172005,0.00547974666530489,0.320956960710689));
#6040=CARTESIAN_POINT('',(-0.117681840357597,0.00530482751755988,0.321631347211983));
#6041=CARTESIAN_POINT('',(-0.117694013506557,0.00512835332713748,0.322311729053434));
#6042=CARTESIAN_POINT('',(-0.11770428372209,0.00495039983205049,0.322997814233313));
#6043=CARTESIAN_POINT('',(-0.117712507519075,0.00477094601841799,0.323689683768923));
#6044=CARTESIAN_POINT('',(-0.117718526705945,0.00458999971071976,0.324387307493621));
#6045=CARTESIAN_POINT('',(-0.117722169667872,0.00440755061991,0.325090725075983));
#6046=CARTESIAN_POINT('',(-0.117723251748832,0.0042236321432005,0.325799807755784));
#6047=CARTESIAN_POINT('',(-0.11772156209242,0.00403812018053202,0.326515033990677));
#6048=CARTESIAN_POINT('',(-0.117716903927405,0.00385148020330956,0.327234609193641));
#6049=CARTESIAN_POINT('',(-0.117708984066462,0.00366322560972074,0.327960409418257));
#6050=CARTESIAN_POINT('',(-0.11769805451983,0.00348106282374297,0.328662723175701));
#6051=CARTESIAN_POINT('',(-0.117684251198422,0.00330452712255602,0.329343342166885));
#6052=CARTESIAN_POINT('',(-0.117667724551876,0.00313406584169506,0.330000541726157));
#6053=CARTESIAN_POINT('',(-0.117648618520198,0.00296956210983352,0.330634772441377));
#6054=CARTESIAN_POINT('',(-0.117627089938372,0.002811046467496,0.331245916566046));
#6055=CARTESIAN_POINT('',(-0.117603303633431,0.00265851087615402,0.331834005092054));
#6056=CARTESIAN_POINT('',(-0.117577434103457,0.00251195774553244,0.332399028728905));
#6057=CARTESIAN_POINT('',(-0.117549664758976,0.00237138536024612,0.332940994090125));
#6058=CARTESIAN_POINT('',(-0.117520190547486,0.00223679815888821,0.33345988406308));
#6059=CARTESIAN_POINT('',(-0.117489209906554,0.0021081806416653,0.33395575840596));
#6060=CARTESIAN_POINT('',(-0.117456954924713,0.00198558860937842,0.33442840198333));
#6061=CARTESIAN_POINT('',(-0.117423584011374,0.00186882138160603,0.334878588502178));
#6062=CARTESIAN_POINT('',(-0.11738941232677,0.00175809247748831,0.335305494756884));
#6063=CARTESIAN_POINT('',(-0.117353627539813,0.00165030949694362,0.335721043243632));
#6064=CARTESIAN_POINT('',(-0.117316312569881,0.00154565687356333,0.33612452289376));
#6065=CARTESIAN_POINT('',(-0.117277456638903,0.00144395840897996,0.336516613025696));
#6066=CARTESIAN_POINT('',(-0.117237113423829,0.00134526032324891,0.336897135441788));
#6067=CARTESIAN_POINT('',(-0.117195320001298,0.00124955047958523,0.337266136934419));
#6068=CARTESIAN_POINT('',(-0.117152117987369,0.00115683204033151,0.337623605311438));
#6069=CARTESIAN_POINT('',(-0.117107547871678,0.00106710415555145,0.337969543849702));
#6070=CARTESIAN_POINT('',(-0.117061650379215,0.000980367022271116,0.338303951789595));
#6071=CARTESIAN_POINT('',(-0.117014465992349,0.000896620559016894,0.338626829445232));
#6072=CARTESIAN_POINT('',(-0.116966034956471,0.000815864751707562,0.3389381768709));
#6073=CARTESIAN_POINT('',(-0.116916397161746,0.000738099562065357,0.339237994214178));
#6074=CARTESIAN_POINT('',(-0.116865592060673,0.000663324950104339,0.339526281629228));
#6075=CARTESIAN_POINT('',(-0.116813658580563,0.00059154086644801,0.339803039306416));
#6076=CARTESIAN_POINT('',(-0.11676063504263,0.000522747252039418,0.340068267473432));
#6077=CARTESIAN_POINT('',(-0.11670655908586,0.000456944035297379,0.340321966406252));
#6078=CARTESIAN_POINT('',(-0.116651467597608,0.000394131129120091,0.340564136440689));
#6079=CARTESIAN_POINT('',(-0.116595396652298,0.000334308426856661,0.340794777987927));
#6080=CARTESIAN_POINT('',(-0.116538381460266,0.0002774757971392,0.341013891554444));
#6081=CARTESIAN_POINT('',(-0.116480456329424,0.000223633077160602,0.341221477767929));
#6082=CARTESIAN_POINT('',(-0.11642165464347,0.000172780063934637,0.341417537410981));
#6083=CARTESIAN_POINT('',(-0.11636200886163,0.000124916502925778,0.341602071464939));
#6084=CARTESIAN_POINT('',(-0.116301550548511,8.00420733692861E-5,0.341775081166486));
#6085=CARTESIAN_POINT('',(-0.116240310442852,3.81563694183797E-5,0.341936568080331));
#6086=CARTESIAN_POINT('',(-0.116178318595618,-7.41122999139803E-7,0.342086534188437));
#6087=CARTESIAN_POINT('',(-0.116115604572189,-3.66510547719452E-5,0.342224982000253));
#6088=CARTESIAN_POINT('',(-0.116052197920875,-6.95742396939108E-5,0.342351914653294));
#6089=CARTESIAN_POINT('',(-0.115988128543342,-9.95116881503206E-5,0.342467336043019));
#6090=CARTESIAN_POINT('',(-0.115923428983043,-0.000126464560725526,0.342571250643966));
#6091=CARTESIAN_POINT('',(-0.115858133141071,-0.0001504342227086,0.342663663719895));
#6092=CARTESIAN_POINT('',(-0.115792294577035,-0.000171421471165672,0.34274457834383));
#6093=CARTESIAN_POINT('',(-0.115725952947202,-0.000189427560791439,0.342813999353143));
#6094=CARTESIAN_POINT('',(-0.115659325902908,-0.000204446498599788,0.342871903642366));
#6095=CARTESIAN_POINT('',(-0.115592339501883,-0.000216482455426978,0.342918307291818));
#6096=CARTESIAN_POINT('',(-0.115526913819093,-0.000225464384694103,0.342952936387211));
#6097=CARTESIAN_POINT('',(-0.115461871533251,-0.000231447024128914,0.342976001965388));
#6098=CARTESIAN_POINT('',(-0.115410590262391,-0.000234469915818784,0.342987656477641));
#6099=CARTESIAN_POINT('',(-0.11534,-0.000236277833900063,0.342994626758283));
#6100=CARTESIAN_POINT('',(-0.115269409737609,-0.000234469915818784,0.342987656477641));
#6101=CARTESIAN_POINT('',(-0.115218128466749,-0.000231447024128914,0.342976001965388));
#6102=CARTESIAN_POINT('',(-0.115153086180907,-0.000225464384694103,0.342952936387211));
#6103=CARTESIAN_POINT('',(-0.115087660498117,-0.000216482455426978,0.342918307291818));
#6104=CARTESIAN_POINT('',(-0.115020674097092,-0.000204446498599788,0.342871903642366));
#6105=CARTESIAN_POINT('',(-0.114954047052798,-0.00018942756079144,0.342813999353143));
#6106=CARTESIAN_POINT('',(-0.114887705422965,-0.00017142147116567,0.34274457834383));
#6107=CARTESIAN_POINT('',(-0.114821866858929,-0.000150434222708601,0.342663663719895));
#6108=CARTESIAN_POINT('',(-0.114756571016957,-0.000126464560725526,0.342571250643966));
#6109=CARTESIAN_POINT('',(-0.114691871456658,-9.95116881503206E-5,0.342467336043019));
#6110=CARTESIAN_POINT('',(-0.114627802079125,-6.95742396939108E-5,0.342351914653294));
#6111=CARTESIAN_POINT('',(-0.114564395427811,-3.66510547719452E-5,0.342224982000253));
#6112=CARTESIAN_POINT('',(-0.114501681404382,-7.41122999138935E-7,0.342086534188437));
#6113=CARTESIAN_POINT('',(-0.114439689557148,3.81563694183797E-5,0.341936568080331));
#6114=CARTESIAN_POINT('',(-0.114378449451489,8.00420733692861E-5,0.341775081166486));
#6115=CARTESIAN_POINT('',(-0.11431799113837,0.000124916502925779,0.341602071464939));
#6116=CARTESIAN_POINT('',(-0.11425834535653,0.000172780063934637,0.341417537410981));
#6117=CARTESIAN_POINT('',(-0.114199543670576,0.000223633077160602,0.341221477767929));
#6118=CARTESIAN_POINT('',(-0.114141618539734,0.000277475797139198,0.341013891554444));
#6119=CARTESIAN_POINT('',(-0.114084603347702,0.000334308426856663,0.340794777987927));
#6120=CARTESIAN_POINT('',(-0.114028532402391,0.000394131129120091,0.340564136440689));
#6121=CARTESIAN_POINT('',(-0.11397344091414,0.000456944035297379,0.340321966406252));
#6122=CARTESIAN_POINT('',(-0.11391936495737,0.000522747252039419,0.340068267473432));
#6123=CARTESIAN_POINT('',(-0.113866341419437,0.00059154086644801,0.339803039306416));
#6124=CARTESIAN_POINT('',(-0.113814407939327,0.000663324950104341,0.339526281629228));
#6125=CARTESIAN_POINT('',(-0.113763602838254,0.000738099562065356,0.339237994214178));
#6126=CARTESIAN_POINT('',(-0.113713965043529,0.000815864751707563,0.3389381768709));
#6127=CARTESIAN_POINT('',(-0.113665534007651,0.000896620559016893,0.338626829445232));
#6128=CARTESIAN_POINT('',(-0.113618349620785,0.000980367022271116,0.338303951789595));
#6129=CARTESIAN_POINT('',(-0.113572452128322,0.00106710415555145,0.337969543849702));
#6130=CARTESIAN_POINT('',(-0.113527882012631,0.00115683204033151,0.337623605311438));
#6131=CARTESIAN_POINT('',(-0.113484679998702,0.00124955047958524,0.337266136934419));
#6132=CARTESIAN_POINT('',(-0.11344288657617,0.00134526032324891,0.336897135441788));
#6133=CARTESIAN_POINT('',(-0.113402543361097,0.00144395840897996,0.336516613025696));
#6134=CARTESIAN_POINT('',(-0.113363687430118,0.00154565687356333,0.33612452289376));
#6135=CARTESIAN_POINT('',(-0.113326372460187,0.00165030949694362,0.335721043243632));
#6136=CARTESIAN_POINT('',(-0.11329058767323,0.0017580924774883,0.335305494756884));
#6137=CARTESIAN_POINT('',(-0.113256415988626,0.00186882138160603,0.334878588502178));
#6138=CARTESIAN_POINT('',(-0.113223045075287,0.00198558860937842,0.33442840198333));
#6139=CARTESIAN_POINT('',(-0.113190790093446,0.0021081806416653,0.33395575840596));
#6140=CARTESIAN_POINT('',(-0.113159809452514,0.00223679815888821,0.33345988406308));
#6141=CARTESIAN_POINT('',(-0.113130335241023,0.00237138536024612,0.332940994090125));
#6142=CARTESIAN_POINT('',(-0.113102565896542,0.00251195774553244,0.332399028728905));
#6143=CARTESIAN_POINT('',(-0.113076696366569,0.00265851087615402,0.331834005092054));
#6144=CARTESIAN_POINT('',(-0.113052910061628,0.00281104646749601,0.331245916566046));
#6145=CARTESIAN_POINT('',(-0.113031381479802,0.00296956210983353,0.330634772441377));
#6146=CARTESIAN_POINT('',(-0.113012275448124,0.00313406584169506,0.330000541726157));
#6147=CARTESIAN_POINT('',(-0.112995748801578,0.00330452712255602,0.329343342166885));
#6148=CARTESIAN_POINT('',(-0.11298194548017,0.00348106282374297,0.328662723175701));
#6149=CARTESIAN_POINT('',(-0.112971015933538,0.00366322560972073,0.327960409418257));
#6150=CARTESIAN_POINT('',(-0.112963096072595,0.00385148020330956,0.327234609193641));
#6151=CARTESIAN_POINT('',(-0.11295843790758,0.00403812018053201,0.326515033990677));
#6152=CARTESIAN_POINT('',(-0.112956748251168,0.0042236321432005,0.325799807755784));
#6153=CARTESIAN_POINT('',(-0.112957830332128,0.00440755061991001,0.325090725075983));
#6154=CARTESIAN_POINT('',(-0.112961473294055,0.00458999971071976,0.324387307493621));
#6155=CARTESIAN_POINT('',(-0.112967492480925,0.00477094601841799,0.323689683768923));
#6156=CARTESIAN_POINT('',(-0.11297571627791,0.00495039983205049,0.322997814233313));
#6157=CARTESIAN_POINT('',(-0.112985986493443,0.00512835332713747,0.322311729053434));
#6158=CARTESIAN_POINT('',(-0.112998159642403,0.00530482751755988,0.321631347211983));
#6159=CARTESIAN_POINT('',(-0.113012092827995,0.0054797466653049,0.320956960710689));
#6160=CARTESIAN_POINT('',(-0.113027691208281,0.00565339109838013,0.320287488767791));
#6161=CARTESIAN_POINT('',(-0.113044800842854,0.00582546487500378,0.319624072362681));
#6162=CARTESIAN_POINT('',(-0.113063837452904,0.00600060686219029,0.318948826722103));
#6163=CARTESIAN_POINT('',(-0.113084797004587,0.00617851607901124,0.318262912253465));
#6164=CARTESIAN_POINT('',(-0.113107721363489,0.00635947684501118,0.317565232785965));
#6165=CARTESIAN_POINT('',(-0.113132618210216,0.00654341200493286,0.316856085785401));
#6166=CARTESIAN_POINT('',(-0.113159503077434,0.00673034249237612,0.316135390543986));
#6167=CARTESIAN_POINT('',(-0.113188388115435,0.00692026262944562,0.315403168952382));
#6168=CARTESIAN_POINT('',(-0.113219285328686,0.00711317395669078,0.314659415071128));
#6169=CARTESIAN_POINT('',(-0.113252205904307,0.00730907605720624,0.313904130507567));
#6170=CARTESIAN_POINT('',(-0.113287160619028,0.00750796904500093,0.313137314822149));
#6171=CARTESIAN_POINT('',(-0.113324159973139,0.00770985289031517,0.312358968129608));
#6172=CARTESIAN_POINT('',(-0.113363214418847,0.00791472760255537,0.311569090393679));
#6173=CARTESIAN_POINT('',(-0.113404334584321,0.00812259318060263,0.310767681618676));
#6174=CARTESIAN_POINT('',(-0.11344753152133,0.00833344962672741,0.309954741795845));
#6175=CARTESIAN_POINT('',(-0.113492816969101,0.00854729694116638,0.309130270924274));
#6176=CARTESIAN_POINT('',(-0.113540203640228,0.00876413512987,0.308294268981021));
#6177=CARTESIAN_POINT('',(-0.113589705517152,0.00898396417877433,0.307446736020309));
#6178=CARTESIAN_POINT('',(-0.113641338204277,0.00920678414992444,0.306587671802928));
#6179=CARTESIAN_POINT('',(-0.11369511916995,0.00943259481936915,0.305717077192304));
#6180=CARTESIAN_POINT('',(-0.11375106850683,0.00966139704218789,0.304834948891747));
#6181=CARTESIAN_POINT('',(-0.113809207845179,0.00989318760746004,0.303941299280699));
#6182=CARTESIAN_POINT('',(-0.113869566338189,0.0101279786287412,0.303036081656336));
#6183=CARTESIAN_POINT('',(-0.113932160111472,0.0103657244750067,0.302119471945351));
#6184=CARTESIAN_POINT('',(-0.113997071816335,0.0106065970839845,0.301190807255863));
#6185=CARTESIAN_POINT('',(-0.114064153163766,0.0108499487437275,0.30025258478843));
#6186=CARTESIAN_POINT('',(-0.114133650577547,0.0110964554789042,0.299302198185109));
#6187=CARTESIAN_POINT('',(-0.114202473844689,0.0113353299366284,0.298381237204735));
#6188=CARTESIAN_POINT('',(-0.114270656962006,0.0115672253735762,0.297487183269499));
#6189=CARTESIAN_POINT('',(-0.114337897785145,0.0117915133151252,0.296622459412027));
#6190=CARTESIAN_POINT('',(-0.114404120743211,0.012008358159655,0.29578643180778));
#6191=CARTESIAN_POINT('',(-0.114469199081475,0.0122177169332615,0.294979266139137));
#6192=CARTESIAN_POINT('',(-0.114533026192638,0.0124196008556583,0.294200919149411));
#6193=CARTESIAN_POINT('',(-0.114595495908774,0.0126140069966697,0.293451402135653));
#6194=CARTESIAN_POINT('',(-0.11465650678368,0.0128009361174996,0.292730712163105));
#6195=CARTESIAN_POINT('',(-0.114715960299231,0.0129803880183263,0.292038850002161));
#6196=CARTESIAN_POINT('',(-0.114773760818789,0.0131523627475952,0.291375815466046));
#6197=CARTESIAN_POINT('',(-0.114829815238071,0.0133168602974703,0.29074160858497));
#6198=CARTESIAN_POINT('',(-0.114884032818689,0.013473880645997,0.290136229443577));
#6199=CARTESIAN_POINT('',(-0.114936325174834,0.0136234238791218,0.289559677710508));
#6200=CARTESIAN_POINT('',(-0.114986606000305,0.0137654896803252,0.289011954606078));
#6201=CARTESIAN_POINT('',(-0.115034792086639,0.0139000791806178,0.288493055769768));
#6202=CARTESIAN_POINT('',(-0.115080799992364,0.0140271883258947,0.288002996831847));
#6203=CARTESIAN_POINT('',(-0.115124558502768,0.0141468315803698,0.287541722026721));
#6204=CARTESIAN_POINT('',(-0.115165964972655,0.0142589574413346,0.287109429918878));
#6205=CARTESIAN_POINT('',(-0.115205041366274,0.0143637486486835,0.286705415969568));
#6206=CARTESIAN_POINT('',(-0.115241382716938,0.014460559084589,0.286332171233352));
#6207=CARTESIAN_POINT('',(-0.115276103600111,0.0145516634790593,0.285980925674295));
#6208=CARTESIAN_POINT('',(-0.115305005457704,0.0146290926296306,0.285682403902235));
#6209=CARTESIAN_POINT('',(-0.115335261711501,0.0147030623326114,0.285397219748081));
#6210=CARTESIAN_POINT('',(-0.11534,0.0147229610567691,0.285320501840763));
#6211=CARTESIAN_POINT('',(-0.115344738288499,0.0147030623326114,0.285397219748081));
#6212=CARTESIAN_POINT('',(0.115306810910407,0.00392044878224142,0.326968706465182));
#6213=CARTESIAN_POINT('',(-0.0224322499872959,-0.0250971091857499,0.438843533472003));
#6214=CARTESIAN_POINT('',(-0.116163497776345,0.00294825482370784,0.33071692094443));
#6215=CARTESIAN_POINT('',(-0.116743312836025,0.00312174151881154,0.330048057147409));
#6216=CARTESIAN_POINT('',(-0.0192993330542752,0.0322779935475872,0.217638506506221));
#6217=CARTESIAN_POINT('',(-0.116163497776345,0.00329522821391529,0.32937919335039));
#6218=CARTESIAN_POINT('',(-0.115339999999992,0.00312174151881157,0.330048057147409));
#6219=CARTESIAN_POINT('',(-0.0141003828918159,-0.0233418305099046,0.432076199762338));
#6220=CARTESIAN_POINT('',(-0.116163497776353,0.00719651477402903,0.314338101350222));
#6221=CARTESIAN_POINT('',(-0.116743312836032,0.00737000146913277,0.313669237553202));
#6222=CARTESIAN_POINT('',(-0.0276312001497652,0.0340332722234344,0.210871172796548));
#6223=CARTESIAN_POINT('',(-0.116163497776353,0.00754348816423644,0.313000373756183));
#6224=CARTESIAN_POINT('',(-0.11534,0.00737000146913275,0.313669237553202));
#6225=CARTESIAN_POINT('',(-0.116453405306193,0.00987666887702899,0.313962473992405));
#6226=CARTESIAN_POINT('',(-0.116743312836032,0.00978992552947712,0.314296905890914));
#6227=CARTESIAN_POINT('',(-0.116743312836032,0.00495007740878824,0.313041569215491));
#6228=CARTESIAN_POINT('',(-0.116453405306193,0.00503682075634011,0.312707137316981));
#6229=CARTESIAN_POINT('',(-0.116163497776353,0.00512356410389198,0.31237270541847));
#6230=CARTESIAN_POINT('',(-0.116163497776353,0.00996341222458086,0.313628042093894));
#6231=CARTESIAN_POINT('',(-0.11534,0.00978992552947716,0.314296905890914));
#6232=CARTESIAN_POINT('',(-0.11534,0.00495007740878828,0.31304156921549));
#6233=CARTESIAN_POINT('',(-0.116163497776353,0.00477659071368455,0.31371043301251));
#6234=CARTESIAN_POINT('',(-0.116163497776353,0.00961643883437344,0.314965769687934));
#6235=CARTESIAN_POINT('',(-0.116453405306192,0.00970318218192529,0.314631337789424));
#6236=CARTESIAN_POINT('',(-0.116453405306192,0.00486333406123641,0.313376001114));
#6237=CARTESIAN_POINT('',(-0.000489969456400059,0.00437232160780313,0.315269059563186));
#6238=CARTESIAN_POINT('',(-0.116453405306185,0.00562840892670785,0.330341293586611));
#6239=CARTESIAN_POINT('',(-0.116743312836025,0.00554166557915598,0.330675725485121));
#6240=CARTESIAN_POINT('',(-0.116743312836025,0.000701817458467096,0.329420388809697));
#6241=CARTESIAN_POINT('',(-0.116453405306185,0.000788560806018966,0.329085956911188));
#6242=CARTESIAN_POINT('',(-0.116163497776345,0.000875304153570823,0.328751525012678));
#6243=CARTESIAN_POINT('',(-0.116163497776345,0.00571515227425971,0.330006861688102));
#6244=CARTESIAN_POINT('',(-0.115339999999992,0.00554166557915598,0.330675725485121));
#6245=CARTESIAN_POINT('',(-0.115339999999992,0.000701817458467095,0.329420388809697));
#6246=CARTESIAN_POINT('',(-0.116163497776345,0.000528330763363383,0.330089252606718));
#6247=CARTESIAN_POINT('',(-0.116163497776345,0.00536817888405227,0.331344589282141));
#6248=CARTESIAN_POINT('',(-0.116453405306185,0.00545492223160412,0.331010157383632));
#6249=CARTESIAN_POINT('',(-0.116453405306185,0.000615074110915239,0.329754820708207));
#6250=CARTESIAN_POINT('',(-0.000489969456400059,0.00437232160780313,0.315269059563186));
#6251=CARTESIAN_POINT('',(-0.109501999987054,-0.00402895333064397,0.334580766056711));
#6252=CARTESIAN_POINT('',(-0.109501999987054,-0.00419923128985898,0.33569280491242));
#6253=CARTESIAN_POINT('',(-0.109499999987054,-0.00419923128985898,0.33569280491242));
#6254=CARTESIAN_POINT('',(-0.109499999987054,-0.00402895333064397,0.334580766056711));
#6255=CARTESIAN_POINT('',(-0.109499999987054,-0.003858675371429,0.333468727201003));
#6256=CARTESIAN_POINT('',(-0.109501999987054,-0.003858675371429,0.333468727201003));
#6257=CARTESIAN_POINT('',(-0.109501999987054,-0.00531127014556756,0.335522526953205));
#6258=CARTESIAN_POINT('',(-0.109501999987054,-0.00642330900127609,0.33535224899399));
#6259=CARTESIAN_POINT('',(-0.109499999987054,-0.00642330900127609,0.33535224899399));
#6260=CARTESIAN_POINT('',(-0.109499999987054,-0.00531127014556756,0.335522526953205));
#6261=CARTESIAN_POINT('',(-0.109501999987054,-0.00625303104206108,0.334240210138281));
#6262=CARTESIAN_POINT('',(-0.109501999987054,-0.00608275308284608,0.333128171282573));
#6263=CARTESIAN_POINT('',(-0.109499999987054,-0.00608275308284608,0.333128171282573));
#6264=CARTESIAN_POINT('',(-0.109499999987054,-0.00625303104206108,0.334240210138281));
#6265=CARTESIAN_POINT('',(-0.109501999987054,-0.00497071422713754,0.333298449241788));
#6266=CARTESIAN_POINT('',(-0.109499999987054,-0.00497071422713754,0.333298449241788));
#6267=CARTESIAN_POINT('',(-0.109499999987054,-0.00434600279546053,0.342129189320772));
#6268=CARTESIAN_POINT('',(-0.014,0.00355997356163026,0.310558524760274));
#6269=CARTESIAN_POINT('',(-0.014,0.00321447522142375,0.310268617230434));
#6270=CARTESIAN_POINT('',(-0.024,0.00321447522142375,0.310268617230434));
#6271=CARTESIAN_POINT('',(-0.024,0.00355997356163026,0.310558524760274));
#6272=CARTESIAN_POINT('',(-0.024,0.00390547190183676,0.310848432290113));
#6273=CARTESIAN_POINT('',(-0.014,0.00390547190183676,0.310848432290113));
#6274=CARTESIAN_POINT('',(-0.014,0.00425097024204329,0.310558524760274));
#6275=CARTESIAN_POINT('',(-0.024,0.00425097024204329,0.310558524760274));
#6276=CARTESIAN_POINT('',(-0.024,0.00459646858224984,0.310268617230434));
#6277=CARTESIAN_POINT('',(-0.014,0.00459646858224984,0.310268617230434));
#6278=CARTESIAN_POINT('',(-0.014,0.00390547190183677,0.30944511945408));
#6279=CARTESIAN_POINT('',(-0.024,0.00390547190183677,0.30944511945408));
#6280=CARTESIAN_POINT('',(-0.024,0.00390547190183677,0.30944511945408));
#6281=CARTESIAN_POINT('',(-0.024,0.00143842697312568,0.32504153995987));
#6282=CARTESIAN_POINT('',(-0.014,0.00626530838724145,0.305347888931342));
#6283=CARTESIAN_POINT('',(-0.014,0.00591981004703493,0.305057981401502));
#6284=CARTESIAN_POINT('',(-0.024,0.00591981004703493,0.305057981401502));
#6285=CARTESIAN_POINT('',(-0.024,0.00626530838724145,0.305347888931342));
#6286=CARTESIAN_POINT('',(-0.024,0.00661080672744793,0.305637796461181));
#6287=CARTESIAN_POINT('',(-0.014,0.00661080672744793,0.305637796461181));
#6288=CARTESIAN_POINT('',(-0.014,0.00695630506765445,0.305347888931342));
#6289=CARTESIAN_POINT('',(-0.024,0.00695630506765445,0.305347888931342));
#6290=CARTESIAN_POINT('',(-0.024,0.00730180340786097,0.305057981401502));
#6291=CARTESIAN_POINT('',(-0.014,0.00730180340786097,0.305057981401502));
#6292=CARTESIAN_POINT('',(-0.014,0.00661080672744795,0.304234483625149));
#6293=CARTESIAN_POINT('',(-0.024,0.00661080672744795,0.304234483625149));
#6294=CARTESIAN_POINT('',(-0.024,0.00143842697312568,0.32504153995987));
#6295=MECHANICAL_DESIGN_GEOMETRIC_PRESENTATION_REPRESENTATION('',(#595),
#6296);
#6296=(
GEOMETRIC_REPRESENTATION_CONTEXT(3)
GLOBAL_UNCERTAINTY_ASSIGNED_CONTEXT((#6297))
GLOBAL_UNIT_ASSIGNED_CONTEXT((#6300,#6299,#6298))
REPRESENTATION_CONTEXT('Part 1','TOP_LEVEL_ASSEMBLY_PART')
);
#6297=UNCERTAINTY_MEASURE_WITH_UNIT(LENGTH_MEASURE(2.E-5),#6300,
'DISTANCE_ACCURACY_VALUE','Maximum Tolerance applied to model');
#6298=(
NAMED_UNIT(*)
SI_UNIT($,.STERADIAN.)
SOLID_ANGLE_UNIT()
);
#6299=(
NAMED_UNIT(*)
PLANE_ANGLE_UNIT()
SI_UNIT($,.RADIAN.)
);
#6300=(
LENGTH_UNIT()
NAMED_UNIT(*)
SI_UNIT($,.METRE.)
);
#6301=PRODUCT_DEFINITION_SHAPE('','',#6302);
#6302=PRODUCT_DEFINITION('','',#6304,#6303);
#6303=PRODUCT_DEFINITION_CONTEXT('',#6310,'design');
#6304=PRODUCT_DEFINITION_FORMATION_WITH_SPECIFIED_SOURCE('','',#6306,
 .NOT_KNOWN.);
#6305=PRODUCT_RELATED_PRODUCT_CATEGORY('','',(#6306));
#6306=PRODUCT('Part 1','Part 1','Part 1',(#6308));
#6307=PRODUCT_CATEGORY('','');
#6308=PRODUCT_CONTEXT('',#6310,'mechanical');
#6309=APPLICATION_PROTOCOL_DEFINITION('international standard',
'ap242_managed_model_based_3d_engineering',2020,#6310);
#6310=APPLICATION_CONTEXT('managed model based 3d engineering');
ENDSEC;
END-ISO-10303-21;
