ISO-10303-21;
HEADER;
/* Generated by software containing ST-Developer
 * from STEP Tools, Inc. (www.steptools.com) 
 */
/* OPTION: using custom renumber hook */

FILE_DESCRIPTION(
/* description */ ('STEP AP242 Edition 2',
'CAx-IF Rec.Pracs.---Representation and Presentation of Product Manufa
cturing Information (PMI)---4.0---2014-10-13',
'CAx-IF Rec.Pracs.---3D Tessellated Geometry---0.4---2014-09-14','2;1',
'CAx-IF Rec.Pracs.---User Defined Attributes---1.5---2016-08-15'),
/* implementation_level */ '2;1');

FILE_NAME(
/* name */ 'Main chassis - Part 2',
/* time_stamp */ '2026-06-20T13:46:14Z',
/* author */ (''),
/* organization */ (''),
/* preprocessor_version */ 'ST-DEVELOPER v20',
/* originating_system */ 'ONSHAPE BY PTC INC, 1.216',
/* authorisation */ '  ');

FILE_SCHEMA (('AP242_MANAGED_MODEL_BASED_3D_ENGINEERING_MIM_LF { 1 0 10303 442 3 1 4 }'));
ENDSEC;

DATA;
#10=SHAPE_REPRESENTATION_RELATIONSHIP('','',#1004,#11);
#11=ADVANCED_BREP_SHAPE_REPRESENTATION('',(#1002),#3229);
#12=B_SPLINE_SURFACE_WITH_KNOTS('',3,1,((#2367,#2368),(#2369,#2370),(#2371,
#2372),(#2373,#2374)),.SURF_OF_LINEAR_EXTRUSION.,.F.,.F.,.F.,(4,4),(2,2),
(-1.24335175956383E-16,1.),(0.,1.),.PIECEWISE_BEZIER_KNOTS.);
#13=B_SPLINE_SURFACE_WITH_KNOTS('',3,1,((#2429,#2430),(#2431,#2432),(#2433,
#2434),(#2435,#2436)),.SURF_OF_LINEAR_EXTRUSION.,.F.,.F.,.F.,(4,4),(2,2),
(0.,0.0667987071396747),(0.,1.),.PIECEWISE_BEZIER_KNOTS.);
#14=B_SPLINE_SURFACE_WITH_KNOTS('',3,1,((#2451,#2452),(#2453,#2454),(#2455,
#2456),(#2457,#2458)),.SURF_OF_LINEAR_EXTRUSION.,.F.,.F.,.F.,(4,4),(2,2),
(0.10542922168945,1.),(0.,1.),.PIECEWISE_BEZIER_KNOTS.);
#15=B_SPLINE_SURFACE_WITH_KNOTS('',3,1,((#2541,#2542),(#2543,#2544),(#2545,
#2546),(#2547,#2548)),.SURF_OF_LINEAR_EXTRUSION.,.F.,.F.,.F.,(4,4),(2,2),
(-5.04096554343809E-16,1.),(0.,1.),.PIECEWISE_BEZIER_KNOTS.);
#16=B_SPLINE_SURFACE_WITH_KNOTS('',3,1,((#2563,#2564),(#2565,#2566),(#2567,
#2568),(#2569,#2570)),.SURF_OF_LINEAR_EXTRUSION.,.F.,.F.,.F.,(4,4),(2,2),
(-7.89464834309881E-17,1.),(0.,1.),.PIECEWISE_BEZIER_KNOTS.);
#17=B_SPLINE_SURFACE_WITH_KNOTS('',3,1,((#2607,#2608),(#2609,#2610),(#2611,
#2612),(#2613,#2614)),.SURF_OF_LINEAR_EXTRUSION.,.F.,.F.,.F.,(4,4),(2,2),
(0.,1.),(0.,1.),.PIECEWISE_BEZIER_KNOTS.);
#18=B_SPLINE_SURFACE_WITH_KNOTS('',3,1,((#2637,#2638),(#2639,#2640),(#2641,
#2642),(#2643,#2644)),.SURF_OF_LINEAR_EXTRUSION.,.F.,.F.,.F.,(4,4),(2,2),
(-1.64550753001568E-15,1.),(0.,1.),.PIECEWISE_BEZIER_KNOTS.);
#19=B_SPLINE_SURFACE_WITH_KNOTS('',3,1,((#2673,#2674),(#2675,#2676),(#2677,
#2678),(#2679,#2680)),.SURF_OF_LINEAR_EXTRUSION.,.F.,.F.,.F.,(4,4),(2,2),
(-4.481684592739E-16,1.),(0.,1.),.PIECEWISE_BEZIER_KNOTS.);
#20=B_SPLINE_SURFACE_WITH_KNOTS('',3,3,((#2745,#2746,#2747,#2748,#2749,
#2750,#2751),(#2752,#2753,#2754,#2755,#2756,#2757,#2758),(#2759,#2760,#2761,
#2762,#2763,#2764,#2765),(#2766,#2767,#2768,#2769,#2770,#2771,#2772),(#2773,
#2774,#2775,#2776,#2777,#2778,#2779),(#2780,#2781,#2782,#2783,#2784,#2785,
#2786),(#2787,#2788,#2789,#2790,#2791,#2792,#2793),(#2794,#2795,#2796,#2797,
#2798,#2799,#2800),(#2801,#2802,#2803,#2804,#2805,#2806,#2807),(#2808,#2809,
#2810,#2811,#2812,#2813,#2814),(#2815,#2816,#2817,#2818,#2819,#2820,#2821),
(#2822,#2823,#2824,#2825,#2826,#2827,#2828),(#2829,#2830,#2831,#2832,#2833,
#2834,#2835),(#2836,#2837,#2838,#2839,#2840,#2841,#2842),(#2843,#2844,#2845,
#2846,#2847,#2848,#2849),(#2850,#2851,#2852,#2853,#2854,#2855,#2856),(#2857,
#2858,#2859,#2860,#2861,#2862,#2863),(#2864,#2865,#2866,#2867,#2868,#2869,
#2870),(#2871,#2872,#2873,#2874,#2875,#2876,#2877),(#2878,#2879,#2880,#2881,
#2882,#2883,#2884),(#2885,#2886,#2887,#2888,#2889,#2890,#2891),(#2892,#2893,
#2894,#2895,#2896,#2897,#2898)),.UNSPECIFIED.,.F.,.F.,.F.,(4,2,2,2,2,2,
2,2,2,2,4),(4,1,1,1,4),(0.,0.0625,0.125,0.25,0.375,0.5,0.625,0.75,0.875,
0.9375,1.),(0.0116837320395841,0.0136794062754777,0.0160531093485999,0.0184268124217221,
0.0208005154948444),.UNSPECIFIED.);
#21=B_SPLINE_SURFACE_WITH_KNOTS('',3,3,((#2899,#2900,#2901,#2902,#2903,
#2904,#2905,#2906,#2907,#2908,#2909),(#2910,#2911,#2912,#2913,#2914,#2915,
#2916,#2917,#2918,#2919,#2920),(#2921,#2922,#2923,#2924,#2925,#2926,#2927,
#2928,#2929,#2930,#2931),(#2932,#2933,#2934,#2935,#2936,#2937,#2938,#2939,
#2940,#2941,#2942),(#2943,#2944,#2945,#2946,#2947,#2948,#2949,#2950,#2951,
#2952,#2953),(#2954,#2955,#2956,#2957,#2958,#2959,#2960,#2961,#2962,#2963,
#2964),(#2965,#2966,#2967,#2968,#2969,#2970,#2971,#2972,#2973,#2974,#2975),
(#2976,#2977,#2978,#2979,#2980,#2981,#2982,#2983,#2984,#2985,#2986),(#2987,
#2988,#2989,#2990,#2991,#2992,#2993,#2994,#2995,#2996,#2997),(#2998,#2999,
#3000,#3001,#3002,#3003,#3004,#3005,#3006,#3007,#3008),(#3009,#3010,#3011,
#3012,#3013,#3014,#3015,#3016,#3017,#3018,#3019),(#3020,#3021,#3022,#3023,
#3024,#3025,#3026,#3027,#3028,#3029,#3030),(#3031,#3032,#3033,#3034,#3035,
#3036,#3037,#3038,#3039,#3040,#3041),(#3042,#3043,#3044,#3045,#3046,#3047,
#3048,#3049,#3050,#3051,#3052),(#3053,#3054,#3055,#3056,#3057,#3058,#3059,
#3060,#3061,#3062,#3063),(#3064,#3065,#3066,#3067,#3068,#3069,#3070,#3071,
#3072,#3073,#3074),(#3075,#3076,#3077,#3078,#3079,#3080,#3081,#3082,#3083,
#3084,#3085),(#3086,#3087,#3088,#3089,#3090,#3091,#3092,#3093,#3094,#3095,
#3096),(#3097,#3098,#3099,#3100,#3101,#3102,#3103,#3104,#3105,#3106,#3107),
(#3108,#3109,#3110,#3111,#3112,#3113,#3114,#3115,#3116,#3117,#3118),(#3119,
#3120,#3121,#3122,#3123,#3124,#3125,#3126,#3127,#3128,#3129),(#3130,#3131,
#3132,#3133,#3134,#3135,#3136,#3137,#3138,#3139,#3140)),.UNSPECIFIED.,.F.,
 .F.,.F.,(4,2,2,2,2,2,2,2,2,2,4),(4,1,1,1,1,1,1,1,4),(0.,0.0625,0.125,0.25,
0.375,0.5,0.625,0.75,0.875,0.9375,1.),(0.0119324755956968,0.0128886599891485,
0.0145738070919479,0.0162589541947473,0.0179441012975468,0.0196292484003462,
0.0213143955031457,0.0229995426059451,0.0241459898166207),.UNSPECIFIED.);
#22=B_SPLINE_SURFACE_WITH_KNOTS('',3,1,((#3145,#3146),(#3147,#3148),(#3149,
#3150),(#3151,#3152)),.SURF_OF_LINEAR_EXTRUSION.,.F.,.F.,.F.,(4,4),(2,2),
(4.45143259373291E-5,1.00000000715019),(0.,1.),.PIECEWISE_BEZIER_KNOTS.);
#23=SPHERICAL_SURFACE('',#1044,0.002);
#24=SPHERICAL_SURFACE('',#1050,0.00298315541378748);
#25=(
BOUNDED_SURFACE()
B_SPLINE_SURFACE(3,2,((#1393,#1394,#1395,#1396,#1397,#1398,#1399,#1400,
#1401,#1402,#1403,#1404,#1405,#1406,#1407,#1408,#1409,#1410,#1411,#1412,
#1413,#1414,#1415,#1416,#1417,#1418,#1419,#1420,#1421,#1422,#1423,#1424,
#1425,#1426,#1427,#1428,#1429,#1430,#1431,#1432,#1433,#1434,#1435,#1436,
#1437,#1438,#1439,#1440,#1441,#1442,#1443,#1444,#1445,#1446,#1447,#1448,
#1449,#1450,#1451,#1452,#1453,#1454,#1455,#1456,#1457,#1458,#1459,#1460,
#1461,#1462,#1463,#1464,#1465,#1466,#1467,#1468,#1469,#1470,#1471,#1472,
#1473,#1474,#1475,#1476,#1477,#1478,#1479,#1480,#1481,#1482,#1483,#1484,
#1485,#1486,#1487,#1488,#1489,#1490,#1491,#1492,#1493,#1494,#1495,#1496,
#1497,#1498,#1499,#1500,#1501),(#1502,#1503,#1504,#1505,#1506,#1507,#1508,
#1509,#1510,#1511,#1512,#1513,#1514,#1515,#1516,#1517,#1518,#1519,#1520,
#1521,#1522,#1523,#1524,#1525,#1526,#1527,#1528,#1529,#1530,#1531,#1532,
#1533,#1534,#1535,#1536,#1537,#1538,#1539,#1540,#1541,#1542,#1543,#1544,
#1545,#1546,#1547,#1548,#1549,#1550,#1551,#1552,#1553,#1554,#1555,#1556,
#1557,#1558,#1559,#1560,#1561,#1562,#1563,#1564,#1565,#1566,#1567,#1568,
#1569,#1570,#1571,#1572,#1573,#1574,#1575,#1576,#1577,#1578,#1579,#1580,
#1581,#1582,#1583,#1584,#1585,#1586,#1587,#1588,#1589,#1590,#1591,#1592,
#1593,#1594,#1595,#1596,#1597,#1598,#1599,#1600,#1601,#1602,#1603,#1604,
#1605,#1606,#1607,#1608,#1609,#1610),(#1611,#1612,#1613,#1614,#1615,#1616,
#1617,#1618,#1619,#1620,#1621,#1622,#1623,#1624,#1625,#1626,#1627,#1628,
#1629,#1630,#1631,#1632,#1633,#1634,#1635,#1636,#1637,#1638,#1639,#1640,
#1641,#1642,#1643,#1644,#1645,#1646,#1647,#1648,#1649,#1650,#1651,#1652,
#1653,#1654,#1655,#1656,#1657,#1658,#1659,#1660,#1661,#1662,#1663,#1664,
#1665,#1666,#1667,#1668,#1669,#1670,#1671,#1672,#1673,#1674,#1675,#1676,
#1677,#1678,#1679,#1680,#1681,#1682,#1683,#1684,#1685,#1686,#1687,#1688,
#1689,#1690,#1691,#1692,#1693,#1694,#1695,#1696,#1697,#1698,#1699,#1700,
#1701,#1702,#1703,#1704,#1705,#1706,#1707,#1708,#1709,#1710,#1711,#1712,
#1713,#1714,#1715,#1716,#1717,#1718,#1719),(#1720,#1721,#1722,#1723,#1724,
#1725,#1726,#1727,#1728,#1729,#1730,#1731,#1732,#1733,#1734,#1735,#1736,
#1737,#1738,#1739,#1740,#1741,#1742,#1743,#1744,#1745,#1746,#1747,#1748,
#1749,#1750,#1751,#1752,#1753,#1754,#1755,#1756,#1757,#1758,#1759,#1760,
#1761,#1762,#1763,#1764,#1765,#1766,#1767,#1768,#1769,#1770,#1771,#1772,
#1773,#1774,#1775,#1776,#1777,#1778,#1779,#1780,#1781,#1782,#1783,#1784,
#1785,#1786,#1787,#1788,#1789,#1790,#1791,#1792,#1793,#1794,#1795,#1796,
#1797,#1798,#1799,#1800,#1801,#1802,#1803,#1804,#1805,#1806,#1807,#1808,
#1809,#1810,#1811,#1812,#1813,#1814,#1815,#1816,#1817,#1818,#1819,#1820,
#1821,#1822,#1823,#1824,#1825,#1826,#1827,#1828),(#1829,#1830,#1831,#1832,
#1833,#1834,#1835,#1836,#1837,#1838,#1839,#1840,#1841,#1842,#1843,#1844,
#1845,#1846,#1847,#1848,#1849,#1850,#1851,#1852,#1853,#1854,#1855,#1856,
#1857,#1858,#1859,#1860,#1861,#1862,#1863,#1864,#1865,#1866,#1867,#1868,
#1869,#1870,#1871,#1872,#1873,#1874,#1875,#1876,#1877,#1878,#1879,#1880,
#1881,#1882,#1883,#1884,#1885,#1886,#1887,#1888,#1889,#1890,#1891,#1892,
#1893,#1894,#1895,#1896,#1897,#1898,#1899,#1900,#1901,#1902,#1903,#1904,
#1905,#1906,#1907,#1908,#1909,#1910,#1911,#1912,#1913,#1914,#1915,#1916,
#1917,#1918,#1919,#1920,#1921,#1922,#1923,#1924,#1925,#1926,#1927,#1928,
#1929,#1930,#1931,#1932,#1933,#1934,#1935,#1936,#1937),(#1938,#1939,#1940,
#1941,#1942,#1943,#1944,#1945,#1946,#1947,#1948,#1949,#1950,#1951,#1952,
#1953,#1954,#1955,#1956,#1957,#1958,#1959,#1960,#1961,#1962,#1963,#1964,
#1965,#1966,#1967,#1968,#1969,#1970,#1971,#1972,#1973,#1974,#1975,#1976,
#1977,#1978,#1979,#1980,#1981,#1982,#1983,#1984,#1985,#1986,#1987,#1988,
#1989,#1990,#1991,#1992,#1993,#1994,#1995,#1996,#1997,#1998,#1999,#2000,
#2001,#2002,#2003,#2004,#2005,#2006,#2007,#2008,#2009,#2010,#2011,#2012,
#2013,#2014,#2015,#2016,#2017,#2018,#2019,#2020,#2021,#2022,#2023,#2024,
#2025,#2026,#2027,#2028,#2029,#2030,#2031,#2032,#2033,#2034,#2035,#2036,
#2037,#2038,#2039,#2040,#2041,#2042,#2043,#2044,#2045,#2046),(#2047,#2048,
#2049,#2050,#2051,#2052,#2053,#2054,#2055,#2056,#2057,#2058,#2059,#2060,
#2061,#2062,#2063,#2064,#2065,#2066,#2067,#2068,#2069,#2070,#2071,#2072,
#2073,#2074,#2075,#2076,#2077,#2078,#2079,#2080,#2081,#2082,#2083,#2084,
#2085,#2086,#2087,#2088,#2089,#2090,#2091,#2092,#2093,#2094,#2095,#2096,
#2097,#2098,#2099,#2100,#2101,#2102,#2103,#2104,#2105,#2106,#2107,#2108,
#2109,#2110,#2111,#2112,#2113,#2114,#2115,#2116,#2117,#2118,#2119,#2120,
#2121,#2122,#2123,#2124,#2125,#2126,#2127,#2128,#2129,#2130,#2131,#2132,
#2133,#2134,#2135,#2136,#2137,#2138,#2139,#2140,#2141,#2142,#2143,#2144,
#2145,#2146,#2147,#2148,#2149,#2150,#2151,#2152,#2153,#2154,#2155)),
 .UNSPECIFIED.,.T.,.F.,.F.)
B_SPLINE_SURFACE_WITH_KNOTS((4,3,4),(3,2,2,2,2,2,2,2,2,2,2,2,2,2,2,2,2,
2,2,2,2,2,2,2,2,2,2,2,2,2,2,2,2,2,2,2,2,2,2,2,2,2,2,2,2,2,2,2,2,2,2,2,2,
2,3),(0.,0.5,1.),(0.,0.0185185185185185,0.037037037037037,0.0555555555555556,
0.0740740740740741,0.0925925925925926,0.111111111111111,0.12962962962963,
0.148148148148148,0.166666666666667,0.185185185185185,0.203703703703703,
0.222222222222222,0.240740740740741,0.25925925925926,0.277777777777778,
0.296296296296297,0.314814814814815,0.333333333333334,0.351851851851852,
0.370370370370371,0.388888888888889,0.407407407407407,0.425925925925926,
0.444444444444444,0.462962962962963,0.481481481481482,0.5,0.518518518518519,
0.537037037037037,0.555555555555556,0.574074074074074,0.592592592592593,
0.611111111111111,0.62962962962963,0.648148148148148,0.666666666666667,
0.685185185185185,0.703703703703704,0.722222222222222,0.740740740740741,
0.759259259259259,0.777777777777778,0.796296296296296,0.814814814814815,
0.833333333333333,0.851851851851852,0.87037037037037,0.888888888888889,
0.907407407407407,0.925925925925926,0.944444444444444,0.962962962962963,
0.981481481481482,1.),.UNSPECIFIED.)
GEOMETRIC_REPRESENTATION_ITEM()
RATIONAL_B_SPLINE_SURFACE(((1.,0.866025403784439,1.,0.866025403784439,1.,
0.866025403784439,1.,0.866025403784439,1.,0.866025403784439,1.,0.866025403784439,
1.,0.866025403784439,1.,0.866025403784439,1.,0.866025403784439,1.,0.866025403784439,
1.,0.866025403784439,1.,0.866025403784439,1.,0.866025403784439,1.,0.866025403784439,
1.,0.866025403784439,1.,0.866025403784439,1.,0.866025403784439,1.,0.866025403784439,
1.,0.866025403784439,1.,0.866025403784439,1.,0.866025403784439,1.,0.866025403784439,
1.,0.866025403784439,1.,0.866025403784439,1.,0.866025403784439,1.,0.866025403784439,
1.,0.866025403784439,1.,0.866025403784439,1.,0.866025403784439,1.,0.866025403784439,
1.,0.866025403784439,1.,0.866025403784439,1.,0.866025403784439,1.,0.866025403784439,
1.,0.866025403784439,1.,0.866025403784439,1.,0.866025403784439,1.,0.866025403784439,
1.,0.866025403784439,1.,0.866025403784439,1.,0.866025403784439,1.,0.866025403784439,
1.,0.866025403784439,1.,0.866025403784439,1.,0.866025403784439,1.,0.866025403784439,
1.,0.866025403784439,1.,0.866025403784439,1.,0.866025403784439,1.,0.866025403784439,
1.,0.866025403784439,1.,0.866025403784439,1.,0.866025403784439,1.,0.866025403784439,
1.),(0.333333333333334,0.288675134594813,0.333333333333334,0.288675134594813,
0.333333333333334,0.288675134594813,0.333333333333334,0.288675134594813,
0.333333333333334,0.288675134594813,0.333333333333334,0.288675134594813,
0.333333333333334,0.288675134594813,0.333333333333334,0.288675134594813,
0.333333333333334,0.288675134594813,0.333333333333334,0.288675134594813,
0.333333333333334,0.288675134594813,0.333333333333334,0.288675134594813,
0.333333333333334,0.288675134594813,0.333333333333334,0.288675134594813,
0.333333333333334,0.288675134594813,0.333333333333334,0.288675134594813,
0.333333333333334,0.288675134594813,0.333333333333334,0.288675134594813,
0.333333333333334,0.288675134594813,0.333333333333334,0.288675134594813,
0.333333333333334,0.288675134594813,0.333333333333334,0.288675134594813,
0.333333333333334,0.288675134594813,0.333333333333334,0.288675134594813,
0.333333333333334,0.288675134594813,0.333333333333334,0.288675134594813,
0.333333333333334,0.288675134594813,0.333333333333334,0.288675134594813,
0.333333333333334,0.288675134594813,0.333333333333334,0.288675134594813,
0.333333333333334,0.288675134594813,0.333333333333334,0.288675134594813,
0.333333333333334,0.288675134594813,0.333333333333334,0.288675134594813,
0.333333333333334,0.288675134594813,0.333333333333334,0.288675134594813,
0.333333333333334,0.288675134594813,0.333333333333334,0.288675134594813,
0.333333333333334,0.288675134594813,0.333333333333334,0.288675134594813,
0.333333333333334,0.288675134594813,0.333333333333334,0.288675134594813,
0.333333333333334,0.288675134594813,0.333333333333334,0.288675134594813,
0.333333333333334,0.288675134594813,0.333333333333334,0.288675134594813,
0.333333333333334,0.288675134594813,0.333333333333334,0.288675134594813,
0.333333333333334,0.288675134594813,0.333333333333334,0.288675134594813,
0.333333333333334,0.288675134594813,0.333333333333334,0.288675134594813,
0.333333333333334,0.288675134594813,0.333333333333334,0.288675134594813,
0.333333333333334),(0.333333333333334,0.288675134594813,0.333333333333334,
0.288675134594813,0.333333333333334,0.288675134594813,0.333333333333334,
0.288675134594813,0.333333333333334,0.288675134594813,0.333333333333334,
0.288675134594813,0.333333333333334,0.288675134594813,0.333333333333334,
0.288675134594813,0.333333333333334,0.288675134594813,0.333333333333334,
0.288675134594813,0.333333333333334,0.288675134594813,0.333333333333334,
0.288675134594813,0.333333333333334,0.288675134594813,0.333333333333334,
0.288675134594813,0.333333333333334,0.288675134594813,0.333333333333334,
0.288675134594813,0.333333333333334,0.288675134594813,0.333333333333334,
0.288675134594813,0.333333333333334,0.288675134594813,0.333333333333334,
0.288675134594813,0.333333333333334,0.288675134594813,0.333333333333334,
0.288675134594813,0.333333333333334,0.288675134594813,0.333333333333334,
0.288675134594813,0.333333333333334,0.288675134594813,0.333333333333334,
0.288675134594813,0.333333333333334,0.288675134594813,0.333333333333334,
0.288675134594813,0.333333333333334,0.288675134594813,0.333333333333334,
0.288675134594813,0.333333333333334,0.288675134594813,0.333333333333334,
0.288675134594813,0.333333333333334,0.288675134594813,0.333333333333334,
0.288675134594813,0.333333333333334,0.288675134594813,0.333333333333334,
0.288675134594813,0.333333333333334,0.288675134594813,0.333333333333334,
0.288675134594813,0.333333333333334,0.288675134594813,0.333333333333334,
0.288675134594813,0.333333333333334,0.288675134594813,0.333333333333334,
0.288675134594813,0.333333333333334,0.288675134594813,0.333333333333334,
0.288675134594813,0.333333333333334,0.288675134594813,0.333333333333334,
0.288675134594813,0.333333333333334,0.288675134594813,0.333333333333334,
0.288675134594813,0.333333333333334,0.288675134594813,0.333333333333334,
0.288675134594813,0.333333333333334,0.288675134594813,0.333333333333334,
0.288675134594813,0.333333333333334,0.288675134594813,0.333333333333334,
0.288675134594813,0.333333333333334),(1.,0.866025403784439,1.,0.866025403784439,
1.,0.866025403784439,1.,0.866025403784439,1.,0.866025403784439,1.,0.866025403784439,
1.,0.866025403784439,1.,0.866025403784439,1.,0.866025403784439,1.,0.866025403784439,
1.,0.866025403784439,1.,0.866025403784439,1.,0.866025403784439,1.,0.866025403784439,
1.,0.866025403784439,1.,0.866025403784439,1.,0.866025403784439,1.,0.866025403784439,
1.,0.866025403784439,1.,0.866025403784439,1.,0.866025403784439,1.,0.866025403784439,
1.,0.866025403784439,1.,0.866025403784439,1.,0.866025403784439,1.,0.866025403784439,
1.,0.866025403784439,1.,0.866025403784439,1.,0.866025403784439,1.,0.866025403784439,
1.,0.866025403784439,1.,0.866025403784439,1.,0.866025403784439,1.,0.866025403784439,
1.,0.866025403784439,1.,0.866025403784439,1.,0.866025403784439,1.,0.866025403784439,
1.,0.866025403784439,1.,0.866025403784439,1.,0.866025403784439,1.,0.866025403784439,
1.,0.866025403784439,1.,0.866025403784439,1.,0.866025403784439,1.,0.866025403784439,
1.,0.866025403784439,1.,0.866025403784439,1.,0.866025403784439,1.,0.866025403784439,
1.,0.866025403784439,1.,0.866025403784439,1.,0.866025403784439,1.,0.866025403784439,
1.),(0.333333333333334,0.288675134594813,0.333333333333334,0.288675134594813,
0.333333333333334,0.288675134594813,0.333333333333334,0.288675134594813,
0.333333333333334,0.288675134594813,0.333333333333334,0.288675134594813,
0.333333333333334,0.288675134594813,0.333333333333334,0.288675134594813,
0.333333333333334,0.288675134594813,0.333333333333334,0.288675134594813,
0.333333333333334,0.288675134594813,0.333333333333334,0.288675134594813,
0.333333333333334,0.288675134594813,0.333333333333334,0.288675134594813,
0.333333333333334,0.288675134594813,0.333333333333334,0.288675134594813,
0.333333333333334,0.288675134594813,0.333333333333334,0.288675134594813,
0.333333333333334,0.288675134594813,0.333333333333334,0.288675134594813,
0.333333333333334,0.288675134594813,0.333333333333334,0.288675134594813,
0.333333333333334,0.288675134594813,0.333333333333334,0.288675134594813,
0.333333333333334,0.288675134594813,0.333333333333334,0.288675134594813,
0.333333333333334,0.288675134594813,0.333333333333334,0.288675134594813,
0.333333333333334,0.288675134594813,0.333333333333334,0.288675134594813,
0.333333333333334,0.288675134594813,0.333333333333334,0.288675134594813,
0.333333333333334,0.288675134594813,0.333333333333334,0.288675134594813,
0.333333333333334,0.288675134594813,0.333333333333334,0.288675134594813,
0.333333333333334,0.288675134594813,0.333333333333334,0.288675134594813,
0.333333333333334,0.288675134594813,0.333333333333334,0.288675134594813,
0.333333333333334,0.288675134594813,0.333333333333334,0.288675134594813,
0.333333333333334,0.288675134594813,0.333333333333334,0.288675134594813,
0.333333333333334,0.288675134594813,0.333333333333334,0.288675134594813,
0.333333333333334,0.288675134594813,0.333333333333334,0.288675134594813,
0.333333333333334,0.288675134594813,0.333333333333334,0.288675134594813,
0.333333333333334,0.288675134594813,0.333333333333334,0.288675134594813,
0.333333333333334,0.288675134594813,0.333333333333334,0.288675134594813,
0.333333333333334),(0.333333333333334,0.288675134594813,0.333333333333334,
0.288675134594813,0.333333333333334,0.288675134594813,0.333333333333334,
0.288675134594813,0.333333333333334,0.288675134594813,0.333333333333334,
0.288675134594813,0.333333333333334,0.288675134594813,0.333333333333334,
0.288675134594813,0.333333333333334,0.288675134594813,0.333333333333334,
0.288675134594813,0.333333333333334,0.288675134594813,0.333333333333334,
0.288675134594813,0.333333333333334,0.288675134594813,0.333333333333334,
0.288675134594813,0.333333333333334,0.288675134594813,0.333333333333334,
0.288675134594813,0.333333333333334,0.288675134594813,0.333333333333334,
0.288675134594813,0.333333333333334,0.288675134594813,0.333333333333334,
0.288675134594813,0.333333333333334,0.288675134594813,0.333333333333334,
0.288675134594813,0.333333333333334,0.288675134594813,0.333333333333334,
0.288675134594813,0.333333333333334,0.288675134594813,0.333333333333334,
0.288675134594813,0.333333333333334,0.288675134594813,0.333333333333334,
0.288675134594813,0.333333333333334,0.288675134594813,0.333333333333334,
0.288675134594813,0.333333333333334,0.288675134594813,0.333333333333334,
0.288675134594813,0.333333333333334,0.288675134594813,0.333333333333334,
0.288675134594813,0.333333333333334,0.288675134594813,0.333333333333334,
0.288675134594813,0.333333333333334,0.288675134594813,0.333333333333334,
0.288675134594813,0.333333333333334,0.288675134594813,0.333333333333334,
0.288675134594813,0.333333333333334,0.288675134594813,0.333333333333334,
0.288675134594813,0.333333333333334,0.288675134594813,0.333333333333334,
0.288675134594813,0.333333333333334,0.288675134594813,0.333333333333334,
0.288675134594813,0.333333333333334,0.288675134594813,0.333333333333334,
0.288675134594813,0.333333333333334,0.288675134594813,0.333333333333334,
0.288675134594813,0.333333333333334,0.288675134594813,0.333333333333334,
0.288675134594813,0.333333333333334,0.288675134594813,0.333333333333334,
0.288675134594813,0.333333333333334),(1.,0.866025403784439,1.,0.866025403784439,
1.,0.866025403784439,1.,0.866025403784439,1.,0.866025403784439,1.,0.866025403784439,
1.,0.866025403784439,1.,0.866025403784439,1.,0.866025403784439,1.,0.866025403784439,
1.,0.866025403784439,1.,0.866025403784439,1.,0.866025403784439,1.,0.866025403784439,
1.,0.866025403784439,1.,0.866025403784439,1.,0.866025403784439,1.,0.866025403784439,
1.,0.866025403784439,1.,0.866025403784439,1.,0.866025403784439,1.,0.866025403784439,
1.,0.866025403784439,1.,0.866025403784439,1.,0.866025403784439,1.,0.866025403784439,
1.,0.866025403784439,1.,0.866025403784439,1.,0.866025403784439,1.,0.866025403784439,
1.,0.866025403784439,1.,0.866025403784439,1.,0.866025403784439,1.,0.866025403784439,
1.,0.866025403784439,1.,0.866025403784439,1.,0.866025403784439,1.,0.866025403784439,
1.,0.866025403784439,1.,0.866025403784439,1.,0.866025403784439,1.,0.866025403784439,
1.,0.866025403784439,1.,0.866025403784439,1.,0.866025403784439,1.,0.866025403784439,
1.,0.866025403784439,1.,0.866025403784439,1.,0.866025403784439,1.,0.866025403784439,
1.,0.866025403784439,1.,0.866025403784439,1.,0.866025403784439,1.,0.866025403784439,
1.)))
REPRESENTATION_ITEM('')
SURFACE()
);
#26=(
BOUNDED_SURFACE()
B_SPLINE_SURFACE(3,3,((#3164,#3165,#3166,#3167),(#3168,#3169,#3170,#3171),
(#3172,#3173,#3174,#3175),(#3176,#3177,#3178,#3179)),
 .SURF_OF_REVOLUTION.,.F.,.F.,.F.)
B_SPLINE_SURFACE_WITH_KNOTS((4,4),(4,4),(0.,0.315234669094678),(0.,1.),
 .PIECEWISE_BEZIER_KNOTS.)
GEOMETRIC_REPRESENTATION_ITEM()
RATIONAL_B_SPLINE_SURFACE(((1.,0.999999623934609,0.999999623934609,1.),
(1.,0.999999623934609,0.999999623934609,1.),(1.,0.999999623934609,0.999999623934609,
1.),(1.,0.999999623934609,0.999999623934609,1.)))
REPRESENTATION_ITEM('')
SURFACE()
);
#27=(
BOUNDED_SURFACE()
B_SPLINE_SURFACE(3,3,((#3184,#3185,#3186,#3187),(#3188,#3189,#3190,#3191),
(#3192,#3193,#3194,#3195),(#3196,#3197,#3198,#3199),(#3200,#3201,#3202,
#3203),(#3204,#3205,#3206,#3207)),.SURF_OF_REVOLUTION.,.F.,.F.,.F.)
B_SPLINE_SURFACE_WITH_KNOTS((4,1,1,4),(4,4),(0.0638529239039323,0.531926461951966,
0.765963230975983,1.),(0.,1.),.UNSPECIFIED.)
GEOMETRIC_REPRESENTATION_ITEM()
RATIONAL_B_SPLINE_SURFACE(((1.,0.998952580891425,0.998952580891425,1.),
(1.,0.998952580891425,0.998952580891425,1.),(1.,0.998952580891425,0.998952580891425,
1.),(1.,0.998952580891425,0.998952580891425,1.),(1.,0.998952580891425,0.998952580891425,
1.),(1.,0.998952580891425,0.998952580891425,1.)))
REPRESENTATION_ITEM('')
SURFACE()
);
#28=(
BOUNDED_SURFACE()
B_SPLINE_SURFACE(3,3,((#3208,#3209,#3210,#3211),(#3212,#3213,#3214,#3215),
(#3216,#3217,#3218,#3219),(#3220,#3221,#3222,#3223),(#3224,#3225,#3226,
#3227)),.SURF_OF_REVOLUTION.,.F.,.F.,.F.)
B_SPLINE_SURFACE_WITH_KNOTS((4,1,4),(4,4),(0.,0.348168324982442,0.696336649964884),
(0.,1.),.UNSPECIFIED.)
GEOMETRIC_REPRESENTATION_ITEM()
RATIONAL_B_SPLINE_SURFACE(((1.,0.999371951123664,0.999371951123664,1.),
(1.,0.999371951123664,0.999371951123664,1.),(1.,0.999371951123664,0.999371951123664,
1.),(1.,0.999371951123664,0.999371951123664,1.),(1.,0.999371951123664,0.999371951123664,
1.)))
REPRESENTATION_ITEM('')
SURFACE()
);
#29=CONICAL_SURFACE('',#1016,0.00561086406338478,0.573331324819138);
#30=B_SPLINE_CURVE_WITH_KNOTS('',3,(#1325,#1326,#1327,#1328,#1329,#1330,
#1331,#1332,#1333,#1334,#1335,#1336,#1337,#1338,#1339,#1340,#1341,#1342,
#1343,#1344,#1345,#1346,#1347,#1348,#1349,#1350),.UNSPECIFIED.,.F.,.F.,
(4,1,1,1,1,1,1,1,1,1,1,1,1,1,1,1,1,1,1,1,1,1,1,4),(0.,0.00153724291214427,
0.00307448582428855,0.00384310728036069,0.00422741800839675,0.00461172873643282,
0.00499603946446889,0.00518819482848693,0.00538035019250496,0.00557250555652299,
0.00566858323853201,0.00576466092054103,0.00586073860255005,0.00595681628455906,
0.0061489716485771,0.00634112701259513,0.00653328237661317,0.00691759310464923,
0.0073019038326853,0.00768621456072137,0.00845483601679351,0.00922345747286565,
0.0107607003850099,0.0122979432971542),.UNSPECIFIED.);
#31=B_SPLINE_CURVE_WITH_KNOTS('',3,(#2159,#2160,#2161,#2162,#2163,#2164,
#2165,#2166,#2167,#2168,#2169,#2170,#2171,#2172,#2173,#2174,#2175,#2176,
#2177,#2178,#2179,#2180,#2181,#2182,#2183,#2184),.UNSPECIFIED.,.F.,.F.,
(4,1,1,1,1,1,1,1,1,1,1,1,1,1,1,1,1,1,1,1,1,1,1,4),(0.,0.00151478663092913,
0.00227217994639369,0.00302957326185826,0.00378696657732282,0.00454435989278738,
0.00492305655051966,0.00530175320825195,0.00568044986598423,0.00605914652371651,
0.00624849485258265,0.00634316901701572,0.00643784318144879,0.00653251734588186,
0.00662719151031493,0.00681653983918108,0.00700588816804722,0.00719523649691336,
0.00757393315464564,0.00795262981237792,0.0083313264701102,0.00908871978557477,
0.0106035064165039,0.012118293047433),.UNSPECIFIED.);
#32=B_SPLINE_CURVE_WITH_KNOTS('',3,(#2202,#2203,#2204,#2205,#2206,#2207,
#2208,#2209,#2210),.UNSPECIFIED.,.F.,.F.,(4,1,1,1,1,1,4),(8.67361737988404E-18,
0.00130074859217625,0.00195112288826436,0.00260149718435248,0.0032518714804406,
0.00390224577652872,0.00520299436870495),.UNSPECIFIED.);
#33=B_SPLINE_CURVE_WITH_KNOTS('',3,(#2215,#2216,#2217,#2218,#2219,#2220,
#2221),.UNSPECIFIED.,.F.,.F.,(4,1,1,1,4),(0.,0.00121649897034052,0.00243299794068105,
0.00364949691102157,0.0048659958813621),.UNSPECIFIED.);
#34=B_SPLINE_CURVE_WITH_KNOTS('',3,(#2233,#2234,#2235,#2236,#2237),
 .UNSPECIFIED.,.F.,.F.,(4,1,4),(0.,0.00112148524472716,0.00224297048945432),
 .UNSPECIFIED.);
#35=B_SPLINE_CURVE_WITH_KNOTS('',3,(#2251,#2252,#2253,#2254,#2255,#2256,
#2257,#2258,#2259,#2260,#2261),.UNSPECIFIED.,.T.,.F.,(1,1,1,1,1,1,1,1,1,
1,1,1,1,1,1),(-0.00473825059860658,-0.00315883373240439,-0.0015794168662022,
0.,0.00157941686620219,0.00315883373240439,0.00473825059860658,0.00631766746480878,
0.00789708433101097,0.00947650119721317,0.0110559180634154,0.0126353349296176,
0.0142147517958198,0.0157941686620219,0.0173735855282241),.UNSPECIFIED.);
#36=B_SPLINE_CURVE_WITH_KNOTS('',3,(#2265,#2266,#2267,#2268,#2269,#2270,
#2271,#2272,#2273,#2274,#2275),.UNSPECIFIED.,.F.,.F.,(4,1,1,1,1,1,1,1,4),
(1.66355433864314E-7,0.249983210765026,0.374974732969823,0.437470494072221,
0.499966255174619,0.562462016277017,0.624957777379415,0.749949299584212,
0.999932343993804),.UNSPECIFIED.);
#37=B_SPLINE_CURVE_WITH_KNOTS('',3,(#2278,#2279,#2280,#2281),
 .UNSPECIFIED.,.F.,.F.,(4,4),(0.000593030783433639,0.999997604564941),
 .UNSPECIFIED.);
#38=B_SPLINE_CURVE_WITH_KNOTS('',3,(#2283,#2284,#2285,#2286),
 .UNSPECIFIED.,.F.,.F.,(4,4),(0.00110205156963381,1.),.UNSPECIFIED.);
#39=B_SPLINE_CURVE_WITH_KNOTS('',3,(#2288,#2289,#2290,#2291),
 .UNSPECIFIED.,.F.,.F.,(4,4),(0.00211358653466588,1.),.UNSPECIFIED.);
#40=B_SPLINE_CURVE_WITH_KNOTS('',3,(#2293,#2294,#2295,#2296,#2297,#2298,
#2299,#2300,#2301,#2302,#2303,#2304,#2305),.UNSPECIFIED.,.F.,.F.,(4,1,1,
1,1,1,1,1,1,1,4),(-0.00257895975878195,-0.00228671212973477,-0.00199446450068759,
-0.00140996924259323,-0.000825473984498879,-0.000240978726404523,0.000343516531689833,
0.00092801178978419,0.00151250704787855,0.00180475467692572,0.0020970023059729),
 .UNSPECIFIED.);
#41=B_SPLINE_CURVE_WITH_KNOTS('',3,(#2309,#2310,#2311,#2312,#2313,#2314,
#2315,#2316,#2317,#2318,#2319,#2320,#2321,#2322,#2323,#2324,#2325,#2326,
#2327,#2328,#2329,#2330,#2331,#2332,#2333,#2334),.UNSPECIFIED.,.F.,.F.,
(4,1,1,1,1,1,1,1,1,1,1,1,1,1,1,1,1,1,1,1,1,1,1,4),(0.,0.0624981968826091,
0.0937472953239137,0.124996393765218,0.140620942985871,0.156245492206523,
0.187494590647827,0.218743689089132,0.234368238309784,0.24218051292011,
0.249992787530436,0.257805062140763,0.265617336751089,0.281241885971741,
0.312490984413046,0.374989181295655,0.437487378178264,0.468736476619568,
0.499985575060873,0.531234673502178,0.562483771943482,0.624981968826091,
0.749978362591309,0.999971150121746),.UNSPECIFIED.);
#42=B_SPLINE_CURVE_WITH_KNOTS('',3,(#2336,#2337,#2338,#2339),
 .UNSPECIFIED.,.F.,.F.,(4,4),(0.0001732789479237,0.999999910798063),
 .UNSPECIFIED.);
#43=B_SPLINE_CURVE_WITH_KNOTS('',3,(#2341,#2342,#2343,#2344,#2345,#2346,
#2347,#2348,#2349),.UNSPECIFIED.,.F.,.F.,(4,1,1,1,1,1,4),(-0.00150635280719916,
-0.000738367310153813,2.96181868915394E-5,0.000413610935414215,0.000797603683936892,
0.00118159643245957,0.00156558918098224),.UNSPECIFIED.);
#44=B_SPLINE_CURVE_WITH_KNOTS('',3,(#2351,#2352,#2353,#2354),
 .UNSPECIFIED.,.F.,.F.,(4,4),(0.,0.999974517366775),.UNSPECIFIED.);
#45=B_SPLINE_CURVE_WITH_KNOTS('',3,(#2356,#2357,#2358,#2359),
 .UNSPECIFIED.,.F.,.F.,(4,4),(0.298430819494901,1.),.UNSPECIFIED.);
#46=B_SPLINE_CURVE_WITH_KNOTS('',3,(#2361,#2362,#2363,#2364),
 .UNSPECIFIED.,.F.,.F.,(4,4),(0.,8.52394274134476E-5),.UNSPECIFIED.);
#47=B_SPLINE_CURVE_WITH_KNOTS('',3,(#2375,#2376,#2377,#2378),
 .UNSPECIFIED.,.F.,.F.,(4,4),(1.06526618291924E-7,1.),.UNSPECIFIED.);
#48=B_SPLINE_CURVE_WITH_KNOTS('',3,(#2380,#2381,#2382,#2383),
 .UNSPECIFIED.,.F.,.F.,(4,4),(0.,1.),.UNSPECIFIED.);
#49=B_SPLINE_CURVE_WITH_KNOTS('',3,(#2385,#2386,#2387,#2388),
 .UNSPECIFIED.,.F.,.F.,(4,4),(0.000631369276415991,0.999980416963918),
 .UNSPECIFIED.);
#50=B_SPLINE_CURVE_WITH_KNOTS('',3,(#2392,#2393,#2394,#2395,#2396,#2397),
 .UNSPECIFIED.,.F.,.F.,(4,1,1,4),(3.17834324325468E-8,0.000757245262839436,
0.00151445874224644,0.00302888570106045),.UNSPECIFIED.);
#51=B_SPLINE_CURVE_WITH_KNOTS('',3,(#2399,#2400,#2401,#2402,#2403),
 .UNSPECIFIED.,.F.,.F.,(4,1,4),(8.67361737988404E-19,0.0097186378746159,
0.0194372757492318),.UNSPECIFIED.);
#52=B_SPLINE_CURVE_WITH_KNOTS('',3,(#2407,#2408,#2409,#2410,#2411,#2412,
#2413,#2414,#2415),.UNSPECIFIED.,.F.,.F.,(4,1,1,1,1,1,4),(0.,0.00920949397418125,
0.0138142409612719,0.0184189879483625,0.0230237349354531,0.0276284819225438,
0.036837975896725),.UNSPECIFIED.);
#53=B_SPLINE_CURVE_WITH_KNOTS('',3,(#2419,#2420,#2421,#2422),
 .UNSPECIFIED.,.F.,.F.,(4,4),(0.0282104303566258,0.03709126991824),
 .UNSPECIFIED.);
#54=B_SPLINE_CURVE_WITH_KNOTS('',3,(#2424,#2425,#2426,#2427,#2428),
 .UNSPECIFIED.,.F.,.F.,(4,1,4),(0.,0.00150068215539937,0.00300136431079873),
 .UNSPECIFIED.);
#55=B_SPLINE_CURVE_WITH_KNOTS('',3,(#2439,#2440,#2441,#2442),
 .UNSPECIFIED.,.F.,.F.,(4,4),(0.026284634501118,0.0370669404815835),
 .UNSPECIFIED.);
#56=B_SPLINE_CURVE_WITH_KNOTS('',3,(#2444,#2445,#2446,#2447,#2448,#2449,
#2450),.UNSPECIFIED.,.F.,.F.,(4,1,1,1,4),(0.,0.249999989520902,0.499999979041804,
0.749999968562705,0.999999958083607),.UNSPECIFIED.);
#57=B_SPLINE_CURVE_WITH_KNOTS('',3,(#2459,#2460,#2461,#2462),
 .UNSPECIFIED.,.F.,.F.,(4,4),(3.90312782094782E-18,0.0170057305339967),
 .UNSPECIFIED.);
#58=B_SPLINE_CURVE_WITH_KNOTS('',3,(#2465,#2466,#2467,#2468,#2469,#2470,
#2471,#2472,#2473,#2474,#2475,#2476,#2477,#2478,#2479,#2480,#2481,#2482,
#2483,#2484,#2485),.UNSPECIFIED.,.F.,.F.,(4,1,1,1,1,1,1,1,1,1,1,1,1,1,1,
1,1,1,4),(2.16840434497101E-18,0.00424694354366983,0.00637041531550474,
0.00849388708733965,0.0106173588591746,0.0127408306310095,0.0138025665169269,
0.0148643024028444,0.0159260382887618,0.0169877741746793,0.0180495100605968,
0.0191112459465142,0.0201729818324317,0.0212347177183491,0.023358189490184,
0.025481661262019,0.0276051330338539,0.0297286048056888,0.0339755483493586),
 .UNSPECIFIED.);
#59=B_SPLINE_CURVE_WITH_KNOTS('',3,(#2487,#2488,#2489,#2490,#2491,#2492,
#2493,#2494,#2495),.UNSPECIFIED.,.F.,.F.,(4,1,1,1,1,1,4),(0.,0.00464617679396614,
0.00929235358793228,0.0139385303818984,0.0185847071758646,0.0278770607637968,
0.0371694143517291),.UNSPECIFIED.);
#60=B_SPLINE_CURVE_WITH_KNOTS('',3,(#2499,#2500,#2501,#2502,#2503,#2504,
#2505,#2506,#2507),.UNSPECIFIED.,.F.,.F.,(4,1,1,1,1,1,4),(0.,0.00464898892503691,
0.00929797785007381,0.0139469667751107,0.0185959557001476,0.0278939335502214,
0.0371919114002952),.UNSPECIFIED.);
#61=B_SPLINE_CURVE_WITH_KNOTS('',3,(#2509,#2510,#2511,#2512,#2513,#2514,
#2515,#2516,#2517,#2518,#2519,#2520,#2521,#2522,#2523,#2524,#2525,#2526,
#2527,#2528,#2529),.UNSPECIFIED.,.F.,.F.,(4,1,1,1,1,1,1,1,1,1,1,1,1,1,1,
1,1,1,4),(6.73644745504812E-17,0.00425119138106887,0.00637678707160327,
0.00850238276213767,0.0106279784526721,0.0127535741432065,0.0138163719884737,
0.0148791698337409,0.0159419676790081,0.0170047655242753,0.0180675633695425,
0.0191303612148097,0.0201931590600769,0.0212559569053441,0.0233815525958785,
0.0255071482864129,0.0276327439769473,0.0297583396674817,0.0340095310485505),
 .UNSPECIFIED.);
#62=B_SPLINE_CURVE_WITH_KNOTS('',3,(#2530,#2531,#2532,#2533,#2534,#2535),
 .UNSPECIFIED.,.F.,.F.,(4,1,1,4),(0.000596212067031382,0.250447159050274,
0.500298106033516,1.),.UNSPECIFIED.);
#63=B_SPLINE_CURVE_WITH_KNOTS('',3,(#2551,#2552,#2553,#2554,#2555,#2556,
#2557,#2558,#2559,#2560),.UNSPECIFIED.,.F.,.F.,(4,1,1,1,1,1,1,4),(0.,0.00921463857453709,
0.0138219578618056,0.0184292771490742,0.0230365964363427,0.0276439157236113,
0.0322512350108798,0.0368585542981484),.UNSPECIFIED.);
#64=B_SPLINE_CURVE_WITH_KNOTS('',3,(#2571,#2572,#2573,#2574,#2575,#2576,
#2577,#2578,#2579),.UNSPECIFIED.,.F.,.F.,(4,1,1,1,1,1,4),(0.,0.00487393340846283,
0.00974786681692565,0.0146218002253885,0.0194957336338513,0.029243600450777,
0.0389914672677026),.UNSPECIFIED.);
#65=B_SPLINE_CURVE_WITH_KNOTS('',3,(#2583,#2584,#2585,#2586,#2587,#2588,
#2589,#2590,#2591),.UNSPECIFIED.,.F.,.F.,(4,1,1,1,1,1,4),(0.,0.00979221939177921,
0.0146883290876688,0.0195844387835584,0.024480548479448,0.0293766581753376,
0.0391688775671168),.UNSPECIFIED.);
#66=B_SPLINE_CURVE_WITH_KNOTS('',3,(#2617,#2618,#2619,#2620,#2621,#2622,
#2623,#2624,#2625),.UNSPECIFIED.,.F.,.F.,(4,1,1,1,1,1,4),(0.,0.00487106414698564,
0.00974212829397127,0.0146131924409569,0.0194842565879425,0.0292263848819138,
0.0389685131758851),.UNSPECIFIED.);
#67=B_SPLINE_CURVE_WITH_KNOTS('',3,(#2626,#2627,#2628,#2629,#2630,#2631,
#2632,#2633,#2634),.UNSPECIFIED.,.F.,.F.,(4,1,1,1,1,1,4),(0.,0.00978619514030003,
0.01467929271045,0.0195723902806001,0.0244654878507501,0.0293585854209001,
0.0391447805612001),.UNSPECIFIED.);
#68=B_SPLINE_CURVE_WITH_KNOTS('',3,(#2645,#2646,#2647,#2648),
 .UNSPECIFIED.,.F.,.F.,(4,4),(9.77976445005964E-7,1.),.UNSPECIFIED.);
#69=B_SPLINE_CURVE_WITH_KNOTS('',3,(#2649,#2650,#2651,#2652,#2653),
 .UNSPECIFIED.,.F.,.F.,(4,1,4),(0.000159884176002548,0.00195478371012858,
0.00374968324425462),.UNSPECIFIED.);
#70=B_SPLINE_CURVE_WITH_KNOTS('',3,(#2656,#2657,#2658,#2659,#2660,#2661,
#2662,#2663,#2664),.UNSPECIFIED.,.F.,.F.,(4,1,1,1,1,1,4),(0.,0.00913967639404413,
0.0137095145910662,0.0182793527880883,0.0228491909851103,0.0274190291821324,
0.0365587055761765),.UNSPECIFIED.);
#71=B_SPLINE_CURVE_WITH_KNOTS('',3,(#2665,#2666,#2667,#2668,#2669,#2670,
#2671,#2672),.UNSPECIFIED.,.F.,.F.,(4,1,1,1,1,4),(0.,0.00109064031721622,
0.00218128063443244,0.00327192095164866,0.00381724111025677,0.00436256126886488),
 .UNSPECIFIED.);
#72=B_SPLINE_CURVE_WITH_KNOTS('',3,(#2683,#2684,#2685,#2686,#2687,#2688,
#2689,#2690,#2691,#2692),.UNSPECIFIED.,.F.,.F.,(4,1,1,1,1,1,1,4),(0.,0.0092085422213681,
0.0138128133320522,0.0184170844427362,0.0230213555534203,0.0276256266641043,
0.0322298977747884,0.0368341688854724),.UNSPECIFIED.);
#73=B_SPLINE_CURVE_WITH_KNOTS('',3,(#3141,#3142,#3143,#3144),
 .UNSPECIFIED.,.F.,.F.,(4,4),(0.,0.00213405844995674),.UNSPECIFIED.);
#74=B_SPLINE_CURVE_WITH_KNOTS('',3,(#3153,#3154,#3155,#3156,#3157,#3158),
 .UNSPECIFIED.,.F.,.F.,(4,1,1,4),(0.,0.00054281428493426,0.00108562856986852,
0.00217125713973704),.UNSPECIFIED.);
#75=B_SPLINE_CURVE_WITH_KNOTS('',3,(#3160,#3161,#3162,#3163),
 .UNSPECIFIED.,.F.,.F.,(4,4),(1.94788036998879E-8,0.000508719152080251),
 .UNSPECIFIED.);
#76=B_SPLINE_CURVE_WITH_KNOTS('',3,(#3180,#3181,#3182,#3183),
 .UNSPECIFIED.,.F.,.F.,(4,4),(0.,1.),.UNSPECIFIED.);
#77=LINE('',#1322,#123);
#78=LINE('',#1363,#124);
#79=LINE('',#1366,#125);
#80=LINE('',#1368,#126);
#81=LINE('',#1370,#127);
#82=LINE('',#1372,#128);
#83=LINE('',#1374,#129);
#84=LINE('',#1376,#130);
#85=LINE('',#1382,#131);
#86=LINE('',#1384,#132);
#87=LINE('',#1385,#133);
#88=LINE('',#2188,#134);
#89=LINE('',#2213,#135);
#90=LINE('',#2223,#136);
#91=LINE('',#2224,#137);
#92=LINE('',#2229,#138);
#93=LINE('',#2307,#139);
#94=LINE('',#2390,#140);
#95=LINE('',#2405,#141);
#96=LINE('',#2417,#142);
#97=LINE('',#2437,#143);
#98=LINE('',#2497,#144);
#99=LINE('',#2549,#145);
#100=LINE('',#2562,#146);
#101=LINE('',#2581,#147);
#102=LINE('',#2602,#148);
#103=LINE('',#2615,#149);
#104=LINE('',#2636,#150);
#105=LINE('',#2654,#151);
#106=LINE('',#2681,#152);
#107=LINE('',#2694,#153);
#108=LINE('',#2695,#154);
#109=LINE('',#2697,#155);
#110=LINE('',#2699,#156);
#111=LINE('',#2701,#157);
#112=LINE('',#2703,#158);
#113=LINE('',#2705,#159);
#114=LINE('',#2707,#160);
#115=LINE('',#2715,#161);
#116=LINE('',#2720,#162);
#117=LINE('',#2726,#163);
#118=LINE('',#2730,#164);
#119=LINE('',#2737,#165);
#120=LINE('',#2738,#166);
#121=LINE('',#2740,#167);
#122=LINE('',#2741,#168);
#123=VECTOR('',#1103,1.);
#124=VECTOR('',#1120,1.);
#125=VECTOR('',#1121,1.);
#126=VECTOR('',#1122,1.);
#127=VECTOR('',#1123,1.);
#128=VECTOR('',#1126,1.);
#129=VECTOR('',#1127,1.);
#130=VECTOR('',#1128,1.);
#131=VECTOR('',#1135,1.);
#132=VECTOR('',#1138,1.);
#133=VECTOR('',#1139,1.);
#134=VECTOR('',#1158,1.);
#135=VECTOR('',#1177,1.);
#136=VECTOR('',#1178,1.);
#137=VECTOR('',#1179,1.);
#138=VECTOR('',#1182,1.);
#139=VECTOR('',#1211,1.);
#140=VECTOR('',#1216,1.);
#141=VECTOR('',#1217,1.);
#142=VECTOR('',#1218,1.);
#143=VECTOR('',#1219,1.);
#144=VECTOR('',#1220,1.);
#145=VECTOR('',#1227,1.);
#146=VECTOR('',#1228,1.);
#147=VECTOR('',#1229,1.);
#148=VECTOR('',#1242,1.);
#149=VECTOR('',#1247,1.);
#150=VECTOR('',#1248,1.);
#151=VECTOR('',#1249,1.);
#152=VECTOR('',#1250,1.);
#153=VECTOR('',#1253,1.);
#154=VECTOR('',#1254,1.);
#155=VECTOR('',#1257,1.);
#156=VECTOR('',#1260,1.);
#157=VECTOR('',#1263,1.);
#158=VECTOR('',#1264,1.);
#159=VECTOR('',#1265,1.);
#160=VECTOR('',#1268,1.);
#161=VECTOR('',#1277,1.);
#162=VECTOR('',#1284,1.);
#163=VECTOR('',#1291,1.);
#164=VECTOR('',#1294,1.);
#165=VECTOR('',#1303,1.);
#166=VECTOR('',#1304,1.);
#167=VECTOR('',#1307,1.);
#168=VECTOR('',#1308,1.);
#169=PLANE('',#1009);
#170=PLANE('',#1013);
#171=PLANE('',#1017);
#172=PLANE('',#1018);
#173=PLANE('',#1022);
#174=PLANE('',#1026);
#175=PLANE('',#1027);
#176=PLANE('',#1030);
#177=PLANE('',#1031);
#178=PLANE('',#1035);
#179=PLANE('',#1037);
#180=PLANE('',#1049);
#181=PLANE('',#1052);
#182=PLANE('',#1057);
#183=PLANE('',#1061);
#184=PLANE('',#1065);
#185=PLANE('',#1072);
#186=PLANE('',#1073);
#187=PLANE('',#1076);
#188=PLANE('',#1081);
#189=PLANE('',#1088);
#190=PLANE('',#1089);
#191=PLANE('',#1090);
#192=PLANE('',#1091);
#193=ORIENTED_EDGE('',*,*,#461,.F.);
#194=ORIENTED_EDGE('',*,*,#462,.T.);
#195=ORIENTED_EDGE('',*,*,#463,.T.);
#196=ORIENTED_EDGE('',*,*,#464,.F.);
#197=ORIENTED_EDGE('',*,*,#465,.T.);
#198=ORIENTED_EDGE('',*,*,#461,.T.);
#199=ORIENTED_EDGE('',*,*,#466,.T.);
#200=ORIENTED_EDGE('',*,*,#465,.F.);
#201=ORIENTED_EDGE('',*,*,#467,.T.);
#202=ORIENTED_EDGE('',*,*,#468,.F.);
#203=ORIENTED_EDGE('',*,*,#468,.T.);
#204=ORIENTED_EDGE('',*,*,#466,.F.);
#205=ORIENTED_EDGE('',*,*,#469,.T.);
#206=ORIENTED_EDGE('',*,*,#470,.T.);
#207=ORIENTED_EDGE('',*,*,#471,.F.);
#208=ORIENTED_EDGE('',*,*,#472,.T.);
#209=ORIENTED_EDGE('',*,*,#462,.F.);
#210=ORIENTED_EDGE('',*,*,#473,.F.);
#211=ORIENTED_EDGE('',*,*,#474,.T.);
#212=ORIENTED_EDGE('',*,*,#475,.T.);
#213=ORIENTED_EDGE('',*,*,#470,.F.);
#214=ORIENTED_EDGE('',*,*,#476,.F.);
#215=ORIENTED_EDGE('',*,*,#474,.F.);
#216=ORIENTED_EDGE('',*,*,#477,.T.);
#217=ORIENTED_EDGE('',*,*,#478,.T.);
#218=ORIENTED_EDGE('',*,*,#479,.T.);
#219=ORIENTED_EDGE('',*,*,#478,.F.);
#220=ORIENTED_EDGE('',*,*,#480,.F.);
#221=ORIENTED_EDGE('',*,*,#472,.F.);
#222=ORIENTED_EDGE('',*,*,#481,.F.);
#223=ORIENTED_EDGE('',*,*,#482,.T.);
#224=ORIENTED_EDGE('',*,*,#480,.T.);
#225=ORIENTED_EDGE('',*,*,#477,.F.);
#226=ORIENTED_EDGE('',*,*,#473,.T.);
#227=ORIENTED_EDGE('',*,*,#469,.F.);
#228=ORIENTED_EDGE('',*,*,#481,.T.);
#229=ORIENTED_EDGE('',*,*,#471,.T.);
#230=ORIENTED_EDGE('',*,*,#475,.F.);
#231=ORIENTED_EDGE('',*,*,#476,.T.);
#232=ORIENTED_EDGE('',*,*,#479,.F.);
#233=ORIENTED_EDGE('',*,*,#482,.F.);
#234=ORIENTED_EDGE('',*,*,#483,.T.);
#235=ORIENTED_EDGE('',*,*,#484,.F.);
#236=ORIENTED_EDGE('',*,*,#464,.T.);
#237=ORIENTED_EDGE('',*,*,#485,.F.);
#238=ORIENTED_EDGE('',*,*,#485,.T.);
#239=ORIENTED_EDGE('',*,*,#463,.F.);
#240=ORIENTED_EDGE('',*,*,#483,.F.);
#241=ORIENTED_EDGE('',*,*,#486,.F.);
#242=ORIENTED_EDGE('',*,*,#487,.F.);
#243=ORIENTED_EDGE('',*,*,#488,.T.);
#244=ORIENTED_EDGE('',*,*,#489,.T.);
#245=ORIENTED_EDGE('',*,*,#487,.T.);
#246=ORIENTED_EDGE('',*,*,#486,.T.);
#247=ORIENTED_EDGE('',*,*,#484,.T.);
#248=ORIENTED_EDGE('',*,*,#490,.F.);
#249=ORIENTED_EDGE('',*,*,#488,.F.);
#250=ORIENTED_EDGE('',*,*,#467,.F.);
#251=ORIENTED_EDGE('',*,*,#490,.T.);
#252=ORIENTED_EDGE('',*,*,#491,.F.);
#253=ORIENTED_EDGE('',*,*,#492,.F.);
#254=ORIENTED_EDGE('',*,*,#493,.T.);
#255=ORIENTED_EDGE('',*,*,#494,.F.);
#256=ORIENTED_EDGE('',*,*,#489,.F.);
#257=ORIENTED_EDGE('',*,*,#495,.T.);
#258=ORIENTED_EDGE('',*,*,#496,.F.);
#259=ORIENTED_EDGE('',*,*,#497,.T.);
#260=ORIENTED_EDGE('',*,*,#498,.F.);
#261=ORIENTED_EDGE('',*,*,#499,.F.);
#262=ORIENTED_EDGE('',*,*,#500,.F.);
#263=ORIENTED_EDGE('',*,*,#500,.T.);
#264=ORIENTED_EDGE('',*,*,#501,.T.);
#265=ORIENTED_EDGE('',*,*,#498,.T.);
#266=ORIENTED_EDGE('',*,*,#502,.F.);
#267=ORIENTED_EDGE('',*,*,#503,.T.);
#268=ORIENTED_EDGE('',*,*,#501,.F.);
#269=ORIENTED_EDGE('',*,*,#499,.T.);
#270=ORIENTED_EDGE('',*,*,#503,.F.);
#271=ORIENTED_EDGE('',*,*,#496,.T.);
#272=ORIENTED_EDGE('',*,*,#504,.F.);
#273=ORIENTED_EDGE('',*,*,#502,.T.);
#274=ORIENTED_EDGE('',*,*,#497,.F.);
#275=ORIENTED_EDGE('',*,*,#504,.T.);
#276=ORIENTED_EDGE('',*,*,#495,.F.);
#277=ORIENTED_EDGE('',*,*,#505,.T.);
#278=ORIENTED_EDGE('',*,*,#491,.T.);
#279=ORIENTED_EDGE('',*,*,#506,.F.);
#280=ORIENTED_EDGE('',*,*,#507,.F.);
#281=ORIENTED_EDGE('',*,*,#508,.F.);
#282=ORIENTED_EDGE('',*,*,#509,.T.);
#283=ORIENTED_EDGE('',*,*,#510,.T.);
#284=ORIENTED_EDGE('',*,*,#511,.F.);
#285=ORIENTED_EDGE('',*,*,#512,.F.);
#286=ORIENTED_EDGE('',*,*,#513,.F.);
#287=ORIENTED_EDGE('',*,*,#514,.F.);
#288=ORIENTED_EDGE('',*,*,#515,.F.);
#289=ORIENTED_EDGE('',*,*,#516,.T.);
#290=ORIENTED_EDGE('',*,*,#517,.T.);
#291=ORIENTED_EDGE('',*,*,#518,.F.);
#292=ORIENTED_EDGE('',*,*,#519,.T.);
#293=ORIENTED_EDGE('',*,*,#493,.F.);
#294=ORIENTED_EDGE('',*,*,#494,.T.);
#295=ORIENTED_EDGE('',*,*,#519,.F.);
#296=ORIENTED_EDGE('',*,*,#492,.T.);
#297=ORIENTED_EDGE('',*,*,#506,.T.);
#298=ORIENTED_EDGE('',*,*,#520,.F.);
#299=ORIENTED_EDGE('',*,*,#521,.F.);
#300=ORIENTED_EDGE('',*,*,#522,.F.);
#301=ORIENTED_EDGE('',*,*,#523,.T.);
#302=ORIENTED_EDGE('',*,*,#524,.F.);
#303=ORIENTED_EDGE('',*,*,#525,.F.);
#304=ORIENTED_EDGE('',*,*,#526,.F.);
#305=ORIENTED_EDGE('',*,*,#527,.F.);
#306=ORIENTED_EDGE('',*,*,#528,.T.);
#307=ORIENTED_EDGE('',*,*,#529,.F.);
#308=ORIENTED_EDGE('',*,*,#530,.F.);
#309=ORIENTED_EDGE('',*,*,#517,.F.);
#310=ORIENTED_EDGE('',*,*,#516,.F.);
#311=ORIENTED_EDGE('',*,*,#529,.T.);
#312=ORIENTED_EDGE('',*,*,#531,.F.);
#313=ORIENTED_EDGE('',*,*,#532,.F.);
#314=ORIENTED_EDGE('',*,*,#533,.F.);
#315=ORIENTED_EDGE('',*,*,#534,.F.);
#316=ORIENTED_EDGE('',*,*,#535,.T.);
#317=ORIENTED_EDGE('',*,*,#536,.F.);
#318=ORIENTED_EDGE('',*,*,#537,.T.);
#319=ORIENTED_EDGE('',*,*,#538,.T.);
#320=ORIENTED_EDGE('',*,*,#539,.T.);
#321=ORIENTED_EDGE('',*,*,#525,.T.);
#322=ORIENTED_EDGE('',*,*,#540,.F.);
#323=ORIENTED_EDGE('',*,*,#541,.T.);
#324=ORIENTED_EDGE('',*,*,#542,.F.);
#325=ORIENTED_EDGE('',*,*,#538,.F.);
#326=ORIENTED_EDGE('',*,*,#543,.T.);
#327=ORIENTED_EDGE('',*,*,#544,.F.);
#328=ORIENTED_EDGE('',*,*,#545,.F.);
#329=ORIENTED_EDGE('',*,*,#539,.F.);
#330=ORIENTED_EDGE('',*,*,#545,.T.);
#331=ORIENTED_EDGE('',*,*,#546,.F.);
#332=ORIENTED_EDGE('',*,*,#547,.F.);
#333=ORIENTED_EDGE('',*,*,#548,.F.);
#334=ORIENTED_EDGE('',*,*,#526,.T.);
#335=ORIENTED_EDGE('',*,*,#542,.T.);
#336=ORIENTED_EDGE('',*,*,#549,.F.);
#337=ORIENTED_EDGE('',*,*,#550,.F.);
#338=ORIENTED_EDGE('',*,*,#551,.F.);
#339=ORIENTED_EDGE('',*,*,#547,.T.);
#340=ORIENTED_EDGE('',*,*,#541,.F.);
#341=ORIENTED_EDGE('',*,*,#552,.T.);
#342=ORIENTED_EDGE('',*,*,#553,.F.);
#343=ORIENTED_EDGE('',*,*,#554,.T.);
#344=ORIENTED_EDGE('',*,*,#555,.T.);
#345=ORIENTED_EDGE('',*,*,#535,.F.);
#346=ORIENTED_EDGE('',*,*,#556,.F.);
#347=ORIENTED_EDGE('',*,*,#557,.F.);
#348=ORIENTED_EDGE('',*,*,#553,.T.);
#349=ORIENTED_EDGE('',*,*,#558,.F.);
#350=ORIENTED_EDGE('',*,*,#559,.F.);
#351=ORIENTED_EDGE('',*,*,#560,.F.);
#352=ORIENTED_EDGE('',*,*,#510,.F.);
#353=ORIENTED_EDGE('',*,*,#509,.F.);
#354=ORIENTED_EDGE('',*,*,#561,.F.);
#355=ORIENTED_EDGE('',*,*,#532,.T.);
#356=ORIENTED_EDGE('',*,*,#562,.F.);
#357=ORIENTED_EDGE('',*,*,#563,.T.);
#358=ORIENTED_EDGE('',*,*,#556,.T.);
#359=ORIENTED_EDGE('',*,*,#534,.T.);
#360=ORIENTED_EDGE('',*,*,#564,.F.);
#361=ORIENTED_EDGE('',*,*,#512,.T.);
#362=ORIENTED_EDGE('',*,*,#565,.F.);
#363=ORIENTED_EDGE('',*,*,#536,.T.);
#364=ORIENTED_EDGE('',*,*,#559,.T.);
#365=ORIENTED_EDGE('',*,*,#566,.T.);
#366=ORIENTED_EDGE('',*,*,#563,.F.);
#367=ORIENTED_EDGE('',*,*,#567,.T.);
#368=ORIENTED_EDGE('',*,*,#527,.T.);
#369=ORIENTED_EDGE('',*,*,#548,.T.);
#370=ORIENTED_EDGE('',*,*,#551,.T.);
#371=ORIENTED_EDGE('',*,*,#568,.F.);
#372=ORIENTED_EDGE('',*,*,#554,.F.);
#373=ORIENTED_EDGE('',*,*,#557,.T.);
#374=ORIENTED_EDGE('',*,*,#568,.T.);
#375=ORIENTED_EDGE('',*,*,#550,.T.);
#376=ORIENTED_EDGE('',*,*,#569,.F.);
#377=ORIENTED_EDGE('',*,*,#555,.F.);
#378=ORIENTED_EDGE('',*,*,#558,.T.);
#379=ORIENTED_EDGE('',*,*,#552,.F.);
#380=ORIENTED_EDGE('',*,*,#569,.T.);
#381=ORIENTED_EDGE('',*,*,#549,.T.);
#382=ORIENTED_EDGE('',*,*,#546,.T.);
#383=ORIENTED_EDGE('',*,*,#544,.T.);
#384=ORIENTED_EDGE('',*,*,#570,.F.);
#385=ORIENTED_EDGE('',*,*,#566,.F.);
#386=ORIENTED_EDGE('',*,*,#571,.F.);
#387=ORIENTED_EDGE('',*,*,#562,.T.);
#388=ORIENTED_EDGE('',*,*,#572,.T.);
#389=ORIENTED_EDGE('',*,*,#573,.T.);
#390=ORIENTED_EDGE('',*,*,#572,.F.);
#391=ORIENTED_EDGE('',*,*,#531,.T.);
#392=ORIENTED_EDGE('',*,*,#574,.T.);
#393=ORIENTED_EDGE('',*,*,#575,.F.);
#394=ORIENTED_EDGE('',*,*,#576,.T.);
#395=ORIENTED_EDGE('',*,*,#571,.T.);
#396=ORIENTED_EDGE('',*,*,#577,.T.);
#397=ORIENTED_EDGE('',*,*,#578,.F.);
#398=ORIENTED_EDGE('',*,*,#567,.F.);
#399=ORIENTED_EDGE('',*,*,#579,.F.);
#400=ORIENTED_EDGE('',*,*,#579,.T.);
#401=ORIENTED_EDGE('',*,*,#576,.F.);
#402=ORIENTED_EDGE('',*,*,#575,.T.);
#403=ORIENTED_EDGE('',*,*,#580,.T.);
#404=ORIENTED_EDGE('',*,*,#577,.F.);
#405=ORIENTED_EDGE('',*,*,#573,.F.);
#406=ORIENTED_EDGE('',*,*,#578,.T.);
#407=ORIENTED_EDGE('',*,*,#580,.F.);
#408=ORIENTED_EDGE('',*,*,#574,.F.);
#409=ORIENTED_EDGE('',*,*,#528,.F.);
#410=ORIENTED_EDGE('',*,*,#581,.F.);
#411=ORIENTED_EDGE('',*,*,#582,.T.);
#412=ORIENTED_EDGE('',*,*,#583,.T.);
#413=ORIENTED_EDGE('',*,*,#584,.F.);
#414=ORIENTED_EDGE('',*,*,#585,.F.);
#415=ORIENTED_EDGE('',*,*,#586,.T.);
#416=ORIENTED_EDGE('',*,*,#585,.T.);
#417=ORIENTED_EDGE('',*,*,#583,.F.);
#418=ORIENTED_EDGE('',*,*,#587,.F.);
#419=ORIENTED_EDGE('',*,*,#570,.T.);
#420=ORIENTED_EDGE('',*,*,#588,.T.);
#421=ORIENTED_EDGE('',*,*,#586,.F.);
#422=ORIENTED_EDGE('',*,*,#581,.T.);
#423=ORIENTED_EDGE('',*,*,#589,.F.);
#424=ORIENTED_EDGE('',*,*,#537,.F.);
#425=ORIENTED_EDGE('',*,*,#590,.T.);
#426=ORIENTED_EDGE('',*,*,#587,.T.);
#427=ORIENTED_EDGE('',*,*,#582,.F.);
#428=ORIENTED_EDGE('',*,*,#590,.F.);
#429=ORIENTED_EDGE('',*,*,#565,.T.);
#430=ORIENTED_EDGE('',*,*,#588,.F.);
#431=ORIENTED_EDGE('',*,*,#543,.F.);
#432=ORIENTED_EDGE('',*,*,#589,.T.);
#433=ORIENTED_EDGE('',*,*,#584,.T.);
#434=ORIENTED_EDGE('',*,*,#505,.F.);
#435=ORIENTED_EDGE('',*,*,#561,.T.);
#436=ORIENTED_EDGE('',*,*,#508,.T.);
#437=ORIENTED_EDGE('',*,*,#507,.T.);
#438=ORIENTED_EDGE('',*,*,#518,.T.);
#439=ORIENTED_EDGE('',*,*,#530,.T.);
#440=ORIENTED_EDGE('',*,*,#533,.T.);
#441=ORIENTED_EDGE('',*,*,#524,.T.);
#442=ORIENTED_EDGE('',*,*,#591,.T.);
#443=ORIENTED_EDGE('',*,*,#513,.T.);
#444=ORIENTED_EDGE('',*,*,#564,.T.);
#445=ORIENTED_EDGE('',*,*,#540,.T.);
#446=ORIENTED_EDGE('',*,*,#592,.F.);
#447=ORIENTED_EDGE('',*,*,#514,.T.);
#448=ORIENTED_EDGE('',*,*,#591,.F.);
#449=ORIENTED_EDGE('',*,*,#523,.F.);
#450=ORIENTED_EDGE('',*,*,#522,.T.);
#451=ORIENTED_EDGE('',*,*,#593,.F.);
#452=ORIENTED_EDGE('',*,*,#521,.T.);
#453=ORIENTED_EDGE('',*,*,#594,.T.);
#454=ORIENTED_EDGE('',*,*,#593,.T.);
#455=ORIENTED_EDGE('',*,*,#592,.T.);
#456=ORIENTED_EDGE('',*,*,#594,.F.);
#457=ORIENTED_EDGE('',*,*,#520,.T.);
#458=ORIENTED_EDGE('',*,*,#515,.T.);
#459=ORIENTED_EDGE('',*,*,#560,.T.);
#460=ORIENTED_EDGE('',*,*,#511,.T.);
#461=EDGE_CURVE('',#595,#595,#690,.T.);
#462=EDGE_CURVE('',#596,#596,#691,.T.);
#463=EDGE_CURVE('',#597,#598,#77,.T.);
#464=EDGE_CURVE('',#597,#598,#30,.T.);
#465=EDGE_CURVE('',#599,#599,#692,.T.);
#466=EDGE_CURVE('',#600,#600,#693,.T.);
#467=EDGE_CURVE('',#601,#601,#694,.T.);
#468=EDGE_CURVE('',#602,#602,#695,.F.);
#469=EDGE_CURVE('',#603,#604,#78,.T.);
#470=EDGE_CURVE('',#604,#605,#79,.T.);
#471=EDGE_CURVE('',#606,#605,#80,.T.);
#472=EDGE_CURVE('',#606,#603,#81,.T.);
#473=EDGE_CURVE('',#607,#604,#82,.T.);
#474=EDGE_CURVE('',#607,#608,#83,.T.);
#475=EDGE_CURVE('',#608,#605,#84,.T.);
#476=EDGE_CURVE('',#608,#609,#696,.T.);
#477=EDGE_CURVE('',#607,#610,#697,.T.);
#478=EDGE_CURVE('',#610,#609,#85,.T.);
#479=EDGE_CURVE('',#606,#609,#86,.T.);
#480=EDGE_CURVE('',#603,#610,#87,.T.);
#481=EDGE_CURVE('',#611,#611,#698,.T.);
#482=EDGE_CURVE('',#612,#612,#699,.T.);
#483=EDGE_CURVE('',#613,#614,#700,.T.);
#484=EDGE_CURVE('',#613,#614,#31,.T.);
#485=EDGE_CURVE('',#597,#598,#701,.T.);
#486=EDGE_CURVE('',#614,#613,#88,.T.);
#487=EDGE_CURVE('',#615,#615,#702,.T.);
#488=EDGE_CURVE('',#616,#616,#703,.T.);
#489=EDGE_CURVE('',#617,#617,#704,.T.);
#490=EDGE_CURVE('',#618,#618,#705,.T.);
#491=EDGE_CURVE('',#619,#620,#32,.T.);
#492=EDGE_CURVE('',#621,#619,#89,.F.);
#493=EDGE_CURVE('',#621,#622,#33,.T.);
#494=EDGE_CURVE('',#620,#622,#90,.T.);
#495=EDGE_CURVE('',#623,#624,#91,.T.);
#496=EDGE_CURVE('',#625,#624,#706,.F.);
#497=EDGE_CURVE('',#625,#626,#92,.F.);
#498=EDGE_CURVE('',#627,#626,#707,.F.);
#499=EDGE_CURVE('',#628,#627,#34,.T.);
#500=EDGE_CURVE('',#623,#628,#708,.F.);
#501=EDGE_CURVE('',#628,#627,#709,.F.);
#502=EDGE_CURVE('',#623,#626,#710,.F.);
#503=EDGE_CURVE('',#629,#629,#711,.T.);
#504=EDGE_CURVE('',#625,#624,#712,.T.);
#505=EDGE_CURVE('',#630,#630,#35,.F.);
#506=EDGE_CURVE('',#619,#620,#713,.T.);
#507=EDGE_CURVE('',#631,#632,#36,.T.);
#508=EDGE_CURVE('',#633,#631,#37,.T.);
#509=EDGE_CURVE('',#633,#634,#38,.F.);
#510=EDGE_CURVE('',#634,#635,#39,.F.);
#511=EDGE_CURVE('',#636,#635,#40,.F.);
#512=EDGE_CURVE('',#637,#636,#93,.T.);
#513=EDGE_CURVE('',#638,#637,#41,.T.);
#514=EDGE_CURVE('',#639,#638,#42,.T.);
#515=EDGE_CURVE('',#640,#639,#43,.F.);
#516=EDGE_CURVE('',#640,#641,#44,.F.);
#517=EDGE_CURVE('',#641,#642,#45,.F.);
#518=EDGE_CURVE('',#632,#642,#46,.F.);
#519=EDGE_CURVE('',#621,#622,#714,.T.);
#520=EDGE_CURVE('',#643,#640,#47,.T.);
#521=EDGE_CURVE('',#644,#643,#48,.T.);
#522=EDGE_CURVE('',#645,#644,#49,.T.);
#523=EDGE_CURVE('',#645,#646,#94,.T.);
#524=EDGE_CURVE('',#647,#646,#50,.F.);
#525=EDGE_CURVE('',#648,#647,#51,.T.);
#526=EDGE_CURVE('',#649,#648,#95,.T.);
#527=EDGE_CURVE('',#650,#649,#52,.F.);
#528=EDGE_CURVE('',#650,#651,#96,.T.);
#529=EDGE_CURVE('',#652,#651,#53,.T.);
#530=EDGE_CURVE('',#642,#652,#54,.F.);
#531=EDGE_CURVE('',#653,#651,#97,.T.);
#532=EDGE_CURVE('',#654,#653,#55,.T.);
#533=EDGE_CURVE('',#652,#654,#56,.T.);
#534=EDGE_CURVE('',#655,#656,#57,.T.);
#535=EDGE_CURVE('',#655,#657,#58,.T.);
#536=EDGE_CURVE('',#658,#657,#59,.T.);
#537=EDGE_CURVE('',#658,#659,#98,.T.);
#538=EDGE_CURVE('',#659,#660,#60,.T.);
#539=EDGE_CURVE('',#660,#648,#61,.T.);
#540=EDGE_CURVE('',#656,#647,#62,.T.);
#541=EDGE_CURVE('',#661,#661,#715,.T.);
#542=EDGE_CURVE('',#662,#662,#716,.T.);
#543=EDGE_CURVE('',#659,#663,#99,.T.);
#544=EDGE_CURVE('',#664,#663,#63,.T.);
#545=EDGE_CURVE('',#660,#664,#100,.T.);
#546=EDGE_CURVE('',#665,#664,#64,.T.);
#547=EDGE_CURVE('',#666,#665,#101,.T.);
#548=EDGE_CURVE('',#649,#666,#65,.T.);
#549=EDGE_CURVE('',#667,#665,#717,.T.);
#550=EDGE_CURVE('',#668,#667,#718,.T.);
#551=EDGE_CURVE('',#666,#668,#719,.T.);
#552=EDGE_CURVE('',#669,#670,#720,.T.);
#553=EDGE_CURVE('',#671,#670,#102,.T.);
#554=EDGE_CURVE('',#671,#672,#721,.T.);
#555=EDGE_CURVE('',#672,#669,#722,.T.);
#556=EDGE_CURVE('',#673,#655,#103,.T.);
#557=EDGE_CURVE('',#671,#673,#66,.T.);
#558=EDGE_CURVE('',#674,#670,#67,.T.);
#559=EDGE_CURVE('',#657,#674,#104,.T.);
#560=EDGE_CURVE('',#635,#636,#68,.T.);
#561=EDGE_CURVE('',#654,#633,#69,.F.);
#562=EDGE_CURVE('',#675,#653,#105,.T.);
#563=EDGE_CURVE('',#675,#673,#70,.T.);
#564=EDGE_CURVE('',#637,#656,#71,.F.);
#565=EDGE_CURVE('',#658,#676,#106,.T.);
#566=EDGE_CURVE('',#674,#676,#72,.T.);
#567=EDGE_CURVE('',#675,#650,#107,.T.);
#568=EDGE_CURVE('',#672,#668,#108,.T.);
#569=EDGE_CURVE('',#669,#667,#109,.T.);
#570=EDGE_CURVE('',#676,#663,#110,.T.);
#571=EDGE_CURVE('',#675,#677,#111,.T.);
#572=EDGE_CURVE('',#653,#678,#112,.T.);
#573=EDGE_CURVE('',#678,#677,#113,.T.);
#574=EDGE_CURVE('',#651,#679,#114,.T.);
#575=EDGE_CURVE('',#678,#679,#723,.T.);
#576=EDGE_CURVE('',#680,#680,#724,.T.);
#577=EDGE_CURVE('',#677,#681,#725,.T.);
#578=EDGE_CURVE('',#650,#681,#115,.T.);
#579=EDGE_CURVE('',#682,#682,#726,.T.);
#580=EDGE_CURVE('',#679,#681,#116,.T.);
#581=EDGE_CURVE('',#683,#684,#727,.T.);
#582=EDGE_CURVE('',#683,#685,#117,.T.);
#583=EDGE_CURVE('',#685,#686,#728,.T.);
#584=EDGE_CURVE('',#684,#686,#118,.T.);
#585=EDGE_CURVE('',#687,#687,#729,.T.);
#586=EDGE_CURVE('',#688,#688,#730,.T.);
#587=EDGE_CURVE('',#676,#685,#119,.T.);
#588=EDGE_CURVE('',#663,#686,#120,.T.);
#589=EDGE_CURVE('',#659,#684,#121,.T.);
#590=EDGE_CURVE('',#658,#683,#122,.T.);
#591=EDGE_CURVE('',#646,#638,#73,.F.);
#592=EDGE_CURVE('',#639,#689,#74,.F.);
#593=EDGE_CURVE('',#689,#644,#75,.F.);
#594=EDGE_CURVE('',#643,#689,#76,.T.);
#595=VERTEX_POINT('',#1318);
#596=VERTEX_POINT('',#1320);
#597=VERTEX_POINT('',#1323);
#598=VERTEX_POINT('',#1324);
#599=VERTEX_POINT('',#1352);
#600=VERTEX_POINT('',#1355);
#601=VERTEX_POINT('',#1358);
#602=VERTEX_POINT('',#1360);
#603=VERTEX_POINT('',#1364);
#604=VERTEX_POINT('',#1365);
#605=VERTEX_POINT('',#1367);
#606=VERTEX_POINT('',#1369);
#607=VERTEX_POINT('',#1373);
#608=VERTEX_POINT('',#1375);
#609=VERTEX_POINT('',#1379);
#610=VERTEX_POINT('',#1381);
#611=VERTEX_POINT('',#1388);
#612=VERTEX_POINT('',#1390);
#613=VERTEX_POINT('',#2157);
#614=VERTEX_POINT('',#2158);
#615=VERTEX_POINT('',#2191);
#616=VERTEX_POINT('',#2193);
#617=VERTEX_POINT('',#2196);
#618=VERTEX_POINT('',#2199);
#619=VERTEX_POINT('',#2211);
#620=VERTEX_POINT('',#2212);
#621=VERTEX_POINT('',#2214);
#622=VERTEX_POINT('',#2222);
#623=VERTEX_POINT('',#2225);
#624=VERTEX_POINT('',#2226);
#625=VERTEX_POINT('',#2228);
#626=VERTEX_POINT('',#2230);
#627=VERTEX_POINT('',#2232);
#628=VERTEX_POINT('',#2238);
#629=VERTEX_POINT('',#2245);
#630=VERTEX_POINT('',#2262);
#631=VERTEX_POINT('',#2276);
#632=VERTEX_POINT('',#2277);
#633=VERTEX_POINT('',#2282);
#634=VERTEX_POINT('',#2287);
#635=VERTEX_POINT('',#2292);
#636=VERTEX_POINT('',#2306);
#637=VERTEX_POINT('',#2308);
#638=VERTEX_POINT('',#2335);
#639=VERTEX_POINT('',#2340);
#640=VERTEX_POINT('',#2350);
#641=VERTEX_POINT('',#2355);
#642=VERTEX_POINT('',#2360);
#643=VERTEX_POINT('',#2379);
#644=VERTEX_POINT('',#2384);
#645=VERTEX_POINT('',#2389);
#646=VERTEX_POINT('',#2391);
#647=VERTEX_POINT('',#2398);
#648=VERTEX_POINT('',#2404);
#649=VERTEX_POINT('',#2406);
#650=VERTEX_POINT('',#2416);
#651=VERTEX_POINT('',#2418);
#652=VERTEX_POINT('',#2423);
#653=VERTEX_POINT('',#2438);
#654=VERTEX_POINT('',#2443);
#655=VERTEX_POINT('',#2463);
#656=VERTEX_POINT('',#2464);
#657=VERTEX_POINT('',#2486);
#658=VERTEX_POINT('',#2496);
#659=VERTEX_POINT('',#2498);
#660=VERTEX_POINT('',#2508);
#661=VERTEX_POINT('',#2538);
#662=VERTEX_POINT('',#2540);
#663=VERTEX_POINT('',#2550);
#664=VERTEX_POINT('',#2561);
#665=VERTEX_POINT('',#2580);
#666=VERTEX_POINT('',#2582);
#667=VERTEX_POINT('',#2594);
#668=VERTEX_POINT('',#2596);
#669=VERTEX_POINT('',#2600);
#670=VERTEX_POINT('',#2601);
#671=VERTEX_POINT('',#2603);
#672=VERTEX_POINT('',#2605);
#673=VERTEX_POINT('',#2616);
#674=VERTEX_POINT('',#2635);
#675=VERTEX_POINT('',#2655);
#676=VERTEX_POINT('',#2682);
#677=VERTEX_POINT('',#2702);
#678=VERTEX_POINT('',#2704);
#679=VERTEX_POINT('',#2708);
#680=VERTEX_POINT('',#2711);
#681=VERTEX_POINT('',#2714);
#682=VERTEX_POINT('',#2717);
#683=VERTEX_POINT('',#2724);
#684=VERTEX_POINT('',#2725);
#685=VERTEX_POINT('',#2727);
#686=VERTEX_POINT('',#2729);
#687=VERTEX_POINT('',#2733);
#688=VERTEX_POINT('',#2735);
#689=VERTEX_POINT('',#3159);
#690=CIRCLE('',#1007,0.0085);
#691=CIRCLE('',#1008,0.0085);
#692=CIRCLE('',#1010,0.00561086406338478);
#693=CIRCLE('',#1012,0.00561086406338478);
#694=CIRCLE('',#1014,0.00100962318990483);
#695=CIRCLE('',#1015,0.00335098898103481);
#696=CIRCLE('',#1020,0.00342735375892371);
#697=CIRCLE('',#1021,0.00342735375892371);
#698=CIRCLE('',#1024,0.0024);
#699=CIRCLE('',#1025,0.0024);
#700=CIRCLE('',#1028,0.0005);
#701=CIRCLE('',#1029,0.0005);
#702=CIRCLE('',#1033,0.0085);
#703=CIRCLE('',#1034,0.0085);
#704=CIRCLE('',#1036,0.00183045329044793);
#705=CIRCLE('',#1038,0.00100962318990483);
#706=CIRCLE('',#1041,0.00183045329044793);
#707=CIRCLE('',#1042,0.00183045329044793);
#708=CIRCLE('',#1043,0.00183045329044793);
#709=CIRCLE('',#1045,0.00125);
#710=CIRCLE('',#1046,0.002);
#711=CIRCLE('',#1048,0.00125);
#712=CIRCLE('',#1051,0.00298315541378748);
#713=CIRCLE('',#1054,0.00200000000000004);
#714=CIRCLE('',#1056,0.00298315541378748);
#715=CIRCLE('',#1059,0.0015);
#716=CIRCLE('',#1060,0.0015);
#717=CIRCLE('',#1062,0.115);
#718=CIRCLE('',#1063,0.0025);
#719=CIRCLE('',#1064,0.115);
#720=CIRCLE('',#1066,0.115);
#721=CIRCLE('',#1067,0.115);
#722=CIRCLE('',#1068,0.0025);
#723=CIRCLE('',#1074,0.0025);
#724=CIRCLE('',#1075,0.0015);
#725=CIRCLE('',#1077,0.0025);
#726=CIRCLE('',#1078,0.0015);
#727=CIRCLE('',#1083,0.0025);
#728=CIRCLE('',#1084,0.0025);
#729=CIRCLE('',#1086,0.0015);
#730=CIRCLE('',#1087,0.0015);
#731=EDGE_LOOP('',(#193));
#732=EDGE_LOOP('',(#194));
#733=EDGE_LOOP('',(#195,#196));
#734=EDGE_LOOP('',(#197));
#735=EDGE_LOOP('',(#198));
#736=EDGE_LOOP('',(#199));
#737=EDGE_LOOP('',(#200));
#738=EDGE_LOOP('',(#201));
#739=EDGE_LOOP('',(#202));
#740=EDGE_LOOP('',(#203));
#741=EDGE_LOOP('',(#204));
#742=EDGE_LOOP('',(#205,#206,#207,#208));
#743=EDGE_LOOP('',(#209));
#744=EDGE_LOOP('',(#210,#211,#212,#213));
#745=EDGE_LOOP('',(#214,#215,#216,#217));
#746=EDGE_LOOP('',(#218,#219,#220,#221));
#747=EDGE_LOOP('',(#222));
#748=EDGE_LOOP('',(#223));
#749=EDGE_LOOP('',(#224,#225,#226,#227));
#750=EDGE_LOOP('',(#228));
#751=EDGE_LOOP('',(#229,#230,#231,#232));
#752=EDGE_LOOP('',(#233));
#753=EDGE_LOOP('',(#234,#235));
#754=EDGE_LOOP('',(#236,#237));
#755=EDGE_LOOP('',(#238,#239));
#756=EDGE_LOOP('',(#240,#241));
#757=EDGE_LOOP('',(#242));
#758=EDGE_LOOP('',(#243));
#759=EDGE_LOOP('',(#244));
#760=EDGE_LOOP('',(#245));
#761=EDGE_LOOP('',(#246,#247));
#762=EDGE_LOOP('',(#248));
#763=EDGE_LOOP('',(#249));
#764=EDGE_LOOP('',(#250));
#765=EDGE_LOOP('',(#251));
#766=EDGE_LOOP('',(#252,#253,#254,#255));
#767=EDGE_LOOP('',(#256));
#768=EDGE_LOOP('',(#257,#258,#259,#260,#261,#262));
#769=EDGE_LOOP('',(#263,#264,#265,#266));
#770=EDGE_LOOP('',(#267));
#771=EDGE_LOOP('',(#268,#269));
#772=EDGE_LOOP('',(#270));
#773=EDGE_LOOP('',(#271,#272));
#774=EDGE_LOOP('',(#273,#274,#275,#276));
#775=EDGE_LOOP('',(#277));
#776=EDGE_LOOP('',(#278,#279));
#777=EDGE_LOOP('',(#280,#281,#282,#283,#284,#285,#286,#287,#288,#289,#290,
#291));
#778=EDGE_LOOP('',(#292,#293));
#779=EDGE_LOOP('',(#294,#295,#296,#297));
#780=EDGE_LOOP('',(#298,#299,#300,#301,#302,#303,#304,#305,#306,#307,#308,
#309,#310));
#781=EDGE_LOOP('',(#311,#312,#313,#314));
#782=EDGE_LOOP('',(#315,#316,#317,#318,#319,#320,#321,#322));
#783=EDGE_LOOP('',(#323));
#784=EDGE_LOOP('',(#324));
#785=EDGE_LOOP('',(#325,#326,#327,#328));
#786=EDGE_LOOP('',(#329,#330,#331,#332,#333,#334));
#787=EDGE_LOOP('',(#335));
#788=EDGE_LOOP('',(#336,#337,#338,#339));
#789=EDGE_LOOP('',(#340));
#790=EDGE_LOOP('',(#341,#342,#343,#344));
#791=EDGE_LOOP('',(#345,#346,#347,#348,#349,#350));
#792=EDGE_LOOP('',(#351,#352,#353,#354,#355,#356,#357,#358,#359,#360,#361));
#793=EDGE_LOOP('',(#362,#363,#364,#365));
#794=EDGE_LOOP('',(#366,#367,#368,#369,#370,#371,#372,#373));
#795=EDGE_LOOP('',(#374,#375,#376,#377));
#796=EDGE_LOOP('',(#378,#379,#380,#381,#382,#383,#384,#385));
#797=EDGE_LOOP('',(#386,#387,#388,#389));
#798=EDGE_LOOP('',(#390,#391,#392,#393));
#799=EDGE_LOOP('',(#394));
#800=EDGE_LOOP('',(#395,#396,#397,#398));
#801=EDGE_LOOP('',(#399));
#802=EDGE_LOOP('',(#400));
#803=EDGE_LOOP('',(#401));
#804=EDGE_LOOP('',(#402,#403,#404,#405));
#805=EDGE_LOOP('',(#406,#407,#408,#409));
#806=EDGE_LOOP('',(#410,#411,#412,#413));
#807=EDGE_LOOP('',(#414));
#808=EDGE_LOOP('',(#415));
#809=EDGE_LOOP('',(#416));
#810=EDGE_LOOP('',(#417,#418,#419,#420));
#811=EDGE_LOOP('',(#421));
#812=EDGE_LOOP('',(#422,#423,#424,#425));
#813=EDGE_LOOP('',(#426,#427,#428,#429));
#814=EDGE_LOOP('',(#430,#431,#432,#433));
#815=EDGE_LOOP('',(#434));
#816=EDGE_LOOP('',(#435,#436,#437,#438,#439,#440));
#817=EDGE_LOOP('',(#441,#442,#443,#444,#445));
#818=EDGE_LOOP('',(#446,#447,#448,#449,#450,#451));
#819=EDGE_LOOP('',(#452,#453,#454));
#820=EDGE_LOOP('',(#455,#456,#457,#458));
#821=EDGE_LOOP('',(#459,#460));
#822=FACE_BOUND('',#731,.T.);
#823=FACE_BOUND('',#732,.T.);
#824=FACE_BOUND('',#733,.T.);
#825=FACE_BOUND('',#734,.T.);
#826=FACE_BOUND('',#735,.T.);
#827=FACE_BOUND('',#736,.T.);
#828=FACE_BOUND('',#737,.T.);
#829=FACE_BOUND('',#738,.T.);
#830=FACE_BOUND('',#739,.T.);
#831=FACE_BOUND('',#740,.T.);
#832=FACE_BOUND('',#741,.T.);
#833=FACE_BOUND('',#742,.T.);
#834=FACE_BOUND('',#743,.T.);
#835=FACE_BOUND('',#744,.T.);
#836=FACE_BOUND('',#745,.T.);
#837=FACE_BOUND('',#746,.T.);
#838=FACE_BOUND('',#747,.T.);
#839=FACE_BOUND('',#748,.T.);
#840=FACE_BOUND('',#749,.T.);
#841=FACE_BOUND('',#750,.T.);
#842=FACE_BOUND('',#751,.T.);
#843=FACE_BOUND('',#752,.T.);
#844=FACE_BOUND('',#753,.T.);
#845=FACE_BOUND('',#754,.T.);
#846=FACE_BOUND('',#755,.T.);
#847=FACE_BOUND('',#756,.T.);
#848=FACE_BOUND('',#757,.T.);
#849=FACE_BOUND('',#758,.T.);
#850=FACE_BOUND('',#759,.T.);
#851=FACE_BOUND('',#760,.T.);
#852=FACE_BOUND('',#761,.T.);
#853=FACE_BOUND('',#762,.T.);
#854=FACE_BOUND('',#763,.T.);
#855=FACE_BOUND('',#764,.T.);
#856=FACE_BOUND('',#765,.T.);
#857=FACE_BOUND('',#766,.T.);
#858=FACE_BOUND('',#767,.T.);
#859=FACE_BOUND('',#768,.T.);
#860=FACE_BOUND('',#769,.T.);
#861=FACE_BOUND('',#770,.T.);
#862=FACE_BOUND('',#771,.T.);
#863=FACE_BOUND('',#772,.T.);
#864=FACE_BOUND('',#773,.T.);
#865=FACE_BOUND('',#774,.T.);
#866=FACE_BOUND('',#775,.T.);
#867=FACE_BOUND('',#776,.T.);
#868=FACE_BOUND('',#777,.T.);
#869=FACE_BOUND('',#778,.T.);
#870=FACE_BOUND('',#779,.T.);
#871=FACE_BOUND('',#780,.T.);
#872=FACE_BOUND('',#781,.T.);
#873=FACE_BOUND('',#782,.T.);
#874=FACE_BOUND('',#783,.T.);
#875=FACE_BOUND('',#784,.T.);
#876=FACE_BOUND('',#785,.T.);
#877=FACE_BOUND('',#786,.T.);
#878=FACE_BOUND('',#787,.T.);
#879=FACE_BOUND('',#788,.T.);
#880=FACE_BOUND('',#789,.T.);
#881=FACE_BOUND('',#790,.T.);
#882=FACE_BOUND('',#791,.T.);
#883=FACE_BOUND('',#792,.T.);
#884=FACE_BOUND('',#793,.T.);
#885=FACE_BOUND('',#794,.T.);
#886=FACE_BOUND('',#795,.T.);
#887=FACE_BOUND('',#796,.T.);
#888=FACE_BOUND('',#797,.T.);
#889=FACE_BOUND('',#798,.T.);
#890=FACE_BOUND('',#799,.T.);
#891=FACE_BOUND('',#800,.T.);
#892=FACE_BOUND('',#801,.T.);
#893=FACE_BOUND('',#802,.T.);
#894=FACE_BOUND('',#803,.T.);
#895=FACE_BOUND('',#804,.T.);
#896=FACE_BOUND('',#805,.T.);
#897=FACE_BOUND('',#806,.T.);
#898=FACE_BOUND('',#807,.T.);
#899=FACE_BOUND('',#808,.T.);
#900=FACE_BOUND('',#809,.T.);
#901=FACE_BOUND('',#810,.T.);
#902=FACE_BOUND('',#811,.T.);
#903=FACE_BOUND('',#812,.T.);
#904=FACE_BOUND('',#813,.T.);
#905=FACE_BOUND('',#814,.T.);
#906=FACE_BOUND('',#815,.T.);
#907=FACE_BOUND('',#816,.T.);
#908=FACE_BOUND('',#817,.T.);
#909=FACE_BOUND('',#818,.T.);
#910=FACE_BOUND('',#819,.T.);
#911=FACE_BOUND('',#820,.T.);
#912=FACE_BOUND('',#821,.T.);
#913=CYLINDRICAL_SURFACE('',#1006,0.0085);
#914=CYLINDRICAL_SURFACE('',#1011,0.00561086406338478);
#915=CYLINDRICAL_SURFACE('',#1019,0.00342735375892371);
#916=CYLINDRICAL_SURFACE('',#1023,0.0024);
#917=CYLINDRICAL_SURFACE('',#1032,0.0085);
#918=CYLINDRICAL_SURFACE('',#1039,0.00100962318990483);
#919=CYLINDRICAL_SURFACE('',#1040,0.00183045329044793);
#920=CYLINDRICAL_SURFACE('',#1047,0.00125);
#921=CYLINDRICAL_SURFACE('',#1053,0.00200000000000004);
#922=CYLINDRICAL_SURFACE('',#1055,0.00298315541378748);
#923=CYLINDRICAL_SURFACE('',#1058,0.0015);
#924=CYLINDRICAL_SURFACE('',#1069,0.115);
#925=CYLINDRICAL_SURFACE('',#1070,0.0025);
#926=CYLINDRICAL_SURFACE('',#1071,0.115);
#927=CYLINDRICAL_SURFACE('',#1079,0.0015);
#928=CYLINDRICAL_SURFACE('',#1080,0.0025);
#929=CYLINDRICAL_SURFACE('',#1082,0.0025);
#930=CYLINDRICAL_SURFACE('',#1085,0.0015);
#931=CYLINDRICAL_SURFACE('',#1092,0.306810236183546);
#932=ADVANCED_FACE('',(#822,#823),#913,.T.);
#933=ADVANCED_FACE('',(#824,#825,#826),#169,.F.);
#934=ADVANCED_FACE('',(#827,#828),#914,.T.);
#935=ADVANCED_FACE('',(#829,#830),#170,.F.);
#936=ADVANCED_FACE('',(#831,#832),#29,.T.);
#937=ADVANCED_FACE('',(#833,#834),#171,.T.);
#938=ADVANCED_FACE('',(#835),#172,.T.);
#939=ADVANCED_FACE('',(#836),#915,.T.);
#940=ADVANCED_FACE('',(#837),#173,.T.);
#941=ADVANCED_FACE('',(#838,#839),#916,.F.);
#942=ADVANCED_FACE('',(#840,#841),#174,.T.);
#943=ADVANCED_FACE('',(#842,#843),#175,.F.);
#944=ADVANCED_FACE('',(#844,#845),#25,.F.);
#945=ADVANCED_FACE('',(#846),#176,.F.);
#946=ADVANCED_FACE('',(#847),#177,.T.);
#947=ADVANCED_FACE('',(#848,#849),#917,.T.);
#948=ADVANCED_FACE('',(#850,#851),#178,.T.);
#949=ADVANCED_FACE('',(#852,#853,#854),#179,.F.);
#950=ADVANCED_FACE('',(#855,#856),#918,.T.);
#951=ADVANCED_FACE('',(#857,#858,#859),#919,.T.);
#952=ADVANCED_FACE('',(#860),#23,.T.);
#953=ADVANCED_FACE('',(#861,#862),#920,.F.);
#954=ADVANCED_FACE('',(#863),#180,.T.);
#955=ADVANCED_FACE('',(#864),#24,.T.);
#956=ADVANCED_FACE('',(#865),#181,.F.);
#957=ADVANCED_FACE('',(#866,#867),#921,.F.);
#958=ADVANCED_FACE('',(#868,#869),#922,.T.);
#959=ADVANCED_FACE('',(#870),#182,.T.);
#960=ADVANCED_FACE('',(#871),#12,.F.);
#961=ADVANCED_FACE('',(#872),#13,.T.);
#962=ADVANCED_FACE('',(#873),#14,.T.);
#963=ADVANCED_FACE('',(#874,#875),#923,.F.);
#964=ADVANCED_FACE('',(#876),#15,.F.);
#965=ADVANCED_FACE('',(#877),#16,.F.);
#966=ADVANCED_FACE('',(#878,#879),#183,.T.);
#967=ADVANCED_FACE('',(#880,#881),#184,.F.);
#968=ADVANCED_FACE('',(#882),#17,.F.);
#969=ADVANCED_FACE('',(#883),#18,.T.);
#970=ADVANCED_FACE('',(#884),#19,.T.);
#971=ADVANCED_FACE('',(#885),#924,.T.);
#972=ADVANCED_FACE('',(#886),#925,.T.);
#973=ADVANCED_FACE('',(#887),#926,.T.);
#974=ADVANCED_FACE('',(#888),#185,.F.);
#975=ADVANCED_FACE('',(#889,#890),#186,.F.);
#976=ADVANCED_FACE('',(#891,#892),#187,.T.);
#977=ADVANCED_FACE('',(#893,#894),#927,.F.);
#978=ADVANCED_FACE('',(#895),#928,.T.);
#979=ADVANCED_FACE('',(#896),#188,.T.);
#980=ADVANCED_FACE('',(#897),#929,.T.);
#981=ADVANCED_FACE('',(#898,#899),#930,.F.);
#982=ADVANCED_FACE('',(#900,#901),#189,.T.);
#983=ADVANCED_FACE('',(#902,#903),#190,.F.);
#984=ADVANCED_FACE('',(#904),#191,.T.);
#985=ADVANCED_FACE('',(#905),#192,.F.);
#986=ADVANCED_FACE('',(#906),#931,.F.);
#987=ADVANCED_FACE('',(#907),#20,.F.);
#988=ADVANCED_FACE('',(#908),#21,.F.);
#989=ADVANCED_FACE('',(#909),#22,.T.);
#990=ADVANCED_FACE('',(#910),#26,.F.);
#991=ADVANCED_FACE('',(#911),#27,.T.);
#992=ADVANCED_FACE('',(#912),#28,.T.);
#993=CLOSED_SHELL('',(#932,#933,#934,#935,#936,#937,#938,#939,#940,#941,
#942,#943,#944,#945,#946,#947,#948,#949,#950,#951,#952,#953,#954,#955,#956,
#957,#958,#959,#960,#961,#962,#963,#964,#965,#966,#967,#968,#969,#970,#971,
#972,#973,#974,#975,#976,#977,#978,#979,#980,#981,#982,#983,#984,#985,#986,
#987,#988,#989,#990,#991,#992));
#994=STYLED_ITEM('',(#995),#1002);
#995=PRESENTATION_STYLE_ASSIGNMENT((#996));
#996=SURFACE_STYLE_USAGE(.BOTH.,#997);
#997=SURFACE_SIDE_STYLE('',(#998));
#998=SURFACE_STYLE_FILL_AREA(#999);
#999=FILL_AREA_STYLE('',(#1000));
#1000=FILL_AREA_STYLE_COLOUR('',#1001);
#1001=COLOUR_RGB('',0.647058823529412,0.647058823529412,0.647058823529412);
#1002=MANIFOLD_SOLID_BREP('Part 2',#993);
#1003=SHAPE_DEFINITION_REPRESENTATION(#3234,#1004);
#1004=SHAPE_REPRESENTATION('Part 2',(#1005),#3229);
#1005=AXIS2_PLACEMENT_3D('',#1315,#1093,#1094);
#1006=AXIS2_PLACEMENT_3D('',#1316,#1095,#1096);
#1007=AXIS2_PLACEMENT_3D('',#1317,#1097,#1098);
#1008=AXIS2_PLACEMENT_3D('',#1319,#1099,#1100);
#1009=AXIS2_PLACEMENT_3D('',#1321,#1101,#1102);
#1010=AXIS2_PLACEMENT_3D('',#1351,#1104,#1105);
#1011=AXIS2_PLACEMENT_3D('',#1353,#1106,#1107);
#1012=AXIS2_PLACEMENT_3D('',#1354,#1108,#1109);
#1013=AXIS2_PLACEMENT_3D('',#1356,#1110,#1111);
#1014=AXIS2_PLACEMENT_3D('',#1357,#1112,#1113);
#1015=AXIS2_PLACEMENT_3D('',#1359,#1114,#1115);
#1016=AXIS2_PLACEMENT_3D('',#1361,#1116,#1117);
#1017=AXIS2_PLACEMENT_3D('',#1362,#1118,#1119);
#1018=AXIS2_PLACEMENT_3D('',#1371,#1124,#1125);
#1019=AXIS2_PLACEMENT_3D('',#1377,#1129,#1130);
#1020=AXIS2_PLACEMENT_3D('',#1378,#1131,#1132);
#1021=AXIS2_PLACEMENT_3D('',#1380,#1133,#1134);
#1022=AXIS2_PLACEMENT_3D('',#1383,#1136,#1137);
#1023=AXIS2_PLACEMENT_3D('',#1386,#1140,#1141);
#1024=AXIS2_PLACEMENT_3D('',#1387,#1142,#1143);
#1025=AXIS2_PLACEMENT_3D('',#1389,#1144,#1145);
#1026=AXIS2_PLACEMENT_3D('',#1391,#1146,#1147);
#1027=AXIS2_PLACEMENT_3D('',#1392,#1148,#1149);
#1028=AXIS2_PLACEMENT_3D('',#2156,#1150,#1151);
#1029=AXIS2_PLACEMENT_3D('',#2185,#1152,#1153);
#1030=AXIS2_PLACEMENT_3D('',#2186,#1154,#1155);
#1031=AXIS2_PLACEMENT_3D('',#2187,#1156,#1157);
#1032=AXIS2_PLACEMENT_3D('',#2189,#1159,#1160);
#1033=AXIS2_PLACEMENT_3D('',#2190,#1161,#1162);
#1034=AXIS2_PLACEMENT_3D('',#2192,#1163,#1164);
#1035=AXIS2_PLACEMENT_3D('',#2194,#1165,#1166);
#1036=AXIS2_PLACEMENT_3D('',#2195,#1167,#1168);
#1037=AXIS2_PLACEMENT_3D('',#2197,#1169,#1170);
#1038=AXIS2_PLACEMENT_3D('',#2198,#1171,#1172);
#1039=AXIS2_PLACEMENT_3D('',#2200,#1173,#1174);
#1040=AXIS2_PLACEMENT_3D('',#2201,#1175,#1176);
#1041=AXIS2_PLACEMENT_3D('',#2227,#1180,#1181);
#1042=AXIS2_PLACEMENT_3D('',#2231,#1183,#1184);
#1043=AXIS2_PLACEMENT_3D('',#2239,#1185,#1186);
#1044=AXIS2_PLACEMENT_3D('',#2240,#1187,#1188);
#1045=AXIS2_PLACEMENT_3D('',#2241,#1189,#1190);
#1046=AXIS2_PLACEMENT_3D('',#2242,#1191,#1192);
#1047=AXIS2_PLACEMENT_3D('',#2243,#1193,#1194);
#1048=AXIS2_PLACEMENT_3D('',#2244,#1195,#1196);
#1049=AXIS2_PLACEMENT_3D('',#2246,#1197,#1198);
#1050=AXIS2_PLACEMENT_3D('',#2247,#1199,#1200);
#1051=AXIS2_PLACEMENT_3D('',#2248,#1201,#1202);
#1052=AXIS2_PLACEMENT_3D('',#2249,#1203,#1204);
#1053=AXIS2_PLACEMENT_3D('',#2250,#1205,#1206);
#1054=AXIS2_PLACEMENT_3D('',#2263,#1207,#1208);
#1055=AXIS2_PLACEMENT_3D('',#2264,#1209,#1210);
#1056=AXIS2_PLACEMENT_3D('',#2365,#1212,#1213);
#1057=AXIS2_PLACEMENT_3D('',#2366,#1214,#1215);
#1058=AXIS2_PLACEMENT_3D('',#2536,#1221,#1222);
#1059=AXIS2_PLACEMENT_3D('',#2537,#1223,#1224);
#1060=AXIS2_PLACEMENT_3D('',#2539,#1225,#1226);
#1061=AXIS2_PLACEMENT_3D('',#2592,#1230,#1231);
#1062=AXIS2_PLACEMENT_3D('',#2593,#1232,#1233);
#1063=AXIS2_PLACEMENT_3D('',#2595,#1234,#1235);
#1064=AXIS2_PLACEMENT_3D('',#2597,#1236,#1237);
#1065=AXIS2_PLACEMENT_3D('',#2598,#1238,#1239);
#1066=AXIS2_PLACEMENT_3D('',#2599,#1240,#1241);
#1067=AXIS2_PLACEMENT_3D('',#2604,#1243,#1244);
#1068=AXIS2_PLACEMENT_3D('',#2606,#1245,#1246);
#1069=AXIS2_PLACEMENT_3D('',#2693,#1251,#1252);
#1070=AXIS2_PLACEMENT_3D('',#2696,#1255,#1256);
#1071=AXIS2_PLACEMENT_3D('',#2698,#1258,#1259);
#1072=AXIS2_PLACEMENT_3D('',#2700,#1261,#1262);
#1073=AXIS2_PLACEMENT_3D('',#2706,#1266,#1267);
#1074=AXIS2_PLACEMENT_3D('',#2709,#1269,#1270);
#1075=AXIS2_PLACEMENT_3D('',#2710,#1271,#1272);
#1076=AXIS2_PLACEMENT_3D('',#2712,#1273,#1274);
#1077=AXIS2_PLACEMENT_3D('',#2713,#1275,#1276);
#1078=AXIS2_PLACEMENT_3D('',#2716,#1278,#1279);
#1079=AXIS2_PLACEMENT_3D('',#2718,#1280,#1281);
#1080=AXIS2_PLACEMENT_3D('',#2719,#1282,#1283);
#1081=AXIS2_PLACEMENT_3D('',#2721,#1285,#1286);
#1082=AXIS2_PLACEMENT_3D('',#2722,#1287,#1288);
#1083=AXIS2_PLACEMENT_3D('',#2723,#1289,#1290);
#1084=AXIS2_PLACEMENT_3D('',#2728,#1292,#1293);
#1085=AXIS2_PLACEMENT_3D('',#2731,#1295,#1296);
#1086=AXIS2_PLACEMENT_3D('',#2732,#1297,#1298);
#1087=AXIS2_PLACEMENT_3D('',#2734,#1299,#1300);
#1088=AXIS2_PLACEMENT_3D('',#2736,#1301,#1302);
#1089=AXIS2_PLACEMENT_3D('',#2739,#1305,#1306);
#1090=AXIS2_PLACEMENT_3D('',#2742,#1309,#1310);
#1091=AXIS2_PLACEMENT_3D('',#2743,#1311,#1312);
#1092=AXIS2_PLACEMENT_3D('',#2744,#1313,#1314);
#1093=DIRECTION('',(0.,0.,1.));
#1094=DIRECTION('',(1.,0.,0.));
#1095=DIRECTION('',(0.515038074910054,-0.857167300702112,0.));
#1096=DIRECTION('',(-5.24863595569309E-17,-3.15369864938806E-17,-1.));
#1097=DIRECTION('',(0.515038074910054,-0.857167300702112,0.));
#1098=DIRECTION('',(5.24863595569309E-17,3.15369864938806E-17,1.));
#1099=DIRECTION('',(0.515038074910054,-0.857167300702112,0.));
#1100=DIRECTION('',(5.24863595569309E-17,3.15369864938806E-17,1.));
#1101=DIRECTION('',(-0.515038074910054,0.857167300702112,0.));
#1102=DIRECTION('',(5.24863595569309E-17,3.15369864938806E-17,1.));
#1103=DIRECTION('',(5.24863595569309E-17,3.15369864938806E-17,1.));
#1104=DIRECTION('',(-0.515038074910054,0.857167300702112,0.));
#1105=DIRECTION('',(-5.24863595569309E-17,-3.15369864938806E-17,-1.));
#1106=DIRECTION('',(-0.515038074910054,0.857167300702112,0.));
#1107=DIRECTION('',(5.24863595569309E-17,3.15369864938806E-17,1.));
#1108=DIRECTION('',(-0.515038074910054,0.857167300702112,0.));
#1109=DIRECTION('',(-5.24863595569309E-17,-3.15369864938806E-17,-1.));
#1110=DIRECTION('',(-0.515038074910054,0.857167300702112,0.));
#1111=DIRECTION('',(5.24863595569309E-17,3.15369864938806E-17,1.));
#1112=DIRECTION('',(-0.515038074910054,0.857167300702112,0.));
#1113=DIRECTION('',(-5.24863595569309E-17,-3.15369864938806E-17,-1.));
#1114=DIRECTION('',(0.515038074910054,-0.857167300702112,0.));
#1115=DIRECTION('',(5.24863595569309E-17,3.15369864938806E-17,1.));
#1116=DIRECTION('',(-0.515038074910054,0.857167300702112,0.));
#1117=DIRECTION('',(5.24863595569309E-17,3.15369864938806E-17,1.));
#1118=DIRECTION('',(-0.515038074910054,0.857167300702112,0.));
#1119=DIRECTION('',(5.24863595569309E-17,3.15369864938806E-17,1.));
#1120=DIRECTION('',(-0.857167300702112,-0.515038074910054,6.12323399573677E-17));
#1121=DIRECTION('',(-5.24863595569309E-17,-3.15369864938806E-17,-1.));
#1122=DIRECTION('',(-0.857167300702112,-0.515038074910054,6.12323399573677E-17));
#1123=DIRECTION('',(5.24863595569309E-17,3.15369864938806E-17,1.));
#1124=DIRECTION('',(-0.857167300702112,-0.515038074910054,6.12323399573677E-17));
#1125=DIRECTION('',(-0.515038074910054,0.857167300702112,-9.71632583428189E-33));
#1126=DIRECTION('',(0.515038074910054,-0.857167300702112,9.71632583428189E-33));
#1127=DIRECTION('',(-5.24863595569309E-17,-3.15369864938806E-17,-1.));
#1128=DIRECTION('',(0.515038074910054,-0.857167300702112,9.71632583428189E-33));
#1129=DIRECTION('',(-5.24863595569309E-17,-3.15369864938806E-17,-1.));
#1130=DIRECTION('',(-0.515038074910054,0.857167300702112,0.));
#1131=DIRECTION('',(-5.24863595569309E-17,-3.15369864938806E-17,-1.));
#1132=DIRECTION('',(0.515038074910054,-0.857167300702112,0.));
#1133=DIRECTION('',(-5.24863595569309E-17,-3.15369864938806E-17,-1.));
#1134=DIRECTION('',(0.515038074910054,-0.857167300702112,0.));
#1135=DIRECTION('',(-5.24863595569309E-17,-3.15369864938806E-17,-1.));
#1136=DIRECTION('',(0.857167300702112,0.515038074910054,-6.12323399573677E-17));
#1137=DIRECTION('',(0.515038074910054,-0.857167300702112,0.));
#1138=DIRECTION('',(-0.515038074910054,0.857167300702112,0.));
#1139=DIRECTION('',(-0.515038074910054,0.857167300702112,0.));
#1140=DIRECTION('',(-5.24863595569309E-17,-3.15369864938806E-17,-1.));
#1141=DIRECTION('',(-0.515038074910054,0.857167300702112,0.));
#1142=DIRECTION('',(-5.24863595569309E-17,-3.15369864938806E-17,-1.));
#1143=DIRECTION('',(0.515038074910054,-0.857167300702112,0.));
#1144=DIRECTION('',(-5.24863595569309E-17,-3.15369864938806E-17,-1.));
#1145=DIRECTION('',(0.515038074910054,-0.857167300702112,0.));
#1146=DIRECTION('',(5.24863595569309E-17,3.15369864938806E-17,1.));
#1147=DIRECTION('',(-0.857167300702112,-0.515038074910054,6.12323399573677E-17));
#1148=DIRECTION('',(5.24863595569309E-17,3.15369864938806E-17,1.));
#1149=DIRECTION('',(-0.857167300702112,-0.515038074910054,6.12323399573677E-17));
#1150=DIRECTION('',(-0.857167300702112,-0.515038074910054,6.12323399573677E-17));
#1151=DIRECTION('',(0.515038074910054,-0.857167300702112,0.));
#1152=DIRECTION('',(-0.857167300702112,-0.515038074910054,6.12323399573677E-17));
#1153=DIRECTION('',(0.515038074910054,-0.857167300702112,0.));
#1154=DIRECTION('',(0.857167300702112,0.515038074910054,-6.12323399573677E-17));
#1155=DIRECTION('',(5.24863595569309E-17,3.15369864938806E-17,1.));
#1156=DIRECTION('',(0.857167300702112,0.515038074910054,-6.12323399573677E-17));
#1157=DIRECTION('',(5.24863595569309E-17,3.15369864938806E-17,1.));
#1158=DIRECTION('',(5.24863595569309E-17,3.15369864938806E-17,1.));
#1159=DIRECTION('',(-0.515038074910054,0.857167300702112,0.));
#1160=DIRECTION('',(-5.24863595569309E-17,-3.15369864938806E-17,-1.));
#1161=DIRECTION('',(0.515038074910054,-0.857167300702112,0.));
#1162=DIRECTION('',(5.24863595569309E-17,3.15369864938806E-17,1.));
#1163=DIRECTION('',(0.515038074910054,-0.857167300702112,0.));
#1164=DIRECTION('',(5.24863595569309E-17,3.15369864938806E-17,1.));
#1165=DIRECTION('',(0.515038074910054,-0.857167300702112,0.));
#1166=DIRECTION('',(5.24863595569309E-17,3.15369864938806E-17,1.));
#1167=DIRECTION('',(-0.515038074910054,0.857167300702112,0.));
#1168=DIRECTION('',(-5.24863595569309E-17,-3.15369864938806E-17,-1.));
#1169=DIRECTION('',(0.515038074910054,-0.857167300702112,0.));
#1170=DIRECTION('',(5.24863595569309E-17,3.15369864938806E-17,1.));
#1171=DIRECTION('',(-0.515038074910054,0.857167300702112,0.));
#1172=DIRECTION('',(-5.24863595569309E-17,-3.15369864938806E-17,-1.));
#1173=DIRECTION('',(-0.515038074910054,0.857167300702112,0.));
#1174=DIRECTION('',(5.24863595569309E-17,3.15369864938806E-17,1.));
#1175=DIRECTION('',(-0.515038074910054,0.857167300702112,0.));
#1176=DIRECTION('',(5.24863595569309E-17,3.15369864938806E-17,1.));
#1177=DIRECTION('',(-0.515038074910054,0.857167300702112,0.));
#1178=DIRECTION('',(-0.515038074910054,0.857167300702112,0.));
#1179=DIRECTION('',(-0.515038074910054,0.857167300702112,0.));
#1180=DIRECTION('',(-0.515038074910055,0.857167300702113,0.));
#1181=DIRECTION('',(-5.24863595569309E-17,-3.15369864938806E-17,-1.));
#1182=DIRECTION('',(-0.515038074910054,0.857167300702112,0.));
#1183=DIRECTION('',(-0.515038074910054,0.857167300702112,0.));
#1184=DIRECTION('',(-5.24863595569309E-17,-3.15369864938806E-17,-1.));
#1185=DIRECTION('',(-0.515038074910054,0.857167300702112,0.));
#1186=DIRECTION('',(-5.24863595569309E-17,-3.15369864938806E-17,-1.));
#1187=DIRECTION('',(0.515038074910054,-0.857167300702112,0.));
#1188=DIRECTION('',(0.857167300702112,0.515038074910054,-6.12323399573677E-17));
#1189=DIRECTION('',(5.24863595569309E-17,3.15369864938806E-17,1.));
#1190=DIRECTION('',(-0.515038074910054,0.857167300702112,0.));
#1191=DIRECTION('',(1.57459078670793E-16,9.46109594816419E-17,1.));
#1192=DIRECTION('',(0.857167300702112,0.515038074910054,-1.83697019872103E-16));
#1193=DIRECTION('',(5.24863595569309E-17,3.15369864938806E-17,1.));
#1194=DIRECTION('',(0.515038074910054,-0.857167300702112,0.));
#1195=DIRECTION('',(-5.24863595569309E-17,-3.15369864938806E-17,-1.));
#1196=DIRECTION('',(0.515038074910054,-0.857167300702112,0.));
#1197=DIRECTION('',(5.24863595569309E-17,3.15369864938806E-17,1.));
#1198=DIRECTION('',(-0.857167300702112,-0.515038074910054,6.12323399573677E-17));
#1199=DIRECTION('',(0.515038074910054,-0.857167300702112,0.));
#1200=DIRECTION('',(-0.857167300702112,-0.515038074910054,1.83697019872103E-16));
#1201=DIRECTION('',(1.57459078670793E-16,9.46109594816419E-17,1.));
#1202=DIRECTION('',(0.515038074910054,-0.857167300702112,0.));
#1203=DIRECTION('',(-1.57459078670793E-16,-9.46109594816419E-17,-1.));
#1204=DIRECTION('',(0.857167300702112,0.515038074910054,-1.83697019872103E-16));
#1205=DIRECTION('',(0.,0.,1.));
#1206=DIRECTION('',(0.,1.,0.));
#1207=DIRECTION('',(1.57459078670793E-16,9.46109594816419E-17,1.));
#1208=DIRECTION('',(1.,0.,-1.57459078670793E-16));
#1209=DIRECTION('',(0.,0.,1.));
#1210=DIRECTION('',(0.,1.,0.));
#1211=DIRECTION('',(0.,0.,1.));
#1212=DIRECTION('',(1.57459078670793E-16,9.46109594816419E-17,1.));
#1213=DIRECTION('',(1.,0.,-1.57459078670793E-16));
#1214=DIRECTION('',(-1.57459078670793E-16,-9.46109594816419E-17,-1.));
#1215=DIRECTION('',(0.857167300702112,0.515038074910054,-1.83697019872103E-16));
#1216=DIRECTION('',(0.,0.,-1.));
#1217=DIRECTION('',(0.,0.,-1.));
#1218=DIRECTION('',(0.,0.,-1.));
#1219=DIRECTION('',(0.,-1.,-6.12323399573677E-17));
#1220=DIRECTION('',(0.,-1.,-6.12323399573677E-17));
#1221=DIRECTION('',(0.,-1.,-6.12323399573677E-17));
#1222=DIRECTION('',(0.,-6.12323399573677E-17,1.));
#1223=DIRECTION('',(0.,1.,0.));
#1224=DIRECTION('',(-1.,0.,0.));
#1225=DIRECTION('',(0.,1.,0.));
#1226=DIRECTION('',(-1.,0.,0.));
#1227=DIRECTION('',(0.,0.,-1.));
#1228=DIRECTION('',(0.,0.,-1.));
#1229=DIRECTION('',(0.,0.,-1.));
#1230=DIRECTION('',(0.,-1.,0.));
#1231=DIRECTION('',(-1.,0.,0.));
#1232=DIRECTION('',(0.,1.,0.));
#1233=DIRECTION('',(-1.,0.,0.));
#1234=DIRECTION('',(0.,1.,0.));
#1235=DIRECTION('',(-1.,0.,0.));
#1236=DIRECTION('',(0.,1.,0.));
#1237=DIRECTION('',(-1.,0.,0.));
#1238=DIRECTION('',(0.,-1.,0.));
#1239=DIRECTION('',(-1.,0.,0.));
#1240=DIRECTION('',(0.,1.,0.));
#1241=DIRECTION('',(-1.,0.,0.));
#1242=DIRECTION('',(0.,0.,-1.));
#1243=DIRECTION('',(0.,1.,0.));
#1244=DIRECTION('',(-1.,0.,0.));
#1245=DIRECTION('',(0.,1.,0.));
#1246=DIRECTION('',(-1.,0.,0.));
#1247=DIRECTION('',(0.,0.,-1.));
#1248=DIRECTION('',(0.,0.,-1.));
#1249=DIRECTION('',(0.,0.,-1.));
#1250=DIRECTION('',(0.,0.,-1.));
#1251=DIRECTION('',(0.,-1.,-6.12323399573677E-17));
#1252=DIRECTION('',(0.,-6.12323399573677E-17,1.));
#1253=DIRECTION('',(0.,-1.,-6.12323399573677E-17));
#1254=DIRECTION('',(0.,-1.,-6.12323399573677E-17));
#1255=DIRECTION('',(0.,-1.,-6.12323399573677E-17));
#1256=DIRECTION('',(0.,-6.12323399573677E-17,1.));
#1257=DIRECTION('',(0.,-1.,-6.12323399573677E-17));
#1258=DIRECTION('',(0.,-1.,-6.12323399573677E-17));
#1259=DIRECTION('',(0.,-6.12323399573677E-17,1.));
#1260=DIRECTION('',(0.,-1.,-6.12323399573677E-17));
#1261=DIRECTION('',(2.08166817117217E-15,-1.,0.));
#1262=DIRECTION('',(-1.,-2.08166817117217E-15,0.));
#1263=DIRECTION('',(-1.,-2.08166817117217E-15,0.));
#1264=DIRECTION('',(-1.,-2.08166817117217E-15,0.));
#1265=DIRECTION('',(0.,0.,1.));
#1266=DIRECTION('',(0.,0.,1.));
#1267=DIRECTION('',(-1.,0.,0.));
#1268=DIRECTION('',(-1.,-6.93889390390726E-16,0.));
#1269=DIRECTION('',(0.,0.,1.));
#1270=DIRECTION('',(0.,-1.,0.));
#1271=DIRECTION('',(0.,0.,1.));
#1272=DIRECTION('',(0.,-1.,0.));
#1273=DIRECTION('',(0.,0.,1.));
#1274=DIRECTION('',(-1.,0.,0.));
#1275=DIRECTION('',(0.,0.,1.));
#1276=DIRECTION('',(0.,-1.,0.));
#1277=DIRECTION('',(-1.,-6.93889390390726E-16,0.));
#1278=DIRECTION('',(0.,0.,1.));
#1279=DIRECTION('',(0.,-1.,0.));
#1280=DIRECTION('',(0.,0.,-1.));
#1281=DIRECTION('',(0.,-1.,0.));
#1282=DIRECTION('',(0.,0.,-1.));
#1283=DIRECTION('',(0.,-1.,0.));
#1284=DIRECTION('',(0.,0.,1.));
#1285=DIRECTION('',(6.93889390390726E-16,-1.,0.));
#1286=DIRECTION('',(-1.,-6.93889390390726E-16,0.));
#1287=DIRECTION('',(0.,0.,1.));
#1288=DIRECTION('',(0.,1.,0.));
#1289=DIRECTION('',(0.,0.,1.));
#1290=DIRECTION('',(0.,-1.,0.));
#1291=DIRECTION('',(0.,0.,-1.));
#1292=DIRECTION('',(0.,0.,1.));
#1293=DIRECTION('',(0.,-1.,0.));
#1294=DIRECTION('',(0.,0.,-1.));
#1295=DIRECTION('',(0.,0.,1.));
#1296=DIRECTION('',(0.,1.,0.));
#1297=DIRECTION('',(0.,0.,1.));
#1298=DIRECTION('',(0.,-1.,0.));
#1299=DIRECTION('',(0.,0.,1.));
#1300=DIRECTION('',(0.,-1.,0.));
#1301=DIRECTION('',(0.,0.,-1.));
#1302=DIRECTION('',(1.,0.,0.));
#1303=DIRECTION('',(-1.,-6.9388939039072E-16,0.));
#1304=DIRECTION('',(-1.,-6.9388939039072E-16,0.));
#1305=DIRECTION('',(0.,0.,-1.));
#1306=DIRECTION('',(1.,0.,0.));
#1307=DIRECTION('',(-1.,-6.9388939039072E-16,0.));
#1308=DIRECTION('',(-1.,-6.9388939039072E-16,0.));
#1309=DIRECTION('',(-6.9388939039072E-16,1.,0.));
#1310=DIRECTION('',(1.,6.9388939039072E-16,0.));
#1311=DIRECTION('',(-6.9388939039072E-16,1.,0.));
#1312=DIRECTION('',(1.,6.9388939039072E-16,0.));
#1313=DIRECTION('',(6.72999445217588E-30,1.,6.12323399573665E-17));
#1314=DIRECTION('',(0.,-6.12323399573665E-17,1.));
#1315=CARTESIAN_POINT('',(0.,0.,0.));
#1316=CARTESIAN_POINT('',(0.0223594830471174,0.0512796275525879,-0.24205));
#1317=CARTESIAN_POINT('',(0.0239045972718475,0.0487081256504815,-0.24205));
#1318=CARTESIAN_POINT('',(0.0239045972718475,0.0487081256504815,-0.23355));
#1319=CARTESIAN_POINT('',(0.0208143688223872,0.0538511294546942,-0.24205));
#1320=CARTESIAN_POINT('',(0.0208143688223872,0.0538511294546942,-0.23355));
#1321=CARTESIAN_POINT('',(0.0239045972718475,0.0487081256504815,-0.24205));
#1322=CARTESIAN_POINT('',(0.0239045972718475,0.0487081256504815,-0.24205));
#1323=CARTESIAN_POINT('',(0.0239045972718475,0.0487081256504815,-0.23505));
#1324=CARTESIAN_POINT('',(0.0239045972718475,0.0487081256504815,-0.23405));
#1325=CARTESIAN_POINT('',(0.0239045972718475,0.0487081256504815,-0.23505));
#1326=CARTESIAN_POINT('',(0.0243447299377496,0.0489725840365697,-0.23505));
#1327=CARTESIAN_POINT('',(0.025225549974843,0.0495018341093021,-0.23515445136195));
#1328=CARTESIAN_POINT('',(0.0262638210353785,0.0501256903014622,-0.23551712514496));
#1329=CARTESIAN_POINT('',(0.0269632008899175,0.0505459201137949,-0.235882222275773));
#1330=CARTESIAN_POINT('',(0.027353038875645,0.0507801584072197,-0.236118734610066));
#1331=CARTESIAN_POINT('',(0.0276397800373578,0.0509524498791471,-0.236307361879497));
#1332=CARTESIAN_POINT('',(0.0278751895985748,0.051093898213825,-0.236471876841197));
#1333=CARTESIAN_POINT('',(0.0280634910699963,0.0512070411525071,-0.236604322683546));
#1334=CARTESIAN_POINT('',(0.0282044056805348,0.0512917111926252,-0.236701845873259));
#1335=CARTESIAN_POINT('',(0.0283282280274902,0.0513661111646665,-0.236778083423446));
#1336=CARTESIAN_POINT('',(0.0284238967571969,0.0514235947368189,-0.236826719970136));
#1337=CARTESIAN_POINT('',(0.0285260961085102,0.051485002302314,-0.236839845862665));
#1338=CARTESIAN_POINT('',(0.0285215318414353,0.0514822598139737,-0.23672055162076));
#1339=CARTESIAN_POINT('',(0.0284787346751014,0.0514565446821178,-0.236610083308983));
#1340=CARTESIAN_POINT('',(0.0284101636072243,0.0514153430278257,-0.236470914859093));
#1341=CARTESIAN_POINT('',(0.0283156562868099,0.051358557300779,-0.236318895351631));
#1342=CARTESIAN_POINT('',(0.0281786963724388,0.0512762634818477,-0.236122498565325));
#1343=CARTESIAN_POINT('',(0.0279949026296484,0.0511658290597814,-0.235895099128939));
#1344=CARTESIAN_POINT('',(0.0277585852542478,0.0510238352553113,-0.235642464322223));
#1345=CARTESIAN_POINT('',(0.0274252629109234,0.0508235549857658,-0.235330591315279));
#1346=CARTESIAN_POINT('',(0.0269738345822053,0.050552309480725,-0.2349829563605));
#1347=CARTESIAN_POINT('',(0.0262161977953894,0.0500970753720017,-0.23453352020538));
#1348=CARTESIAN_POINT('',(0.0251885586752547,0.0494796074941401,-0.234151088890867));
#1349=CARTESIAN_POINT('',(0.0243354050101852,0.0489669810548209,-0.23405));
#1350=CARTESIAN_POINT('',(0.0239045972718475,0.0487081256504815,-0.23405));
#1351=CARTESIAN_POINT('',(0.0239045972718475,0.0487081256504815,-0.24205));
#1352=CARTESIAN_POINT('',(0.0239045972718475,0.0487081256504815,-0.247660864063385));
#1353=CARTESIAN_POINT('',(0.0342053587700486,0.0315647796364393,-0.24205));
#1354=CARTESIAN_POINT('',(0.0342053587700486,0.0315647796364393,-0.24205));
#1355=CARTESIAN_POINT('',(0.0342053587700486,0.0315647796364393,-0.247660864063385));
#1356=CARTESIAN_POINT('',(0.0360079920322338,0.0285646940839819,-0.24205));
#1357=CARTESIAN_POINT('',(0.0360079920322338,0.0285646940839819,-0.24205));
#1358=CARTESIAN_POINT('',(0.0360079920322338,0.0285646940839819,-0.243059623189905));
#1359=CARTESIAN_POINT('',(0.0360079920322338,0.0285646940839819,-0.24205));
#1360=CARTESIAN_POINT('',(0.0360079920322338,0.0285646940839819,-0.238699011018965));
#1361=CARTESIAN_POINT('',(0.0342053587700486,0.0315647796364393,-0.24205));
#1362=CARTESIAN_POINT('',(0.0208143688223872,0.0538511294546942,-0.24205));
#1363=CARTESIAN_POINT('',(0.0208143688223872,0.0538511294546942,-0.24055));
#1364=CARTESIAN_POINT('',(0.0237756311401758,0.0556304353640636,-0.24055));
#1365=CARTESIAN_POINT('',(0.0179,0.0521,-0.24055));
#1366=CARTESIAN_POINT('',(0.0179,0.0521,-0.24205));
#1367=CARTESIAN_POINT('',(0.0179,0.0521,-0.24355));
#1368=CARTESIAN_POINT('',(0.0208143688223872,0.0538511294546942,-0.24355));
#1369=CARTESIAN_POINT('',(0.0237756311401758,0.0556304353640636,-0.24355));
#1370=CARTESIAN_POINT('',(0.0237756311401758,0.0556304353640636,-0.24205));
#1371=CARTESIAN_POINT('',(0.016732439211097,0.0540431474653682,-0.24055));
#1372=CARTESIAN_POINT('',(0.016732439211097,0.0540431474653682,-0.24055));
#1373=CARTESIAN_POINT('',(0.0153248096254497,0.0563858365035106,-0.24055));
#1374=CARTESIAN_POINT('',(0.0153248096254497,0.0563858365035106,-0.24055));
#1375=CARTESIAN_POINT('',(0.0153248096254497,0.0563858365035106,-0.24355));
#1376=CARTESIAN_POINT('',(0.016732439211097,0.0540431474653682,-0.24355));
#1377=CARTESIAN_POINT('',(0.0182626251955376,0.0581510541855424,-0.24055));
#1378=CARTESIAN_POINT('',(0.0182626251955376,0.0581510541855424,-0.24355));
#1379=CARTESIAN_POINT('',(0.0212004407656255,0.0599162718675742,-0.24355));
#1380=CARTESIAN_POINT('',(0.0182626251955376,0.0581510541855424,-0.24055));
#1381=CARTESIAN_POINT('',(0.0212004407656255,0.0599162718675742,-0.24055));
#1382=CARTESIAN_POINT('',(0.0212004407656255,0.0599162718675742,-0.24055));
#1383=CARTESIAN_POINT('',(0.0226163099015127,0.0575598699150238,-0.24055));
#1384=CARTESIAN_POINT('',(0.0226163099015127,0.0575598699150238,-0.24355));
#1385=CARTESIAN_POINT('',(0.0226163099015127,0.0575598699150238,-0.24055));
#1386=CARTESIAN_POINT('',(0.0182391784478369,0.0581369659582048,-0.24055));
#1387=CARTESIAN_POINT('',(0.0182391784478369,0.0581369659582048,-0.24055));
#1388=CARTESIAN_POINT('',(0.019475269827621,0.0560797644365197,-0.24055));
#1389=CARTESIAN_POINT('',(0.0182391784478369,0.0581369659582048,-0.24355));
#1390=CARTESIAN_POINT('',(0.019475269827621,0.0560797644365197,-0.24355));
#1391=CARTESIAN_POINT('',(0.0325736395643683,0.034333526599874,-0.24055));
#1392=CARTESIAN_POINT('',(0.0325736395643683,0.034333526599874,-0.24355));
#1393=CARTESIAN_POINT('',(0.0241621163093025,0.0482795420001305,-0.23455));
#1394=CARTESIAN_POINT('',(0.0280406700850487,0.0502319365847706,-0.23455));
#1395=CARTESIAN_POINT('',(0.0300634022165415,0.0510692410274398,-0.2383));
#1396=CARTESIAN_POINT('',(0.0320861343480343,0.051906545470109,-0.24205));
#1397=CARTESIAN_POINT('',(0.0303972231910202,0.0505136696288366,-0.2458));
#1398=CARTESIAN_POINT('',(0.0287083120340062,0.0491207937875641,-0.24955));
#1399=CARTESIAN_POINT('',(0.0251635792327388,0.0466128278043208,-0.24955));
#1400=CARTESIAN_POINT('',(0.0216188464314713,0.0441048618210775,-0.24955));
#1401=CARTESIAN_POINT('',(0.0199299352744573,0.0427119859798051,-0.2458));
#1402=CARTESIAN_POINT('',(0.0182410241174432,0.0413191101385325,-0.24205));
#1403=CARTESIAN_POINT('',(0.020263756248936,0.0421564145812018,-0.2383));
#1404=CARTESIAN_POINT('',(0.0222864883804288,0.0429937190238711,-0.23455));
#1405=CARTESIAN_POINT('',(0.026165042156175,0.0449461136085111,-0.23455));
#1406=CARTESIAN_POINT('',(0.0300435959319212,0.0468985081931512,-0.23455));
#1407=CARTESIAN_POINT('',(0.0320663280634139,0.0477358126358205,-0.2383));
#1408=CARTESIAN_POINT('',(0.0340890601949067,0.0485731170784897,-0.24205));
#1409=CARTESIAN_POINT('',(0.0324001490378927,0.0471802412372173,-0.2458));
#1410=CARTESIAN_POINT('',(0.0307112378808786,0.0457873653959447,-0.24955));
#1411=CARTESIAN_POINT('',(0.0271665050796112,0.0432793994127015,-0.24955));
#1412=CARTESIAN_POINT('',(0.0236217722783437,0.0407714334294581,-0.24955));
#1413=CARTESIAN_POINT('',(0.0219328611213297,0.0393785575881857,-0.2458));
#1414=CARTESIAN_POINT('',(0.0202439499643156,0.0379856817469132,-0.24205));
#1415=CARTESIAN_POINT('',(0.0222666820958085,0.0388229861895825,-0.2383));
#1416=CARTESIAN_POINT('',(0.0242894142273012,0.0396602906322517,-0.23455));
#1417=CARTESIAN_POINT('',(0.0281679680030474,0.0416126852168918,-0.23455));
#1418=CARTESIAN_POINT('',(0.0320465217787936,0.0435650798015319,-0.23455));
#1419=CARTESIAN_POINT('',(0.0340692539102863,0.0444023842442011,-0.2383));
#1420=CARTESIAN_POINT('',(0.0360919860417791,0.0452396886868704,-0.24205));
#1421=CARTESIAN_POINT('',(0.0344030748847651,0.043846812845598,-0.2458));
#1422=CARTESIAN_POINT('',(0.0327141637277511,0.0424539370043255,-0.24955));
#1423=CARTESIAN_POINT('',(0.0291694309264836,0.0399459710210821,-0.24955));
#1424=CARTESIAN_POINT('',(0.0256246981252161,0.0374380050378388,-0.24955));
#1425=CARTESIAN_POINT('',(0.0239357869682021,0.0360451291965664,-0.2458));
#1426=CARTESIAN_POINT('',(0.0222468758111881,0.0346522533552939,-0.24205));
#1427=CARTESIAN_POINT('',(0.0242696079426808,0.0354895577979632,-0.2383));
#1428=CARTESIAN_POINT('',(0.0262923400741736,0.0363268622406324,-0.23455));
#1429=CARTESIAN_POINT('',(0.0301708938499199,0.0382792568252725,-0.23455));
#1430=CARTESIAN_POINT('',(0.034049447625666,0.0402316514099126,-0.23455));
#1431=CARTESIAN_POINT('',(0.0360721797571588,0.0410689558525818,-0.2383));
#1432=CARTESIAN_POINT('',(0.0380949118886516,0.0419062602952511,-0.24205));
#1433=CARTESIAN_POINT('',(0.0364060007316376,0.0405133844539786,-0.2458));
#1434=CARTESIAN_POINT('',(0.0347170895746235,0.0391205086127061,-0.24955));
#1435=CARTESIAN_POINT('',(0.0311723567733561,0.0366125426294628,-0.24955));
#1436=CARTESIAN_POINT('',(0.0276276239720886,0.0341045766462195,-0.24955));
#1437=CARTESIAN_POINT('',(0.0259387128150745,0.032711700804947,-0.2458));
#1438=CARTESIAN_POINT('',(0.0242498016580605,0.0313188249636746,-0.24205));
#1439=CARTESIAN_POINT('',(0.0262725337895533,0.0321561294063438,-0.2383));
#1440=CARTESIAN_POINT('',(0.0282952659210461,0.032993433849013,-0.23455));
#1441=CARTESIAN_POINT('',(0.0321738196967922,0.0349458284336531,-0.23455));
#1442=CARTESIAN_POINT('',(0.0360523734725384,0.0368982230182933,-0.23455));
#1443=CARTESIAN_POINT('',(0.0380751056040312,0.0377355274609625,-0.2383));
#1444=CARTESIAN_POINT('',(0.040097837735524,0.0385728319036317,-0.24205));
#1445=CARTESIAN_POINT('',(0.03840892657851,0.0371799560623593,-0.2458));
#1446=CARTESIAN_POINT('',(0.036720015421496,0.0357870802210868,-0.24955));
#1447=CARTESIAN_POINT('',(0.0331752826202285,0.0332791142378435,-0.24955));
#1448=CARTESIAN_POINT('',(0.029630549818961,0.0307711482546002,-0.24955));
#1449=CARTESIAN_POINT('',(0.027941638661947,0.0293782724133277,-0.2458));
#1450=CARTESIAN_POINT('',(0.0262527275049329,0.0279853965720552,-0.24205));
#1451=CARTESIAN_POINT('',(0.0282754596364257,0.0288227010147245,-0.2383));
#1452=CARTESIAN_POINT('',(0.0302981917679185,0.0296600054573938,-0.23455));
#1453=CARTESIAN_POINT('',(0.0341767455436647,0.0316124000420338,-0.23455));
#1454=CARTESIAN_POINT('',(0.0380552993194109,0.0335647946266739,-0.23455));
#1455=CARTESIAN_POINT('',(0.0400780314509037,0.0344020990693431,-0.2383));
#1456=CARTESIAN_POINT('',(0.0421007635823965,0.0352394035120124,-0.24205));
#1457=CARTESIAN_POINT('',(0.0404118524253824,0.03384652767074,-0.2458));
#1458=CARTESIAN_POINT('',(0.0387229412683683,0.0324536518294675,-0.24955));
#1459=CARTESIAN_POINT('',(0.0351782084671009,0.0299456858462242,-0.24955));
#1460=CARTESIAN_POINT('',(0.0316334756658335,0.0274377198629808,-0.24955));
#1461=CARTESIAN_POINT('',(0.0299445645088194,0.0260448440217084,-0.2458));
#1462=CARTESIAN_POINT('',(0.0282556533518054,0.024651968180436,-0.24205));
#1463=CARTESIAN_POINT('',(0.0302783854832981,0.0254892726231052,-0.2383));
#1464=CARTESIAN_POINT('',(0.0323011176147909,0.0263265770657744,-0.23455));
#1465=CARTESIAN_POINT('',(0.0361796713905371,0.0282789716504145,-0.23455));
#1466=CARTESIAN_POINT('',(0.0400582251662833,0.0302313662350546,-0.23455));
#1467=CARTESIAN_POINT('',(0.0420809572977761,0.0310686706777239,-0.2383));
#1468=CARTESIAN_POINT('',(0.0441036894292689,0.0319059751203931,-0.24205));
#1469=CARTESIAN_POINT('',(0.0424147782722549,0.0305130992791207,-0.2458));
#1470=CARTESIAN_POINT('',(0.0407258671152408,0.0291202234378482,-0.24955));
#1471=CARTESIAN_POINT('',(0.0371811343139734,0.0266122574546048,-0.24955));
#1472=CARTESIAN_POINT('',(0.0336364015127059,0.0241042914713616,-0.24955));
#1473=CARTESIAN_POINT('',(0.0319474903556918,0.0227114156300891,-0.2458));
#1474=CARTESIAN_POINT('',(0.0302585791986778,0.0213185397888166,-0.24205));
#1475=CARTESIAN_POINT('',(0.0322813113301706,0.0221558442314858,-0.2383));
#1476=CARTESIAN_POINT('',(0.0343040434616634,0.0229931486741551,-0.23455));
#1477=CARTESIAN_POINT('',(0.0381825972374095,0.0249455432587952,-0.23455));
#1478=CARTESIAN_POINT('',(0.0420611510131557,0.0268979378434353,-0.23455));
#1479=CARTESIAN_POINT('',(0.0440838831446485,0.0277352422861045,-0.2383));
#1480=CARTESIAN_POINT('',(0.0461066152761413,0.0285725467287738,-0.24205));
#1481=CARTESIAN_POINT('',(0.0444177041191273,0.0271796708875013,-0.2458));
#1482=CARTESIAN_POINT('',(0.0427287929621132,0.0257867950462288,-0.24955));
#1483=CARTESIAN_POINT('',(0.0391840601608458,0.0232788290629856,-0.24955));
#1484=CARTESIAN_POINT('',(0.0356393273595783,0.0207708630797422,-0.24955));
#1485=CARTESIAN_POINT('',(0.0339504162025643,0.0193779872384698,-0.2458));
#1486=CARTESIAN_POINT('',(0.0322615050455502,0.0179851113971973,-0.24205));
#1487=CARTESIAN_POINT('',(0.0342842371770431,0.0188224158398665,-0.2383));
#1488=CARTESIAN_POINT('',(0.0363069693085358,0.0196597202825358,-0.23455));
#1489=CARTESIAN_POINT('',(0.040185523084282,0.0216121148671759,-0.23455));
#1490=CARTESIAN_POINT('',(0.0440640768600282,0.023564509451816,-0.23455));
#1491=CARTESIAN_POINT('',(0.046086808991521,0.0244018138944852,-0.2383));
#1492=CARTESIAN_POINT('',(0.0481095411230137,0.0252391183371544,-0.24205));
#1493=CARTESIAN_POINT('',(0.0464206299659997,0.023846242495882,-0.2458));
#1494=CARTESIAN_POINT('',(0.0447317188089857,0.0224533666546095,-0.24955));
#1495=CARTESIAN_POINT('',(0.0411869860077182,0.0199454006713662,-0.24955));
#1496=CARTESIAN_POINT('',(0.0376422532064508,0.0174374346881229,-0.24955));
#1497=CARTESIAN_POINT('',(0.0359533420494367,0.0160445588468505,-0.2458));
#1498=CARTESIAN_POINT('',(0.0342644308924227,0.014651683005578,-0.24205));
#1499=CARTESIAN_POINT('',(0.0362871630239155,0.0154889874482472,-0.2383));
#1500=CARTESIAN_POINT('',(0.0383098951554082,0.0163262918909164,-0.23455));
#1501=CARTESIAN_POINT('',(0.0421884489311544,0.0182786864755565,-0.23455));
#1502=CARTESIAN_POINT('',(0.0241621163093025,0.0482795420001304,-0.23355));
#1503=CARTESIAN_POINT('',(0.0285355558568496,0.0505292939559628,-0.23355));
#1504=CARTESIAN_POINT('',(0.0308057308742429,0.0515152770842281,-0.2378));
#1505=CARTESIAN_POINT('',(0.0330759058916361,0.0525012602124935,-0.24205));
#1506=CARTESIAN_POINT('',(0.0311395518487216,0.050959705685625,-0.2463));
#1507=CARTESIAN_POINT('',(0.0292031978058071,0.0494181511587563,-0.25055));
#1508=CARTESIAN_POINT('',(0.0251635792327387,0.0466128278043208,-0.25055));
#1509=CARTESIAN_POINT('',(0.0211239606596704,0.0438075044498853,-0.25055));
#1510=CARTESIAN_POINT('',(0.0191876066167559,0.0422659499230167,-0.2463));
#1511=CARTESIAN_POINT('',(0.0172512525738414,0.0407243953961481,-0.24205));
#1512=CARTESIAN_POINT('',(0.0195214275912346,0.0417103785244134,-0.2378));
#1513=CARTESIAN_POINT('',(0.0217916026086279,0.0426963616526789,-0.23355));
#1514=CARTESIAN_POINT('',(0.026165042156175,0.0449461136085111,-0.23355));
#1515=CARTESIAN_POINT('',(0.0305384817037221,0.0471958655643434,-0.23355));
#1516=CARTESIAN_POINT('',(0.0328086567211153,0.0481818486926088,-0.2378));
#1517=CARTESIAN_POINT('',(0.0350788317385085,0.0491678318208742,-0.24205));
#1518=CARTESIAN_POINT('',(0.033142477695594,0.0476262772940056,-0.2463));
#1519=CARTESIAN_POINT('',(0.0312061236526795,0.046084722767137,-0.25055));
#1520=CARTESIAN_POINT('',(0.0271665050796112,0.0432793994127015,-0.25055));
#1521=CARTESIAN_POINT('',(0.0231268865065428,0.0404740760582659,-0.25055));
#1522=CARTESIAN_POINT('',(0.0211905324636283,0.0389325215313974,-0.2463));
#1523=CARTESIAN_POINT('',(0.0192541784207138,0.0373909670045288,-0.24205));
#1524=CARTESIAN_POINT('',(0.021524353438107,0.0383769501327941,-0.2378));
#1525=CARTESIAN_POINT('',(0.0237945284555003,0.0393629332610595,-0.23355));
#1526=CARTESIAN_POINT('',(0.0281679680030474,0.0416126852168918,-0.23355));
#1527=CARTESIAN_POINT('',(0.0325414075505945,0.0438624371727241,-0.23355));
#1528=CARTESIAN_POINT('',(0.0348115825679877,0.0448484203009895,-0.2378));
#1529=CARTESIAN_POINT('',(0.037081757585381,0.0458344034292548,-0.24205));
#1530=CARTESIAN_POINT('',(0.0351454035424665,0.0442928489023863,-0.2463));
#1531=CARTESIAN_POINT('',(0.033209049499552,0.0427512943755177,-0.25055));
#1532=CARTESIAN_POINT('',(0.0291694309264836,0.0399459710210821,-0.25055));
#1533=CARTESIAN_POINT('',(0.0251298123534153,0.0371406476666466,-0.25055));
#1534=CARTESIAN_POINT('',(0.0231934583105008,0.035599093139778,-0.2463));
#1535=CARTESIAN_POINT('',(0.0212571042675862,0.0340575386129095,-0.24205));
#1536=CARTESIAN_POINT('',(0.0235272792849795,0.0350435217411748,-0.2378));
#1537=CARTESIAN_POINT('',(0.0257974543023727,0.0360295048694402,-0.23355));
#1538=CARTESIAN_POINT('',(0.0301708938499198,0.0382792568252724,-0.23355));
#1539=CARTESIAN_POINT('',(0.0345443333974669,0.0405290087811049,-0.23355));
#1540=CARTESIAN_POINT('',(0.0368145084148602,0.0415149919093701,-0.2378));
#1541=CARTESIAN_POINT('',(0.0390846834322534,0.0425009750376355,-0.24205));
#1542=CARTESIAN_POINT('',(0.0371483293893389,0.0409594205107669,-0.2463));
#1543=CARTESIAN_POINT('',(0.0352119753464244,0.0394178659838984,-0.25055));
#1544=CARTESIAN_POINT('',(0.031172356773356,0.0366125426294628,-0.25055));
#1545=CARTESIAN_POINT('',(0.0271327382002877,0.0338072192750273,-0.25055));
#1546=CARTESIAN_POINT('',(0.0251963841573732,0.0322656647481587,-0.2463));
#1547=CARTESIAN_POINT('',(0.0232600301144587,0.0307241102212901,-0.24205));
#1548=CARTESIAN_POINT('',(0.0255302051318519,0.0317100933495555,-0.2378));
#1549=CARTESIAN_POINT('',(0.0278003801492452,0.0326960764778209,-0.23355));
#1550=CARTESIAN_POINT('',(0.0321738196967922,0.0349458284336532,-0.23355));
#1551=CARTESIAN_POINT('',(0.0365472592443394,0.0371955803894855,-0.23355));
#1552=CARTESIAN_POINT('',(0.0388174342617326,0.0381815635177508,-0.2378));
#1553=CARTESIAN_POINT('',(0.0410876092791258,0.0391675466460162,-0.24205));
#1554=CARTESIAN_POINT('',(0.0391512552362113,0.0376259921191476,-0.2463));
#1555=CARTESIAN_POINT('',(0.0372149011932968,0.036084437592279,-0.25055));
#1556=CARTESIAN_POINT('',(0.0331752826202285,0.0332791142378435,-0.25055));
#1557=CARTESIAN_POINT('',(0.0291356640471601,0.030473790883408,-0.25055));
#1558=CARTESIAN_POINT('',(0.0271993100042456,0.0289322363565394,-0.2463));
#1559=CARTESIAN_POINT('',(0.0252629559613311,0.0273906818296708,-0.24205));
#1560=CARTESIAN_POINT('',(0.0275331309787243,0.0283766649579361,-0.2378));
#1561=CARTESIAN_POINT('',(0.0298033059961176,0.0293626480862015,-0.23355));
#1562=CARTESIAN_POINT('',(0.0341767455436647,0.0316124000420338,-0.23355));
#1563=CARTESIAN_POINT('',(0.0385501850912118,0.0338621519978662,-0.23355));
#1564=CARTESIAN_POINT('',(0.040820360108605,0.0348481351261315,-0.2378));
#1565=CARTESIAN_POINT('',(0.0430905351259982,0.0358341182543969,-0.24205));
#1566=CARTESIAN_POINT('',(0.0411541810830837,0.0342925637275283,-0.2463));
#1567=CARTESIAN_POINT('',(0.0392178270401693,0.0327510092006597,-0.25055));
#1568=CARTESIAN_POINT('',(0.0351782084671009,0.0299456858462242,-0.25055));
#1569=CARTESIAN_POINT('',(0.0311385898940326,0.0271403624917886,-0.25055));
#1570=CARTESIAN_POINT('',(0.0292022358511181,0.0255988079649201,-0.2463));
#1571=CARTESIAN_POINT('',(0.0272658818082035,0.0240572534380515,-0.24205));
#1572=CARTESIAN_POINT('',(0.0295360568255967,0.0250432365663168,-0.2378));
#1573=CARTESIAN_POINT('',(0.0318062318429901,0.0260292196945822,-0.23355));
#1574=CARTESIAN_POINT('',(0.0361796713905371,0.0282789716504145,-0.23355));
#1575=CARTESIAN_POINT('',(0.0405531109380842,0.0305287236062468,-0.23355));
#1576=CARTESIAN_POINT('',(0.0428232859554774,0.0315147067345122,-0.2378));
#1577=CARTESIAN_POINT('',(0.0450934609728707,0.0325006898627775,-0.24205));
#1578=CARTESIAN_POINT('',(0.0431571069299562,0.0309591353359089,-0.2463));
#1579=CARTESIAN_POINT('',(0.0412207528870417,0.0294175808090404,-0.25055));
#1580=CARTESIAN_POINT('',(0.0371811343139733,0.0266122574546048,-0.25055));
#1581=CARTESIAN_POINT('',(0.033141515740905,0.0238069341001693,-0.25055));
#1582=CARTESIAN_POINT('',(0.0312051616979905,0.0222653795733007,-0.2463));
#1583=CARTESIAN_POINT('',(0.029268807655076,0.0207238250464322,-0.24205));
#1584=CARTESIAN_POINT('',(0.0315389826724692,0.0217098081746975,-0.2378));
#1585=CARTESIAN_POINT('',(0.0338091576898625,0.0226957913029629,-0.23355));
#1586=CARTESIAN_POINT('',(0.0381825972374095,0.0249455432587952,-0.23355));
#1587=CARTESIAN_POINT('',(0.0425560367849567,0.0271952952146275,-0.23355));
#1588=CARTESIAN_POINT('',(0.0448262118023499,0.0281812783428928,-0.2378));
#1589=CARTESIAN_POINT('',(0.0470963868197431,0.0291672614711582,-0.24205));
#1590=CARTESIAN_POINT('',(0.0451600327768287,0.0276257069442896,-0.2463));
#1591=CARTESIAN_POINT('',(0.0432236787339141,0.0260841524174211,-0.25055));
#1592=CARTESIAN_POINT('',(0.0391840601608458,0.0232788290629855,-0.25055));
#1593=CARTESIAN_POINT('',(0.0351444415877775,0.02047350570855,-0.25055));
#1594=CARTESIAN_POINT('',(0.0332080875448629,0.0189319511816814,-0.2463));
#1595=CARTESIAN_POINT('',(0.0312717335019484,0.0173903966548128,-0.24205));
#1596=CARTESIAN_POINT('',(0.0335419085193416,0.0183763797830782,-0.2378));
#1597=CARTESIAN_POINT('',(0.0358120835367349,0.0193623629113436,-0.23355));
#1598=CARTESIAN_POINT('',(0.0401855230842819,0.0216121148671758,-0.23355));
#1599=CARTESIAN_POINT('',(0.0445589626318291,0.0238618668230082,-0.23355));
#1600=CARTESIAN_POINT('',(0.0468291376492224,0.0248478499512735,-0.2378));
#1601=CARTESIAN_POINT('',(0.0490993126666156,0.0258338330795389,-0.24205));
#1602=CARTESIAN_POINT('',(0.047162958623701,0.0242922785526703,-0.2463));
#1603=CARTESIAN_POINT('',(0.0452266045807865,0.0227507240258017,-0.25055));
#1604=CARTESIAN_POINT('',(0.0411869860077182,0.0199454006713662,-0.25055));
#1605=CARTESIAN_POINT('',(0.0371473674346499,0.0171400773169307,-0.25055));
#1606=CARTESIAN_POINT('',(0.0352110133917354,0.0155985227900621,-0.2463));
#1607=CARTESIAN_POINT('',(0.0332746593488208,0.0140569682631935,-0.24205));
#1608=CARTESIAN_POINT('',(0.0355448343662141,0.0150429513914589,-0.2378));
#1609=CARTESIAN_POINT('',(0.0378150093836073,0.0160289345197242,-0.23355));
#1610=CARTESIAN_POINT('',(0.0421884489311544,0.0182786864755565,-0.23355));
#1611=CARTESIAN_POINT('',(0.0236470782343925,0.0491367093008326,-0.23355));
#1612=CARTESIAN_POINT('',(0.0280205177819396,0.0513864612566649,-0.23355));
#1613=CARTESIAN_POINT('',(0.0302906927993328,0.0523724443849302,-0.2378));
#1614=CARTESIAN_POINT('',(0.0325608678167261,0.0533584275131956,-0.24205));
#1615=CARTESIAN_POINT('',(0.0306245137738116,0.051816872986327,-0.2463));
#1616=CARTESIAN_POINT('',(0.0286881597308971,0.0502753184594584,-0.25055));
#1617=CARTESIAN_POINT('',(0.0246485411578287,0.0474699951050229,-0.25055));
#1618=CARTESIAN_POINT('',(0.0206089225847603,0.0446646717505874,-0.25055));
#1619=CARTESIAN_POINT('',(0.0186725685418458,0.0431231172237188,-0.2463));
#1620=CARTESIAN_POINT('',(0.0167362144989313,0.0415815626968502,-0.24205));
#1621=CARTESIAN_POINT('',(0.0190063895163246,0.0425675458251156,-0.2378));
#1622=CARTESIAN_POINT('',(0.0212765645337178,0.0435535289533809,-0.23355));
#1623=CARTESIAN_POINT('',(0.0256500040812649,0.0458032809092133,-0.23355));
#1624=CARTESIAN_POINT('',(0.030023443628812,0.0480530328650456,-0.23355));
#1625=CARTESIAN_POINT('',(0.0322936186462053,0.049039015993311,-0.2378));
#1626=CARTESIAN_POINT('',(0.0345637936635985,0.0500249991215763,-0.24205));
#1627=CARTESIAN_POINT('',(0.032627439620684,0.0484834445947077,-0.2463));
#1628=CARTESIAN_POINT('',(0.0306910855777695,0.0469418900678391,-0.25055));
#1629=CARTESIAN_POINT('',(0.0266514670047011,0.0441365667134036,-0.25055));
#1630=CARTESIAN_POINT('',(0.0226118484316328,0.0413312433589681,-0.25055));
#1631=CARTESIAN_POINT('',(0.0206754943887183,0.0397896888320995,-0.2463));
#1632=CARTESIAN_POINT('',(0.0187391403458038,0.0382481343052309,-0.24205));
#1633=CARTESIAN_POINT('',(0.021009315363197,0.0392341174334962,-0.2378));
#1634=CARTESIAN_POINT('',(0.0232794903805903,0.0402201005617616,-0.23355));
#1635=CARTESIAN_POINT('',(0.0276529299281373,0.0424698525175939,-0.23355));
#1636=CARTESIAN_POINT('',(0.0320263694756845,0.0447196044734262,-0.23355));
#1637=CARTESIAN_POINT('',(0.0342965444930777,0.0457055876016916,-0.2378));
#1638=CARTESIAN_POINT('',(0.0365667195104709,0.046691570729957,-0.24205));
#1639=CARTESIAN_POINT('',(0.0346303654675564,0.0451500162030883,-0.2463));
#1640=CARTESIAN_POINT('',(0.0326940114246419,0.0436084616762198,-0.25055));
#1641=CARTESIAN_POINT('',(0.0286543928515735,0.0408031383217842,-0.25055));
#1642=CARTESIAN_POINT('',(0.0246147742785052,0.0379978149673488,-0.25055));
#1643=CARTESIAN_POINT('',(0.0226784202355907,0.0364562604404802,-0.2463));
#1644=CARTESIAN_POINT('',(0.0207420661926762,0.0349147059136116,-0.24205));
#1645=CARTESIAN_POINT('',(0.0230122412100694,0.0359006890418769,-0.2378));
#1646=CARTESIAN_POINT('',(0.0252824162274627,0.0368866721701423,-0.23355));
#1647=CARTESIAN_POINT('',(0.0296558557750098,0.0391364241259746,-0.23355));
#1648=CARTESIAN_POINT('',(0.0340292953225569,0.0413861760818069,-0.23355));
#1649=CARTESIAN_POINT('',(0.0362994703399501,0.0423721592100723,-0.2378));
#1650=CARTESIAN_POINT('',(0.0385696453573434,0.0433581423383377,-0.24205));
#1651=CARTESIAN_POINT('',(0.0366332913144288,0.041816587811469,-0.2463));
#1652=CARTESIAN_POINT('',(0.0346969372715144,0.0402750332846005,-0.25055));
#1653=CARTESIAN_POINT('',(0.0306573186984459,0.0374697099301649,-0.25055));
#1654=CARTESIAN_POINT('',(0.0266177001253776,0.0346643865757294,-0.25055));
#1655=CARTESIAN_POINT('',(0.0246813460824631,0.0331228320488608,-0.2463));
#1656=CARTESIAN_POINT('',(0.0227449920395486,0.0315812775219922,-0.24205));
#1657=CARTESIAN_POINT('',(0.0250151670569418,0.0325672606502576,-0.2378));
#1658=CARTESIAN_POINT('',(0.0272853420743351,0.033553243778523,-0.23355));
#1659=CARTESIAN_POINT('',(0.0316587816218822,0.0358029957343553,-0.23355));
#1660=CARTESIAN_POINT('',(0.0360322211694293,0.0380527476901876,-0.23355));
#1661=CARTESIAN_POINT('',(0.0383023961868225,0.0390387308184529,-0.2378));
#1662=CARTESIAN_POINT('',(0.0405725712042158,0.0400247139467183,-0.24205));
#1663=CARTESIAN_POINT('',(0.0386362171613013,0.0384831594198497,-0.2463));
#1664=CARTESIAN_POINT('',(0.0366998631183868,0.0369416048929811,-0.25055));
#1665=CARTESIAN_POINT('',(0.0326602445453184,0.0341362815385456,-0.25055));
#1666=CARTESIAN_POINT('',(0.0286206259722501,0.0313309581841101,-0.25055));
#1667=CARTESIAN_POINT('',(0.0266842719293356,0.0297894036572415,-0.2463));
#1668=CARTESIAN_POINT('',(0.0247479178864211,0.0282478491303729,-0.24205));
#1669=CARTESIAN_POINT('',(0.0270180929038143,0.0292338322586383,-0.2378));
#1670=CARTESIAN_POINT('',(0.0292882679212075,0.0302198153869036,-0.23355));
#1671=CARTESIAN_POINT('',(0.0336617074687546,0.0324695673427359,-0.23355));
#1672=CARTESIAN_POINT('',(0.0380351470163017,0.0347193192985683,-0.23355));
#1673=CARTESIAN_POINT('',(0.040305322033695,0.0357053024268336,-0.2378));
#1674=CARTESIAN_POINT('',(0.0425754970510882,0.036691285555099,-0.24205));
#1675=CARTESIAN_POINT('',(0.0406391430081737,0.0351497310282304,-0.2463));
#1676=CARTESIAN_POINT('',(0.0387027889652592,0.0336081765013618,-0.25055));
#1677=CARTESIAN_POINT('',(0.0346631703921909,0.0308028531469263,-0.25055));
#1678=CARTESIAN_POINT('',(0.0306235518191225,0.0279975297924908,-0.25055));
#1679=CARTESIAN_POINT('',(0.028687197776208,0.0264559752656222,-0.2463));
#1680=CARTESIAN_POINT('',(0.0267508437332935,0.0249144207387536,-0.24205));
#1681=CARTESIAN_POINT('',(0.0290210187506867,0.0259004038670189,-0.2378));
#1682=CARTESIAN_POINT('',(0.03129119376808,0.0268863869952843,-0.23355));
#1683=CARTESIAN_POINT('',(0.035664633315627,0.0291361389511166,-0.23355));
#1684=CARTESIAN_POINT('',(0.0400380728631741,0.0313858909069489,-0.23355));
#1685=CARTESIAN_POINT('',(0.0423082478805674,0.0323718740352143,-0.2378));
#1686=CARTESIAN_POINT('',(0.0445784228979607,0.0333578571634797,-0.24205));
#1687=CARTESIAN_POINT('',(0.0426420688550462,0.0318163026366111,-0.2463));
#1688=CARTESIAN_POINT('',(0.0407057148121317,0.0302747481097425,-0.25055));
#1689=CARTESIAN_POINT('',(0.0366660962390633,0.027469424755307,-0.25055));
#1690=CARTESIAN_POINT('',(0.0326264776659949,0.0246641014008714,-0.25055));
#1691=CARTESIAN_POINT('',(0.0306901236230805,0.0231225468740028,-0.2463));
#1692=CARTESIAN_POINT('',(0.0287537695801659,0.0215809923471343,-0.24205));
#1693=CARTESIAN_POINT('',(0.0310239445975591,0.0225669754753996,-0.2378));
#1694=CARTESIAN_POINT('',(0.0332941196149524,0.023552958603665,-0.23355));
#1695=CARTESIAN_POINT('',(0.0376675591624995,0.0258027105594973,-0.23355));
#1696=CARTESIAN_POINT('',(0.0420409987100466,0.0280524625153296,-0.23355));
#1697=CARTESIAN_POINT('',(0.0443111737274398,0.029038445643595,-0.2378));
#1698=CARTESIAN_POINT('',(0.0465813487448331,0.0300244287718603,-0.24205));
#1699=CARTESIAN_POINT('',(0.0446449947019185,0.0284828742449917,-0.2463));
#1700=CARTESIAN_POINT('',(0.0427086406590041,0.0269413197181232,-0.25055));
#1701=CARTESIAN_POINT('',(0.0386690220859357,0.0241359963636876,-0.25055));
#1702=CARTESIAN_POINT('',(0.0346294035128674,0.0213306730092521,-0.25055));
#1703=CARTESIAN_POINT('',(0.0326930494699529,0.0197891184823835,-0.2463));
#1704=CARTESIAN_POINT('',(0.0307566954270384,0.018247563955515,-0.24205));
#1705=CARTESIAN_POINT('',(0.0330268704444315,0.0192335470837803,-0.2378));
#1706=CARTESIAN_POINT('',(0.0352970454618248,0.0202195302120457,-0.23355));
#1707=CARTESIAN_POINT('',(0.0396704850093719,0.022469282167878,-0.23355));
#1708=CARTESIAN_POINT('',(0.0440439245569191,0.0247190341237103,-0.23355));
#1709=CARTESIAN_POINT('',(0.0463140995743123,0.0257050172519756,-0.2378));
#1710=CARTESIAN_POINT('',(0.0485842745917055,0.026691000380241,-0.24205));
#1711=CARTESIAN_POINT('',(0.046647920548791,0.0251494458533724,-0.2463));
#1712=CARTESIAN_POINT('',(0.0447115665058765,0.0236078913265038,-0.25055));
#1713=CARTESIAN_POINT('',(0.0406719479328081,0.0208025679720683,-0.25055));
#1714=CARTESIAN_POINT('',(0.0366323293597398,0.0179972446176328,-0.25055));
#1715=CARTESIAN_POINT('',(0.0346959753168253,0.0164556900907642,-0.2463));
#1716=CARTESIAN_POINT('',(0.0327596212739108,0.0149141355638956,-0.24205));
#1717=CARTESIAN_POINT('',(0.035029796291304,0.015900118692161,-0.2378));
#1718=CARTESIAN_POINT('',(0.0372999713086972,0.0168861018204263,-0.23355));
#1719=CARTESIAN_POINT('',(0.0416734108562444,0.0191358537762586,-0.23355));
#1720=CARTESIAN_POINT('',(0.0236470782343925,0.0491367093008326,-0.23455));
#1721=CARTESIAN_POINT('',(0.0275256320101386,0.0510891038854727,-0.23455));
#1722=CARTESIAN_POINT('',(0.0295483641416314,0.0519264083281419,-0.2383));
#1723=CARTESIAN_POINT('',(0.0315710962731242,0.0527637127708112,-0.24205));
#1724=CARTESIAN_POINT('',(0.0298821851161102,0.0513708369295387,-0.2458));
#1725=CARTESIAN_POINT('',(0.0281932739590961,0.0499779610882662,-0.24955));
#1726=CARTESIAN_POINT('',(0.0246485411578287,0.0474699951050229,-0.24955));
#1727=CARTESIAN_POINT('',(0.0211038083565612,0.0449620291217796,-0.24955));
#1728=CARTESIAN_POINT('',(0.0194148971995472,0.0435691532805072,-0.2458));
#1729=CARTESIAN_POINT('',(0.0177259860425331,0.0421762774392347,-0.24205));
#1730=CARTESIAN_POINT('',(0.0197487181740259,0.0430135818819039,-0.2383));
#1731=CARTESIAN_POINT('',(0.0217714503055187,0.0438508863245732,-0.23455));
#1732=CARTESIAN_POINT('',(0.0256500040812649,0.0458032809092133,-0.23455));
#1733=CARTESIAN_POINT('',(0.0295285578570111,0.0477556754938533,-0.23455));
#1734=CARTESIAN_POINT('',(0.0315512899885039,0.0485929799365226,-0.2383));
#1735=CARTESIAN_POINT('',(0.0335740221199967,0.0494302843791918,-0.24205));
#1736=CARTESIAN_POINT('',(0.0318851109629826,0.0480374085379194,-0.2458));
#1737=CARTESIAN_POINT('',(0.0301961998059686,0.0466445326966469,-0.24955));
#1738=CARTESIAN_POINT('',(0.0266514670047012,0.0441365667134036,-0.24955));
#1739=CARTESIAN_POINT('',(0.0231067342034337,0.0416286007301603,-0.24955));
#1740=CARTESIAN_POINT('',(0.0214178230464196,0.0402357248888878,-0.2458));
#1741=CARTESIAN_POINT('',(0.0197289118894056,0.0388428490476154,-0.24205));
#1742=CARTESIAN_POINT('',(0.0217516440208983,0.0396801534902846,-0.2383));
#1743=CARTESIAN_POINT('',(0.0237743761523912,0.0405174579329538,-0.23455));
#1744=CARTESIAN_POINT('',(0.0276529299281374,0.0424698525175939,-0.23455));
#1745=CARTESIAN_POINT('',(0.0315314837038835,0.044422247102234,-0.23455));
#1746=CARTESIAN_POINT('',(0.0335542158353763,0.0452595515449033,-0.2383));
#1747=CARTESIAN_POINT('',(0.0355769479668691,0.0460968559875725,-0.24205));
#1748=CARTESIAN_POINT('',(0.033888036809855,0.0447039801463,-0.2458));
#1749=CARTESIAN_POINT('',(0.032199125652841,0.0433111043050276,-0.24955));
#1750=CARTESIAN_POINT('',(0.0286543928515736,0.0408031383217842,-0.24955));
#1751=CARTESIAN_POINT('',(0.0251096600503061,0.0382951723385409,-0.24955));
#1752=CARTESIAN_POINT('',(0.023420748893292,0.0369022964972685,-0.2458));
#1753=CARTESIAN_POINT('',(0.021731837736278,0.035509420655996,-0.24205));
#1754=CARTESIAN_POINT('',(0.0237545698677708,0.0363467250986653,-0.2383));
#1755=CARTESIAN_POINT('',(0.0257773019992636,0.0371840295413345,-0.23455));
#1756=CARTESIAN_POINT('',(0.0296558557750098,0.0391364241259746,-0.23455));
#1757=CARTESIAN_POINT('',(0.0335344095507559,0.0410888187106147,-0.23455));
#1758=CARTESIAN_POINT('',(0.0355571416822488,0.0419261231532839,-0.2383));
#1759=CARTESIAN_POINT('',(0.0375798738137415,0.0427634275959531,-0.24205));
#1760=CARTESIAN_POINT('',(0.0358909626567275,0.0413705517546807,-0.2458));
#1761=CARTESIAN_POINT('',(0.0342020514997134,0.0399776759134082,-0.24955));
#1762=CARTESIAN_POINT('',(0.030657318698446,0.0374697099301649,-0.24955));
#1763=CARTESIAN_POINT('',(0.0271125858971786,0.0349617439469216,-0.24955));
#1764=CARTESIAN_POINT('',(0.0254236747401645,0.0335688681056492,-0.2458));
#1765=CARTESIAN_POINT('',(0.0237347635831504,0.0321759922643767,-0.24205));
#1766=CARTESIAN_POINT('',(0.0257574957146432,0.0330132967070459,-0.2383));
#1767=CARTESIAN_POINT('',(0.027780227846136,0.0338506011497151,-0.23455));
#1768=CARTESIAN_POINT('',(0.0316587816218822,0.0358029957343553,-0.23455));
#1769=CARTESIAN_POINT('',(0.0355373353976284,0.0377553903189954,-0.23455));
#1770=CARTESIAN_POINT('',(0.0375600675291212,0.0385926947616646,-0.2383));
#1771=CARTESIAN_POINT('',(0.0395827996606139,0.0394299992043338,-0.24205));
#1772=CARTESIAN_POINT('',(0.0378938885035999,0.0380371233630614,-0.2458));
#1773=CARTESIAN_POINT('',(0.0362049773465859,0.0366442475217889,-0.24955));
#1774=CARTESIAN_POINT('',(0.0326602445453184,0.0341362815385456,-0.24955));
#1775=CARTESIAN_POINT('',(0.029115511744051,0.0316283155553023,-0.24955));
#1776=CARTESIAN_POINT('',(0.0274266005870369,0.0302354397140298,-0.2458));
#1777=CARTESIAN_POINT('',(0.0257376894300229,0.0288425638727574,-0.24205));
#1778=CARTESIAN_POINT('',(0.0277604215615157,0.0296798683154266,-0.2383));
#1779=CARTESIAN_POINT('',(0.0297831536930085,0.0305171727580959,-0.23455));
#1780=CARTESIAN_POINT('',(0.0336617074687546,0.0324695673427359,-0.23455));
#1781=CARTESIAN_POINT('',(0.0375402612445008,0.034421961927376,-0.23455));
#1782=CARTESIAN_POINT('',(0.0395629933759936,0.0352592663700453,-0.2383));
#1783=CARTESIAN_POINT('',(0.0415857255074864,0.0360965708127145,-0.24205));
#1784=CARTESIAN_POINT('',(0.0398968143504723,0.034703694971442,-0.2458));
#1785=CARTESIAN_POINT('',(0.0382079031934583,0.0333108191301696,-0.24955));
#1786=CARTESIAN_POINT('',(0.0346631703921908,0.0308028531469263,-0.24955));
#1787=CARTESIAN_POINT('',(0.0311184375909234,0.028294887163683,-0.24955));
#1788=CARTESIAN_POINT('',(0.0294295264339094,0.0269020113224105,-0.2458));
#1789=CARTESIAN_POINT('',(0.0277406152768953,0.0255091354811381,-0.24205));
#1790=CARTESIAN_POINT('',(0.0297633474083881,0.0263464399238073,-0.2383));
#1791=CARTESIAN_POINT('',(0.0317860795398808,0.0271837443664765,-0.23455));
#1792=CARTESIAN_POINT('',(0.035664633315627,0.0291361389511166,-0.23455));
#1793=CARTESIAN_POINT('',(0.0395431870913733,0.0310885335357567,-0.23455));
#1794=CARTESIAN_POINT('',(0.0415659192228661,0.0319258379784259,-0.2383));
#1795=CARTESIAN_POINT('',(0.0435886513543588,0.0327631424210952,-0.24205));
#1796=CARTESIAN_POINT('',(0.0418997401973448,0.0313702665798228,-0.2458));
#1797=CARTESIAN_POINT('',(0.0402108290403307,0.0299773907385503,-0.24955));
#1798=CARTESIAN_POINT('',(0.0366660962390633,0.027469424755307,-0.24955));
#1799=CARTESIAN_POINT('',(0.0331213634377958,0.0249614587720637,-0.24955));
#1800=CARTESIAN_POINT('',(0.0314324522807818,0.0235685829307912,-0.2458));
#1801=CARTESIAN_POINT('',(0.0297435411237677,0.0221757070895187,-0.24205));
#1802=CARTESIAN_POINT('',(0.0317662732552606,0.023013011532188,-0.2383));
#1803=CARTESIAN_POINT('',(0.0337890053867533,0.0238503159748572,-0.23455));
#1804=CARTESIAN_POINT('',(0.0376675591624995,0.0258027105594973,-0.23455));
#1805=CARTESIAN_POINT('',(0.0415461129382457,0.0277551051441374,-0.23455));
#1806=CARTESIAN_POINT('',(0.0435688450697385,0.0285924095868066,-0.2383));
#1807=CARTESIAN_POINT('',(0.0455915772012312,0.0294297140294759,-0.24205));
#1808=CARTESIAN_POINT('',(0.0439026660442172,0.0280368381882034,-0.2458));
#1809=CARTESIAN_POINT('',(0.0422137548872032,0.0266439623469309,-0.24955));
#1810=CARTESIAN_POINT('',(0.0386690220859357,0.0241359963636876,-0.24955));
#1811=CARTESIAN_POINT('',(0.0351242892846682,0.0216280303804443,-0.24955));
#1812=CARTESIAN_POINT('',(0.0334353781276542,0.0202351545391719,-0.2458));
#1813=CARTESIAN_POINT('',(0.0317464669706402,0.0188422786978994,-0.24205));
#1814=CARTESIAN_POINT('',(0.0337691991021329,0.0196795831405687,-0.2383));
#1815=CARTESIAN_POINT('',(0.0357919312336257,0.0205168875832378,-0.23455));
#1816=CARTESIAN_POINT('',(0.0396704850093719,0.022469282167878,-0.23455));
#1817=CARTESIAN_POINT('',(0.0435490387851181,0.0244216767525181,-0.23455));
#1818=CARTESIAN_POINT('',(0.0455717709166109,0.0252589811951873,-0.2383));
#1819=CARTESIAN_POINT('',(0.0475945030481037,0.0260962856378565,-0.24205));
#1820=CARTESIAN_POINT('',(0.0459055918910897,0.0247034097965841,-0.2458));
#1821=CARTESIAN_POINT('',(0.0442166807340756,0.0233105339553116,-0.24955));
#1822=CARTESIAN_POINT('',(0.0406719479328082,0.0208025679720683,-0.24955));
#1823=CARTESIAN_POINT('',(0.0371272151315407,0.018294601988825,-0.24955));
#1824=CARTESIAN_POINT('',(0.0354383039745267,0.0169017261475525,-0.2458));
#1825=CARTESIAN_POINT('',(0.0337493928175126,0.0155088503062801,-0.24205));
#1826=CARTESIAN_POINT('',(0.0357721249490054,0.0163461547489494,-0.2383));
#1827=CARTESIAN_POINT('',(0.0377948570804982,0.0171834591916186,-0.23455));
#1828=CARTESIAN_POINT('',(0.0416734108562444,0.0191358537762586,-0.23455));
#1829=CARTESIAN_POINT('',(0.0236470782343925,0.0491367093008326,-0.23555));
#1830=CARTESIAN_POINT('',(0.0270307462383378,0.0507917465142804,-0.23555));
#1831=CARTESIAN_POINT('',(0.0288060354839301,0.0514803722713536,-0.2388));
#1832=CARTESIAN_POINT('',(0.0305813247295224,0.0521689980284267,-0.24205));
#1833=CARTESIAN_POINT('',(0.0291398564584088,0.0509248008727503,-0.2453));
#1834=CARTESIAN_POINT('',(0.0276983881872953,0.049680603717074,-0.24855));
#1835=CARTESIAN_POINT('',(0.0246485411578287,0.0474699951050229,-0.24855));
#1836=CARTESIAN_POINT('',(0.0215986941283621,0.0452593864929718,-0.24855));
#1837=CARTESIAN_POINT('',(0.0201572258572485,0.0440151893372955,-0.2453));
#1838=CARTESIAN_POINT('',(0.018715757586135,0.0427709921816191,-0.24205));
#1839=CARTESIAN_POINT('',(0.0204910468317273,0.0434596179386922,-0.2388));
#1840=CARTESIAN_POINT('',(0.0222663360773196,0.0441482436957654,-0.23555));
#1841=CARTESIAN_POINT('',(0.0256500040812649,0.0458032809092133,-0.23555));
#1842=CARTESIAN_POINT('',(0.0290336720852102,0.0474583181226612,-0.23555));
#1843=CARTESIAN_POINT('',(0.0308089613308025,0.0481469438797342,-0.2388));
#1844=CARTESIAN_POINT('',(0.0325842505763948,0.0488355696368073,-0.24205));
#1845=CARTESIAN_POINT('',(0.0311427823052812,0.0475913724811311,-0.2453));
#1846=CARTESIAN_POINT('',(0.0297013140341677,0.0463471753254547,-0.24855));
#1847=CARTESIAN_POINT('',(0.0266514670047011,0.0441365667134036,-0.24855));
#1848=CARTESIAN_POINT('',(0.0236016199752346,0.0419259581013525,-0.24855));
#1849=CARTESIAN_POINT('',(0.022160151704121,0.0406817609456762,-0.2453));
#1850=CARTESIAN_POINT('',(0.0207186834330074,0.0394375637899998,-0.24205));
#1851=CARTESIAN_POINT('',(0.0224939726785997,0.0401261895470729,-0.2388));
#1852=CARTESIAN_POINT('',(0.024269261924192,0.0408148153041461,-0.23555));
#1853=CARTESIAN_POINT('',(0.0276529299281373,0.0424698525175939,-0.23555));
#1854=CARTESIAN_POINT('',(0.0310365979320826,0.0441248897310418,-0.23555));
#1855=CARTESIAN_POINT('',(0.0328118871776749,0.0448135154881149,-0.2388));
#1856=CARTESIAN_POINT('',(0.0345871764232673,0.045502141245188,-0.24205));
#1857=CARTESIAN_POINT('',(0.0331457081521536,0.0442579440895116,-0.2453));
#1858=CARTESIAN_POINT('',(0.0317042398810401,0.0430137469338353,-0.24855));
#1859=CARTESIAN_POINT('',(0.0286543928515735,0.0408031383217842,-0.24855));
#1860=CARTESIAN_POINT('',(0.025604545822107,0.0385925297097332,-0.24855));
#1861=CARTESIAN_POINT('',(0.0241630775509934,0.0373483325540568,-0.2453));
#1862=CARTESIAN_POINT('',(0.0227216092798799,0.0361041353983805,-0.24205));
#1863=CARTESIAN_POINT('',(0.0244968985254721,0.0367927611554536,-0.2388));
#1864=CARTESIAN_POINT('',(0.0262721877710645,0.0374813869125267,-0.23555));
#1865=CARTESIAN_POINT('',(0.0296558557750098,0.0391364241259746,-0.23555));
#1866=CARTESIAN_POINT('',(0.0330395237789551,0.0407914613394225,-0.23555));
#1867=CARTESIAN_POINT('',(0.0348148130245473,0.0414800870964956,-0.2388));
#1868=CARTESIAN_POINT('',(0.0365901022701397,0.0421687128535687,-0.24205));
#1869=CARTESIAN_POINT('',(0.0351486339990261,0.0409245156978924,-0.2453));
#1870=CARTESIAN_POINT('',(0.0337071657279125,0.039680318542216,-0.24855));
#1871=CARTESIAN_POINT('',(0.0306573186984459,0.0374697099301649,-0.24855));
#1872=CARTESIAN_POINT('',(0.0276074716689795,0.0352591013181138,-0.24855));
#1873=CARTESIAN_POINT('',(0.0261660033978658,0.0340149041624375,-0.2453));
#1874=CARTESIAN_POINT('',(0.0247245351267523,0.0327707070067612,-0.24205));
#1875=CARTESIAN_POINT('',(0.0264998243723446,0.0334593327638343,-0.2388));
#1876=CARTESIAN_POINT('',(0.0282751136179369,0.0341479585209074,-0.23555));
#1877=CARTESIAN_POINT('',(0.0316587816218822,0.0358029957343553,-0.23555));
#1878=CARTESIAN_POINT('',(0.0350424496258275,0.0374580329478031,-0.23555));
#1879=CARTESIAN_POINT('',(0.0368177388714198,0.0381466587048762,-0.2388));
#1880=CARTESIAN_POINT('',(0.0385930281170121,0.0388352844619494,-0.24205));
#1881=CARTESIAN_POINT('',(0.0371515598458985,0.037591087306273,-0.2453));
#1882=CARTESIAN_POINT('',(0.0357100915747849,0.0363468901505968,-0.24855));
#1883=CARTESIAN_POINT('',(0.0326602445453184,0.0341362815385456,-0.24855));
#1884=CARTESIAN_POINT('',(0.0296103975158519,0.0319256729264945,-0.24855));
#1885=CARTESIAN_POINT('',(0.0281689292447383,0.0306814757708181,-0.2453));
#1886=CARTESIAN_POINT('',(0.0267274609736247,0.0294372786151418,-0.24205));
#1887=CARTESIAN_POINT('',(0.028502750219217,0.030125904372215,-0.2388));
#1888=CARTESIAN_POINT('',(0.0302780394648094,0.0308145301292881,-0.23555));
#1889=CARTESIAN_POINT('',(0.0336617074687546,0.0324695673427359,-0.23555));
#1890=CARTESIAN_POINT('',(0.0370453754726999,0.0341246045561838,-0.23555));
#1891=CARTESIAN_POINT('',(0.0388206647182922,0.0348132303132569,-0.2388));
#1892=CARTESIAN_POINT('',(0.0405959539638845,0.03550185607033,-0.24205));
#1893=CARTESIAN_POINT('',(0.039154485692771,0.0342576589146537,-0.2453));
#1894=CARTESIAN_POINT('',(0.0377130174216574,0.0330134617589774,-0.24855));
#1895=CARTESIAN_POINT('',(0.0346631703921909,0.0308028531469263,-0.24855));
#1896=CARTESIAN_POINT('',(0.0316133233627243,0.0285922445348752,-0.24855));
#1897=CARTESIAN_POINT('',(0.0301718550916107,0.0273480473791989,-0.2453));
#1898=CARTESIAN_POINT('',(0.0287303868204972,0.0261038502235225,-0.24205));
#1899=CARTESIAN_POINT('',(0.0305056760660895,0.0267924759805956,-0.2388));
#1900=CARTESIAN_POINT('',(0.0322809653116818,0.0274811017376688,-0.23555));
#1901=CARTESIAN_POINT('',(0.035664633315627,0.0291361389511166,-0.23555));
#1902=CARTESIAN_POINT('',(0.0390483013195723,0.0307911761645645,-0.23555));
#1903=CARTESIAN_POINT('',(0.0408235905651647,0.0314798019216376,-0.2388));
#1904=CARTESIAN_POINT('',(0.042598879810757,0.0321684276787107,-0.24205));
#1905=CARTESIAN_POINT('',(0.0411574115396434,0.0309242305230344,-0.2453));
#1906=CARTESIAN_POINT('',(0.0397159432685298,0.0296800333673581,-0.24855));
#1907=CARTESIAN_POINT('',(0.0366660962390633,0.027469424755307,-0.24855));
#1908=CARTESIAN_POINT('',(0.0336162492095968,0.0252588161432559,-0.24855));
#1909=CARTESIAN_POINT('',(0.0321747809384832,0.0240146189875795,-0.2453));
#1910=CARTESIAN_POINT('',(0.0307333126673696,0.0227704218319032,-0.24205));
#1911=CARTESIAN_POINT('',(0.0325086019129619,0.0234590475889763,-0.2388));
#1912=CARTESIAN_POINT('',(0.0342838911585542,0.0241476733460494,-0.23555));
#1913=CARTESIAN_POINT('',(0.0376675591624995,0.0258027105594973,-0.23555));
#1914=CARTESIAN_POINT('',(0.0410512271664448,0.0274577477729452,-0.23555));
#1915=CARTESIAN_POINT('',(0.0428265164120371,0.0281463735300183,-0.2388));
#1916=CARTESIAN_POINT('',(0.0446018056576294,0.0288349992870914,-0.24205));
#1917=CARTESIAN_POINT('',(0.0431603373865158,0.027590802131415,-0.2453));
#1918=CARTESIAN_POINT('',(0.0417188691154023,0.0263466049757387,-0.24855));
#1919=CARTESIAN_POINT('',(0.0386690220859357,0.0241359963636876,-0.24855));
#1920=CARTESIAN_POINT('',(0.0356191750564692,0.0219253877516365,-0.24855));
#1921=CARTESIAN_POINT('',(0.0341777067853556,0.0206811905959602,-0.2453));
#1922=CARTESIAN_POINT('',(0.032736238514242,0.0194369934402839,-0.24205));
#1923=CARTESIAN_POINT('',(0.0345115277598343,0.020125619197357,-0.2388));
#1924=CARTESIAN_POINT('',(0.0362868170054267,0.0208142449544301,-0.23555));
#1925=CARTESIAN_POINT('',(0.0396704850093719,0.022469282167878,-0.23555));
#1926=CARTESIAN_POINT('',(0.0430541530133172,0.0241243193813258,-0.23555));
#1927=CARTESIAN_POINT('',(0.0448294422589095,0.024812945138399,-0.2388));
#1928=CARTESIAN_POINT('',(0.0466047315045019,0.0255015708954721,-0.24205));
#1929=CARTESIAN_POINT('',(0.0451632632333883,0.0242573737397957,-0.2453));
#1930=CARTESIAN_POINT('',(0.0437217949622747,0.0230131765841194,-0.24855));
#1931=CARTESIAN_POINT('',(0.0406719479328081,0.0208025679720683,-0.24855));
#1932=CARTESIAN_POINT('',(0.0376221009033416,0.0185919593600172,-0.24855));
#1933=CARTESIAN_POINT('',(0.036180632632228,0.0173477622043409,-0.2453));
#1934=CARTESIAN_POINT('',(0.0347391643611144,0.0161035650486646,-0.24205));
#1935=CARTESIAN_POINT('',(0.0365144536067067,0.0167921908057377,-0.2388));
#1936=CARTESIAN_POINT('',(0.0382897428522991,0.0174808165628108,-0.23555));
#1937=CARTESIAN_POINT('',(0.0416734108562444,0.0191358537762586,-0.23555));
#1938=CARTESIAN_POINT('',(0.0241621163093025,0.0482795420001304,-0.23555));
#1939=CARTESIAN_POINT('',(0.0275457843132478,0.0499345792135783,-0.23555));
#1940=CARTESIAN_POINT('',(0.0293210735588401,0.0506232049706515,-0.2388));
#1941=CARTESIAN_POINT('',(0.0310963628044325,0.0513118307277246,-0.24205));
#1942=CARTESIAN_POINT('',(0.0296548945333188,0.0500676335720482,-0.2453));
#1943=CARTESIAN_POINT('',(0.0282134262622053,0.0488234364163719,-0.24855));
#1944=CARTESIAN_POINT('',(0.0251635792327387,0.0466128278043208,-0.24855));
#1945=CARTESIAN_POINT('',(0.0221137322032722,0.0444022191922697,-0.24855));
#1946=CARTESIAN_POINT('',(0.0206722639321586,0.0431580220365933,-0.2453));
#1947=CARTESIAN_POINT('',(0.0192307956610451,0.041913824880917,-0.24205));
#1948=CARTESIAN_POINT('',(0.0210060849066373,0.0426024506379901,-0.2388));
#1949=CARTESIAN_POINT('',(0.0227813741522297,0.0432910763950633,-0.23555));
#1950=CARTESIAN_POINT('',(0.026165042156175,0.0449461136085111,-0.23555));
#1951=CARTESIAN_POINT('',(0.0295487101601203,0.046601150821959,-0.23555));
#1952=CARTESIAN_POINT('',(0.0313239994057125,0.0472897765790322,-0.2388));
#1953=CARTESIAN_POINT('',(0.0330992886513049,0.0479784023361052,-0.24205));
#1954=CARTESIAN_POINT('',(0.0316578203801913,0.0467342051804289,-0.2453));
#1955=CARTESIAN_POINT('',(0.0302163521090777,0.0454900080247525,-0.24855));
#1956=CARTESIAN_POINT('',(0.0271665050796112,0.0432793994127015,-0.24855));
#1957=CARTESIAN_POINT('',(0.0241166580501446,0.0410687908006504,-0.24855));
#1958=CARTESIAN_POINT('',(0.022675189779031,0.039824593644974,-0.2453));
#1959=CARTESIAN_POINT('',(0.0212337215079175,0.0385803964892977,-0.24205));
#1960=CARTESIAN_POINT('',(0.0230090107535098,0.0392690222463708,-0.2388));
#1961=CARTESIAN_POINT('',(0.0247842999991021,0.0399576480034439,-0.23555));
#1962=CARTESIAN_POINT('',(0.0281679680030474,0.0416126852168918,-0.23555));
#1963=CARTESIAN_POINT('',(0.0315516360069927,0.0432677224303397,-0.23555));
#1964=CARTESIAN_POINT('',(0.033326925252585,0.0439563481874127,-0.2388));
#1965=CARTESIAN_POINT('',(0.0351022144981773,0.0446449739444859,-0.24205));
#1966=CARTESIAN_POINT('',(0.0336607462270637,0.0434007767888096,-0.2453));
#1967=CARTESIAN_POINT('',(0.0322192779559502,0.0421565796331333,-0.24855));
#1968=CARTESIAN_POINT('',(0.0291694309264836,0.0399459710210821,-0.24855));
#1969=CARTESIAN_POINT('',(0.0261195838970171,0.0377353624090311,-0.24855));
#1970=CARTESIAN_POINT('',(0.0246781156259035,0.0364911652533547,-0.2453));
#1971=CARTESIAN_POINT('',(0.0232366473547899,0.0352469680976784,-0.24205));
#1972=CARTESIAN_POINT('',(0.0250119366003822,0.0359355938547515,-0.2388));
#1973=CARTESIAN_POINT('',(0.0267872258459745,0.0366242196118246,-0.23555));
#1974=CARTESIAN_POINT('',(0.0301708938499198,0.0382792568252724,-0.23555));
#1975=CARTESIAN_POINT('',(0.0335545618538651,0.0399342940387204,-0.23555));
#1976=CARTESIAN_POINT('',(0.0353298510994574,0.0406229197957935,-0.2388));
#1977=CARTESIAN_POINT('',(0.0371051403450497,0.0413115455528666,-0.24205));
#1978=CARTESIAN_POINT('',(0.0356636720739362,0.0400673483971902,-0.2453));
#1979=CARTESIAN_POINT('',(0.0342222038028226,0.0388231512415139,-0.24855));
#1980=CARTESIAN_POINT('',(0.031172356773356,0.0366125426294628,-0.24855));
#1981=CARTESIAN_POINT('',(0.0281225097438895,0.0344019340174117,-0.24855));
#1982=CARTESIAN_POINT('',(0.0266810414727759,0.0331577368617354,-0.2453));
#1983=CARTESIAN_POINT('',(0.0252395732016623,0.0319135397060591,-0.24205));
#1984=CARTESIAN_POINT('',(0.0270148624472546,0.0326021654631321,-0.2388));
#1985=CARTESIAN_POINT('',(0.028790151692847,0.0332907912202053,-0.23555));
#1986=CARTESIAN_POINT('',(0.0321738196967922,0.0349458284336532,-0.23555));
#1987=CARTESIAN_POINT('',(0.0355574877007376,0.036600865647101,-0.23555));
#1988=CARTESIAN_POINT('',(0.0373327769463299,0.0372894914041741,-0.2388));
#1989=CARTESIAN_POINT('',(0.0391080661919222,0.0379781171612472,-0.24205));
#1990=CARTESIAN_POINT('',(0.0376665979208086,0.0367339200055709,-0.2453));
#1991=CARTESIAN_POINT('',(0.036225129649695,0.0354897228498946,-0.24855));
#1992=CARTESIAN_POINT('',(0.0331752826202285,0.0332791142378435,-0.24855));
#1993=CARTESIAN_POINT('',(0.0301254355907619,0.0310685056257924,-0.24855));
#1994=CARTESIAN_POINT('',(0.0286839673196483,0.0298243084701161,-0.2453));
#1995=CARTESIAN_POINT('',(0.0272424990485348,0.0285801113144397,-0.24205));
#1996=CARTESIAN_POINT('',(0.0290177882941271,0.0292687370715129,-0.2388));
#1997=CARTESIAN_POINT('',(0.0307930775397194,0.029957362828586,-0.23555));
#1998=CARTESIAN_POINT('',(0.0341767455436647,0.0316124000420338,-0.23555));
#1999=CARTESIAN_POINT('',(0.03756041354761,0.0332674372554817,-0.23555));
#2000=CARTESIAN_POINT('',(0.0393357027932023,0.0339560630125548,-0.2388));
#2001=CARTESIAN_POINT('',(0.0411109920387946,0.0346446887696279,-0.24205));
#2002=CARTESIAN_POINT('',(0.039669523767681,0.0334004916139516,-0.2453));
#2003=CARTESIAN_POINT('',(0.0382280554965675,0.0321562944582753,-0.24855));
#2004=CARTESIAN_POINT('',(0.0351782084671009,0.0299456858462242,-0.24855));
#2005=CARTESIAN_POINT('',(0.0321283614376344,0.0277350772341731,-0.24855));
#2006=CARTESIAN_POINT('',(0.0306868931665208,0.0264908800784967,-0.2453));
#2007=CARTESIAN_POINT('',(0.0292454248954072,0.0252466829228204,-0.24205));
#2008=CARTESIAN_POINT('',(0.0310207141409995,0.0259353086798935,-0.2388));
#2009=CARTESIAN_POINT('',(0.0327960033865918,0.0266239344369666,-0.23555));
#2010=CARTESIAN_POINT('',(0.0361796713905371,0.0282789716504145,-0.23555));
#2011=CARTESIAN_POINT('',(0.0395633393944824,0.0299340088638624,-0.23555));
#2012=CARTESIAN_POINT('',(0.0413386286400747,0.0306226346209355,-0.2388));
#2013=CARTESIAN_POINT('',(0.043113917885667,0.0313112603780086,-0.24205));
#2014=CARTESIAN_POINT('',(0.0416724496145535,0.0300670632223323,-0.2453));
#2015=CARTESIAN_POINT('',(0.0402309813434399,0.0288228660666559,-0.24855));
#2016=CARTESIAN_POINT('',(0.0371811343139733,0.0266122574546048,-0.24855));
#2017=CARTESIAN_POINT('',(0.0341312872845068,0.0244016488425538,-0.24855));
#2018=CARTESIAN_POINT('',(0.0326898190133932,0.0231574516868774,-0.2453));
#2019=CARTESIAN_POINT('',(0.0312483507422796,0.0219132545312011,-0.24205));
#2020=CARTESIAN_POINT('',(0.0330236399878719,0.0226018802882742,-0.2388));
#2021=CARTESIAN_POINT('',(0.0347989292334642,0.0232905060453473,-0.23555));
#2022=CARTESIAN_POINT('',(0.0381825972374095,0.0249455432587952,-0.23555));
#2023=CARTESIAN_POINT('',(0.0415662652413548,0.0266005804722431,-0.23555));
#2024=CARTESIAN_POINT('',(0.0433415544869472,0.0272892062293162,-0.2388));
#2025=CARTESIAN_POINT('',(0.0451168437325395,0.0279778319863893,-0.24205));
#2026=CARTESIAN_POINT('',(0.0436753754614259,0.0267336348307129,-0.2453));
#2027=CARTESIAN_POINT('',(0.0422339071903123,0.0254894376750366,-0.24855));
#2028=CARTESIAN_POINT('',(0.0391840601608458,0.0232788290629855,-0.24855));
#2029=CARTESIAN_POINT('',(0.0361342131313792,0.0210682204509344,-0.24855));
#2030=CARTESIAN_POINT('',(0.0346927448602656,0.0198240232952581,-0.2453));
#2031=CARTESIAN_POINT('',(0.0332512765891521,0.0185798261395818,-0.24205));
#2032=CARTESIAN_POINT('',(0.0350265658347444,0.0192684518966549,-0.2388));
#2033=CARTESIAN_POINT('',(0.0368018550803367,0.019957077653728,-0.23555));
#2034=CARTESIAN_POINT('',(0.0401855230842819,0.0216121148671758,-0.23555));
#2035=CARTESIAN_POINT('',(0.0435691910882273,0.0232671520806237,-0.23555));
#2036=CARTESIAN_POINT('',(0.0453444803338195,0.0239557778376969,-0.2388));
#2037=CARTESIAN_POINT('',(0.0471197695794119,0.02464440359477,-0.24205));
#2038=CARTESIAN_POINT('',(0.0456783013082983,0.0234002064390936,-0.2453));
#2039=CARTESIAN_POINT('',(0.0442368330371848,0.0221560092834173,-0.24855));
#2040=CARTESIAN_POINT('',(0.0411869860077182,0.0199454006713662,-0.24855));
#2041=CARTESIAN_POINT('',(0.0381371389782516,0.0177347920593151,-0.24855));
#2042=CARTESIAN_POINT('',(0.0366956707071381,0.0164905949036388,-0.2453));
#2043=CARTESIAN_POINT('',(0.0352542024360245,0.0152463977479624,-0.24205));
#2044=CARTESIAN_POINT('',(0.0370294916816168,0.0159350235050356,-0.2388));
#2045=CARTESIAN_POINT('',(0.0388047809272091,0.0166236492621087,-0.23555));
#2046=CARTESIAN_POINT('',(0.0421884489311544,0.0182786864755565,-0.23555));
#2047=CARTESIAN_POINT('',(0.0241621163093025,0.0482795420001305,-0.23455));
#2048=CARTESIAN_POINT('',(0.0280406700850487,0.0502319365847706,-0.23455));
#2049=CARTESIAN_POINT('',(0.0300634022165415,0.0510692410274398,-0.2383));
#2050=CARTESIAN_POINT('',(0.0320861343480343,0.051906545470109,-0.24205));
#2051=CARTESIAN_POINT('',(0.0303972231910202,0.0505136696288366,-0.2458));
#2052=CARTESIAN_POINT('',(0.0287083120340062,0.0491207937875641,-0.24955));
#2053=CARTESIAN_POINT('',(0.0251635792327388,0.0466128278043208,-0.24955));
#2054=CARTESIAN_POINT('',(0.0216188464314713,0.0441048618210775,-0.24955));
#2055=CARTESIAN_POINT('',(0.0199299352744573,0.0427119859798051,-0.2458));
#2056=CARTESIAN_POINT('',(0.0182410241174432,0.0413191101385325,-0.24205));
#2057=CARTESIAN_POINT('',(0.020263756248936,0.0421564145812018,-0.2383));
#2058=CARTESIAN_POINT('',(0.0222864883804288,0.0429937190238711,-0.23455));
#2059=CARTESIAN_POINT('',(0.026165042156175,0.0449461136085111,-0.23455));
#2060=CARTESIAN_POINT('',(0.0300435959319212,0.0468985081931512,-0.23455));
#2061=CARTESIAN_POINT('',(0.0320663280634139,0.0477358126358205,-0.2383));
#2062=CARTESIAN_POINT('',(0.0340890601949067,0.0485731170784897,-0.24205));
#2063=CARTESIAN_POINT('',(0.0324001490378927,0.0471802412372173,-0.2458));
#2064=CARTESIAN_POINT('',(0.0307112378808786,0.0457873653959447,-0.24955));
#2065=CARTESIAN_POINT('',(0.0271665050796112,0.0432793994127015,-0.24955));
#2066=CARTESIAN_POINT('',(0.0236217722783437,0.0407714334294581,-0.24955));
#2067=CARTESIAN_POINT('',(0.0219328611213297,0.0393785575881857,-0.2458));
#2068=CARTESIAN_POINT('',(0.0202439499643156,0.0379856817469132,-0.24205));
#2069=CARTESIAN_POINT('',(0.0222666820958085,0.0388229861895825,-0.2383));
#2070=CARTESIAN_POINT('',(0.0242894142273012,0.0396602906322517,-0.23455));
#2071=CARTESIAN_POINT('',(0.0281679680030474,0.0416126852168918,-0.23455));
#2072=CARTESIAN_POINT('',(0.0320465217787936,0.0435650798015319,-0.23455));
#2073=CARTESIAN_POINT('',(0.0340692539102863,0.0444023842442011,-0.2383));
#2074=CARTESIAN_POINT('',(0.0360919860417791,0.0452396886868704,-0.24205));
#2075=CARTESIAN_POINT('',(0.0344030748847651,0.043846812845598,-0.2458));
#2076=CARTESIAN_POINT('',(0.0327141637277511,0.0424539370043255,-0.24955));
#2077=CARTESIAN_POINT('',(0.0291694309264836,0.0399459710210821,-0.24955));
#2078=CARTESIAN_POINT('',(0.0256246981252161,0.0374380050378388,-0.24955));
#2079=CARTESIAN_POINT('',(0.0239357869682021,0.0360451291965664,-0.2458));
#2080=CARTESIAN_POINT('',(0.0222468758111881,0.0346522533552939,-0.24205));
#2081=CARTESIAN_POINT('',(0.0242696079426808,0.0354895577979632,-0.2383));
#2082=CARTESIAN_POINT('',(0.0262923400741736,0.0363268622406324,-0.23455));
#2083=CARTESIAN_POINT('',(0.0301708938499199,0.0382792568252725,-0.23455));
#2084=CARTESIAN_POINT('',(0.034049447625666,0.0402316514099126,-0.23455));
#2085=CARTESIAN_POINT('',(0.0360721797571588,0.0410689558525818,-0.2383));
#2086=CARTESIAN_POINT('',(0.0380949118886516,0.0419062602952511,-0.24205));
#2087=CARTESIAN_POINT('',(0.0364060007316376,0.0405133844539786,-0.2458));
#2088=CARTESIAN_POINT('',(0.0347170895746235,0.0391205086127061,-0.24955));
#2089=CARTESIAN_POINT('',(0.0311723567733561,0.0366125426294628,-0.24955));
#2090=CARTESIAN_POINT('',(0.0276276239720886,0.0341045766462195,-0.24955));
#2091=CARTESIAN_POINT('',(0.0259387128150745,0.032711700804947,-0.2458));
#2092=CARTESIAN_POINT('',(0.0242498016580605,0.0313188249636746,-0.24205));
#2093=CARTESIAN_POINT('',(0.0262725337895533,0.0321561294063438,-0.2383));
#2094=CARTESIAN_POINT('',(0.0282952659210461,0.032993433849013,-0.23455));
#2095=CARTESIAN_POINT('',(0.0321738196967922,0.0349458284336531,-0.23455));
#2096=CARTESIAN_POINT('',(0.0360523734725384,0.0368982230182933,-0.23455));
#2097=CARTESIAN_POINT('',(0.0380751056040312,0.0377355274609625,-0.2383));
#2098=CARTESIAN_POINT('',(0.040097837735524,0.0385728319036317,-0.24205));
#2099=CARTESIAN_POINT('',(0.03840892657851,0.0371799560623593,-0.2458));
#2100=CARTESIAN_POINT('',(0.036720015421496,0.0357870802210868,-0.24955));
#2101=CARTESIAN_POINT('',(0.0331752826202285,0.0332791142378435,-0.24955));
#2102=CARTESIAN_POINT('',(0.029630549818961,0.0307711482546002,-0.24955));
#2103=CARTESIAN_POINT('',(0.027941638661947,0.0293782724133277,-0.2458));
#2104=CARTESIAN_POINT('',(0.0262527275049329,0.0279853965720552,-0.24205));
#2105=CARTESIAN_POINT('',(0.0282754596364257,0.0288227010147245,-0.2383));
#2106=CARTESIAN_POINT('',(0.0302981917679185,0.0296600054573938,-0.23455));
#2107=CARTESIAN_POINT('',(0.0341767455436647,0.0316124000420338,-0.23455));
#2108=CARTESIAN_POINT('',(0.0380552993194109,0.0335647946266739,-0.23455));
#2109=CARTESIAN_POINT('',(0.0400780314509037,0.0344020990693431,-0.2383));
#2110=CARTESIAN_POINT('',(0.0421007635823965,0.0352394035120124,-0.24205));
#2111=CARTESIAN_POINT('',(0.0404118524253824,0.03384652767074,-0.2458));
#2112=CARTESIAN_POINT('',(0.0387229412683683,0.0324536518294675,-0.24955));
#2113=CARTESIAN_POINT('',(0.0351782084671009,0.0299456858462242,-0.24955));
#2114=CARTESIAN_POINT('',(0.0316334756658335,0.0274377198629808,-0.24955));
#2115=CARTESIAN_POINT('',(0.0299445645088194,0.0260448440217084,-0.2458));
#2116=CARTESIAN_POINT('',(0.0282556533518054,0.024651968180436,-0.24205));
#2117=CARTESIAN_POINT('',(0.0302783854832981,0.0254892726231052,-0.2383));
#2118=CARTESIAN_POINT('',(0.0323011176147909,0.0263265770657744,-0.23455));
#2119=CARTESIAN_POINT('',(0.0361796713905371,0.0282789716504145,-0.23455));
#2120=CARTESIAN_POINT('',(0.0400582251662833,0.0302313662350546,-0.23455));
#2121=CARTESIAN_POINT('',(0.0420809572977761,0.0310686706777239,-0.2383));
#2122=CARTESIAN_POINT('',(0.0441036894292689,0.0319059751203931,-0.24205));
#2123=CARTESIAN_POINT('',(0.0424147782722549,0.0305130992791207,-0.2458));
#2124=CARTESIAN_POINT('',(0.0407258671152408,0.0291202234378482,-0.24955));
#2125=CARTESIAN_POINT('',(0.0371811343139734,0.0266122574546048,-0.24955));
#2126=CARTESIAN_POINT('',(0.0336364015127059,0.0241042914713616,-0.24955));
#2127=CARTESIAN_POINT('',(0.0319474903556918,0.0227114156300891,-0.2458));
#2128=CARTESIAN_POINT('',(0.0302585791986778,0.0213185397888166,-0.24205));
#2129=CARTESIAN_POINT('',(0.0322813113301706,0.0221558442314858,-0.2383));
#2130=CARTESIAN_POINT('',(0.0343040434616634,0.0229931486741551,-0.23455));
#2131=CARTESIAN_POINT('',(0.0381825972374095,0.0249455432587952,-0.23455));
#2132=CARTESIAN_POINT('',(0.0420611510131557,0.0268979378434353,-0.23455));
#2133=CARTESIAN_POINT('',(0.0440838831446485,0.0277352422861045,-0.2383));
#2134=CARTESIAN_POINT('',(0.0461066152761413,0.0285725467287738,-0.24205));
#2135=CARTESIAN_POINT('',(0.0444177041191273,0.0271796708875013,-0.2458));
#2136=CARTESIAN_POINT('',(0.0427287929621132,0.0257867950462288,-0.24955));
#2137=CARTESIAN_POINT('',(0.0391840601608458,0.0232788290629856,-0.24955));
#2138=CARTESIAN_POINT('',(0.0356393273595783,0.0207708630797422,-0.24955));
#2139=CARTESIAN_POINT('',(0.0339504162025643,0.0193779872384698,-0.2458));
#2140=CARTESIAN_POINT('',(0.0322615050455502,0.0179851113971973,-0.24205));
#2141=CARTESIAN_POINT('',(0.0342842371770431,0.0188224158398665,-0.2383));
#2142=CARTESIAN_POINT('',(0.0363069693085358,0.0196597202825358,-0.23455));
#2143=CARTESIAN_POINT('',(0.040185523084282,0.0216121148671759,-0.23455));
#2144=CARTESIAN_POINT('',(0.0440640768600282,0.023564509451816,-0.23455));
#2145=CARTESIAN_POINT('',(0.046086808991521,0.0244018138944852,-0.2383));
#2146=CARTESIAN_POINT('',(0.0481095411230137,0.0252391183371544,-0.24205));
#2147=CARTESIAN_POINT('',(0.0464206299659997,0.023846242495882,-0.2458));
#2148=CARTESIAN_POINT('',(0.0447317188089857,0.0224533666546095,-0.24955));
#2149=CARTESIAN_POINT('',(0.0411869860077182,0.0199454006713662,-0.24955));
#2150=CARTESIAN_POINT('',(0.0376422532064508,0.0174374346881229,-0.24955));
#2151=CARTESIAN_POINT('',(0.0359533420494367,0.0160445588468505,-0.2458));
#2152=CARTESIAN_POINT('',(0.0342644308924227,0.014651683005578,-0.24205));
#2153=CARTESIAN_POINT('',(0.0362871630239155,0.0154889874482472,-0.2383));
#2154=CARTESIAN_POINT('',(0.0383098951554082,0.0163262918909164,-0.23455));
#2155=CARTESIAN_POINT('',(0.0421884489311544,0.0182786864755565,-0.23455));
#2156=CARTESIAN_POINT('',(0.0419309298936994,0.0187072701259076,-0.23455));
#2157=CARTESIAN_POINT('',(0.0419309298936994,0.0187072701259076,-0.23405));
#2158=CARTESIAN_POINT('',(0.0419309298936994,0.0187072701259076,-0.23505));
#2159=CARTESIAN_POINT('',(0.0419309298936994,0.0187072701259076,-0.23405));
#2160=CARTESIAN_POINT('',(0.0414971307153463,0.0184466172830687,-0.23405));
#2161=CARTESIAN_POINT('',(0.0408460691390153,0.0180554200212901,-0.234128640778924));
#2162=CARTESIAN_POINT('',(0.0400164159757271,0.0175569141080177,-0.234385248252583));
#2163=CARTESIAN_POINT('',(0.039409739767633,0.0171923862660737,-0.234655859242397));
#2164=CARTESIAN_POINT('',(0.0388341572335758,0.0168465413883562,-0.235001751637619));
#2165=CARTESIAN_POINT('',(0.038391217137786,0.0165803961282154,-0.235346780550541));
#2166=CARTESIAN_POINT('',(0.0380588914032992,0.0163807146816661,-0.235660590415616));
#2167=CARTESIAN_POINT('',(0.0378213987618161,0.0162380147060915,-0.235916727624859));
#2168=CARTESIAN_POINT('',(0.0376003163943636,0.0161051750179273,-0.236196230101727));
#2169=CARTESIAN_POINT('',(0.0374302499744232,0.016002988803567,-0.236451567505667));
#2170=CARTESIAN_POINT('',(0.0373447498306896,0.0159516151342749,-0.236641701904009));
#2171=CARTESIAN_POINT('',(0.0372973003285773,0.0159231045970653,-0.236770617031946));
#2172=CARTESIAN_POINT('',(0.0373565902967205,0.0159587296040242,-0.236851192122452));
#2173=CARTESIAN_POINT('',(0.0374431131179941,0.0160107177599751,-0.236808782293263));
#2174=CARTESIAN_POINT('',(0.0375403673573544,0.0160691540024401,-0.236760855136889));
#2175=CARTESIAN_POINT('',(0.0376604908629571,0.0161413314863762,-0.236681074233524));
#2176=CARTESIAN_POINT('',(0.0378007547385892,0.0162256105255165,-0.236584415883549));
#2177=CARTESIAN_POINT('',(0.0379875557659631,0.0163378519064695,-0.236452540657779));
#2178=CARTESIAN_POINT('',(0.0382216146917475,0.0164784886974894,-0.23628987888065));
#2179=CARTESIAN_POINT('',(0.0385065856637511,0.0166497165321452,-0.236103552358747));
#2180=CARTESIAN_POINT('',(0.0388930065681503,0.0168819016359555,-0.235870794179122));
#2181=CARTESIAN_POINT('',(0.0395920075526019,0.0173019038001813,-0.235508249290547));
#2182=CARTESIAN_POINT('',(0.0406342159789719,0.0179281258004036,-0.23515020833519));
#2183=CARTESIAN_POINT('',(0.0414928360825157,0.0184440368073276,-0.23505));
#2184=CARTESIAN_POINT('',(0.0419309298936994,0.0187072701259076,-0.23505));
#2185=CARTESIAN_POINT('',(0.0239045972718475,0.0487081256504815,-0.23455));
#2186=CARTESIAN_POINT('',(0.0239045972718475,0.0487081256504815,-0.23455));
#2187=CARTESIAN_POINT('',(0.0419309298936994,0.0187072701259076,-0.23455));
#2188=CARTESIAN_POINT('',(0.0419309298936994,0.0187072701259076,-0.23455));
#2189=CARTESIAN_POINT('',(0.0434760441184295,0.0161357682238013,-0.24205));
#2190=CARTESIAN_POINT('',(0.0434760441184295,0.0161357682238013,-0.24205));
#2191=CARTESIAN_POINT('',(0.0434760441184295,0.0161357682238013,-0.23355));
#2192=CARTESIAN_POINT('',(0.0419309298936994,0.0187072701259076,-0.24205));
#2193=CARTESIAN_POINT('',(0.0419309298936994,0.0187072701259076,-0.23355));
#2194=CARTESIAN_POINT('',(0.0434760441184295,0.0161357682238013,-0.24205));
#2195=CARTESIAN_POINT('',(0.0434760441184295,0.0161357682238013,-0.24205));
#2196=CARTESIAN_POINT('',(0.0434760441184295,0.0161357682238013,-0.243880453290448));
#2197=CARTESIAN_POINT('',(0.0419309298936994,0.0187072701259076,-0.24205));
#2198=CARTESIAN_POINT('',(0.0419309298936994,0.0187072701259076,-0.24205));
#2199=CARTESIAN_POINT('',(0.0419309298936994,0.0187072701259076,-0.243059623189905));
#2200=CARTESIAN_POINT('',(0.0419319599698492,0.0187055557913062,-0.24205));
#2201=CARTESIAN_POINT('',(0.0486274549436799,0.00756238088217873,-0.24205));
#2202=CARTESIAN_POINT('',(0.0455985576351778,0.00918445753208373,-0.24155));
#2203=CARTESIAN_POINT('',(0.0455878565288202,0.00941195625262682,-0.24116966597322));
#2204=CARTESIAN_POINT('',(0.0456345077706484,0.00991203137766383,-0.240721045403274));
#2205=CARTESIAN_POINT('',(0.0460396319538283,0.010585104274628,-0.240303241151368));
#2206=CARTESIAN_POINT('',(0.0465409983911485,0.0110222250120438,-0.240178604295401));
#2207=CARTESIAN_POINT('',(0.0471651810827683,0.0112652050223847,-0.240299673508403));
#2208=CARTESIAN_POINT('',(0.0479551560560236,0.0113093502980118,-0.240718080903904));
#2209=CARTESIAN_POINT('',(0.0484211580354935,0.011114642874782,-0.241169231341531));
#2210=CARTESIAN_POINT('',(0.0486172274231542,0.0109982573295269,-0.24155));
#2211=CARTESIAN_POINT('',(0.0455985576351778,0.00918445753208371,-0.24155));
#2212=CARTESIAN_POINT('',(0.0486172274231542,0.0109982573295269,-0.24155));
#2213=CARTESIAN_POINT('',(0.0471181200496917,0.00665548098345709,-0.24155));
#2214=CARTESIAN_POINT('',(0.0448467815022363,0.0104356231254591,-0.24155));
#2215=CARTESIAN_POINT('',(0.0448467815022363,0.0104356231254591,-0.24155));
#2216=CARTESIAN_POINT('',(0.044899851627322,0.0105617212243157,-0.241161082110595));
#2217=CARTESIAN_POINT('',(0.0451233233205884,0.0110555187422049,-0.240508177973041));
#2218=CARTESIAN_POINT('',(0.0460066759445592,0.0119117831364064,-0.240075749958996));
#2219=CARTESIAN_POINT('',(0.047188403104859,0.0122976513060449,-0.240506129875478));
#2220=CARTESIAN_POINT('',(0.0477290787614229,0.0122617750883307,-0.241160740722585));
#2221=CARTESIAN_POINT('',(0.0478654512902126,0.0122494229229024,-0.24155));
#2222=CARTESIAN_POINT('',(0.0478654512902126,0.0122494229229024,-0.24155));
#2223=CARTESIAN_POINT('',(0.0501367898376681,0.00846928078090037,-0.24155));
#2224=CARTESIAN_POINT('',(0.0501964596497145,0.00850513402110381,-0.24205));
#2225=CARTESIAN_POINT('',(0.0487502951224481,0.0109119559719365,-0.24205));
#2226=CARTESIAN_POINT('',(0.0479521509853173,0.0122402908833214,-0.24205));
#2227=CARTESIAN_POINT('',(0.0463831462792828,0.0112975377443964,-0.24205));
#2228=CARTESIAN_POINT('',(0.0448141415732482,0.0103547846054713,-0.24205));
#2229=CARTESIAN_POINT('',(0.0470584502376454,0.00661962774325366,-0.24205));
#2230=CARTESIAN_POINT('',(0.045612285710379,0.00902644969408631,-0.24205));
#2231=CARTESIAN_POINT('',(0.0471812904164135,0.00996920283301139,-0.24205));
#2232=CARTESIAN_POINT('',(0.0463622316270624,0.00947706266182193,-0.2404887505004));
#2233=CARTESIAN_POINT('',(0.0480003492057646,0.0104613430042008,-0.2404887505004));
#2234=CARTESIAN_POINT('',(0.0476670851549829,0.0105751627170576,-0.240349792827682));
#2235=CARTESIAN_POINT('',(0.0468671255463277,0.0105023803971541,-0.240089408343248));
#2236=CARTESIAN_POINT('',(0.0464182762595045,0.00982527113263271,-0.240349585539715));
#2237=CARTESIAN_POINT('',(0.0463622316270624,0.00947706266182193,-0.2404887505004));
#2238=CARTESIAN_POINT('',(0.0480003492057646,0.0104613430042008,-0.2404887505004));
#2239=CARTESIAN_POINT('',(0.0471812904164135,0.00996920283301139,-0.24205));
#2240=CARTESIAN_POINT('',(0.04759634871771,0.00927842981818437,-0.24205));
#2241=CARTESIAN_POINT('',(0.04759634871771,0.00927842981818437,-0.2404887505004));
#2242=CARTESIAN_POINT('',(0.04759634871771,0.00927842981818437,-0.24205));
#2243=CARTESIAN_POINT('',(0.04759634871771,0.00927842981818437,-0.24205));
#2244=CARTESIAN_POINT('',(0.04759634871771,0.00927842981818437,-0.24205));
#2245=CARTESIAN_POINT('',(0.0482401463113476,0.00820697069230673,-0.24205));
#2246=CARTESIAN_POINT('',(0.04759634871771,0.00927842981818437,-0.24205));
#2247=CARTESIAN_POINT('',(0.04759634871771,0.00927842981818437,-0.24205));
#2248=CARTESIAN_POINT('',(0.04759634871771,0.00927842981818437,-0.24205));
#2249=CARTESIAN_POINT('',(0.04759634871771,0.00927842981818437,-0.24205));
#2250=CARTESIAN_POINT('',(0.04759634871771,0.00927842981818434,-0.950730165521491));
#2251=CARTESIAN_POINT('',(0.0491531088001557,0.00770006947770708,-0.230314722029311));
#2252=CARTESIAN_POINT('',(0.0475973330210781,0.00706801135494633,-0.229986719335872));
#2253=CARTESIAN_POINT('',(0.0460424284520615,0.00769846592528609,-0.229669110050088));
#2254=CARTESIAN_POINT('',(0.0453738021196256,0.00927565489443512,-0.229535651739221));
#2255=CARTESIAN_POINT('',(0.0460404608948951,0.0108579842468032,-0.229668710279912));
#2256=CARTESIAN_POINT('',(0.0475972939935833,0.011488208275918,-0.229986715505739));
#2257=CARTESIAN_POINT('',(0.0491480893873016,0.0108597615530479,-0.230313654628449));
#2258=CARTESIAN_POINT('',(0.0498192192390099,0.0092827608366143,-0.230458283182231));
#2259=CARTESIAN_POINT('',(0.0491531088001557,0.00770006947770708,-0.230314722029311));
#2260=CARTESIAN_POINT('',(0.0475973330210781,0.00706801135494633,-0.229986719335872));
#2261=CARTESIAN_POINT('',(0.0460424284520615,0.00769846592528609,-0.229669110050088));
#2262=CARTESIAN_POINT('',(0.0475974782227549,0.00727843013712974,-0.229988451570481));
#2263=CARTESIAN_POINT('',(0.04759634871771,0.00927842981818434,-0.24155));
#2264=CARTESIAN_POINT('',(0.04759634871771,0.00927842981818436,-0.950730165521491));
#2265=CARTESIAN_POINT('',(0.0471076978319099,0.0122212917814127,-0.231861707978939));
#2266=CARTESIAN_POINT('',(0.0465930292857734,0.0121358330531049,-0.231684539897746));
#2267=CARTESIAN_POINT('',(0.0459177977278389,0.0118124120888959,-0.231462862641314));
#2268=CARTESIAN_POINT('',(0.0453798444837782,0.0112941529564182,-0.231282996696796));
#2269=CARTESIAN_POINT('',(0.0451338219092706,0.0109693664030346,-0.231200859440937));
#2270=CARTESIAN_POINT('',(0.0449941137217062,0.0107481710827169,-0.231154690019951));
#2271=CARTESIAN_POINT('',(0.0448338652522381,0.0104235372603296,-0.231103041887708));
#2272=CARTESIAN_POINT('',(0.0446872811189668,0.0100007717873581,-0.231056388307827));
#2273=CARTESIAN_POINT('',(0.0445524874813905,0.00921062277548841,-0.231014135640457));
#2274=CARTESIAN_POINT('',(0.0446740927686264,0.00852848850738504,-0.231051341225538));
#2275=CARTESIAN_POINT('',(0.0448498766118816,0.00811390966176119,-0.231108122067472));
#2276=CARTESIAN_POINT('',(0.0471076979527382,0.0122212911235232,-0.231861707945276));
#2277=CARTESIAN_POINT('',(0.0448499826213829,0.00811395467366903,-0.231108122529375));
#2278=CARTESIAN_POINT('',(0.0471076968269803,0.0122212916145479,-0.231700095898019));
#2279=CARTESIAN_POINT('',(0.0471076968269803,0.0122212916145479,-0.231753966580438));
#2280=CARTESIAN_POINT('',(0.0471076968269803,0.0122212916145479,-0.231807837262857));
#2281=CARTESIAN_POINT('',(0.0471076968269803,0.0122212916145479,-0.231861707945276));
#2282=CARTESIAN_POINT('',(0.0471059345244422,0.0122220601851209,-0.231700095898019));
#2283=CARTESIAN_POINT('',(0.0471076968566035,0.0122212916194667,-0.229887202893353));
#2284=CARTESIAN_POINT('',(0.0471076968566035,0.0122212916194667,-0.230491468595568));
#2285=CARTESIAN_POINT('',(0.0471076968566035,0.0122212916194667,-0.231095734297784));
#2286=CARTESIAN_POINT('',(0.0471076968566035,0.0122212916194667,-0.231699999999999));
#2287=CARTESIAN_POINT('',(0.0471076968511389,0.0122212916116079,-0.229887202894877));
#2288=CARTESIAN_POINT('',(0.0471076968478196,0.0122212916180081,-0.228889316479881));
#2289=CARTESIAN_POINT('',(0.0471076968478196,0.0122212916180081,-0.229221945284372));
#2290=CARTESIAN_POINT('',(0.0471076968478196,0.0122212916180081,-0.229554574088862));
#2291=CARTESIAN_POINT('',(0.0471076968478196,0.0122212916180081,-0.229887202893353));
#2292=CARTESIAN_POINT('',(0.0471076960320055,0.0122212906674628,-0.228889316479882));
#2293=CARTESIAN_POINT('',(0.0471076925296426,0.0122212909009868,-0.228889316479981));
#2294=CARTESIAN_POINT('',(0.0471076953464541,0.0122212913687128,-0.228987461229876));
#2295=CARTESIAN_POINT('',(0.04712106972234,0.0122238604705923,-0.229185701608086));
#2296=CARTESIAN_POINT('',(0.0473419099552594,0.012256466123387,-0.229522965607503));
#2297=CARTESIAN_POINT('',(0.0478033524454413,0.0122735265721043,-0.229721473822844));
#2298=CARTESIAN_POINT('',(0.0483724205015949,0.012178133126245,-0.229797418792501));
#2299=CARTESIAN_POINT('',(0.0489196643688822,0.011973019086654,-0.229817866818413));
#2300=CARTESIAN_POINT('',(0.0494099416977764,0.0116699444188602,-0.229797421971674));
#2301=CARTESIAN_POINT('',(0.049836383524301,0.0112778195443512,-0.229721911762947));
#2302=CARTESIAN_POINT('',(0.0501062593841421,0.0109011729294634,-0.229520827785591));
#2303=CARTESIAN_POINT('',(0.0502144590247314,0.0107090930212089,-0.229182365623331));
#2304=CARTESIAN_POINT('',(0.0502201395859469,0.0106979148313424,-0.22898465303772));
#2305=CARTESIAN_POINT('',(0.0502201395859722,0.0106979148312958,-0.228887202893354));
#2306=CARTESIAN_POINT('',(0.0502201386770523,0.0106979164089551,-0.228887202893354));
#2307=CARTESIAN_POINT('',(0.0502201373830084,0.0106979189032643,-0.2317));
#2308=CARTESIAN_POINT('',(0.0502199055376635,0.0106980445631742,-0.232985616483266));
#2309=CARTESIAN_POINT('',(0.0466348303370156,0.00645447892866869,-0.231699999999974));
#2310=CARTESIAN_POINT('',(0.0467434051103453,0.00641751063696652,-0.231736877599221));
#2311=CARTESIAN_POINT('',(0.0469314346763604,0.00636447217157261,-0.231801266560696));
#2312=CARTESIAN_POINT('',(0.04722324177282,0.00631509383824658,-0.231901676720246));
#2313=CARTESIAN_POINT('',(0.0474394289173737,0.00629803479878951,-0.231976477181668));
#2314=CARTESIAN_POINT('',(0.0475908890071807,0.00629368788005369,-0.232029196360654));
#2315=CARTESIAN_POINT('',(0.0478683014730933,0.00630217497621891,-0.232126189241554));
#2316=CARTESIAN_POINT('',(0.0481153560717801,0.00633774146756457,-0.232213172041275));
#2317=CARTESIAN_POINT('',(0.0482801977871712,0.00637416076710276,-0.23227211484664));
#2318=CARTESIAN_POINT('',(0.0483394017238361,0.00638919897539866,-0.232293420632156));
#2319=CARTESIAN_POINT('',(0.0483692595292019,0.00639717341184105,-0.232304149251724));
#2320=CARTESIAN_POINT('',(0.0483581862601962,0.00639401715351724,-0.232300202617213));
#2321=CARTESIAN_POINT('',(0.0484422753255191,0.00641733464352296,-0.232330263011616));
#2322=CARTESIAN_POINT('',(0.0485194883225312,0.00644126529188097,-0.232357880353853));
#2323=CARTESIAN_POINT('',(0.0486663034976028,0.00649125694218601,-0.232410437834433));
#2324=CARTESIAN_POINT('',(0.0489329130668416,0.0066028469109769,-0.232506228635233));
#2325=CARTESIAN_POINT('',(0.0492734217668202,0.00679818420267829,-0.232630180988669));
#2326=CARTESIAN_POINT('',(0.0495465866467067,0.00701367832844154,-0.232731916259527));
#2327=CARTESIAN_POINT('',(0.0497373525834196,0.0071989182725758,-0.232803703609488));
#2328=CARTESIAN_POINT('',(0.0498463358488231,0.00731587025000007,-0.232844750584372));
#2329=CARTESIAN_POINT('',(0.0500074327533172,0.00751569945755293,-0.232905154551423));
#2330=CARTESIAN_POINT('',(0.0501762937595246,0.00776778863692334,-0.232968619723917));
#2331=CARTESIAN_POINT('',(0.0504239132825199,0.00824702830618485,-0.233062272399922));
#2332=CARTESIAN_POINT('',(0.0506759885664314,0.0092243675154664,-0.233160920957082));
#2333=CARTESIAN_POINT('',(0.050514041242731,0.0101547651087555,-0.233097301235788));
#2334=CARTESIAN_POINT('',(0.0502200289616395,0.0106981192914226,-0.232985655138817));
#2335=CARTESIAN_POINT('',(0.046634815544427,0.00645443502542431,-0.231699999797428));
#2336=CARTESIAN_POINT('',(0.0466348303370278,0.00645447892866453,-0.229429467918126));
#2337=CARTESIAN_POINT('',(0.0466348303370278,0.00645447892866453,-0.230186311877893));
#2338=CARTESIAN_POINT('',(0.0466348303370278,0.00645447892866453,-0.230943155837661));
#2339=CARTESIAN_POINT('',(0.0466348303370278,0.00645447892866453,-0.231699999797428));
#2340=CARTESIAN_POINT('',(0.046634815397611,0.00645443507546375,-0.229429467918126));
#2341=CARTESIAN_POINT('',(0.0466348303370278,0.00645447892866454,-0.229429488283897));
#2342=CARTESIAN_POINT('',(0.0463922466535841,0.00653707550332537,-0.229430300576564));
#2343=CARTESIAN_POINT('',(0.0459325518132276,0.00676310726472975,-0.229430220178432));
#2344=CARTESIAN_POINT('',(0.0454470554294429,0.00718241362636491,-0.229414497192312));
#2345=CARTESIAN_POINT('',(0.0451340962468063,0.00758042037199582,-0.229312013994767));
#2346=CARTESIAN_POINT('',(0.04495464509489,0.0078814530928074,-0.229141548737466));
#2347=CARTESIAN_POINT('',(0.0448570838597662,0.00809490134151498,-0.228814694444705));
#2348=CARTESIAN_POINT('',(0.0448498385710994,0.00811399938343332,-0.228558534587444));
#2349=CARTESIAN_POINT('',(0.0448498385709221,0.00811399938385137,-0.228431099897138));
#2350=CARTESIAN_POINT('',(0.0448498376547908,0.00811400374566259,-0.228431099897138));
#2351=CARTESIAN_POINT('',(0.0448498345342984,0.008114008904971,-0.22943107441453));
#2352=CARTESIAN_POINT('',(0.0448498345342984,0.008114008904971,-0.229097749575399));
#2353=CARTESIAN_POINT('',(0.0448498345342984,0.008114008904971,-0.228764424736268));
#2354=CARTESIAN_POINT('',(0.0448498345342984,0.008114008904971,-0.228431099897137));
#2355=CARTESIAN_POINT('',(0.0448498345294009,0.00811400890543486,-0.22943107441453));
#2356=CARTESIAN_POINT('',(0.0448498345306427,0.00811400891359374,-0.231022882678155));
#2357=CARTESIAN_POINT('',(0.0448498345306427,0.00811400891359374,-0.230492279923613));
#2358=CARTESIAN_POINT('',(0.0448498345306427,0.00811400891359374,-0.229961677169072));
#2359=CARTESIAN_POINT('',(0.0448498345306427,0.00811400891359374,-0.22943107441453));
#2360=CARTESIAN_POINT('',(0.0448498344648754,0.00811400904749994,-0.231022882678155));
#2361=CARTESIAN_POINT('',(0.044849834530698,0.00811400891357381,-0.231022883697958));
#2362=CARTESIAN_POINT('',(0.0448501315953667,0.00811390202880299,-0.231051295882106));
#2363=CARTESIAN_POINT('',(0.0448501317319263,0.00811390197815302,-0.231079709211004));
#2364=CARTESIAN_POINT('',(0.0448501256516569,0.00811390416591318,-0.231108122563872));
#2365=CARTESIAN_POINT('',(0.04759634871771,0.00927842981818436,-0.24155));
#2366=CARTESIAN_POINT('',(0.04759634871771,0.00927842981818437,-0.24155));
#2367=CARTESIAN_POINT('',(0.0343663702318978,0.01,-0.221298213764163));
#2368=CARTESIAN_POINT('',(0.0343663702318978,0.01,-0.234722911921136));
#2369=CARTESIAN_POINT('',(0.044803901526543,0.01,-0.221298213764163));
#2370=CARTESIAN_POINT('',(0.044803901526543,0.01,-0.234722911921136));
#2371=CARTESIAN_POINT('',(0.0552414328211882,0.00439149858421845,-0.221298213764163));
#2372=CARTESIAN_POINT('',(0.0552414328211882,0.00439149858421845,-0.234722911921136));
#2373=CARTESIAN_POINT('',(0.0656789641158335,-0.00682550424734467,-0.221298213764163));
#2374=CARTESIAN_POINT('',(0.0656789641158335,-0.00682550424734467,-0.234722911921136));
#2375=CARTESIAN_POINT('',(0.0486630164096873,0.0064924946986701,-0.22843107441453));
#2376=CARTESIAN_POINT('',(0.0473919579862339,0.007116171623051,-0.228431074414522));
#2377=CARTESIAN_POINT('',(0.0461208995627805,0.00765667556423119,-0.228431074414513));
#2378=CARTESIAN_POINT('',(0.0448498411393271,0.00811400652221067,-0.228431074414505));
#2379=CARTESIAN_POINT('',(0.0486630164096873,0.00649249469867011,-0.22843107441453));
#2380=CARTESIAN_POINT('',(0.0487389884796063,0.00645511803716925,-0.22843107441453));
#2381=CARTESIAN_POINT('',(0.0487136644562999,0.00646760993974368,-0.22843107441453));
#2382=CARTESIAN_POINT('',(0.0486883404329936,0.00648006882691063,-0.22843107441453));
#2383=CARTESIAN_POINT('',(0.0486630164096873,0.0064924946986701,-0.22843107441453));
#2384=CARTESIAN_POINT('',(0.0487389944634816,0.00645511720181061,-0.228431093997567));
#2385=CARTESIAN_POINT('',(0.0487390089123076,0.00645510795806402,-0.229430443045254));
#2386=CARTESIAN_POINT('',(0.0487390089123076,0.00645510795806402,-0.229097326696025));
#2387=CARTESIAN_POINT('',(0.0487390089123076,0.00645510795806402,-0.228764210346795));
#2388=CARTESIAN_POINT('',(0.0487390089123076,0.00645510795806402,-0.228431093997566));
#2389=CARTESIAN_POINT('',(0.0487390143707686,0.00645512222854124,-0.229430443045254));
#2390=CARTESIAN_POINT('',(0.0487390187647752,0.00645512793156463,-0.22942907441453));
#2391=CARTESIAN_POINT('',(0.0487390097721014,0.00645511847308628,-0.231699972581452));
#2392=CARTESIAN_POINT('',(0.0487389972835037,0.0064551136943576,-0.231699969643123));
#2393=CARTESIAN_POINT('',(0.0488089146976452,0.00642062462245362,-0.23145889500897));
#2394=CARTESIAN_POINT('',(0.0490562271271354,0.00629840958390953,-0.231020077566408));
#2395=CARTESIAN_POINT('',(0.0498784608013248,0.00587652315568161,-0.230547069177681));
#2396=CARTESIAN_POINT('',(0.0505528421249955,0.00550703849846867,-0.230617963767475));
#2397=CARTESIAN_POINT('',(0.0509793912250192,0.00526383062111011,-0.230712178578254));
#2398=CARTESIAN_POINT('',(0.0509793915477469,0.00526383056434312,-0.230712176910415));
#2399=CARTESIAN_POINT('',(0.0656789641158335,-0.00682550424734467,-0.234643318849059));
#2400=CARTESIAN_POINT('',(0.063512724738654,-0.00449749079840466,-0.233909211242702));
#2401=CARTESIAN_POINT('',(0.0589582996111148,-7.67866360326861E-5,-0.232574590942362));
#2402=CARTESIAN_POINT('',(0.0537681457326754,0.00367375085682365,-0.231328109687154));
#2403=CARTESIAN_POINT('',(0.0509793919143079,0.00526383022809454,-0.230712174382698));
#2404=CARTESIAN_POINT('',(0.0656789641158335,-0.00682550424734467,-0.234643318849059));
#2405=CARTESIAN_POINT('',(0.0656789641158335,-0.00682550424734467,-0.211425763581864));
#2406=CARTESIAN_POINT('',(0.0656789641158335,-0.00682550424734467,-0.224938183903402));
#2407=CARTESIAN_POINT('',(0.0656789641158335,-0.00682550424734467,-0.224938183903402));
#2408=CARTESIAN_POINT('',(0.0636121102227644,-0.00460429835904447,-0.224417566420541));
#2409=CARTESIAN_POINT('',(0.0603600008239254,-0.00143100198133818,-0.223687948258898));
#2410=CARTESIAN_POINT('',(0.0555682322735206,0.0023644527525429,-0.222848329565313));
#2411=CARTESIAN_POINT('',(0.0517747435865751,0.00488567487277964,-0.222310758376847));
#2412=CARTESIAN_POINT('',(0.0477592282135981,0.00702226958635992,-0.221879692303864));
#2413=CARTESIAN_POINT('',(0.0419828631353078,0.00926220812095696,-0.221473299043953));
#2414=CARTESIAN_POINT('',(0.0374675789807055,0.01,-0.221413056725064));
#2415=CARTESIAN_POINT('',(0.0343663702318978,0.01,-0.2215));
#2416=CARTESIAN_POINT('',(0.0343663702318978,0.01,-0.2215));
#2417=CARTESIAN_POINT('',(0.0343663702318978,0.01,-0.211425763581864));
#2418=CARTESIAN_POINT('',(0.0343663702318978,0.01,-0.2275));
#2419=CARTESIAN_POINT('',(0.0430246462923137,0.0087135501657685,-0.229074113184399));
#2420=CARTESIAN_POINT('',(0.0402085919160718,0.0095503709509282,-0.228530968042716));
#2421=CARTESIAN_POINT('',(0.0373254417528838,0.01,-0.228008771378302));
#2422=CARTESIAN_POINT('',(0.0343663702318978,0.01,-0.2275));
#2423=CARTESIAN_POINT('',(0.0430246472310725,0.00871355000512923,-0.229074108069703));
#2424=CARTESIAN_POINT('',(0.0430246477562189,0.00871354973075334,-0.22907410464048));
#2425=CARTESIAN_POINT('',(0.0434967018644443,0.00857327376179307,-0.229165147618078));
#2426=CARTESIAN_POINT('',(0.0444294215909834,0.00826869840244505,-0.229542474427395));
#2427=CARTESIAN_POINT('',(0.0448445956041119,0.00811589388166525,-0.230521827656093));
#2428=CARTESIAN_POINT('',(0.0448498345267515,0.00811400890143614,-0.231022882676958));
#2429=CARTESIAN_POINT('',(0.0343663702318978,0.0150377186990054,-0.2275));
#2430=CARTESIAN_POINT('',(0.0343663702318978,0.00867583146676312,-0.2275));
#2431=CARTESIAN_POINT('',(0.0381219551898346,0.0150377186990054,-0.228145720835684));
#2432=CARTESIAN_POINT('',(0.0381219551898346,0.00867583146676312,-0.228145720835684));
#2433=CARTESIAN_POINT('',(0.041626671928028,0.0150377186990054,-0.228791441671367));
#2434=CARTESIAN_POINT('',(0.041626671928028,0.00867583146676312,-0.228791441671367));
#2435=CARTESIAN_POINT('',(0.044880520446478,0.0150377186990054,-0.229437162507051));
#2436=CARTESIAN_POINT('',(0.044880520446478,0.00867583146676312,-0.229437162507051));
#2437=CARTESIAN_POINT('',(0.0343663702318978,0.0563,-0.2275));
#2438=CARTESIAN_POINT('',(0.0343663702318978,0.015,-0.2275));
#2439=CARTESIAN_POINT('',(0.0448222737213222,0.0131287284813617,-0.229425608853927));
#2440=CARTESIAN_POINT('',(0.0414628518898345,0.0143311860975233,-0.228759549723552));
#2441=CARTESIAN_POINT('',(0.0379589589385159,0.015,-0.228117695887029));
#2442=CARTESIAN_POINT('',(0.0343663702318978,0.015,-0.2275));
#2443=CARTESIAN_POINT('',(0.0448222744533263,0.0131287282454283,-0.229425604735958));
#2444=CARTESIAN_POINT('',(0.0430246462473306,0.0087135501929355,-0.229074113175723));
#2445=CARTESIAN_POINT('',(0.0429757944434631,0.00913418762426043,-0.22906469090741));
#2446=CARTESIAN_POINT('',(0.0429816988216137,0.0099578430003361,-0.229065825286918));
#2447=CARTESIAN_POINT('',(0.043315091469048,0.0111775466368744,-0.229130149217121));
#2448=CARTESIAN_POINT('',(0.0439268015741106,0.0122702337493953,-0.229249038670639));
#2449=CARTESIAN_POINT('',(0.0444968473791598,0.0128624101958147,-0.229361087874783));
#2450=CARTESIAN_POINT('',(0.0448222735648818,0.0131287283409123,-0.22942560882291));
#2451=CARTESIAN_POINT('',(0.0502740374334445,0.015188868404186,-0.230557447428994));
#2452=CARTESIAN_POINT('',(0.0502740374334445,-0.0166669357685155,-0.230557447428994));
#2453=CARTESIAN_POINT('',(0.08996385984535,0.015188868404186,-0.239204964952663));
#2454=CARTESIAN_POINT('',(0.08996385984535,-0.0166669357685155,-0.239204964952663));
#2455=CARTESIAN_POINT('',(0.0846613041115011,0.015188868404186,-0.247852482476331));
#2456=CARTESIAN_POINT('',(0.0846613041115011,-0.0166669357685155,-0.247852482476331));
#2457=CARTESIAN_POINT('',(0.0343663702318978,0.015188868404186,-0.2565));
#2458=CARTESIAN_POINT('',(0.0343663702318978,-0.0166669357685155,-0.2565));
#2459=CARTESIAN_POINT('',(0.0656789641158335,-0.00178231105506406,-0.234643318849059));
#2460=CARTESIAN_POINT('',(0.0618834406018269,0.00228618971909556,-0.23335707010338));
#2461=CARTESIAN_POINT('',(0.057754937899503,0.00601946948998579,-0.232262623844233));
#2462=CARTESIAN_POINT('',(0.0530270864621349,0.00903967017212658,-0.231173878898397));
#2463=CARTESIAN_POINT('',(0.0656789641158335,-0.00178231105506406,-0.234643318849059));
#2464=CARTESIAN_POINT('',(0.0530270864324961,0.00903966982802141,-0.231173878072547));
#2465=CARTESIAN_POINT('',(0.0656789641158335,-0.00178231105506406,-0.234643318849059));
#2466=CARTESIAN_POINT('',(0.0666221045326553,-0.00279328292806662,-0.234962935674949));
#2467=CARTESIAN_POINT('',(0.0680623092012865,-0.00426847354046328,-0.235480742566252));
#2468=CARTESIAN_POINT('',(0.0700295649465597,-0.00613449716738611,-0.236293205221577));
#2469=CARTESIAN_POINT('',(0.0715295609678123,-0.00748070511425758,-0.236986711212338));
#2470=CARTESIAN_POINT('',(0.0730323788285583,-0.00875194535369478,-0.237792086384003));
#2471=CARTESIAN_POINT('',(0.0742711819899662,-0.00973575933589207,-0.238604805628943));
#2472=CARTESIAN_POINT('',(0.0752113614746858,-0.0104475990865725,-0.239405648085268));
#2473=CARTESIAN_POINT('',(0.0758552436610377,-0.0109200416613623,-0.240109480820624));
#2474=CARTESIAN_POINT('',(0.0763839114664449,-0.0112965611488323,-0.240969907310774));
#2475=CARTESIAN_POINT('',(0.0766151447325736,-0.0114577877942111,-0.242036516532614));
#2476=CARTESIAN_POINT('',(0.0763530701432668,-0.0112749071166583,-0.243099377060392));
#2477=CARTESIAN_POINT('',(0.0758108452707219,-0.0108879423254042,-0.243946579066102));
#2478=CARTESIAN_POINT('',(0.0751607956689418,-0.0104098870012434,-0.24464195841629));
#2479=CARTESIAN_POINT('',(0.0742176825622046,-0.00969410902420002,-0.245433338599254));
#2480=CARTESIAN_POINT('',(0.0729853168406078,-0.00871308605640714,-0.24623483577662));
#2481=CARTESIAN_POINT('',(0.0714984505122682,-0.00745325915379882,-0.247028205781476));
#2482=CARTESIAN_POINT('',(0.0700141468245562,-0.00612011539051234,-0.247713361847009));
#2483=CARTESIAN_POINT('',(0.0680509541943355,-0.00425713508311712,-0.248523514338953));
#2484=CARTESIAN_POINT('',(0.066617342292611,-0.002788178183692,-0.249038678180231));
#2485=CARTESIAN_POINT('',(0.0656789641158335,-0.00178231105506408,-0.249356681150941));
#2486=CARTESIAN_POINT('',(0.0656789641158335,-0.00178231105506406,-0.249356681150941));
#2487=CARTESIAN_POINT('',(0.0343663702318978,0.015,-0.2565));
#2488=CARTESIAN_POINT('',(0.0359109352340249,0.015,-0.256234433433111));
#2489=CARTESIAN_POINT('',(0.0389561480624092,0.0147564198926001,-0.255696379265787));
#2490=CARTESIAN_POINT('',(0.0434357559504316,0.0137029111387781,-0.254855819663261));
#2491=CARTESIAN_POINT('',(0.0477250858259498,0.0120435545856332,-0.253995357407229));
#2492=CARTESIAN_POINT('',(0.0530770686984571,0.00921407633180483,-0.252841964445956));
#2493=CARTESIAN_POINT('',(0.0592650794218037,0.00466484324744661,-0.251339650053568));
#2494=CARTESIAN_POINT('',(0.0636096736687034,0.000435804510559843,-0.250057934148649));
#2495=CARTESIAN_POINT('',(0.0656789641158334,-0.00178231105506407,-0.249356681150941));
#2496=CARTESIAN_POINT('',(0.0343663702318978,0.015,-0.2565));
#2497=CARTESIAN_POINT('',(0.0343663702318978,0.0563,-0.2565));
#2498=CARTESIAN_POINT('',(0.0343663702318978,0.01,-0.2565));
#2499=CARTESIAN_POINT('',(0.0343663702318978,0.01,-0.2565));
#2500=CARTESIAN_POINT('',(0.0359119631737334,0.01,-0.25623425669311));
#2501=CARTESIAN_POINT('',(0.0389589533793842,0.00975548133161123,-0.255695878503826));
#2502=CARTESIAN_POINT('',(0.0434407861164177,0.00869808910224835,-0.254854852666537));
#2503=CARTESIAN_POINT('',(0.0477310890265776,0.00703321613235119,-0.253994114391266));
#2504=CARTESIAN_POINT('',(0.0530832306164758,0.00419520165938069,-0.252840551594057));
#2505=CARTESIAN_POINT('',(0.0592692744112614,-0.000365631482635323,-0.251338487545121));
#2506=CARTESIAN_POINT('',(0.0636110735583223,-0.00460318427682972,-0.250057459746037));
#2507=CARTESIAN_POINT('',(0.0656789641158334,-0.00682550424734467,-0.249356681150941));
#2508=CARTESIAN_POINT('',(0.0656789641158335,-0.00682550424734467,-0.249356681150941));
#2509=CARTESIAN_POINT('',(0.0656789641158334,-0.00682550424734467,-0.249356681150941));
#2510=CARTESIAN_POINT('',(0.066621819296857,-0.00783877155517267,-0.249037160987392));
#2511=CARTESIAN_POINT('',(0.0680616718420111,-0.00931742366656982,-0.248519493266568));
#2512=CARTESIAN_POINT('',(0.0700286754504025,-0.0111880660793057,-0.247707178706754));
#2513=CARTESIAN_POINT('',(0.0715286018485843,-0.012537727367253,-0.247013765076703));
#2514=CARTESIAN_POINT('',(0.0730315871420512,-0.0138124287371363,-0.246208378542219));
#2515=CARTESIAN_POINT('',(0.0742706094684154,-0.0147989815269326,-0.245395638717748));
#2516=CARTESIAN_POINT('',(0.0752112328623334,-0.0155130009441993,-0.244594491153556));
#2517=CARTESIAN_POINT('',(0.0758554780487603,-0.0159869263689324,-0.243890311549347));
#2518=CARTESIAN_POINT('',(0.0763845764498557,-0.0163647113986721,-0.243028812890948));
#2519=CARTESIAN_POINT('',(0.0766152083258503,-0.0165259270535251,-0.241961399762297));
#2520=CARTESIAN_POINT('',(0.0763519705090846,-0.016341759337001,-0.240898059631343));
#2521=CARTESIAN_POINT('',(0.0758088514129959,-0.0159531233827672,-0.240050938081253));
#2522=CARTESIAN_POINT('',(0.0751587734564915,-0.0154737737703995,-0.239356145299611));
#2523=CARTESIAN_POINT('',(0.0742147655595736,-0.0147553908849104,-0.238564545047889));
#2524=CARTESIAN_POINT('',(0.0729834923861809,-0.0137725961017626,-0.237764161812369));
#2525=CARTESIAN_POINT('',(0.0714966275894694,-0.0125094579672001,-0.23697088056931));
#2526=CARTESIAN_POINT('',(0.0700122994916952,-0.011172760925601,-0.23628584019917));
#2527=CARTESIAN_POINT('',(0.0680494451786715,-0.00930517951532994,-0.235475924814114));
#2528=CARTESIAN_POINT('',(0.066616839586781,-0.00783341996192272,-0.234961151459938));
#2529=CARTESIAN_POINT('',(0.0656789641158334,-0.00682550424734467,-0.234643318849059));
#2530=CARTESIAN_POINT('',(0.0530223477585177,0.0090399171637974,-0.231172787709367));
#2531=CARTESIAN_POINT('',(0.053003690793649,0.00866353237721398,-0.231168491756053));
#2532=CARTESIAN_POINT('',(0.0528888828177575,0.00793642140037357,-0.231142025219328));
#2533=CARTESIAN_POINT('',(0.0523131730641359,0.00653594551880298,-0.231010256841563));
#2534=CARTESIAN_POINT('',(0.0515922548104008,0.00571130323920707,-0.230847533729922));
#2535=CARTESIAN_POINT('',(0.0509793921752908,0.0052638306848716,-0.23071217444034));
#2536=CARTESIAN_POINT('',(0.0987,0.0563,-0.242));
#2537=CARTESIAN_POINT('',(0.0987,-0.0185646221101281,-0.242));
#2538=CARTESIAN_POINT('',(0.0972,-0.0185646221101281,-0.242));
#2539=CARTESIAN_POINT('',(0.0987,-0.0236510084946893,-0.242));
#2540=CARTESIAN_POINT('',(0.0972,-0.0236510084946893,-0.242));
#2541=CARTESIAN_POINT('',(0.0343663702318978,0.01,-0.249277296916204));
#2542=CARTESIAN_POINT('',(0.0343663702318978,0.01,-0.262666771175101));
#2543=CARTESIAN_POINT('',(0.044803901526543,0.01,-0.249277296916204));
#2544=CARTESIAN_POINT('',(0.044803901526543,0.01,-0.262666771175101));
#2545=CARTESIAN_POINT('',(0.0552414328211882,0.00439149858421845,-0.249277296916204));
#2546=CARTESIAN_POINT('',(0.0552414328211882,0.00439149858421845,-0.262666771175101));
#2547=CARTESIAN_POINT('',(0.0656789641158335,-0.00682550424734467,-0.249277296916204));
#2548=CARTESIAN_POINT('',(0.0656789641158335,-0.00682550424734467,-0.262666771175101));
#2549=CARTESIAN_POINT('',(0.0343663702318978,0.01,-0.211425763581864));
#2550=CARTESIAN_POINT('',(0.0343663702318978,0.01,-0.2625));
#2551=CARTESIAN_POINT('',(0.0656789641158335,-0.00682550424734467,-0.259061816096599));
#2552=CARTESIAN_POINT('',(0.063612226668483,-0.00460442350089251,-0.259582404248079));
#2553=CARTESIAN_POINT('',(0.0603544983218408,-0.00142597479964555,-0.260313193242238));
#2554=CARTESIAN_POINT('',(0.0555683598008241,0.00236376657376465,-0.261151494134929));
#2555=CARTESIAN_POINT('',(0.0517933372926196,0.00487391578709725,-0.26168676342068));
#2556=CARTESIAN_POINT('',(0.0477976448003754,0.00700263304872263,-0.262116388458016));
#2557=CARTESIAN_POINT('',(0.0434945426994915,0.00868255096046982,-0.262422032515991));
#2558=CARTESIAN_POINT('',(0.0389826109625772,0.00975322013388617,-0.262566845380238));
#2559=CARTESIAN_POINT('',(0.0359201678989818,0.01,-0.262543561162342));
#2560=CARTESIAN_POINT('',(0.0343663702318978,0.01,-0.2625));
#2561=CARTESIAN_POINT('',(0.0656789641158335,-0.00682550424734467,-0.259061816096599));
#2562=CARTESIAN_POINT('',(0.0656789641158335,-0.00682550424734467,-0.211425763581864));
#2563=CARTESIAN_POINT('',(0.0656789641158335,-0.00682550424734467,-0.224733442110242));
#2564=CARTESIAN_POINT('',(0.0656789641158335,-0.00682550424734467,-0.259266557889758));
#2565=CARTESIAN_POINT('',(0.0761164954104787,-0.0180425070789078,-0.224733442110242));
#2566=CARTESIAN_POINT('',(0.0761164954104787,-0.0180425070789078,-0.259266557889758));
#2567=CARTESIAN_POINT('',(0.0865540267051239,-0.0236510084946893,-0.224733442110242));
#2568=CARTESIAN_POINT('',(0.0865540267051239,-0.0236510084946893,-0.259266557889758));
#2569=CARTESIAN_POINT('',(0.0969915579997691,-0.0236510084946893,-0.224733442110242));
#2570=CARTESIAN_POINT('',(0.0969915579997691,-0.0236510084946893,-0.259266557889758));
#2571=CARTESIAN_POINT('',(0.0969915579997691,-0.0236510084946894,-0.246015240365405));
#2572=CARTESIAN_POINT('',(0.0955850571436833,-0.0236510084946893,-0.246863716640524));
#2573=CARTESIAN_POINT('',(0.0927648943270957,-0.0234474666166446,-0.248482935999899));
#2574=CARTESIAN_POINT('',(0.0885050452938921,-0.0225197060891826,-0.250696241937985));
#2575=CARTESIAN_POINT('',(0.0842661015860785,-0.0209703590076506,-0.252678981481406));
#2576=CARTESIAN_POINT('',(0.0788718430365084,-0.0182307570242837,-0.254947278592132));
#2577=CARTESIAN_POINT('',(0.0724486436582922,-0.0136189792546189,-0.257223357312226));
#2578=CARTESIAN_POINT('',(0.0678740810856666,-0.00918455185842712,-0.25850889057281));
#2579=CARTESIAN_POINT('',(0.0656789641158334,-0.00682550424734467,-0.259061816096599));
#2580=CARTESIAN_POINT('',(0.0969915579997691,-0.0236510084946893,-0.246015240365405));
#2581=CARTESIAN_POINT('',(0.0969915579997691,-0.0236510084946893,-0.211425763581864));
#2582=CARTESIAN_POINT('',(0.0969915579997691,-0.0236510084946893,-0.237984759634595));
#2583=CARTESIAN_POINT('',(0.0656789641158335,-0.00682550424734467,-0.224938183903402));
#2584=CARTESIAN_POINT('',(0.0678764045491531,-0.00918704883743203,-0.225491694681772));
#2585=CARTESIAN_POINT('',(0.0713304364060806,-0.0125314104471417,-0.226463316969346));
#2586=CARTESIAN_POINT('',(0.076326910196247,-0.0164066639448301,-0.228150243369826));
#2587=CARTESIAN_POINT('',(0.080209775990569,-0.0189071711565992,-0.229616224247959));
#2588=CARTESIAN_POINT('',(0.0842545489986118,-0.0209665915926699,-0.231315477181314));
#2589=CARTESIAN_POINT('',(0.0899307181262372,-0.0230396434943718,-0.233971079850726));
#2590=CARTESIAN_POINT('',(0.0941733565896803,-0.0236510084946893,-0.236284670349458));
#2591=CARTESIAN_POINT('',(0.0969915579997691,-0.0236510084946893,-0.237984759634595));
#2592=CARTESIAN_POINT('',(0.0990957789998845,-0.0236510084946893,-0.211425763581864));
#2593=CARTESIAN_POINT('',(0.0375891618767589,-0.0236510084946893,-0.147545167069785));
#2594=CARTESIAN_POINT('',(0.100058018624961,-0.0236510084946893,-0.244098996287338));
#2595=CARTESIAN_POINT('',(0.0987,-0.0236510084946893,-0.242));
#2596=CARTESIAN_POINT('',(0.100058018624961,-0.0236510084946893,-0.239901003712662));
#2597=CARTESIAN_POINT('',(0.0375891618767583,-0.0236510084946893,-0.336454832930216));
#2598=CARTESIAN_POINT('',(0.0990957789998845,-0.0185646221101281,-0.211425763581864));
#2599=CARTESIAN_POINT('',(0.0375891618767589,-0.0185646221101281,-0.147545167069785));
#2600=CARTESIAN_POINT('',(0.100058018624961,-0.0185646221101281,-0.244098996287338));
#2601=CARTESIAN_POINT('',(0.0969915579997691,-0.0185646221101281,-0.246015240365405));
#2602=CARTESIAN_POINT('',(0.0969915579997691,-0.0185646221101281,-0.211425763581864));
#2603=CARTESIAN_POINT('',(0.0969915579997691,-0.0185646221101281,-0.237984759634595));
#2604=CARTESIAN_POINT('',(0.0375891618767583,-0.0185646221101281,-0.336454832930216));
#2605=CARTESIAN_POINT('',(0.100058018624961,-0.0185646221101281,-0.239901003712662));
#2606=CARTESIAN_POINT('',(0.0987,-0.0185646221101281,-0.242));
#2607=CARTESIAN_POINT('',(0.0969915579997691,-0.0185646221101281,-0.224733442110242));
#2608=CARTESIAN_POINT('',(0.0969915579997691,-0.0185646221101281,-0.259266557889758));
#2609=CARTESIAN_POINT('',(0.0865540267051239,-0.0185646221101281,-0.224733442110242));
#2610=CARTESIAN_POINT('',(0.0865540267051239,-0.0185646221101281,-0.259266557889758));
#2611=CARTESIAN_POINT('',(0.0761164954104787,-0.0129705184251068,-0.224733442110242));
#2612=CARTESIAN_POINT('',(0.0761164954104787,-0.0129705184251068,-0.259266557889758));
#2613=CARTESIAN_POINT('',(0.0656789641158335,-0.00178231105506406,-0.224733442110242));
#2614=CARTESIAN_POINT('',(0.0656789641158335,-0.00178231105506406,-0.259266557889758));
#2615=CARTESIAN_POINT('',(0.0656789641158335,-0.00178231105506406,-0.211425763581864));
#2616=CARTESIAN_POINT('',(0.0656789641158335,-0.00178231105506406,-0.224938183903402));
#2617=CARTESIAN_POINT('',(0.0969915579997691,-0.0185646221101281,-0.237984759634595));
#2618=CARTESIAN_POINT('',(0.0955859288714104,-0.0185646221101281,-0.237136809232099));
#2619=CARTESIAN_POINT('',(0.0927673766101229,-0.0183618402682447,-0.235518465318408));
#2620=CARTESIAN_POINT('',(0.0885098952512234,-0.0174375424799833,-0.233306182073294));
#2621=CARTESIAN_POINT('',(0.0842721381435317,-0.0158934476731719,-0.231323708812144));
#2622=CARTESIAN_POINT('',(0.0788784316947492,-0.0131623625963428,-0.229055253246765));
#2623=CARTESIAN_POINT('',(0.0724535769606532,-0.0085628079590303,-0.226778114671545));
#2624=CARTESIAN_POINT('',(0.0678757315095516,-0.00413707181705341,-0.22549152515059));
#2625=CARTESIAN_POINT('',(0.0656789641158335,-0.00178231105506406,-0.224938183903402));
#2626=CARTESIAN_POINT('',(0.0656789641158335,-0.00178231105506406,-0.259061816096599));
#2627=CARTESIAN_POINT('',(0.0678780178689003,-0.00413952261329949,-0.258507898940947));
#2628=CARTESIAN_POINT('',(0.0713340848471713,-0.0074769403705192,-0.257535613947007));
#2629=CARTESIAN_POINT('',(0.0763325968700338,-0.0113429488645524,-0.255847739230612));
#2630=CARTESIAN_POINT('',(0.0802161620849965,-0.0138366408204732,-0.254381232672449));
#2631=CARTESIAN_POINT('',(0.0842605231475423,-0.0158896458717104,-0.252681854388526));
#2632=CARTESIAN_POINT('',(0.0899345187871342,-0.0179555460958063,-0.250026913674989));
#2633=CARTESIAN_POINT('',(0.0941751736048548,-0.0185646221101281,-0.247714233530152));
#2634=CARTESIAN_POINT('',(0.0969915579997691,-0.0185646221101281,-0.246015240365405));
#2635=CARTESIAN_POINT('',(0.0656789641158335,-0.00178231105506406,-0.259061816096599));
#2636=CARTESIAN_POINT('',(0.0656789641158335,-0.00178231105506406,-0.211425763581864));
#2637=CARTESIAN_POINT('',(0.0343663702318978,0.015,-0.221319139749813));
#2638=CARTESIAN_POINT('',(0.0343663702318978,0.015,-0.234722787114064));
#2639=CARTESIAN_POINT('',(0.044803901526543,0.015,-0.221319139749813));
#2640=CARTESIAN_POINT('',(0.044803901526543,0.015,-0.234722787114064));
#2641=CARTESIAN_POINT('',(0.0552414328211882,0.00940589631497866,-0.221319139749813));
#2642=CARTESIAN_POINT('',(0.0552414328211882,0.00940589631497866,-0.234722787114064));
#2643=CARTESIAN_POINT('',(0.0656789641158335,-0.00178231105506406,-0.221319139749813));
#2644=CARTESIAN_POINT('',(0.0656789641158335,-0.00178231105506406,-0.234722787114064));
#2645=CARTESIAN_POINT('',(0.0471076965061374,0.0122212917544907,-0.228887202893347));
#2646=CARTESIAN_POINT('',(0.0481451767522047,0.0117687713728208,-0.228887202893349));
#2647=CARTESIAN_POINT('',(0.0491826569982719,0.0112609803371992,-0.228887202893351));
#2648=CARTESIAN_POINT('',(0.0502201372443392,0.0106979186476261,-0.228887202893353));
#2649=CARTESIAN_POINT('',(0.0471058040084837,0.0122221171486732,-0.231700101160943));
#2650=CARTESIAN_POINT('',(0.0470853967161066,0.0122310169268785,-0.231097690639716));
#2651=CARTESIAN_POINT('',(0.0464477638466613,0.0125118216665387,-0.229979862637102));
#2652=CARTESIAN_POINT('',(0.045381371568,0.0129286072758168,-0.229536457622975));
#2653=CARTESIAN_POINT('',(0.0448222749355962,0.0131287280467309,-0.229425601994509));
#2654=CARTESIAN_POINT('',(0.0343663702318978,0.015,-0.211425763581864));
#2655=CARTESIAN_POINT('',(0.0343663702318978,0.015,-0.2215));
#2656=CARTESIAN_POINT('',(0.0343663702318978,0.015,-0.2215));
#2657=CARTESIAN_POINT('',(0.0374654799631275,0.015,-0.221413115571623));
#2658=CARTESIAN_POINT('',(0.0419781300156079,0.0142651529685835,-0.221473165205224));
#2659=CARTESIAN_POINT('',(0.047753040695552,0.0120327338472329,-0.221879147658825));
#2660=CARTESIAN_POINT('',(0.0517687314771588,0.00990240262426169,-0.222310007427101));
#2661=CARTESIAN_POINT('',(0.0555627065022773,0.00738810244038512,-0.222847445470655));
#2662=CARTESIAN_POINT('',(0.0603564066838294,0.00360170516020105,-0.223687179209119));
#2663=CARTESIAN_POINT('',(0.0636106772201642,0.000434728782829627,-0.224417205463141));
#2664=CARTESIAN_POINT('',(0.0656789641158335,-0.00178231105506406,-0.224938183903402));
#2665=CARTESIAN_POINT('',(0.0530224810152277,0.00904261181647919,-0.231172816651164));
#2666=CARTESIAN_POINT('',(0.0527209095661802,0.00923521125029561,-0.231103380068318));
#2667=CARTESIAN_POINT('',(0.0521047071623406,0.00961941062713995,-0.231001792334275));
#2668=CARTESIAN_POINT('',(0.0511653056388742,0.0101744128819806,-0.231196112455417));
#2669=CARTESIAN_POINT('',(0.0504964809542385,0.0105475695457249,-0.231759082841648));
#2670=CARTESIAN_POINT('',(0.0502273049889974,0.0106940614499881,-0.232440137260892));
#2671=CARTESIAN_POINT('',(0.0502196899640873,0.0106981613923215,-0.232803801278085));
#2672=CARTESIAN_POINT('',(0.0502196736923192,0.0106981702230838,-0.232985616483266));
#2673=CARTESIAN_POINT('',(0.0343663702318978,0.015,-0.24927729767951));
#2674=CARTESIAN_POINT('',(0.0343663702318978,0.015,-0.262666643194184));
#2675=CARTESIAN_POINT('',(0.044803901526543,0.015,-0.24927729767951));
#2676=CARTESIAN_POINT('',(0.044803901526543,0.015,-0.262666643194184));
#2677=CARTESIAN_POINT('',(0.0552414328211882,0.00940589631497865,-0.24927729767951));
#2678=CARTESIAN_POINT('',(0.0552414328211882,0.00940589631497865,-0.262666643194184));
#2679=CARTESIAN_POINT('',(0.0656789641158335,-0.00178231105506406,-0.24927729767951));
#2680=CARTESIAN_POINT('',(0.0656789641158335,-0.00178231105506406,-0.262666643194184));
#2681=CARTESIAN_POINT('',(0.0343663702318978,0.015,-0.211425763581864));
#2682=CARTESIAN_POINT('',(0.0343663702318978,0.015,-0.2625));
#2683=CARTESIAN_POINT('',(0.0656789641158335,-0.00178231105506406,-0.259061816096599));
#2684=CARTESIAN_POINT('',(0.0636108094216468,0.000434587073304596,-0.259582761236777));
#2685=CARTESIAN_POINT('',(0.0603512002417576,0.00360644748242755,-0.260313900273786));
#2686=CARTESIAN_POINT('',(0.0555629872920273,0.00738732328667548,-0.261152358344767));
#2687=CARTESIAN_POINT('',(0.0517869950582401,0.00989088943184251,-0.26168756030361));
#2688=CARTESIAN_POINT('',(0.0477911378461901,0.0120132874021681,-0.262116959718898));
#2689=CARTESIAN_POINT('',(0.0434894734304781,0.0136874243566594,-0.262422269322675));
#2690=CARTESIAN_POINT('',(0.0389795718598809,0.0147542097366682,-0.262566850658933));
#2691=CARTESIAN_POINT('',(0.0359190515726238,0.015,-0.262543529865813));
#2692=CARTESIAN_POINT('',(0.0343663702318978,0.015,-0.2625));
#2693=CARTESIAN_POINT('',(0.0375891618767583,0.0563,-0.336454832930216));
#2694=CARTESIAN_POINT('',(0.0343663702318978,0.0563,-0.2215));
#2695=CARTESIAN_POINT('',(0.100058018624961,0.0563,-0.239901003712662));
#2696=CARTESIAN_POINT('',(0.0987,0.0563,-0.242));
#2697=CARTESIAN_POINT('',(0.100058018624961,0.0563,-0.244098996287338));
#2698=CARTESIAN_POINT('',(0.0375891618767589,0.0563,-0.147545167069785));
#2699=CARTESIAN_POINT('',(0.0343663702318978,0.0563,-0.2625));
#2700=CARTESIAN_POINT('',(0.0331163702318978,0.015,-0.2275));
#2701=CARTESIAN_POINT('',(0.0331163702318978,0.015,-0.2215));
#2702=CARTESIAN_POINT('',(0.0318663702318977,0.015,-0.2215));
#2703=CARTESIAN_POINT('',(0.0331163702318978,0.015,-0.2275));
#2704=CARTESIAN_POINT('',(0.0318663702318977,0.015,-0.2275));
#2705=CARTESIAN_POINT('',(0.0318663702318977,0.015,-0.2275));
#2706=CARTESIAN_POINT('',(0.0318663702318977,0.0125,-0.2275));
#2707=CARTESIAN_POINT('',(0.0331163702318978,0.01,-0.2275));
#2708=CARTESIAN_POINT('',(0.0318663702318977,0.01,-0.2275));
#2709=CARTESIAN_POINT('',(0.0318663702318977,0.0125,-0.2275));
#2710=CARTESIAN_POINT('',(0.0318663702318977,0.0125,-0.2275));
#2711=CARTESIAN_POINT('',(0.0318663702318977,0.011,-0.2275));
#2712=CARTESIAN_POINT('',(0.0318663702318977,0.0125,-0.2215));
#2713=CARTESIAN_POINT('',(0.0318663702318977,0.0125,-0.2215));
#2714=CARTESIAN_POINT('',(0.0318663702318977,0.01,-0.2215));
#2715=CARTESIAN_POINT('',(0.0331163702318978,0.01,-0.2215));
#2716=CARTESIAN_POINT('',(0.0318663702318977,0.0125,-0.2215));
#2717=CARTESIAN_POINT('',(0.0318663702318977,0.011,-0.2215));
#2718=CARTESIAN_POINT('',(0.0318663702318977,0.0125,-0.2215));
#2719=CARTESIAN_POINT('',(0.0318663702318977,0.0125,-0.2215));
#2720=CARTESIAN_POINT('',(0.0318663702318977,0.01,-0.2275));
#2721=CARTESIAN_POINT('',(0.0331163702318978,0.01,-0.2275));
#2722=CARTESIAN_POINT('',(0.0318663702318977,0.0125,-0.2625));
#2723=CARTESIAN_POINT('',(0.0318663702318977,0.0125,-0.2565));
#2724=CARTESIAN_POINT('',(0.0318663702318977,0.015,-0.2565));
#2725=CARTESIAN_POINT('',(0.0318663702318977,0.01,-0.2565));
#2726=CARTESIAN_POINT('',(0.0318663702318977,0.015,-0.2565));
#2727=CARTESIAN_POINT('',(0.0318663702318977,0.015,-0.2625));
#2728=CARTESIAN_POINT('',(0.0318663702318977,0.0125,-0.2625));
#2729=CARTESIAN_POINT('',(0.0318663702318977,0.01,-0.2625));
#2730=CARTESIAN_POINT('',(0.0318663702318977,0.01,-0.2565));
#2731=CARTESIAN_POINT('',(0.0318663702318977,0.0125,-0.2625));
#2732=CARTESIAN_POINT('',(0.0318663702318977,0.0125,-0.2625));
#2733=CARTESIAN_POINT('',(0.0318663702318977,0.011,-0.2625));
#2734=CARTESIAN_POINT('',(0.0318663702318977,0.0125,-0.2565));
#2735=CARTESIAN_POINT('',(0.0318663702318977,0.011,-0.2565));
#2736=CARTESIAN_POINT('',(0.0306163702318977,0.0125,-0.2625));
#2737=CARTESIAN_POINT('',(0.0331163702318978,0.015,-0.2625));
#2738=CARTESIAN_POINT('',(0.0331163702318978,0.01,-0.2625));
#2739=CARTESIAN_POINT('',(0.0306163702318977,0.0125,-0.2565));
#2740=CARTESIAN_POINT('',(0.0331163702318978,0.01,-0.2565));
#2741=CARTESIAN_POINT('',(0.0331163702318978,0.015,-0.2565));
#2742=CARTESIAN_POINT('',(0.0331163702318978,0.015,-0.2565));
#2743=CARTESIAN_POINT('',(0.0331163702318978,0.01,-0.2565));
#2744=CARTESIAN_POINT('',(-0.0147506163805065,0.0104903073013363,-0.530396900396985));
#2745=CARTESIAN_POINT('',(0.0434111264690876,0.00728358846183033,-0.229148865174141));
#2746=CARTESIAN_POINT('',(0.0431443281532697,0.00789309272798134,-0.22909708901821));
#2747=CARTESIAN_POINT('',(0.0428255196469426,0.00935588760338278,-0.229035849852593));
#2748=CARTESIAN_POINT('',(0.0433611569414804,0.0116212626754073,-0.229138660899553));
#2749=CARTESIAN_POINT('',(0.0449567061210524,0.0134703846861609,-0.229450260190324));
#2750=CARTESIAN_POINT('',(0.0464488753581923,0.0140788599424811,-0.229751318387099));
#2751=CARTESIAN_POINT('',(0.0472211907885831,0.0142003039546861,-0.229910584960285));
#2752=CARTESIAN_POINT('',(0.0434582417551867,0.00730494733582996,-0.229158005489064));
#2753=CARTESIAN_POINT('',(0.0431938316199051,0.00790776278849069,-0.229106656142631));
#2754=CARTESIAN_POINT('',(0.0428777813177591,0.00935505834739029,-0.229045898621));
#2755=CARTESIAN_POINT('',(0.0434087930327739,0.0115964872156232,-0.22914790294939));
#2756=CARTESIAN_POINT('',(0.044989779425963,0.013423771713785,-0.229456866605907));
#2757=CARTESIAN_POINT('',(0.0464666514527596,0.0140222603978835,-0.229754959479243));
#2758=CARTESIAN_POINT('',(0.0472302777026684,0.0141404569739901,-0.229912458860003));
#2759=CARTESIAN_POINT('',(0.0435053890851019,0.00732632518488782,-0.229167204368438));
#2760=CARTESIAN_POINT('',(0.0432433674219988,0.00792244510662547,-0.229116282230901));
#2761=CARTESIAN_POINT('',(0.0429300746855523,0.00935422834040317,-0.229056006695524));
#2762=CARTESIAN_POINT('',(0.0434564620648789,0.0115716912574201,-0.229157203761081));
#2763=CARTESIAN_POINT('',(0.045022880620138,0.0133771089662161,-0.229463528906062));
#2764=CARTESIAN_POINT('',(0.046484438860559,0.0139655939443704,-0.229758652678706));
#2765=CARTESIAN_POINT('',(0.0472393653792061,0.0140805390864026,-0.229914383490116));
#2766=CARTESIAN_POINT('',(0.0436009262560684,0.00736988607965837,-0.22918869778721));
#2767=CARTESIAN_POINT('',(0.0433437997182153,0.00795237187134916,-0.229138620162998));
#2768=CARTESIAN_POINT('',(0.0430361644442632,0.00935253703820624,-0.229079297307357));
#2769=CARTESIAN_POINT('',(0.0435530640199456,0.0115211481346076,-0.229178898792603));
#2770=CARTESIAN_POINT('',(0.0450896429045067,0.0132821225747825,-0.229480007638674));
#2771=CARTESIAN_POINT('',(0.0465199414358362,0.0138504284168983,-0.22976926095016));
#2772=CARTESIAN_POINT('',(0.0472571582609889,0.0139588682247423,-0.229921496030751));
#2773=CARTESIAN_POINT('',(0.0436493061956564,0.00739206415408049,-0.229200984709963));
#2774=CARTESIAN_POINT('',(0.0433946856844352,0.00796761287955225,-0.229151324345858));
#2775=CARTESIAN_POINT('',(0.0430899495655189,0.00935167593599076,-0.229092472133412));
#2776=CARTESIAN_POINT('',(0.0436019869191927,0.0114954067819969,-0.229191285385496));
#2777=CARTESIAN_POINT('',(0.0451232977357683,0.013233809525907,-0.229489816716776));
#2778=CARTESIAN_POINT('',(0.0465376540049314,0.0137919417763456,-0.22977616897417));
#2779=CARTESIAN_POINT('',(0.0472658628357122,0.0138971281747169,-0.229926677078383));
#2780=CARTESIAN_POINT('',(0.0437963632046687,0.00746006156905669,-0.229245227383725));
#2781=CARTESIAN_POINT('',(0.0435494979547011,0.00801436496164193,-0.229196782938054));
#2782=CARTESIAN_POINT('',(0.043253749582908,0.00934903578364515,-0.229139302058565));
#2783=CARTESIAN_POINT('',(0.0437507120516008,0.011416439789219,-0.229235818634656));
#2784=CARTESIAN_POINT('',(0.045224819884638,0.0130859327236445,-0.229526838427613));
#2785=CARTESIAN_POINT('',(0.0465901687542461,0.013613385265695,-0.229804735065993));
#2786=CARTESIAN_POINT('',(0.0472908066836144,0.0137088892846674,-0.229950210350599));
#2787=CARTESIAN_POINT('',(0.0438971922184936,0.00750747356846763,-0.229284882534692));
#2788=CARTESIAN_POINT('',(0.0436558309143587,0.00804699503955984,-0.229237201028637));
#2789=CARTESIAN_POINT('',(0.0433664824057646,0.00934719486096105,-0.229180580429717));
#2790=CARTESIAN_POINT('',(0.0438527087182865,0.011361319092387,-0.229275656268301));
#2791=CARTESIAN_POINT('',(0.0452933781753649,0.0129831596416984,-0.229561962244377));
#2792=CARTESIAN_POINT('',(0.0466243837305845,0.0134899080272198,-0.229834551280837));
#2793=CARTESIAN_POINT('',(0.0473058613677908,0.0135790531893481,-0.229976868539824));
#2794=CARTESIAN_POINT('',(0.0440960334370038,0.00760318209299742,-0.22938915199562));
#2795=CARTESIAN_POINT('',(0.0438660534280991,0.00811295278065438,-0.229342771908562));
#2796=CARTESIAN_POINT('',(0.0435899980313475,0.00934347858883672,-0.229287617828203));
#2797=CARTESIAN_POINT('',(0.0440539191231576,0.0112498806438092,-0.229380237785692));
#2798=CARTESIAN_POINT('',(0.0454256160815041,0.0127766394640865,-0.229658499925583));
#2799=CARTESIAN_POINT('',(0.0466868210502122,0.0132435084374984,-0.22992201931116));
#2800=CARTESIAN_POINT('',(0.0473298009757496,0.0133208997145155,-0.230058937562385));
#2801=CARTESIAN_POINT('',(0.0441937287948642,0.00765131953681776,-0.229453522572922));
#2802=CARTESIAN_POINT('',(0.0439696060892911,0.00814617041548502,-0.229407679546967));
#2803=CARTESIAN_POINT('',(0.0437004202048919,0.00934160941521472,-0.229353130095437));
#2804=CARTESIAN_POINT('',(0.0441528121024737,0.0111937488760191,-0.229444737607417));
#2805=CARTESIAN_POINT('',(0.0454890954110887,0.0126732314080765,-0.22971967845068));
#2806=CARTESIAN_POINT('',(0.0467149602452531,0.0131209839552545,-0.229979445591226));
#2807=CARTESIAN_POINT('',(0.0473386657228299,0.0131929959045214,-0.23011412878325));
#2808=CARTESIAN_POINT('',(0.0443735602120484,0.00774265056130153,-0.229604139479353));
#2809=CARTESIAN_POINT('',(0.0441608708822954,0.00820929880310952,-0.22955902660147));
#2810=CARTESIAN_POINT('',(0.0439051604417642,0.00933806295786999,-0.229505296298999));
#2811=CARTESIAN_POINT('',(0.0443349306725327,0.0110870513560342,-0.229595532548923));
#2812=CARTESIAN_POINT('',(0.0456022796845194,0.0124781474998141,-0.229865948997322));
#2813=CARTESIAN_POINT('',(0.046760530433936,0.0128918901449192,-0.230120564328012));
#2814=CARTESIAN_POINT('',(0.047347877366256,0.012954969515165,-0.230252167225372));
#2815=CARTESIAN_POINT('',(0.0444553794245473,0.00778568506066646,-0.229690142075823));
#2816=CARTESIAN_POINT('',(0.0442482461212172,0.00823909952755741,-0.229645220866631));
#2817=CARTESIAN_POINT('',(0.0439991178759102,0.00933639184996549,-0.229591703475228));
#2818=CARTESIAN_POINT('',(0.0444178355044062,0.0110366715877951,-0.229681583606683));
#2819=CARTESIAN_POINT('',(0.0456517843425378,0.0123868106872175,-0.229950805679521));
#2820=CARTESIAN_POINT('',(0.0467778782793296,0.0127857186858302,-0.230204031249319));
#2821=CARTESIAN_POINT('',(0.0473482040858997,0.0128452605053219,-0.230334794834159));
#2822=CARTESIAN_POINT('',(0.0445965114953835,0.00786352027320745,-0.229881016562632));
#2823=CARTESIAN_POINT('',(0.0443998353591082,0.00829313252802105,-0.229836070188604));
#2824=CARTESIAN_POINT('',(0.0441631762302923,0.00933336931569848,-0.229782514031686));
#2825=CARTESIAN_POINT('',(0.044560949228581,0.0109452977063038,-0.229872460452499));
#2826=CARTESIAN_POINT('',(0.0457322693900836,0.0122230293512604,-0.230141805601669));
#2827=CARTESIAN_POINT('',(0.0467994982959382,0.0125979656309343,-0.230395018260478));
#2828=CARTESIAN_POINT('',(0.0473393098131165,0.0126527088015906,-0.230525726401817));
#2829=CARTESIAN_POINT('',(0.0446563662386311,0.00789862159261216,-0.229986642022454));
#2830=CARTESIAN_POINT('',(0.044464633107308,0.00831757386012865,-0.229941475634312));
#2831=CARTESIAN_POINT('',(0.0442339110672532,0.00933200621930644,-0.229887663776093));
#2832=CARTESIAN_POINT('',(0.0446217077595746,0.0109039499692884,-0.229978039390018));
#2833=CARTESIAN_POINT('',(0.0457635493626618,0.0121499563417706,-0.230248720337948));
#2834=CARTESIAN_POINT('',(0.0468038400831929,0.0125156706048518,-0.230503323237826));
#2835=CARTESIAN_POINT('',(0.0473300412512951,0.0125691376317799,-0.230634820207667));
#2836=CARTESIAN_POINT('',(0.0447535832870394,0.00796010298321631,-0.230210939571695));
#2837=CARTESIAN_POINT('',(0.0445709782176979,0.00836053953349418,-0.230164981950583));
#2838=CARTESIAN_POINT('',(0.0443513099839411,0.00932961872971851,-0.230110261544447));
#2839=CARTESIAN_POINT('',(0.0447205241705701,0.0108312315174006,-0.230202160731835));
#2840=CARTESIAN_POINT('',(0.0458081950090681,0.0120236210491702,-0.230477680022887));
#2841=CARTESIAN_POINT('',(0.0468005446032563,0.0123764579179369,-0.230737481550212));
#2842=CARTESIAN_POINT('',(0.0473032371300266,0.0124294996031,-0.230871984008367));
#2843=CARTESIAN_POINT('',(0.0447907937123991,0.00798638292745,-0.23032921318585));
#2844=CARTESIAN_POINT('',(0.0446123585441812,0.0083789939244573,-0.230282687373181));
#2845=CARTESIAN_POINT('',(0.0443977888062105,0.00932859822640317,-0.230227317780594));
#2846=CARTESIAN_POINT('',(0.0447584273850638,0.0107999791867277,-0.230320305190208));
#2847=CARTESIAN_POINT('',(0.0458214964895847,0.0119705647493731,-0.230599309070339));
#2848=CARTESIAN_POINT('',(0.0467929236493996,0.0123197657447224,-0.230862902648548));
#2849=CARTESIAN_POINT('',(0.0472857568064016,0.0123736576273004,-0.230999613534869));
#2850=CARTESIAN_POINT('',(0.044842575786867,0.00802892230440915,-0.230564231314214));
#2851=CARTESIAN_POINT('',(0.044671415241657,0.00840904433057268,-0.230516389984431));
#2852=CARTESIAN_POINT('',(0.0444658367463341,0.00932694643756093,-0.230459528947887));
#2853=CARTESIAN_POINT('',(0.0448113420624898,0.0107490518430073,-0.230555015059681));
#2854=CARTESIAN_POINT('',(0.0458317840278459,0.011886577373842,-0.230842122267704));
#2855=CARTESIAN_POINT('',(0.0467685730406198,0.0122335604509511,-0.231114713157732));
#2856=CARTESIAN_POINT('',(0.0472458443167249,0.012290836545647,-0.231256730105795));
#2857=CARTESIAN_POINT('',(0.0448569955561743,0.00804508161016885,-0.23068057735316));
#2858=CARTESIAN_POINT('',(0.0446889245769428,0.00842057039543015,-0.230631991725119));
#2859=CARTESIAN_POINT('',(0.0444872206067306,0.00932631904191459,-0.230574292091232));
#2860=CARTESIAN_POINT('',(0.0448261988599139,0.0107294952141594,-0.230671182524856));
#2861=CARTESIAN_POINT('',(0.0458287058922789,0.0118558522814216,-0.230962890516409));
#2862=CARTESIAN_POINT('',(0.0467518596990314,0.0122042728180123,-0.231240670331877));
#2863=CARTESIAN_POINT('',(0.0472234673864951,0.0122640823228629,-0.231385776681871));
#2864=CARTESIAN_POINT('',(0.0448658741262303,0.00806307584325644,-0.230847146751025));
#2865=CARTESIAN_POINT('',(0.0447016815993827,0.00843355743144269,-0.230797448032055));
#2866=CARTESIAN_POINT('',(0.0445049134348042,0.00932562050525659,-0.230738507347485));
#2867=CARTESIAN_POINT('',(0.0448355685553208,0.0107074285205298,-0.230837474540143));
#2868=CARTESIAN_POINT('',(0.0458157829725622,0.011823255150788,-0.231136102683928));
#2869=CARTESIAN_POINT('',(0.0467231541301449,0.0121763557144875,-0.231421891879946));
#2870=CARTESIAN_POINT('',(0.0471888032924753,0.012240667575853,-0.231571842809449));
#2871=CARTESIAN_POINT('',(0.0448667678925785,0.00806806590677956,-0.230901425307293));
#2872=CARTESIAN_POINT('',(0.0447037464693292,0.00843719211356749,-0.230851355923759));
#2873=CARTESIAN_POINT('',(0.0445084825904428,0.0093254268123871,-0.230792004109553));
#2874=CARTESIAN_POINT('',(0.0448365995018759,0.0107012459932396,-0.230891659030469));
#2875=CARTESIAN_POINT('',(0.0458101255198616,0.0118145681384394,-0.231192598142083));
#2876=CARTESIAN_POINT('',(0.0467129890184347,0.0121696383355669,-0.23148109549291));
#2877=CARTESIAN_POINT('',(0.0471770616415056,0.0122355657014589,-0.231632696586963));
#2878=CARTESIAN_POINT('',(0.0448660718542355,0.00807678681779039,-0.231007927805123));
#2879=CARTESIAN_POINT('',(0.0447052305725779,0.00844359128723283,-0.23095713386289));
#2880=CARTESIAN_POINT('',(0.0445127858081592,0.0093250883289011,-0.230896983247691));
#2881=CARTESIAN_POINT('',(0.0448361437033857,0.0106903517451022,-0.230997973823273));
#2882=CARTESIAN_POINT('',(0.045797277102835,0.0117998854393576,-0.231303445030092));
#2883=CARTESIAN_POINT('',(0.0466920856022006,0.0121593413189121,-0.231597329536465));
#2884=CARTESIAN_POINT('',(0.0471535105424984,0.0122286087569159,-0.231752240677248));
#2885=CARTESIAN_POINT('',(0.0448644773033004,0.00808051453631042,-0.231060139294334));
#2886=CARTESIAN_POINT('',(0.0447046445860143,0.00844635359282665,-0.231008991552569));
#2887=CARTESIAN_POINT('',(0.0445135140809414,0.00932494365984335,-0.230948453380393));
#2888=CARTESIAN_POINT('',(0.0448346521250433,0.0106856437237611,-0.231050091689939));
#2889=CARTESIAN_POINT('',(0.0457900841324681,0.0117938961896029,-0.231357783463033));
#2890=CARTESIAN_POINT('',(0.0466813478074684,0.012155768727666,-0.231654346459659));
#2891=CARTESIAN_POINT('',(0.0471417028205803,0.012226760714363,-0.231810917225381));
#2892=CARTESIAN_POINT('',(0.0448628545127187,0.00808422227361055,-0.231112260688743));
#2893=CARTESIAN_POINT('',(0.0447040222395718,0.00844910070934198,-0.231060771750174));
#2894=CARTESIAN_POINT('',(0.0445141957981434,0.00932479975666655,-0.23099986225069));
#2895=CARTESIAN_POINT('',(0.0448331309986863,0.0106809617366608,-0.231102120892026));
#2896=CARTESIAN_POINT('',(0.0457829095496463,0.0117879347037401,-0.231411961446186));
#2897=CARTESIAN_POINT('',(0.0466706544446795,0.0121521971261623,-0.231711154536771));
#2898=CARTESIAN_POINT('',(0.0471299436726667,0.0122248993253688,-0.231869368473106));
#2899=CARTESIAN_POINT('',(0.0523558477927918,0.0117672058307341,-0.231020393267157));
#2900=CARTESIAN_POINT('',(0.0525160561251127,0.0114914827031002,-0.231056771945935));
#2901=CARTESIAN_POINT('',(0.0528875407988753,0.0106852409030573,-0.231141626767197));
#2902=CARTESIAN_POINT('',(0.0531265763206859,0.0092388234785557,-0.231196862088507));
#2903=CARTESIAN_POINT('',(0.0528153837327603,0.0075362317684599,-0.231124986975715));
#2904=CARTESIAN_POINT('',(0.0519614250036834,0.0060580645552777,-0.230930297063679));
#2905=CARTESIAN_POINT('',(0.0506723373080061,0.00494669630021882,-0.230643060955638));
#2906=CARTESIAN_POINT('',(0.0491002032624163,0.00432025399962508,-0.230302702426131));
#2907=CARTESIAN_POINT('',(0.0475904480407475,0.00424670353817718,-0.229985792861246));
#2908=CARTESIAN_POINT('',(0.0466782264027572,0.00445783486720499,-0.229798915707801));
#2909=CARTESIAN_POINT('',(0.0463208335213725,0.00458459276927776,-0.229726319893422));
#2910=CARTESIAN_POINT('',(0.0522919079687164,0.0117284503717592,-0.231005874530404));
#2911=CARTESIAN_POINT('',(0.0524491575516285,0.0114566441500106,-0.231041533165775));
#2912=CARTESIAN_POINT('',(0.0528135346842236,0.0106623738628267,-0.231124642254439));
#2913=CARTESIAN_POINT('',(0.0530476359368726,0.00923948312752746,-0.231178642696561));
#2914=CARTESIAN_POINT('',(0.0527428476834935,0.00756448931527257,-0.231108369224845));
#2915=CARTESIAN_POINT('',(0.0519050189138779,0.0061073982397195,-0.230917627854875));
#2916=CARTESIAN_POINT('',(0.0506371119508188,0.00500823432412873,-0.230635376207529));
#2917=CARTESIAN_POINT('',(0.049087065291075,0.00438535199004865,-0.230299949638866));
#2918=CARTESIAN_POINT('',(0.0475956006431245,0.00430863260571004,-0.229986888247219));
#2919=CARTESIAN_POINT('',(0.0466933521693474,0.00451523652825498,-0.229802010910037));
#2920=CARTESIAN_POINT('',(0.046339737244704,0.00463979727061326,-0.229730159728712));
#2921=CARTESIAN_POINT('',(0.052227922293059,0.0116896788508685,-0.230991435683344));
#2922=CARTESIAN_POINT('',(0.0523822148183355,0.0114217933654996,-0.231026377946676));
#2923=CARTESIAN_POINT('',(0.0527394900765922,0.0106395033779668,-0.231107751158381));
#2924=CARTESIAN_POINT('',(0.0529686637622113,0.00924014276700331,-0.231160525351985));
#2925=CARTESIAN_POINT('',(0.0526702712822648,0.00759275151756647,-0.231091842407763));
#2926=CARTESIAN_POINT('',(0.0518485611945195,0.00615675784781945,-0.230905028239683));
#2927=CARTESIAN_POINT('',(0.0506018391199317,0.00506982728545187,-0.230627745274816));
#2928=CARTESIAN_POINT('',(0.0490739003577021,0.00445052370232798,-0.230297245304654));
#2929=CARTESIAN_POINT('',(0.0476007493822626,0.00437063589255729,-0.229988033488536));
#2930=CARTESIAN_POINT('',(0.0467084859775025,0.00457270584558809,-0.229805157877929));
#2931=CARTESIAN_POINT('',(0.046358653196922,0.00469506604830585,-0.229734052128152));
#2932=CARTESIAN_POINT('',(0.0520979420354893,0.0116114613294005,-0.230966256298386));
#2933=CARTESIAN_POINT('',(0.0522462927359454,0.0113515052166023,-0.230999787861172));
#2934=CARTESIAN_POINT('',(0.0525893094375315,0.0105934154301323,-0.231077743943383));
#2935=CARTESIAN_POINT('',(0.0528086074874487,0.00924147122440316,-0.231128106338335));
#2936=CARTESIAN_POINT('',(0.0525230340384404,0.00764970785575265,-0.231062551762957));
#2937=CARTESIAN_POINT('',(0.0517336958137867,0.00625637949797937,-0.230883469628488));
#2938=CARTESIAN_POINT('',(0.050529665423719,0.00519438514608863,-0.230615983337876));
#2939=CARTESIAN_POINT('',(0.0490464581486865,0.00458259378098137,-0.230295209908402));
#2940=CARTESIAN_POINT('',(0.0476105110098846,0.00449650162795787,-0.229993605173546));
#2941=CARTESIAN_POINT('',(0.0467385908229343,0.00468947078358485,-0.229814686576869));
#2942=CARTESIAN_POINT('',(0.046396471129743,0.00480739745021044,-0.229745054502665));
#2943=CARTESIAN_POINT('',(0.0520319614411011,0.011572022730667,-0.23095551070653));
#2944=CARTESIAN_POINT('',(0.0521773279008215,0.0113160744736355,-0.230988348024894));
#2945=CARTESIAN_POINT('',(0.0525131891666411,0.0105702022523439,-0.231064623060104));
#2946=CARTESIAN_POINT('',(0.052727539987809,0.00924213992000762,-0.231113800053049));
#2947=CARTESIAN_POINT('',(0.0524483887048764,0.00767839669130755,-0.231049783127034));
#2948=CARTESIAN_POINT('',(0.0516753008177179,0.00630663204846873,-0.230874505360972));
#2949=CARTESIAN_POINT('',(0.0504927732627821,0.00525733778083097,-0.230611846497322));
#2950=CARTESIAN_POINT('',(0.0490321851345022,0.00464947865435503,-0.230295872471657));
#2951=CARTESIAN_POINT('',(0.0476151241875487,0.00456035079309179,-0.229998024835161));
#2952=CARTESIAN_POINT('',(0.0467535598529295,0.00474875386339077,-0.22982106131734));
#2953=CARTESIAN_POINT('',(0.0464153702152678,0.00486444792855176,-0.229752157409799));
#2954=CARTESIAN_POINT('',(0.0518306041569616,0.011452967407993,-0.230932675030667));
#2955=CARTESIAN_POINT('',(0.0519670143076576,0.0112091618690617,-0.230963493844276));
#2956=CARTESIAN_POINT('',(0.0522814264632748,0.0105002404095343,-0.231034882383925));
#2957=CARTESIAN_POINT('',(0.0524809852181938,0.00924415346967131,-0.231080615598332));
#2958=CARTESIAN_POINT('',(0.0522210379085219,0.00776486850190999,-0.231021065880275));
#2959=CARTESIAN_POINT('',(0.0514966837593996,0.00645842853745054,-0.230856847844236));
#2960=CARTESIAN_POINT('',(0.0503789629682279,0.00544805650313774,-0.23060823595553));
#2961=CARTESIAN_POINT('',(0.0489869570038918,0.00485275406145884,-0.230306239027783));
#2962=CARTESIAN_POINT('',(0.047627513800916,0.00475492151822721,-0.230019339001005));
#2963=CARTESIAN_POINT('',(0.0467976874543698,0.00492966372915384,-0.229848073370606));
#2964=CARTESIAN_POINT('',(0.0464715611628734,0.00503863748136873,-0.229781291696385));
#2965=CARTESIAN_POINT('',(0.0516914629877059,0.0113724509113235,-0.23093029893142));
#2966=CARTESIAN_POINT('',(0.0518218871768503,0.0111369172034759,-0.230959857534682));
#2967=CARTESIAN_POINT('',(0.052121999031168,0.0104530790343958,-0.231028196813036));
#2968=CARTESIAN_POINT('',(0.0523117473821969,0.00924550832804386,-0.231071783706612));
#2969=CARTESIAN_POINT('',(0.0520645391329611,0.00782316874622883,-0.231015018286913));
#2970=CARTESIAN_POINT('',(0.0513727059583352,0.00656121883118657,-0.23085770324634));
#2971=CARTESIAN_POINT('',(0.0502986710152591,0.00557796314124291,-0.23061787658553));
#2972=CARTESIAN_POINT('',(0.0489534553381073,0.00499208595673646,-0.230324637010784));
#2973=CARTESIAN_POINT('',(0.0476338014682541,0.00488899187085003,-0.230044604382249));
#2974=CARTESIAN_POINT('',(0.0468260873067696,0.00505466319055897,-0.229876914555812));
#2975=CARTESIAN_POINT('',(0.0465083908524809,0.00515911857826542,-0.229811464820827));
#2976=CARTESIAN_POINT('',(0.0514139135765006,0.0112167027292129,-0.230962728967518));
#2977=CARTESIAN_POINT('',(0.0515329477125288,0.0109973303257973,-0.230990134455026));
#2978=CARTESIAN_POINT('',(0.0518059430742961,0.0103622622856407,-0.231053264763521));
#2979=CARTESIAN_POINT('',(0.0519772243875411,0.00924811073340403,-0.231093186650685));
#2980=CARTESIAN_POINT('',(0.0517540029056072,0.00793546045632866,-0.231041175705819));
#2981=CARTESIAN_POINT('',(0.0511239149570215,0.00676040185328371,-0.230895653716186));
#2982=CARTESIAN_POINT('',(0.0501340020099784,0.00583175585607489,-0.23067084493801));
#2983=CARTESIAN_POINT('',(0.0488804147180398,0.00526669432585363,-0.230392581598912));
#2984=CARTESIAN_POINT('',(0.0476400079910038,0.00515519144361435,-0.230124292781131));
#2985=CARTESIAN_POINT('',(0.04687687809852,0.00530380903304694,-0.229962715485485));
#2986=CARTESIAN_POINT('',(0.0465762488458806,0.0053996081122602,-0.229899542104967));
#2987=CARTESIAN_POINT('',(0.0512759529353211,0.0111417079027752,-0.230997373376269));
#2988=CARTESIAN_POINT('',(0.0513895998261577,0.0109301999991228,-0.231023888649012));
#2989=CARTESIAN_POINT('',(0.0516498188867707,0.0103187440379825,-0.231084865826061));
#2990=CARTESIAN_POINT('',(0.0518124704436602,0.00924935436616642,-0.231123273767718));
#2991=CARTESIAN_POINT('',(0.0516004617428271,0.00798928231131341,-0.231073226855719));
#2992=CARTESIAN_POINT('',(0.0509995070465501,0.00685649085138529,-0.230932580095493));
#2993=CARTESIAN_POINT('',(0.0500499034981054,0.00595524946652128,-0.230713985898045));
#2994=CARTESIAN_POINT('',(0.0488410121304248,0.00540153902368059,-0.230441924213553));
#2995=CARTESIAN_POINT('',(0.0476399361001886,0.00528689559433519,-0.230178498772241));
#2996=CARTESIAN_POINT('',(0.0468992048048621,0.00542755410668225,-0.230019451531447));
#2997=CARTESIAN_POINT('',(0.0466071845071698,0.00551922788149636,-0.229957220090592));
#2998=CARTESIAN_POINT('',(0.0510179947724851,0.0110073397256027,-0.231106936237772));
#2999=CARTESIAN_POINT('',(0.0511222224331644,0.0108101222960954,-0.231132213578399));
#3000=CARTESIAN_POINT('',(0.0513602223663443,0.0102412814008608,-0.231190195683598));
#3001=CARTESIAN_POINT('',(0.0515080371923651,0.00925155984049876,-0.231226496437968));
#3002=CARTESIAN_POINT('',(0.0513153148781169,0.0080851169403277,-0.231179183107929));
#3003=CARTESIAN_POINT('',(0.0507651244523294,0.00702908518324909,-0.231045317213653));
#3004=CARTESIAN_POINT('',(0.04988726796127,0.00617964714223959,-0.230835355068027));
#3005=CARTESIAN_POINT('',(0.04875986663057,0.0056495470360995,-0.230571888740087));
#3006=CARTESIAN_POINT('',(0.0476321494664557,0.0055315412408843,-0.230315182145428));
#3007=CARTESIAN_POINT('',(0.0469338551946453,0.00565857982803948,-0.230159618129817));
#3008=CARTESIAN_POINT('',(0.0466582289995612,0.00574297437419053,-0.230098681585867));
#3009=CARTESIAN_POINT('',(0.0508984448515985,0.0109482032338712,-0.231181692963928));
#3010=CARTESIAN_POINT('',(0.0509986573736851,0.0107573868051609,-0.231206625277847));
#3011=CARTESIAN_POINT('',(0.051227254370683,0.0102074741373558,-0.231263772019761));
#3012=CARTESIAN_POINT('',(0.0513688890997289,0.0092525177678435,-0.231299484272425));
#3013=CARTESIAN_POINT('',(0.0511842054652,0.00812696010356101,-0.231252934347871));
#3014=CARTESIAN_POINT('',(0.050655555058358,0.00710528678675177,-0.23112095926407));
#3015=CARTESIAN_POINT('',(0.0498090094767465,0.00628015874123108,-0.23091339651553));
#3016=CARTESIAN_POINT('',(0.0487182600849984,0.00576227857467886,-0.230652306661494));
#3017=CARTESIAN_POINT('',(0.0476244439773112,0.00564405766729191,-0.230397442500977));
#3018=CARTESIAN_POINT('',(0.0469461146450779,0.00576545916831387,-0.230242824983718));
#3019=CARTESIAN_POINT('',(0.0466782451881604,0.00584671242978659,-0.230182238921444));
#3020=CARTESIAN_POINT('',(0.0506869064021765,0.0108510681926203,-0.231371352464865));
#3021=CARTESIAN_POINT('',(0.0507808395561201,0.0106710377886483,-0.231396205121192));
#3022=CARTESIAN_POINT('',(0.050994900503147,0.0101526348564941,-0.231453152388513));
#3023=CARTESIAN_POINT('',(0.051127223939769,0.00925406042217765,-0.231488714223818));
#3024=CARTESIAN_POINT('',(0.050954664646217,0.00819487780942346,-0.231442358939554));
#3025=CARTESIAN_POINT('',(0.0504594533508689,0.00723103633399861,-0.231310829636439));
#3026=CARTESIAN_POINT('',(0.0496636821258855,0.00644955555526687,-0.231103751596776));
#3027=CARTESIAN_POINT('',(0.0486350749946779,0.00595631051326674,-0.230843036116395));
#3028=CARTESIAN_POINT('',(0.0476009706079363,0.00584094124606628,-0.230588361199385));
#3029=CARTESIAN_POINT('',(0.0469586695755405,0.00595401141886967,-0.230433791184636));
#3030=CARTESIAN_POINT('',(0.0467049039080823,0.00603027421132621,-0.23037321516263));
#3031=CARTESIAN_POINT('',(0.050594110054107,0.010812704894289,-0.231487026561917));
#3032=CARTESIAN_POINT('',(0.0506857552367369,0.0106370995504192,-0.231512141172369));
#3033=CARTESIAN_POINT('',(0.0508946277107795,0.0101313954947824,-0.23156971520235));
#3034=CARTESIAN_POINT('',(0.0510237835962636,0.00925465101307958,-0.231605707324629));
#3035=CARTESIAN_POINT('',(0.0508553572556707,0.00822120903700607,-0.23155879332307));
#3036=CARTESIAN_POINT('',(0.0503721718926752,0.0072810550658644,-0.231425838859815));
#3037=CARTESIAN_POINT('',(0.049596052328767,0.00651907252137062,-0.23121686101946));
#3038=CARTESIAN_POINT('',(0.0485931662557762,0.0060383375981962,-0.230954146693779));
#3039=CARTESIAN_POINT('',(0.0475850986244102,0.00592605173887094,-0.230697812342082));
#3040=CARTESIAN_POINT('',(0.0469590000325609,0.00603639987051304,-0.230542336707657));
#3041=CARTESIAN_POINT('',(0.0467116362163187,0.00611079592023813,-0.230481417330577));
#3042=CARTESIAN_POINT('',(0.0504368803601708,0.0107564915458565,-0.231750208168493));
#3043=CARTESIAN_POINT('',(0.0505255987321678,0.0105877423727212,-0.231776392855921));
#3044=CARTESIAN_POINT('',(0.0507280936374406,0.0101012170175106,-0.231836537861177));
#3045=CARTESIAN_POINT('',(0.0508537365725611,0.00925547443364759,-0.231874311367768));
#3046=CARTESIAN_POINT('',(0.0506899154790175,0.00825868323897283,-0.231825085097653));
#3047=CARTESIAN_POINT('',(0.050221732344293,0.00735514237971524,-0.231686294094504));
#3048=CARTESIAN_POINT('',(0.0494735248122515,0.00662684736512162,-0.231469666968787));
#3049=CARTESIAN_POINT('',(0.0485110054702721,0.00617078932161533,-0.231199064545222));
#3050=CARTESIAN_POINT('',(0.0475466812824866,0.00606753622483234,-0.230936323414461));
#3051=CARTESIAN_POINT('',(0.0469488418558674,0.00617523371334157,-0.230777416041978));
#3052=CARTESIAN_POINT('',(0.046712766154311,0.00624714810929863,-0.230715204791435));
#3053=CARTESIAN_POINT('',(0.050372700666055,0.0107387241743717,-0.231897229854615));
#3054=CARTESIAN_POINT('',(0.0504607835953633,0.0105723955733535,-0.231924221909875));
#3055=CARTESIAN_POINT('',(0.0506620962513311,0.010092321132168,-0.231986309702502));
#3056=CARTESIAN_POINT('',(0.0507873966759266,0.0092557061039274,-0.232025433950471));
#3057=CARTESIAN_POINT('',(0.0506240440340076,0.0082697724544912,-0.231974454622422));
#3058=CARTESIAN_POINT('',(0.0501588205804128,0.00737910101662562,-0.231831255838614));
#3059=CARTESIAN_POINT('',(0.049418835156096,0.00666493955930603,-0.23160888862833));
#3060=CARTESIAN_POINT('',(0.0484708993878634,0.00622100456406791,-0.231332411668287));
#3061=CARTESIAN_POINT('',(0.0475242105755379,0.00612368281939774,-0.231064938870542));
#3062=CARTESIAN_POINT('',(0.0469383808388485,0.00623145466159376,-0.230903515194059));
#3063=CARTESIAN_POINT('',(0.0467071725466839,0.00630275775832075,-0.230840359306035));
#3064=CARTESIAN_POINT('',(0.0502747620364985,0.010722154936876,-0.232202204072489));
#3065=CARTESIAN_POINT('',(0.0503630033989944,0.0105587514747572,-0.232231237949523));
#3066=CARTESIAN_POINT('',(0.0505653792447088,0.010085719141413,-0.23229825508003));
#3067=CARTESIAN_POINT('',(0.0506923623914003,0.00925584673752463,-0.232340831764942));
#3068=CARTESIAN_POINT('',(0.0505268728916311,0.00827812308989845,-0.232285372945167));
#3069=CARTESIAN_POINT('',(0.050059783260672,0.0074028735286926,-0.232131005079348));
#3070=CARTESIAN_POINT('',(0.0493259533866081,0.00671105410063985,-0.231894287833098));
#3071=CARTESIAN_POINT('',(0.0483964389892446,0.00628976599800116,-0.231603348438884));
#3072=CARTESIAN_POINT('',(0.0474761849987666,0.00620604996218461,-0.231324407470471));
#3073=CARTESIAN_POINT('',(0.0469096226813709,0.00631629675425839,-0.231156960165643));
#3074=CARTESIAN_POINT('',(0.0466863614124542,0.00638748979295661,-0.231091553337835));
#3075=CARTESIAN_POINT('',(0.0502412567528089,0.0107234357494816,-0.232359670780839));
#3076=CARTESIAN_POINT('',(0.0503302953878114,0.0105605263156298,-0.232389938356795));
#3077=CARTESIAN_POINT('',(0.0505349235190578,0.0100880562662183,-0.23245994061257));
#3078=CARTESIAN_POINT('',(0.050663934787071,0.00925575454145578,-0.232504618637085));
#3079=CARTESIAN_POINT('',(0.0504958361353617,0.00827533075092156,-0.232446433876845));
#3080=CARTESIAN_POINT('',(0.0500239040311197,0.00740257745877452,-0.232285308308768));
#3081=CARTESIAN_POINT('',(0.0492879693365173,0.0067189107643264,-0.232039990511224));
#3082=CARTESIAN_POINT('',(0.0483622306372282,0.00630810279344474,-0.231740477935421));
#3083=CARTESIAN_POINT('',(0.0474507047803929,0.00623204311181475,-0.231454816140718));
#3084=CARTESIAN_POINT('',(0.0468913531576074,0.00634469345573787,-0.231283871325929));
#3085=CARTESIAN_POINT('',(0.0466711526484686,0.00641639134744389,-0.231217162076725));
#3086=CARTESIAN_POINT('',(0.0502090004522754,0.010735196593838,-0.232591766349457));
#3087=CARTESIAN_POINT('',(0.0502999364658248,0.010572004572652,-0.232624087332797));
#3088=CARTESIAN_POINT('',(0.0505096117379491,0.0100972962972841,-0.232699075436912));
#3089=CARTESIAN_POINT('',(0.0506428055820161,0.00925545184034084,-0.232747290080951));
#3090=CARTESIAN_POINT('',(0.0504693121152528,0.00826405204674185,-0.232684518794753));
#3091=CARTESIAN_POINT('',(0.0499863188387502,0.00738955009633853,-0.232512121791868));
#3092=CARTESIAN_POINT('',(0.0492420228575302,0.00671457579479189,-0.232252668920756));
#3093=CARTESIAN_POINT('',(0.0483161545942167,0.00631800030475622,-0.2319393126915));
#3094=CARTESIAN_POINT('',(0.0474125655968005,0.00625381697751252,-0.23164299922953));
#3095=CARTESIAN_POINT('',(0.0468610772353749,0.00637111595528799,-0.231466594874525));
#3096=CARTESIAN_POINT('',(0.0466443328309845,0.00644411377547163,-0.23139786416024));
#3097=CARTESIAN_POINT('',(0.050201158621607,0.0107407154815717,-0.232668528151549));
#3098=CARTESIAN_POINT('',(0.050292841545587,0.0105772633446811,-0.232701567191471));
#3099=CARTESIAN_POINT('',(0.0505044717448363,0.0101013089668929,-0.232778301349173));
#3100=CARTESIAN_POINT('',(0.0506392465069642,0.00925532418220664,-0.232827758467971));
#3101=CARTESIAN_POINT('',(0.0504637122815186,0.00825913936416312,-0.232763376048526));
#3102=CARTESIAN_POINT('',(0.0499764119867156,0.00738316419070769,-0.232587034038626));
#3103=CARTESIAN_POINT('',(0.0492284827115076,0.00671051739035623,-0.232322664796571));
#3104=CARTESIAN_POINT('',(0.0483016325948525,0.00631844901388553,-0.232004530410052));
#3105=CARTESIAN_POINT('',(0.0473998559605778,0.00625829070028048,-0.231704571110587));
#3106=CARTESIAN_POINT('',(0.0468505120685357,0.00637730917390301,-0.231526311045796));
#3107=CARTESIAN_POINT('',(0.0466347365646404,0.00645082845555092,-0.231456895057065));
#3108=CARTESIAN_POINT('',(0.050189028718463,0.0107535984336976,-0.232820499207361));
#3109=CARTESIAN_POINT('',(0.0502823379353344,0.0105894353140426,-0.2328550204352));
#3110=CARTESIAN_POINT('',(0.0504981955003481,0.0101104143286315,-0.2329353642203));
#3111=CARTESIAN_POINT('',(0.0506363551946545,0.00925503776568237,-0.232987398262484));
#3112=CARTESIAN_POINT('',(0.0504564500041839,0.00824797904061975,-0.23291967471782));
#3113=CARTESIAN_POINT('',(0.0499598166089813,0.00736803809489653,-0.232735181975915));
#3114=CARTESIAN_POINT('',(0.0492036588121092,0.00669937589137594,-0.232460721747228));
#3115=CARTESIAN_POINT('',(0.0482737617187992,0.0063159967211398,-0.232132861208629));
#3116=CARTESIAN_POINT('',(0.0473746082505947,0.00626390670579823,-0.231825548917735));
#3117=CARTESIAN_POINT('',(0.0468289593621453,0.00638653550053637,-0.231643575357987));
#3118=CARTESIAN_POINT('',(0.0466148907248512,0.00646119243458133,-0.231572792168413));
#3119=CARTESIAN_POINT('',(0.0501847485726046,0.0107609650817966,-0.232895693279099));
#3120=CARTESIAN_POINT('',(0.0502789372780814,0.0105963507657532,-0.23293097861468));
#3121=CARTESIAN_POINT('',(0.0504970674956872,0.0101155083717055,-0.233013185929051));
#3122=CARTESIAN_POINT('',(0.0506370312943832,0.00925487897106147,-0.233066554408738));
#3123=CARTESIAN_POINT('',(0.0504547957774925,0.00824172971969056,-0.232997100887519));
#3124=CARTESIAN_POINT('',(0.0499531357809788,0.00735929446893261,-0.232808402533096));
#3125=CARTESIAN_POINT('',(0.0491923815607096,0.0066922876192231,-0.232528767982474));
#3126=CARTESIAN_POINT('',(0.0482604174034911,0.0063130891756386,-0.232195959908935));
#3127=CARTESIAN_POINT('',(0.0473620725096921,0.00626504188234205,-0.231884940954026));
#3128=CARTESIAN_POINT('',(0.046817972685616,0.00638956159471306,-0.231701109915806));
#3129=CARTESIAN_POINT('',(0.0466046414252378,0.00646483483255976,-0.231629644921113));
#3130=CARTESIAN_POINT('',(0.0501804982583823,0.0107683302964838,-0.232970746792795));
#3131=CARTESIAN_POINT('',(0.0502755712340846,0.0106032692312553,-0.23300680858892));
#3132=CARTESIAN_POINT('',(0.0504959899347603,0.0101206142889382,-0.233090911916825));
#3133=CARTESIAN_POINT('',(0.0506377779606165,0.00925471956695777,-0.233145641561849));
#3134=CARTESIAN_POINT('',(0.0504531864425472,0.00823546665282767,-0.233074423581747));
#3135=CARTESIAN_POINT('',(0.0499464691546293,0.00735056498740993,-0.232881448299115));
#3136=CARTESIAN_POINT('',(0.0491811256155352,0.00668524674002792,-0.232596580573529));
#3137=CARTESIAN_POINT('',(0.0482471193015747,0.00631022838581585,-0.232258805513768));
#3138=CARTESIAN_POINT('',(0.0473495898587486,0.00626619755923012,-0.231944097341018));
#3139=CARTESIAN_POINT('',(0.0468070308657858,0.00639259087930036,-0.231758431528929));
#3140=CARTESIAN_POINT('',(0.0465944321886954,0.00646847422854873,-0.231686295059993));
#3141=CARTESIAN_POINT('',(0.0466348004724857,0.00645439121739236,-0.231699999999979));
#3142=CARTESIAN_POINT('',(0.0473165811982149,0.00622203558067035,-0.231699999999979));
#3143=CARTESIAN_POINT('',(0.0480549740704951,0.00623164777614006,-0.2317));
#3144=CARTESIAN_POINT('',(0.0487390078473129,0.00645512436462167,-0.2317));
#3145=CARTESIAN_POINT('',(0.0487390187648265,0.00645512793140771,-0.228411480561483));
#3146=CARTESIAN_POINT('',(0.0487390187648265,0.00645512793140771,-0.2317));
#3147=CARTESIAN_POINT('',(0.0480587037103541,0.00623286327155009,-0.228411480561483));
#3148=CARTESIAN_POINT('',(0.0480587037103541,0.00623286327155009,-0.2317));
#3149=CARTESIAN_POINT('',(0.0473010198560119,0.00622733899486211,-0.228411480561483));
#3150=CARTESIAN_POINT('',(0.0473010198560119,0.00622733899486211,-0.2317));
#3151=CARTESIAN_POINT('',(0.0466348004581943,0.00645439122226297,-0.228411480561483));
#3152=CARTESIAN_POINT('',(0.0466348004581943,0.00645439122226297,-0.2317));
#3153=CARTESIAN_POINT('',(0.0486278728339931,0.00642087181802464,-0.22892230618099));
#3154=CARTESIAN_POINT('',(0.048534612605559,0.00639384250051164,-0.229078746537487));
#3155=CARTESIAN_POINT('',(0.0482369654395351,0.00631836714685789,-0.229293932361182));
#3156=CARTESIAN_POINT('',(0.0475151962830172,0.00625696160595152,-0.229430931085487));
#3157=CARTESIAN_POINT('',(0.0469790148205822,0.00633708056163139,-0.229428344960111));
#3158=CARTESIAN_POINT('',(0.0466348004581942,0.00645439122226297,-0.229429491921562));
#3159=CARTESIAN_POINT('',(0.0486279735808353,0.00642090102052153,-0.228922137050037));
#3160=CARTESIAN_POINT('',(0.0487389884795801,0.00645511803711622,-0.228431093997566));
#3161=CARTESIAN_POINT('',(0.0487389884792665,0.00645511803701376,-0.228601567920663));
#3162=CARTESIAN_POINT('',(0.0487150052484538,0.00644612801492986,-0.228776056820435));
#3163=CARTESIAN_POINT('',(0.048627973615863,0.00642090102898471,-0.228922137072368));
#3164=CARTESIAN_POINT('',(0.0487394492494564,0.00645489074181347,-0.22843107441453));
#3165=CARTESIAN_POINT('',(0.0487138330013702,0.00646752721369236,-0.228431074414531));
#3166=CARTESIAN_POINT('',(0.0486882033457079,0.00648013646974441,-0.228431074414531));
#3167=CARTESIAN_POINT('',(0.0486625603113846,0.00649271849574391,-0.22843107441453));
#3168=CARTESIAN_POINT('',(0.0487394492494632,0.0064548907418125,-0.228588691749077));
#3169=CARTESIAN_POINT('',(0.048713833001373,0.00646752721369339,-0.228588691749078));
#3170=CARTESIAN_POINT('',(0.0486882033457066,0.00648013646974745,-0.228588691749078));
#3171=CARTESIAN_POINT('',(0.0486625603113792,0.00649271849574894,-0.228588691749077));
#3172=CARTESIAN_POINT('',(0.0487341309842622,0.00644410973204712,-0.228761574135076));
#3173=CARTESIAN_POINT('',(0.0487085223703158,0.00645674243800975,-0.228761574135077));
#3174=CARTESIAN_POINT('',(0.048682900352789,0.00646934793625638,-0.228761574135077));
#3175=CARTESIAN_POINT('',(0.0486572649605883,0.00648192621256554,-0.228761574135076));
#3176=CARTESIAN_POINT('',(0.0487036424040275,0.00638230429955825,-0.228925064369818));
#3177=CARTESIAN_POINT('',(0.0486780775551647,0.00639491541623321,-0.228925064369819));
#3178=CARTESIAN_POINT('',(0.0486524993256281,0.00640749937169012,-0.228925064369819));
#3179=CARTESIAN_POINT('',(0.048626907744275,0.00642005615173181,-0.228925064369818));
#3180=CARTESIAN_POINT('',(0.0486630168174951,0.00649249450262254,-0.22843107441453));
#3181=CARTESIAN_POINT('',(0.0486630168408075,0.00649249449118607,-0.228587751682969));
#3182=CARTESIAN_POINT('',(0.0486578323897644,0.00648192850697974,-0.228759397523346));
#3183=CARTESIAN_POINT('',(0.0486279043507248,0.00642093502423895,-0.22892213706286));
#3184=CARTESIAN_POINT('',(0.0482851680698166,0.00567079445023852,-0.229430118879373));
#3185=CARTESIAN_POINT('',(0.0470605417694002,0.00627487297752637,-0.229430118879142));
#3186=CARTESIAN_POINT('',(0.0458039906875589,0.00680938193116985,-0.229430118879117));
#3187=CARTESIAN_POINT('',(0.0445194632311346,0.00727264174649371,-0.229430118879298));
#3188=CARTESIAN_POINT('',(0.0483905186491969,0.00588408987695258,-0.229423317137423));
#3189=CARTESIAN_POINT('',(0.0471579161561295,0.00649210799417896,-0.229423317137191));
#3190=CARTESIAN_POINT('',(0.0458931806629923,0.00703010341162237,-0.229423317137165));
#3191=CARTESIAN_POINT('',(0.0446002862941535,0.00749638560924115,-0.229423317137347));
#3192=CARTESIAN_POINT('',(0.0485763511194635,0.00626033095946343,-0.229294449484569));
#3193=CARTESIAN_POINT('',(0.0473296790731673,0.00687529829077957,-0.229294449484334));
#3194=CARTESIAN_POINT('',(0.0460505067408744,0.00741944363340317,-0.229294449484309));
#3195=CARTESIAN_POINT('',(0.044742853611217,0.00789105714264509,-0.229294449484493));
#3196=CARTESIAN_POINT('',(0.0486808240829159,0.00647184954281628,-0.228795564670328));
#3197=CARTESIAN_POINT('',(0.0474262422890652,0.00709072364560055,-0.228795564670092));
#3198=CARTESIAN_POINT('',(0.0461389537251234,0.00763832640828822,-0.228795564670066));
#3199=CARTESIAN_POINT('',(0.0448230033830108,0.00811293712208666,-0.228795564670251));
#3200=CARTESIAN_POINT('',(0.0486853460541407,0.00648100483913478,-0.228548092799122));
#3201=CARTESIAN_POINT('',(0.0474304218975248,0.00710004804125816,-0.228548092798886));
#3202=CARTESIAN_POINT('',(0.0461427820334319,0.00764780045371487,-0.22854809279886));
#3203=CARTESIAN_POINT('',(0.0448264725576579,0.0081225408974742,-0.228548092799045));
#3204=CARTESIAN_POINT('',(0.04868534605413,0.00648100483908936,-0.228431074414633));
#3205=CARTESIAN_POINT('',(0.0474304218975049,0.00710004804121687,-0.228431074414397));
#3206=CARTESIAN_POINT('',(0.0461427820334027,0.0076478004536772,-0.228431074414371));
#3207=CARTESIAN_POINT('',(0.0448264725576191,0.00812254089743961,-0.228431074414556));
#3208=CARTESIAN_POINT('',(0.0502383552585421,0.0106878771402289,-0.228887202893383));
#3209=CARTESIAN_POINT('',(0.04921110751998,0.0112472465308146,-0.228887202893324));
#3210=CARTESIAN_POINT('',(0.0481605528315569,0.0117615099634415,-0.228887202893317));
#3211=CARTESIAN_POINT('',(0.0470886705923475,0.0122296984903967,-0.22888720289336));
#3212=CARTESIAN_POINT('',(0.0502383552585626,0.0106878771402538,-0.229061287055875));
#3213=CARTESIAN_POINT('',(0.0492111075200044,0.0112472465308378,-0.229061287055815));
#3214=CARTESIAN_POINT('',(0.0481605528315852,0.0117615099634633,-0.229061287055808));
#3215=CARTESIAN_POINT('',(0.0470886705923798,0.0122296984904172,-0.229061287055852));
#3216=CARTESIAN_POINT('',(0.0502561361837565,0.0107205005117268,-0.229462116594526));
#3217=CARTESIAN_POINT('',(0.0492279440245761,0.0112803846459347,-0.229462116594466));
#3218=CARTESIAN_POINT('',(0.0481764234671593,0.0117951213526765,-0.229462116594459));
#3219=CARTESIAN_POINT('',(0.0471035557304196,0.0122637407925216,-0.229462116594502));
#3220=CARTESIAN_POINT('',(0.0504020572851882,0.0109882277667139,-0.229741410846291));
#3221=CARTESIAN_POINT('',(0.0493661146351204,0.0115523362006373,-0.229741410846231));
#3222=CARTESIAN_POINT('',(0.0483066675683822,0.0120709568830565,-0.229741410846224));
#3223=CARTESIAN_POINT('',(0.0472257122385932,0.0125431126565611,-0.229741410846268));
#3224=CARTESIAN_POINT('',(0.0504891674130037,0.0111480521867042,-0.229813661598387));
#3225=CARTESIAN_POINT('',(0.0494485979732149,0.0117146823894787,-0.229813661598327));
#3226=CARTESIAN_POINT('',(0.0483844190395043,0.0122356216784225,-0.229813661598319));
#3227=CARTESIAN_POINT('',(0.0472986356810224,0.0127098885275304,-0.229813661598364));
#3228=MECHANICAL_DESIGN_GEOMETRIC_PRESENTATION_REPRESENTATION('',(#994),
#3229);
#3229=(
GEOMETRIC_REPRESENTATION_CONTEXT(3)
GLOBAL_UNCERTAINTY_ASSIGNED_CONTEXT((#3230))
GLOBAL_UNIT_ASSIGNED_CONTEXT((#3233,#3232,#3231))
REPRESENTATION_CONTEXT('Part 2','TOP_LEVEL_ASSEMBLY_PART')
);
#3230=UNCERTAINTY_MEASURE_WITH_UNIT(LENGTH_MEASURE(2.02E-5),#3233,
'DISTANCE_ACCURACY_VALUE','Maximum Tolerance applied to model');
#3231=(
NAMED_UNIT(*)
SI_UNIT($,.STERADIAN.)
SOLID_ANGLE_UNIT()
);
#3232=(
NAMED_UNIT(*)
PLANE_ANGLE_UNIT()
SI_UNIT($,.RADIAN.)
);
#3233=(
LENGTH_UNIT()
NAMED_UNIT(*)
SI_UNIT($,.METRE.)
);
#3234=PRODUCT_DEFINITION_SHAPE('','',#3235);
#3235=PRODUCT_DEFINITION('','',#3237,#3236);
#3236=PRODUCT_DEFINITION_CONTEXT('',#3243,'design');
#3237=PRODUCT_DEFINITION_FORMATION_WITH_SPECIFIED_SOURCE('','',#3239,
 .NOT_KNOWN.);
#3238=PRODUCT_RELATED_PRODUCT_CATEGORY('','',(#3239));
#3239=PRODUCT('Part 2','Part 2','Part 2',(#3241));
#3240=PRODUCT_CATEGORY('','');
#3241=PRODUCT_CONTEXT('',#3243,'mechanical');
#3242=APPLICATION_PROTOCOL_DEFINITION('international standard',
'ap242_managed_model_based_3d_engineering',2020,#3243);
#3243=APPLICATION_CONTEXT('managed model based 3d engineering');
ENDSEC;
END-ISO-10303-21;
