ISO-10303-21;
HEADER;
/* Generated by software containing ST-Developer
 * from STEP Tools, Inc. (www.steptools.com) 
 */
/* OPTION: using custom renumber hook */

FILE_DESCRIPTION(
/* description */ ('STEP AP242 Edition 2',
'CAx-IF Rec.Pracs.---Representation and Presentation of Product Manufa
cturing Information (PMI)---4.0---2014-10-13',
'CAx-IF Rec.Pracs.---3D Tessellated Geometry---0.4---2014-09-14','2;1',
'CAx-IF Rec.Pracs.---User Defined Attributes---1.5---2016-08-15'),
/* implementation_level */ '2;1');

FILE_NAME(
/* name */ 'Main chassis - Part 53',
/* time_stamp */ '2026-06-21T11:46:38Z',
/* author */ (''),
/* organization */ (''),
/* preprocessor_version */ 'ST-DEVELOPER v20',
/* originating_system */ 'ONSHAPE BY PTC INC, 1.216',
/* authorisation */ '  ');

FILE_SCHEMA (('AP242_MANAGED_MODEL_BASED_3D_ENGINEERING_MIM_LF { 1 0 10303 442 3 1 4 }'));
ENDSEC;

DATA;
#10=SHAPE_REPRESENTATION_RELATIONSHIP('','',#2111,#11);
#11=ADVANCED_BREP_SHAPE_REPRESENTATION('',(#2109),#11636);
#12=CONICAL_SURFACE('',#2210,0.002575,0.0523598775598298);
#13=CONICAL_SURFACE('',#2220,0.002575,0.0523598775598298);
#14=CONICAL_SURFACE('',#2225,0.002575,0.0523598775598298);
#15=CONICAL_SURFACE('',#2227,0.002575,0.0523598775598298);
#16=CYLINDRICAL_SURFACE('',#2135,0.0233897265357486);
#17=CYLINDRICAL_SURFACE('',#2150,10.421941155489);
#18=CYLINDRICAL_SURFACE('',#2151,10.4219411553906);
#19=CYLINDRICAL_SURFACE('',#2152,0.001075);
#20=CYLINDRICAL_SURFACE('',#2155,0.001075);
#21=CYLINDRICAL_SURFACE('',#2158,0.001075);
#22=CYLINDRICAL_SURFACE('',#2161,0.001075);
#23=CYLINDRICAL_SURFACE('',#2164,0.001075);
#24=CYLINDRICAL_SURFACE('',#2167,0.001075);
#25=CYLINDRICAL_SURFACE('',#2170,0.001075);
#26=CYLINDRICAL_SURFACE('',#2173,0.001075);
#27=CYLINDRICAL_SURFACE('',#2178,0.001075);
#28=CYLINDRICAL_SURFACE('',#2179,0.001075);
#29=CYLINDRICAL_SURFACE('',#2182,0.001075);
#30=CYLINDRICAL_SURFACE('',#2185,0.001075);
#31=CYLINDRICAL_SURFACE('',#2190,0.001075);
#32=CYLINDRICAL_SURFACE('',#2191,0.001075);
#33=CYLINDRICAL_SURFACE('',#2194,0.001075);
#34=CYLINDRICAL_SURFACE('',#2197,0.001075);
#35=CYLINDRICAL_SURFACE('',#2200,0.001075);
#36=CYLINDRICAL_SURFACE('',#2203,0.001075);
#37=CYLINDRICAL_SURFACE('',#2212,0.004575);
#38=CYLINDRICAL_SURFACE('',#2214,0.002);
#39=CYLINDRICAL_SURFACE('',#2216,0.002);
#40=CYLINDRICAL_SURFACE('',#2218,0.004575);
#41=CYLINDRICAL_SURFACE('',#2223,0.004575);
#42=CYLINDRICAL_SURFACE('',#2229,0.004575);
#43=CYLINDRICAL_SURFACE('',#2231,0.002);
#44=CYLINDRICAL_SURFACE('',#2234,0.002);
#45=CIRCLE('',#2114,0.001075);
#46=CIRCLE('',#2115,0.001075);
#47=CIRCLE('',#2116,0.001075);
#48=CIRCLE('',#2117,0.001075);
#49=CIRCLE('',#2119,0.001075);
#50=CIRCLE('',#2121,0.001075);
#51=CIRCLE('',#2122,0.001075);
#52=CIRCLE('',#2123,0.001075);
#53=CIRCLE('',#2124,0.001075);
#54=CIRCLE('',#2125,0.001075);
#55=CIRCLE('',#2126,0.001075);
#56=CIRCLE('',#2127,0.001075);
#57=CIRCLE('',#2128,0.001075);
#58=CIRCLE('',#2129,0.001075);
#59=CIRCLE('',#2131,0.001075);
#60=CIRCLE('',#2132,0.001075);
#61=CIRCLE('',#2133,0.001075);
#62=CIRCLE('',#2134,0.001075);
#63=CIRCLE('',#2137,0.00274270489370573);
#64=CIRCLE('',#2138,0.004575);
#65=CIRCLE('',#2139,0.002);
#66=CIRCLE('',#2140,0.002);
#67=CIRCLE('',#2141,0.004575);
#68=CIRCLE('',#2142,0.00274270489370572);
#69=CIRCLE('',#2144,0.002);
#70=CIRCLE('',#2145,0.004575);
#71=CIRCLE('',#2146,0.00274270489370573);
#72=CIRCLE('',#2147,0.00274270489370573);
#73=CIRCLE('',#2148,0.004575);
#74=CIRCLE('',#2149,0.002);
#75=CIRCLE('',#2153,0.001075);
#76=CIRCLE('',#2156,0.001075);
#77=CIRCLE('',#2159,0.001075);
#78=CIRCLE('',#2162,0.001075);
#79=CIRCLE('',#2165,0.001075);
#80=CIRCLE('',#2168,0.001075);
#81=CIRCLE('',#2171,0.001075);
#82=CIRCLE('',#2174,0.001075);
#83=CIRCLE('',#2177,0.001075);
#84=CIRCLE('',#2180,0.001075);
#85=CIRCLE('',#2183,0.001075);
#86=CIRCLE('',#2186,0.001075);
#87=CIRCLE('',#2189,0.001075);
#88=CIRCLE('',#2192,0.001075);
#89=CIRCLE('',#2195,0.001075);
#90=CIRCLE('',#2198,0.001075);
#91=CIRCLE('',#2201,0.001075);
#92=CIRCLE('',#2204,0.001075);
#93=CIRCLE('',#2211,0.002575);
#94=CIRCLE('',#2213,0.004575);
#95=CIRCLE('',#2215,0.002);
#96=CIRCLE('',#2217,0.002);
#97=CIRCLE('',#2219,0.004575);
#98=CIRCLE('',#2221,0.002575);
#99=CIRCLE('',#2224,0.004575);
#100=CIRCLE('',#2226,0.002575);
#101=CIRCLE('',#2228,0.002575);
#102=CIRCLE('',#2230,0.004575);
#103=CIRCLE('',#2232,0.002);
#104=CIRCLE('',#2235,0.002);
#105=PLANE('',#2113);
#106=PLANE('',#2118);
#107=PLANE('',#2120);
#108=PLANE('',#2130);
#109=PLANE('',#2136);
#110=PLANE('',#2143);
#111=PLANE('',#2154);
#112=PLANE('',#2157);
#113=PLANE('',#2160);
#114=PLANE('',#2163);
#115=PLANE('',#2166);
#116=PLANE('',#2169);
#117=PLANE('',#2172);
#118=PLANE('',#2175);
#119=PLANE('',#2176);
#120=PLANE('',#2181);
#121=PLANE('',#2184);
#122=PLANE('',#2187);
#123=PLANE('',#2188);
#124=PLANE('',#2193);
#125=PLANE('',#2196);
#126=PLANE('',#2199);
#127=PLANE('',#2202);
#128=PLANE('',#2205);
#129=PLANE('',#2206);
#130=PLANE('',#2207);
#131=PLANE('',#2208);
#132=PLANE('',#2209);
#133=PLANE('',#2222);
#134=PLANE('',#2233);
#135=PLANE('',#2236);
#136=PLANE('',#2237);
#137=PLANE('',#2238);
#138=PLANE('',#2239);
#139=PLANE('',#2240);
#140=PLANE('',#2241);
#141=PLANE('',#2242);
#142=PLANE('',#2243);
#143=PLANE('',#2244);
#144=PLANE('',#2245);
#145=LINE('',#2625,#236);
#146=LINE('',#2633,#237);
#147=LINE('',#2642,#238);
#148=LINE('',#2656,#239);
#149=LINE('',#2777,#240);
#150=LINE('',#2778,#241);
#151=LINE('',#2803,#242);
#152=LINE('',#2820,#243);
#153=LINE('',#2835,#244);
#154=LINE('',#2855,#245);
#155=LINE('',#2862,#246);
#156=LINE('',#2870,#247);
#157=LINE('',#3004,#248);
#158=LINE('',#3006,#249);
#159=LINE('',#3039,#250);
#160=LINE('',#3053,#251);
#161=LINE('',#3062,#252);
#162=LINE('',#3070,#253);
#163=LINE('',#3072,#254);
#164=LINE('',#3121,#255);
#165=LINE('',#3123,#256);
#166=LINE('',#3125,#257);
#167=LINE('',#3156,#258);
#168=LINE('',#3158,#259);
#169=LINE('',#3165,#260);
#170=LINE('',#3172,#261);
#171=LINE('',#3179,#262);
#172=LINE('',#3181,#263);
#173=LINE('',#3191,#264);
#174=LINE('',#3194,#265);
#175=LINE('',#3196,#266);
#176=LINE('',#3198,#267);
#177=LINE('',#5010,#268);
#178=LINE('',#5090,#269);
#179=LINE('',#5141,#270);
#180=LINE('',#8212,#271);
#181=LINE('',#8284,#272);
#182=LINE('',#8303,#273);
#183=LINE('',#8766,#274);
#184=LINE('',#8824,#275);
#185=LINE('',#8891,#276);
#186=LINE('',#8923,#277);
#187=LINE('',#9194,#278);
#188=LINE('',#9287,#279);
#189=LINE('',#9288,#280);
#190=LINE('',#9323,#281);
#191=LINE('',#9334,#282);
#192=LINE('',#9393,#283);
#193=LINE('',#9395,#284);
#194=LINE('',#9397,#285);
#195=LINE('',#9404,#286);
#196=LINE('',#9411,#287);
#197=LINE('',#9419,#288);
#198=LINE('',#9433,#289);
#199=LINE('',#9441,#290);
#200=LINE('',#9448,#291);
#201=LINE('',#9455,#292);
#202=LINE('',#9457,#293);
#203=LINE('',#9477,#294);
#204=LINE('',#9502,#295);
#205=LINE('',#9504,#296);
#206=LINE('',#9506,#297);
#207=LINE('',#9543,#298);
#208=LINE('',#9545,#299);
#209=LINE('',#9547,#300);
#210=LINE('',#9554,#301);
#211=LINE('',#9561,#302);
#212=LINE('',#9568,#303);
#213=LINE('',#9611,#304);
#214=LINE('',#9652,#305);
#215=LINE('',#10884,#306);
#216=LINE('',#10895,#307);
#217=LINE('',#10901,#308);
#218=LINE('',#10908,#309);
#219=LINE('',#10915,#310);
#220=LINE('',#10939,#311);
#221=LINE('',#10999,#312);
#222=LINE('',#11338,#313);
#223=LINE('',#11339,#314);
#224=LINE('',#11582,#315);
#225=LINE('',#11586,#316);
#226=LINE('',#11590,#317);
#227=LINE('',#11594,#318);
#228=LINE('',#11600,#319);
#229=LINE('',#11604,#320);
#230=LINE('',#11610,#321);
#231=LINE('',#11614,#322);
#232=LINE('',#11618,#323);
#233=LINE('',#11620,#324);
#234=LINE('',#11624,#325);
#235=LINE('',#11626,#326);
#236=VECTOR('',#2248,1.);
#237=VECTOR('',#2249,1.);
#238=VECTOR('',#2250,1.);
#239=VECTOR('',#2251,1.);
#240=VECTOR('',#2252,1.);
#241=VECTOR('',#2253,1.);
#242=VECTOR('',#2254,1.);
#243=VECTOR('',#2255,1.);
#244=VECTOR('',#2256,1.);
#245=VECTOR('',#2257,1.);
#246=VECTOR('',#2258,1.);
#247=VECTOR('',#2259,1.);
#248=VECTOR('',#2260,1.);
#249=VECTOR('',#2261,1.);
#250=VECTOR('',#2262,1.);
#251=VECTOR('',#2263,1.);
#252=VECTOR('',#2264,1.);
#253=VECTOR('',#2265,1.);
#254=VECTOR('',#2268,1.);
#255=VECTOR('',#2269,1.);
#256=VECTOR('',#2270,1.);
#257=VECTOR('',#2271,1.);
#258=VECTOR('',#2272,1.);
#259=VECTOR('',#2273,1.);
#260=VECTOR('',#2274,1.);
#261=VECTOR('',#2275,1.);
#262=VECTOR('',#2276,1.);
#263=VECTOR('',#2277,1.);
#264=VECTOR('',#2288,1.);
#265=VECTOR('',#2289,1.);
#266=VECTOR('',#2290,1.);
#267=VECTOR('',#2291,1.);
#268=VECTOR('',#2294,1.);
#269=VECTOR('',#2295,1.);
#270=VECTOR('',#2296,1.);
#271=VECTOR('',#2297,1.);
#272=VECTOR('',#2298,1.);
#273=VECTOR('',#2299,1.);
#274=VECTOR('',#2300,1.);
#275=VECTOR('',#2301,1.);
#276=VECTOR('',#2302,1.);
#277=VECTOR('',#2303,1.);
#278=VECTOR('',#2304,1.);
#279=VECTOR('',#2305,1.);
#280=VECTOR('',#2306,1.);
#281=VECTOR('',#2307,1.);
#282=VECTOR('',#2310,1.);
#283=VECTOR('',#2311,1.);
#284=VECTOR('',#2312,1.);
#285=VECTOR('',#2313,1.);
#286=VECTOR('',#2314,1.);
#287=VECTOR('',#2315,1.);
#288=VECTOR('',#2316,1.);
#289=VECTOR('',#2317,1.);
#290=VECTOR('',#2318,1.);
#291=VECTOR('',#2319,1.);
#292=VECTOR('',#2320,1.);
#293=VECTOR('',#2321,1.);
#294=VECTOR('',#2342,1.);
#295=VECTOR('',#2343,1.);
#296=VECTOR('',#2344,1.);
#297=VECTOR('',#2345,1.);
#298=VECTOR('',#2346,1.);
#299=VECTOR('',#2347,1.);
#300=VECTOR('',#2348,1.);
#301=VECTOR('',#2349,1.);
#302=VECTOR('',#2350,1.);
#303=VECTOR('',#2351,1.);
#304=VECTOR('',#2362,1.);
#305=VECTOR('',#2363,1.);
#306=VECTOR('',#2364,1.);
#307=VECTOR('',#2367,1.);
#308=VECTOR('',#2374,1.);
#309=VECTOR('',#2383,1.);
#310=VECTOR('',#2390,1.);
#311=VECTOR('',#2399,1.);
#312=VECTOR('',#2402,1.);
#313=VECTOR('',#2403,1.);
#314=VECTOR('',#2404,1.);
#315=VECTOR('',#2527,1.);
#316=VECTOR('',#2532,1.);
#317=VECTOR('',#2537,1.);
#318=VECTOR('',#2540,1.);
#319=VECTOR('',#2551,1.);
#320=VECTOR('',#2556,1.);
#321=VECTOR('',#2567,1.);
#322=VECTOR('',#2572,1.);
#323=VECTOR('',#2577,1.);
#324=VECTOR('',#2578,1.);
#325=VECTOR('',#2585,1.);
#326=VECTOR('',#2588,1.);
#327=ORIENTED_EDGE('',*,*,#937,.T.);
#328=ORIENTED_EDGE('',*,*,#938,.T.);
#329=ORIENTED_EDGE('',*,*,#939,.F.);
#330=ORIENTED_EDGE('',*,*,#940,.T.);
#331=ORIENTED_EDGE('',*,*,#941,.F.);
#332=ORIENTED_EDGE('',*,*,#942,.T.);
#333=ORIENTED_EDGE('',*,*,#943,.F.);
#334=ORIENTED_EDGE('',*,*,#944,.T.);
#335=ORIENTED_EDGE('',*,*,#945,.F.);
#336=ORIENTED_EDGE('',*,*,#946,.F.);
#337=ORIENTED_EDGE('',*,*,#947,.F.);
#338=ORIENTED_EDGE('',*,*,#948,.F.);
#339=ORIENTED_EDGE('',*,*,#949,.F.);
#340=ORIENTED_EDGE('',*,*,#950,.F.);
#341=ORIENTED_EDGE('',*,*,#951,.F.);
#342=ORIENTED_EDGE('',*,*,#952,.T.);
#343=ORIENTED_EDGE('',*,*,#953,.T.);
#344=ORIENTED_EDGE('',*,*,#954,.T.);
#345=ORIENTED_EDGE('',*,*,#955,.T.);
#346=ORIENTED_EDGE('',*,*,#956,.T.);
#347=ORIENTED_EDGE('',*,*,#957,.T.);
#348=ORIENTED_EDGE('',*,*,#958,.T.);
#349=ORIENTED_EDGE('',*,*,#955,.F.);
#350=ORIENTED_EDGE('',*,*,#959,.T.);
#351=ORIENTED_EDGE('',*,*,#937,.F.);
#352=ORIENTED_EDGE('',*,*,#960,.F.);
#353=ORIENTED_EDGE('',*,*,#961,.F.);
#354=ORIENTED_EDGE('',*,*,#962,.F.);
#355=ORIENTED_EDGE('',*,*,#963,.F.);
#356=ORIENTED_EDGE('',*,*,#964,.F.);
#357=ORIENTED_EDGE('',*,*,#965,.F.);
#358=ORIENTED_EDGE('',*,*,#966,.T.);
#359=ORIENTED_EDGE('',*,*,#967,.F.);
#360=ORIENTED_EDGE('',*,*,#968,.T.);
#361=ORIENTED_EDGE('',*,*,#969,.T.);
#362=ORIENTED_EDGE('',*,*,#970,.T.);
#363=ORIENTED_EDGE('',*,*,#971,.T.);
#364=ORIENTED_EDGE('',*,*,#972,.F.);
#365=ORIENTED_EDGE('',*,*,#973,.T.);
#366=ORIENTED_EDGE('',*,*,#974,.F.);
#367=ORIENTED_EDGE('',*,*,#975,.F.);
#368=ORIENTED_EDGE('',*,*,#969,.F.);
#369=ORIENTED_EDGE('',*,*,#976,.T.);
#370=ORIENTED_EDGE('',*,*,#977,.F.);
#371=ORIENTED_EDGE('',*,*,#978,.F.);
#372=ORIENTED_EDGE('',*,*,#979,.F.);
#373=ORIENTED_EDGE('',*,*,#978,.T.);
#374=ORIENTED_EDGE('',*,*,#980,.T.);
#375=ORIENTED_EDGE('',*,*,#981,.T.);
#376=ORIENTED_EDGE('',*,*,#982,.T.);
#377=ORIENTED_EDGE('',*,*,#983,.T.);
#378=ORIENTED_EDGE('',*,*,#984,.T.);
#379=ORIENTED_EDGE('',*,*,#985,.T.);
#380=ORIENTED_EDGE('',*,*,#986,.T.);
#381=ORIENTED_EDGE('',*,*,#987,.F.);
#382=ORIENTED_EDGE('',*,*,#953,.F.);
#383=ORIENTED_EDGE('',*,*,#988,.F.);
#384=ORIENTED_EDGE('',*,*,#957,.F.);
#385=ORIENTED_EDGE('',*,*,#989,.F.);
#386=ORIENTED_EDGE('',*,*,#990,.F.);
#387=ORIENTED_EDGE('',*,*,#991,.T.);
#388=ORIENTED_EDGE('',*,*,#992,.F.);
#389=ORIENTED_EDGE('',*,*,#993,.T.);
#390=ORIENTED_EDGE('',*,*,#994,.T.);
#391=ORIENTED_EDGE('',*,*,#995,.F.);
#392=ORIENTED_EDGE('',*,*,#996,.T.);
#393=ORIENTED_EDGE('',*,*,#997,.T.);
#394=ORIENTED_EDGE('',*,*,#948,.T.);
#395=ORIENTED_EDGE('',*,*,#998,.F.);
#396=ORIENTED_EDGE('',*,*,#999,.T.);
#397=ORIENTED_EDGE('',*,*,#950,.T.);
#398=ORIENTED_EDGE('',*,*,#1000,.T.);
#399=ORIENTED_EDGE('',*,*,#1001,.T.);
#400=ORIENTED_EDGE('',*,*,#1002,.F.);
#401=ORIENTED_EDGE('',*,*,#1003,.T.);
#402=ORIENTED_EDGE('',*,*,#1004,.T.);
#403=ORIENTED_EDGE('',*,*,#1005,.T.);
#404=ORIENTED_EDGE('',*,*,#1006,.F.);
#405=ORIENTED_EDGE('',*,*,#1007,.F.);
#406=ORIENTED_EDGE('',*,*,#1008,.F.);
#407=ORIENTED_EDGE('',*,*,#1009,.F.);
#408=ORIENTED_EDGE('',*,*,#1010,.F.);
#409=ORIENTED_EDGE('',*,*,#1011,.F.);
#410=ORIENTED_EDGE('',*,*,#1012,.F.);
#411=ORIENTED_EDGE('',*,*,#1013,.T.);
#412=ORIENTED_EDGE('',*,*,#1014,.T.);
#413=ORIENTED_EDGE('',*,*,#1015,.F.);
#414=ORIENTED_EDGE('',*,*,#1016,.F.);
#415=ORIENTED_EDGE('',*,*,#1017,.F.);
#416=ORIENTED_EDGE('',*,*,#1018,.T.);
#417=ORIENTED_EDGE('',*,*,#1019,.F.);
#418=ORIENTED_EDGE('',*,*,#1020,.T.);
#419=ORIENTED_EDGE('',*,*,#1021,.T.);
#420=ORIENTED_EDGE('',*,*,#1022,.T.);
#421=ORIENTED_EDGE('',*,*,#1023,.F.);
#422=ORIENTED_EDGE('',*,*,#1024,.F.);
#423=ORIENTED_EDGE('',*,*,#1025,.T.);
#424=ORIENTED_EDGE('',*,*,#994,.F.);
#425=ORIENTED_EDGE('',*,*,#1026,.F.);
#426=ORIENTED_EDGE('',*,*,#1027,.T.);
#427=ORIENTED_EDGE('',*,*,#1028,.F.);
#428=ORIENTED_EDGE('',*,*,#1029,.T.);
#429=ORIENTED_EDGE('',*,*,#1030,.F.);
#430=ORIENTED_EDGE('',*,*,#1031,.T.);
#431=ORIENTED_EDGE('',*,*,#1032,.T.);
#432=ORIENTED_EDGE('',*,*,#1014,.F.);
#433=ORIENTED_EDGE('',*,*,#1033,.F.);
#434=ORIENTED_EDGE('',*,*,#1034,.T.);
#435=ORIENTED_EDGE('',*,*,#1035,.F.);
#436=ORIENTED_EDGE('',*,*,#1036,.T.);
#437=ORIENTED_EDGE('',*,*,#1037,.T.);
#438=ORIENTED_EDGE('',*,*,#1021,.F.);
#439=ORIENTED_EDGE('',*,*,#1020,.F.);
#440=ORIENTED_EDGE('',*,*,#1038,.F.);
#441=ORIENTED_EDGE('',*,*,#1025,.F.);
#442=ORIENTED_EDGE('',*,*,#1039,.T.);
#443=ORIENTED_EDGE('',*,*,#1040,.F.);
#444=ORIENTED_EDGE('',*,*,#995,.T.);
#445=ORIENTED_EDGE('',*,*,#1023,.T.);
#446=ORIENTED_EDGE('',*,*,#1041,.T.);
#447=ORIENTED_EDGE('',*,*,#1042,.T.);
#448=ORIENTED_EDGE('',*,*,#1030,.T.);
#449=ORIENTED_EDGE('',*,*,#1043,.T.);
#450=ORIENTED_EDGE('',*,*,#1044,.T.);
#451=ORIENTED_EDGE('',*,*,#1026,.T.);
#452=ORIENTED_EDGE('',*,*,#1045,.T.);
#453=ORIENTED_EDGE('',*,*,#1046,.T.);
#454=ORIENTED_EDGE('',*,*,#1047,.T.);
#455=ORIENTED_EDGE('',*,*,#1048,.F.);
#456=ORIENTED_EDGE('',*,*,#1038,.T.);
#457=ORIENTED_EDGE('',*,*,#1049,.F.);
#458=ORIENTED_EDGE('',*,*,#1035,.T.);
#459=ORIENTED_EDGE('',*,*,#1048,.T.);
#460=ORIENTED_EDGE('',*,*,#1050,.T.);
#461=ORIENTED_EDGE('',*,*,#1051,.T.);
#462=ORIENTED_EDGE('',*,*,#1052,.F.);
#463=ORIENTED_EDGE('',*,*,#996,.F.);
#464=ORIENTED_EDGE('',*,*,#1040,.T.);
#465=ORIENTED_EDGE('',*,*,#1053,.F.);
#466=ORIENTED_EDGE('',*,*,#1054,.T.);
#467=ORIENTED_EDGE('',*,*,#1055,.T.);
#468=ORIENTED_EDGE('',*,*,#1056,.T.);
#469=ORIENTED_EDGE('',*,*,#1057,.T.);
#470=ORIENTED_EDGE('',*,*,#1058,.T.);
#471=ORIENTED_EDGE('',*,*,#1059,.F.);
#472=ORIENTED_EDGE('',*,*,#1060,.T.);
#473=ORIENTED_EDGE('',*,*,#1061,.T.);
#474=ORIENTED_EDGE('',*,*,#991,.F.);
#475=ORIENTED_EDGE('',*,*,#1062,.T.);
#476=ORIENTED_EDGE('',*,*,#1063,.T.);
#477=ORIENTED_EDGE('',*,*,#1064,.T.);
#478=ORIENTED_EDGE('',*,*,#1057,.F.);
#479=ORIENTED_EDGE('',*,*,#1056,.F.);
#480=ORIENTED_EDGE('',*,*,#1061,.F.);
#481=ORIENTED_EDGE('',*,*,#1065,.T.);
#482=ORIENTED_EDGE('',*,*,#992,.T.);
#483=ORIENTED_EDGE('',*,*,#1066,.F.);
#484=ORIENTED_EDGE('',*,*,#1067,.T.);
#485=ORIENTED_EDGE('',*,*,#1068,.T.);
#486=ORIENTED_EDGE('',*,*,#1069,.T.);
#487=ORIENTED_EDGE('',*,*,#1070,.F.);
#488=ORIENTED_EDGE('',*,*,#1071,.T.);
#489=ORIENTED_EDGE('',*,*,#1072,.T.);
#490=ORIENTED_EDGE('',*,*,#1073,.T.);
#491=ORIENTED_EDGE('',*,*,#1074,.T.);
#492=ORIENTED_EDGE('',*,*,#1012,.T.);
#493=ORIENTED_EDGE('',*,*,#1075,.F.);
#494=ORIENTED_EDGE('',*,*,#1076,.T.);
#495=ORIENTED_EDGE('',*,*,#1077,.T.);
#496=ORIENTED_EDGE('',*,*,#1078,.T.);
#497=ORIENTED_EDGE('',*,*,#1079,.T.);
#498=ORIENTED_EDGE('',*,*,#1080,.F.);
#499=ORIENTED_EDGE('',*,*,#1081,.T.);
#500=ORIENTED_EDGE('',*,*,#1082,.T.);
#501=ORIENTED_EDGE('',*,*,#1083,.T.);
#502=ORIENTED_EDGE('',*,*,#1063,.F.);
#503=ORIENTED_EDGE('',*,*,#1055,.F.);
#504=ORIENTED_EDGE('',*,*,#1084,.T.);
#505=ORIENTED_EDGE('',*,*,#1085,.F.);
#506=ORIENTED_EDGE('',*,*,#1086,.F.);
#507=ORIENTED_EDGE('',*,*,#1087,.F.);
#508=ORIENTED_EDGE('',*,*,#1069,.F.);
#509=ORIENTED_EDGE('',*,*,#1088,.T.);
#510=ORIENTED_EDGE('',*,*,#1089,.T.);
#511=ORIENTED_EDGE('',*,*,#1072,.F.);
#512=ORIENTED_EDGE('',*,*,#1054,.F.);
#513=ORIENTED_EDGE('',*,*,#1090,.T.);
#514=ORIENTED_EDGE('',*,*,#1062,.F.);
#515=ORIENTED_EDGE('',*,*,#990,.T.);
#516=ORIENTED_EDGE('',*,*,#1091,.F.);
#517=ORIENTED_EDGE('',*,*,#1092,.F.);
#518=ORIENTED_EDGE('',*,*,#1084,.F.);
#519=ORIENTED_EDGE('',*,*,#945,.T.);
#520=ORIENTED_EDGE('',*,*,#1093,.T.);
#521=ORIENTED_EDGE('',*,*,#1094,.F.);
#522=ORIENTED_EDGE('',*,*,#1095,.T.);
#523=ORIENTED_EDGE('',*,*,#943,.T.);
#524=ORIENTED_EDGE('',*,*,#1096,.T.);
#525=ORIENTED_EDGE('',*,*,#960,.T.);
#526=ORIENTED_EDGE('',*,*,#1097,.F.);
#527=ORIENTED_EDGE('',*,*,#986,.F.);
#528=ORIENTED_EDGE('',*,*,#1098,.F.);
#529=ORIENTED_EDGE('',*,*,#984,.F.);
#530=ORIENTED_EDGE('',*,*,#1099,.F.);
#531=ORIENTED_EDGE('',*,*,#1100,.F.);
#532=ORIENTED_EDGE('',*,*,#1085,.T.);
#533=ORIENTED_EDGE('',*,*,#1092,.T.);
#534=ORIENTED_EDGE('',*,*,#1101,.T.);
#535=ORIENTED_EDGE('',*,*,#941,.T.);
#536=ORIENTED_EDGE('',*,*,#1102,.T.);
#537=ORIENTED_EDGE('',*,*,#939,.T.);
#538=ORIENTED_EDGE('',*,*,#1103,.F.);
#539=ORIENTED_EDGE('',*,*,#1104,.T.);
#540=ORIENTED_EDGE('',*,*,#1105,.T.);
#541=ORIENTED_EDGE('',*,*,#1106,.F.);
#542=ORIENTED_EDGE('',*,*,#1107,.T.);
#543=ORIENTED_EDGE('',*,*,#1108,.T.);
#544=ORIENTED_EDGE('',*,*,#1109,.F.);
#545=ORIENTED_EDGE('',*,*,#1110,.F.);
#546=ORIENTED_EDGE('',*,*,#1111,.F.);
#547=ORIENTED_EDGE('',*,*,#1050,.F.);
#548=ORIENTED_EDGE('',*,*,#1047,.F.);
#549=ORIENTED_EDGE('',*,*,#1112,.T.);
#550=ORIENTED_EDGE('',*,*,#1113,.T.);
#551=ORIENTED_EDGE('',*,*,#1114,.T.);
#552=ORIENTED_EDGE('',*,*,#1115,.F.);
#553=ORIENTED_EDGE('',*,*,#1116,.F.);
#554=ORIENTED_EDGE('',*,*,#1117,.T.);
#555=ORIENTED_EDGE('',*,*,#1118,.T.);
#556=ORIENTED_EDGE('',*,*,#1119,.T.);
#557=ORIENTED_EDGE('',*,*,#1120,.F.);
#558=ORIENTED_EDGE('',*,*,#1121,.F.);
#559=ORIENTED_EDGE('',*,*,#1122,.F.);
#560=ORIENTED_EDGE('',*,*,#1123,.F.);
#561=ORIENTED_EDGE('',*,*,#1124,.F.);
#562=ORIENTED_EDGE('',*,*,#1125,.F.);
#563=ORIENTED_EDGE('',*,*,#1126,.T.);
#564=ORIENTED_EDGE('',*,*,#1127,.T.);
#565=ORIENTED_EDGE('',*,*,#1128,.T.);
#566=ORIENTED_EDGE('',*,*,#1129,.T.);
#567=ORIENTED_EDGE('',*,*,#1130,.F.);
#568=ORIENTED_EDGE('',*,*,#970,.F.);
#569=ORIENTED_EDGE('',*,*,#1131,.F.);
#570=ORIENTED_EDGE('',*,*,#1132,.F.);
#571=ORIENTED_EDGE('',*,*,#1133,.F.);
#572=ORIENTED_EDGE('',*,*,#1018,.F.);
#573=ORIENTED_EDGE('',*,*,#1134,.T.);
#574=ORIENTED_EDGE('',*,*,#1135,.F.);
#575=ORIENTED_EDGE('',*,*,#1136,.F.);
#576=ORIENTED_EDGE('',*,*,#1080,.T.);
#577=ORIENTED_EDGE('',*,*,#1137,.T.);
#578=ORIENTED_EDGE('',*,*,#1138,.T.);
#579=ORIENTED_EDGE('',*,*,#967,.T.);
#580=ORIENTED_EDGE('',*,*,#1139,.T.);
#581=ORIENTED_EDGE('',*,*,#965,.T.);
#582=ORIENTED_EDGE('',*,*,#1140,.F.);
#583=ORIENTED_EDGE('',*,*,#1141,.T.);
#584=ORIENTED_EDGE('',*,*,#1142,.T.);
#585=ORIENTED_EDGE('',*,*,#1143,.F.);
#586=ORIENTED_EDGE('',*,*,#1144,.T.);
#587=ORIENTED_EDGE('',*,*,#1145,.T.);
#588=ORIENTED_EDGE('',*,*,#1146,.T.);
#589=ORIENTED_EDGE('',*,*,#1147,.F.);
#590=ORIENTED_EDGE('',*,*,#973,.F.);
#591=ORIENTED_EDGE('',*,*,#1148,.F.);
#592=ORIENTED_EDGE('',*,*,#1149,.T.);
#593=ORIENTED_EDGE('',*,*,#1150,.T.);
#594=ORIENTED_EDGE('',*,*,#1151,.T.);
#595=ORIENTED_EDGE('',*,*,#1152,.T.);
#596=ORIENTED_EDGE('',*,*,#1139,.F.);
#597=ORIENTED_EDGE('',*,*,#966,.F.);
#598=ORIENTED_EDGE('',*,*,#958,.F.);
#599=ORIENTED_EDGE('',*,*,#988,.T.);
#600=ORIENTED_EDGE('',*,*,#1153,.F.);
#601=ORIENTED_EDGE('',*,*,#1132,.T.);
#602=ORIENTED_EDGE('',*,*,#1154,.F.);
#603=ORIENTED_EDGE('',*,*,#1155,.F.);
#604=ORIENTED_EDGE('',*,*,#1156,.F.);
#605=ORIENTED_EDGE('',*,*,#1157,.F.);
#606=ORIENTED_EDGE('',*,*,#1158,.T.);
#607=ORIENTED_EDGE('',*,*,#1159,.F.);
#608=ORIENTED_EDGE('',*,*,#1160,.F.);
#609=ORIENTED_EDGE('',*,*,#1045,.F.);
#610=ORIENTED_EDGE('',*,*,#1029,.F.);
#611=ORIENTED_EDGE('',*,*,#1028,.T.);
#612=ORIENTED_EDGE('',*,*,#1161,.T.);
#613=ORIENTED_EDGE('',*,*,#1017,.T.);
#614=ORIENTED_EDGE('',*,*,#1162,.T.);
#615=ORIENTED_EDGE('',*,*,#1134,.F.);
#616=ORIENTED_EDGE('',*,*,#982,.F.);
#617=ORIENTED_EDGE('',*,*,#1163,.T.);
#618=ORIENTED_EDGE('',*,*,#1164,.T.);
#619=ORIENTED_EDGE('',*,*,#1165,.T.);
#620=ORIENTED_EDGE('',*,*,#980,.F.);
#621=ORIENTED_EDGE('',*,*,#977,.T.);
#622=ORIENTED_EDGE('',*,*,#1166,.F.);
#623=ORIENTED_EDGE('',*,*,#1167,.F.);
#624=ORIENTED_EDGE('',*,*,#1109,.T.);
#625=ORIENTED_EDGE('',*,*,#1168,.F.);
#626=ORIENTED_EDGE('',*,*,#1105,.F.);
#627=ORIENTED_EDGE('',*,*,#1169,.T.);
#628=ORIENTED_EDGE('',*,*,#1170,.F.);
#629=ORIENTED_EDGE('',*,*,#1171,.T.);
#630=ORIENTED_EDGE('',*,*,#1172,.F.);
#631=ORIENTED_EDGE('',*,*,#1173,.T.);
#632=ORIENTED_EDGE('',*,*,#1005,.F.);
#633=ORIENTED_EDGE('',*,*,#1174,.F.);
#634=ORIENTED_EDGE('',*,*,#1001,.F.);
#635=ORIENTED_EDGE('',*,*,#1175,.F.);
#636=ORIENTED_EDGE('',*,*,#1176,.T.);
#637=ORIENTED_EDGE('',*,*,#1177,.F.);
#638=ORIENTED_EDGE('',*,*,#1119,.F.);
#639=ORIENTED_EDGE('',*,*,#1178,.T.);
#640=ORIENTED_EDGE('',*,*,#1115,.T.);
#641=ORIENTED_EDGE('',*,*,#1179,.T.);
#642=ORIENTED_EDGE('',*,*,#1146,.F.);
#643=ORIENTED_EDGE('',*,*,#1180,.T.);
#644=ORIENTED_EDGE('',*,*,#1142,.F.);
#645=ORIENTED_EDGE('',*,*,#1181,.F.);
#646=ORIENTED_EDGE('',*,*,#1182,.T.);
#647=ORIENTED_EDGE('',*,*,#1113,.F.);
#648=ORIENTED_EDGE('',*,*,#1183,.F.);
#649=ORIENTED_EDGE('',*,*,#1158,.F.);
#650=ORIENTED_EDGE('',*,*,#1184,.F.);
#651=ORIENTED_EDGE('',*,*,#1114,.F.);
#652=ORIENTED_EDGE('',*,*,#1184,.T.);
#653=ORIENTED_EDGE('',*,*,#1157,.T.);
#654=ORIENTED_EDGE('',*,*,#1185,.F.);
#655=ORIENTED_EDGE('',*,*,#1154,.T.);
#656=ORIENTED_EDGE('',*,*,#1131,.T.);
#657=ORIENTED_EDGE('',*,*,#974,.T.);
#658=ORIENTED_EDGE('',*,*,#1147,.T.);
#659=ORIENTED_EDGE('',*,*,#1179,.F.);
#660=ORIENTED_EDGE('',*,*,#1051,.F.);
#661=ORIENTED_EDGE('',*,*,#1111,.T.);
#662=ORIENTED_EDGE('',*,*,#1186,.F.);
#663=ORIENTED_EDGE('',*,*,#1155,.T.);
#664=ORIENTED_EDGE('',*,*,#1187,.F.);
#665=ORIENTED_EDGE('',*,*,#1019,.T.);
#666=ORIENTED_EDGE('',*,*,#1133,.T.);
#667=ORIENTED_EDGE('',*,*,#1153,.T.);
#668=ORIENTED_EDGE('',*,*,#1185,.T.);
#669=ORIENTED_EDGE('',*,*,#1183,.T.);
#670=ORIENTED_EDGE('',*,*,#1112,.F.);
#671=ORIENTED_EDGE('',*,*,#1046,.F.);
#672=ORIENTED_EDGE('',*,*,#1160,.T.);
#673=ORIENTED_EDGE('',*,*,#1186,.T.);
#674=ORIENTED_EDGE('',*,*,#1110,.T.);
#675=ORIENTED_EDGE('',*,*,#1167,.T.);
#676=ORIENTED_EDGE('',*,*,#1000,.F.);
#677=ORIENTED_EDGE('',*,*,#949,.T.);
#678=ORIENTED_EDGE('',*,*,#997,.F.);
#679=ORIENTED_EDGE('',*,*,#1052,.T.);
#680=ORIENTED_EDGE('',*,*,#1156,.T.);
#681=ORIENTED_EDGE('',*,*,#1188,.F.);
#682=ORIENTED_EDGE('',*,*,#1081,.F.);
#683=ORIENTED_EDGE('',*,*,#1136,.T.);
#684=ORIENTED_EDGE('',*,*,#1189,.T.);
#685=ORIENTED_EDGE('',*,*,#1190,.T.);
#686=ORIENTED_EDGE('',*,*,#1191,.T.);
#687=ORIENTED_EDGE('',*,*,#1067,.F.);
#688=ORIENTED_EDGE('',*,*,#1066,.T.);
#689=ORIENTED_EDGE('',*,*,#1087,.T.);
#690=ORIENTED_EDGE('',*,*,#1102,.F.);
#691=ORIENTED_EDGE('',*,*,#940,.F.);
#692=ORIENTED_EDGE('',*,*,#985,.F.);
#693=ORIENTED_EDGE('',*,*,#1098,.T.);
#694=ORIENTED_EDGE('',*,*,#1079,.F.);
#695=ORIENTED_EDGE('',*,*,#1192,.T.);
#696=ORIENTED_EDGE('',*,*,#1189,.F.);
#697=ORIENTED_EDGE('',*,*,#1086,.T.);
#698=ORIENTED_EDGE('',*,*,#1100,.T.);
#699=ORIENTED_EDGE('',*,*,#1193,.F.);
#700=ORIENTED_EDGE('',*,*,#1137,.F.);
#701=ORIENTED_EDGE('',*,*,#1193,.T.);
#702=ORIENTED_EDGE('',*,*,#1099,.T.);
#703=ORIENTED_EDGE('',*,*,#983,.F.);
#704=ORIENTED_EDGE('',*,*,#1166,.T.);
#705=ORIENTED_EDGE('',*,*,#976,.F.);
#706=ORIENTED_EDGE('',*,*,#968,.F.);
#707=ORIENTED_EDGE('',*,*,#1138,.F.);
#708=ORIENTED_EDGE('',*,*,#1101,.F.);
#709=ORIENTED_EDGE('',*,*,#1091,.T.);
#710=ORIENTED_EDGE('',*,*,#989,.T.);
#711=ORIENTED_EDGE('',*,*,#956,.F.);
#712=ORIENTED_EDGE('',*,*,#961,.T.);
#713=ORIENTED_EDGE('',*,*,#1096,.F.);
#714=ORIENTED_EDGE('',*,*,#942,.F.);
#715=ORIENTED_EDGE('',*,*,#1015,.T.);
#716=ORIENTED_EDGE('',*,*,#1075,.T.);
#717=ORIENTED_EDGE('',*,*,#1194,.F.);
#718=ORIENTED_EDGE('',*,*,#1194,.T.);
#719=ORIENTED_EDGE('',*,*,#1076,.F.);
#720=ORIENTED_EDGE('',*,*,#951,.T.);
#721=ORIENTED_EDGE('',*,*,#1195,.F.);
#722=ORIENTED_EDGE('',*,*,#1010,.T.);
#723=ORIENTED_EDGE('',*,*,#1195,.T.);
#724=ORIENTED_EDGE('',*,*,#952,.F.);
#725=ORIENTED_EDGE('',*,*,#1009,.T.);
#726=ORIENTED_EDGE('',*,*,#1196,.F.);
#727=ORIENTED_EDGE('',*,*,#1196,.T.);
#728=ORIENTED_EDGE('',*,*,#1008,.T.);
#729=ORIENTED_EDGE('',*,*,#1197,.F.);
#730=ORIENTED_EDGE('',*,*,#1197,.T.);
#731=ORIENTED_EDGE('',*,*,#1007,.T.);
#732=ORIENTED_EDGE('',*,*,#1198,.F.);
#733=ORIENTED_EDGE('',*,*,#1198,.T.);
#734=ORIENTED_EDGE('',*,*,#1150,.F.);
#735=ORIENTED_EDGE('',*,*,#1199,.T.);
#736=ORIENTED_EDGE('',*,*,#1199,.F.);
#737=ORIENTED_EDGE('',*,*,#1151,.F.);
#738=ORIENTED_EDGE('',*,*,#1200,.T.);
#739=ORIENTED_EDGE('',*,*,#1200,.F.);
#740=ORIENTED_EDGE('',*,*,#1149,.F.);
#741=ORIENTED_EDGE('',*,*,#1201,.T.);
#742=ORIENTED_EDGE('',*,*,#1201,.F.);
#743=ORIENTED_EDGE('',*,*,#963,.T.);
#744=ORIENTED_EDGE('',*,*,#1202,.F.);
#745=ORIENTED_EDGE('',*,*,#1152,.F.);
#746=ORIENTED_EDGE('',*,*,#962,.T.);
#747=ORIENTED_EDGE('',*,*,#1202,.T.);
#748=ORIENTED_EDGE('',*,*,#1203,.F.);
#749=ORIENTED_EDGE('',*,*,#1126,.F.);
#750=ORIENTED_EDGE('',*,*,#1203,.T.);
#751=ORIENTED_EDGE('',*,*,#1204,.F.);
#752=ORIENTED_EDGE('',*,*,#1127,.F.);
#753=ORIENTED_EDGE('',*,*,#1204,.T.);
#754=ORIENTED_EDGE('',*,*,#1205,.F.);
#755=ORIENTED_EDGE('',*,*,#1128,.F.);
#756=ORIENTED_EDGE('',*,*,#1205,.T.);
#757=ORIENTED_EDGE('',*,*,#1206,.T.);
#758=ORIENTED_EDGE('',*,*,#1164,.F.);
#759=ORIENTED_EDGE('',*,*,#1129,.F.);
#760=ORIENTED_EDGE('',*,*,#981,.F.);
#761=ORIENTED_EDGE('',*,*,#1165,.F.);
#762=ORIENTED_EDGE('',*,*,#1206,.F.);
#763=ORIENTED_EDGE('',*,*,#1163,.F.);
#764=ORIENTED_EDGE('',*,*,#944,.F.);
#765=ORIENTED_EDGE('',*,*,#1095,.F.);
#766=ORIENTED_EDGE('',*,*,#1207,.T.);
#767=ORIENTED_EDGE('',*,*,#1093,.F.);
#768=ORIENTED_EDGE('',*,*,#1125,.T.);
#769=ORIENTED_EDGE('',*,*,#1094,.T.);
#770=ORIENTED_EDGE('',*,*,#1207,.F.);
#771=ORIENTED_EDGE('',*,*,#1208,.T.);
#772=ORIENTED_EDGE('',*,*,#1124,.T.);
#773=ORIENTED_EDGE('',*,*,#1208,.F.);
#774=ORIENTED_EDGE('',*,*,#1209,.T.);
#775=ORIENTED_EDGE('',*,*,#1123,.T.);
#776=ORIENTED_EDGE('',*,*,#1209,.F.);
#777=ORIENTED_EDGE('',*,*,#1210,.T.);
#778=ORIENTED_EDGE('',*,*,#1122,.T.);
#779=ORIENTED_EDGE('',*,*,#1210,.F.);
#780=ORIENTED_EDGE('',*,*,#1211,.T.);
#781=ORIENTED_EDGE('',*,*,#1121,.T.);
#782=ORIENTED_EDGE('',*,*,#1211,.F.);
#783=ORIENTED_EDGE('',*,*,#1159,.T.);
#784=ORIENTED_EDGE('',*,*,#1212,.T.);
#785=ORIENTED_EDGE('',*,*,#1190,.F.);
#786=ORIENTED_EDGE('',*,*,#1192,.F.);
#787=ORIENTED_EDGE('',*,*,#1078,.F.);
#788=ORIENTED_EDGE('',*,*,#1077,.F.);
#789=ORIENTED_EDGE('',*,*,#1188,.T.);
#790=ORIENTED_EDGE('',*,*,#1135,.T.);
#791=ORIENTED_EDGE('',*,*,#1162,.F.);
#792=ORIENTED_EDGE('',*,*,#1016,.T.);
#793=ORIENTED_EDGE('',*,*,#1187,.T.);
#794=ORIENTED_EDGE('',*,*,#1074,.F.);
#795=ORIENTED_EDGE('',*,*,#1213,.T.);
#796=ORIENTED_EDGE('',*,*,#1033,.T.);
#797=ORIENTED_EDGE('',*,*,#1013,.F.);
#798=ORIENTED_EDGE('',*,*,#1032,.F.);
#799=ORIENTED_EDGE('',*,*,#1214,.T.);
#800=ORIENTED_EDGE('',*,*,#1070,.T.);
#801=ORIENTED_EDGE('',*,*,#1011,.T.);
#802=ORIENTED_EDGE('',*,*,#1053,.T.);
#803=ORIENTED_EDGE('',*,*,#1215,.T.);
#804=ORIENTED_EDGE('',*,*,#1036,.F.);
#805=ORIENTED_EDGE('',*,*,#1049,.T.);
#806=ORIENTED_EDGE('',*,*,#1039,.F.);
#807=ORIENTED_EDGE('',*,*,#1024,.T.);
#808=ORIENTED_EDGE('',*,*,#993,.F.);
#809=ORIENTED_EDGE('',*,*,#1065,.F.);
#810=ORIENTED_EDGE('',*,*,#1060,.F.);
#811=ORIENTED_EDGE('',*,*,#1059,.T.);
#812=ORIENTED_EDGE('',*,*,#1090,.F.);
#813=ORIENTED_EDGE('',*,*,#1027,.F.);
#814=ORIENTED_EDGE('',*,*,#1044,.F.);
#815=ORIENTED_EDGE('',*,*,#1216,.F.);
#816=ORIENTED_EDGE('',*,*,#1088,.F.);
#817=ORIENTED_EDGE('',*,*,#1068,.F.);
#818=ORIENTED_EDGE('',*,*,#1191,.F.);
#819=ORIENTED_EDGE('',*,*,#1212,.F.);
#820=ORIENTED_EDGE('',*,*,#1161,.F.);
#821=ORIENTED_EDGE('',*,*,#1034,.F.);
#822=ORIENTED_EDGE('',*,*,#1213,.F.);
#823=ORIENTED_EDGE('',*,*,#1073,.F.);
#824=ORIENTED_EDGE('',*,*,#1089,.F.);
#825=ORIENTED_EDGE('',*,*,#1216,.T.);
#826=ORIENTED_EDGE('',*,*,#1043,.F.);
#827=ORIENTED_EDGE('',*,*,#1217,.F.);
#828=ORIENTED_EDGE('',*,*,#1041,.F.);
#829=ORIENTED_EDGE('',*,*,#1022,.F.);
#830=ORIENTED_EDGE('',*,*,#1037,.F.);
#831=ORIENTED_EDGE('',*,*,#1215,.F.);
#832=ORIENTED_EDGE('',*,*,#1058,.F.);
#833=ORIENTED_EDGE('',*,*,#1064,.F.);
#834=ORIENTED_EDGE('',*,*,#1083,.F.);
#835=ORIENTED_EDGE('',*,*,#1042,.F.);
#836=ORIENTED_EDGE('',*,*,#1217,.T.);
#837=ORIENTED_EDGE('',*,*,#1082,.F.);
#838=ORIENTED_EDGE('',*,*,#1071,.F.);
#839=ORIENTED_EDGE('',*,*,#1214,.F.);
#840=ORIENTED_EDGE('',*,*,#1031,.F.);
#841=ORIENTED_EDGE('',*,*,#1178,.F.);
#842=ORIENTED_EDGE('',*,*,#1118,.F.);
#843=ORIENTED_EDGE('',*,*,#1218,.T.);
#844=ORIENTED_EDGE('',*,*,#1116,.T.);
#845=ORIENTED_EDGE('',*,*,#1177,.T.);
#846=ORIENTED_EDGE('',*,*,#1219,.F.);
#847=ORIENTED_EDGE('',*,*,#1220,.F.);
#848=ORIENTED_EDGE('',*,*,#1120,.T.);
#849=ORIENTED_EDGE('',*,*,#1176,.F.);
#850=ORIENTED_EDGE('',*,*,#1221,.F.);
#851=ORIENTED_EDGE('',*,*,#1222,.T.);
#852=ORIENTED_EDGE('',*,*,#1219,.T.);
#853=ORIENTED_EDGE('',*,*,#1182,.F.);
#854=ORIENTED_EDGE('',*,*,#1223,.F.);
#855=ORIENTED_EDGE('',*,*,#1224,.T.);
#856=ORIENTED_EDGE('',*,*,#1225,.T.);
#857=ORIENTED_EDGE('',*,*,#1181,.T.);
#858=ORIENTED_EDGE('',*,*,#1141,.F.);
#859=ORIENTED_EDGE('',*,*,#1226,.F.);
#860=ORIENTED_EDGE('',*,*,#1223,.T.);
#861=ORIENTED_EDGE('',*,*,#1180,.F.);
#862=ORIENTED_EDGE('',*,*,#1145,.F.);
#863=ORIENTED_EDGE('',*,*,#1227,.T.);
#864=ORIENTED_EDGE('',*,*,#1143,.T.);
#865=ORIENTED_EDGE('',*,*,#1225,.F.);
#866=ORIENTED_EDGE('',*,*,#1228,.F.);
#867=ORIENTED_EDGE('',*,*,#1221,.T.);
#868=ORIENTED_EDGE('',*,*,#1175,.T.);
#869=ORIENTED_EDGE('',*,*,#1169,.F.);
#870=ORIENTED_EDGE('',*,*,#1104,.F.);
#871=ORIENTED_EDGE('',*,*,#1229,.T.);
#872=ORIENTED_EDGE('',*,*,#1230,.T.);
#873=ORIENTED_EDGE('',*,*,#1168,.T.);
#874=ORIENTED_EDGE('',*,*,#1108,.F.);
#875=ORIENTED_EDGE('',*,*,#1231,.F.);
#876=ORIENTED_EDGE('',*,*,#1106,.T.);
#877=ORIENTED_EDGE('',*,*,#1174,.T.);
#878=ORIENTED_EDGE('',*,*,#1004,.F.);
#879=ORIENTED_EDGE('',*,*,#1232,.F.);
#880=ORIENTED_EDGE('',*,*,#1002,.T.);
#881=ORIENTED_EDGE('',*,*,#1173,.F.);
#882=ORIENTED_EDGE('',*,*,#1233,.F.);
#883=ORIENTED_EDGE('',*,*,#1234,.T.);
#884=ORIENTED_EDGE('',*,*,#1006,.T.);
#885=ORIENTED_EDGE('',*,*,#1172,.T.);
#886=ORIENTED_EDGE('',*,*,#1235,.F.);
#887=ORIENTED_EDGE('',*,*,#1236,.F.);
#888=ORIENTED_EDGE('',*,*,#1233,.T.);
#889=ORIENTED_EDGE('',*,*,#1171,.F.);
#890=ORIENTED_EDGE('',*,*,#1237,.F.);
#891=ORIENTED_EDGE('',*,*,#1238,.T.);
#892=ORIENTED_EDGE('',*,*,#1235,.T.);
#893=ORIENTED_EDGE('',*,*,#1170,.T.);
#894=ORIENTED_EDGE('',*,*,#1230,.F.);
#895=ORIENTED_EDGE('',*,*,#1239,.F.);
#896=ORIENTED_EDGE('',*,*,#1237,.T.);
#897=ORIENTED_EDGE('',*,*,#1148,.T.);
#898=ORIENTED_EDGE('',*,*,#972,.T.);
#899=ORIENTED_EDGE('',*,*,#1240,.T.);
#900=ORIENTED_EDGE('',*,*,#999,.F.);
#901=ORIENTED_EDGE('',*,*,#1241,.F.);
#902=ORIENTED_EDGE('',*,*,#946,.T.);
#903=ORIENTED_EDGE('',*,*,#1232,.T.);
#904=ORIENTED_EDGE('',*,*,#1003,.F.);
#905=ORIENTED_EDGE('',*,*,#1231,.T.);
#906=ORIENTED_EDGE('',*,*,#1107,.F.);
#907=ORIENTED_EDGE('',*,*,#938,.F.);
#908=ORIENTED_EDGE('',*,*,#959,.F.);
#909=ORIENTED_EDGE('',*,*,#954,.F.);
#910=ORIENTED_EDGE('',*,*,#987,.T.);
#911=ORIENTED_EDGE('',*,*,#1234,.F.);
#912=ORIENTED_EDGE('',*,*,#1236,.T.);
#913=ORIENTED_EDGE('',*,*,#1238,.F.);
#914=ORIENTED_EDGE('',*,*,#1239,.T.);
#915=ORIENTED_EDGE('',*,*,#1229,.F.);
#916=ORIENTED_EDGE('',*,*,#1103,.T.);
#917=ORIENTED_EDGE('',*,*,#1117,.F.);
#918=ORIENTED_EDGE('',*,*,#1218,.F.);
#919=ORIENTED_EDGE('',*,*,#1144,.F.);
#920=ORIENTED_EDGE('',*,*,#1227,.F.);
#921=ORIENTED_EDGE('',*,*,#1140,.T.);
#922=ORIENTED_EDGE('',*,*,#964,.T.);
#923=ORIENTED_EDGE('',*,*,#975,.T.);
#924=ORIENTED_EDGE('',*,*,#979,.T.);
#925=ORIENTED_EDGE('',*,*,#1097,.T.);
#926=ORIENTED_EDGE('',*,*,#1220,.T.);
#927=ORIENTED_EDGE('',*,*,#1222,.F.);
#928=ORIENTED_EDGE('',*,*,#1228,.T.);
#929=ORIENTED_EDGE('',*,*,#1224,.F.);
#930=ORIENTED_EDGE('',*,*,#1226,.T.);
#931=ORIENTED_EDGE('',*,*,#971,.F.);
#932=ORIENTED_EDGE('',*,*,#1130,.T.);
#933=ORIENTED_EDGE('',*,*,#1240,.F.);
#934=ORIENTED_EDGE('',*,*,#998,.T.);
#935=ORIENTED_EDGE('',*,*,#947,.T.);
#936=ORIENTED_EDGE('',*,*,#1241,.T.);
#937=EDGE_CURVE('',#1242,#1243,#1457,.T.);
#938=EDGE_CURVE('',#1243,#1244,#1458,.T.);
#939=EDGE_CURVE('',#1245,#1244,#145,.F.);
#940=EDGE_CURVE('',#1245,#1246,#1459,.T.);
#941=EDGE_CURVE('',#1247,#1246,#146,.F.);
#942=EDGE_CURVE('',#1247,#1248,#1460,.T.);
#943=EDGE_CURVE('',#1249,#1248,#147,.T.);
#944=EDGE_CURVE('',#1249,#1250,#1461,.T.);
#945=EDGE_CURVE('',#1242,#1250,#148,.T.);
#946=EDGE_CURVE('',#1251,#1252,#1462,.T.);
#947=EDGE_CURVE('',#1253,#1251,#1463,.T.);
#948=EDGE_CURVE('',#1254,#1253,#1464,.T.);
#949=EDGE_CURVE('',#1255,#1254,#1465,.T.);
#950=EDGE_CURVE('',#1252,#1255,#1466,.T.);
#951=EDGE_CURVE('',#1256,#1257,#1467,.T.);
#952=EDGE_CURVE('',#1256,#1257,#149,.F.);
#953=EDGE_CURVE('',#1258,#1259,#150,.F.);
#954=EDGE_CURVE('',#1259,#1260,#1468,.T.);
#955=EDGE_CURVE('',#1260,#1261,#1469,.T.);
#956=EDGE_CURVE('',#1261,#1262,#1470,.T.);
#957=EDGE_CURVE('',#1262,#1263,#151,.F.);
#958=EDGE_CURVE('',#1263,#1258,#1471,.T.);
#959=EDGE_CURVE('',#1260,#1243,#152,.T.);
#960=EDGE_CURVE('',#1264,#1242,#1472,.T.);
#961=EDGE_CURVE('',#1261,#1264,#153,.T.);
#962=EDGE_CURVE('',#1265,#1266,#1473,.T.);
#963=EDGE_CURVE('',#1266,#1265,#154,.F.);
#964=EDGE_CURVE('',#1267,#1268,#1474,.T.);
#965=EDGE_CURVE('',#1269,#1267,#155,.F.);
#966=EDGE_CURVE('',#1269,#1270,#1475,.T.);
#967=EDGE_CURVE('',#1271,#1270,#156,.F.);
#968=EDGE_CURVE('',#1271,#1272,#1476,.T.);
#969=EDGE_CURVE('',#1272,#1268,#1477,.T.);
#970=EDGE_CURVE('',#1273,#1274,#1478,.T.);
#971=EDGE_CURVE('',#1274,#1275,#1479,.T.);
#972=EDGE_CURVE('',#1276,#1275,#1480,.T.);
#973=EDGE_CURVE('',#1276,#1277,#1481,.T.);
#974=EDGE_CURVE('',#1273,#1277,#1482,.T.);
#975=EDGE_CURVE('',#1268,#1278,#157,.T.);
#976=EDGE_CURVE('',#1272,#1279,#158,.T.);
#977=EDGE_CURVE('',#1280,#1279,#1483,.T.);
#978=EDGE_CURVE('',#1278,#1280,#1484,.T.);
#979=EDGE_CURVE('',#1278,#1281,#1485,.T.);
#980=EDGE_CURVE('',#1280,#1282,#159,.T.);
#981=EDGE_CURVE('',#1282,#1283,#1486,.T.);
#982=EDGE_CURVE('',#1283,#1284,#160,.T.);
#983=EDGE_CURVE('',#1284,#1285,#1487,.F.);
#984=EDGE_CURVE('',#1285,#1286,#161,.F.);
#985=EDGE_CURVE('',#1286,#1287,#1488,.T.);
#986=EDGE_CURVE('',#1287,#1281,#162,.F.);
#987=EDGE_CURVE('',#1259,#1288,#163,.T.);
#988=EDGE_CURVE('',#1263,#1258,#1489,.F.);
#989=EDGE_CURVE('',#1289,#1262,#1490,.T.);
#990=EDGE_CURVE('',#1290,#1289,#1491,.T.);
#991=EDGE_CURVE('',#1290,#1291,#1492,.T.);
#992=EDGE_CURVE('',#1292,#1291,#164,.F.);
#993=EDGE_CURVE('',#1292,#1293,#165,.T.);
#994=EDGE_CURVE('',#1293,#1294,#166,.F.);
#995=EDGE_CURVE('',#1295,#1294,#1493,.T.);
#996=EDGE_CURVE('',#1295,#1296,#1494,.T.);
#997=EDGE_CURVE('',#1296,#1254,#1495,.T.);
#998=EDGE_CURVE('',#1297,#1253,#167,.T.);
#999=EDGE_CURVE('',#1297,#1252,#168,.T.);
#1000=EDGE_CURVE('',#1255,#1298,#1496,.T.);
#1001=EDGE_CURVE('',#1298,#1299,#169,.T.);
#1002=EDGE_CURVE('',#1300,#1299,#1497,.T.);
#1003=EDGE_CURVE('',#1300,#1301,#170,.T.);
#1004=EDGE_CURVE('',#1301,#1302,#1498,.T.);
#1005=EDGE_CURVE('',#1302,#1303,#171,.T.);
#1006=EDGE_CURVE('',#1288,#1303,#172,.T.);
#1007=EDGE_CURVE('',#1304,#1304,#45,.T.);
#1008=EDGE_CURVE('',#1305,#1305,#46,.T.);
#1009=EDGE_CURVE('',#1306,#1306,#47,.T.);
#1010=EDGE_CURVE('',#1307,#1307,#48,.T.);
#1011=EDGE_CURVE('',#1308,#1309,#173,.T.);
#1012=EDGE_CURVE('',#1310,#1308,#174,.F.);
#1013=EDGE_CURVE('',#1310,#1311,#175,.T.);
#1014=EDGE_CURVE('',#1311,#1309,#176,.F.);
#1015=EDGE_CURVE('',#1312,#1312,#49,.T.);
#1016=EDGE_CURVE('',#1313,#1314,#1499,.T.);
#1017=EDGE_CURVE('',#1315,#1313,#1500,.T.);
#1018=EDGE_CURVE('',#1315,#1316,#1501,.T.);
#1019=EDGE_CURVE('',#1314,#1316,#1502,.T.);
#1020=EDGE_CURVE('',#1317,#1318,#1503,.T.);
#1021=EDGE_CURVE('',#1318,#1319,#1504,.T.);
#1022=EDGE_CURVE('',#1319,#1320,#1505,.T.);
#1023=EDGE_CURVE('',#1317,#1320,#177,.T.);
#1024=EDGE_CURVE('',#1321,#1293,#1506,.F.);
#1025=EDGE_CURVE('',#1321,#1294,#1507,.T.);
#1026=EDGE_CURVE('',#1322,#1323,#178,.T.);
#1027=EDGE_CURVE('',#1322,#1324,#1508,.T.);
#1028=EDGE_CURVE('',#1325,#1324,#1509,.T.);
#1029=EDGE_CURVE('',#1325,#1323,#1510,.T.);
#1030=EDGE_CURVE('',#1326,#1327,#179,.T.);
#1031=EDGE_CURVE('',#1326,#1328,#1511,.T.);
#1032=EDGE_CURVE('',#1328,#1309,#1512,.F.);
#1033=EDGE_CURVE('',#1329,#1311,#1513,.F.);
#1034=EDGE_CURVE('',#1329,#1327,#1514,.T.);
#1035=EDGE_CURVE('',#1330,#1331,#1515,.T.);
#1036=EDGE_CURVE('',#1330,#1332,#1516,.T.);
#1037=EDGE_CURVE('',#1332,#1319,#1517,.T.);
#1038=EDGE_CURVE('',#1331,#1317,#1518,.T.);
#1039=EDGE_CURVE('',#1321,#1333,#1519,.T.);
#1040=EDGE_CURVE('',#1295,#1333,#1520,.T.);
#1041=EDGE_CURVE('',#1320,#1334,#1521,.T.);
#1042=EDGE_CURVE('',#1334,#1326,#1522,.T.);
#1043=EDGE_CURVE('',#1327,#1335,#1523,.T.);
#1044=EDGE_CURVE('',#1335,#1322,#1524,.T.);
#1045=EDGE_CURVE('',#1323,#1336,#1525,.T.);
#1046=EDGE_CURVE('',#1336,#1337,#1526,.T.);
#1047=EDGE_CURVE('',#1337,#1338,#180,.F.);
#1048=EDGE_CURVE('',#1331,#1338,#1527,.T.);
#1049=EDGE_CURVE('',#1330,#1333,#181,.F.);
#1050=EDGE_CURVE('',#1338,#1339,#1528,.T.);
#1051=EDGE_CURVE('',#1339,#1340,#1529,.T.);
#1052=EDGE_CURVE('',#1296,#1340,#182,.T.);
#1053=EDGE_CURVE('',#1341,#1342,#1530,.T.);
#1054=EDGE_CURVE('',#1341,#1343,#1531,.F.);
#1055=EDGE_CURVE('',#1343,#1344,#1532,.T.);
#1056=EDGE_CURVE('',#1344,#1345,#1533,.F.);
#1057=EDGE_CURVE('',#1345,#1346,#1534,.F.);
#1058=EDGE_CURVE('',#1346,#1342,#1535,.T.);
#1059=EDGE_CURVE('',#1347,#1348,#1536,.T.);
#1060=EDGE_CURVE('',#1347,#1349,#1537,.T.);
#1061=EDGE_CURVE('',#1349,#1291,#1538,.F.);
#1062=EDGE_CURVE('',#1290,#1348,#1539,.F.);
#1063=EDGE_CURVE('',#1344,#1350,#183,.T.);
#1064=EDGE_CURVE('',#1350,#1346,#1540,.T.);
#1065=EDGE_CURVE('',#1349,#1292,#1541,.T.);
#1066=EDGE_CURVE('',#1351,#1352,#1542,.T.);
#1067=EDGE_CURVE('',#1351,#1353,#1543,.F.);
#1068=EDGE_CURVE('',#1353,#1354,#1544,.T.);
#1069=EDGE_CURVE('',#1354,#1352,#184,.T.);
#1070=EDGE_CURVE('',#1355,#1308,#1545,.T.);
#1071=EDGE_CURVE('',#1355,#1356,#1546,.T.);
#1072=EDGE_CURVE('',#1356,#1357,#185,.T.);
#1073=EDGE_CURVE('',#1357,#1358,#1547,.T.);
#1074=EDGE_CURVE('',#1358,#1310,#1548,.T.);
#1075=EDGE_CURVE('',#1359,#1360,#1549,.T.);
#1076=EDGE_CURVE('',#1359,#1360,#186,.F.);
#1077=EDGE_CURVE('',#1361,#1362,#1550,.T.);
#1078=EDGE_CURVE('',#1362,#1363,#1551,.T.);
#1079=EDGE_CURVE('',#1363,#1364,#1552,.F.);
#1080=EDGE_CURVE('',#1365,#1364,#1553,.T.);
#1081=EDGE_CURVE('',#1365,#1361,#1554,.F.);
#1082=EDGE_CURVE('',#1356,#1366,#1555,.T.);
#1083=EDGE_CURVE('',#1366,#1350,#1556,.T.);
#1084=EDGE_CURVE('',#1343,#1367,#1557,.T.);
#1085=EDGE_CURVE('',#1368,#1367,#187,.F.);
#1086=EDGE_CURVE('',#1369,#1368,#1558,.T.);
#1087=EDGE_CURVE('',#1352,#1369,#1559,.T.);
#1088=EDGE_CURVE('',#1354,#1370,#1560,.T.);
#1089=EDGE_CURVE('',#1370,#1357,#1561,.T.);
#1090=EDGE_CURVE('',#1341,#1348,#188,.F.);
#1091=EDGE_CURVE('',#1371,#1289,#189,.F.);
#1092=EDGE_CURVE('',#1367,#1371,#1562,.T.);
#1093=EDGE_CURVE('',#1250,#1372,#1563,.T.);
#1094=EDGE_CURVE('',#1373,#1372,#190,.F.);
#1095=EDGE_CURVE('',#1373,#1249,#1564,.T.);
#1096=EDGE_CURVE('',#1248,#1264,#1565,.T.);
#1097=EDGE_CURVE('',#1281,#1374,#191,.T.);
#1098=EDGE_CURVE('',#1286,#1287,#1566,.F.);
#1099=EDGE_CURVE('',#1375,#1285,#1567,.T.);
#1100=EDGE_CURVE('',#1368,#1375,#1568,.T.);
#1101=EDGE_CURVE('',#1371,#1247,#1569,.T.);
#1102=EDGE_CURVE('',#1246,#1245,#1570,.F.);
#1103=EDGE_CURVE('',#1376,#1244,#192,.T.);
#1104=EDGE_CURVE('',#1376,#1377,#193,.T.);
#1105=EDGE_CURVE('',#1377,#1378,#194,.T.);
#1106=EDGE_CURVE('',#1379,#1378,#1571,.F.);
#1107=EDGE_CURVE('',#1379,#1380,#195,.T.);
#1108=EDGE_CURVE('',#1380,#1381,#1572,.T.);
#1109=EDGE_CURVE('',#1382,#1381,#196,.T.);
#1110=EDGE_CURVE('',#1383,#1382,#1573,.T.);
#1111=EDGE_CURVE('',#1339,#1383,#197,.F.);
#1112=EDGE_CURVE('',#1337,#1384,#1574,.T.);
#1113=EDGE_CURVE('',#1384,#1385,#198,.T.);
#1114=EDGE_CURVE('',#1385,#1386,#1575,.T.);
#1115=EDGE_CURVE('',#1387,#1386,#199,.T.);
#1116=EDGE_CURVE('',#1388,#1387,#1576,.F.);
#1117=EDGE_CURVE('',#1388,#1389,#200,.T.);
#1118=EDGE_CURVE('',#1389,#1390,#1577,.T.);
#1119=EDGE_CURVE('',#1390,#1391,#201,.T.);
#1120=EDGE_CURVE('',#1374,#1391,#202,.T.);
#1121=EDGE_CURVE('',#1392,#1392,#50,.F.);
#1122=EDGE_CURVE('',#1393,#1393,#51,.F.);
#1123=EDGE_CURVE('',#1394,#1394,#52,.F.);
#1124=EDGE_CURVE('',#1395,#1395,#53,.F.);
#1125=EDGE_CURVE('',#1396,#1396,#54,.F.);
#1126=EDGE_CURVE('',#1397,#1397,#55,.T.);
#1127=EDGE_CURVE('',#1398,#1398,#56,.T.);
#1128=EDGE_CURVE('',#1399,#1399,#57,.T.);
#1129=EDGE_CURVE('',#1400,#1400,#58,.T.);
#1130=EDGE_CURVE('',#1274,#1401,#203,.T.);
#1131=EDGE_CURVE('',#1402,#1273,#1578,.T.);
#1132=EDGE_CURVE('',#1403,#1402,#1579,.T.);
#1133=EDGE_CURVE('',#1316,#1403,#1580,.T.);
#1134=EDGE_CURVE('',#1315,#1404,#204,.F.);
#1135=EDGE_CURVE('',#1405,#1404,#205,.T.);
#1136=EDGE_CURVE('',#1365,#1405,#206,.F.);
#1137=EDGE_CURVE('',#1364,#1406,#1581,.T.);
#1138=EDGE_CURVE('',#1406,#1271,#1582,.T.);
#1139=EDGE_CURVE('',#1270,#1269,#1583,.F.);
#1140=EDGE_CURVE('',#1407,#1267,#207,.T.);
#1141=EDGE_CURVE('',#1407,#1408,#208,.T.);
#1142=EDGE_CURVE('',#1408,#1409,#209,.T.);
#1143=EDGE_CURVE('',#1410,#1409,#1584,.T.);
#1144=EDGE_CURVE('',#1410,#1411,#210,.T.);
#1145=EDGE_CURVE('',#1411,#1412,#1585,.T.);
#1146=EDGE_CURVE('',#1412,#1413,#211,.T.);
#1147=EDGE_CURVE('',#1277,#1413,#1586,.T.);
#1148=EDGE_CURVE('',#1401,#1276,#212,.T.);
#1149=EDGE_CURVE('',#1414,#1414,#59,.F.);
#1150=EDGE_CURVE('',#1415,#1415,#60,.F.);
#1151=EDGE_CURVE('',#1416,#1416,#61,.F.);
#1152=EDGE_CURVE('',#1417,#1417,#62,.F.);
#1153=EDGE_CURVE('',#1403,#1418,#1587,.F.);
#1154=EDGE_CURVE('',#1418,#1402,#1588,.F.);
#1155=EDGE_CURVE('',#1419,#1340,#213,.T.);
#1156=EDGE_CURVE('',#1340,#1419,#1589,.T.);
#1157=EDGE_CURVE('',#1420,#1421,#1590,.T.);
#1158=EDGE_CURVE('',#1420,#1421,#214,.T.);
#1159=EDGE_CURVE('',#1422,#1423,#1591,.T.);
#1160=EDGE_CURVE('',#1336,#1422,#1592,.T.);
#1161=EDGE_CURVE('',#1324,#1423,#1593,.T.);
#1162=EDGE_CURVE('',#1313,#1404,#1594,.F.);
#1163=EDGE_CURVE('',#1283,#1424,#1595,.T.);
#1164=EDGE_CURVE('',#1424,#1425,#215,.F.);
#1165=EDGE_CURVE('',#1425,#1282,#1596,.T.);
#1166=EDGE_CURVE('',#1284,#1279,#1597,.T.);
#1167=EDGE_CURVE('',#1382,#1298,#216,.F.);
#1168=EDGE_CURVE('',#1378,#1381,#63,.F.);
#1169=EDGE_CURVE('',#1377,#1426,#64,.T.);
#1170=EDGE_CURVE('',#1427,#1426,#65,.T.);
#1171=EDGE_CURVE('',#1427,#1428,#217,.F.);
#1172=EDGE_CURVE('',#1429,#1428,#66,.T.);
#1173=EDGE_CURVE('',#1429,#1303,#67,.T.);
#1174=EDGE_CURVE('',#1299,#1302,#68,.F.);
#1175=EDGE_CURVE('',#1430,#1431,#218,.F.);
#1176=EDGE_CURVE('',#1430,#1432,#69,.T.);
#1177=EDGE_CURVE('',#1391,#1432,#70,.T.);
#1178=EDGE_CURVE('',#1390,#1387,#71,.T.);
#1179=EDGE_CURVE('',#1386,#1413,#219,.F.);
#1180=EDGE_CURVE('',#1412,#1409,#72,.T.);
#1181=EDGE_CURVE('',#1433,#1408,#73,.T.);
#1182=EDGE_CURVE('',#1433,#1431,#74,.T.);
#1183=EDGE_CURVE('',#1421,#1384,#1598,.T.);
#1184=EDGE_CURVE('',#1385,#1420,#1599,.T.);
#1185=EDGE_CURVE('',#1418,#1421,#220,.T.);
#1186=EDGE_CURVE('',#1419,#1383,#1600,.T.);
#1187=EDGE_CURVE('',#1314,#1422,#221,.T.);
#1188=EDGE_CURVE('',#1361,#1405,#1601,.T.);
#1189=EDGE_CURVE('',#1369,#1434,#1602,.F.);
#1190=EDGE_CURVE('',#1434,#1435,#1603,.T.);
#1191=EDGE_CURVE('',#1435,#1353,#1604,.T.);
#1192=EDGE_CURVE('',#1363,#1434,#222,.T.);
#1193=EDGE_CURVE('',#1406,#1375,#223,.T.);
#1194=EDGE_CURVE('',#1359,#1360,#75,.T.);
#1195=EDGE_CURVE('',#1256,#1257,#76,.T.);
#1196=EDGE_CURVE('',#1436,#1436,#77,.T.);
#1197=EDGE_CURVE('',#1437,#1437,#78,.T.);
#1198=EDGE_CURVE('',#1438,#1438,#79,.T.);
#1199=EDGE_CURVE('',#1439,#1439,#80,.T.);
#1200=EDGE_CURVE('',#1440,#1440,#81,.T.);
#1201=EDGE_CURVE('',#1441,#1441,#82,.T.);
#1202=EDGE_CURVE('',#1266,#1265,#83,.T.);
#1203=EDGE_CURVE('',#1442,#1442,#84,.T.);
#1204=EDGE_CURVE('',#1443,#1443,#85,.T.);
#1205=EDGE_CURVE('',#1444,#1444,#86,.T.);
#1206=EDGE_CURVE('',#1424,#1425,#87,.T.);
#1207=EDGE_CURVE('',#1373,#1372,#88,.T.);
#1208=EDGE_CURVE('',#1445,#1445,#89,.T.);
#1209=EDGE_CURVE('',#1446,#1446,#90,.T.);
#1210=EDGE_CURVE('',#1447,#1447,#91,.T.);
#1211=EDGE_CURVE('',#1448,#1448,#92,.T.);
#1212=EDGE_CURVE('',#1423,#1435,#1605,.T.);
#1213=EDGE_CURVE('',#1358,#1329,#1606,.T.);
#1214=EDGE_CURVE('',#1328,#1355,#1607,.T.);
#1215=EDGE_CURVE('',#1342,#1332,#1608,.T.);
#1216=EDGE_CURVE('',#1370,#1335,#1609,.F.);
#1217=EDGE_CURVE('',#1334,#1366,#1610,.F.);
#1218=EDGE_CURVE('',#1389,#1388,#93,.F.);
#1219=EDGE_CURVE('',#1449,#1432,#224,.T.);
#1220=EDGE_CURVE('',#1374,#1449,#94,.T.);
#1221=EDGE_CURVE('',#1450,#1430,#225,.T.);
#1222=EDGE_CURVE('',#1450,#1449,#95,.T.);
#1223=EDGE_CURVE('',#1451,#1433,#226,.T.);
#1224=EDGE_CURVE('',#1451,#1452,#96,.T.);
#1225=EDGE_CURVE('',#1452,#1431,#227,.T.);
#1226=EDGE_CURVE('',#1451,#1407,#97,.T.);
#1227=EDGE_CURVE('',#1411,#1410,#98,.F.);
#1228=EDGE_CURVE('',#1450,#1452,#228,.F.);
#1229=EDGE_CURVE('',#1376,#1453,#99,.T.);
#1230=EDGE_CURVE('',#1453,#1426,#229,.T.);
#1231=EDGE_CURVE('',#1379,#1380,#100,.T.);
#1232=EDGE_CURVE('',#1300,#1301,#101,.T.);
#1233=EDGE_CURVE('',#1454,#1429,#230,.T.);
#1234=EDGE_CURVE('',#1454,#1288,#102,.T.);
#1235=EDGE_CURVE('',#1455,#1428,#231,.T.);
#1236=EDGE_CURVE('',#1454,#1455,#103,.T.);
#1237=EDGE_CURVE('',#1456,#1427,#232,.T.);
#1238=EDGE_CURVE('',#1456,#1455,#233,.F.);
#1239=EDGE_CURVE('',#1456,#1453,#104,.T.);
#1240=EDGE_CURVE('',#1275,#1401,#234,.F.);
#1241=EDGE_CURVE('',#1251,#1297,#235,.F.);
#1242=VERTEX_POINT('',#2618);
#1243=VERTEX_POINT('',#2619);
#1244=VERTEX_POINT('',#2624);
#1245=VERTEX_POINT('',#2626);
#1246=VERTEX_POINT('',#2632);
#1247=VERTEX_POINT('',#2634);
#1248=VERTEX_POINT('',#2641);
#1249=VERTEX_POINT('',#2643);
#1250=VERTEX_POINT('',#2655);
#1251=VERTEX_POINT('',#2725);
#1252=VERTEX_POINT('',#2726);
#1253=VERTEX_POINT('',#2731);
#1254=VERTEX_POINT('',#2738);
#1255=VERTEX_POINT('',#2753);
#1256=VERTEX_POINT('',#2775);
#1257=VERTEX_POINT('',#2776);
#1258=VERTEX_POINT('',#2779);
#1259=VERTEX_POINT('',#2780);
#1260=VERTEX_POINT('',#2785);
#1261=VERTEX_POINT('',#2795);
#1262=VERTEX_POINT('',#2802);
#1263=VERTEX_POINT('',#2804);
#1264=VERTEX_POINT('',#2834);
#1265=VERTEX_POINT('',#2853);
#1266=VERTEX_POINT('',#2854);
#1267=VERTEX_POINT('',#2860);
#1268=VERTEX_POINT('',#2861);
#1269=VERTEX_POINT('',#2863);
#1270=VERTEX_POINT('',#2869);
#1271=VERTEX_POINT('',#2871);
#1272=VERTEX_POINT('',#2878);
#1273=VERTEX_POINT('',#2960);
#1274=VERTEX_POINT('',#2961);
#1275=VERTEX_POINT('',#2966);
#1276=VERTEX_POINT('',#2972);
#1277=VERTEX_POINT('',#2977);
#1278=VERTEX_POINT('',#3005);
#1279=VERTEX_POINT('',#3007);
#1280=VERTEX_POINT('',#3021);
#1281=VERTEX_POINT('',#3038);
#1282=VERTEX_POINT('',#3040);
#1283=VERTEX_POINT('',#3052);
#1284=VERTEX_POINT('',#3054);
#1285=VERTEX_POINT('',#3061);
#1286=VERTEX_POINT('',#3063);
#1287=VERTEX_POINT('',#3069);
#1288=VERTEX_POINT('',#3073);
#1289=VERTEX_POINT('',#3092);
#1290=VERTEX_POINT('',#3110);
#1291=VERTEX_POINT('',#3120);
#1292=VERTEX_POINT('',#3122);
#1293=VERTEX_POINT('',#3124);
#1294=VERTEX_POINT('',#3126);
#1295=VERTEX_POINT('',#3137);
#1296=VERTEX_POINT('',#3150);
#1297=VERTEX_POINT('',#3157);
#1298=VERTEX_POINT('',#3164);
#1299=VERTEX_POINT('',#3166);
#1300=VERTEX_POINT('',#3171);
#1301=VERTEX_POINT('',#3173);
#1302=VERTEX_POINT('',#3178);
#1303=VERTEX_POINT('',#3180);
#1304=VERTEX_POINT('',#3183);
#1305=VERTEX_POINT('',#3185);
#1306=VERTEX_POINT('',#3187);
#1307=VERTEX_POINT('',#3189);
#1308=VERTEX_POINT('',#3192);
#1309=VERTEX_POINT('',#3193);
#1310=VERTEX_POINT('',#3195);
#1311=VERTEX_POINT('',#3197);
#1312=VERTEX_POINT('',#3200);
#1313=VERTEX_POINT('',#4826);
#1314=VERTEX_POINT('',#4827);
#1315=VERTEX_POINT('',#4858);
#1316=VERTEX_POINT('',#4869);
#1317=VERTEX_POINT('',#4995);
#1318=VERTEX_POINT('',#4996);
#1319=VERTEX_POINT('',#5004);
#1320=VERTEX_POINT('',#5009);
#1321=VERTEX_POINT('',#5037);
#1322=VERTEX_POINT('',#5091);
#1323=VERTEX_POINT('',#5092);
#1324=VERTEX_POINT('',#5097);
#1325=VERTEX_POINT('',#5102);
#1326=VERTEX_POINT('',#5142);
#1327=VERTEX_POINT('',#5143);
#1328=VERTEX_POINT('',#5150);
#1329=VERTEX_POINT('',#5171);
#1330=VERTEX_POINT('',#6358);
#1331=VERTEX_POINT('',#6359);
#1332=VERTEX_POINT('',#6366);
#1333=VERTEX_POINT('',#8014);
#1334=VERTEX_POINT('',#8159);
#1335=VERTEX_POINT('',#8170);
#1336=VERTEX_POINT('',#8194);
#1337=VERTEX_POINT('',#8211);
#1338=VERTEX_POINT('',#8213);
#1339=VERTEX_POINT('',#8297);
#1340=VERTEX_POINT('',#8302);
#1341=VERTEX_POINT('',#8525);
#1342=VERTEX_POINT('',#8526);
#1343=VERTEX_POINT('',#8531);
#1344=VERTEX_POINT('',#8550);
#1345=VERTEX_POINT('',#8558);
#1346=VERTEX_POINT('',#8563);
#1347=VERTEX_POINT('',#8729);
#1348=VERTEX_POINT('',#8730);
#1349=VERTEX_POINT('',#8735);
#1350=VERTEX_POINT('',#8767);
#1351=VERTEX_POINT('',#8812);
#1352=VERTEX_POINT('',#8813);
#1353=VERTEX_POINT('',#8818);
#1354=VERTEX_POINT('',#8823);
#1355=VERTEX_POINT('',#8883);
#1356=VERTEX_POINT('',#8890);
#1357=VERTEX_POINT('',#8892);
#1358=VERTEX_POINT('',#8899);
#1359=VERTEX_POINT('',#8921);
#1360=VERTEX_POINT('',#8922);
#1361=VERTEX_POINT('',#9084);
#1362=VERTEX_POINT('',#9085);
#1363=VERTEX_POINT('',#9091);
#1364=VERTEX_POINT('',#9103);
#1365=VERTEX_POINT('',#9114);
#1366=VERTEX_POINT('',#9172);
#1367=VERTEX_POINT('',#9193);
#1368=VERTEX_POINT('',#9195);
#1369=VERTEX_POINT('',#9209);
#1370=VERTEX_POINT('',#9234);
#1371=VERTEX_POINT('',#9289);
#1372=VERTEX_POINT('',#9322);
#1373=VERTEX_POINT('',#9324);
#1374=VERTEX_POINT('',#9335);
#1375=VERTEX_POINT('',#9354);
#1376=VERTEX_POINT('',#9394);
#1377=VERTEX_POINT('',#9396);
#1378=VERTEX_POINT('',#9398);
#1379=VERTEX_POINT('',#9403);
#1380=VERTEX_POINT('',#9405);
#1381=VERTEX_POINT('',#9410);
#1382=VERTEX_POINT('',#9412);
#1383=VERTEX_POINT('',#9418);
#1384=VERTEX_POINT('',#9432);
#1385=VERTEX_POINT('',#9434);
#1386=VERTEX_POINT('',#9440);
#1387=VERTEX_POINT('',#9442);
#1388=VERTEX_POINT('',#9447);
#1389=VERTEX_POINT('',#9449);
#1390=VERTEX_POINT('',#9454);
#1391=VERTEX_POINT('',#9456);
#1392=VERTEX_POINT('',#9459);
#1393=VERTEX_POINT('',#9461);
#1394=VERTEX_POINT('',#9463);
#1395=VERTEX_POINT('',#9465);
#1396=VERTEX_POINT('',#9467);
#1397=VERTEX_POINT('',#9469);
#1398=VERTEX_POINT('',#9471);
#1399=VERTEX_POINT('',#9473);
#1400=VERTEX_POINT('',#9475);
#1401=VERTEX_POINT('',#9478);
#1402=VERTEX_POINT('',#9484);
#1403=VERTEX_POINT('',#9489);
#1404=VERTEX_POINT('',#9503);
#1405=VERTEX_POINT('',#9505);
#1406=VERTEX_POINT('',#9524);
#1407=VERTEX_POINT('',#9544);
#1408=VERTEX_POINT('',#9546);
#1409=VERTEX_POINT('',#9548);
#1410=VERTEX_POINT('',#9553);
#1411=VERTEX_POINT('',#9555);
#1412=VERTEX_POINT('',#9560);
#1413=VERTEX_POINT('',#9562);
#1414=VERTEX_POINT('',#9570);
#1415=VERTEX_POINT('',#9572);
#1416=VERTEX_POINT('',#9574);
#1417=VERTEX_POINT('',#9576);
#1418=VERTEX_POINT('',#9598);
#1419=VERTEX_POINT('',#9612);
#1420=VERTEX_POINT('',#9650);
#1421=VERTEX_POINT('',#9651);
#1422=VERTEX_POINT('',#10835);
#1423=VERTEX_POINT('',#10836);
#1424=VERTEX_POINT('',#10883);
#1425=VERTEX_POINT('',#10885);
#1426=VERTEX_POINT('',#10898);
#1427=VERTEX_POINT('',#10900);
#1428=VERTEX_POINT('',#10902);
#1429=VERTEX_POINT('',#10904);
#1430=VERTEX_POINT('',#10909);
#1431=VERTEX_POINT('',#10910);
#1432=VERTEX_POINT('',#10912);
#1433=VERTEX_POINT('',#10918);
#1434=VERTEX_POINT('',#11265);
#1435=VERTEX_POINT('',#11271);
#1436=VERTEX_POINT('',#11428);
#1437=VERTEX_POINT('',#11432);
#1438=VERTEX_POINT('',#11436);
#1439=VERTEX_POINT('',#11440);
#1440=VERTEX_POINT('',#11444);
#1441=VERTEX_POINT('',#11448);
#1442=VERTEX_POINT('',#11455);
#1443=VERTEX_POINT('',#11459);
#1444=VERTEX_POINT('',#11463);
#1445=VERTEX_POINT('',#11473);
#1446=VERTEX_POINT('',#11477);
#1447=VERTEX_POINT('',#11481);
#1448=VERTEX_POINT('',#11485);
#1449=VERTEX_POINT('',#11583);
#1450=VERTEX_POINT('',#11587);
#1451=VERTEX_POINT('',#11591);
#1452=VERTEX_POINT('',#11593);
#1453=VERTEX_POINT('',#11603);
#1454=VERTEX_POINT('',#11611);
#1455=VERTEX_POINT('',#11615);
#1456=VERTEX_POINT('',#11619);
#1457=B_SPLINE_CURVE_WITH_KNOTS('',3,(#2614,#2615,#2616,#2617),
 .UNSPECIFIED.,.F.,.F.,(4,4),(0.,0.0051023259355897),.UNSPECIFIED.);
#1458=B_SPLINE_CURVE_WITH_KNOTS('',3,(#2620,#2621,#2622,#2623),
 .UNSPECIFIED.,.F.,.F.,(4,4),(0.00188406564841885,0.00562362907741111),
 .UNSPECIFIED.);
#1459=B_SPLINE_CURVE_WITH_KNOTS('',3,(#2627,#2628,#2629,#2630,#2631),
 .UNSPECIFIED.,.F.,.F.,(4,1,4),(0.125223445370161,0.128090599021971,0.130957752673782),
 .UNSPECIFIED.);
#1460=B_SPLINE_CURVE_WITH_KNOTS('',3,(#2635,#2636,#2637,#2638,#2639,#2640),
 .UNSPECIFIED.,.F.,.F.,(4,1,1,4),(0.08236590397706,0.0839494425296168,0.0855329810821736,
0.0887000581872872),.UNSPECIFIED.);
#1461=B_SPLINE_CURVE_WITH_KNOTS('',3,(#2644,#2645,#2646,#2647,#2648,#2649,
#2650,#2651,#2652,#2653,#2654),.UNSPECIFIED.,.F.,.F.,(4,1,1,1,1,1,1,1,4),
(0.,0.000766410372812792,0.00153282074562558,0.00229923111843838,0.00306564149125117,
0.00383205186406396,0.00459846223687675,0.00536487260968954,0.00613128298250233),
 .UNSPECIFIED.);
#1462=B_SPLINE_CURVE_WITH_KNOTS('',3,(#2721,#2722,#2723,#2724),
 .UNSPECIFIED.,.F.,.F.,(4,4),(0.,0.00536880824195047),.UNSPECIFIED.);
#1463=B_SPLINE_CURVE_WITH_KNOTS('',3,(#2727,#2728,#2729,#2730),
 .UNSPECIFIED.,.F.,.F.,(4,4),(1.96261557335472E-17,0.00109860831042521),
 .UNSPECIFIED.);
#1464=B_SPLINE_CURVE_WITH_KNOTS('',3,(#2732,#2733,#2734,#2735,#2736,#2737),
 .UNSPECIFIED.,.F.,.F.,(4,1,1,4),(0.,0.00983531280011109,0.0147529692001666,
0.0196706256002222),.UNSPECIFIED.);
#1465=B_SPLINE_CURVE_WITH_KNOTS('',3,(#2739,#2740,#2741,#2742,#2743,#2744,
#2745,#2746,#2747,#2748,#2749,#2750,#2751,#2752),.UNSPECIFIED.,.F.,.F.,
(4,1,1,1,1,1,1,1,1,1,1,4),(5.59431511413976E-17,0.0038731499146843,0.00774629982936855,
0.0116194497440528,0.015492599658737,0.0193657495734213,0.0213023245307634,
0.0232388994881055,0.0251754744454477,0.0271120494027898,0.0290486243601319,
0.030985199317474),.UNSPECIFIED.);
#1466=B_SPLINE_CURVE_WITH_KNOTS('',3,(#2754,#2755,#2756,#2757),
 .UNSPECIFIED.,.F.,.F.,(4,4),(3.46944695195361E-18,0.000302697877895266),
 .UNSPECIFIED.);
#1467=B_SPLINE_CURVE_WITH_KNOTS('',3,(#2766,#2767,#2768,#2769,#2770,#2771,
#2772,#2773,#2774),.UNSPECIFIED.,.F.,.F.,(4,1,1,1,1,1,4),(1.84762302064744E-16,
0.000829172073417756,0.00124375811012654,0.00165834414683533,0.00207293018354411,
0.0024875162202529,0.00331668829367047),.UNSPECIFIED.);
#1468=B_SPLINE_CURVE_WITH_KNOTS('',3,(#2781,#2782,#2783,#2784),
 .UNSPECIFIED.,.F.,.F.,(4,4),(6.3557995555656E-15,0.00539888612714966),
 .UNSPECIFIED.);
#1469=B_SPLINE_CURVE_WITH_KNOTS('',3,(#2786,#2787,#2788,#2789,#2790,#2791,
#2792,#2793,#2794),.UNSPECIFIED.,.F.,.F.,(4,1,1,1,1,1,4),(0.017879664299955,
0.0228355933896234,0.0277915224792919,0.0327474515689603,0.0377033806586288,
0.0476152388379657,0.0575270970173026),.UNSPECIFIED.);
#1470=B_SPLINE_CURVE_WITH_KNOTS('',3,(#2796,#2797,#2798,#2799,#2800,#2801),
 .UNSPECIFIED.,.F.,.F.,(4,1,1,4),(0.,0.00453849138150252,0.00680773707225379,
0.00907698276300505),.UNSPECIFIED.);
#1471=B_SPLINE_CURVE_WITH_KNOTS('',3,(#2805,#2806,#2807,#2808,#2809),
 .UNSPECIFIED.,.F.,.F.,(4,1,4),(0.0251911739715138,0.0280589567682035,0.0309267395648931),
 .UNSPECIFIED.);
#1472=B_SPLINE_CURVE_WITH_KNOTS('',3,(#2821,#2822,#2823,#2824,#2825,#2826,
#2827,#2828,#2829,#2830,#2831,#2832,#2833),.UNSPECIFIED.,.F.,.F.,(4,1,1,
1,1,1,1,1,1,1,4),(0.175709755219947,0.181168613554113,0.18662747188828,
0.192086330222447,0.197545188556614,0.200274617723697,0.203004046890781,
0.205733476057864,0.208462905224947,0.213921763559114,0.219380621893281),
 .UNSPECIFIED.);
#1473=B_SPLINE_CURVE_WITH_KNOTS('',3,(#2844,#2845,#2846,#2847,#2848,#2849,
#2850,#2851,#2852),.UNSPECIFIED.,.F.,.F.,(4,1,1,1,1,1,4),(5.36632718844557E-16,
0.000829172073418356,0.00124375811012727,0.00165834414683617,0.00207293018354508,
0.00248751622025399,0.00331668829367181),.UNSPECIFIED.);
#1474=B_SPLINE_CURVE_WITH_KNOTS('',3,(#2856,#2857,#2858,#2859),
 .UNSPECIFIED.,.F.,.F.,(4,4),(6.95171900536383E-15,0.00539913380391598),
 .UNSPECIFIED.);
#1475=B_SPLINE_CURVE_WITH_KNOTS('',3,(#2864,#2865,#2866,#2867,#2868),
 .UNSPECIFIED.,.F.,.F.,(4,1,4),(0.163654528801791,0.16652519094916,0.16939585309653),
 .UNSPECIFIED.);
#1476=B_SPLINE_CURVE_WITH_KNOTS('',3,(#2872,#2873,#2874,#2875,#2876,#2877),
 .UNSPECIFIED.,.F.,.F.,(4,1,1,4),(0.0152615972251815,0.017515603034126,
0.0197696088430705,0.0242776204609594),.UNSPECIFIED.);
#1477=B_SPLINE_CURVE_WITH_KNOTS('',3,(#2879,#2880,#2881,#2882,#2883,#2884,
#2885,#2886,#2887,#2888),.UNSPECIFIED.,.F.,.F.,(4,1,1,1,1,1,1,4),(0.,0.00991265450571865,
0.014868981758578,0.0198253090114373,0.0247816362642966,0.0297379635171559,
0.0346942907700153,0.0396506180228746),.UNSPECIFIED.);
#1478=B_SPLINE_CURVE_WITH_KNOTS('',3,(#2953,#2954,#2955,#2956,#2957,#2958,
#2959),.UNSPECIFIED.,.F.,.F.,(4,1,1,1,4),(0.,0.00499760452249134,0.00999520904498268,
0.014992813567474,0.0199904180899654),.UNSPECIFIED.);
#1479=B_SPLINE_CURVE_WITH_KNOTS('',3,(#2962,#2963,#2964,#2965),
 .UNSPECIFIED.,.F.,.F.,(4,4),(0.,0.00105330805030052),.UNSPECIFIED.);
#1480=B_SPLINE_CURVE_WITH_KNOTS('',3,(#2967,#2968,#2969,#2970,#2971),
 .UNSPECIFIED.,.F.,.F.,(4,1,4),(3.46944695195361E-18,0.00267528046323895,
0.0053505609264779),.UNSPECIFIED.);
#1481=B_SPLINE_CURVE_WITH_KNOTS('',3,(#2973,#2974,#2975,#2976),
 .UNSPECIFIED.,.F.,.F.,(4,4),(0.,0.000314510634250624),.UNSPECIFIED.);
#1482=B_SPLINE_CURVE_WITH_KNOTS('',3,(#2978,#2979,#2980,#2981,#2982,#2983,
#2984,#2985,#2986,#2987,#2988,#2989,#2990,#2991,#2992,#2993),
 .UNSPECIFIED.,.F.,.F.,(4,1,1,1,1,1,1,1,1,1,1,1,1,4),(2.76512963153942E-16,
0.00199125231856556,0.00398250463713085,0.00597375695569613,0.00796500927426142,
0.0099562615928267,0.011947513911392,0.0139387662299573,0.0159300185485226,
0.0199125231856531,0.0238950278227837,0.025886280141349,0.0278775324599143,
0.0318600370970448),.UNSPECIFIED.);
#1483=B_SPLINE_CURVE_WITH_KNOTS('',3,(#3008,#3009,#3010,#3011,#3012,#3013,
#3014,#3015,#3016,#3017,#3018,#3019,#3020),.UNSPECIFIED.,.F.,.F.,(4,1,1,
1,1,1,1,1,1,1,4),(0.117940228506955,0.123363295883376,0.128786363259797,
0.131497896948007,0.134209430636218,0.136920964324428,0.139632498012638,
0.145055565389059,0.15047863276548,0.155901700141901,0.161324767518321),
 .UNSPECIFIED.);
#1484=B_SPLINE_CURVE_WITH_KNOTS('',3,(#3022,#3023,#3024,#3025),
 .UNSPECIFIED.,.F.,.F.,(4,4),(0.0137743176173232,0.0188708461632276),
 .UNSPECIFIED.);
#1485=B_SPLINE_CURVE_WITH_KNOTS('',3,(#3034,#3035,#3036,#3037),
 .UNSPECIFIED.,.F.,.F.,(4,4),(0.00188406564841878,0.00562362907741111),
 .UNSPECIFIED.);
#1486=B_SPLINE_CURVE_WITH_KNOTS('',3,(#3041,#3042,#3043,#3044,#3045,#3046,
#3047,#3048,#3049,#3050,#3051),.UNSPECIFIED.,.F.,.F.,(4,1,1,1,1,1,1,1,4),
(0.,0.000766410372812791,0.00153282074562558,0.00229923111843837,0.00306564149125116,
0.00383205186406395,0.00459846223687674,0.00536487260968953,0.00613128298250233),
 .UNSPECIFIED.);
#1487=B_SPLINE_CURVE_WITH_KNOTS('',3,(#3055,#3056,#3057,#3058,#3059,#3060),
 .UNSPECIFIED.,.F.,.F.,(4,1,1,4),(0.0824457341162136,0.0840500490388183,
0.0856543639614229,0.0888629938066322),.UNSPECIFIED.);
#1488=B_SPLINE_CURVE_WITH_KNOTS('',3,(#3064,#3065,#3066,#3067,#3068),
 .UNSPECIFIED.,.F.,.F.,(4,1,4),(0.0212666455022857,0.0241326006663717,0.0269985558304578),
 .UNSPECIFIED.);
#1489=B_SPLINE_CURVE_WITH_KNOTS('',3,(#3074,#3075,#3076,#3077,#3078,#3079,
#3080,#3081,#3082,#3083),.UNSPECIFIED.,.T.,.F.,(1,3,1,1,1,1,1,1,3,1),(-0.152451871497999,
0.,0.136269795779927,0.256899260467907,0.428999445145013,0.551841102260877,
0.667658338964557,0.847548128502001,1.,1.13626979577993),.UNSPECIFIED.);
#1490=B_SPLINE_CURVE_WITH_KNOTS('',3,(#3084,#3085,#3086,#3087,#3088,#3089,
#3090,#3091),.UNSPECIFIED.,.F.,.F.,(4,1,1,1,1,4),(9.81307786677359E-17,
0.00289408184510645,0.0057881636902128,0.00868224553531915,0.0101292864578723,
0.0115763273804255),.UNSPECIFIED.);
#1491=B_SPLINE_CURVE_WITH_KNOTS('',3,(#3093,#3094,#3095,#3096,#3097,#3098,
#3099,#3100,#3101,#3102,#3103,#3104,#3105,#3106,#3107,#3108,#3109),
 .UNSPECIFIED.,.F.,.F.,(4,1,1,1,1,1,1,1,1,1,1,1,1,1,4),(0.0292427518715009,
0.032388753581247,0.0355347552909931,0.0386807570007392,0.0418267587104853,
0.0449727604202314,0.0481187621299775,0.0544107655494697,0.0607027689689619,
0.0669947723884541,0.0701407740982002,0.0732867758079463,0.0764327775176924,
0.0780057783725654,0.0795787792274385),.UNSPECIFIED.);
#1492=B_SPLINE_CURVE_WITH_KNOTS('',3,(#3111,#3112,#3113,#3114,#3115,#3116,
#3117,#3118,#3119),.UNSPECIFIED.,.F.,.F.,(4,1,1,1,1,1,4),(0.,0.00127473084123963,
0.00254946168247925,0.0050989233649585,0.00764838504743775,0.00892311588867738,
0.010197846729917),.UNSPECIFIED.);
#1493=B_SPLINE_CURVE_WITH_KNOTS('',3,(#3127,#3128,#3129,#3130,#3131,#3132,
#3133,#3134,#3135,#3136),.UNSPECIFIED.,.F.,.F.,(4,1,1,1,1,1,1,4),(0.,0.00197458282969127,
0.00394916565938255,0.0078983313187651,0.00987291414845637,0.0118474969781476,
0.0138220798078389,0.0157966626375302),.UNSPECIFIED.);
#1494=B_SPLINE_CURVE_WITH_KNOTS('',3,(#3138,#3139,#3140,#3141,#3142,#3143,
#3144,#3145,#3146,#3147,#3148,#3149),.UNSPECIFIED.,.F.,.F.,(4,1,1,1,1,1,
1,1,1,4),(0.,0.144632997427473,0.275443720334165,0.415165920073793,0.518913592122785,
0.69549453166214,0.77866882522218,0.853429470020051,0.910480410670062,1.),
 .UNSPECIFIED.);
#1495=B_SPLINE_CURVE_WITH_KNOTS('',3,(#3151,#3152,#3153,#3154,#3155),
 .UNSPECIFIED.,.F.,.F.,(4,1,4),(0.,0.509894098601247,1.),.UNSPECIFIED.);
#1496=B_SPLINE_CURVE_WITH_KNOTS('',3,(#3159,#3160,#3161,#3162,#3163),
 .UNSPECIFIED.,.F.,.F.,(4,1,4),(0.,0.509894098601247,1.),.UNSPECIFIED.);
#1497=B_SPLINE_CURVE_WITH_KNOTS('',3,(#3167,#3168,#3169,#3170),
 .UNSPECIFIED.,.F.,.F.,(4,4),(0.0212669142215395,0.0244726022437674),
 .UNSPECIFIED.);
#1498=B_SPLINE_CURVE_WITH_KNOTS('',3,(#3174,#3175,#3176,#3177),
 .UNSPECIFIED.,.F.,.F.,(4,4),(0.,0.00320560727426387),.UNSPECIFIED.);
#1499=B_SPLINE_CURVE_WITH_KNOTS('',3,(#4821,#4822,#4823,#4824,#4825),
 .UNSPECIFIED.,.F.,.F.,(4,1,4),(0.,0.0206774399177547,0.0413548798355094),
 .UNSPECIFIED.);
#1500=B_SPLINE_CURVE_WITH_KNOTS('',3,(#4828,#4829,#4830,#4831,#4832,#4833,
#4834,#4835,#4836,#4837,#4838,#4839,#4840,#4841,#4842,#4843,#4844,#4845,
#4846,#4847,#4848,#4849,#4850,#4851,#4852,#4853,#4854,#4855,#4856,#4857),
 .UNSPECIFIED.,.F.,.F.,(4,1,1,1,1,1,1,1,1,1,1,1,1,1,1,1,1,1,1,1,1,1,1,1,
1,1,1,4),(0.057668119106019,0.0748498940116585,0.092031668917298,0.100622556370118,
0.109213443822937,0.117804331275757,0.122099775002167,0.124247496865372,
0.125321357796975,0.126395218728577,0.128542940591782,0.130690662454987,
0.134986106181397,0.143576993634217,0.152167881087036,0.160758768539856,
0.169349655992676,0.177940543445496,0.182235987171905,0.186531430898315,
0.195122318351135,0.203713205803955,0.212304093256775,0.229485868162414,
0.246667643068054,0.263849417973693,0.298212967784972,0.332576517596251),
 .UNSPECIFIED.);
#1501=B_SPLINE_CURVE_WITH_KNOTS('',3,(#4859,#4860,#4861,#4862,#4863,#4864,
#4865,#4866,#4867,#4868),.UNSPECIFIED.,.F.,.F.,(4,1,1,1,1,1,1,4),(0.,0.00197148013407135,
0.0039429602681427,0.0078859205362854,0.00985740067035675,0.0118288808044281,
0.0138003609384995,0.0157718410725708),.UNSPECIFIED.);
#1502=B_SPLINE_CURVE_WITH_KNOTS('',3,(#4870,#4871,#4872,#4873,#4874,#4875,
#4876,#4877,#4878,#4879,#4880,#4881,#4882,#4883,#4884,#4885,#4886,#4887,
#4888,#4889,#4890,#4891,#4892,#4893,#4894,#4895,#4896,#4897,#4898,#4899,
#4900,#4901,#4902,#4903,#4904,#4905,#4906,#4907,#4908,#4909,#4910,#4911,
#4912,#4913,#4914,#4915,#4916,#4917,#4918,#4919,#4920,#4921,#4922,#4923,
#4924,#4925,#4926,#4927,#4928,#4929,#4930,#4931,#4932,#4933,#4934,#4935,
#4936,#4937,#4938,#4939,#4940,#4941,#4942,#4943,#4944,#4945,#4946,#4947,
#4948,#4949,#4950,#4951,#4952,#4953,#4954,#4955,#4956,#4957,#4958,#4959,
#4960,#4961,#4962,#4963,#4964,#4965,#4966,#4967,#4968,#4969,#4970),
 .UNSPECIFIED.,.F.,.F.,(4,1,1,1,1,1,1,1,1,1,1,1,1,1,1,1,1,1,1,1,1,1,1,1,
1,1,1,1,1,1,1,1,1,1,1,1,1,1,1,1,1,1,1,1,1,1,1,1,1,1,1,1,1,1,1,1,1,1,1,1,
1,1,1,1,1,1,1,1,1,1,1,1,1,1,1,1,1,1,1,1,1,1,1,1,1,1,1,1,1,1,1,1,1,1,1,1,
1,1,4),(0.322636983311126,0.342714431953153,0.352753156274167,0.362791880595181,
0.367811242755687,0.372830604916194,0.375340285996448,0.377849967076701,
0.382869329237208,0.392908053558222,0.402946777879235,0.423024226521263,
0.42804358868177,0.433062950842276,0.438082313002783,0.440591994083037,
0.44310167516329,0.453140399484304,0.463179123805318,0.473217848126331,
0.483256572447345,0.488275934607852,0.493295296768359,0.495804977848612,
0.498314658928865,0.499569499468992,0.500196919739056,0.500824340009119,
0.502079180549246,0.503334021089372,0.508353383249879,0.513372745410386,
0.518392107570893,0.5234114697314,0.533450194052413,0.543488918373427,0.553527642694441,
0.558547004854948,0.561056685935201,0.562311526475328,0.563566367015454,
0.566076048095708,0.568585729175961,0.573605091336468,0.578624453496975,
0.583643815657482,0.593682539978496,0.603721264299509,0.608740626460016,
0.613759988620523,0.61877935078103,0.621289031861283,0.623798712941537,
0.6244261332116,0.625053553481663,0.625680973751727,0.62630839402179,0.628818075102043,
0.63383743726255,0.643876161583564,0.648895523744071,0.651405204824324,
0.653914885904578,0.655169726444705,0.656424566984831,0.657679407524958,
0.658934248065085,0.661443929145338,0.663953610225591,0.673992334546605,
0.684031058867619,0.689050421028126,0.694069783188632,0.704108507509646,
0.71414723183066,0.724185956151673,0.734224680472687,0.739244042633194,
0.744263404793701,0.746773085873954,0.749282766954208,0.749910187224271,
0.750537607494334,0.751792448034461,0.754302129114715,0.759321491275222,
0.764340853435728,0.774379577756742,0.784418302077756,0.804495750719783,
0.82457319936181,0.844650648003838,0.864728096645865,0.884805545287893,
0.90488299392992,0.924960442571947,0.934999166892961,0.945037891213975,
0.965115339856002),.UNSPECIFIED.);
#1503=B_SPLINE_CURVE_WITH_KNOTS('',3,(#4979,#4980,#4981,#4982,#4983,#4984,
#4985,#4986,#4987,#4988,#4989,#4990,#4991,#4992,#4993,#4994),
 .UNSPECIFIED.,.F.,.F.,(4,1,1,1,1,1,1,1,1,1,1,1,1,4),(0.,0.00120772564202616,
0.00181158846303923,0.0019625541682925,0.00211351987354577,0.00241545128405231,
0.00301931410506539,0.00362317692607847,0.00392510833658501,0.00422703974709155,
0.00483090256810462,0.00603862821013078,0.00724635385215694,0.00966180513620925),
 .UNSPECIFIED.);
#1504=B_SPLINE_CURVE_WITH_KNOTS('',3,(#4997,#4998,#4999,#5000,#5001,#5002,
#5003),.UNSPECIFIED.,.F.,.F.,(4,1,1,1,4),(0.00966180513620914,0.013211653915666,
0.0149865783053944,0.0158740405002586,0.0167615026951229),.UNSPECIFIED.);
#1505=B_SPLINE_CURVE_WITH_KNOTS('',3,(#5005,#5006,#5007,#5008),
 .UNSPECIFIED.,.F.,.F.,(4,4),(0.,0.00444613114692558),.UNSPECIFIED.);
#1506=B_SPLINE_CURVE_WITH_KNOTS('',3,(#5027,#5028,#5029,#5030,#5031,#5032,
#5033,#5034,#5035,#5036),.UNSPECIFIED.,.F.,.F.,(4,1,1,1,3,4),(0.,0.227246384794626,
0.552695849773599,0.832486095020681,1.,1.01),.UNSPECIFIED.);
#1507=B_SPLINE_CURVE_WITH_KNOTS('',3,(#5038,#5039,#5040,#5041,#5042,#5043,
#5044,#5045,#5046,#5047,#5048,#5049,#5050,#5051,#5052,#5053,#5054,#5055,
#5056,#5057,#5058,#5059,#5060,#5061,#5062,#5063,#5064,#5065,#5066,#5067,
#5068,#5069,#5070,#5071,#5072,#5073,#5074,#5075,#5076,#5077,#5078,#5079,
#5080,#5081),.UNSPECIFIED.,.F.,.F.,(4,1,1,1,1,1,1,1,1,1,1,1,1,1,1,1,1,1,
1,1,1,1,1,1,1,1,1,1,1,1,1,1,1,1,1,1,1,1,1,1,1,4),(0.664909075520092,0.673578546485135,
0.682248017450178,0.684415385191439,0.6865827529327,0.68766643680333,0.688750120673961,
0.690917488415222,0.695252223897743,0.699586959380265,0.708256430345308,
0.716925901310352,0.725595372275395,0.734264843240438,0.742934314205482,
0.747269049688003,0.749436417429264,0.750520101299895,0.751603785170525,
0.755938520653047,0.760273256135568,0.768942727100612,0.777612198065655,
0.786281669030698,0.794951139995742,0.803620610960785,0.807955346443306,
0.812290081925828,0.81662481740835,0.820959552890872,0.829629023855915,
0.838298494820958,0.855637436751045,0.864306907716088,0.872976378681131,
0.875143746422392,0.877311114163653,0.881645849646175,0.890315320611218,
0.907654262541305,0.924993204471391,0.942332146401478),.UNSPECIFIED.);
#1508=B_SPLINE_CURVE_WITH_KNOTS('',3,(#5093,#5094,#5095,#5096),
 .UNSPECIFIED.,.F.,.F.,(4,4),(0.,0.00443023018718042),.UNSPECIFIED.);
#1509=B_SPLINE_CURVE_WITH_KNOTS('',3,(#5098,#5099,#5100,#5101),
 .UNSPECIFIED.,.F.,.F.,(4,4),(0.00951739719918076,0.0166415226231159),
 .UNSPECIFIED.);
#1510=B_SPLINE_CURVE_WITH_KNOTS('',3,(#5103,#5104,#5105,#5106),
 .UNSPECIFIED.,.F.,.F.,(4,4),(0.989870314381312,1.),.UNSPECIFIED.);
#1511=B_SPLINE_CURVE_WITH_KNOTS('',3,(#5144,#5145,#5146,#5147,#5148,#5149),
 .UNSPECIFIED.,.F.,.F.,(4,1,1,4),(0.,0.00341834873693129,0.00512752310539693,
0.00683669747386258),.UNSPECIFIED.);
#1512=B_SPLINE_CURVE_WITH_KNOTS('',3,(#5151,#5152,#5153,#5154,#5155,#5156,
#5157,#5158,#5159,#5160),.UNSPECIFIED.,.F.,.F.,(4,1,1,1,3,4),(0.,0.227246384794626,
0.552695849773599,0.832486095020681,1.,1.01),.UNSPECIFIED.);
#1513=B_SPLINE_CURVE_WITH_KNOTS('',3,(#5161,#5162,#5163,#5164,#5165,#5166,
#5167,#5168,#5169,#5170),.UNSPECIFIED.,.F.,.F.,(4,1,1,1,3,4),(0.,0.227246384794626,
0.552695849773599,0.832486095020681,1.,1.01),.UNSPECIFIED.);
#1514=B_SPLINE_CURVE_WITH_KNOTS('',3,(#5172,#5173,#5174,#5175,#5176,#5177),
 .UNSPECIFIED.,.F.,.F.,(4,1,1,4),(0.,0.00169742055551254,0.00339484111102508,
0.00678968222205017),.UNSPECIFIED.);
#1515=B_SPLINE_CURVE_WITH_KNOTS('',3,(#6354,#6355,#6356,#6357),
 .UNSPECIFIED.,.F.,.F.,(4,4),(0.984635612332694,1.),.UNSPECIFIED.);
#1516=B_SPLINE_CURVE_WITH_KNOTS('',3,(#6360,#6361,#6362,#6363,#6364,#6365),
 .UNSPECIFIED.,.F.,.F.,(4,1,1,4),(0.,0.0194540398433213,0.029181059764982,
0.0389080796866426),.UNSPECIFIED.);
#1517=B_SPLINE_CURVE_WITH_KNOTS('',3,(#6367,#6368,#6369,#6370),
 .UNSPECIFIED.,.F.,.F.,(4,4),(0.,0.00240482008384412),.UNSPECIFIED.);
#1518=B_SPLINE_CURVE_WITH_KNOTS('',3,(#6371,#6372,#6373,#6374,#6375,#6376,
#6377,#6378,#6379,#6380,#6381,#6382,#6383,#6384,#6385,#6386,#6387,#6388),
 .UNSPECIFIED.,.F.,.F.,(4,1,1,1,1,1,1,1,1,1,1,1,1,1,1,4),(0.,0.00549031263418459,
0.0109806252683692,0.0164709379025538,0.0219612505367384,0.027451563170923,
0.0301967194880153,0.0329418758051076,0.0356870321221999,0.0384321884392922,
0.0398047665978383,0.0411773447563845,0.0418636338356575,0.0425499229149306,
0.0432362119942037,0.0439225010734768),.UNSPECIFIED.);
#1519=B_SPLINE_CURVE_WITH_KNOTS('',3,(#8009,#8010,#8011,#8012,#8013),
 .UNSPECIFIED.,.F.,.F.,(4,1,4),(0.,0.0206774399229436,0.0413548798458873),
 .UNSPECIFIED.);
#1520=B_SPLINE_CURVE_WITH_KNOTS('',3,(#8015,#8016,#8017,#8018,#8019,#8020,
#8021,#8022,#8023,#8024,#8025,#8026,#8027,#8028,#8029,#8030,#8031,#8032,
#8033,#8034,#8035,#8036,#8037,#8038,#8039,#8040,#8041,#8042,#8043,#8044,
#8045,#8046,#8047,#8048,#8049,#8050,#8051,#8052,#8053,#8054,#8055,#8056,
#8057,#8058,#8059,#8060,#8061,#8062,#8063,#8064,#8065,#8066,#8067,#8068,
#8069,#8070,#8071,#8072,#8073,#8074,#8075,#8076,#8077,#8078,#8079,#8080,
#8081,#8082,#8083,#8084,#8085,#8086,#8087,#8088,#8089,#8090,#8091,#8092,
#8093,#8094,#8095,#8096,#8097,#8098,#8099,#8100,#8101,#8102,#8103,#8104,
#8105,#8106,#8107,#8108,#8109,#8110,#8111,#8112,#8113,#8114,#8115),
 .UNSPECIFIED.,.F.,.F.,(4,1,1,1,1,1,1,1,1,1,1,1,1,1,1,1,1,1,1,1,1,1,1,1,
1,1,1,1,1,1,1,1,1,1,1,1,1,1,1,1,1,1,1,1,1,1,1,1,1,1,1,1,1,1,1,1,1,1,1,1,
1,1,1,1,1,1,1,1,1,1,1,1,1,1,1,1,1,1,1,1,1,1,1,1,1,1,1,1,1,1,1,1,1,1,1,1,
1,1,4),(0.0348853385283553,0.0549628548456955,0.0650016130043655,0.0750403711630356,
0.0951178874803758,0.115195403797716,0.135272920115056,0.155350436432396,
0.175427952749736,0.195505469067076,0.215582985384417,0.225621743543087,
0.235660501701757,0.240679880781092,0.245699259860427,0.248208949400094,
0.249463794169928,0.250091216554845,0.250718638939762,0.253228328479429,
0.255738018019097,0.260757397098432,0.265776776177767,0.275815534336437,
0.285854292495107,0.295893050653777,0.305931808812447,0.310951187891782,
0.315970566971117,0.326009325129788,0.336048083288458,0.338557772828125,
0.341067462367793,0.342322307137626,0.34357715190746,0.344831996677294,
0.346086841447128,0.348596530986795,0.351106220526463,0.356125599605798,
0.366164357764468,0.371183736843803,0.37369342638347,0.374320848768387,
0.374948271153304,0.375575693538221,0.376203115923138,0.378712805462805,
0.381222495002473,0.386241874081808,0.391261253161143,0.396280632240478,
0.406319390399148,0.416358148557818,0.421377527637153,0.426396906716488,
0.431416285795823,0.433925975335491,0.436435664875158,0.437690509644992,
0.438945354414826,0.441455043954493,0.446474423033828,0.456513181192498,
0.466551939351168,0.476590697509839,0.481610076589174,0.486629455668509,
0.491648834747844,0.496668213827179,0.497923058597012,0.499177903366846,
0.499805325751763,0.50043274813668,0.501687592906514,0.504197282446181,
0.506706971985849,0.511726351065184,0.516745730144519,0.526784488303189,
0.536823246461859,0.546862004620529,0.556900762779199,0.559410452318867,
0.561920141858534,0.566939520937869,0.571958900017204,0.576978279096539,
0.59705579541388,0.60709455357255,0.61713331173122,0.622152690810555,0.624662380350222,
0.62717206988989,0.632191448969225,0.63721082804856,0.64724958620723,0.6572883443659,
0.67736586068324),.UNSPECIFIED.);
#1521=B_SPLINE_CURVE_WITH_KNOTS('',3,(#8154,#8155,#8156,#8157,#8158),
 .UNSPECIFIED.,.F.,.F.,(4,1,4),(0.,0.0026751606996876,0.00535032139937521),
 .UNSPECIFIED.);
#1522=B_SPLINE_CURVE_WITH_KNOTS('',3,(#8160,#8161,#8162,#8163,#8164),
 .UNSPECIFIED.,.F.,.F.,(4,1,4),(0.,0.00267272413963486,0.00534544827926972),
 .UNSPECIFIED.);
#1523=B_SPLINE_CURVE_WITH_KNOTS('',3,(#8165,#8166,#8167,#8168,#8169),
 .UNSPECIFIED.,.F.,.F.,(4,1,4),(0.,0.00267516069968762,0.00535032139937525),
 .UNSPECIFIED.);
#1524=B_SPLINE_CURVE_WITH_KNOTS('',3,(#8171,#8172,#8173,#8174,#8175),
 .UNSPECIFIED.,.F.,.F.,(4,1,4),(0.,0.00267272413963492,0.00534544827926983),
 .UNSPECIFIED.);
#1525=B_SPLINE_CURVE_WITH_KNOTS('',3,(#8176,#8177,#8178,#8179,#8180,#8181,
#8182,#8183,#8184,#8185,#8186,#8187,#8188,#8189,#8190,#8191,#8192,#8193),
 .UNSPECIFIED.,.F.,.F.,(4,1,1,1,1,1,1,1,1,1,1,1,1,1,1,4),(0.,0.000695465095142995,
0.00139093019028599,0.00208639528542898,0.00278186038057198,0.00417279057085797,
0.00556372076114396,0.00834558114171594,0.0111274415222879,0.0139093019028599,
0.0166911622834319,0.0222548830445758,0.0278186038057198,0.0333823245668637,
0.0389460453280077,0.0445097660891517),.UNSPECIFIED.);
#1526=B_SPLINE_CURVE_WITH_KNOTS('',3,(#8195,#8196,#8197,#8198,#8199,#8200,
#8201,#8202,#8203,#8204,#8205,#8206,#8207,#8208,#8209,#8210),
 .UNSPECIFIED.,.F.,.F.,(4,1,1,1,1,1,1,1,1,1,1,1,1,4),(-0.0424379527953443,
-0.0290814519580122,-0.0224032015393461,-0.01572495112068,-0.00904670070201394,
-0.00570757549268091,-0.00236845028334787,-0.000698887678681351,0.000135893623651908,
0.000970674925985167,0.00264023753065169,0.0043098001353182,0.00764892534465124,
0.0109880505539843),.UNSPECIFIED.);
#1527=B_SPLINE_CURVE_WITH_KNOTS('',3,(#8214,#8215,#8216,#8217,#8218,#8219,
#8220,#8221,#8222,#8223,#8224,#8225,#8226,#8227,#8228,#8229),
 .UNSPECIFIED.,.F.,.F.,(4,1,1,1,1,1,1,1,1,1,1,1,1,4),(-0.0424379527581068,
-0.0290814519300873,-0.0224032015160775,-0.0157249511020677,-0.0090467006880579,
-0.00570757548105301,-0.00236845027404812,-0.000698887670545672,0.000135893631205551,
0.000970674932956774,0.00264023753645922,0.00430980013996167,0.00764892534696656,
0.0109880505539715),.UNSPECIFIED.);
#1528=B_SPLINE_CURVE_WITH_KNOTS('',3,(#8285,#8286,#8287,#8288,#8289,#8290,
#8291,#8292,#8293,#8294,#8295,#8296),.UNSPECIFIED.,.F.,.F.,(4,1,1,1,1,1,
1,1,1,4),(0.,0.144632997427473,0.275443720334165,0.415165920073793,0.518913592122785,
0.69549453166214,0.77866882522218,0.853429470020051,0.910480410670062,1.),
 .UNSPECIFIED.);
#1529=B_SPLINE_CURVE_WITH_KNOTS('',3,(#8298,#8299,#8300,#8301),
 .UNSPECIFIED.,.F.,.F.,(4,4),(0.183204827725045,0.186064006689004),
 .UNSPECIFIED.);
#1530=B_SPLINE_CURVE_WITH_KNOTS('',3,(#8520,#8521,#8522,#8523,#8524),
 .UNSPECIFIED.,.F.,.F.,(4,1,4),(0.,0.0143731015589306,0.0287462031178611),
 .UNSPECIFIED.);
#1531=B_SPLINE_CURVE_WITH_KNOTS('',3,(#8527,#8528,#8529,#8530),
 .UNSPECIFIED.,.F.,.F.,(4,4),(-0.0867677794775109,-0.0496689749301949),
 .UNSPECIFIED.);
#1532=B_SPLINE_CURVE_WITH_KNOTS('',3,(#8532,#8533,#8534,#8535,#8536,#8537,
#8538,#8539,#8540,#8541,#8542,#8543,#8544,#8545,#8546,#8547,#8548,#8549),
 .UNSPECIFIED.,.F.,.F.,(4,1,1,1,1,1,1,1,1,1,1,1,1,1,1,4),(0.,0.00369998010112851,
0.00739996020225701,0.0110999403033855,0.014799920404514,0.0184999005056425,
0.0203498905562068,0.022199880606771,0.0240498706573353,0.0258998607078995,
0.0268248557331817,0.0277498507584638,0.0282123482711049,0.0286748457837459,
0.029137343296387,0.029599840809028),.UNSPECIFIED.);
#1533=B_SPLINE_CURVE_WITH_KNOTS('',3,(#8551,#8552,#8553,#8554,#8555,#8556,
#8557),.UNSPECIFIED.,.F.,.F.,(4,1,1,1,4),(0.990473890680413,0.995894569011509,
0.998604908177058,0.999960077759832,1.00131524734261),.UNSPECIFIED.);
#1534=B_SPLINE_CURVE_WITH_KNOTS('',3,(#8559,#8560,#8561,#8562),
 .UNSPECIFIED.,.F.,.F.,(4,4),(0.985019437770876,0.990473890681569),
 .UNSPECIFIED.);
#1535=B_SPLINE_CURVE_WITH_KNOTS('',3,(#8564,#8565,#8566,#8567),
 .UNSPECIFIED.,.F.,.F.,(4,4),(0.,0.00217865014686526),.UNSPECIFIED.);
#1536=B_SPLINE_CURVE_WITH_KNOTS('',3,(#8724,#8725,#8726,#8727,#8728),
 .UNSPECIFIED.,.F.,.F.,(4,1,4),(0.,0.0155535095696077,0.0311070191392154),
 .UNSPECIFIED.);
#1537=B_SPLINE_CURVE_WITH_KNOTS('',3,(#8731,#8732,#8733,#8734),
 .UNSPECIFIED.,.F.,.F.,(4,4),(0.,1.),.UNSPECIFIED.);
#1538=B_SPLINE_CURVE_WITH_KNOTS('',3,(#8736,#8737,#8738,#8739,#8740,#8741,
#8742),.UNSPECIFIED.,.F.,.F.,(4,1,1,1,4),(0.0425671717469728,0.115447479014693,
0.188327786282412,0.261208093550132,0.334088400817852),.UNSPECIFIED.);
#1539=B_SPLINE_CURVE_WITH_KNOTS('',3,(#8743,#8744,#8745,#8746,#8747,#8748,
#8749,#8750,#8751,#8752,#8753),.UNSPECIFIED.,.F.,.F.,(4,1,1,1,1,1,1,1,4),
(0.381808873587311,0.527632862808914,0.600544857419716,0.637000854725117,
0.673456852030518,0.746368846641319,0.819280841252121,0.892192835862922,
0.965104830473724),.UNSPECIFIED.);
#1540=B_SPLINE_CURVE_WITH_KNOTS('',3,(#8768,#8769,#8770,#8771),
 .UNSPECIFIED.,.F.,.F.,(4,4),(0.,0.00390120605344786),.UNSPECIFIED.);
#1541=B_SPLINE_CURVE_WITH_KNOTS('',3,(#8788,#8789,#8790,#8791,#8792,#8793,
#8794),.UNSPECIFIED.,.F.,.F.,(4,1,1,1,4),(0.132900337828275,0.147485287057479,
0.162070236286683,0.176655185515887,0.191240134745091),.UNSPECIFIED.);
#1542=B_SPLINE_CURVE_WITH_KNOTS('',3,(#8807,#8808,#8809,#8810,#8811),
 .UNSPECIFIED.,.F.,.F.,(4,1,4),(0.985450175893279,0.992725087946639,1.),
 .UNSPECIFIED.);
#1543=B_SPLINE_CURVE_WITH_KNOTS('',3,(#8814,#8815,#8816,#8817),
 .UNSPECIFIED.,.F.,.F.,(4,4),(0.97891324575012,0.985393287914896),
 .UNSPECIFIED.);
#1544=B_SPLINE_CURVE_WITH_KNOTS('',3,(#8819,#8820,#8821,#8822),
 .UNSPECIFIED.,.F.,.F.,(4,4),(0.,0.00390035342905504),.UNSPECIFIED.);
#1545=B_SPLINE_CURVE_WITH_KNOTS('',3,(#8869,#8870,#8871,#8872,#8873,#8874,
#8875,#8876,#8877,#8878,#8879,#8880,#8881,#8882),.UNSPECIFIED.,.F.,.F.,
(4,1,1,1,1,1,1,1,1,1,1,4),(0.00610672107039758,0.0176775594250659,0.0292483977797343,
0.0408192361344026,0.052390074489071,0.0755317511984077,0.0986734279077443,
0.121815104617081,0.144956781326418,0.168098458035754,0.179669296390423,
0.191240134745091),.UNSPECIFIED.);
#1546=B_SPLINE_CURVE_WITH_KNOTS('',3,(#8884,#8885,#8886,#8887,#8888,#8889),
 .UNSPECIFIED.,.F.,.F.,(4,1,1,4),(0.,0.00151087898258573,0.00302175796517146,
0.00604351593034291),.UNSPECIFIED.);
#1547=B_SPLINE_CURVE_WITH_KNOTS('',3,(#8893,#8894,#8895,#8896,#8897,#8898),
 .UNSPECIFIED.,.F.,.F.,(4,1,1,4),(0.,0.00303299109259936,0.00454948663889903,
0.00606598218519871),.UNSPECIFIED.);
#1548=B_SPLINE_CURVE_WITH_KNOTS('',3,(#8900,#8901,#8902,#8903,#8904,#8905,
#8906,#8907,#8908,#8909,#8910,#8911,#8912,#8913),.UNSPECIFIED.,.F.,.F.,
(4,1,1,1,1,1,1,1,1,1,1,4),(0.00610672107039758,0.0176775594250659,0.0292483977797343,
0.0408192361344026,0.052390074489071,0.0755317511984077,0.0986734279077443,
0.121815104617081,0.144956781326418,0.168098458035754,0.179669296390423,
0.191240134745091),.UNSPECIFIED.);
#1549=B_SPLINE_CURVE_WITH_KNOTS('',3,(#8914,#8915,#8916,#8917,#8918,#8919,
#8920),.UNSPECIFIED.,.F.,.F.,(4,1,1,1,4),(2.56470300692985E-15,0.000248533006617442,
0.00049706601323232,0.000745599019847198,0.000994132026462075),
 .UNSPECIFIED.);
#1550=B_SPLINE_CURVE_WITH_KNOTS('',3,(#9080,#9081,#9082,#9083),
 .UNSPECIFIED.,.F.,.F.,(4,4),(0.,1.),.UNSPECIFIED.);
#1551=B_SPLINE_CURVE_WITH_KNOTS('',3,(#9086,#9087,#9088,#9089,#9090),
 .UNSPECIFIED.,.F.,.F.,(4,1,4),(0.,0.0155535095289402,0.0311070190578803),
 .UNSPECIFIED.);
#1552=B_SPLINE_CURVE_WITH_KNOTS('',3,(#9092,#9093,#9094,#9095,#9096,#9097,
#9098,#9099,#9100,#9101,#9102),.UNSPECIFIED.,.F.,.F.,(4,1,1,1,1,1,1,1,4),
(0.0348951695776299,0.10780715818241,0.180719146787189,0.253631135391969,
0.326543123996748,0.362999118299138,0.399455112601528,0.472367101206308,
0.618191078415867),.UNSPECIFIED.);
#1553=B_SPLINE_CURVE_WITH_KNOTS('',3,(#9104,#9105,#9106,#9107,#9108,#9109,
#9110,#9111,#9112,#9113),.UNSPECIFIED.,.F.,.F.,(4,1,1,1,1,1,1,4),(7.54137011722012E-5,
0.00135175288327705,0.0026280920653819,0.00390443124748675,0.0051807704295916,
0.0077334487938013,0.00900978797590615,0.010286127158011),.UNSPECIFIED.);
#1554=B_SPLINE_CURVE_WITH_KNOTS('',3,(#9115,#9116,#9117,#9118,#9119,#9120,
#9121),.UNSPECIFIED.,.F.,.F.,(4,1,1,1,4),(0.665911837352795,0.73879211919504,
0.811672401037284,0.884552682879529,0.957432964721774),.UNSPECIFIED.);
#1555=B_SPLINE_CURVE_WITH_KNOTS('',3,(#9166,#9167,#9168,#9169,#9170,#9171),
 .UNSPECIFIED.,.F.,.F.,(4,1,1,4),(0.,0.00304266016821294,0.00456399025231941,
0.00608532033642588),.UNSPECIFIED.);
#1556=B_SPLINE_CURVE_WITH_KNOTS('',3,(#9173,#9174,#9175,#9176,#9177,#9178),
 .UNSPECIFIED.,.F.,.F.,(4,1,1,4),(0.,0.00152240059432389,0.00304480118864779,
0.00608960237729557),.UNSPECIFIED.);
#1557=B_SPLINE_CURVE_WITH_KNOTS('',3,(#9179,#9180,#9181,#9182,#9183,#9184,
#9185,#9186,#9187,#9188,#9189,#9190,#9191,#9192),.UNSPECIFIED.,.F.,.F.,
(4,1,1,1,1,1,1,1,1,1,1,4),(0.,0.0100496656941876,0.0150744985412814,0.0200993313883752,
0.025124164235469,0.0276365806590159,0.0288927888707894,0.0301489970825628,
0.0314052052943363,0.0326614135061097,0.0351738299296566,0.0401986627767505),
 .UNSPECIFIED.);
#1558=B_SPLINE_CURVE_WITH_KNOTS('',3,(#9196,#9197,#9198,#9199,#9200,#9201,
#9202,#9203,#9204,#9205,#9206,#9207,#9208),.UNSPECIFIED.,.F.,.F.,(4,1,1,
1,1,1,1,1,1,1,4),(0.131914240682882,0.141871151383504,0.146849606733815,
0.151828062084125,0.156806517434436,0.159295745109592,0.16054035894717,
0.161784972784747,0.164274200459903,0.166763428135058,0.171741883485369),
 .UNSPECIFIED.);
#1559=B_SPLINE_CURVE_WITH_KNOTS('',3,(#9210,#9211,#9212,#9213,#9214,#9215,
#9216,#9217,#9218,#9219,#9220,#9221,#9222,#9223,#9224,#9225,#9226,#9227),
 .UNSPECIFIED.,.F.,.F.,(4,1,1,1,1,1,1,1,1,1,1,1,1,1,1,4),(0.,0.000464503567743436,
0.000929007135486872,0.00139351070323031,0.00185801427097374,0.00278702140646062,
0.00371602854194749,0.00557404281292123,0.00743205708389497,0.00929007135486872,
0.0111480856258425,0.0148641141677899,0.0185801427097374,0.0222961712516849,
0.0260121997936324,0.0297282283355799),.UNSPECIFIED.);
#1560=B_SPLINE_CURVE_WITH_KNOTS('',3,(#9228,#9229,#9230,#9231,#9232,#9233),
 .UNSPECIFIED.,.F.,.F.,(4,1,1,4),(0.,0.00304266016821296,0.00456399025231945,
0.00608532033642593),.UNSPECIFIED.);
#1561=B_SPLINE_CURVE_WITH_KNOTS('',3,(#9235,#9236,#9237,#9238,#9239,#9240),
 .UNSPECIFIED.,.F.,.F.,(4,1,1,4),(0.,0.00152240059432397,0.00304480118864793,
0.00608960237729586),.UNSPECIFIED.);
#1562=B_SPLINE_CURVE_WITH_KNOTS('',3,(#9290,#9291,#9292,#9293,#9294,#9295,
#9296,#9297,#9298,#9299,#9300,#9301,#9302,#9303,#9304,#9305,#9306,#9307,
#9308,#9309),.UNSPECIFIED.,.F.,.F.,(4,1,1,1,1,1,1,1,1,1,1,1,1,1,1,1,1,4),
(0.0106410140680046,0.0192714623076212,0.0235866864274295,0.0279019105472378,
0.0322171346670461,0.0365323587868544,0.0408475829066627,0.045162807026471,
0.0494780311462793,0.0537932552660876,0.0581084793858959,0.0624237035057042,
0.0667389276255125,0.0710541517453208,0.073211763805225,0.0753693758651291,
0.0775269879250333,0.0796845999849374),.UNSPECIFIED.);
#1563=B_SPLINE_CURVE_WITH_KNOTS('',3,(#9318,#9319,#9320,#9321),
 .UNSPECIFIED.,.F.,.F.,(4,4),(0.,0.000982995820911213),.UNSPECIFIED.);
#1564=B_SPLINE_CURVE_WITH_KNOTS('',3,(#9325,#9326,#9327,#9328),
 .UNSPECIFIED.,.F.,.F.,(4,4),(1.38777878078145E-17,0.000982995820911206),
 .UNSPECIFIED.);
#1565=B_SPLINE_CURVE_WITH_KNOTS('',3,(#9329,#9330,#9331,#9332),
 .UNSPECIFIED.,.F.,.F.,(4,4),(0.,0.000197241663181537),.UNSPECIFIED.);
#1566=B_SPLINE_CURVE_WITH_KNOTS('',3,(#9336,#9337,#9338,#9339,#9340,#9341,
#9342,#9343,#9344,#9345),.UNSPECIFIED.,.T.,.F.,(1,3,1,1,1,1,1,1,3,1),(-0.152451871497999,
0.,0.136269795779927,0.256899260467907,0.428999445145013,0.551841102260877,
0.667658338964557,0.847548128502001,1.,1.13626979577993),.UNSPECIFIED.);
#1567=B_SPLINE_CURVE_WITH_KNOTS('',3,(#9346,#9347,#9348,#9349,#9350,#9351,
#9352,#9353),.UNSPECIFIED.,.F.,.F.,(4,1,1,1,1,4),(2.25914017994151E-16,
0.00289408184510393,0.00578816369020764,0.00868224553531134,0.0101292864578632,
0.011576327380415),.UNSPECIFIED.);
#1568=B_SPLINE_CURVE_WITH_KNOTS('',3,(#9355,#9356,#9357,#9358,#9359,#9360,
#9361,#9362,#9363,#9364,#9365,#9366,#9367,#9368,#9369,#9370,#9371,#9372,
#9373,#9374),.UNSPECIFIED.,.F.,.F.,(4,1,1,1,1,1,1,1,1,1,1,1,1,1,1,1,1,4),
(0.0106408825073171,0.0192713302416457,0.0235865541088099,0.0279017779759742,
0.0322170018431385,0.0365322257103028,0.0408474495774671,0.0451626734446314,
0.0494778973117957,0.05379312117896,0.0581083450461242,0.0624235689132885,
0.0667387927804528,0.0710540166476171,0.0732116285811993,0.0753692405147814,
0.0775268524483635,0.0796844643819457),.UNSPECIFIED.);
#1569=B_SPLINE_CURVE_WITH_KNOTS('',3,(#9375,#9376,#9377,#9378,#9379,#9380,
#9381,#9382),.UNSPECIFIED.,.F.,.F.,(4,1,1,1,1,4),(1.11886302282795E-16,
0.0028940818451038,0.0057881636902075,0.00868224553531119,0.010129286457863,
0.0115763273804149),.UNSPECIFIED.);
#1570=B_SPLINE_CURVE_WITH_KNOTS('',3,(#9383,#9384,#9385,#9386,#9387,#9388,
#9389,#9390,#9391,#9392),.UNSPECIFIED.,.T.,.F.,(1,3,1,1,1,1,1,1,3,1),(-0.152451871497999,
0.,0.136269795779927,0.256899260467907,0.428999445145013,0.551841102260877,
0.667658338964557,0.847548128502001,1.,1.13626979577993),.UNSPECIFIED.);
#1571=B_SPLINE_CURVE_WITH_KNOTS('',3,(#9399,#9400,#9401,#9402),
 .UNSPECIFIED.,.F.,.F.,(4,4),(0.0260633765850579,0.0292719235287213),
 .UNSPECIFIED.);
#1572=B_SPLINE_CURVE_WITH_KNOTS('',3,(#9406,#9407,#9408,#9409),
 .UNSPECIFIED.,.F.,.F.,(4,4),(0.,0.00320857126291389),.UNSPECIFIED.);
#1573=B_SPLINE_CURVE_WITH_KNOTS('',3,(#9413,#9414,#9415,#9416,#9417),
 .UNSPECIFIED.,.F.,.F.,(4,1,4),(0.,0.509894098601247,1.),.UNSPECIFIED.);
#1574=B_SPLINE_CURVE_WITH_KNOTS('',3,(#9420,#9421,#9422,#9423,#9424,#9425,
#9426,#9427,#9428,#9429,#9430,#9431),.UNSPECIFIED.,.F.,.F.,(4,1,1,1,1,1,
1,1,1,4),(0.,0.144632997427473,0.275443720334165,0.415165920073793,0.518913592122785,
0.69549453166214,0.77866882522218,0.853429470020051,0.910480410670062,1.),
 .UNSPECIFIED.);
#1575=B_SPLINE_CURVE_WITH_KNOTS('',3,(#9435,#9436,#9437,#9438,#9439),
 .UNSPECIFIED.,.F.,.F.,(4,1,4),(0.,0.509894098601247,1.),.UNSPECIFIED.);
#1576=B_SPLINE_CURVE_WITH_KNOTS('',3,(#9443,#9444,#9445,#9446),
 .UNSPECIFIED.,.F.,.F.,(4,4),(0.026063376585058,0.0292719235287213),
 .UNSPECIFIED.);
#1577=B_SPLINE_CURVE_WITH_KNOTS('',3,(#9450,#9451,#9452,#9453),
 .UNSPECIFIED.,.F.,.F.,(4,4),(0.,0.00320857126291389),.UNSPECIFIED.);
#1578=B_SPLINE_CURVE_WITH_KNOTS('',3,(#9479,#9480,#9481,#9482,#9483),
 .UNSPECIFIED.,.F.,.F.,(4,1,4),(0.,0.509894098601247,1.),.UNSPECIFIED.);
#1579=B_SPLINE_CURVE_WITH_KNOTS('',3,(#9485,#9486,#9487,#9488),
 .UNSPECIFIED.,.F.,.F.,(4,4),(0.,1.),.UNSPECIFIED.);
#1580=B_SPLINE_CURVE_WITH_KNOTS('',3,(#9490,#9491,#9492,#9493,#9494,#9495,
#9496,#9497,#9498,#9499,#9500,#9501),.UNSPECIFIED.,.F.,.F.,(4,1,1,1,1,1,
1,1,1,4),(0.,0.144632997427473,0.275443720334165,0.415165920073793,0.518913592122785,
0.69549453166214,0.77866882522218,0.853429470020051,0.910480410670062,1.),
 .UNSPECIFIED.);
#1581=B_SPLINE_CURVE_WITH_KNOTS('',3,(#9507,#9508,#9509,#9510,#9511,#9512,
#9513,#9514,#9515,#9516,#9517,#9518,#9519,#9520,#9521,#9522,#9523),
 .UNSPECIFIED.,.F.,.F.,(4,1,1,1,1,1,1,1,1,1,1,1,1,1,4),(0.0292426854785929,
0.0323886871246607,0.0355346887707286,0.0386806904167965,0.0418266920628643,
0.0449726937089322,0.0481186953550001,0.0544106986471358,0.0607027019392716,
0.0669947052314073,0.0701407068774752,0.073286708523543,0.0764327101696109,
0.0780057109926449,0.0795787118156788),.UNSPECIFIED.);
#1582=B_SPLINE_CURVE_WITH_KNOTS('',3,(#9525,#9526,#9527,#9528,#9529,#9530,
#9531,#9532),.UNSPECIFIED.,.F.,.F.,(4,1,1,1,1,4),(9.8130778667736E-17,0.00289408184510645,
0.0057881636902128,0.00868224553531915,0.0101292864578723,0.0115763273804255),
 .UNSPECIFIED.);
#1583=B_SPLINE_CURVE_WITH_KNOTS('',3,(#9533,#9534,#9535,#9536,#9537,#9538,
#9539,#9540,#9541,#9542),.UNSPECIFIED.,.T.,.F.,(1,3,1,1,1,1,1,1,3,1),(-0.152451871497999,
0.,0.136269795779927,0.256899260467907,0.428999445145013,0.551841102260877,
0.667658338964557,0.847548128502001,1.,1.13626979577993),.UNSPECIFIED.);
#1584=B_SPLINE_CURVE_WITH_KNOTS('',3,(#9549,#9550,#9551,#9552),
 .UNSPECIFIED.,.F.,.F.,(4,4),(0.0212669142215395,0.0244726022437675),
 .UNSPECIFIED.);
#1585=B_SPLINE_CURVE_WITH_KNOTS('',3,(#9556,#9557,#9558,#9559),
 .UNSPECIFIED.,.F.,.F.,(4,4),(0.,0.00320560727426387),.UNSPECIFIED.);
#1586=B_SPLINE_CURVE_WITH_KNOTS('',3,(#9563,#9564,#9565,#9566,#9567),
 .UNSPECIFIED.,.F.,.F.,(4,1,4),(0.,0.509894098601247,1.),.UNSPECIFIED.);
#1587=B_SPLINE_CURVE_WITH_KNOTS('',3,(#9594,#9595,#9596,#9597),
 .UNSPECIFIED.,.F.,.F.,(4,4),(0.,1.),.UNSPECIFIED.);
#1588=B_SPLINE_CURVE_WITH_KNOTS('',3,(#9599,#9600,#9601,#9602),
 .UNSPECIFIED.,.F.,.F.,(4,4),(0.,1.),.UNSPECIFIED.);
#1589=B_SPLINE_CURVE_WITH_KNOTS('',3,(#9613,#9614,#9615,#9616,#9617,#9618,
#9619,#9620,#9621,#9622,#9623,#9624,#9625,#9626,#9627),.UNSPECIFIED.,.F.,
 .F.,(4,1,1,1,1,1,1,1,1,1,1,1,4),(2.61569610762329E-16,0.0060955282619616,
0.0121910565239229,0.0182865847858843,0.021334348916865,0.0243821130478456,
0.0274298771788263,0.030477641309807,0.0335254054407876,0.0365731695717683,
0.039620933702749,0.0426686978337297,0.048764226095691),.UNSPECIFIED.);
#1590=B_SPLINE_CURVE_WITH_KNOTS('',3,(#9636,#9637,#9638,#9639,#9640,#9641,
#9642,#9643,#9644,#9645,#9646,#9647,#9648,#9649),.UNSPECIFIED.,.F.,.F.,
(4,1,1,1,1,1,1,1,1,1,1,4),(0.123190878180319,0.129372769405682,0.135554660631046,
0.138645606243727,0.141736551856409,0.144827497469091,0.147918443081772,
0.151009388694454,0.154100334307136,0.160282225532499,0.166464116757862,
0.172646007983226),.UNSPECIFIED.);
#1591=B_SPLINE_CURVE_WITH_KNOTS('',3,(#10829,#10830,#10831,#10832,#10833,
#10834),.UNSPECIFIED.,.F.,.F.,(4,1,1,4),(0.,0.0194540398433197,0.0291810597649796,
0.0389080796866395),.UNSPECIFIED.);
#1592=B_SPLINE_CURVE_WITH_KNOTS('',3,(#10837,#10838,#10839,#10840),
 .UNSPECIFIED.,.F.,.F.,(4,4),(0.,0.0153656410234283),.UNSPECIFIED.);
#1593=B_SPLINE_CURVE_WITH_KNOTS('',3,(#10841,#10842,#10843,#10844),
 .UNSPECIFIED.,.F.,.F.,(4,4),(0.,0.00240482782629739),.UNSPECIFIED.);
#1594=B_SPLINE_CURVE_WITH_KNOTS('',3,(#10861,#10862,#10863,#10864,#10865,
#10866,#10867,#10868,#10869,#10870),.UNSPECIFIED.,.F.,.F.,(4,1,1,1,3,4),
(0.,0.227246384794626,0.552695849773599,0.832486095020681,1.,1.01),
 .UNSPECIFIED.);
#1595=B_SPLINE_CURVE_WITH_KNOTS('',3,(#10879,#10880,#10881,#10882),
 .UNSPECIFIED.,.F.,.F.,(4,4),(0.,0.000982995820911222),.UNSPECIFIED.);
#1596=B_SPLINE_CURVE_WITH_KNOTS('',3,(#10886,#10887,#10888,#10889),
 .UNSPECIFIED.,.F.,.F.,(4,4),(1.38777878078145E-17,0.00098299582091123),
 .UNSPECIFIED.);
#1597=B_SPLINE_CURVE_WITH_KNOTS('',3,(#10890,#10891,#10892,#10893),
 .UNSPECIFIED.,.F.,.F.,(4,4),(0.,0.000197241663181761),.UNSPECIFIED.);
#1598=B_SPLINE_CURVE_WITH_KNOTS('',3,(#10921,#10922,#10923,#10924),
 .UNSPECIFIED.,.F.,.F.,(4,4),(0.,0.00295618131784005),.UNSPECIFIED.);
#1599=B_SPLINE_CURVE_WITH_KNOTS('',3,(#10925,#10926,#10927,#10928),
 .UNSPECIFIED.,.F.,.F.,(4,4),(0.0175080002842354,0.0239688977033787),
 .UNSPECIFIED.);
#1600=B_SPLINE_CURVE_WITH_KNOTS('',3,(#10941,#10942,#10943,#10944),
 .UNSPECIFIED.,.F.,.F.,(4,4),(0.,0.00643724376681324),.UNSPECIFIED.);
#1601=B_SPLINE_CURVE_WITH_KNOTS('',3,(#11026,#11027,#11028,#11029,#11030,
#11031,#11032),.UNSPECIFIED.,.F.,.F.,(4,1,1,1,4),(0.132900345558319,0.147485292855012,
0.162070240151705,0.176655187448398,0.191240134745091),.UNSPECIFIED.);
#1602=B_SPLINE_CURVE_WITH_KNOTS('',3,(#11261,#11262,#11263,#11264),
 .UNSPECIFIED.,.F.,.F.,(4,4),(1.04966892187777,1.08676778109024),
 .UNSPECIFIED.);
#1603=B_SPLINE_CURVE_WITH_KNOTS('',3,(#11266,#11267,#11268,#11269,#11270),
 .UNSPECIFIED.,.F.,.F.,(4,1,4),(0.,0.01437310155893,0.0287462031178601),
 .UNSPECIFIED.);
#1604=B_SPLINE_CURVE_WITH_KNOTS('',3,(#11272,#11273,#11274,#11275),
 .UNSPECIFIED.,.F.,.F.,(4,4),(0.,0.00218227590970837),.UNSPECIFIED.);
#1605=B_SPLINE_CURVE_WITH_KNOTS('',3,(#11488,#11489,#11490,#11491),
 .UNSPECIFIED.,.F.,.F.,(4,4),(0.,1.),.UNSPECIFIED.);
#1606=B_SPLINE_CURVE_WITH_KNOTS('',3,(#11493,#11494,#11495,#11496),
 .UNSPECIFIED.,.F.,.F.,(4,4),(0.,1.),.UNSPECIFIED.);
#1607=B_SPLINE_CURVE_WITH_KNOTS('',3,(#11498,#11499,#11500,#11501),
 .UNSPECIFIED.,.F.,.F.,(4,4),(0.,1.),.UNSPECIFIED.);
#1608=B_SPLINE_CURVE_WITH_KNOTS('',3,(#11503,#11504,#11505,#11506),
 .UNSPECIFIED.,.F.,.F.,(4,4),(0.,1.),.UNSPECIFIED.);
#1609=B_SPLINE_CURVE_WITH_KNOTS('',3,(#11523,#11524,#11525,#11526),
 .UNSPECIFIED.,.F.,.F.,(4,4),(0.,1.),.UNSPECIFIED.);
#1610=B_SPLINE_CURVE_WITH_KNOTS('',3,(#11559,#11560,#11561,#11562),
 .UNSPECIFIED.,.F.,.F.,(4,4),(0.,1.),.UNSPECIFIED.);
#1611=EDGE_LOOP('',(#327,#328,#329,#330,#331,#332,#333,#334,#335));
#1612=EDGE_LOOP('',(#336,#337,#338,#339,#340));
#1613=EDGE_LOOP('',(#341,#342));
#1614=EDGE_LOOP('',(#343,#344,#345,#346,#347,#348));
#1615=EDGE_LOOP('',(#349,#350,#351,#352,#353));
#1616=EDGE_LOOP('',(#354,#355));
#1617=EDGE_LOOP('',(#356,#357,#358,#359,#360,#361));
#1618=EDGE_LOOP('',(#362,#363,#364,#365,#366));
#1619=EDGE_LOOP('',(#367,#368,#369,#370,#371));
#1620=EDGE_LOOP('',(#372,#373,#374,#375,#376,#377,#378,#379,#380));
#1621=EDGE_LOOP('',(#381,#382,#383,#384,#385,#386,#387,#388,#389,#390,#391,
#392,#393,#394,#395,#396,#397,#398,#399,#400,#401,#402,#403,#404));
#1622=EDGE_LOOP('',(#405));
#1623=EDGE_LOOP('',(#406));
#1624=EDGE_LOOP('',(#407));
#1625=EDGE_LOOP('',(#408));
#1626=EDGE_LOOP('',(#409,#410,#411,#412));
#1627=EDGE_LOOP('',(#413));
#1628=EDGE_LOOP('',(#414,#415,#416,#417));
#1629=EDGE_LOOP('',(#418,#419,#420,#421));
#1630=EDGE_LOOP('',(#422,#423,#424));
#1631=EDGE_LOOP('',(#425,#426,#427,#428));
#1632=EDGE_LOOP('',(#429,#430,#431,#432,#433,#434));
#1633=EDGE_LOOP('',(#435,#436,#437,#438,#439,#440));
#1634=EDGE_LOOP('',(#441,#442,#443,#444));
#1635=EDGE_LOOP('',(#445,#446,#447,#448,#449,#450,#451,#452,#453,#454,#455,
#456));
#1636=EDGE_LOOP('',(#457,#458,#459,#460,#461,#462,#463,#464));
#1637=EDGE_LOOP('',(#465,#466,#467,#468,#469,#470));
#1638=EDGE_LOOP('',(#471,#472,#473,#474,#475));
#1639=EDGE_LOOP('',(#476,#477,#478,#479));
#1640=EDGE_LOOP('',(#480,#481,#482));
#1641=EDGE_LOOP('',(#483,#484,#485,#486));
#1642=EDGE_LOOP('',(#487,#488,#489,#490,#491,#492));
#1643=EDGE_LOOP('',(#493,#494));
#1644=EDGE_LOOP('',(#495,#496,#497,#498,#499));
#1645=EDGE_LOOP('',(#500,#501,#502,#503,#504,#505,#506,#507,#508,#509,#510,
#511));
#1646=EDGE_LOOP('',(#512,#513,#514,#515,#516,#517,#518));
#1647=EDGE_LOOP('',(#519,#520,#521,#522,#523,#524,#525));
#1648=EDGE_LOOP('',(#526,#527,#528,#529,#530,#531,#532,#533,#534,#535,#536,
#537,#538,#539,#540,#541,#542,#543,#544,#545,#546,#547,#548,#549,#550,#551,
#552,#553,#554,#555,#556,#557));
#1649=EDGE_LOOP('',(#558));
#1650=EDGE_LOOP('',(#559));
#1651=EDGE_LOOP('',(#560));
#1652=EDGE_LOOP('',(#561));
#1653=EDGE_LOOP('',(#562));
#1654=EDGE_LOOP('',(#563));
#1655=EDGE_LOOP('',(#564));
#1656=EDGE_LOOP('',(#565));
#1657=EDGE_LOOP('',(#566));
#1658=EDGE_LOOP('',(#567,#568,#569,#570,#571,#572,#573,#574,#575,#576,#577,
#578,#579,#580,#581,#582,#583,#584,#585,#586,#587,#588,#589,#590,#591));
#1659=EDGE_LOOP('',(#592));
#1660=EDGE_LOOP('',(#593));
#1661=EDGE_LOOP('',(#594));
#1662=EDGE_LOOP('',(#595));
#1663=EDGE_LOOP('',(#596,#597));
#1664=EDGE_LOOP('',(#598,#599));
#1665=EDGE_LOOP('',(#600,#601,#602));
#1666=EDGE_LOOP('',(#603,#604));
#1667=EDGE_LOOP('',(#605,#606));
#1668=EDGE_LOOP('',(#607,#608,#609,#610,#611,#612));
#1669=EDGE_LOOP('',(#613,#614,#615));
#1670=EDGE_LOOP('',(#616,#617,#618,#619,#620,#621,#622));
#1671=EDGE_LOOP('',(#623,#624,#625,#626,#627,#628,#629,#630,#631,#632,#633,
#634));
#1672=EDGE_LOOP('',(#635,#636,#637,#638,#639,#640,#641,#642,#643,#644,#645,
#646));
#1673=EDGE_LOOP('',(#647,#648,#649,#650));
#1674=EDGE_LOOP('',(#651,#652,#653,#654,#655,#656,#657,#658,#659));
#1675=EDGE_LOOP('',(#660,#661,#662,#663));
#1676=EDGE_LOOP('',(#664,#665,#666,#667,#668,#669,#670,#671,#672));
#1677=EDGE_LOOP('',(#673,#674,#675,#676,#677,#678,#679,#680));
#1678=EDGE_LOOP('',(#681,#682,#683));
#1679=EDGE_LOOP('',(#684,#685,#686,#687,#688,#689));
#1680=EDGE_LOOP('',(#690,#691));
#1681=EDGE_LOOP('',(#692,#693));
#1682=EDGE_LOOP('',(#694,#695,#696,#697,#698,#699,#700));
#1683=EDGE_LOOP('',(#701,#702,#703,#704,#705,#706,#707));
#1684=EDGE_LOOP('',(#708,#709,#710,#711,#712,#713,#714));
#1685=EDGE_LOOP('',(#715));
#1686=EDGE_LOOP('',(#716,#717));
#1687=EDGE_LOOP('',(#718,#719));
#1688=EDGE_LOOP('',(#720,#721));
#1689=EDGE_LOOP('',(#722));
#1690=EDGE_LOOP('',(#723,#724));
#1691=EDGE_LOOP('',(#725));
#1692=EDGE_LOOP('',(#726));
#1693=EDGE_LOOP('',(#727));
#1694=EDGE_LOOP('',(#728));
#1695=EDGE_LOOP('',(#729));
#1696=EDGE_LOOP('',(#730));
#1697=EDGE_LOOP('',(#731));
#1698=EDGE_LOOP('',(#732));
#1699=EDGE_LOOP('',(#733));
#1700=EDGE_LOOP('',(#734));
#1701=EDGE_LOOP('',(#735));
#1702=EDGE_LOOP('',(#736));
#1703=EDGE_LOOP('',(#737));
#1704=EDGE_LOOP('',(#738));
#1705=EDGE_LOOP('',(#739));
#1706=EDGE_LOOP('',(#740));
#1707=EDGE_LOOP('',(#741));
#1708=EDGE_LOOP('',(#742));
#1709=EDGE_LOOP('',(#743,#744));
#1710=EDGE_LOOP('',(#745));
#1711=EDGE_LOOP('',(#746,#747));
#1712=EDGE_LOOP('',(#748));
#1713=EDGE_LOOP('',(#749));
#1714=EDGE_LOOP('',(#750));
#1715=EDGE_LOOP('',(#751));
#1716=EDGE_LOOP('',(#752));
#1717=EDGE_LOOP('',(#753));
#1718=EDGE_LOOP('',(#754));
#1719=EDGE_LOOP('',(#755));
#1720=EDGE_LOOP('',(#756));
#1721=EDGE_LOOP('',(#757,#758));
#1722=EDGE_LOOP('',(#759));
#1723=EDGE_LOOP('',(#760,#761,#762,#763));
#1724=EDGE_LOOP('',(#764,#765,#766,#767));
#1725=EDGE_LOOP('',(#768));
#1726=EDGE_LOOP('',(#769,#770));
#1727=EDGE_LOOP('',(#771));
#1728=EDGE_LOOP('',(#772));
#1729=EDGE_LOOP('',(#773));
#1730=EDGE_LOOP('',(#774));
#1731=EDGE_LOOP('',(#775));
#1732=EDGE_LOOP('',(#776));
#1733=EDGE_LOOP('',(#777));
#1734=EDGE_LOOP('',(#778));
#1735=EDGE_LOOP('',(#779));
#1736=EDGE_LOOP('',(#780));
#1737=EDGE_LOOP('',(#781));
#1738=EDGE_LOOP('',(#782));
#1739=EDGE_LOOP('',(#783,#784,#785,#786,#787,#788,#789,#790,#791,#792,#793));
#1740=EDGE_LOOP('',(#794,#795,#796,#797));
#1741=EDGE_LOOP('',(#798,#799,#800,#801));
#1742=EDGE_LOOP('',(#802,#803,#804,#805,#806,#807,#808,#809,#810,#811,#812));
#1743=EDGE_LOOP('',(#813,#814,#815,#816,#817,#818,#819,#820));
#1744=EDGE_LOOP('',(#821,#822,#823,#824,#825,#826));
#1745=EDGE_LOOP('',(#827,#828,#829,#830,#831,#832,#833,#834));
#1746=EDGE_LOOP('',(#835,#836,#837,#838,#839,#840));
#1747=EDGE_LOOP('',(#841,#842,#843,#844));
#1748=EDGE_LOOP('',(#845,#846,#847,#848));
#1749=EDGE_LOOP('',(#849,#850,#851,#852));
#1750=EDGE_LOOP('',(#853,#854,#855,#856));
#1751=EDGE_LOOP('',(#857,#858,#859,#860));
#1752=EDGE_LOOP('',(#861,#862,#863,#864));
#1753=EDGE_LOOP('',(#865,#866,#867,#868));
#1754=EDGE_LOOP('',(#869,#870,#871,#872));
#1755=EDGE_LOOP('',(#873,#874,#875,#876));
#1756=EDGE_LOOP('',(#877,#878,#879,#880));
#1757=EDGE_LOOP('',(#881,#882,#883,#884));
#1758=EDGE_LOOP('',(#885,#886,#887,#888));
#1759=EDGE_LOOP('',(#889,#890,#891,#892));
#1760=EDGE_LOOP('',(#893,#894,#895,#896));
#1761=EDGE_LOOP('',(#897,#898,#899));
#1762=EDGE_LOOP('',(#900,#901,#902));
#1763=EDGE_LOOP('',(#903,#904));
#1764=EDGE_LOOP('',(#905,#906));
#1765=EDGE_LOOP('',(#907,#908,#909,#910,#911,#912,#913,#914,#915,#916));
#1766=EDGE_LOOP('',(#917,#918));
#1767=EDGE_LOOP('',(#919,#920));
#1768=EDGE_LOOP('',(#921,#922,#923,#924,#925,#926,#927,#928,#929,#930));
#1769=EDGE_LOOP('',(#931,#932,#933));
#1770=EDGE_LOOP('',(#934,#935,#936));
#1771=FACE_BOUND('',#1611,.T.);
#1772=FACE_BOUND('',#1612,.T.);
#1773=FACE_BOUND('',#1613,.T.);
#1774=FACE_BOUND('',#1614,.T.);
#1775=FACE_BOUND('',#1615,.T.);
#1776=FACE_BOUND('',#1616,.T.);
#1777=FACE_BOUND('',#1617,.T.);
#1778=FACE_BOUND('',#1618,.T.);
#1779=FACE_BOUND('',#1619,.T.);
#1780=FACE_BOUND('',#1620,.T.);
#1781=FACE_BOUND('',#1621,.T.);
#1782=FACE_BOUND('',#1622,.T.);
#1783=FACE_BOUND('',#1623,.T.);
#1784=FACE_BOUND('',#1624,.T.);
#1785=FACE_BOUND('',#1625,.T.);
#1786=FACE_BOUND('',#1626,.T.);
#1787=FACE_BOUND('',#1627,.T.);
#1788=FACE_BOUND('',#1628,.T.);
#1789=FACE_BOUND('',#1629,.T.);
#1790=FACE_BOUND('',#1630,.T.);
#1791=FACE_BOUND('',#1631,.T.);
#1792=FACE_BOUND('',#1632,.T.);
#1793=FACE_BOUND('',#1633,.T.);
#1794=FACE_BOUND('',#1634,.T.);
#1795=FACE_BOUND('',#1635,.T.);
#1796=FACE_BOUND('',#1636,.T.);
#1797=FACE_BOUND('',#1637,.T.);
#1798=FACE_BOUND('',#1638,.T.);
#1799=FACE_BOUND('',#1639,.T.);
#1800=FACE_BOUND('',#1640,.T.);
#1801=FACE_BOUND('',#1641,.T.);
#1802=FACE_BOUND('',#1642,.T.);
#1803=FACE_BOUND('',#1643,.T.);
#1804=FACE_BOUND('',#1644,.T.);
#1805=FACE_BOUND('',#1645,.T.);
#1806=FACE_BOUND('',#1646,.T.);
#1807=FACE_BOUND('',#1647,.T.);
#1808=FACE_BOUND('',#1648,.T.);
#1809=FACE_BOUND('',#1649,.T.);
#1810=FACE_BOUND('',#1650,.T.);
#1811=FACE_BOUND('',#1651,.T.);
#1812=FACE_BOUND('',#1652,.T.);
#1813=FACE_BOUND('',#1653,.T.);
#1814=FACE_BOUND('',#1654,.T.);
#1815=FACE_BOUND('',#1655,.T.);
#1816=FACE_BOUND('',#1656,.T.);
#1817=FACE_BOUND('',#1657,.T.);
#1818=FACE_BOUND('',#1658,.T.);
#1819=FACE_BOUND('',#1659,.T.);
#1820=FACE_BOUND('',#1660,.T.);
#1821=FACE_BOUND('',#1661,.T.);
#1822=FACE_BOUND('',#1662,.T.);
#1823=FACE_BOUND('',#1663,.T.);
#1824=FACE_BOUND('',#1664,.T.);
#1825=FACE_BOUND('',#1665,.T.);
#1826=FACE_BOUND('',#1666,.T.);
#1827=FACE_BOUND('',#1667,.T.);
#1828=FACE_BOUND('',#1668,.T.);
#1829=FACE_BOUND('',#1669,.T.);
#1830=FACE_BOUND('',#1670,.T.);
#1831=FACE_BOUND('',#1671,.T.);
#1832=FACE_BOUND('',#1672,.T.);
#1833=FACE_BOUND('',#1673,.T.);
#1834=FACE_BOUND('',#1674,.T.);
#1835=FACE_BOUND('',#1675,.T.);
#1836=FACE_BOUND('',#1676,.T.);
#1837=FACE_BOUND('',#1677,.T.);
#1838=FACE_BOUND('',#1678,.T.);
#1839=FACE_BOUND('',#1679,.T.);
#1840=FACE_BOUND('',#1680,.T.);
#1841=FACE_BOUND('',#1681,.T.);
#1842=FACE_BOUND('',#1682,.T.);
#1843=FACE_BOUND('',#1683,.T.);
#1844=FACE_BOUND('',#1684,.T.);
#1845=FACE_BOUND('',#1685,.T.);
#1846=FACE_BOUND('',#1686,.T.);
#1847=FACE_BOUND('',#1687,.T.);
#1848=FACE_BOUND('',#1688,.T.);
#1849=FACE_BOUND('',#1689,.T.);
#1850=FACE_BOUND('',#1690,.T.);
#1851=FACE_BOUND('',#1691,.T.);
#1852=FACE_BOUND('',#1692,.T.);
#1853=FACE_BOUND('',#1693,.T.);
#1854=FACE_BOUND('',#1694,.T.);
#1855=FACE_BOUND('',#1695,.T.);
#1856=FACE_BOUND('',#1696,.T.);
#1857=FACE_BOUND('',#1697,.T.);
#1858=FACE_BOUND('',#1698,.T.);
#1859=FACE_BOUND('',#1699,.T.);
#1860=FACE_BOUND('',#1700,.T.);
#1861=FACE_BOUND('',#1701,.T.);
#1862=FACE_BOUND('',#1702,.T.);
#1863=FACE_BOUND('',#1703,.T.);
#1864=FACE_BOUND('',#1704,.T.);
#1865=FACE_BOUND('',#1705,.T.);
#1866=FACE_BOUND('',#1706,.T.);
#1867=FACE_BOUND('',#1707,.T.);
#1868=FACE_BOUND('',#1708,.T.);
#1869=FACE_BOUND('',#1709,.T.);
#1870=FACE_BOUND('',#1710,.T.);
#1871=FACE_BOUND('',#1711,.T.);
#1872=FACE_BOUND('',#1712,.T.);
#1873=FACE_BOUND('',#1713,.T.);
#1874=FACE_BOUND('',#1714,.T.);
#1875=FACE_BOUND('',#1715,.T.);
#1876=FACE_BOUND('',#1716,.T.);
#1877=FACE_BOUND('',#1717,.T.);
#1878=FACE_BOUND('',#1718,.T.);
#1879=FACE_BOUND('',#1719,.T.);
#1880=FACE_BOUND('',#1720,.T.);
#1881=FACE_BOUND('',#1721,.T.);
#1882=FACE_BOUND('',#1722,.T.);
#1883=FACE_BOUND('',#1723,.T.);
#1884=FACE_BOUND('',#1724,.T.);
#1885=FACE_BOUND('',#1725,.T.);
#1886=FACE_BOUND('',#1726,.T.);
#1887=FACE_BOUND('',#1727,.T.);
#1888=FACE_BOUND('',#1728,.T.);
#1889=FACE_BOUND('',#1729,.T.);
#1890=FACE_BOUND('',#1730,.T.);
#1891=FACE_BOUND('',#1731,.T.);
#1892=FACE_BOUND('',#1732,.T.);
#1893=FACE_BOUND('',#1733,.T.);
#1894=FACE_BOUND('',#1734,.T.);
#1895=FACE_BOUND('',#1735,.T.);
#1896=FACE_BOUND('',#1736,.T.);
#1897=FACE_BOUND('',#1737,.T.);
#1898=FACE_BOUND('',#1738,.T.);
#1899=FACE_BOUND('',#1739,.T.);
#1900=FACE_BOUND('',#1740,.T.);
#1901=FACE_BOUND('',#1741,.T.);
#1902=FACE_BOUND('',#1742,.T.);
#1903=FACE_BOUND('',#1743,.T.);
#1904=FACE_BOUND('',#1744,.T.);
#1905=FACE_BOUND('',#1745,.T.);
#1906=FACE_BOUND('',#1746,.T.);
#1907=FACE_BOUND('',#1747,.T.);
#1908=FACE_BOUND('',#1748,.T.);
#1909=FACE_BOUND('',#1749,.T.);
#1910=FACE_BOUND('',#1750,.T.);
#1911=FACE_BOUND('',#1751,.T.);
#1912=FACE_BOUND('',#1752,.T.);
#1913=FACE_BOUND('',#1753,.T.);
#1914=FACE_BOUND('',#1754,.T.);
#1915=FACE_BOUND('',#1755,.T.);
#1916=FACE_BOUND('',#1756,.T.);
#1917=FACE_BOUND('',#1757,.T.);
#1918=FACE_BOUND('',#1758,.T.);
#1919=FACE_BOUND('',#1759,.T.);
#1920=FACE_BOUND('',#1760,.T.);
#1921=FACE_BOUND('',#1761,.T.);
#1922=FACE_BOUND('',#1762,.T.);
#1923=FACE_BOUND('',#1763,.T.);
#1924=FACE_BOUND('',#1764,.T.);
#1925=FACE_BOUND('',#1765,.T.);
#1926=FACE_BOUND('',#1766,.T.);
#1927=FACE_BOUND('',#1767,.T.);
#1928=FACE_BOUND('',#1768,.T.);
#1929=FACE_BOUND('',#1769,.T.);
#1930=FACE_BOUND('',#1770,.T.);
#1931=B_SPLINE_SURFACE_WITH_KNOTS('',3,1,((#2606,#2607),(#2608,#2609),(#2610,
#2611),(#2612,#2613)),.SURF_OF_LINEAR_EXTRUSION.,.F.,.F.,.F.,(4,4),(2,2),
(0.00598677491256207,0.0249817689882448),(0.,1.),
 .PIECEWISE_BEZIER_KNOTS.);
#1932=B_SPLINE_SURFACE_WITH_KNOTS('',3,3,((#2657,#2658,#2659,#2660,#2661,
#2662,#2663,#2664,#2665,#2666,#2667,#2668,#2669,#2670,#2671,#2672),(#2673,
#2674,#2675,#2676,#2677,#2678,#2679,#2680,#2681,#2682,#2683,#2684,#2685,
#2686,#2687,#2688),(#2689,#2690,#2691,#2692,#2693,#2694,#2695,#2696,#2697,
#2698,#2699,#2700,#2701,#2702,#2703,#2704),(#2705,#2706,#2707,#2708,#2709,
#2710,#2711,#2712,#2713,#2714,#2715,#2716,#2717,#2718,#2719,#2720)),
 .UNSPECIFIED.,.F.,.F.,.F.,(4,4),(4,2,2,2,2,2,2,4),(0.926148779375876,0.982482395122284),
(0.136957734063231,0.163366788902774,0.217822385203699,0.282241045932981,
0.346659706662263,0.411078367391545,0.475497028120827,0.486415678173939),
 .UNSPECIFIED.);
#1933=B_SPLINE_SURFACE_WITH_KNOTS('',3,1,((#2758,#2759),(#2760,#2761),(#2762,
#2763),(#2764,#2765)),.SURF_OF_LINEAR_EXTRUSION.,.F.,.F.,.F.,(4,4),(2,2),
(0.32729733647027,0.348961593203608),(0.,1.),.PIECEWISE_BEZIER_KNOTS.);
#1934=B_SPLINE_SURFACE_WITH_KNOTS('',3,1,((#2810,#2811),(#2812,#2813),(#2814,
#2815),(#2816,#2817),(#2818,#2819)),.SURF_OF_LINEAR_EXTRUSION.,.F.,.F.,
 .F.,(4,1,4),(2,2),(0.020784675199957,0.248429216400938,0.476073757601919),
(0.,1.),.UNSPECIFIED.);
#1935=B_SPLINE_SURFACE_WITH_KNOTS('',3,1,((#2836,#2837),(#2838,#2839),(#2840,
#2841),(#2842,#2843)),.SURF_OF_LINEAR_EXTRUSION.,.F.,.F.,.F.,(4,4),(2,2),
(0.327297336470269,0.348379692032445),(0.,1.),.PIECEWISE_BEZIER_KNOTS.);
#1936=B_SPLINE_SURFACE_WITH_KNOTS('',3,3,((#2889,#2890,#2891,#2892,#2893,
#2894,#2895,#2896,#2897,#2898,#2899,#2900,#2901,#2902,#2903,#2904),(#2905,
#2906,#2907,#2908,#2909,#2910,#2911,#2912,#2913,#2914,#2915,#2916,#2917,
#2918,#2919,#2920),(#2921,#2922,#2923,#2924,#2925,#2926,#2927,#2928,#2929,
#2930,#2931,#2932,#2933,#2934,#2935,#2936),(#2937,#2938,#2939,#2940,#2941,
#2942,#2943,#2944,#2945,#2946,#2947,#2948,#2949,#2950,#2951,#2952)),
 .UNSPECIFIED.,.F.,.F.,.F.,(4,4),(4,2,2,2,2,2,2,4),(0.927461736278834,0.984797206129669),
(0.137357218316253,0.163282432529419,0.217709910039226,0.282134323130918,
0.346558736222609,0.410983149314301,0.475407562405993,0.492039007937947),
 .UNSPECIFIED.);
#1937=B_SPLINE_SURFACE_WITH_KNOTS('',3,1,((#2994,#2995),(#2996,#2997),(#2998,
#2999),(#3000,#3001),(#3002,#3003)),.SURF_OF_LINEAR_EXTRUSION.,.F.,.F.,
 .F.,(4,1,4),(2,2),(0.0207846751999586,0.248429216400939,0.476073757601919),
(0.,1.),.UNSPECIFIED.);
#1938=B_SPLINE_SURFACE_WITH_KNOTS('',3,1,((#3026,#3027),(#3028,#3029),(#3030,
#3031),(#3032,#3033)),.SURF_OF_LINEAR_EXTRUSION.,.F.,.F.,.F.,(4,4),(2,2),
(0.00598677491256201,0.0249817689882463),(0.,1.),
 .PIECEWISE_BEZIER_KNOTS.);
#1939=B_SPLINE_SURFACE_WITH_KNOTS('',3,3,((#3201,#3202,#3203,#3204,#3205,
#3206,#3207,#3208,#3209,#3210,#3211,#3212,#3213,#3214,#3215,#3216,#3217,
#3218,#3219,#3220,#3221,#3222,#3223,#3224,#3225,#3226,#3227,#3228,#3229,
#3230,#3231,#3232,#3233,#3234,#3235,#3236,#3237,#3238,#3239,#3240,#3241,
#3242,#3243,#3244,#3245,#3246,#3247,#3248,#3249,#3250,#3251,#3252,#3253,
#3254),(#3255,#3256,#3257,#3258,#3259,#3260,#3261,#3262,#3263,#3264,#3265,
#3266,#3267,#3268,#3269,#3270,#3271,#3272,#3273,#3274,#3275,#3276,#3277,
#3278,#3279,#3280,#3281,#3282,#3283,#3284,#3285,#3286,#3287,#3288,#3289,
#3290,#3291,#3292,#3293,#3294,#3295,#3296,#3297,#3298,#3299,#3300,#3301,
#3302,#3303,#3304,#3305,#3306,#3307,#3308),(#3309,#3310,#3311,#3312,#3313,
#3314,#3315,#3316,#3317,#3318,#3319,#3320,#3321,#3322,#3323,#3324,#3325,
#3326,#3327,#3328,#3329,#3330,#3331,#3332,#3333,#3334,#3335,#3336,#3337,
#3338,#3339,#3340,#3341,#3342,#3343,#3344,#3345,#3346,#3347,#3348,#3349,
#3350,#3351,#3352,#3353,#3354,#3355,#3356,#3357,#3358,#3359,#3360,#3361,
#3362),(#3363,#3364,#3365,#3366,#3367,#3368,#3369,#3370,#3371,#3372,#3373,
#3374,#3375,#3376,#3377,#3378,#3379,#3380,#3381,#3382,#3383,#3384,#3385,
#3386,#3387,#3388,#3389,#3390,#3391,#3392,#3393,#3394,#3395,#3396,#3397,
#3398,#3399,#3400,#3401,#3402,#3403,#3404,#3405,#3406,#3407,#3408,#3409,
#3410,#3411,#3412,#3413,#3414,#3415,#3416),(#3417,#3418,#3419,#3420,#3421,
#3422,#3423,#3424,#3425,#3426,#3427,#3428,#3429,#3430,#3431,#3432,#3433,
#3434,#3435,#3436,#3437,#3438,#3439,#3440,#3441,#3442,#3443,#3444,#3445,
#3446,#3447,#3448,#3449,#3450,#3451,#3452,#3453,#3454,#3455,#3456,#3457,
#3458,#3459,#3460,#3461,#3462,#3463,#3464,#3465,#3466,#3467,#3468,#3469,
#3470),(#3471,#3472,#3473,#3474,#3475,#3476,#3477,#3478,#3479,#3480,#3481,
#3482,#3483,#3484,#3485,#3486,#3487,#3488,#3489,#3490,#3491,#3492,#3493,
#3494,#3495,#3496,#3497,#3498,#3499,#3500,#3501,#3502,#3503,#3504,#3505,
#3506,#3507,#3508,#3509,#3510,#3511,#3512,#3513,#3514,#3515,#3516,#3517,
#3518,#3519,#3520,#3521,#3522,#3523,#3524),(#3525,#3526,#3527,#3528,#3529,
#3530,#3531,#3532,#3533,#3534,#3535,#3536,#3537,#3538,#3539,#3540,#3541,
#3542,#3543,#3544,#3545,#3546,#3547,#3548,#3549,#3550,#3551,#3552,#3553,
#3554,#3555,#3556,#3557,#3558,#3559,#3560,#3561,#3562,#3563,#3564,#3565,
#3566,#3567,#3568,#3569,#3570,#3571,#3572,#3573,#3574,#3575,#3576,#3577,
#3578),(#3579,#3580,#3581,#3582,#3583,#3584,#3585,#3586,#3587,#3588,#3589,
#3590,#3591,#3592,#3593,#3594,#3595,#3596,#3597,#3598,#3599,#3600,#3601,
#3602,#3603,#3604,#3605,#3606,#3607,#3608,#3609,#3610,#3611,#3612,#3613,
#3614,#3615,#3616,#3617,#3618,#3619,#3620,#3621,#3622,#3623,#3624,#3625,
#3626,#3627,#3628,#3629,#3630,#3631,#3632),(#3633,#3634,#3635,#3636,#3637,
#3638,#3639,#3640,#3641,#3642,#3643,#3644,#3645,#3646,#3647,#3648,#3649,
#3650,#3651,#3652,#3653,#3654,#3655,#3656,#3657,#3658,#3659,#3660,#3661,
#3662,#3663,#3664,#3665,#3666,#3667,#3668,#3669,#3670,#3671,#3672,#3673,
#3674,#3675,#3676,#3677,#3678,#3679,#3680,#3681,#3682,#3683,#3684,#3685,
#3686),(#3687,#3688,#3689,#3690,#3691,#3692,#3693,#3694,#3695,#3696,#3697,
#3698,#3699,#3700,#3701,#3702,#3703,#3704,#3705,#3706,#3707,#3708,#3709,
#3710,#3711,#3712,#3713,#3714,#3715,#3716,#3717,#3718,#3719,#3720,#3721,
#3722,#3723,#3724,#3725,#3726,#3727,#3728,#3729,#3730,#3731,#3732,#3733,
#3734,#3735,#3736,#3737,#3738,#3739,#3740),(#3741,#3742,#3743,#3744,#3745,
#3746,#3747,#3748,#3749,#3750,#3751,#3752,#3753,#3754,#3755,#3756,#3757,
#3758,#3759,#3760,#3761,#3762,#3763,#3764,#3765,#3766,#3767,#3768,#3769,
#3770,#3771,#3772,#3773,#3774,#3775,#3776,#3777,#3778,#3779,#3780,#3781,
#3782,#3783,#3784,#3785,#3786,#3787,#3788,#3789,#3790,#3791,#3792,#3793,
#3794),(#3795,#3796,#3797,#3798,#3799,#3800,#3801,#3802,#3803,#3804,#3805,
#3806,#3807,#3808,#3809,#3810,#3811,#3812,#3813,#3814,#3815,#3816,#3817,
#3818,#3819,#3820,#3821,#3822,#3823,#3824,#3825,#3826,#3827,#3828,#3829,
#3830,#3831,#3832,#3833,#3834,#3835,#3836,#3837,#3838,#3839,#3840,#3841,
#3842,#3843,#3844,#3845,#3846,#3847,#3848),(#3849,#3850,#3851,#3852,#3853,
#3854,#3855,#3856,#3857,#3858,#3859,#3860,#3861,#3862,#3863,#3864,#3865,
#3866,#3867,#3868,#3869,#3870,#3871,#3872,#3873,#3874,#3875,#3876,#3877,
#3878,#3879,#3880,#3881,#3882,#3883,#3884,#3885,#3886,#3887,#3888,#3889,
#3890,#3891,#3892,#3893,#3894,#3895,#3896,#3897,#3898,#3899,#3900,#3901,
#3902),(#3903,#3904,#3905,#3906,#3907,#3908,#3909,#3910,#3911,#3912,#3913,
#3914,#3915,#3916,#3917,#3918,#3919,#3920,#3921,#3922,#3923,#3924,#3925,
#3926,#3927,#3928,#3929,#3930,#3931,#3932,#3933,#3934,#3935,#3936,#3937,
#3938,#3939,#3940,#3941,#3942,#3943,#3944,#3945,#3946,#3947,#3948,#3949,
#3950,#3951,#3952,#3953,#3954,#3955,#3956),(#3957,#3958,#3959,#3960,#3961,
#3962,#3963,#3964,#3965,#3966,#3967,#3968,#3969,#3970,#3971,#3972,#3973,
#3974,#3975,#3976,#3977,#3978,#3979,#3980,#3981,#3982,#3983,#3984,#3985,
#3986,#3987,#3988,#3989,#3990,#3991,#3992,#3993,#3994,#3995,#3996,#3997,
#3998,#3999,#4000,#4001,#4002,#4003,#4004,#4005,#4006,#4007,#4008,#4009,
#4010),(#4011,#4012,#4013,#4014,#4015,#4016,#4017,#4018,#4019,#4020,#4021,
#4022,#4023,#4024,#4025,#4026,#4027,#4028,#4029,#4030,#4031,#4032,#4033,
#4034,#4035,#4036,#4037,#4038,#4039,#4040,#4041,#4042,#4043,#4044,#4045,
#4046,#4047,#4048,#4049,#4050,#4051,#4052,#4053,#4054,#4055,#4056,#4057,
#4058,#4059,#4060,#4061,#4062,#4063,#4064),(#4065,#4066,#4067,#4068,#4069,
#4070,#4071,#4072,#4073,#4074,#4075,#4076,#4077,#4078,#4079,#4080,#4081,
#4082,#4083,#4084,#4085,#4086,#4087,#4088,#4089,#4090,#4091,#4092,#4093,
#4094,#4095,#4096,#4097,#4098,#4099,#4100,#4101,#4102,#4103,#4104,#4105,
#4106,#4107,#4108,#4109,#4110,#4111,#4112,#4113,#4114,#4115,#4116,#4117,
#4118),(#4119,#4120,#4121,#4122,#4123,#4124,#4125,#4126,#4127,#4128,#4129,
#4130,#4131,#4132,#4133,#4134,#4135,#4136,#4137,#4138,#4139,#4140,#4141,
#4142,#4143,#4144,#4145,#4146,#4147,#4148,#4149,#4150,#4151,#4152,#4153,
#4154,#4155,#4156,#4157,#4158,#4159,#4160,#4161,#4162,#4163,#4164,#4165,
#4166,#4167,#4168,#4169,#4170,#4171,#4172),(#4173,#4174,#4175,#4176,#4177,
#4178,#4179,#4180,#4181,#4182,#4183,#4184,#4185,#4186,#4187,#4188,#4189,
#4190,#4191,#4192,#4193,#4194,#4195,#4196,#4197,#4198,#4199,#4200,#4201,
#4202,#4203,#4204,#4205,#4206,#4207,#4208,#4209,#4210,#4211,#4212,#4213,
#4214,#4215,#4216,#4217,#4218,#4219,#4220,#4221,#4222,#4223,#4224,#4225,
#4226),(#4227,#4228,#4229,#4230,#4231,#4232,#4233,#4234,#4235,#4236,#4237,
#4238,#4239,#4240,#4241,#4242,#4243,#4244,#4245,#4246,#4247,#4248,#4249,
#4250,#4251,#4252,#4253,#4254,#4255,#4256,#4257,#4258,#4259,#4260,#4261,
#4262,#4263,#4264,#4265,#4266,#4267,#4268,#4269,#4270,#4271,#4272,#4273,
#4274,#4275,#4276,#4277,#4278,#4279,#4280),(#4281,#4282,#4283,#4284,#4285,
#4286,#4287,#4288,#4289,#4290,#4291,#4292,#4293,#4294,#4295,#4296,#4297,
#4298,#4299,#4300,#4301,#4302,#4303,#4304,#4305,#4306,#4307,#4308,#4309,
#4310,#4311,#4312,#4313,#4314,#4315,#4316,#4317,#4318,#4319,#4320,#4321,
#4322,#4323,#4324,#4325,#4326,#4327,#4328,#4329,#4330,#4331,#4332,#4333,
#4334),(#4335,#4336,#4337,#4338,#4339,#4340,#4341,#4342,#4343,#4344,#4345,
#4346,#4347,#4348,#4349,#4350,#4351,#4352,#4353,#4354,#4355,#4356,#4357,
#4358,#4359,#4360,#4361,#4362,#4363,#4364,#4365,#4366,#4367,#4368,#4369,
#4370,#4371,#4372,#4373,#4374,#4375,#4376,#4377,#4378,#4379,#4380,#4381,
#4382,#4383,#4384,#4385,#4386,#4387,#4388),(#4389,#4390,#4391,#4392,#4393,
#4394,#4395,#4396,#4397,#4398,#4399,#4400,#4401,#4402,#4403,#4404,#4405,
#4406,#4407,#4408,#4409,#4410,#4411,#4412,#4413,#4414,#4415,#4416,#4417,
#4418,#4419,#4420,#4421,#4422,#4423,#4424,#4425,#4426,#4427,#4428,#4429,
#4430,#4431,#4432,#4433,#4434,#4435,#4436,#4437,#4438,#4439,#4440,#4441,
#4442),(#4443,#4444,#4445,#4446,#4447,#4448,#4449,#4450,#4451,#4452,#4453,
#4454,#4455,#4456,#4457,#4458,#4459,#4460,#4461,#4462,#4463,#4464,#4465,
#4466,#4467,#4468,#4469,#4470,#4471,#4472,#4473,#4474,#4475,#4476,#4477,
#4478,#4479,#4480,#4481,#4482,#4483,#4484,#4485,#4486,#4487,#4488,#4489,
#4490,#4491,#4492,#4493,#4494,#4495,#4496),(#4497,#4498,#4499,#4500,#4501,
#4502,#4503,#4504,#4505,#4506,#4507,#4508,#4509,#4510,#4511,#4512,#4513,
#4514,#4515,#4516,#4517,#4518,#4519,#4520,#4521,#4522,#4523,#4524,#4525,
#4526,#4527,#4528,#4529,#4530,#4531,#4532,#4533,#4534,#4535,#4536,#4537,
#4538,#4539,#4540,#4541,#4542,#4543,#4544,#4545,#4546,#4547,#4548,#4549,
#4550),(#4551,#4552,#4553,#4554,#4555,#4556,#4557,#4558,#4559,#4560,#4561,
#4562,#4563,#4564,#4565,#4566,#4567,#4568,#4569,#4570,#4571,#4572,#4573,
#4574,#4575,#4576,#4577,#4578,#4579,#4580,#4581,#4582,#4583,#4584,#4585,
#4586,#4587,#4588,#4589,#4590,#4591,#4592,#4593,#4594,#4595,#4596,#4597,
#4598,#4599,#4600,#4601,#4602,#4603,#4604),(#4605,#4606,#4607,#4608,#4609,
#4610,#4611,#4612,#4613,#4614,#4615,#4616,#4617,#4618,#4619,#4620,#4621,
#4622,#4623,#4624,#4625,#4626,#4627,#4628,#4629,#4630,#4631,#4632,#4633,
#4634,#4635,#4636,#4637,#4638,#4639,#4640,#4641,#4642,#4643,#4644,#4645,
#4646,#4647,#4648,#4649,#4650,#4651,#4652,#4653,#4654,#4655,#4656,#4657,
#4658),(#4659,#4660,#4661,#4662,#4663,#4664,#4665,#4666,#4667,#4668,#4669,
#4670,#4671,#4672,#4673,#4674,#4675,#4676,#4677,#4678,#4679,#4680,#4681,
#4682,#4683,#4684,#4685,#4686,#4687,#4688,#4689,#4690,#4691,#4692,#4693,
#4694,#4695,#4696,#4697,#4698,#4699,#4700,#4701,#4702,#4703,#4704,#4705,
#4706,#4707,#4708,#4709,#4710,#4711,#4712),(#4713,#4714,#4715,#4716,#4717,
#4718,#4719,#4720,#4721,#4722,#4723,#4724,#4725,#4726,#4727,#4728,#4729,
#4730,#4731,#4732,#4733,#4734,#4735,#4736,#4737,#4738,#4739,#4740,#4741,
#4742,#4743,#4744,#4745,#4746,#4747,#4748,#4749,#4750,#4751,#4752,#4753,
#4754,#4755,#4756,#4757,#4758,#4759,#4760,#4761,#4762,#4763,#4764,#4765,
#4766),(#4767,#4768,#4769,#4770,#4771,#4772,#4773,#4774,#4775,#4776,#4777,
#4778,#4779,#4780,#4781,#4782,#4783,#4784,#4785,#4786,#4787,#4788,#4789,
#4790,#4791,#4792,#4793,#4794,#4795,#4796,#4797,#4798,#4799,#4800,#4801,
#4802,#4803,#4804,#4805,#4806,#4807,#4808,#4809,#4810,#4811,#4812,#4813,
#4814,#4815,#4816,#4817,#4818,#4819,#4820)),.UNSPECIFIED.,.F.,.F.,.F.,(4,
2,2,2,2,2,2,2,2,2,2,2,2,2,4),(4,2,2,2,2,2,2,2,2,2,2,2,2,2,2,2,2,2,2,2,2,
2,2,2,2,2,4),(0.,0.063125,0.12625,0.189375,0.2525,0.37875,0.441875,0.505,
0.568125,0.63125,0.7575,0.820625,0.88375,0.946875,1.00647855951956),(0.253162495787603,
0.254429018481316,0.258228586664053,0.265827723029528,0.273426859395003,
0.281025995760478,0.288625132125953,0.29242470030869,0.296224268491428,
0.298124052582797,0.300023836674165,0.301923620765534,0.303823404856903,
0.30762297303964,0.311422541222378,0.315222109405115,0.319021677587852,
0.320921461679221,0.326620813953327,0.334219950318802,0.33801951850154,
0.341819086684277,0.345618654867014,0.349418223049752,0.351318007141121,
0.353217791232489,0.354484308262773),.UNSPECIFIED.);
#1940=B_SPLINE_SURFACE_WITH_KNOTS('',3,1,((#4971,#4972),(#4973,#4974),(#4975,
#4976),(#4977,#4978)),.SURF_OF_LINEAR_EXTRUSION.,.F.,.F.,.F.,(4,4),(2,2),
(0.960235182787812,1.),(0.,1.),.PIECEWISE_BEZIER_KNOTS.);
#1941=B_SPLINE_SURFACE_WITH_KNOTS('',3,1,((#5011,#5012),(#5013,#5014),(#5015,
#5016),(#5017,#5018),(#5019,#5020),(#5021,#5022),(#5023,#5024),(#5025,#5026)),
 .SURF_OF_LINEAR_EXTRUSION.,.F.,.F.,.F.,(4,1,1,1,1,4),(2,2),(0.0629267464599722,
0.13498615291756,0.207045559375147,0.243075262603941,0.279104965832734,
0.351164372290322),(0.,1.),.UNSPECIFIED.);
#1942=B_SPLINE_SURFACE_WITH_KNOTS('',3,1,((#5082,#5083),(#5084,#5085),(#5086,
#5087),(#5088,#5089)),.SURF_OF_LINEAR_EXTRUSION.,.F.,.F.,.F.,(4,4),(2,2),
(0.960235255250529,1.),(0.,1.),.PIECEWISE_BEZIER_KNOTS.);
#1943=B_SPLINE_SURFACE_WITH_KNOTS('',3,1,((#5107,#5108),(#5109,#5110),(#5111,
#5112),(#5113,#5114),(#5115,#5116),(#5117,#5118),(#5119,#5120),(#5121,#5122),
(#5123,#5124),(#5125,#5126),(#5127,#5128),(#5129,#5130),(#5131,#5132),(#5133,
#5134),(#5135,#5136),(#5137,#5138),(#5139,#5140)),
 .SURF_OF_LINEAR_EXTRUSION.,.F.,.F.,.F.,(4,1,1,1,1,1,1,1,1,1,1,1,1,1,4),
(2,2),(0.0629267464599722,0.121493824806224,0.180060903152476,0.238627981498727,
0.297195059844979,0.355762138191231,0.414329216537483,0.472896294883734,
0.531463373229986,0.590030451576238,0.64859752992249,0.765731686614993,
0.824298764961245,0.882865843307497,1.),(0.,1.),.UNSPECIFIED.);
#1944=B_SPLINE_SURFACE_WITH_KNOTS('',3,3,((#5178,#5179,#5180,#5181,#5182,
#5183,#5184,#5185,#5186,#5187,#5188,#5189,#5190,#5191,#5192,#5193,#5194,
#5195,#5196,#5197,#5198,#5199,#5200,#5201,#5202,#5203,#5204,#5205,#5206,
#5207,#5208,#5209,#5210,#5211,#5212,#5213,#5214,#5215,#5216,#5217,#5218,
#5219),(#5220,#5221,#5222,#5223,#5224,#5225,#5226,#5227,#5228,#5229,#5230,
#5231,#5232,#5233,#5234,#5235,#5236,#5237,#5238,#5239,#5240,#5241,#5242,
#5243,#5244,#5245,#5246,#5247,#5248,#5249,#5250,#5251,#5252,#5253,#5254,
#5255,#5256,#5257,#5258,#5259,#5260,#5261),(#5262,#5263,#5264,#5265,#5266,
#5267,#5268,#5269,#5270,#5271,#5272,#5273,#5274,#5275,#5276,#5277,#5278,
#5279,#5280,#5281,#5282,#5283,#5284,#5285,#5286,#5287,#5288,#5289,#5290,
#5291,#5292,#5293,#5294,#5295,#5296,#5297,#5298,#5299,#5300,#5301,#5302,
#5303),(#5304,#5305,#5306,#5307,#5308,#5309,#5310,#5311,#5312,#5313,#5314,
#5315,#5316,#5317,#5318,#5319,#5320,#5321,#5322,#5323,#5324,#5325,#5326,
#5327,#5328,#5329,#5330,#5331,#5332,#5333,#5334,#5335,#5336,#5337,#5338,
#5339,#5340,#5341,#5342,#5343,#5344,#5345),(#5346,#5347,#5348,#5349,#5350,
#5351,#5352,#5353,#5354,#5355,#5356,#5357,#5358,#5359,#5360,#5361,#5362,
#5363,#5364,#5365,#5366,#5367,#5368,#5369,#5370,#5371,#5372,#5373,#5374,
#5375,#5376,#5377,#5378,#5379,#5380,#5381,#5382,#5383,#5384,#5385,#5386,
#5387),(#5388,#5389,#5390,#5391,#5392,#5393,#5394,#5395,#5396,#5397,#5398,
#5399,#5400,#5401,#5402,#5403,#5404,#5405,#5406,#5407,#5408,#5409,#5410,
#5411,#5412,#5413,#5414,#5415,#5416,#5417,#5418,#5419,#5420,#5421,#5422,
#5423,#5424,#5425,#5426,#5427,#5428,#5429),(#5430,#5431,#5432,#5433,#5434,
#5435,#5436,#5437,#5438,#5439,#5440,#5441,#5442,#5443,#5444,#5445,#5446,
#5447,#5448,#5449,#5450,#5451,#5452,#5453,#5454,#5455,#5456,#5457,#5458,
#5459,#5460,#5461,#5462,#5463,#5464,#5465,#5466,#5467,#5468,#5469,#5470,
#5471),(#5472,#5473,#5474,#5475,#5476,#5477,#5478,#5479,#5480,#5481,#5482,
#5483,#5484,#5485,#5486,#5487,#5488,#5489,#5490,#5491,#5492,#5493,#5494,
#5495,#5496,#5497,#5498,#5499,#5500,#5501,#5502,#5503,#5504,#5505,#5506,
#5507,#5508,#5509,#5510,#5511,#5512,#5513),(#5514,#5515,#5516,#5517,#5518,
#5519,#5520,#5521,#5522,#5523,#5524,#5525,#5526,#5527,#5528,#5529,#5530,
#5531,#5532,#5533,#5534,#5535,#5536,#5537,#5538,#5539,#5540,#5541,#5542,
#5543,#5544,#5545,#5546,#5547,#5548,#5549,#5550,#5551,#5552,#5553,#5554,
#5555),(#5556,#5557,#5558,#5559,#5560,#5561,#5562,#5563,#5564,#5565,#5566,
#5567,#5568,#5569,#5570,#5571,#5572,#5573,#5574,#5575,#5576,#5577,#5578,
#5579,#5580,#5581,#5582,#5583,#5584,#5585,#5586,#5587,#5588,#5589,#5590,
#5591,#5592,#5593,#5594,#5595,#5596,#5597),(#5598,#5599,#5600,#5601,#5602,
#5603,#5604,#5605,#5606,#5607,#5608,#5609,#5610,#5611,#5612,#5613,#5614,
#5615,#5616,#5617,#5618,#5619,#5620,#5621,#5622,#5623,#5624,#5625,#5626,
#5627,#5628,#5629,#5630,#5631,#5632,#5633,#5634,#5635,#5636,#5637,#5638,
#5639),(#5640,#5641,#5642,#5643,#5644,#5645,#5646,#5647,#5648,#5649,#5650,
#5651,#5652,#5653,#5654,#5655,#5656,#5657,#5658,#5659,#5660,#5661,#5662,
#5663,#5664,#5665,#5666,#5667,#5668,#5669,#5670,#5671,#5672,#5673,#5674,
#5675,#5676,#5677,#5678,#5679,#5680,#5681),(#5682,#5683,#5684,#5685,#5686,
#5687,#5688,#5689,#5690,#5691,#5692,#5693,#5694,#5695,#5696,#5697,#5698,
#5699,#5700,#5701,#5702,#5703,#5704,#5705,#5706,#5707,#5708,#5709,#5710,
#5711,#5712,#5713,#5714,#5715,#5716,#5717,#5718,#5719,#5720,#5721,#5722,
#5723),(#5724,#5725,#5726,#5727,#5728,#5729,#5730,#5731,#5732,#5733,#5734,
#5735,#5736,#5737,#5738,#5739,#5740,#5741,#5742,#5743,#5744,#5745,#5746,
#5747,#5748,#5749,#5750,#5751,#5752,#5753,#5754,#5755,#5756,#5757,#5758,
#5759,#5760,#5761,#5762,#5763,#5764,#5765),(#5766,#5767,#5768,#5769,#5770,
#5771,#5772,#5773,#5774,#5775,#5776,#5777,#5778,#5779,#5780,#5781,#5782,
#5783,#5784,#5785,#5786,#5787,#5788,#5789,#5790,#5791,#5792,#5793,#5794,
#5795,#5796,#5797,#5798,#5799,#5800,#5801,#5802,#5803,#5804,#5805,#5806,
#5807),(#5808,#5809,#5810,#5811,#5812,#5813,#5814,#5815,#5816,#5817,#5818,
#5819,#5820,#5821,#5822,#5823,#5824,#5825,#5826,#5827,#5828,#5829,#5830,
#5831,#5832,#5833,#5834,#5835,#5836,#5837,#5838,#5839,#5840,#5841,#5842,
#5843,#5844,#5845,#5846,#5847,#5848,#5849),(#5850,#5851,#5852,#5853,#5854,
#5855,#5856,#5857,#5858,#5859,#5860,#5861,#5862,#5863,#5864,#5865,#5866,
#5867,#5868,#5869,#5870,#5871,#5872,#5873,#5874,#5875,#5876,#5877,#5878,
#5879,#5880,#5881,#5882,#5883,#5884,#5885,#5886,#5887,#5888,#5889,#5890,
#5891),(#5892,#5893,#5894,#5895,#5896,#5897,#5898,#5899,#5900,#5901,#5902,
#5903,#5904,#5905,#5906,#5907,#5908,#5909,#5910,#5911,#5912,#5913,#5914,
#5915,#5916,#5917,#5918,#5919,#5920,#5921,#5922,#5923,#5924,#5925,#5926,
#5927,#5928,#5929,#5930,#5931,#5932,#5933),(#5934,#5935,#5936,#5937,#5938,
#5939,#5940,#5941,#5942,#5943,#5944,#5945,#5946,#5947,#5948,#5949,#5950,
#5951,#5952,#5953,#5954,#5955,#5956,#5957,#5958,#5959,#5960,#5961,#5962,
#5963,#5964,#5965,#5966,#5967,#5968,#5969,#5970,#5971,#5972,#5973,#5974,
#5975),(#5976,#5977,#5978,#5979,#5980,#5981,#5982,#5983,#5984,#5985,#5986,
#5987,#5988,#5989,#5990,#5991,#5992,#5993,#5994,#5995,#5996,#5997,#5998,
#5999,#6000,#6001,#6002,#6003,#6004,#6005,#6006,#6007,#6008,#6009,#6010,
#6011,#6012,#6013,#6014,#6015,#6016,#6017),(#6018,#6019,#6020,#6021,#6022,
#6023,#6024,#6025,#6026,#6027,#6028,#6029,#6030,#6031,#6032,#6033,#6034,
#6035,#6036,#6037,#6038,#6039,#6040,#6041,#6042,#6043,#6044,#6045,#6046,
#6047,#6048,#6049,#6050,#6051,#6052,#6053,#6054,#6055,#6056,#6057,#6058,
#6059),(#6060,#6061,#6062,#6063,#6064,#6065,#6066,#6067,#6068,#6069,#6070,
#6071,#6072,#6073,#6074,#6075,#6076,#6077,#6078,#6079,#6080,#6081,#6082,
#6083,#6084,#6085,#6086,#6087,#6088,#6089,#6090,#6091,#6092,#6093,#6094,
#6095,#6096,#6097,#6098,#6099,#6100,#6101),(#6102,#6103,#6104,#6105,#6106,
#6107,#6108,#6109,#6110,#6111,#6112,#6113,#6114,#6115,#6116,#6117,#6118,
#6119,#6120,#6121,#6122,#6123,#6124,#6125,#6126,#6127,#6128,#6129,#6130,
#6131,#6132,#6133,#6134,#6135,#6136,#6137,#6138,#6139,#6140,#6141,#6142,
#6143),(#6144,#6145,#6146,#6147,#6148,#6149,#6150,#6151,#6152,#6153,#6154,
#6155,#6156,#6157,#6158,#6159,#6160,#6161,#6162,#6163,#6164,#6165,#6166,
#6167,#6168,#6169,#6170,#6171,#6172,#6173,#6174,#6175,#6176,#6177,#6178,
#6179,#6180,#6181,#6182,#6183,#6184,#6185),(#6186,#6187,#6188,#6189,#6190,
#6191,#6192,#6193,#6194,#6195,#6196,#6197,#6198,#6199,#6200,#6201,#6202,
#6203,#6204,#6205,#6206,#6207,#6208,#6209,#6210,#6211,#6212,#6213,#6214,
#6215,#6216,#6217,#6218,#6219,#6220,#6221,#6222,#6223,#6224,#6225,#6226,
#6227),(#6228,#6229,#6230,#6231,#6232,#6233,#6234,#6235,#6236,#6237,#6238,
#6239,#6240,#6241,#6242,#6243,#6244,#6245,#6246,#6247,#6248,#6249,#6250,
#6251,#6252,#6253,#6254,#6255,#6256,#6257,#6258,#6259,#6260,#6261,#6262,
#6263,#6264,#6265,#6266,#6267,#6268,#6269),(#6270,#6271,#6272,#6273,#6274,
#6275,#6276,#6277,#6278,#6279,#6280,#6281,#6282,#6283,#6284,#6285,#6286,
#6287,#6288,#6289,#6290,#6291,#6292,#6293,#6294,#6295,#6296,#6297,#6298,
#6299,#6300,#6301,#6302,#6303,#6304,#6305,#6306,#6307,#6308,#6309,#6310,
#6311),(#6312,#6313,#6314,#6315,#6316,#6317,#6318,#6319,#6320,#6321,#6322,
#6323,#6324,#6325,#6326,#6327,#6328,#6329,#6330,#6331,#6332,#6333,#6334,
#6335,#6336,#6337,#6338,#6339,#6340,#6341,#6342,#6343,#6344,#6345,#6346,
#6347,#6348,#6349,#6350,#6351,#6352,#6353)),.UNSPECIFIED.,.F.,.F.,.F.,(4,
2,2,2,2,2,2,2,2,2,2,2,2,4),(4,2,2,2,2,2,2,2,2,2,2,2,2,2,2,2,2,2,2,2,4),
(-0.00600071676098765,0.053125,0.11625,0.179375,0.2425,0.36875,0.431875,
0.495,0.62125,0.7475,0.810625,0.87375,0.936875,1.),(0.163366468376095,0.163505821626154,
0.163608315970007,0.163710810313861,0.163813304657714,0.163915799001568,
0.164120787689275,0.164325776376981,0.164735753752395,0.165555708503223,
0.167195618004878,0.168835527506532,0.172115346509842,0.175395165513152,
0.178674984516462,0.181954803519772,0.185234622523082,0.191794260529701,
0.198353898536321,0.204913536542941,0.207100094191354),.UNSPECIFIED.);
#1945=B_SPLINE_SURFACE_WITH_KNOTS('',3,3,((#6389,#6390,#6391,#6392,#6393,
#6394,#6395,#6396,#6397,#6398,#6399,#6400,#6401,#6402,#6403,#6404,#6405,
#6406,#6407,#6408,#6409,#6410,#6411,#6412,#6413,#6414,#6415,#6416,#6417,
#6418,#6419,#6420,#6421,#6422,#6423,#6424,#6425,#6426,#6427,#6428,#6429,
#6430,#6431,#6432,#6433,#6434,#6435,#6436,#6437,#6438,#6439,#6440,#6441,
#6442),(#6443,#6444,#6445,#6446,#6447,#6448,#6449,#6450,#6451,#6452,#6453,
#6454,#6455,#6456,#6457,#6458,#6459,#6460,#6461,#6462,#6463,#6464,#6465,
#6466,#6467,#6468,#6469,#6470,#6471,#6472,#6473,#6474,#6475,#6476,#6477,
#6478,#6479,#6480,#6481,#6482,#6483,#6484,#6485,#6486,#6487,#6488,#6489,
#6490,#6491,#6492,#6493,#6494,#6495,#6496),(#6497,#6498,#6499,#6500,#6501,
#6502,#6503,#6504,#6505,#6506,#6507,#6508,#6509,#6510,#6511,#6512,#6513,
#6514,#6515,#6516,#6517,#6518,#6519,#6520,#6521,#6522,#6523,#6524,#6525,
#6526,#6527,#6528,#6529,#6530,#6531,#6532,#6533,#6534,#6535,#6536,#6537,
#6538,#6539,#6540,#6541,#6542,#6543,#6544,#6545,#6546,#6547,#6548,#6549,
#6550),(#6551,#6552,#6553,#6554,#6555,#6556,#6557,#6558,#6559,#6560,#6561,
#6562,#6563,#6564,#6565,#6566,#6567,#6568,#6569,#6570,#6571,#6572,#6573,
#6574,#6575,#6576,#6577,#6578,#6579,#6580,#6581,#6582,#6583,#6584,#6585,
#6586,#6587,#6588,#6589,#6590,#6591,#6592,#6593,#6594,#6595,#6596,#6597,
#6598,#6599,#6600,#6601,#6602,#6603,#6604),(#6605,#6606,#6607,#6608,#6609,
#6610,#6611,#6612,#6613,#6614,#6615,#6616,#6617,#6618,#6619,#6620,#6621,
#6622,#6623,#6624,#6625,#6626,#6627,#6628,#6629,#6630,#6631,#6632,#6633,
#6634,#6635,#6636,#6637,#6638,#6639,#6640,#6641,#6642,#6643,#6644,#6645,
#6646,#6647,#6648,#6649,#6650,#6651,#6652,#6653,#6654,#6655,#6656,#6657,
#6658),(#6659,#6660,#6661,#6662,#6663,#6664,#6665,#6666,#6667,#6668,#6669,
#6670,#6671,#6672,#6673,#6674,#6675,#6676,#6677,#6678,#6679,#6680,#6681,
#6682,#6683,#6684,#6685,#6686,#6687,#6688,#6689,#6690,#6691,#6692,#6693,
#6694,#6695,#6696,#6697,#6698,#6699,#6700,#6701,#6702,#6703,#6704,#6705,
#6706,#6707,#6708,#6709,#6710,#6711,#6712),(#6713,#6714,#6715,#6716,#6717,
#6718,#6719,#6720,#6721,#6722,#6723,#6724,#6725,#6726,#6727,#6728,#6729,
#6730,#6731,#6732,#6733,#6734,#6735,#6736,#6737,#6738,#6739,#6740,#6741,
#6742,#6743,#6744,#6745,#6746,#6747,#6748,#6749,#6750,#6751,#6752,#6753,
#6754,#6755,#6756,#6757,#6758,#6759,#6760,#6761,#6762,#6763,#6764,#6765,
#6766),(#6767,#6768,#6769,#6770,#6771,#6772,#6773,#6774,#6775,#6776,#6777,
#6778,#6779,#6780,#6781,#6782,#6783,#6784,#6785,#6786,#6787,#6788,#6789,
#6790,#6791,#6792,#6793,#6794,#6795,#6796,#6797,#6798,#6799,#6800,#6801,
#6802,#6803,#6804,#6805,#6806,#6807,#6808,#6809,#6810,#6811,#6812,#6813,
#6814,#6815,#6816,#6817,#6818,#6819,#6820),(#6821,#6822,#6823,#6824,#6825,
#6826,#6827,#6828,#6829,#6830,#6831,#6832,#6833,#6834,#6835,#6836,#6837,
#6838,#6839,#6840,#6841,#6842,#6843,#6844,#6845,#6846,#6847,#6848,#6849,
#6850,#6851,#6852,#6853,#6854,#6855,#6856,#6857,#6858,#6859,#6860,#6861,
#6862,#6863,#6864,#6865,#6866,#6867,#6868,#6869,#6870,#6871,#6872,#6873,
#6874),(#6875,#6876,#6877,#6878,#6879,#6880,#6881,#6882,#6883,#6884,#6885,
#6886,#6887,#6888,#6889,#6890,#6891,#6892,#6893,#6894,#6895,#6896,#6897,
#6898,#6899,#6900,#6901,#6902,#6903,#6904,#6905,#6906,#6907,#6908,#6909,
#6910,#6911,#6912,#6913,#6914,#6915,#6916,#6917,#6918,#6919,#6920,#6921,
#6922,#6923,#6924,#6925,#6926,#6927,#6928),(#6929,#6930,#6931,#6932,#6933,
#6934,#6935,#6936,#6937,#6938,#6939,#6940,#6941,#6942,#6943,#6944,#6945,
#6946,#6947,#6948,#6949,#6950,#6951,#6952,#6953,#6954,#6955,#6956,#6957,
#6958,#6959,#6960,#6961,#6962,#6963,#6964,#6965,#6966,#6967,#6968,#6969,
#6970,#6971,#6972,#6973,#6974,#6975,#6976,#6977,#6978,#6979,#6980,#6981,
#6982),(#6983,#6984,#6985,#6986,#6987,#6988,#6989,#6990,#6991,#6992,#6993,
#6994,#6995,#6996,#6997,#6998,#6999,#7000,#7001,#7002,#7003,#7004,#7005,
#7006,#7007,#7008,#7009,#7010,#7011,#7012,#7013,#7014,#7015,#7016,#7017,
#7018,#7019,#7020,#7021,#7022,#7023,#7024,#7025,#7026,#7027,#7028,#7029,
#7030,#7031,#7032,#7033,#7034,#7035,#7036),(#7037,#7038,#7039,#7040,#7041,
#7042,#7043,#7044,#7045,#7046,#7047,#7048,#7049,#7050,#7051,#7052,#7053,
#7054,#7055,#7056,#7057,#7058,#7059,#7060,#7061,#7062,#7063,#7064,#7065,
#7066,#7067,#7068,#7069,#7070,#7071,#7072,#7073,#7074,#7075,#7076,#7077,
#7078,#7079,#7080,#7081,#7082,#7083,#7084,#7085,#7086,#7087,#7088,#7089,
#7090),(#7091,#7092,#7093,#7094,#7095,#7096,#7097,#7098,#7099,#7100,#7101,
#7102,#7103,#7104,#7105,#7106,#7107,#7108,#7109,#7110,#7111,#7112,#7113,
#7114,#7115,#7116,#7117,#7118,#7119,#7120,#7121,#7122,#7123,#7124,#7125,
#7126,#7127,#7128,#7129,#7130,#7131,#7132,#7133,#7134,#7135,#7136,#7137,
#7138,#7139,#7140,#7141,#7142,#7143,#7144),(#7145,#7146,#7147,#7148,#7149,
#7150,#7151,#7152,#7153,#7154,#7155,#7156,#7157,#7158,#7159,#7160,#7161,
#7162,#7163,#7164,#7165,#7166,#7167,#7168,#7169,#7170,#7171,#7172,#7173,
#7174,#7175,#7176,#7177,#7178,#7179,#7180,#7181,#7182,#7183,#7184,#7185,
#7186,#7187,#7188,#7189,#7190,#7191,#7192,#7193,#7194,#7195,#7196,#7197,
#7198),(#7199,#7200,#7201,#7202,#7203,#7204,#7205,#7206,#7207,#7208,#7209,
#7210,#7211,#7212,#7213,#7214,#7215,#7216,#7217,#7218,#7219,#7220,#7221,
#7222,#7223,#7224,#7225,#7226,#7227,#7228,#7229,#7230,#7231,#7232,#7233,
#7234,#7235,#7236,#7237,#7238,#7239,#7240,#7241,#7242,#7243,#7244,#7245,
#7246,#7247,#7248,#7249,#7250,#7251,#7252),(#7253,#7254,#7255,#7256,#7257,
#7258,#7259,#7260,#7261,#7262,#7263,#7264,#7265,#7266,#7267,#7268,#7269,
#7270,#7271,#7272,#7273,#7274,#7275,#7276,#7277,#7278,#7279,#7280,#7281,
#7282,#7283,#7284,#7285,#7286,#7287,#7288,#7289,#7290,#7291,#7292,#7293,
#7294,#7295,#7296,#7297,#7298,#7299,#7300,#7301,#7302,#7303,#7304,#7305,
#7306),(#7307,#7308,#7309,#7310,#7311,#7312,#7313,#7314,#7315,#7316,#7317,
#7318,#7319,#7320,#7321,#7322,#7323,#7324,#7325,#7326,#7327,#7328,#7329,
#7330,#7331,#7332,#7333,#7334,#7335,#7336,#7337,#7338,#7339,#7340,#7341,
#7342,#7343,#7344,#7345,#7346,#7347,#7348,#7349,#7350,#7351,#7352,#7353,
#7354,#7355,#7356,#7357,#7358,#7359,#7360),(#7361,#7362,#7363,#7364,#7365,
#7366,#7367,#7368,#7369,#7370,#7371,#7372,#7373,#7374,#7375,#7376,#7377,
#7378,#7379,#7380,#7381,#7382,#7383,#7384,#7385,#7386,#7387,#7388,#7389,
#7390,#7391,#7392,#7393,#7394,#7395,#7396,#7397,#7398,#7399,#7400,#7401,
#7402,#7403,#7404,#7405,#7406,#7407,#7408,#7409,#7410,#7411,#7412,#7413,
#7414),(#7415,#7416,#7417,#7418,#7419,#7420,#7421,#7422,#7423,#7424,#7425,
#7426,#7427,#7428,#7429,#7430,#7431,#7432,#7433,#7434,#7435,#7436,#7437,
#7438,#7439,#7440,#7441,#7442,#7443,#7444,#7445,#7446,#7447,#7448,#7449,
#7450,#7451,#7452,#7453,#7454,#7455,#7456,#7457,#7458,#7459,#7460,#7461,
#7462,#7463,#7464,#7465,#7466,#7467,#7468),(#7469,#7470,#7471,#7472,#7473,
#7474,#7475,#7476,#7477,#7478,#7479,#7480,#7481,#7482,#7483,#7484,#7485,
#7486,#7487,#7488,#7489,#7490,#7491,#7492,#7493,#7494,#7495,#7496,#7497,
#7498,#7499,#7500,#7501,#7502,#7503,#7504,#7505,#7506,#7507,#7508,#7509,
#7510,#7511,#7512,#7513,#7514,#7515,#7516,#7517,#7518,#7519,#7520,#7521,
#7522),(#7523,#7524,#7525,#7526,#7527,#7528,#7529,#7530,#7531,#7532,#7533,
#7534,#7535,#7536,#7537,#7538,#7539,#7540,#7541,#7542,#7543,#7544,#7545,
#7546,#7547,#7548,#7549,#7550,#7551,#7552,#7553,#7554,#7555,#7556,#7557,
#7558,#7559,#7560,#7561,#7562,#7563,#7564,#7565,#7566,#7567,#7568,#7569,
#7570,#7571,#7572,#7573,#7574,#7575,#7576),(#7577,#7578,#7579,#7580,#7581,
#7582,#7583,#7584,#7585,#7586,#7587,#7588,#7589,#7590,#7591,#7592,#7593,
#7594,#7595,#7596,#7597,#7598,#7599,#7600,#7601,#7602,#7603,#7604,#7605,
#7606,#7607,#7608,#7609,#7610,#7611,#7612,#7613,#7614,#7615,#7616,#7617,
#7618,#7619,#7620,#7621,#7622,#7623,#7624,#7625,#7626,#7627,#7628,#7629,
#7630),(#7631,#7632,#7633,#7634,#7635,#7636,#7637,#7638,#7639,#7640,#7641,
#7642,#7643,#7644,#7645,#7646,#7647,#7648,#7649,#7650,#7651,#7652,#7653,
#7654,#7655,#7656,#7657,#7658,#7659,#7660,#7661,#7662,#7663,#7664,#7665,
#7666,#7667,#7668,#7669,#7670,#7671,#7672,#7673,#7674,#7675,#7676,#7677,
#7678,#7679,#7680,#7681,#7682,#7683,#7684),(#7685,#7686,#7687,#7688,#7689,
#7690,#7691,#7692,#7693,#7694,#7695,#7696,#7697,#7698,#7699,#7700,#7701,
#7702,#7703,#7704,#7705,#7706,#7707,#7708,#7709,#7710,#7711,#7712,#7713,
#7714,#7715,#7716,#7717,#7718,#7719,#7720,#7721,#7722,#7723,#7724,#7725,
#7726,#7727,#7728,#7729,#7730,#7731,#7732,#7733,#7734,#7735,#7736,#7737,
#7738),(#7739,#7740,#7741,#7742,#7743,#7744,#7745,#7746,#7747,#7748,#7749,
#7750,#7751,#7752,#7753,#7754,#7755,#7756,#7757,#7758,#7759,#7760,#7761,
#7762,#7763,#7764,#7765,#7766,#7767,#7768,#7769,#7770,#7771,#7772,#7773,
#7774,#7775,#7776,#7777,#7778,#7779,#7780,#7781,#7782,#7783,#7784,#7785,
#7786,#7787,#7788,#7789,#7790,#7791,#7792),(#7793,#7794,#7795,#7796,#7797,
#7798,#7799,#7800,#7801,#7802,#7803,#7804,#7805,#7806,#7807,#7808,#7809,
#7810,#7811,#7812,#7813,#7814,#7815,#7816,#7817,#7818,#7819,#7820,#7821,
#7822,#7823,#7824,#7825,#7826,#7827,#7828,#7829,#7830,#7831,#7832,#7833,
#7834,#7835,#7836,#7837,#7838,#7839,#7840,#7841,#7842,#7843,#7844,#7845,
#7846),(#7847,#7848,#7849,#7850,#7851,#7852,#7853,#7854,#7855,#7856,#7857,
#7858,#7859,#7860,#7861,#7862,#7863,#7864,#7865,#7866,#7867,#7868,#7869,
#7870,#7871,#7872,#7873,#7874,#7875,#7876,#7877,#7878,#7879,#7880,#7881,
#7882,#7883,#7884,#7885,#7886,#7887,#7888,#7889,#7890,#7891,#7892,#7893,
#7894,#7895,#7896,#7897,#7898,#7899,#7900),(#7901,#7902,#7903,#7904,#7905,
#7906,#7907,#7908,#7909,#7910,#7911,#7912,#7913,#7914,#7915,#7916,#7917,
#7918,#7919,#7920,#7921,#7922,#7923,#7924,#7925,#7926,#7927,#7928,#7929,
#7930,#7931,#7932,#7933,#7934,#7935,#7936,#7937,#7938,#7939,#7940,#7941,
#7942,#7943,#7944,#7945,#7946,#7947,#7948,#7949,#7950,#7951,#7952,#7953,
#7954),(#7955,#7956,#7957,#7958,#7959,#7960,#7961,#7962,#7963,#7964,#7965,
#7966,#7967,#7968,#7969,#7970,#7971,#7972,#7973,#7974,#7975,#7976,#7977,
#7978,#7979,#7980,#7981,#7982,#7983,#7984,#7985,#7986,#7987,#7988,#7989,
#7990,#7991,#7992,#7993,#7994,#7995,#7996,#7997,#7998,#7999,#8000,#8001,
#8002,#8003,#8004,#8005,#8006,#8007,#8008)),.UNSPECIFIED.,.F.,.F.,.F.,(4,
2,2,2,2,2,2,2,2,2,2,2,2,2,4),(4,2,2,2,2,2,2,2,2,2,2,2,2,2,2,2,2,2,2,2,2,
2,2,2,2,2,4),(-0.00608976267268668,0.053125,0.11625,0.179375,0.2425,0.36875,
0.431875,0.495,0.558125,0.62125,0.7475,0.810625,0.87375,0.936875,1.),(0.253162499141486,
0.254429021792433,0.258228589848513,0.265827725960672,0.273426862072831,
0.28102599818499,0.288625134297149,0.292424702353228,0.296224270409308,
0.298124054437348,0.300023838465387,0.301923622493427,0.303823406521467,
0.307622974577546,0.311422542633626,0.315222110689705,0.319021678745785,
0.320921462773824,0.326620814857944,0.334219950970103,0.338019519026182,
0.341819087082262,0.345618655138341,0.349418223194421,0.35131800722246,
0.3532177912505,0.354484308146576),.UNSPECIFIED.);
#1946=B_SPLINE_SURFACE_WITH_KNOTS('',3,1,((#8116,#8117),(#8118,#8119),(#8120,
#8121),(#8122,#8123),(#8124,#8125),(#8126,#8127),(#8128,#8129),(#8130,#8131),
(#8132,#8133),(#8134,#8135),(#8136,#8137),(#8138,#8139),(#8140,#8141),(#8142,
#8143),(#8144,#8145),(#8146,#8147),(#8148,#8149),(#8150,#8151),(#8152,#8153)),
 .UNSPECIFIED.,.F.,.F.,.F.,(4,1,1,1,1,1,1,1,1,1,1,1,1,1,1,1,4),(2,2),(-1.52947138969342,
-0.69626286948127,-0.487960739428234,-0.383809674401716,-0.279658609375198,
-0.227583076861939,-0.17550754434868,-0.123432011835421,-0.0713564793221619,
-0.0453187130655323,-0.0192809468089028,-0.00626206368058806,0.0067568194477267,
0.0327945857043562,0.0588323519609857,0.0848701182176153,0.136945650730874),
(0.,1.),.UNSPECIFIED.);
#1947=B_SPLINE_SURFACE_WITH_KNOTS('',3,1,((#8230,#8231),(#8232,#8233),(#8234,
#8235),(#8236,#8237),(#8238,#8239),(#8240,#8241),(#8242,#8243),(#8244,#8245),
(#8246,#8247),(#8248,#8249),(#8250,#8251),(#8252,#8253),(#8254,#8255),(#8256,
#8257),(#8258,#8259),(#8260,#8261),(#8262,#8263),(#8264,#8265),(#8266,#8267),
(#8268,#8269),(#8270,#8271),(#8272,#8273),(#8274,#8275),(#8276,#8277),(#8278,
#8279),(#8280,#8281),(#8282,#8283)),.SURF_OF_LINEAR_EXTRUSION.,.F.,.F.,
 .F.,(4,1,1,1,1,1,1,1,1,1,1,1,1,1,1,1,1,1,1,1,1,1,1,1,4),(2,2),(0.1781057238632,
0.22947411612175,0.2808425083803,0.33221090063885,0.3835792928974,0.409263489026675,
0.43494768515595,0.4863160774145,0.512000273543775,0.53768446967305,0.563368665802325,
0.5890528619316,0.64042125419015,0.6917896464487,0.74315803870725,0.768842234836525,
0.7945264309658,0.820210627095075,0.84589482322435,0.871579019353625,0.8972632154829,
0.922947411612175,0.94863160774145,0.974315803870725,1.),(0.,1.),
 .UNSPECIFIED.);
#1948=B_SPLINE_SURFACE_WITH_KNOTS('',3,3,((#8304,#8305,#8306,#8307,#8308,
#8309,#8310,#8311,#8312,#8313,#8314,#8315,#8316,#8317,#8318,#8319,#8320,
#8321),(#8322,#8323,#8324,#8325,#8326,#8327,#8328,#8329,#8330,#8331,#8332,
#8333,#8334,#8335,#8336,#8337,#8338,#8339),(#8340,#8341,#8342,#8343,#8344,
#8345,#8346,#8347,#8348,#8349,#8350,#8351,#8352,#8353,#8354,#8355,#8356,
#8357),(#8358,#8359,#8360,#8361,#8362,#8363,#8364,#8365,#8366,#8367,#8368,
#8369,#8370,#8371,#8372,#8373,#8374,#8375),(#8376,#8377,#8378,#8379,#8380,
#8381,#8382,#8383,#8384,#8385,#8386,#8387,#8388,#8389,#8390,#8391,#8392,
#8393),(#8394,#8395,#8396,#8397,#8398,#8399,#8400,#8401,#8402,#8403,#8404,
#8405,#8406,#8407,#8408,#8409,#8410,#8411),(#8412,#8413,#8414,#8415,#8416,
#8417,#8418,#8419,#8420,#8421,#8422,#8423,#8424,#8425,#8426,#8427,#8428,
#8429),(#8430,#8431,#8432,#8433,#8434,#8435,#8436,#8437,#8438,#8439,#8440,
#8441,#8442,#8443,#8444,#8445,#8446,#8447),(#8448,#8449,#8450,#8451,#8452,
#8453,#8454,#8455,#8456,#8457,#8458,#8459,#8460,#8461,#8462,#8463,#8464,
#8465),(#8466,#8467,#8468,#8469,#8470,#8471,#8472,#8473,#8474,#8475,#8476,
#8477,#8478,#8479,#8480,#8481,#8482,#8483),(#8484,#8485,#8486,#8487,#8488,
#8489,#8490,#8491,#8492,#8493,#8494,#8495,#8496,#8497,#8498,#8499,#8500,
#8501),(#8502,#8503,#8504,#8505,#8506,#8507,#8508,#8509,#8510,#8511,#8512,
#8513,#8514,#8515,#8516,#8517,#8518,#8519)),.UNSPECIFIED.,.F.,.F.,.F.,(4,
1,1,1,1,1,1,1,1,4),(4,1,1,1,1,1,1,1,1,1,1,1,1,1,1,4),(-2.75738528461024E-12,
0.124999999997608,0.187499999997791,0.270833333331368,0.374999999998339,
0.499999999998704,0.62499999999907,0.749999999999435,0.854166666666406,
1.00000000000017),(0.16316642995429,0.163429622212497,0.163561218341601,
0.163692814470705,0.163824410599809,0.163999872105281,0.164306929739857,
0.164745583503537,0.165447429525425,0.166324737052785,0.167728429096561,
0.16948304415128,0.172290428238832,0.175799658348271,0.181414426523374,
0.196855039004907),.UNSPECIFIED.);
#1949=B_SPLINE_SURFACE_WITH_KNOTS('',3,3,((#8568,#8569,#8570,#8571,#8572,
#8573,#8574,#8575,#8576,#8577,#8578,#8579),(#8580,#8581,#8582,#8583,#8584,
#8585,#8586,#8587,#8588,#8589,#8590,#8591),(#8592,#8593,#8594,#8595,#8596,
#8597,#8598,#8599,#8600,#8601,#8602,#8603),(#8604,#8605,#8606,#8607,#8608,
#8609,#8610,#8611,#8612,#8613,#8614,#8615),(#8616,#8617,#8618,#8619,#8620,
#8621,#8622,#8623,#8624,#8625,#8626,#8627),(#8628,#8629,#8630,#8631,#8632,
#8633,#8634,#8635,#8636,#8637,#8638,#8639),(#8640,#8641,#8642,#8643,#8644,
#8645,#8646,#8647,#8648,#8649,#8650,#8651),(#8652,#8653,#8654,#8655,#8656,
#8657,#8658,#8659,#8660,#8661,#8662,#8663),(#8664,#8665,#8666,#8667,#8668,
#8669,#8670,#8671,#8672,#8673,#8674,#8675),(#8676,#8677,#8678,#8679,#8680,
#8681,#8682,#8683,#8684,#8685,#8686,#8687),(#8688,#8689,#8690,#8691,#8692,
#8693,#8694,#8695,#8696,#8697,#8698,#8699),(#8700,#8701,#8702,#8703,#8704,
#8705,#8706,#8707,#8708,#8709,#8710,#8711),(#8712,#8713,#8714,#8715,#8716,
#8717,#8718,#8719,#8720,#8721,#8722,#8723)),.UNSPECIFIED.,.F.,.F.,.F.,(4,
1,1,1,1,1,1,1,1,1,4),(4,1,1,1,1,1,1,1,1,4),(-8.13040570109853E-14,0.124999999999935,
0.187499999999944,0.270833333333288,0.374999999999969,0.499999999999985,
0.625000000000002,0.729166666666683,0.812500000000027,0.875000000000035,
1.00000000000005),(0.262965954370488,0.283925540078645,0.291547207608883,
0.297263458256562,0.302979708904241,0.31060137643448,0.320128460847278,
0.331560962142636,0.341088046555434,0.354425964733352),.UNSPECIFIED.);
#1950=B_SPLINE_SURFACE_WITH_KNOTS('',3,1,((#8754,#8755),(#8756,#8757),(#8758,
#8759),(#8760,#8761),(#8762,#8763),(#8764,#8765)),
 .SURF_OF_LINEAR_EXTRUSION.,.F.,.F.,.F.,(4,1,1,4),(2,2),(0.963637608879633,
0.983463869736655,0.993377000165166,1.00329013059368),(0.,1.),
 .UNSPECIFIED.);
#1951=B_SPLINE_SURFACE_WITH_KNOTS('',3,1,((#8772,#8773),(#8774,#8775),(#8776,
#8777),(#8778,#8779),(#8780,#8781),(#8782,#8783),(#8784,#8785),(#8786,#8787)),
 .SURF_OF_LINEAR_EXTRUSION.,.F.,.F.,.F.,(4,1,1,1,1,4),(2,2),(0.0524136062465853,
0.127082991800115,0.201752377353644,0.239087070130409,0.276421762907173,
0.351091148460703),(0.,1.),.UNSPECIFIED.);
#1952=B_SPLINE_SURFACE_WITH_KNOTS('',3,1,((#8795,#8796),(#8797,#8798),(#8799,
#8800),(#8801,#8802),(#8803,#8804),(#8805,#8806)),
 .SURF_OF_LINEAR_EXTRUSION.,.F.,.F.,.F.,(4,1,1,4),(2,2),(0.963673592727215,
0.983481754352734,0.993385835165494,1.00328991597825),(0.,1.),
 .UNSPECIFIED.);
#1953=B_SPLINE_SURFACE_WITH_KNOTS('',3,1,((#8825,#8826),(#8827,#8828),(#8829,
#8830),(#8831,#8832),(#8833,#8834),(#8835,#8836),(#8837,#8838),(#8839,#8840),
(#8841,#8842),(#8843,#8844),(#8845,#8846),(#8847,#8848),(#8849,#8850),(#8851,
#8852),(#8853,#8854),(#8855,#8856),(#8857,#8858),(#8859,#8860),(#8861,#8862),
(#8863,#8864),(#8865,#8866),(#8867,#8868)),.SURF_OF_LINEAR_EXTRUSION.,.F.,
 .F.,.F.,(4,1,1,1,1,1,1,1,1,1,1,1,1,1,1,1,1,1,1,4),(2,2),(0.0524136062465853,
0.111828674895408,0.171243743544231,0.230658812193054,0.290073880841877,
0.3494889494907,0.408904018139522,0.468319086788345,0.527734155437168,0.587149224085991,
0.646564292734814,0.705979361383637,0.76539443003246,0.824809498681283,
0.884224567330105,0.913932101654517,0.943639635978928,0.97334717030334,
0.988200937465545,1.00305470462775),(0.,1.),.UNSPECIFIED.);
#1954=B_SPLINE_SURFACE_WITH_KNOTS('',3,3,((#8924,#8925,#8926,#8927,#8928,
#8929,#8930,#8931,#8932,#8933,#8934,#8935),(#8936,#8937,#8938,#8939,#8940,
#8941,#8942,#8943,#8944,#8945,#8946,#8947),(#8948,#8949,#8950,#8951,#8952,
#8953,#8954,#8955,#8956,#8957,#8958,#8959),(#8960,#8961,#8962,#8963,#8964,
#8965,#8966,#8967,#8968,#8969,#8970,#8971),(#8972,#8973,#8974,#8975,#8976,
#8977,#8978,#8979,#8980,#8981,#8982,#8983),(#8984,#8985,#8986,#8987,#8988,
#8989,#8990,#8991,#8992,#8993,#8994,#8995),(#8996,#8997,#8998,#8999,#9000,
#9001,#9002,#9003,#9004,#9005,#9006,#9007),(#9008,#9009,#9010,#9011,#9012,
#9013,#9014,#9015,#9016,#9017,#9018,#9019),(#9020,#9021,#9022,#9023,#9024,
#9025,#9026,#9027,#9028,#9029,#9030,#9031),(#9032,#9033,#9034,#9035,#9036,
#9037,#9038,#9039,#9040,#9041,#9042,#9043),(#9044,#9045,#9046,#9047,#9048,
#9049,#9050,#9051,#9052,#9053,#9054,#9055),(#9056,#9057,#9058,#9059,#9060,
#9061,#9062,#9063,#9064,#9065,#9066,#9067),(#9068,#9069,#9070,#9071,#9072,
#9073,#9074,#9075,#9076,#9077,#9078,#9079)),.UNSPECIFIED.,.F.,.F.,.F.,(4,
1,1,1,1,1,1,1,1,1,4),(4,1,1,1,1,1,1,1,1,4),(0.,0.125000000000039,0.187500000000059,
0.270833333333419,0.375000000000118,0.500000000000158,0.625000000000197,
0.729166666666897,0.812500000000257,0.875000000000277,1.00000000000032),
(0.262965961994667,0.283925545945205,0.29154721283631,0.297263463004639,
0.302979713172968,0.310601380064073,0.320128463677954,0.331560964014611,
0.341088047628492,0.354425964687926),.UNSPECIFIED.);
#1955=B_SPLINE_SURFACE_WITH_KNOTS('',3,1,((#9122,#9123),(#9124,#9125),(#9126,
#9127),(#9128,#9129),(#9130,#9131),(#9132,#9133),(#9134,#9135),(#9136,#9137),
(#9138,#9139),(#9140,#9141),(#9142,#9143),(#9144,#9145),(#9146,#9147),(#9148,
#9149),(#9150,#9151),(#9152,#9153),(#9154,#9155),(#9156,#9157),(#9158,#9159),
(#9160,#9161),(#9162,#9163),(#9164,#9165)),.UNSPECIFIED.,.F.,.F.,.F.,(4,
1,1,1,1,1,1,1,1,1,1,1,1,1,1,1,1,1,1,4),(2,2),(-1.04584345524377,-0.604140892681813,
-0.456906705161162,-0.383289611400836,-0.309672517640511,-0.236055423880185,
-0.16243833011986,-0.0888212363595345,-0.0520126894793718,-0.0336084160392904,
-0.015204142599209,-0.00600200587916835,-0.00140093751914801,0.00320013084087234,
0.012402267560913,0.0216044042809537,0.0400086777210351,0.0584129511611165,
0.0952214980412792,0.132030044921442),(0.,1.),.UNSPECIFIED.);
#1956=B_SPLINE_SURFACE_WITH_KNOTS('',3,1,((#9241,#9242),(#9243,#9244),(#9245,
#9246),(#9247,#9248),(#9249,#9250),(#9251,#9252),(#9253,#9254),(#9255,#9256),
(#9257,#9258),(#9259,#9260),(#9261,#9262),(#9263,#9264),(#9265,#9266),(#9267,
#9268),(#9269,#9270),(#9271,#9272),(#9273,#9274),(#9275,#9276),(#9277,#9278),
(#9279,#9280),(#9281,#9282),(#9283,#9284),(#9285,#9286)),
 .SURF_OF_LINEAR_EXTRUSION.,.F.,.F.,.F.,(4,1,1,1,1,1,1,1,1,1,1,1,1,1,1,
1,1,1,1,1,4),(2,2),(0.194460004960225,0.22747294147303,0.260485877985834,
0.293498814498639,0.326511751011444,0.359524687524249,0.392537624037054,
0.409044092293457,0.425550560549859,0.442057028806261,0.458563497062664,
0.475069965319066,0.491576433575469,0.508082901831871,0.524589370088274,
0.557602306601079,0.590615243113883,0.623628179626688,0.656641116139493,
0.689654052652298,0.722666989165103),(0.,1.),.UNSPECIFIED.);
#1957=B_SPLINE_SURFACE_WITH_KNOTS('',3,1,((#9310,#9311),(#9312,#9313),(#9314,
#9315),(#9316,#9317)),.SURF_OF_LINEAR_EXTRUSION.,.F.,.F.,.F.,(4,4),(2,2),
(0.546517285092926,0.567300997639409),(0.,1.),.PIECEWISE_BEZIER_KNOTS.);
#1958=B_SPLINE_SURFACE_WITH_KNOTS('',3,1,((#9577,#9578),(#9579,#9580),(#9581,
#9582),(#9583,#9584)),.SURF_OF_LINEAR_EXTRUSION.,.F.,.F.,.F.,(4,4),(2,2),
(0.822717203850994,0.862743427891706),(0.,1.),.PIECEWISE_BEZIER_KNOTS.);
#1959=B_SPLINE_SURFACE_WITH_KNOTS('',3,1,((#9585,#9586),(#9587,#9588),(#9589,
#9590),(#9591,#9592)),.SURF_OF_LINEAR_EXTRUSION.,.F.,.F.,.F.,(4,4),(2,2),
(0.822717203851098,0.862743427891687),(0.,1.),.PIECEWISE_BEZIER_KNOTS.);
#1960=B_SPLINE_SURFACE_WITH_KNOTS('',3,1,((#9603,#9604),(#9605,#9606),(#9607,
#9608),(#9609,#9610)),.SURF_OF_LINEAR_EXTRUSION.,.F.,.F.,.F.,(4,4),(2,2),
(0.546117761054467,0.570586099285423),(0.,1.),.PIECEWISE_BEZIER_KNOTS.);
#1961=B_SPLINE_SURFACE_WITH_KNOTS('',3,1,((#9628,#9629),(#9630,#9631),(#9632,
#9633),(#9634,#9635)),.SURF_OF_LINEAR_EXTRUSION.,.F.,.F.,.F.,(4,4),(2,2),
(0.546154559075015,0.57058609928543),(0.,1.),.PIECEWISE_BEZIER_KNOTS.);
#1962=B_SPLINE_SURFACE_WITH_KNOTS('',3,3,((#9653,#9654,#9655,#9656,#9657,
#9658,#9659,#9660,#9661,#9662,#9663,#9664,#9665,#9666,#9667,#9668,#9669,
#9670,#9671,#9672,#9673,#9674,#9675,#9676,#9677,#9678,#9679,#9680,#9681,
#9682,#9683,#9684,#9685,#9686,#9687,#9688,#9689,#9690,#9691,#9692,#9693,
#9694),(#9695,#9696,#9697,#9698,#9699,#9700,#9701,#9702,#9703,#9704,#9705,
#9706,#9707,#9708,#9709,#9710,#9711,#9712,#9713,#9714,#9715,#9716,#9717,
#9718,#9719,#9720,#9721,#9722,#9723,#9724,#9725,#9726,#9727,#9728,#9729,
#9730,#9731,#9732,#9733,#9734,#9735,#9736),(#9737,#9738,#9739,#9740,#9741,
#9742,#9743,#9744,#9745,#9746,#9747,#9748,#9749,#9750,#9751,#9752,#9753,
#9754,#9755,#9756,#9757,#9758,#9759,#9760,#9761,#9762,#9763,#9764,#9765,
#9766,#9767,#9768,#9769,#9770,#9771,#9772,#9773,#9774,#9775,#9776,#9777,
#9778),(#9779,#9780,#9781,#9782,#9783,#9784,#9785,#9786,#9787,#9788,#9789,
#9790,#9791,#9792,#9793,#9794,#9795,#9796,#9797,#9798,#9799,#9800,#9801,
#9802,#9803,#9804,#9805,#9806,#9807,#9808,#9809,#9810,#9811,#9812,#9813,
#9814,#9815,#9816,#9817,#9818,#9819,#9820),(#9821,#9822,#9823,#9824,#9825,
#9826,#9827,#9828,#9829,#9830,#9831,#9832,#9833,#9834,#9835,#9836,#9837,
#9838,#9839,#9840,#9841,#9842,#9843,#9844,#9845,#9846,#9847,#9848,#9849,
#9850,#9851,#9852,#9853,#9854,#9855,#9856,#9857,#9858,#9859,#9860,#9861,
#9862),(#9863,#9864,#9865,#9866,#9867,#9868,#9869,#9870,#9871,#9872,#9873,
#9874,#9875,#9876,#9877,#9878,#9879,#9880,#9881,#9882,#9883,#9884,#9885,
#9886,#9887,#9888,#9889,#9890,#9891,#9892,#9893,#9894,#9895,#9896,#9897,
#9898,#9899,#9900,#9901,#9902,#9903,#9904),(#9905,#9906,#9907,#9908,#9909,
#9910,#9911,#9912,#9913,#9914,#9915,#9916,#9917,#9918,#9919,#9920,#9921,
#9922,#9923,#9924,#9925,#9926,#9927,#9928,#9929,#9930,#9931,#9932,#9933,
#9934,#9935,#9936,#9937,#9938,#9939,#9940,#9941,#9942,#9943,#9944,#9945,
#9946),(#9947,#9948,#9949,#9950,#9951,#9952,#9953,#9954,#9955,#9956,#9957,
#9958,#9959,#9960,#9961,#9962,#9963,#9964,#9965,#9966,#9967,#9968,#9969,
#9970,#9971,#9972,#9973,#9974,#9975,#9976,#9977,#9978,#9979,#9980,#9981,
#9982,#9983,#9984,#9985,#9986,#9987,#9988),(#9989,#9990,#9991,#9992,#9993,
#9994,#9995,#9996,#9997,#9998,#9999,#10000,#10001,#10002,#10003,#10004,
#10005,#10006,#10007,#10008,#10009,#10010,#10011,#10012,#10013,#10014,#10015,
#10016,#10017,#10018,#10019,#10020,#10021,#10022,#10023,#10024,#10025,#10026,
#10027,#10028,#10029,#10030),(#10031,#10032,#10033,#10034,#10035,#10036,
#10037,#10038,#10039,#10040,#10041,#10042,#10043,#10044,#10045,#10046,#10047,
#10048,#10049,#10050,#10051,#10052,#10053,#10054,#10055,#10056,#10057,#10058,
#10059,#10060,#10061,#10062,#10063,#10064,#10065,#10066,#10067,#10068,#10069,
#10070,#10071,#10072),(#10073,#10074,#10075,#10076,#10077,#10078,#10079,
#10080,#10081,#10082,#10083,#10084,#10085,#10086,#10087,#10088,#10089,#10090,
#10091,#10092,#10093,#10094,#10095,#10096,#10097,#10098,#10099,#10100,#10101,
#10102,#10103,#10104,#10105,#10106,#10107,#10108,#10109,#10110,#10111,#10112,
#10113,#10114),(#10115,#10116,#10117,#10118,#10119,#10120,#10121,#10122,
#10123,#10124,#10125,#10126,#10127,#10128,#10129,#10130,#10131,#10132,#10133,
#10134,#10135,#10136,#10137,#10138,#10139,#10140,#10141,#10142,#10143,#10144,
#10145,#10146,#10147,#10148,#10149,#10150,#10151,#10152,#10153,#10154,#10155,
#10156),(#10157,#10158,#10159,#10160,#10161,#10162,#10163,#10164,#10165,
#10166,#10167,#10168,#10169,#10170,#10171,#10172,#10173,#10174,#10175,#10176,
#10177,#10178,#10179,#10180,#10181,#10182,#10183,#10184,#10185,#10186,#10187,
#10188,#10189,#10190,#10191,#10192,#10193,#10194,#10195,#10196,#10197,#10198),
(#10199,#10200,#10201,#10202,#10203,#10204,#10205,#10206,#10207,#10208,
#10209,#10210,#10211,#10212,#10213,#10214,#10215,#10216,#10217,#10218,#10219,
#10220,#10221,#10222,#10223,#10224,#10225,#10226,#10227,#10228,#10229,#10230,
#10231,#10232,#10233,#10234,#10235,#10236,#10237,#10238,#10239,#10240),
(#10241,#10242,#10243,#10244,#10245,#10246,#10247,#10248,#10249,#10250,
#10251,#10252,#10253,#10254,#10255,#10256,#10257,#10258,#10259,#10260,#10261,
#10262,#10263,#10264,#10265,#10266,#10267,#10268,#10269,#10270,#10271,#10272,
#10273,#10274,#10275,#10276,#10277,#10278,#10279,#10280,#10281,#10282),
(#10283,#10284,#10285,#10286,#10287,#10288,#10289,#10290,#10291,#10292,
#10293,#10294,#10295,#10296,#10297,#10298,#10299,#10300,#10301,#10302,#10303,
#10304,#10305,#10306,#10307,#10308,#10309,#10310,#10311,#10312,#10313,#10314,
#10315,#10316,#10317,#10318,#10319,#10320,#10321,#10322,#10323,#10324),
(#10325,#10326,#10327,#10328,#10329,#10330,#10331,#10332,#10333,#10334,
#10335,#10336,#10337,#10338,#10339,#10340,#10341,#10342,#10343,#10344,#10345,
#10346,#10347,#10348,#10349,#10350,#10351,#10352,#10353,#10354,#10355,#10356,
#10357,#10358,#10359,#10360,#10361,#10362,#10363,#10364,#10365,#10366),
(#10367,#10368,#10369,#10370,#10371,#10372,#10373,#10374,#10375,#10376,
#10377,#10378,#10379,#10380,#10381,#10382,#10383,#10384,#10385,#10386,#10387,
#10388,#10389,#10390,#10391,#10392,#10393,#10394,#10395,#10396,#10397,#10398,
#10399,#10400,#10401,#10402,#10403,#10404,#10405,#10406,#10407,#10408),
(#10409,#10410,#10411,#10412,#10413,#10414,#10415,#10416,#10417,#10418,
#10419,#10420,#10421,#10422,#10423,#10424,#10425,#10426,#10427,#10428,#10429,
#10430,#10431,#10432,#10433,#10434,#10435,#10436,#10437,#10438,#10439,#10440,
#10441,#10442,#10443,#10444,#10445,#10446,#10447,#10448,#10449,#10450),
(#10451,#10452,#10453,#10454,#10455,#10456,#10457,#10458,#10459,#10460,
#10461,#10462,#10463,#10464,#10465,#10466,#10467,#10468,#10469,#10470,#10471,
#10472,#10473,#10474,#10475,#10476,#10477,#10478,#10479,#10480,#10481,#10482,
#10483,#10484,#10485,#10486,#10487,#10488,#10489,#10490,#10491,#10492),
(#10493,#10494,#10495,#10496,#10497,#10498,#10499,#10500,#10501,#10502,
#10503,#10504,#10505,#10506,#10507,#10508,#10509,#10510,#10511,#10512,#10513,
#10514,#10515,#10516,#10517,#10518,#10519,#10520,#10521,#10522,#10523,#10524,
#10525,#10526,#10527,#10528,#10529,#10530,#10531,#10532,#10533,#10534),
(#10535,#10536,#10537,#10538,#10539,#10540,#10541,#10542,#10543,#10544,
#10545,#10546,#10547,#10548,#10549,#10550,#10551,#10552,#10553,#10554,#10555,
#10556,#10557,#10558,#10559,#10560,#10561,#10562,#10563,#10564,#10565,#10566,
#10567,#10568,#10569,#10570,#10571,#10572,#10573,#10574,#10575,#10576),
(#10577,#10578,#10579,#10580,#10581,#10582,#10583,#10584,#10585,#10586,
#10587,#10588,#10589,#10590,#10591,#10592,#10593,#10594,#10595,#10596,#10597,
#10598,#10599,#10600,#10601,#10602,#10603,#10604,#10605,#10606,#10607,#10608,
#10609,#10610,#10611,#10612,#10613,#10614,#10615,#10616,#10617,#10618),
(#10619,#10620,#10621,#10622,#10623,#10624,#10625,#10626,#10627,#10628,
#10629,#10630,#10631,#10632,#10633,#10634,#10635,#10636,#10637,#10638,#10639,
#10640,#10641,#10642,#10643,#10644,#10645,#10646,#10647,#10648,#10649,#10650,
#10651,#10652,#10653,#10654,#10655,#10656,#10657,#10658,#10659,#10660),
(#10661,#10662,#10663,#10664,#10665,#10666,#10667,#10668,#10669,#10670,
#10671,#10672,#10673,#10674,#10675,#10676,#10677,#10678,#10679,#10680,#10681,
#10682,#10683,#10684,#10685,#10686,#10687,#10688,#10689,#10690,#10691,#10692,
#10693,#10694,#10695,#10696,#10697,#10698,#10699,#10700,#10701,#10702),
(#10703,#10704,#10705,#10706,#10707,#10708,#10709,#10710,#10711,#10712,
#10713,#10714,#10715,#10716,#10717,#10718,#10719,#10720,#10721,#10722,#10723,
#10724,#10725,#10726,#10727,#10728,#10729,#10730,#10731,#10732,#10733,#10734,
#10735,#10736,#10737,#10738,#10739,#10740,#10741,#10742,#10743,#10744),
(#10745,#10746,#10747,#10748,#10749,#10750,#10751,#10752,#10753,#10754,
#10755,#10756,#10757,#10758,#10759,#10760,#10761,#10762,#10763,#10764,#10765,
#10766,#10767,#10768,#10769,#10770,#10771,#10772,#10773,#10774,#10775,#10776,
#10777,#10778,#10779,#10780,#10781,#10782,#10783,#10784,#10785,#10786),
(#10787,#10788,#10789,#10790,#10791,#10792,#10793,#10794,#10795,#10796,
#10797,#10798,#10799,#10800,#10801,#10802,#10803,#10804,#10805,#10806,#10807,
#10808,#10809,#10810,#10811,#10812,#10813,#10814,#10815,#10816,#10817,#10818,
#10819,#10820,#10821,#10822,#10823,#10824,#10825,#10826,#10827,#10828)),
 .UNSPECIFIED.,.F.,.F.,.F.,(4,2,2,2,2,2,2,2,2,2,2,2,2,4),(4,2,2,2,2,2,2,
2,2,2,2,2,2,2,2,2,2,2,2,2,4),(0.,0.063125,0.12625,0.189375,0.2525,0.37875,
0.505,0.568125,0.63125,0.7575,0.820625,0.88375,0.946875,1.00615292067374),
(0.163366645567906,0.163505542202797,0.163608037222742,0.163710532242687,
0.163813027262632,0.163915522282577,0.164120512322467,0.164325502362357,
0.164735482442138,0.165555442601698,0.16719536292082,0.168835283239941,
0.172115123878184,0.175394964516426,0.178674805154669,0.181954645792912,
0.185234486431154,0.19179416770764,0.198353848984125,0.204913530260611,
0.2071000996036),.UNSPECIFIED.);
#1963=B_SPLINE_SURFACE_WITH_KNOTS('',3,1,((#10845,#10846),(#10847,#10848),
(#10849,#10850),(#10851,#10852),(#10853,#10854),(#10855,#10856),(#10857,
#10858),(#10859,#10860)),.SURF_OF_LINEAR_EXTRUSION.,.F.,.F.,.F.,(4,1,1,
1,1,4),(2,2),(0.0629267464599722,0.134975052734566,0.207023359009159,0.243047512146456,
0.279071665283753,0.351119971558346),(0.,1.),.UNSPECIFIED.);
#1964=B_SPLINE_SURFACE_WITH_KNOTS('',3,1,((#10871,#10872),(#10873,#10874),
(#10875,#10876),(#10877,#10878)),.SURF_OF_LINEAR_EXTRUSION.,.F.,.F.,.F.,
(4,4),(2,2),(0.546521281766492,0.567300997639409),(0.,1.),
 .PIECEWISE_BEZIER_KNOTS.);
#1965=B_SPLINE_SURFACE_WITH_KNOTS('',3,1,((#10929,#10930),(#10931,#10932),
(#10933,#10934),(#10935,#10936),(#10937,#10938)),
 .SURF_OF_LINEAR_EXTRUSION.,.F.,.F.,.F.,(4,1,4),(2,2),(0.,0.265153736205936,
0.530307472411872),(0.,1.),.UNSPECIFIED.);
#1966=B_SPLINE_SURFACE_WITH_KNOTS('',3,1,((#10945,#10946),(#10947,#10948),
(#10949,#10950),(#10951,#10952),(#10953,#10954),(#10955,#10956),(#10957,
#10958),(#10959,#10960),(#10961,#10962),(#10963,#10964),(#10965,#10966),
(#10967,#10968),(#10969,#10970),(#10971,#10972),(#10973,#10974),(#10975,
#10976),(#10977,#10978),(#10979,#10980),(#10981,#10982),(#10983,#10984),
(#10985,#10986),(#10987,#10988),(#10989,#10990),(#10991,#10992),(#10993,
#10994),(#10995,#10996),(#10997,#10998)),.SURF_OF_LINEAR_EXTRUSION.,.F.,
 .F.,.F.,(4,1,1,1,1,1,1,1,1,1,1,1,1,1,1,1,1,1,1,1,1,1,1,1,4),(2,2),(0.178105723863199,
0.229474116121749,0.280842508380299,0.332210900638849,0.383579292897399,
0.409263489026674,0.43494768515595,0.4863160774145,0.512000273543775,0.53768446967305,
0.563368665802325,0.5890528619316,0.64042125419015,0.6917896464487,0.74315803870725,
0.768842234836525,0.7945264309658,0.820210627095075,0.84589482322435,0.871579019353625,
0.8972632154829,0.922947411612175,0.94863160774145,0.974315803870725,1.),
(0.,1.),.UNSPECIFIED.);
#1967=B_SPLINE_SURFACE_WITH_KNOTS('',3,1,((#11000,#11001),(#11002,#11003),
(#11004,#11005),(#11006,#11007),(#11008,#11009)),
 .SURF_OF_LINEAR_EXTRUSION.,.F.,.F.,.F.,(4,1,4),(2,2),(0.,0.265153736205937,
0.530307472411873),(0.,1.),.UNSPECIFIED.);
#1968=B_SPLINE_SURFACE_WITH_KNOTS('',3,1,((#11010,#11011),(#11012,#11013),
(#11014,#11015),(#11016,#11017),(#11018,#11019),(#11020,#11021),(#11022,
#11023),(#11024,#11025)),.SURF_OF_LINEAR_EXTRUSION.,.F.,.F.,.F.,(4,1,1,
1,1,4),(2,2),(0.0524136062465853,0.127082983936809,0.201752361627032,0.239087050472143,
0.276421739317255,0.351091117007478),(0.,1.),.UNSPECIFIED.);
#1969=B_SPLINE_SURFACE_WITH_KNOTS('',3,3,((#11033,#11034,#11035,#11036,
#11037,#11038,#11039,#11040,#11041,#11042,#11043,#11044,#11045,#11046,#11047,
#11048,#11049,#11050,#11051),(#11052,#11053,#11054,#11055,#11056,#11057,
#11058,#11059,#11060,#11061,#11062,#11063,#11064,#11065,#11066,#11067,#11068,
#11069,#11070),(#11071,#11072,#11073,#11074,#11075,#11076,#11077,#11078,
#11079,#11080,#11081,#11082,#11083,#11084,#11085,#11086,#11087,#11088,#11089),
(#11090,#11091,#11092,#11093,#11094,#11095,#11096,#11097,#11098,#11099,
#11100,#11101,#11102,#11103,#11104,#11105,#11106,#11107,#11108),(#11109,
#11110,#11111,#11112,#11113,#11114,#11115,#11116,#11117,#11118,#11119,#11120,
#11121,#11122,#11123,#11124,#11125,#11126,#11127),(#11128,#11129,#11130,
#11131,#11132,#11133,#11134,#11135,#11136,#11137,#11138,#11139,#11140,#11141,
#11142,#11143,#11144,#11145,#11146),(#11147,#11148,#11149,#11150,#11151,
#11152,#11153,#11154,#11155,#11156,#11157,#11158,#11159,#11160,#11161,#11162,
#11163,#11164,#11165),(#11166,#11167,#11168,#11169,#11170,#11171,#11172,
#11173,#11174,#11175,#11176,#11177,#11178,#11179,#11180,#11181,#11182,#11183,
#11184),(#11185,#11186,#11187,#11188,#11189,#11190,#11191,#11192,#11193,
#11194,#11195,#11196,#11197,#11198,#11199,#11200,#11201,#11202,#11203),
(#11204,#11205,#11206,#11207,#11208,#11209,#11210,#11211,#11212,#11213,
#11214,#11215,#11216,#11217,#11218,#11219,#11220,#11221,#11222),(#11223,
#11224,#11225,#11226,#11227,#11228,#11229,#11230,#11231,#11232,#11233,#11234,
#11235,#11236,#11237,#11238,#11239,#11240,#11241),(#11242,#11243,#11244,
#11245,#11246,#11247,#11248,#11249,#11250,#11251,#11252,#11253,#11254,#11255,
#11256,#11257,#11258,#11259,#11260)),.UNSPECIFIED.,.F.,.F.,.F.,(4,1,1,1,
1,1,1,1,1,4),(4,1,1,1,1,1,1,1,1,1,1,1,1,1,1,1,4),(0.,0.146729426401149,
0.251536159544827,0.377304239317241,0.503072319089654,0.628840398862068,
0.733647132005746,0.817492518520689,0.880376558406895,1.00614463817931),
(0.163160200626638,0.163423441908224,0.163555062549017,0.16368668318981,
0.163818303830603,0.163993798018327,0.164300912846844,0.164739648316154,
0.16544162506705,0.16631909600567,0.167723049507462,0.169477991384701,0.172285898388285,
0.175795782142765,0.181411596149933,0.1870274101571,0.196855084669644),
 .UNSPECIFIED.);
#1970=B_SPLINE_SURFACE_WITH_KNOTS('',3,1,((#11276,#11277),(#11278,#11279),
(#11280,#11281),(#11282,#11283)),.SURF_OF_LINEAR_EXTRUSION.,.F.,.F.,.F.,
(4,4),(2,2),(0.82271720385045,0.862743427891895),(0.,1.),
 .PIECEWISE_BEZIER_KNOTS.);
#1971=B_SPLINE_SURFACE_WITH_KNOTS('',3,1,((#11284,#11285),(#11286,#11287),
(#11288,#11289),(#11290,#11291)),.SURF_OF_LINEAR_EXTRUSION.,.F.,.F.,.F.,
(4,4),(2,2),(0.822717203850421,0.862743427891962),(0.,1.),
 .PIECEWISE_BEZIER_KNOTS.);
#1972=B_SPLINE_SURFACE_WITH_KNOTS('',3,1,((#11292,#11293),(#11294,#11295),
(#11296,#11297),(#11298,#11299),(#11300,#11301),(#11302,#11303),(#11304,
#11305),(#11306,#11307),(#11308,#11309),(#11310,#11311),(#11312,#11313),
(#11314,#11315),(#11316,#11317),(#11318,#11319),(#11320,#11321),(#11322,
#11323),(#11324,#11325),(#11326,#11327),(#11328,#11329),(#11330,#11331),
(#11332,#11333),(#11334,#11335),(#11336,#11337)),
 .SURF_OF_LINEAR_EXTRUSION.,.F.,.F.,.F.,(4,1,1,1,1,1,1,1,1,1,1,1,1,1,1,
1,1,1,1,1,4),(2,2),(0.194460004960225,0.22747294147303,0.260485877985835,
0.29349881449864,0.326511751011445,0.35952468752425,0.392537624037055,0.409044092293457,
0.425550560549859,0.442057028806262,0.458563497062664,0.475069965319067,
0.491576433575469,0.508082901831872,0.524589370088274,0.557602306601079,
0.590615243113884,0.623628179626689,0.656641116139494,0.689654052652299,
0.722666989165104),(0.,1.),.UNSPECIFIED.);
#1973=B_SPLINE_SURFACE_WITH_KNOTS('',3,1,((#11340,#11341),(#11342,#11343),
(#11344,#11345),(#11346,#11347),(#11348,#11349),(#11350,#11351),(#11352,
#11353),(#11354,#11355),(#11356,#11357),(#11358,#11359),(#11360,#11361),
(#11362,#11363),(#11364,#11365),(#11366,#11367),(#11368,#11369),(#11370,
#11371),(#11372,#11373),(#11374,#11375),(#11376,#11377),(#11378,#11379)),
 .SURF_OF_LINEAR_EXTRUSION.,.F.,.F.,.F.,(4,1,1,1,1,1,1,1,1,1,1,1,1,1,1,
1,1,4),(2,2),(0.796138621142712,0.807711849100297,0.819285077057881,0.830858305015466,
0.842431532973051,0.848218146951843,0.854004760930636,0.859791374909428,
0.86557798888822,0.877151216845805,0.88872444480339,0.900297672760975,0.906084286739767,
0.911870900718559,0.923444128676144,0.935017356633729,0.958163812548898,
0.981310268464068),(0.,1.),.UNSPECIFIED.);
#1974=B_SPLINE_SURFACE_WITH_KNOTS('',3,1,((#11380,#11381),(#11382,#11383),
(#11384,#11385),(#11386,#11387),(#11388,#11389),(#11390,#11391),(#11392,
#11393),(#11394,#11395),(#11396,#11397),(#11398,#11399),(#11400,#11401),
(#11402,#11403),(#11404,#11405),(#11406,#11407),(#11408,#11409),(#11410,
#11411),(#11412,#11413),(#11414,#11415),(#11416,#11417),(#11418,#11419)),
 .SURF_OF_LINEAR_EXTRUSION.,.F.,.F.,.F.,(4,1,1,1,1,1,1,1,1,1,1,1,1,1,1,
1,1,4),(2,2),(0.796138621142713,0.807711849100298,0.819285077057882,0.830858305015467,
0.842431532973052,0.848218146951844,0.854004760930636,0.859791374909429,
0.865577988888221,0.877151216845806,0.888724444803391,0.900297672760975,
0.906084286739768,0.91187090071856,0.923444128676145,0.935017356633729,
0.958163812548899,0.981310268464068),(0.,1.),.UNSPECIFIED.);
#1975=B_SPLINE_SURFACE_WITH_KNOTS('',5,1,((#11507,#11508),(#11509,#11510),
(#11511,#11512),(#11513,#11514),(#11515,#11516),(#11517,#11518),(#11519,
#11520),(#11521,#11522)),.SURF_OF_LINEAR_EXTRUSION.,.F.,.F.,.F.,(6,2,6),
(2,2),(0.,0.5,1.),(0.,1.),.UNSPECIFIED.);
#1976=B_SPLINE_SURFACE_WITH_KNOTS('',5,1,((#11527,#11528),(#11529,#11530),
(#11531,#11532),(#11533,#11534),(#11535,#11536),(#11537,#11538),(#11539,
#11540),(#11541,#11542)),.SURF_OF_LINEAR_EXTRUSION.,.F.,.F.,.F.,(6,2,6),
(2,2),(0.,0.5,1.),(0.,1.),.UNSPECIFIED.);
#1977=B_SPLINE_SURFACE_WITH_KNOTS('',5,1,((#11543,#11544),(#11545,#11546),
(#11547,#11548),(#11549,#11550),(#11551,#11552),(#11553,#11554),(#11555,
#11556),(#11557,#11558)),.SURF_OF_LINEAR_EXTRUSION.,.F.,.F.,.F.,(6,2,6),
(2,2),(0.,0.5,1.),(0.,1.),.UNSPECIFIED.);
#1978=B_SPLINE_SURFACE_WITH_KNOTS('',5,1,((#11563,#11564),(#11565,#11566),
(#11567,#11568),(#11569,#11570),(#11571,#11572),(#11573,#11574),(#11575,
#11576),(#11577,#11578)),.SURF_OF_LINEAR_EXTRUSION.,.F.,.F.,.F.,(6,2,6),
(2,2),(0.,0.5,1.),(0.,1.),.UNSPECIFIED.);
#1979=ADVANCED_FACE('',(#1771),#1931,.T.);
#1980=ADVANCED_FACE('',(#1772),#1932,.F.);
#1981=ADVANCED_FACE('',(#1773,#1774),#1933,.T.);
#1982=ADVANCED_FACE('',(#1775),#1934,.T.);
#1983=ADVANCED_FACE('',(#1776,#1777),#1935,.F.);
#1984=ADVANCED_FACE('',(#1778),#1936,.T.);
#1985=ADVANCED_FACE('',(#1779),#1937,.F.);
#1986=ADVANCED_FACE('',(#1780),#1938,.F.);
#1987=ADVANCED_FACE('',(#1781,#1782,#1783,#1784,#1785),#105,.T.);
#1988=ADVANCED_FACE('',(#1786,#1787),#106,.T.);
#1989=ADVANCED_FACE('',(#1788),#1939,.T.);
#1990=ADVANCED_FACE('',(#1789),#1940,.F.);
#1991=ADVANCED_FACE('',(#1790),#1941,.F.);
#1992=ADVANCED_FACE('',(#1791),#1942,.F.);
#1993=ADVANCED_FACE('',(#1792),#1943,.F.);
#1994=ADVANCED_FACE('',(#1793),#1944,.T.);
#1995=ADVANCED_FACE('',(#1794),#1945,.T.);
#1996=ADVANCED_FACE('',(#1795),#1946,.F.);
#1997=ADVANCED_FACE('',(#1796),#1947,.F.);
#1998=ADVANCED_FACE('',(#1797),#1948,.F.);
#1999=ADVANCED_FACE('',(#1798),#1949,.F.);
#2000=ADVANCED_FACE('',(#1799),#1950,.T.);
#2001=ADVANCED_FACE('',(#1800),#1951,.T.);
#2002=ADVANCED_FACE('',(#1801),#1952,.T.);
#2003=ADVANCED_FACE('',(#1802,#1803),#1953,.T.);
#2004=ADVANCED_FACE('',(#1804),#1954,.F.);
#2005=ADVANCED_FACE('',(#1805),#1955,.T.);
#2006=ADVANCED_FACE('',(#1806),#1956,.T.);
#2007=ADVANCED_FACE('',(#1807),#1957,.T.);
#2008=ADVANCED_FACE('',(#1808,#1809,#1810,#1811,#1812,#1813,#1814,#1815,
#1816,#1817),#107,.F.);
#2009=ADVANCED_FACE('',(#1818,#1819,#1820,#1821,#1822),#108,.T.);
#2010=ADVANCED_FACE('',(#1823),#1958,.F.);
#2011=ADVANCED_FACE('',(#1824),#1959,.T.);
#2012=ADVANCED_FACE('',(#1825),#16,.F.);
#2013=ADVANCED_FACE('',(#1826),#1960,.F.);
#2014=ADVANCED_FACE('',(#1827),#1961,.T.);
#2015=ADVANCED_FACE('',(#1828),#1962,.T.);
#2016=ADVANCED_FACE('',(#1829),#1963,.F.);
#2017=ADVANCED_FACE('',(#1830),#1964,.F.);
#2018=ADVANCED_FACE('',(#1831),#109,.F.);
#2019=ADVANCED_FACE('',(#1832),#110,.F.);
#2020=ADVANCED_FACE('',(#1833),#17,.F.);
#2021=ADVANCED_FACE('',(#1834),#1965,.T.);
#2022=ADVANCED_FACE('',(#1835),#18,.F.);
#2023=ADVANCED_FACE('',(#1836),#1966,.T.);
#2024=ADVANCED_FACE('',(#1837),#1967,.F.);
#2025=ADVANCED_FACE('',(#1838),#1968,.T.);
#2026=ADVANCED_FACE('',(#1839),#1969,.F.);
#2027=ADVANCED_FACE('',(#1840),#1970,.T.);
#2028=ADVANCED_FACE('',(#1841),#1971,.F.);
#2029=ADVANCED_FACE('',(#1842),#1972,.F.);
#2030=ADVANCED_FACE('',(#1843),#1973,.F.);
#2031=ADVANCED_FACE('',(#1844),#1974,.T.);
#2032=ADVANCED_FACE('',(#1845,#1846),#19,.F.);
#2033=ADVANCED_FACE('',(#1847),#111,.T.);
#2034=ADVANCED_FACE('',(#1848,#1849),#20,.F.);
#2035=ADVANCED_FACE('',(#1850),#112,.T.);
#2036=ADVANCED_FACE('',(#1851,#1852),#21,.F.);
#2037=ADVANCED_FACE('',(#1853),#113,.T.);
#2038=ADVANCED_FACE('',(#1854,#1855),#22,.F.);
#2039=ADVANCED_FACE('',(#1856),#114,.T.);
#2040=ADVANCED_FACE('',(#1857,#1858),#23,.F.);
#2041=ADVANCED_FACE('',(#1859),#115,.T.);
#2042=ADVANCED_FACE('',(#1860,#1861),#24,.F.);
#2043=ADVANCED_FACE('',(#1862),#116,.T.);
#2044=ADVANCED_FACE('',(#1863,#1864),#25,.F.);
#2045=ADVANCED_FACE('',(#1865),#117,.T.);
#2046=ADVANCED_FACE('',(#1866,#1867),#26,.F.);
#2047=ADVANCED_FACE('',(#1868),#118,.T.);
#2048=ADVANCED_FACE('',(#1869),#119,.T.);
#2049=ADVANCED_FACE('',(#1870,#1871),#27,.F.);
#2050=ADVANCED_FACE('',(#1872,#1873),#28,.F.);
#2051=ADVANCED_FACE('',(#1874),#120,.F.);
#2052=ADVANCED_FACE('',(#1875,#1876),#29,.F.);
#2053=ADVANCED_FACE('',(#1877),#121,.F.);
#2054=ADVANCED_FACE('',(#1878,#1879),#30,.F.);
#2055=ADVANCED_FACE('',(#1880),#122,.F.);
#2056=ADVANCED_FACE('',(#1881),#123,.F.);
#2057=ADVANCED_FACE('',(#1882,#1883),#31,.F.);
#2058=ADVANCED_FACE('',(#1884,#1885),#32,.F.);
#2059=ADVANCED_FACE('',(#1886),#124,.F.);
#2060=ADVANCED_FACE('',(#1887,#1888),#33,.F.);
#2061=ADVANCED_FACE('',(#1889),#125,.F.);
#2062=ADVANCED_FACE('',(#1890,#1891),#34,.F.);
#2063=ADVANCED_FACE('',(#1892),#126,.F.);
#2064=ADVANCED_FACE('',(#1893,#1894),#35,.F.);
#2065=ADVANCED_FACE('',(#1895),#127,.F.);
#2066=ADVANCED_FACE('',(#1896,#1897),#36,.F.);
#2067=ADVANCED_FACE('',(#1898),#128,.F.);
#2068=ADVANCED_FACE('',(#1899),#129,.F.);
#2069=ADVANCED_FACE('',(#1900),#130,.T.);
#2070=ADVANCED_FACE('',(#1901),#131,.F.);
#2071=ADVANCED_FACE('',(#1902),#132,.T.);
#2072=ADVANCED_FACE('',(#1903),#1975,.F.);
#2073=ADVANCED_FACE('',(#1904),#1976,.F.);
#2074=ADVANCED_FACE('',(#1905),#1977,.F.);
#2075=ADVANCED_FACE('',(#1906),#1978,.F.);
#2076=ADVANCED_FACE('',(#1907),#12,.F.);
#2077=ADVANCED_FACE('',(#1908),#37,.T.);
#2078=ADVANCED_FACE('',(#1909),#38,.F.);
#2079=ADVANCED_FACE('',(#1910),#39,.F.);
#2080=ADVANCED_FACE('',(#1911),#40,.T.);
#2081=ADVANCED_FACE('',(#1912),#13,.F.);
#2082=ADVANCED_FACE('',(#1913),#133,.F.);
#2083=ADVANCED_FACE('',(#1914),#41,.T.);
#2084=ADVANCED_FACE('',(#1915),#14,.F.);
#2085=ADVANCED_FACE('',(#1916),#15,.F.);
#2086=ADVANCED_FACE('',(#1917),#42,.T.);
#2087=ADVANCED_FACE('',(#1918),#43,.F.);
#2088=ADVANCED_FACE('',(#1919),#134,.T.);
#2089=ADVANCED_FACE('',(#1920),#44,.F.);
#2090=ADVANCED_FACE('',(#1921),#135,.T.);
#2091=ADVANCED_FACE('',(#1922),#136,.F.);
#2092=ADVANCED_FACE('',(#1923),#137,.T.);
#2093=ADVANCED_FACE('',(#1924),#138,.T.);
#2094=ADVANCED_FACE('',(#1925),#139,.F.);
#2095=ADVANCED_FACE('',(#1926),#140,.T.);
#2096=ADVANCED_FACE('',(#1927),#141,.T.);
#2097=ADVANCED_FACE('',(#1928),#142,.F.);
#2098=ADVANCED_FACE('',(#1929),#143,.F.);
#2099=ADVANCED_FACE('',(#1930),#144,.F.);
#2100=CLOSED_SHELL('',(#1979,#1980,#1981,#1982,#1983,#1984,#1985,#1986,
#1987,#1988,#1989,#1990,#1991,#1992,#1993,#1994,#1995,#1996,#1997,#1998,
#1999,#2000,#2001,#2002,#2003,#2004,#2005,#2006,#2007,#2008,#2009,#2010,
#2011,#2012,#2013,#2014,#2015,#2016,#2017,#2018,#2019,#2020,#2021,#2022,
#2023,#2024,#2025,#2026,#2027,#2028,#2029,#2030,#2031,#2032,#2033,#2034,
#2035,#2036,#2037,#2038,#2039,#2040,#2041,#2042,#2043,#2044,#2045,#2046,
#2047,#2048,#2049,#2050,#2051,#2052,#2053,#2054,#2055,#2056,#2057,#2058,
#2059,#2060,#2061,#2062,#2063,#2064,#2065,#2066,#2067,#2068,#2069,#2070,
#2071,#2072,#2073,#2074,#2075,#2076,#2077,#2078,#2079,#2080,#2081,#2082,
#2083,#2084,#2085,#2086,#2087,#2088,#2089,#2090,#2091,#2092,#2093,#2094,
#2095,#2096,#2097,#2098,#2099));
#2101=STYLED_ITEM('',(#2102),#2109);
#2102=PRESENTATION_STYLE_ASSIGNMENT((#2103));
#2103=SURFACE_STYLE_USAGE(.BOTH.,#2104);
#2104=SURFACE_SIDE_STYLE('',(#2105));
#2105=SURFACE_STYLE_FILL_AREA(#2106);
#2106=FILL_AREA_STYLE('',(#2107));
#2107=FILL_AREA_STYLE_COLOUR('',#2108);
#2108=COLOUR_RGB('',0.917647058823529,0.917647058823529,0.917647058823529);
#2109=MANIFOLD_SOLID_BREP('Part 53',#2100);
#2110=SHAPE_DEFINITION_REPRESENTATION(#11641,#2111);
#2111=SHAPE_REPRESENTATION('Part 53',(#2112),#11636);
#2112=AXIS2_PLACEMENT_3D('',#2605,#2246,#2247);
#2113=AXIS2_PLACEMENT_3D('',#3071,#2266,#2267);
#2114=AXIS2_PLACEMENT_3D('',#3182,#2278,#2279);
#2115=AXIS2_PLACEMENT_3D('',#3184,#2280,#2281);
#2116=AXIS2_PLACEMENT_3D('',#3186,#2282,#2283);
#2117=AXIS2_PLACEMENT_3D('',#3188,#2284,#2285);
#2118=AXIS2_PLACEMENT_3D('',#3190,#2286,#2287);
#2119=AXIS2_PLACEMENT_3D('',#3199,#2292,#2293);
#2120=AXIS2_PLACEMENT_3D('',#9333,#2308,#2309);
#2121=AXIS2_PLACEMENT_3D('',#9458,#2322,#2323);
#2122=AXIS2_PLACEMENT_3D('',#9460,#2324,#2325);
#2123=AXIS2_PLACEMENT_3D('',#9462,#2326,#2327);
#2124=AXIS2_PLACEMENT_3D('',#9464,#2328,#2329);
#2125=AXIS2_PLACEMENT_3D('',#9466,#2330,#2331);
#2126=AXIS2_PLACEMENT_3D('',#9468,#2332,#2333);
#2127=AXIS2_PLACEMENT_3D('',#9470,#2334,#2335);
#2128=AXIS2_PLACEMENT_3D('',#9472,#2336,#2337);
#2129=AXIS2_PLACEMENT_3D('',#9474,#2338,#2339);
#2130=AXIS2_PLACEMENT_3D('',#9476,#2340,#2341);
#2131=AXIS2_PLACEMENT_3D('',#9569,#2352,#2353);
#2132=AXIS2_PLACEMENT_3D('',#9571,#2354,#2355);
#2133=AXIS2_PLACEMENT_3D('',#9573,#2356,#2357);
#2134=AXIS2_PLACEMENT_3D('',#9575,#2358,#2359);
#2135=AXIS2_PLACEMENT_3D('',#9593,#2360,#2361);
#2136=AXIS2_PLACEMENT_3D('',#10894,#2365,#2366);
#2137=AXIS2_PLACEMENT_3D('',#10896,#2368,#2369);
#2138=AXIS2_PLACEMENT_3D('',#10897,#2370,#2371);
#2139=AXIS2_PLACEMENT_3D('',#10899,#2372,#2373);
#2140=AXIS2_PLACEMENT_3D('',#10903,#2375,#2376);
#2141=AXIS2_PLACEMENT_3D('',#10905,#2377,#2378);
#2142=AXIS2_PLACEMENT_3D('',#10906,#2379,#2380);
#2143=AXIS2_PLACEMENT_3D('',#10907,#2381,#2382);
#2144=AXIS2_PLACEMENT_3D('',#10911,#2384,#2385);
#2145=AXIS2_PLACEMENT_3D('',#10913,#2386,#2387);
#2146=AXIS2_PLACEMENT_3D('',#10914,#2388,#2389);
#2147=AXIS2_PLACEMENT_3D('',#10916,#2391,#2392);
#2148=AXIS2_PLACEMENT_3D('',#10917,#2393,#2394);
#2149=AXIS2_PLACEMENT_3D('',#10919,#2395,#2396);
#2150=AXIS2_PLACEMENT_3D('',#10920,#2397,#2398);
#2151=AXIS2_PLACEMENT_3D('',#10940,#2400,#2401);
#2152=AXIS2_PLACEMENT_3D('',#11420,#2405,#2406);
#2153=AXIS2_PLACEMENT_3D('',#11421,#2407,#2408);
#2154=AXIS2_PLACEMENT_3D('',#11422,#2409,#2410);
#2155=AXIS2_PLACEMENT_3D('',#11423,#2411,#2412);
#2156=AXIS2_PLACEMENT_3D('',#11424,#2413,#2414);
#2157=AXIS2_PLACEMENT_3D('',#11425,#2415,#2416);
#2158=AXIS2_PLACEMENT_3D('',#11426,#2417,#2418);
#2159=AXIS2_PLACEMENT_3D('',#11427,#2419,#2420);
#2160=AXIS2_PLACEMENT_3D('',#11429,#2421,#2422);
#2161=AXIS2_PLACEMENT_3D('',#11430,#2423,#2424);
#2162=AXIS2_PLACEMENT_3D('',#11431,#2425,#2426);
#2163=AXIS2_PLACEMENT_3D('',#11433,#2427,#2428);
#2164=AXIS2_PLACEMENT_3D('',#11434,#2429,#2430);
#2165=AXIS2_PLACEMENT_3D('',#11435,#2431,#2432);
#2166=AXIS2_PLACEMENT_3D('',#11437,#2433,#2434);
#2167=AXIS2_PLACEMENT_3D('',#11438,#2435,#2436);
#2168=AXIS2_PLACEMENT_3D('',#11439,#2437,#2438);
#2169=AXIS2_PLACEMENT_3D('',#11441,#2439,#2440);
#2170=AXIS2_PLACEMENT_3D('',#11442,#2441,#2442);
#2171=AXIS2_PLACEMENT_3D('',#11443,#2443,#2444);
#2172=AXIS2_PLACEMENT_3D('',#11445,#2445,#2446);
#2173=AXIS2_PLACEMENT_3D('',#11446,#2447,#2448);
#2174=AXIS2_PLACEMENT_3D('',#11447,#2449,#2450);
#2175=AXIS2_PLACEMENT_3D('',#11449,#2451,#2452);
#2176=AXIS2_PLACEMENT_3D('',#11450,#2453,#2454);
#2177=AXIS2_PLACEMENT_3D('',#11451,#2455,#2456);
#2178=AXIS2_PLACEMENT_3D('',#11452,#2457,#2458);
#2179=AXIS2_PLACEMENT_3D('',#11453,#2459,#2460);
#2180=AXIS2_PLACEMENT_3D('',#11454,#2461,#2462);
#2181=AXIS2_PLACEMENT_3D('',#11456,#2463,#2464);
#2182=AXIS2_PLACEMENT_3D('',#11457,#2465,#2466);
#2183=AXIS2_PLACEMENT_3D('',#11458,#2467,#2468);
#2184=AXIS2_PLACEMENT_3D('',#11460,#2469,#2470);
#2185=AXIS2_PLACEMENT_3D('',#11461,#2471,#2472);
#2186=AXIS2_PLACEMENT_3D('',#11462,#2473,#2474);
#2187=AXIS2_PLACEMENT_3D('',#11464,#2475,#2476);
#2188=AXIS2_PLACEMENT_3D('',#11465,#2477,#2478);
#2189=AXIS2_PLACEMENT_3D('',#11466,#2479,#2480);
#2190=AXIS2_PLACEMENT_3D('',#11467,#2481,#2482);
#2191=AXIS2_PLACEMENT_3D('',#11468,#2483,#2484);
#2192=AXIS2_PLACEMENT_3D('',#11469,#2485,#2486);
#2193=AXIS2_PLACEMENT_3D('',#11470,#2487,#2488);
#2194=AXIS2_PLACEMENT_3D('',#11471,#2489,#2490);
#2195=AXIS2_PLACEMENT_3D('',#11472,#2491,#2492);
#2196=AXIS2_PLACEMENT_3D('',#11474,#2493,#2494);
#2197=AXIS2_PLACEMENT_3D('',#11475,#2495,#2496);
#2198=AXIS2_PLACEMENT_3D('',#11476,#2497,#2498);
#2199=AXIS2_PLACEMENT_3D('',#11478,#2499,#2500);
#2200=AXIS2_PLACEMENT_3D('',#11479,#2501,#2502);
#2201=AXIS2_PLACEMENT_3D('',#11480,#2503,#2504);
#2202=AXIS2_PLACEMENT_3D('',#11482,#2505,#2506);
#2203=AXIS2_PLACEMENT_3D('',#11483,#2507,#2508);
#2204=AXIS2_PLACEMENT_3D('',#11484,#2509,#2510);
#2205=AXIS2_PLACEMENT_3D('',#11486,#2511,#2512);
#2206=AXIS2_PLACEMENT_3D('',#11487,#2513,#2514);
#2207=AXIS2_PLACEMENT_3D('',#11492,#2515,#2516);
#2208=AXIS2_PLACEMENT_3D('',#11497,#2517,#2518);
#2209=AXIS2_PLACEMENT_3D('',#11502,#2519,#2520);
#2210=AXIS2_PLACEMENT_3D('',#11579,#2521,#2522);
#2211=AXIS2_PLACEMENT_3D('',#11580,#2523,#2524);
#2212=AXIS2_PLACEMENT_3D('',#11581,#2525,#2526);
#2213=AXIS2_PLACEMENT_3D('',#11584,#2528,#2529);
#2214=AXIS2_PLACEMENT_3D('',#11585,#2530,#2531);
#2215=AXIS2_PLACEMENT_3D('',#11588,#2533,#2534);
#2216=AXIS2_PLACEMENT_3D('',#11589,#2535,#2536);
#2217=AXIS2_PLACEMENT_3D('',#11592,#2538,#2539);
#2218=AXIS2_PLACEMENT_3D('',#11595,#2541,#2542);
#2219=AXIS2_PLACEMENT_3D('',#11596,#2543,#2544);
#2220=AXIS2_PLACEMENT_3D('',#11597,#2545,#2546);
#2221=AXIS2_PLACEMENT_3D('',#11598,#2547,#2548);
#2222=AXIS2_PLACEMENT_3D('',#11599,#2549,#2550);
#2223=AXIS2_PLACEMENT_3D('',#11601,#2552,#2553);
#2224=AXIS2_PLACEMENT_3D('',#11602,#2554,#2555);
#2225=AXIS2_PLACEMENT_3D('',#11605,#2557,#2558);
#2226=AXIS2_PLACEMENT_3D('',#11606,#2559,#2560);
#2227=AXIS2_PLACEMENT_3D('',#11607,#2561,#2562);
#2228=AXIS2_PLACEMENT_3D('',#11608,#2563,#2564);
#2229=AXIS2_PLACEMENT_3D('',#11609,#2565,#2566);
#2230=AXIS2_PLACEMENT_3D('',#11612,#2568,#2569);
#2231=AXIS2_PLACEMENT_3D('',#11613,#2570,#2571);
#2232=AXIS2_PLACEMENT_3D('',#11616,#2573,#2574);
#2233=AXIS2_PLACEMENT_3D('',#11617,#2575,#2576);
#2234=AXIS2_PLACEMENT_3D('',#11621,#2579,#2580);
#2235=AXIS2_PLACEMENT_3D('',#11622,#2581,#2582);
#2236=AXIS2_PLACEMENT_3D('',#11623,#2583,#2584);
#2237=AXIS2_PLACEMENT_3D('',#11625,#2586,#2587);
#2238=AXIS2_PLACEMENT_3D('',#11627,#2589,#2590);
#2239=AXIS2_PLACEMENT_3D('',#11628,#2591,#2592);
#2240=AXIS2_PLACEMENT_3D('',#11629,#2593,#2594);
#2241=AXIS2_PLACEMENT_3D('',#11630,#2595,#2596);
#2242=AXIS2_PLACEMENT_3D('',#11631,#2597,#2598);
#2243=AXIS2_PLACEMENT_3D('',#11632,#2599,#2600);
#2244=AXIS2_PLACEMENT_3D('',#11633,#2601,#2602);
#2245=AXIS2_PLACEMENT_3D('',#11634,#2603,#2604);
#2246=DIRECTION('',(0.,0.,1.));
#2247=DIRECTION('',(1.,0.,0.));
#2248=DIRECTION('',(0.,1.,0.));
#2249=DIRECTION('',(0.,1.,0.));
#2250=DIRECTION('',(0.,1.,1.1327950141667E-16));
#2251=DIRECTION('',(0.,1.,1.1327950141667E-16));
#2252=DIRECTION('',(0.,1.,1.1327950141667E-16));
#2253=DIRECTION('',(0.,1.,1.1327950141667E-16));
#2254=DIRECTION('',(0.,1.,1.1327950141667E-16));
#2255=DIRECTION('',(0.,0.,-1.));
#2256=DIRECTION('',(0.,0.,-1.));
#2257=DIRECTION('',(0.,1.,1.1327950141667E-16));
#2258=DIRECTION('',(0.,1.,1.1327950141667E-16));
#2259=DIRECTION('',(0.,1.,1.1327950141667E-16));
#2260=DIRECTION('',(0.,0.,-1.));
#2261=DIRECTION('',(0.,0.,-1.));
#2262=DIRECTION('',(0.,1.,0.));
#2263=DIRECTION('',(0.,1.,0.));
#2264=DIRECTION('',(0.,1.,0.));
#2265=DIRECTION('',(0.,1.,0.));
#2266=DIRECTION('',(0.,0.,1.));
#2267=DIRECTION('',(1.,0.,0.));
#2268=DIRECTION('',(1.,0.,0.));
#2269=DIRECTION('',(1.,0.,0.));
#2270=DIRECTION('',(0.,1.,0.));
#2271=DIRECTION('',(1.,0.,0.));
#2272=DIRECTION('',(1.,0.,0.));
#2273=DIRECTION('',(0.,-1.,0.));
#2274=DIRECTION('',(1.,0.,0.));
#2275=DIRECTION('',(1.,0.,0.));
#2276=DIRECTION('',(1.,0.,0.));
#2277=DIRECTION('',(0.,-1.,0.));
#2278=DIRECTION('',(0.,0.,1.));
#2279=DIRECTION('',(0.,-1.,0.));
#2280=DIRECTION('',(0.,0.,1.));
#2281=DIRECTION('',(0.,-1.,0.));
#2282=DIRECTION('',(0.,0.,1.));
#2283=DIRECTION('',(0.,-1.,0.));
#2284=DIRECTION('',(0.,0.,1.));
#2285=DIRECTION('',(0.,-1.,0.));
#2286=DIRECTION('',(0.,0.,1.));
#2287=DIRECTION('',(1.,0.,0.));
#2288=DIRECTION('',(0.,1.,0.));
#2289=DIRECTION('',(1.,0.,0.));
#2290=DIRECTION('',(0.,1.,0.));
#2291=DIRECTION('',(1.,0.,0.));
#2292=DIRECTION('',(0.,0.,1.));
#2293=DIRECTION('',(0.,-1.,0.));
#2294=DIRECTION('',(1.,0.,0.));
#2295=DIRECTION('',(1.,0.,0.));
#2296=DIRECTION('',(1.,0.,0.));
#2297=DIRECTION('',(1.,0.,0.));
#2298=DIRECTION('',(0.,0.,-1.));
#2299=DIRECTION('',(0.,0.,-1.));
#2300=DIRECTION('',(1.,0.,0.));
#2301=DIRECTION('',(1.,0.,0.));
#2302=DIRECTION('',(1.,0.,0.));
#2303=DIRECTION('',(1.,0.,0.));
#2304=DIRECTION('',(1.,0.,0.));
#2305=DIRECTION('',(0.,0.,-1.));
#2306=DIRECTION('',(0.,0.,-1.));
#2307=DIRECTION('',(0.,1.,1.1327950141667E-16));
#2308=DIRECTION('',(0.,0.,1.));
#2309=DIRECTION('',(1.,0.,0.));
#2310=DIRECTION('',(-1.,0.,0.));
#2311=DIRECTION('',(-1.,0.,0.));
#2312=DIRECTION('',(0.,-1.,0.));
#2313=DIRECTION('',(-1.,0.,0.));
#2314=DIRECTION('',(-1.,0.,0.));
#2315=DIRECTION('',(1.,0.,0.));
#2316=DIRECTION('',(0.,1.,0.));
#2317=DIRECTION('',(0.,-1.,0.));
#2318=DIRECTION('',(1.,0.,0.));
#2319=DIRECTION('',(-1.,0.,0.));
#2320=DIRECTION('',(-1.,0.,0.));
#2321=DIRECTION('',(0.,-1.,0.));
#2322=DIRECTION('',(0.,0.,1.));
#2323=DIRECTION('',(0.,-1.,0.));
#2324=DIRECTION('',(0.,0.,1.));
#2325=DIRECTION('',(0.,-1.,0.));
#2326=DIRECTION('',(0.,0.,1.));
#2327=DIRECTION('',(0.,-1.,0.));
#2328=DIRECTION('',(0.,0.,1.));
#2329=DIRECTION('',(0.,-1.,0.));
#2330=DIRECTION('',(0.,0.,1.));
#2331=DIRECTION('',(0.,-1.,0.));
#2332=DIRECTION('',(0.,0.,1.));
#2333=DIRECTION('',(0.,-1.,0.));
#2334=DIRECTION('',(0.,0.,1.));
#2335=DIRECTION('',(0.,-1.,0.));
#2336=DIRECTION('',(0.,0.,1.));
#2337=DIRECTION('',(0.,-1.,0.));
#2338=DIRECTION('',(0.,0.,1.));
#2339=DIRECTION('',(0.,-1.,0.));
#2340=DIRECTION('',(0.,0.,1.));
#2341=DIRECTION('',(1.,0.,0.));
#2342=DIRECTION('',(1.,0.,0.));
#2343=DIRECTION('',(1.,0.,0.));
#2344=DIRECTION('',(0.,1.,0.));
#2345=DIRECTION('',(1.,0.,0.));
#2346=DIRECTION('',(1.,0.,0.));
#2347=DIRECTION('',(0.,-1.,0.));
#2348=DIRECTION('',(1.,0.,0.));
#2349=DIRECTION('',(1.,0.,0.));
#2350=DIRECTION('',(1.,0.,0.));
#2351=DIRECTION('',(0.,-1.,0.));
#2352=DIRECTION('',(0.,0.,1.));
#2353=DIRECTION('',(0.,-1.,0.));
#2354=DIRECTION('',(0.,0.,1.));
#2355=DIRECTION('',(0.,-1.,0.));
#2356=DIRECTION('',(0.,0.,1.));
#2357=DIRECTION('',(0.,-1.,0.));
#2358=DIRECTION('',(0.,0.,1.));
#2359=DIRECTION('',(0.,-1.,0.));
#2360=DIRECTION('',(0.142122266290775,-0.120953862099475,-0.982431384203291));
#2361=DIRECTION('',(-0.989697615340651,0.,-0.143173426965443));
#2362=DIRECTION('',(0.,1.,0.));
#2363=DIRECTION('',(0.,1.,0.));
#2364=DIRECTION('',(0.,1.,1.1327950141667E-16));
#2365=DIRECTION('',(0.,1.,0.));
#2366=DIRECTION('',(1.,0.,0.));
#2367=DIRECTION('',(0.,0.,-1.));
#2368=DIRECTION('',(0.,1.,0.));
#2369=DIRECTION('',(1.,0.,0.));
#2370=DIRECTION('',(0.,-1.,0.));
#2371=DIRECTION('',(-1.,0.,0.));
#2372=DIRECTION('',(0.,-1.,0.));
#2373=DIRECTION('',(-1.,0.,0.));
#2374=DIRECTION('',(0.,0.,-1.));
#2375=DIRECTION('',(0.,-1.,0.));
#2376=DIRECTION('',(-1.,0.,0.));
#2377=DIRECTION('',(0.,-1.,0.));
#2378=DIRECTION('',(-1.,0.,0.));
#2379=DIRECTION('',(0.,1.,0.));
#2380=DIRECTION('',(1.,0.,0.));
#2381=DIRECTION('',(0.,1.,0.));
#2382=DIRECTION('',(1.,0.,0.));
#2383=DIRECTION('',(0.,0.,-1.));
#2384=DIRECTION('',(0.,1.,0.));
#2385=DIRECTION('',(-1.,0.,0.));
#2386=DIRECTION('',(0.,1.,0.));
#2387=DIRECTION('',(-1.,0.,0.));
#2388=DIRECTION('',(0.,1.,0.));
#2389=DIRECTION('',(1.,0.,0.));
#2390=DIRECTION('',(0.,0.,-1.));
#2391=DIRECTION('',(0.,1.,0.));
#2392=DIRECTION('',(1.,0.,0.));
#2393=DIRECTION('',(0.,1.,0.));
#2394=DIRECTION('',(-1.,0.,0.));
#2395=DIRECTION('',(0.,1.,0.));
#2396=DIRECTION('',(-1.,0.,0.));
#2397=DIRECTION('',(0.,-1.,0.));
#2398=DIRECTION('',(0.,0.,-1.));
#2399=DIRECTION('',(0.,0.,-1.));
#2400=DIRECTION('',(0.,1.,0.));
#2401=DIRECTION('',(0.,0.,1.));
#2402=DIRECTION('',(0.,0.,-1.));
#2403=DIRECTION('',(0.,0.,-1.));
#2404=DIRECTION('',(0.,0.,-1.));
#2405=DIRECTION('',(0.,0.,1.));
#2406=DIRECTION('',(0.,-1.,0.));
#2407=DIRECTION('',(0.,0.,1.));
#2408=DIRECTION('',(0.,-1.,0.));
#2409=DIRECTION('',(0.,0.,1.));
#2410=DIRECTION('',(1.,0.,0.));
#2411=DIRECTION('',(0.,0.,1.));
#2412=DIRECTION('',(0.,-1.,0.));
#2413=DIRECTION('',(0.,0.,1.));
#2414=DIRECTION('',(0.,-1.,0.));
#2415=DIRECTION('',(0.,0.,1.));
#2416=DIRECTION('',(1.,0.,0.));
#2417=DIRECTION('',(0.,0.,1.));
#2418=DIRECTION('',(0.,-1.,0.));
#2419=DIRECTION('',(0.,0.,1.));
#2420=DIRECTION('',(0.,-1.,0.));
#2421=DIRECTION('',(0.,0.,1.));
#2422=DIRECTION('',(1.,0.,0.));
#2423=DIRECTION('',(0.,0.,1.));
#2424=DIRECTION('',(0.,-1.,0.));
#2425=DIRECTION('',(0.,0.,1.));
#2426=DIRECTION('',(0.,-1.,0.));
#2427=DIRECTION('',(0.,0.,1.));
#2428=DIRECTION('',(1.,0.,0.));
#2429=DIRECTION('',(0.,0.,1.));
#2430=DIRECTION('',(0.,-1.,0.));
#2431=DIRECTION('',(0.,0.,1.));
#2432=DIRECTION('',(0.,-1.,0.));
#2433=DIRECTION('',(0.,0.,1.));
#2434=DIRECTION('',(1.,0.,0.));
#2435=DIRECTION('',(0.,0.,1.));
#2436=DIRECTION('',(0.,-1.,0.));
#2437=DIRECTION('',(0.,0.,-1.));
#2438=DIRECTION('',(0.,-1.,0.));
#2439=DIRECTION('',(0.,0.,1.));
#2440=DIRECTION('',(1.,0.,0.));
#2441=DIRECTION('',(0.,0.,1.));
#2442=DIRECTION('',(0.,-1.,0.));
#2443=DIRECTION('',(0.,0.,-1.));
#2444=DIRECTION('',(0.,-1.,0.));
#2445=DIRECTION('',(0.,0.,1.));
#2446=DIRECTION('',(1.,0.,0.));
#2447=DIRECTION('',(0.,0.,1.));
#2448=DIRECTION('',(0.,-1.,0.));
#2449=DIRECTION('',(0.,0.,-1.));
#2450=DIRECTION('',(0.,-1.,0.));
#2451=DIRECTION('',(0.,0.,1.));
#2452=DIRECTION('',(1.,0.,0.));
#2453=DIRECTION('',(0.,0.,1.));
#2454=DIRECTION('',(1.,0.,0.));
#2455=DIRECTION('',(0.,0.,-1.));
#2456=DIRECTION('',(0.,-1.,0.));
#2457=DIRECTION('',(0.,0.,1.));
#2458=DIRECTION('',(0.,-1.,0.));
#2459=DIRECTION('',(0.,0.,-1.));
#2460=DIRECTION('',(0.,1.,0.));
#2461=DIRECTION('',(0.,0.,-1.));
#2462=DIRECTION('',(0.,-1.,0.));
#2463=DIRECTION('',(0.,0.,1.));
#2464=DIRECTION('',(1.,0.,0.));
#2465=DIRECTION('',(0.,0.,-1.));
#2466=DIRECTION('',(0.,1.,0.));
#2467=DIRECTION('',(0.,0.,-1.));
#2468=DIRECTION('',(0.,-1.,0.));
#2469=DIRECTION('',(0.,0.,1.));
#2470=DIRECTION('',(1.,0.,0.));
#2471=DIRECTION('',(0.,0.,-1.));
#2472=DIRECTION('',(0.,1.,0.));
#2473=DIRECTION('',(0.,0.,-1.));
#2474=DIRECTION('',(0.,-1.,0.));
#2475=DIRECTION('',(0.,0.,1.));
#2476=DIRECTION('',(1.,0.,0.));
#2477=DIRECTION('',(0.,0.,1.));
#2478=DIRECTION('',(1.,0.,0.));
#2479=DIRECTION('',(0.,0.,-1.));
#2480=DIRECTION('',(0.,-1.,0.));
#2481=DIRECTION('',(0.,0.,-1.));
#2482=DIRECTION('',(0.,1.,0.));
#2483=DIRECTION('',(0.,0.,-1.));
#2484=DIRECTION('',(0.,1.,0.));
#2485=DIRECTION('',(0.,0.,1.));
#2486=DIRECTION('',(0.,-1.,0.));
#2487=DIRECTION('',(0.,0.,1.));
#2488=DIRECTION('',(1.,0.,0.));
#2489=DIRECTION('',(0.,0.,-1.));
#2490=DIRECTION('',(0.,1.,0.));
#2491=DIRECTION('',(0.,0.,1.));
#2492=DIRECTION('',(0.,-1.,0.));
#2493=DIRECTION('',(0.,0.,1.));
#2494=DIRECTION('',(1.,0.,0.));
#2495=DIRECTION('',(0.,0.,-1.));
#2496=DIRECTION('',(0.,1.,0.));
#2497=DIRECTION('',(0.,0.,1.));
#2498=DIRECTION('',(0.,-1.,0.));
#2499=DIRECTION('',(0.,0.,1.));
#2500=DIRECTION('',(1.,0.,0.));
#2501=DIRECTION('',(0.,0.,-1.));
#2502=DIRECTION('',(0.,1.,0.));
#2503=DIRECTION('',(0.,0.,1.));
#2504=DIRECTION('',(0.,-1.,0.));
#2505=DIRECTION('',(0.,0.,1.));
#2506=DIRECTION('',(1.,0.,0.));
#2507=DIRECTION('',(0.,0.,-1.));
#2508=DIRECTION('',(0.,1.,0.));
#2509=DIRECTION('',(0.,0.,1.));
#2510=DIRECTION('',(0.,-1.,0.));
#2511=DIRECTION('',(0.,0.,1.));
#2512=DIRECTION('',(1.,0.,0.));
#2513=DIRECTION('',(1.,0.,-1.81732935578522E-16));
#2514=DIRECTION('',(-1.81732935578522E-16,0.,-1.));
#2515=DIRECTION('',(1.,0.,-1.81732935578522E-16));
#2516=DIRECTION('',(-1.81732935578522E-16,0.,-1.));
#2517=DIRECTION('',(1.,0.,1.81732935578522E-16));
#2518=DIRECTION('',(1.81732935578522E-16,0.,-1.));
#2519=DIRECTION('',(1.,0.,1.81732935578522E-16));
#2520=DIRECTION('',(1.81732935578522E-16,0.,-1.));
#2521=DIRECTION('',(0.,-1.,0.));
#2522=DIRECTION('',(-1.,0.,0.));
#2523=DIRECTION('',(0.,-1.,0.));
#2524=DIRECTION('',(-1.,0.,0.));
#2525=DIRECTION('',(0.,-1.,0.));
#2526=DIRECTION('',(-1.,0.,0.));
#2527=DIRECTION('',(0.,-1.,0.));
#2528=DIRECTION('',(0.,1.,0.));
#2529=DIRECTION('',(-1.,0.,0.));
#2530=DIRECTION('',(0.,-1.,0.));
#2531=DIRECTION('',(-1.,0.,0.));
#2532=DIRECTION('',(0.,-1.,0.));
#2533=DIRECTION('',(0.,1.,0.));
#2534=DIRECTION('',(-1.,0.,0.));
#2535=DIRECTION('',(0.,-1.,0.));
#2536=DIRECTION('',(-1.,0.,0.));
#2537=DIRECTION('',(0.,-1.,0.));
#2538=DIRECTION('',(0.,1.,0.));
#2539=DIRECTION('',(-1.,0.,0.));
#2540=DIRECTION('',(0.,-1.,0.));
#2541=DIRECTION('',(0.,-1.,0.));
#2542=DIRECTION('',(-1.,0.,0.));
#2543=DIRECTION('',(0.,1.,0.));
#2544=DIRECTION('',(-1.,0.,0.));
#2545=DIRECTION('',(0.,-1.,0.));
#2546=DIRECTION('',(-1.,0.,0.));
#2547=DIRECTION('',(0.,-1.,0.));
#2548=DIRECTION('',(-1.,0.,0.));
#2549=DIRECTION('',(1.,0.,0.));
#2550=DIRECTION('',(0.,-1.,0.));
#2551=DIRECTION('',(0.,0.,-1.));
#2552=DIRECTION('',(0.,-1.,0.));
#2553=DIRECTION('',(-1.,0.,0.));
#2554=DIRECTION('',(0.,-1.,0.));
#2555=DIRECTION('',(-1.,0.,0.));
#2556=DIRECTION('',(0.,-1.,0.));
#2557=DIRECTION('',(0.,-1.,0.));
#2558=DIRECTION('',(-1.,0.,0.));
#2559=DIRECTION('',(0.,-1.,0.));
#2560=DIRECTION('',(-1.,0.,0.));
#2561=DIRECTION('',(0.,-1.,0.));
#2562=DIRECTION('',(-1.,0.,0.));
#2563=DIRECTION('',(0.,-1.,0.));
#2564=DIRECTION('',(-1.,0.,0.));
#2565=DIRECTION('',(0.,-1.,0.));
#2566=DIRECTION('',(-1.,0.,0.));
#2567=DIRECTION('',(0.,-1.,0.));
#2568=DIRECTION('',(0.,-1.,0.));
#2569=DIRECTION('',(-1.,0.,0.));
#2570=DIRECTION('',(0.,-1.,0.));
#2571=DIRECTION('',(-1.,0.,0.));
#2572=DIRECTION('',(0.,-1.,0.));
#2573=DIRECTION('',(0.,-1.,0.));
#2574=DIRECTION('',(-1.,0.,0.));
#2575=DIRECTION('',(1.,0.,0.));
#2576=DIRECTION('',(0.,-1.,0.));
#2577=DIRECTION('',(0.,-1.,0.));
#2578=DIRECTION('',(0.,0.,-1.));
#2579=DIRECTION('',(0.,-1.,0.));
#2580=DIRECTION('',(-1.,0.,0.));
#2581=DIRECTION('',(0.,-1.,0.));
#2582=DIRECTION('',(-1.,0.,0.));
#2583=DIRECTION('',(1.,0.,0.));
#2584=DIRECTION('',(0.,-1.,0.));
#2585=DIRECTION('',(0.,0.,-1.));
#2586=DIRECTION('',(1.,0.,0.));
#2587=DIRECTION('',(0.,-1.,0.));
#2588=DIRECTION('',(0.,0.,-1.));
#2589=DIRECTION('',(0.,-1.,0.));
#2590=DIRECTION('',(1.,0.,0.));
#2591=DIRECTION('',(0.,-1.,0.));
#2592=DIRECTION('',(1.,0.,0.));
#2593=DIRECTION('',(0.,-1.,0.));
#2594=DIRECTION('',(1.,0.,0.));
#2595=DIRECTION('',(0.,-1.,0.));
#2596=DIRECTION('',(1.,0.,0.));
#2597=DIRECTION('',(0.,-1.,0.));
#2598=DIRECTION('',(1.,0.,0.));
#2599=DIRECTION('',(0.,-1.,0.));
#2600=DIRECTION('',(1.,0.,0.));
#2601=DIRECTION('',(0.,-1.,0.));
#2602=DIRECTION('',(1.,0.,0.));
#2603=DIRECTION('',(0.,-1.,0.));
#2604=DIRECTION('',(1.,0.,0.));
#2605=CARTESIAN_POINT('',(0.,0.,0.));
#2606=CARTESIAN_POINT('',(-0.0965131671359397,0.0156999999999999,-0.110297512742388));
#2607=CARTESIAN_POINT('',(-0.0965131671359397,0.0576103472953223,-0.110297512742388));
#2608=CARTESIAN_POINT('',(-0.0952042698168104,0.0156999999999999,-0.111635826848963));
#2609=CARTESIAN_POINT('',(-0.0952042698168104,0.0576103472953223,-0.111635826848963));
#2610=CARTESIAN_POINT('',(-0.0938941868013251,0.0156999999999999,-0.112976840293721));
#2611=CARTESIAN_POINT('',(-0.0938941868013251,0.0576103472953223,-0.112976840293721));
#2612=CARTESIAN_POINT('',(-0.0925856560153827,0.0156999999999999,-0.11432241775968));
#2613=CARTESIAN_POINT('',(-0.0925856560153827,0.0576103472953223,-0.11432241775968));
#2614=CARTESIAN_POINT('',(-0.0965131671359396,0.0204745847720947,-0.110297512742388));
#2615=CARTESIAN_POINT('',(-0.096161714283381,0.0188169861599219,-0.110656864315274));
#2616=CARTESIAN_POINT('',(-0.0957258301916504,0.017223044855485,-0.111102606900423));
#2617=CARTESIAN_POINT('',(-0.0951961556091512,0.0157,-0.111644801417162));
#2618=CARTESIAN_POINT('',(-0.0965131671359396,0.0204745847720946,-0.110297512742388));
#2619=CARTESIAN_POINT('',(-0.0951961556091512,0.0157,-0.111644801417162));
#2620=CARTESIAN_POINT('',(-0.0951961556091512,0.0157000000000001,-0.111644801417162));
#2621=CARTESIAN_POINT('',(-0.0943250867765086,0.0157000000000001,-0.112536459730334));
#2622=CARTESIAN_POINT('',(-0.0934546930647675,0.0157,-0.113428776827958));
#2623=CARTESIAN_POINT('',(-0.0925856560153838,0.0157,-0.114322417759679));
#2624=CARTESIAN_POINT('',(-0.0925856560153838,0.0157,-0.114322417759679));
#2625=CARTESIAN_POINT('',(-0.0925856560153838,0.045410785307736,-0.114322417759679));
#2626=CARTESIAN_POINT('',(-0.0925856560153815,0.036041693434594,-0.114322417759679));
#2627=CARTESIAN_POINT('',(-0.0925856560153816,0.0360416934345944,-0.114322417759681));
#2628=CARTESIAN_POINT('',(-0.0927172685460238,0.0369900891047408,-0.114187079059688));
#2629=CARTESIAN_POINT('',(-0.0928760123548958,0.0389174787266299,-0.114023950663955));
#2630=CARTESIAN_POINT('',(-0.0927346679547046,0.0408704787233405,-0.114169187044848));
#2631=CARTESIAN_POINT('',(-0.0925856560153853,0.041811914440593,-0.114322417759677));
#2632=CARTESIAN_POINT('',(-0.0925856560153838,0.0418119144405925,-0.114322417759679));
#2633=CARTESIAN_POINT('',(-0.0925856560153838,0.045410785307736,-0.114322417759679));
#2634=CARTESIAN_POINT('',(-0.0925856560153839,0.0573603849854099,-0.114322417759679));
#2635=CARTESIAN_POINT('',(-0.0925856560153837,0.0573603849854102,-0.114322417759679));
#2636=CARTESIAN_POINT('',(-0.0929365793709186,0.05713403655115,-0.113961559181066));
#2637=CARTESIAN_POINT('',(-0.093599167390736,0.0565753595361734,-0.113281059370015));
#2638=CARTESIAN_POINT('',(-0.0948992068627534,0.0553875249927197,-0.111948284672908));
#2639=CARTESIAN_POINT('',(-0.0958630055947811,0.0544645746742832,-0.11096228632651));
#2640=CARTESIAN_POINT('',(-0.0965131671359396,0.0538674549761899,-0.110297512742388));
#2641=CARTESIAN_POINT('',(-0.0965131671359396,0.0538674549761898,-0.110297512742388));
#2642=CARTESIAN_POINT('',(-0.0965131671359396,0.0376751106251022,-0.110297512742388));
#2643=CARTESIAN_POINT('',(-0.0965131671359396,0.0233339052756911,-0.110297512742388));
#2644=CARTESIAN_POINT('',(-0.0965131671359396,0.0233339052756911,-0.110297512742388));
#2645=CARTESIAN_POINT('',(-0.096355960952679,0.0234617959699834,-0.110458252052969));
#2646=CARTESIAN_POINT('',(-0.0960058164921127,0.0236064436990646,-0.110816311150121));
#2647=CARTESIAN_POINT('',(-0.0954644623404465,0.0235551593331207,-0.111370141627059));
#2648=CARTESIAN_POINT('',(-0.0949608834552951,0.0232418907602587,-0.111885629151044));
#2649=CARTESIAN_POINT('',(-0.094659305365458,0.0225006842101707,-0.11219452287436));
#2650=CARTESIAN_POINT('',(-0.0949604966981438,0.0217583910144234,-0.111886025248504));
#2651=CARTESIAN_POINT('',(-0.0954638961169299,0.0214449944646878,-0.111370720965808));
#2652=CARTESIAN_POINT('',(-0.0960060176893247,0.0213935417430846,-0.11081610531832));
#2653=CARTESIAN_POINT('',(-0.0963558785365452,0.0215381369826755,-0.110458336321363));
#2654=CARTESIAN_POINT('',(-0.0965131671359396,0.0216660947243088,-0.110297512742388));
#2655=CARTESIAN_POINT('',(-0.0965131671359396,0.0216660947243089,-0.110297512742388));
#2656=CARTESIAN_POINT('',(-0.0965131671359396,0.0376751106251022,-0.110297512742388));
#2657=CARTESIAN_POINT('',(-0.0981923412228426,0.00999450416010399,0.0864435715304254));
#2658=CARTESIAN_POINT('',(-0.0980636483621877,0.0106355834660704,0.0863780504983609));
#2659=CARTESIAN_POINT('',(-0.0979555631532422,0.0112746802124762,0.0863226992393012));
#2660=CARTESIAN_POINT('',(-0.0976992066109321,0.0132223508059174,0.0861900368397932));
#2661=CARTESIAN_POINT('',(-0.0976303090425977,0.0145211318947204,0.0861519036371832));
#2662=CARTESIAN_POINT('',(-0.097765947952169,0.0173062400654001,0.0862100088975362));
#2663=CARTESIAN_POINT('',(-0.0980220257702981,0.0187878982039937,0.0863317060368213));
#2664=CARTESIAN_POINT('',(-0.0987418002831346,0.0217361354656859,0.0866781882654973));
#2665=CARTESIAN_POINT('',(-0.0992056086180668,0.0232027893046902,0.0869030271883987));
#2666=CARTESIAN_POINT('',(-0.100194594741958,0.0261640995920102,0.0873839059150218));
#2667=CARTESIAN_POINT('',(-0.100719872346091,0.0276588206417129,0.0876399938494817));
#2668=CARTESIAN_POINT('',(-0.101693414724047,0.0307200539407862,0.0881152817922322));
#2669=CARTESIAN_POINT('',(-0.102141770300856,0.0322866321415548,0.0883345255846226));
#2670=CARTESIAN_POINT('',(-0.102543102895112,0.0341856172476721,0.0885309631302951));
#2671=CARTESIAN_POINT('',(-0.102598179460306,0.0344622344426855,0.0885579276322709));
#2672=CARTESIAN_POINT('',(-0.102650263195916,0.034740122194134,0.0885834332257375));
#2673=CARTESIAN_POINT('',(-0.0994684821852795,0.00996746201050763,0.0838369174477084));
#2674=CARTESIAN_POINT('',(-0.099371503681986,0.0106092571670347,0.0837878038614171));
#2675=CARTESIAN_POINT('',(-0.0992897143001462,0.0112497703431322,0.0837461477261282));
#2676=CARTESIAN_POINT('',(-0.0990943954361406,0.0132042873848325,0.0836456626975852));
#2677=CARTESIAN_POINT('',(-0.0990394830356515,0.0145111724187715,0.0836156164077048));
#2678=CARTESIAN_POINT('',(-0.0991341189874391,0.0173231230889,0.083655420773866));
#2679=CARTESIAN_POINT('',(-0.0993224898481249,0.0188242953372787,0.0837443391378443));
#2680=CARTESIAN_POINT('',(-0.0998578450846108,0.0218130603674381,0.0840004317388855));
#2681=CARTESIAN_POINT('',(-0.100204889141209,0.0233007456113644,0.0841676347543468));
#2682=CARTESIAN_POINT('',(-0.10094806035663,0.0262985121083447,0.0845267665561517));
#2683=CARTESIAN_POINT('',(-0.101344240874797,0.0278086737118029,0.084718721072297));
#2684=CARTESIAN_POINT('',(-0.102080360226937,0.0308888658742465,0.0850758562539853));
#2685=CARTESIAN_POINT('',(-0.102420347602505,0.0324589772079697,0.0852410603256974));
#2686=CARTESIAN_POINT('',(-0.102725054419162,0.0343516262660971,0.0853892534375573));
#2687=CARTESIAN_POINT('',(-0.102766897709085,0.0346271177503417,0.0854096081865306));
#2688=CARTESIAN_POINT('',(-0.102806489431334,0.0349036899934771,0.0854288719785076));
#2689=CARTESIAN_POINT('',(-0.100745169620996,0.00994175605423326,0.0812262906088187));
#2690=CARTESIAN_POINT('',(-0.100680781944939,0.0105842272872088,0.0811939094229485));
#2691=CARTESIAN_POINT('',(-0.100626233462091,0.01122608331095,0.0811663257826339));
#2692=CARTESIAN_POINT('',(-0.100495011118022,0.0131871116405643,0.0810993239317682));
#2693=CARTESIAN_POINT('',(-0.100456391792466,0.0145017198989943,0.0810784617416937));
#2694=CARTESIAN_POINT('',(-0.100513746838937,0.0173395106127835,0.0811020091682103));
#2695=CARTESIAN_POINT('',(-0.100635482629404,0.0188597914364658,0.0811589797376038));
#2696=CARTESIAN_POINT('',(-0.100985809969666,0.021888831903342,0.0813252275727458));
#2697=CARTESIAN_POINT('',(-0.101214423550809,0.0233976968674869,0.0814345154621278));
#2698=CARTESIAN_POINT('',(-0.101706278805343,0.026432691899933,0.0816703588236096));
#2699=CARTESIAN_POINT('',(-0.101969540176498,0.0279589137302697,0.0817969237939441));
#2700=CARTESIAN_POINT('',(-0.102460015863811,0.0310594790450818,0.0820330317618406));
#2701=CARTESIAN_POINT('',(-0.102687248099246,0.0326339140451864,0.0821425833998612));
#2702=CARTESIAN_POINT('',(-0.102891168685959,0.0345210238874519,0.0822409790256785));
#2703=CARTESIAN_POINT('',(-0.102919191001309,0.0347954883158026,0.0822545029981695));
#2704=CARTESIAN_POINT('',(-0.102945721234685,0.0350708273859636,0.082267309514191));
#2705=CARTESIAN_POINT('',(-0.102017587777163,0.00991872471636277,0.0786033234118576));
#2706=CARTESIAN_POINT('',(-0.10198642104965,0.0105617949456821,0.0785876964379564));
#2707=CARTESIAN_POINT('',(-0.101959967137062,0.0112048487458554,0.0785743603736599));
#2708=CARTESIAN_POINT('',(-0.101896136000993,0.013171717453424,0.0785418722899289));
#2709=CARTESIAN_POINT('',(-0.101877003680792,0.0144932784049072,0.0785315893630653));
#2710=CARTESIAN_POINT('',(-0.10190365407096,0.0173547435700484,0.0785424025632219));
#2711=CARTESIAN_POINT('',(-0.101961903595699,0.0188930423376124,0.0785695583819793));
#2712=CARTESIAN_POINT('',(-0.102130439591318,0.02196097614591,0.0786492584075171));
#2713=CARTESIAN_POINT('',(-0.10224073315602,0.0234907216093627,0.0787018060349758));
#2714=CARTESIAN_POINT('',(-0.10247849590515,0.0265631977512698,0.0788154318297321));
#2715=CARTESIAN_POINT('',(-0.102605971432014,0.0281060247193574,0.0788765130553437));
#2716=CARTESIAN_POINT('',(-0.102843736671201,0.0312286103356341,0.0789905895466567));
#2717=CARTESIAN_POINT('',(-0.102954032153308,0.032808464760932,0.0790435875944788));
#2718=CARTESIAN_POINT('',(-0.103053066531124,0.0346913851287364,0.0790912139456483));
#2719=CARTESIAN_POINT('',(-0.103066679501752,0.03496499806289,0.0790977617786986));
#2720=CARTESIAN_POINT('',(-0.103079570808428,0.035239259792785,0.0791039637426464));
#2721=CARTESIAN_POINT('',(-0.0982403349401193,0.0157,0.0851677478108661));
#2722=CARTESIAN_POINT('',(-0.0982403349401193,0.0138875334122667,0.0850130300993841));
#2723=CARTESIAN_POINT('',(-0.0982403349401193,0.0120883300237972,0.0853778206723431));
#2724=CARTESIAN_POINT('',(-0.0982403349401193,0.0104371310352808,0.086131372812575));
#2725=CARTESIAN_POINT('',(-0.0982403349401193,0.0157,0.0851677478108661));
#2726=CARTESIAN_POINT('',(-0.0982403349401193,0.0104371310352808,0.086131372812575));
#2727=CARTESIAN_POINT('',(-0.0977127299024094,0.0157,0.086131372812575));
#2728=CARTESIAN_POINT('',(-0.0978884875628469,0.0157,0.0858101038760421));
#2729=CARTESIAN_POINT('',(-0.098064359745286,0.0157,0.0854888976427235));
#2730=CARTESIAN_POINT('',(-0.0982403349401193,0.0157,0.0851677478108661));
#2731=CARTESIAN_POINT('',(-0.0977127299024094,0.0157,0.086131372812575));
#2732=CARTESIAN_POINT('',(-0.102743510222821,0.0347097509925753,0.086131372812575));
#2733=CARTESIAN_POINT('',(-0.102224275532301,0.031454348027817,0.086131372812575));
#2734=CARTESIAN_POINT('',(-0.100768613855129,0.0267537107303277,0.0861313728125747));
#2735=CARTESIAN_POINT('',(-0.0985360641961976,0.0205638917560728,0.0861313728125752));
#2736=CARTESIAN_POINT('',(-0.0978014993748668,0.0173695587699437,0.086131372812575));
#2737=CARTESIAN_POINT('',(-0.0977127299024095,0.0157,0.086131372812575));
#2738=CARTESIAN_POINT('',(-0.102743510222821,0.0347097509925754,0.086131372812575));
#2739=CARTESIAN_POINT('',(-0.0983088677464175,0.0101422933515576,0.08613137281259));
#2740=CARTESIAN_POINT('',(-0.0986508958074491,0.0108562417326303,0.0850882677282964));
#2741=CARTESIAN_POINT('',(-0.0993641306851396,0.0124545111040239,0.0831869132812602));
#2742=CARTESIAN_POINT('',(-0.100466121038039,0.0155769696971505,0.0810166563985563));
#2743=CARTESIAN_POINT('',(-0.101394739954068,0.0191603761308927,0.0797503652422993));
#2744=CARTESIAN_POINT('',(-0.102066872989721,0.0229407231340733,0.0790718706715033));
#2745=CARTESIAN_POINT('',(-0.102423242852589,0.0261410939259681,0.0788815897771075));
#2746=CARTESIAN_POINT('',(-0.10260663250629,0.0287515232766199,0.0791247128378696));
#2747=CARTESIAN_POINT('',(-0.102693002478291,0.0306553408758354,0.0796640924554783));
#2748=CARTESIAN_POINT('',(-0.102733266528509,0.0323033985764792,0.0807927085633977));
#2749=CARTESIAN_POINT('',(-0.102744545572594,0.0334448036908926,0.0824271421573556));
#2750=CARTESIAN_POINT('',(-0.102745785288653,0.0341927147865421,0.0842331493431711));
#2751=CARTESIAN_POINT('',(-0.102744393583872,0.0345519878623051,0.0854951441790116));
#2752=CARTESIAN_POINT('',(-0.102743510222821,0.0347097509925757,0.0861313728125745));
#2753=CARTESIAN_POINT('',(-0.0983088677464176,0.0101422933515577,0.08613137281259));
#2754=CARTESIAN_POINT('',(-0.0982403349401193,0.0104371310352808,0.086131372812575));
#2755=CARTESIAN_POINT('',(-0.098262673621672,0.0103387342874206,0.086131372812575));
#2756=CARTESIAN_POINT('',(-0.0982855274960556,0.0102404572922666,0.086131372812575));
#2757=CARTESIAN_POINT('',(-0.0983088677464245,0.0101422933515593,0.086131372812575));
#2758=CARTESIAN_POINT('',(-0.0925856560153897,0.0156999999999994,0.0861313728125805));
#2759=CARTESIAN_POINT('',(-0.0925856560153897,0.057610347295316,0.0861313728125805));
#2760=CARTESIAN_POINT('',(-0.0945178068144071,0.0156999999999994,0.0827920241787678));
#2761=CARTESIAN_POINT('',(-0.0945178068144071,0.057610347295316,0.0827920241787678));
#2762=CARTESIAN_POINT('',(-0.0963228320826452,0.0156999999999997,0.0793841396618089));
#2763=CARTESIAN_POINT('',(-0.0963228320826452,0.0576103472953163,0.0793841396618089));
#2764=CARTESIAN_POINT('',(-0.0979523572061878,0.0156999999999996,0.0757014336309427));
#2765=CARTESIAN_POINT('',(-0.0979523572061878,0.0576103472953162,0.0757014336309427));
#2766=CARTESIAN_POINT('',(-0.0953376969763189,0.0234531770939024,0.081131372812575));
#2767=CARTESIAN_POINT('',(-0.0952128722597135,0.0233880825773253,0.0813716902088595));
#2768=CARTESIAN_POINT('',(-0.0950289921483976,0.0232492719423699,0.0817222487861324));
#2769=CARTESIAN_POINT('',(-0.0948189813578783,0.0229086588066442,0.0821179172969971));
#2770=CARTESIAN_POINT('',(-0.0947302889927477,0.0225014776113868,0.0822839522555146));
#2771=CARTESIAN_POINT('',(-0.0948184671724564,0.0220922382548876,0.0821188806418405));
#2772=CARTESIAN_POINT('',(-0.0950280238713906,0.0217518934214773,0.081724085940129));
#2773=CARTESIAN_POINT('',(-0.0952127179392397,0.0216119978988568,0.081371987312634));
#2774=CARTESIAN_POINT('',(-0.0953376969763189,0.0215468229060975,0.081131372812575));
#2775=CARTESIAN_POINT('',(-0.0953376969763186,0.0234531770939022,0.081131372812575));
#2776=CARTESIAN_POINT('',(-0.0953376969763186,0.0215468229060977,0.081131372812575));
#2777=CARTESIAN_POINT('',(-0.0953376969763186,0.033680192492702,0.0811313728125756));
#2778=CARTESIAN_POINT('',(-0.0925856560153929,0.0388257027007497,0.086131372812575));
#2779=CARTESIAN_POINT('',(-0.0925856560153951,0.0360416934346917,0.0861313728125713));
#2780=CARTESIAN_POINT('',(-0.0925856560153929,0.0157,0.086131372812575));
#2781=CARTESIAN_POINT('',(-0.0925856560153897,0.0157,0.0861313728125805));
#2782=CARTESIAN_POINT('',(-0.0934880284751443,0.0157,0.0845717966955382));
#2783=CARTESIAN_POINT('',(-0.0943620840644125,0.0157000000000004,0.0829976501979801));
#2784=CARTESIAN_POINT('',(-0.0951961556091512,0.0157000000000004,0.0814029300023804));
#2785=CARTESIAN_POINT('',(-0.0951961556091512,0.0157,0.0814029300023804));
#2786=CARTESIAN_POINT('',(-0.0951961556091512,0.0157000000000001,0.0814029300023804));
#2787=CARTESIAN_POINT('',(-0.0956569937117773,0.0170251100290759,0.0805218211409219));
#2788=CARTESIAN_POINT('',(-0.0964506472792553,0.0198161632607415,0.0789449719670582));
#2789=CARTESIAN_POINT('',(-0.0972598299192952,0.0244984772217373,0.0772366793405412));
#2790=CARTESIAN_POINT('',(-0.0976775729660687,0.0293453656315794,0.0763174036601626));
#2791=CARTESIAN_POINT('',(-0.097818718745386,0.0360436700388981,0.0760014755281131));
#2792=CARTESIAN_POINT('',(-0.0974175104209873,0.0441739992859964,0.0768995563839854));
#2793=CARTESIAN_POINT('',(-0.0968341253015599,0.0506273342465154,0.078137221226313));
#2794=CARTESIAN_POINT('',(-0.0965315984077548,0.053850532956446,0.0787588304860659));
#2795=CARTESIAN_POINT('',(-0.0965315984077548,0.053850532956446,0.0787588304860658));
#2796=CARTESIAN_POINT('',(-0.0965315984077548,0.053850532956446,0.0787588304860658));
#2797=CARTESIAN_POINT('',(-0.0959172689050098,0.0544143711290381,0.0800211080397823));
#2798=CARTESIAN_POINT('',(-0.0949663485936773,0.0553234121542201,0.0818709757858556));
#2799=CARTESIAN_POINT('',(-0.0936352881731723,0.056544149529979,0.0842976210280435));
#2800=CARTESIAN_POINT('',(-0.0929458631632051,0.0571280484291985,0.0855088244858355));
#2801=CARTESIAN_POINT('',(-0.0925856560153929,0.0573603849854042,0.0861313728125749));
#2802=CARTESIAN_POINT('',(-0.0925856560153929,0.0573603849854041,0.086131372812575));
#2803=CARTESIAN_POINT('',(-0.0925856560153929,0.0388257027007497,0.086131372812575));
#2804=CARTESIAN_POINT('',(-0.0925856560153897,0.0418119144405647,0.0861313728125805));
#2805=CARTESIAN_POINT('',(-0.0925856560153898,0.0418119144405647,0.0861313728125803));
#2806=CARTESIAN_POINT('',(-0.0927323328162331,0.040885231787896,0.0858778703557548));
#2807=CARTESIAN_POINT('',(-0.0928777607499404,0.0389242140551133,0.0856240944482433));
#2808=CARTESIAN_POINT('',(-0.0927162220710159,0.0369825482394604,0.0859057146601735));
#2809=CARTESIAN_POINT('',(-0.0925856560153951,0.0360416934346917,0.0861313728125712));
#2810=CARTESIAN_POINT('',(-0.0965315984077548,0.0538505329564462,0.0825612163908977));
#2811=CARTESIAN_POINT('',(-0.0965315984077548,0.0538505329564462,-0.11280308780568));
#2812=CARTESIAN_POINT('',(-0.097202754650762,0.0466998631121429,0.0825612163908977));
#2813=CARTESIAN_POINT('',(-0.097202754650762,0.0466998631121429,-0.11280308780568));
#2814=CARTESIAN_POINT('',(-0.0983960150875353,0.0326993868582596,0.0825612163908976));
#2815=CARTESIAN_POINT('',(-0.0983960150875353,0.0326993868582596,-0.11280308780568));
#2816=CARTESIAN_POINT('',(-0.0969714166490198,0.0208046478031051,0.0825612163908978));
#2817=CARTESIAN_POINT('',(-0.0969714166490198,0.0208046478031051,-0.112803087805679));
#2818=CARTESIAN_POINT('',(-0.0951961556091512,0.0157,0.0825612163908978));
#2819=CARTESIAN_POINT('',(-0.0951961556091512,0.0157,-0.112803087805679));
#2820=CARTESIAN_POINT('',(-0.0951961556091512,0.0157,-0.0147053548203908));
#2821=CARTESIAN_POINT('',(-0.0965315984077548,0.0538505329564468,-0.110101864570519));
#2822=CARTESIAN_POINT('',(-0.0966527435248148,0.0525598219716778,-0.108815556595667));
#2823=CARTESIAN_POINT('',(-0.0968926089343903,0.0499698258633176,-0.106257674840185));
#2824=CARTESIAN_POINT('',(-0.0972395292506301,0.0458514866136618,-0.102632191466513));
#2825=CARTESIAN_POINT('',(-0.097547993924566,0.0413732642761625,-0.0995124069939147));
#2826=CARTESIAN_POINT('',(-0.0977289212813526,0.0370745022857709,-0.0977391645887381));
#2827=CARTESIAN_POINT('',(-0.0977559720587642,0.033405956152424,-0.0974754486671966));
#2828=CARTESIAN_POINT('',(-0.0976982455080197,0.0306818136268804,-0.0980389210207375));
#2829=CARTESIAN_POINT('',(-0.0975688443420062,0.0282467306805808,-0.0993139122542479));
#2830=CARTESIAN_POINT('',(-0.0973310028550846,0.0254617386291448,-0.101698389821998));
#2831=CARTESIAN_POINT('',(-0.0969696329514646,0.0227970471320135,-0.105433510965944));
#2832=CARTESIAN_POINT('',(-0.0966683806146543,0.0212066364400064,-0.108650395742344));
#2833=CARTESIAN_POINT('',(-0.0965131671359395,0.0204745847720943,-0.110297512742388));
#2834=CARTESIAN_POINT('',(-0.0965315984077547,0.0538505329564462,-0.11010186457052));
#2835=CARTESIAN_POINT('',(-0.0965315984077548,0.053850532956446,-0.0160989524318202));
#2836=CARTESIAN_POINT('',(0.0925856560153894,0.0156999999999996,0.0861313728125811));
#2837=CARTESIAN_POINT('',(0.0925856560153894,0.0576103472953164,0.0861313728125811));
#2838=CARTESIAN_POINT('',(0.0944659093121453,0.0156999999999997,0.0828817189652018));
#2839=CARTESIAN_POINT('',(0.0944659093121453,0.0576103472953165,0.0828817189652018));
#2840=CARTESIAN_POINT('',(0.0962257916189929,0.0157,0.0795670716140662));
#2841=CARTESIAN_POINT('',(0.0962257916189929,0.0576103472953168,0.0795670716140662));
#2842=CARTESIAN_POINT('',(0.0978206720159187,0.0157,0.075997591205496));
#2843=CARTESIAN_POINT('',(0.0978206720159187,0.0576103472953169,0.075997591205496));
#2844=CARTESIAN_POINT('',(0.0953376969763192,0.0215468229060972,0.0811313728125749));
#2845=CARTESIAN_POINT('',(0.0952128722597137,0.0216119174226742,0.0813716902088595));
#2846=CARTESIAN_POINT('',(0.0950289921483977,0.021750728057631,0.0817222487861325));
#2847=CARTESIAN_POINT('',(0.0948189813578781,0.0220913411933558,0.0821179172969973));
#2848=CARTESIAN_POINT('',(0.0947302889927481,0.0224985223886136,0.0822839522555141));
#2849=CARTESIAN_POINT('',(0.0948184671724562,0.0229077617451129,0.0821188806418405));
#2850=CARTESIAN_POINT('',(0.095028023871391,0.0232481065785223,0.0817240859401289));
#2851=CARTESIAN_POINT('',(0.0952127179392397,0.0233880021011429,0.0813719873126341));
#2852=CARTESIAN_POINT('',(0.0953376969763189,0.0234531770939021,0.0811313728125751));
#2853=CARTESIAN_POINT('',(0.0953376969763186,0.0215468229060977,0.081131372812575));
#2854=CARTESIAN_POINT('',(0.0953376969763186,0.0234531770939022,0.081131372812575));
#2855=CARTESIAN_POINT('',(0.0953376969763186,0.0336801924927022,0.0811313728125756));
#2856=CARTESIAN_POINT('',(0.0925856560153894,0.0157,0.0861313728125811));
#2857=CARTESIAN_POINT('',(0.0934879991675406,0.0157,0.0845718473480579));
#2858=CARTESIAN_POINT('',(0.0943620537018286,0.0156999999999994,0.0829977082503454));
#2859=CARTESIAN_POINT('',(0.0951961556091566,0.0156999999999994,0.0814029300023701));
#2860=CARTESIAN_POINT('',(0.0925856560153929,0.0157,0.0861313728125751));
#2861=CARTESIAN_POINT('',(0.0951961556091512,0.0157,0.0814029300023673));
#2862=CARTESIAN_POINT('',(0.0925856560153929,0.0389904238102741,0.086131372812575));
#2863=CARTESIAN_POINT('',(0.0925856560153929,0.0360416934346761,0.0861313728125751));
#2864=CARTESIAN_POINT('',(0.092585656015393,0.0360416934346761,0.0861313728125749));
#2865=CARTESIAN_POINT('',(0.0927171733974697,0.0369894034673371,0.0859040704765544));
#2866=CARTESIAN_POINT('',(0.0928772656815901,0.0389231542241839,0.0856249499443649));
#2867=CARTESIAN_POINT('',(0.0927323951012334,0.0408848382803423,0.0858777627081889));
#2868=CARTESIAN_POINT('',(0.0925856560153894,0.0418119144405676,0.086131372812581));
#2869=CARTESIAN_POINT('',(0.0925856560153894,0.0418119144405674,0.0861313728125811));
#2870=CARTESIAN_POINT('',(0.0925856560153929,0.0389904238102741,0.086131372812575));
#2871=CARTESIAN_POINT('',(0.0925856560153929,0.0573603849854041,0.0861313728125751));
#2872=CARTESIAN_POINT('',(0.0925856560153928,0.0573603849854043,0.0861313728125749));
#2873=CARTESIAN_POINT('',(0.0929462627906196,0.057127790666248,0.0855081338072086));
#2874=CARTESIAN_POINT('',(0.0936358193052885,0.0565436539809104,0.0842966711970685));
#2875=CARTESIAN_POINT('',(0.0949667570437142,0.0553230311175263,0.081870193729921));
#2876=CARTESIAN_POINT('',(0.0959173317986977,0.0544143134045404,0.0800209788106143));
#2877=CARTESIAN_POINT('',(0.0965315984077548,0.0538505329564461,0.0787588304860658));
#2878=CARTESIAN_POINT('',(0.0965315984077547,0.053850532956446,0.0787588304860658));
#2879=CARTESIAN_POINT('',(0.0965315984077547,0.053850532956446,0.0787588304860658));
#2880=CARTESIAN_POINT('',(0.0968352674156728,0.0506151658713693,0.0781348744970704));
#2881=CARTESIAN_POINT('',(0.0972761760267221,0.0457585207432668,0.0771995793674668));
#2882=CARTESIAN_POINT('',(0.0976591475426313,0.0392207574182637,0.0763580620414479));
#2883=CARTESIAN_POINT('',(0.0977840871115892,0.0342305309961008,0.0760791240570528));
#2884=CARTESIAN_POINT('',(0.0976753616939183,0.0293056929815751,0.0763224452253038));
#2885=CARTESIAN_POINT('',(0.0972464585773803,0.0243956002346646,0.0772654233912818));
#2886=CARTESIAN_POINT('',(0.0964492264684211,0.0198242058952389,0.0789472881265853));
#2887=CARTESIAN_POINT('',(0.0956597541009865,0.0170330473489389,0.0805165433581615));
#2888=CARTESIAN_POINT('',(0.0951961556091535,0.0157000000000068,0.0814029300023759));
#2889=CARTESIAN_POINT('',(0.098196833625863,0.00999522665739151,0.0864357251813646));
#2890=CARTESIAN_POINT('',(0.098073275844408,0.0106228793716486,0.0863729015319327));
#2891=CARTESIAN_POINT('',(0.0979692984063463,0.0112486500291057,0.0863197189447707));
#2892=CARTESIAN_POINT('',(0.0977185516913491,0.0131793108531455,0.0861901082144634));
#2893=CARTESIAN_POINT('',(0.0976505562598637,0.0144744940298677,0.0861524741124376));
#2894=CARTESIAN_POINT('',(0.097783151047671,0.0172533047332145,0.0862088696445064));
#2895=CARTESIAN_POINT('',(0.0980345945424507,0.0187322890833321,0.0863279598070548));
#2896=CARTESIAN_POINT('',(0.0987418184601305,0.0216752974410145,0.0866673686508384));
#2897=CARTESIAN_POINT('',(0.0991977085629968,0.0231393976045086,0.0868877401240506));
#2898=CARTESIAN_POINT('',(0.100170025507397,0.0260953001882549,0.0873591992480886));
#2899=CARTESIAN_POINT('',(0.100686550351574,0.0275871684506269,0.0876103340695887));
#2900=CARTESIAN_POINT('',(0.101643986426906,0.0306420378914613,0.0880764943356255));
#2901=CARTESIAN_POINT('',(0.102084986786194,0.032205106235961,0.0882915626783534));
#2902=CARTESIAN_POINT('',(0.102509670803752,0.0342430135957568,0.0884988704900359));
#2903=CARTESIAN_POINT('',(0.102589764509194,0.0346643794456397,0.0885379826490287));
#2904=CARTESIAN_POINT('',(0.102663144870584,0.0350885193773973,0.0885738305131907));
#2905=CARTESIAN_POINT('',(0.0994968083467822,0.00996777953494137,0.083786724027238));
#2906=CARTESIAN_POINT('',(0.0994048120465883,0.0105961722013938,0.0837402055610744));
#2907=CARTESIAN_POINT('',(0.0993270606314738,0.0112233721415897,0.08370066367722));
#2908=CARTESIAN_POINT('',(0.0991382407790171,0.0131609550518686,0.0836036579439142));
#2909=CARTESIAN_POINT('',(0.09908459461779,0.0144643800080365,0.0835743201458693));
#2910=CARTESIAN_POINT('',(0.0991756456920182,0.0172705075230829,0.0836122912891346));
#2911=CARTESIAN_POINT('',(0.0993581838868514,0.0187693738237397,0.0836981387324307));
#2912=CARTESIAN_POINT('',(0.099877567969155,0.0217536996167645,0.0839457747114362));
#2913=CARTESIAN_POINT('',(0.10021447054069,0.0232392533183429,0.0841075905307414));
#2914=CARTESIAN_POINT('',(0.100936210374087,0.0262323666948769,0.0844553137577126));
#2915=CARTESIAN_POINT('',(0.101321098285016,0.0277400082261447,0.0846412455438104));
#2916=CARTESIAN_POINT('',(0.102036389332763,0.0308142751179499,0.084987256580598));
#2917=CARTESIAN_POINT('',(0.102366838532184,0.0323809827130742,0.0851473580016434));
#2918=CARTESIAN_POINT('',(0.102685467782692,0.0344119775491152,0.0853018694430743));
#2919=CARTESIAN_POINT('',(0.102745623216,0.0348314325573127,0.0853310501275133));
#2920=CARTESIAN_POINT('',(0.102800782317819,0.0352532327646523,0.0853578166842162));
#2921=CARTESIAN_POINT('',(0.100797277552579,0.00994175069173022,0.0811334579250461));
#2922=CARTESIAN_POINT('',(0.100737732550849,0.0105708406513713,0.0811035704655034));
#2923=CARTESIAN_POINT('',(0.100687169726652,0.0111993924798537,0.0810780500518284));
#2924=CARTESIAN_POINT('',(0.100563441879661,0.0131435433224468,0.0810149904646609));
#2925=CARTESIAN_POINT('',(0.100526567291451,0.0144548050469619,0.0809950959741285));
#2926=CARTESIAN_POINT('',(0.100580023481587,0.0172871793742633,0.0810168039134221));
#2927=CARTESIAN_POINT('',(0.100694829151001,0.0188054889919105,0.0810703051569833));
#2928=CARTESIAN_POINT('',(0.101025848349002,0.0218308418386532,0.0812268036604944));
#2929=CARTESIAN_POINT('',(0.101242080819932,0.0233379921338388,0.0813298100379136));
#2930=CARTESIAN_POINT('',(0.101707602809059,0.0263691060092537,0.0815522615898321));
#2931=CARTESIAN_POINT('',(0.101956909252861,0.0278931628505114,0.0816717149109704));
#2932=CARTESIAN_POINT('',(0.102421549545547,0.0309883021699474,0.0818946398596454));
#2933=CARTESIAN_POINT('',(0.102636898787359,0.0325594776139772,0.0819981188959395));
#2934=CARTESIAN_POINT('',(0.102844830510514,0.0345844651402736,0.0820981171246823));
#2935=CARTESIAN_POINT('',(0.102884131347132,0.0350021543271889,0.0821170233927327));
#2936=CARTESIAN_POINT('',(0.102920200145263,0.0354217209682355,0.0821343805638505));
#2937=CARTESIAN_POINT('',(0.102093085785357,0.00991855238978654,0.0784671052653334));
#2938=CARTESIAN_POINT('',(0.102066632273721,0.0105482570169859,0.0784538651760941));
#2939=CARTESIAN_POINT('',(0.102044129432632,0.011178008438122,0.0784425402783144));
#2940=CARTESIAN_POINT('',(0.101988909052542,0.0131280202773567,0.0784144813695872));
#2941=CARTESIAN_POINT('',(0.101972167453551,0.0144463017125488,0.0784054922599233));
#2942=CARTESIAN_POINT('',(0.101995000380855,0.0173026231872476,0.0784146566300628));
#2943=CARTESIAN_POINT('',(0.102045445129503,0.0188392128591599,0.0784380792713521));
#2944=CARTESIAN_POINT('',(0.102191641931664,0.0219041077994315,0.0785069698896239));
#2945=CARTESIAN_POINT('',(0.102287399435317,0.0234325247300584,0.0785524404899073));
#2946=CARTESIAN_POINT('',(0.102493939731436,0.0265018798313733,0.078650825669702));
#2947=CARTESIAN_POINT('',(0.10260472739378,0.0280429153401363,0.0787037425931846));
#2948=CARTESIAN_POINT('',(0.102811426121471,0.0311606488311411,0.0788026022640566));
#2949=CARTESIAN_POINT('',(0.102907341615708,0.0327374436155302,0.078848547143112));
#2950=CARTESIAN_POINT('',(0.103000000719294,0.0347579582110255,0.0788929686446217));
#2951=CARTESIAN_POINT('',(0.103017521435611,0.0351741477783118,0.0789013707207077));
#2952=CARTESIAN_POINT('',(0.103033606599993,0.0355916995929686,0.0789090868744752));
#2953=CARTESIAN_POINT('',(0.102741063218371,0.035053556779658,0.0861313728125751));
#2954=CARTESIAN_POINT('',(0.102497970069296,0.0333957703968032,0.0861313728125751));
#2955=CARTESIAN_POINT('',(0.10180067041861,0.0301347710047704,0.0861313728125749));
#2956=CARTESIAN_POINT('',(0.100263677737922,0.0253701954547027,0.086131372812575));
#2957=CARTESIAN_POINT('',(0.0985820043025325,0.0206430506755347,0.0861313728125751));
#2958=CARTESIAN_POINT('',(0.0978281143095774,0.0173965488547771,0.086131372812575));
#2959=CARTESIAN_POINT('',(0.0977342719277175,0.0157,0.086131372812575));
#2960=CARTESIAN_POINT('',(0.102741063218371,0.0350535567796579,0.0861313728125752));
#2961=CARTESIAN_POINT('',(0.0977342719277175,0.0157,0.086131372812575));
#2962=CARTESIAN_POINT('',(0.0977342719277175,0.0157,0.086131372812575));
#2963=CARTESIAN_POINT('',(0.0979028575125539,0.0157,0.0858233922799943));
#2964=CARTESIAN_POINT('',(0.0980715485698379,0.0157,0.085515469527471));
#2965=CARTESIAN_POINT('',(0.0982403349401193,0.0157,0.0852075989894415));
#2966=CARTESIAN_POINT('',(0.0982403349401193,0.0157,0.0852075989894415));
#2967=CARTESIAN_POINT('',(0.0982403349401193,0.0104516124221926,0.086131372812575));
#2968=CARTESIAN_POINT('',(0.0982403349401193,0.0112768484445708,0.0857642039094085));
#2969=CARTESIAN_POINT('',(0.0982403349401192,0.0129813334653556,0.0852357135447212));
#2970=CARTESIAN_POINT('',(0.0982403349401194,0.0147993351783681,0.0851273168112028));
#2971=CARTESIAN_POINT('',(0.0982403349401194,0.0157,0.0852075989894414));
#2972=CARTESIAN_POINT('',(0.0982403349401193,0.0104516124221926,0.086131372812575));
#2973=CARTESIAN_POINT('',(0.0982403349401193,0.0104516124221926,0.086131372812575));
#2974=CARTESIAN_POINT('',(0.0982630573235702,0.0103492660633136,0.086131372812575));
#2975=CARTESIAN_POINT('',(0.0982863358253939,0.010247046287928,0.086131372812575));
#2976=CARTESIAN_POINT('',(0.0983101383070615,0.010144945780674,0.086131372812575));
#2977=CARTESIAN_POINT('',(0.0983101383070543,0.0101449457806724,0.0861313728125904));
#2978=CARTESIAN_POINT('',(0.102741063218371,0.035053556779657,0.0861313728125752));
#2979=CARTESIAN_POINT('',(0.102742319685387,0.0349078776898533,0.0854811266933111));
#2980=CARTESIAN_POINT('',(0.102744675741582,0.034576877313816,0.0841951860719334));
#2981=CARTESIAN_POINT('',(0.102746123174908,0.0338652302121315,0.0823235825566592));
#2982=CARTESIAN_POINT('',(0.102739930615274,0.0327504312724836,0.0806293502821259));
#2983=CARTESIAN_POINT('',(0.102707006993585,0.0310782885587896,0.0794895304665753));
#2984=CARTESIAN_POINT('',(0.102627833456816,0.0291313546471407,0.0789926035533504));
#2985=CARTESIAN_POINT('',(0.10249786183251,0.0271455394225375,0.0788507628759166));
#2986=CARTESIAN_POINT('',(0.102316407453982,0.0251863546639219,0.0789042823555932));
#2987=CARTESIAN_POINT('',(0.101997268944676,0.0225817281223182,0.0791505698007951));
#2988=CARTESIAN_POINT('',(0.101440010412211,0.0193673881358208,0.0797381095620302));
#2989=CARTESIAN_POINT('',(0.100672510926542,0.0163513108918338,0.0807699319503049));
#2990=CARTESIAN_POINT('',(0.0999530626199809,0.0141209623828534,0.0820608898667342));
#2991=CARTESIAN_POINT('',(0.0992194890811018,0.0121363413226745,0.0836067100703277));
#2992=CARTESIAN_POINT('',(0.0986603207347957,0.0108760613936775,0.0850729676311367));
#2993=CARTESIAN_POINT('',(0.0983101383070542,0.0101449457806724,0.0861313728125904));
#2994=CARTESIAN_POINT('',(0.0965315984077548,0.0538505329564461,0.0825612163908846));
#2995=CARTESIAN_POINT('',(0.0965315984077548,0.0538505329564461,-0.112803087805679));
#2996=CARTESIAN_POINT('',(0.097202754650762,0.0466998631121428,0.0825612163908846));
#2997=CARTESIAN_POINT('',(0.097202754650762,0.0466998631121428,-0.112803087805679));
#2998=CARTESIAN_POINT('',(0.0983960150875353,0.0326993868582595,0.0825612163908844));
#2999=CARTESIAN_POINT('',(0.0983960150875353,0.0326993868582595,-0.11280308780568));
#3000=CARTESIAN_POINT('',(0.0969714166490198,0.0208046478031051,0.0825612163908844));
#3001=CARTESIAN_POINT('',(0.0969714166490198,0.0208046478031051,-0.11280308780568));
#3002=CARTESIAN_POINT('',(0.0951961556091512,0.0157,0.0825612163908844));
#3003=CARTESIAN_POINT('',(0.0951961556091512,0.0157,-0.112803087805679));
#3004=CARTESIAN_POINT('',(0.0951961556091512,0.0157,-0.0147053548203897));
#3005=CARTESIAN_POINT('',(0.0951961556091513,0.0157,-0.111644801417162));
#3006=CARTESIAN_POINT('',(0.0965315984077547,0.053850532956446,-0.0160989524318202));
#3007=CARTESIAN_POINT('',(0.0965315984077547,0.053850532956446,-0.110101864570519));
#3008=CARTESIAN_POINT('',(0.0965131671359395,0.0204745847720944,-0.110297512742388));
#3009=CARTESIAN_POINT('',(0.0966690723619509,0.0212098990095104,-0.10864305495763));
#3010=CARTESIAN_POINT('',(0.0969746438376485,0.0228224374160875,-0.105380021792225));
#3011=CARTESIAN_POINT('',(0.0973378399975276,0.0255236338015112,-0.101628855524882));
#3012=CARTESIAN_POINT('',(0.0975733645476423,0.0283102726970836,-0.0992690524258807));
#3013=CARTESIAN_POINT('',(0.097702184172128,0.0307841749191966,-0.0980003373154338));
#3014=CARTESIAN_POINT('',(0.0977565891593934,0.0335163843778526,-0.0974694539318556));
#3015=CARTESIAN_POINT('',(0.0977256175441651,0.037191702772327,-0.0977713801649262));
#3016=CARTESIAN_POINT('',(0.0975423813737102,0.0414654474082876,-0.0995681871494248));
#3017=CARTESIAN_POINT('',(0.0972343790951656,0.0459151685031217,-0.10268557955278));
#3018=CARTESIAN_POINT('',(0.096891710458809,0.0499785531400947,-0.106267439323795));
#3019=CARTESIAN_POINT('',(0.0966524234152346,0.052563232500814,-0.108818955490445));
#3020=CARTESIAN_POINT('',(0.0965315984077548,0.0538505329564464,-0.110101864570519));
#3021=CARTESIAN_POINT('',(0.0965131671359396,0.0204745847720944,-0.110297512742388));
#3022=CARTESIAN_POINT('',(0.0951961556091512,0.0157,-0.111644801417162));
#3023=CARTESIAN_POINT('',(0.0957290281050633,0.0172322402477744,-0.111099333397834));
#3024=CARTESIAN_POINT('',(0.0961637374118724,0.0188265280798554,-0.11065479571802));
#3025=CARTESIAN_POINT('',(0.0965131671359396,0.0204745847720944,-0.110297512742388));
#3026=CARTESIAN_POINT('',(0.0965131671359397,0.0157,-0.110297512742388));
#3027=CARTESIAN_POINT('',(0.0965131671359397,0.0576103472953222,-0.110297512742388));
#3028=CARTESIAN_POINT('',(0.0952042698168103,0.0157,-0.111635826848963));
#3029=CARTESIAN_POINT('',(0.0952042698168103,0.0576103472953222,-0.111635826848963));
#3030=CARTESIAN_POINT('',(0.0938941868013249,0.0157,-0.112976840293721));
#3031=CARTESIAN_POINT('',(0.0938941868013249,0.0576103472953222,-0.112976840293721));
#3032=CARTESIAN_POINT('',(0.0925856560153824,0.0157,-0.11432241775968));
#3033=CARTESIAN_POINT('',(0.0925856560153824,0.0576103472953222,-0.11432241775968));
#3034=CARTESIAN_POINT('',(0.0951961556091513,0.0157000000000001,-0.111644801417162));
#3035=CARTESIAN_POINT('',(0.0943250867765086,0.0157000000000001,-0.112536459730334));
#3036=CARTESIAN_POINT('',(0.0934546930647675,0.0157,-0.113428776827958));
#3037=CARTESIAN_POINT('',(0.0925856560153838,0.0157,-0.114322417759679));
#3038=CARTESIAN_POINT('',(0.0925856560153838,0.0157,-0.114322417759679));
#3039=CARTESIAN_POINT('',(0.0965131671359396,0.0376751106251026,-0.110297512742388));
#3040=CARTESIAN_POINT('',(0.0965131671359396,0.0216660947243089,-0.110297512742388));
#3041=CARTESIAN_POINT('',(0.0965131671359396,0.0216660947243089,-0.110297512742388));
#3042=CARTESIAN_POINT('',(0.096355960952679,0.0215382040300165,-0.110458252052969));
#3043=CARTESIAN_POINT('',(0.0960058164921126,0.0213935563009357,-0.110816311150121));
#3044=CARTESIAN_POINT('',(0.0954644623404464,0.0214448406668786,-0.111370141627059));
#3045=CARTESIAN_POINT('',(0.0949608834552952,0.0217581092397414,-0.111885629151044));
#3046=CARTESIAN_POINT('',(0.0946593053654579,0.0224993157898294,-0.11219452287436));
#3047=CARTESIAN_POINT('',(0.094960496698144,0.0232416089855759,-0.111886025248504));
#3048=CARTESIAN_POINT('',(0.0954638961169298,0.0235550055353127,-0.111370720965808));
#3049=CARTESIAN_POINT('',(0.0960060176893246,0.0236064582569136,-0.11081610531832));
#3050=CARTESIAN_POINT('',(0.0963558785365452,0.0234618630173247,-0.110458336321363));
#3051=CARTESIAN_POINT('',(0.0965131671359396,0.0233339052756915,-0.110297512742388));
#3052=CARTESIAN_POINT('',(0.0965131671359396,0.0233339052756911,-0.110297512742388));
#3053=CARTESIAN_POINT('',(0.0965131671359396,0.0376751106251026,-0.110297512742388));
#3054=CARTESIAN_POINT('',(0.0965131671359396,0.0538674549761898,-0.110297512742388));
#3055=CARTESIAN_POINT('',(0.0925856560153838,0.05736038498541,-0.114322417759679));
#3056=CARTESIAN_POINT('',(0.0929376850171412,0.0571333234002941,-0.113960422232162));
#3057=CARTESIAN_POINT('',(0.093600588537669,0.0565740375163312,-0.113279601506143));
#3058=CARTESIAN_POINT('',(0.0949003101366944,0.0553864955823637,-0.111947155358475));
#3059=CARTESIAN_POINT('',(0.0958635545156345,0.0544640705357985,-0.110961725068945));
#3060=CARTESIAN_POINT('',(0.0965131671359396,0.0538674549761899,-0.110297512742388));
#3061=CARTESIAN_POINT('',(0.0925856560153839,0.0573603849854099,-0.114322417759679));
#3062=CARTESIAN_POINT('',(0.0925856560153838,0.0454107853077361,-0.114322417759679));
#3063=CARTESIAN_POINT('',(0.0925856560153838,0.0418119144406019,-0.114322417759679));
#3064=CARTESIAN_POINT('',(0.0925856560153839,0.0418119144406019,-0.114322417759679));
#3065=CARTESIAN_POINT('',(0.0927358193787673,0.0408632041939117,-0.114168003022057));
#3066=CARTESIAN_POINT('',(0.0928756285934086,0.0389466442332769,-0.114024345358701));
#3067=CARTESIAN_POINT('',(0.0927171547644894,0.0369892691986554,-0.114187196062567));
#3068=CARTESIAN_POINT('',(0.092585656015381,0.03604169343459,-0.114322417759682));
#3069=CARTESIAN_POINT('',(0.0925856560153809,0.0360416934345896,-0.114322417759679));
#3070=CARTESIAN_POINT('',(0.0925856560153838,0.0454107853077361,-0.114322417759679));
#3071=CARTESIAN_POINT('',(0.0925856560153928,0.01,0.086131372812575));
#3072=CARTESIAN_POINT('',(-0.0846794403592814,0.0157,0.086131372812575));
#3073=CARTESIAN_POINT('',(-0.0836062585634882,0.0157,0.086131372812575));
#3074=CARTESIAN_POINT('',(-0.0819333046674728,0.0553675964474678,0.0861313728125751));
#3075=CARTESIAN_POINT('',(-0.0766929630701154,0.0577149669084965,0.0861313728125751));
#3076=CARTESIAN_POINT('',(-0.0651054994915319,0.0575090038237131,0.0861313728125751));
#3077=CARTESIAN_POINT('',(-0.059435559719833,0.0456743015690812,0.0861313728125751));
#3078=CARTESIAN_POINT('',(-0.0574608808220728,0.0195776631407627,0.0861313728125751));
#3079=CARTESIAN_POINT('',(-0.0706242515672195,0.0124819239831727,0.0861313728125751));
#3080=CARTESIAN_POINT('',(-0.0833997403465088,0.0130459271946247,0.0861313728125751));
#3081=CARTESIAN_POINT('',(-0.0981040331591431,0.0403137840709627,0.0861313728125751));
#3082=CARTESIAN_POINT('',(-0.0877959382704186,0.052741475098751,0.0861313728125751));
#3083=CARTESIAN_POINT('',(-0.0819333046674728,0.0553675964474678,0.0861313728125751));
#3084=CARTESIAN_POINT('',(-0.0871398151707232,0.0668154802819265,0.086131372812575));
#3085=CARTESIAN_POINT('',(-0.0873014154354054,0.0658644173610611,0.086131372812575));
#3086=CARTESIAN_POINT('',(-0.0873902924848047,0.0639358060971894,0.086131372812575));
#3087=CARTESIAN_POINT('',(-0.0881833568056458,0.0611092562950999,0.086131372812575));
#3088=CARTESIAN_POINT('',(-0.0897209400971783,0.0591958992537404,0.086131372812575));
#3089=CARTESIAN_POINT('',(-0.0912941637379063,0.0580715776441017,0.086131372812575));
#3090=CARTESIAN_POINT('',(-0.0921768634202204,0.0576240595525015,0.086131372812575));
#3091=CARTESIAN_POINT('',(-0.0925856560153928,0.0573603849854042,0.086131372812575));
#3092=CARTESIAN_POINT('',(-0.0871398151707232,0.0668154802819264,0.086131372812575));
#3093=CARTESIAN_POINT('',(-0.0415866248774479,0.0788633042388828,0.086131372812575));
#3094=CARTESIAN_POINT('',(-0.0421166120021161,0.0779500398368852,0.086131372812575));
#3095=CARTESIAN_POINT('',(-0.0431613456619721,0.0761095425567215,0.086131372812575));
#3096=CARTESIAN_POINT('',(-0.0448459597161504,0.0734500102503992,0.086131372812575));
#3097=CARTESIAN_POINT('',(-0.0469798454347812,0.0710739658372002,0.086131372812575));
#3098=CARTESIAN_POINT('',(-0.0495653476208834,0.0692527631582063,0.086131372812575));
#3099=CARTESIAN_POINT('',(-0.0525260323101288,0.0680309260274095,0.086131372812575));
#3100=CARTESIAN_POINT('',(-0.0566224492528007,0.067145574695691,0.086131372812575));
#3101=CARTESIAN_POINT('',(-0.0619120272907009,0.0668166930977816,0.086131372812575));
#3102=CARTESIAN_POINT('',(-0.0682118090851019,0.0668773194056182,0.086131372812575));
#3103=CARTESIAN_POINT('',(-0.0734748067374422,0.0670800293492089,0.086131372812575));
#3104=CARTESIAN_POINT('',(-0.0776826130183682,0.0672298841052381,0.0861313728125749));
#3105=CARTESIAN_POINT('',(-0.0808381464566839,0.0672989473905986,0.0861313728125752));
#3106=CARTESIAN_POINT('',(-0.0834665846562945,0.0672826035965062,0.0861313728125743));
#3107=CARTESIAN_POINT('',(-0.0855672766410268,0.0671300942144269,0.0861313728125751));
#3108=CARTESIAN_POINT('',(-0.0866164990641718,0.0669784041729853,0.086131372812575));
#3109=CARTESIAN_POINT('',(-0.0871398151707231,0.0668154802819265,0.086131372812575));
#3110=CARTESIAN_POINT('',(-0.0415866211723372,0.078863300765817,0.0861313731614103));
#3111=CARTESIAN_POINT('',(-0.0415866173283757,0.0788632975320165,0.0861313728125751));
#3112=CARTESIAN_POINT('',(-0.0413712894226001,0.0792343156136636,0.0861313728125751));
#3113=CARTESIAN_POINT('',(-0.0409399634598233,0.0799759943671054,0.0861313728125752));
#3114=CARTESIAN_POINT('',(-0.0398872209210274,0.0813093733659919,0.0861313728125746));
#3115=CARTESIAN_POINT('',(-0.0382338722741349,0.0827209919106647,0.0861313728125754));
#3116=CARTESIAN_POINT('',(-0.0362231914986393,0.0835489069361119,0.086131372812575));
#3117=CARTESIAN_POINT('',(-0.0345408752444153,0.0838464287164158,0.0861313728125747));
#3118=CARTESIAN_POINT('',(-0.0336698814409793,0.0838490391309964,0.0861313728125747));
#3119=CARTESIAN_POINT('',(-0.0332368067248873,0.0838490455707122,0.0861313728125747));
#3120=CARTESIAN_POINT('',(-0.0332375008126593,0.0838490603438822,0.0861313727244691));
#3121=CARTESIAN_POINT('',(-2.07293615606119E-9,0.0838490750571452,0.086131372812575));
#3122=CARTESIAN_POINT('',(-0.025,0.0838490750571452,0.086131372812575));
#3123=CARTESIAN_POINT('',(-0.025,0.01,0.086131372812575));
#3124=CARTESIAN_POINT('',(-0.025,0.0891201452645269,0.086131372812575));
#3125=CARTESIAN_POINT('',(-7.7715611723761E-16,0.0891201452645269,0.086131372812575));
#3126=CARTESIAN_POINT('',(-0.0329367859871535,0.0891201336595751,0.0861313726735296));
#3127=CARTESIAN_POINT('',(-0.0459110553298897,0.0813731254116576,0.0861313728103518));
#3128=CARTESIAN_POINT('',(-0.0455767127462025,0.0819492101481484,0.0861313728103518));
#3129=CARTESIAN_POINT('',(-0.0448900367209618,0.0830873974028674,0.0861313728135821));
#3130=CARTESIAN_POINT('',(-0.0432245130199267,0.0851230739475653,0.086131372811986));
#3131=CARTESIAN_POINT('',(-0.0411501974727507,0.0868518808693882,0.0861313728126693));
#3132=CARTESIAN_POINT('',(-0.0387959131805115,0.0880608069108561,0.0861313728125571));
#3133=CARTESIAN_POINT('',(-0.0368894138903681,0.0887138010370173,0.0861313728125798));
#3134=CARTESIAN_POINT('',(-0.0349481727181226,0.0890895492687147,0.0861313728125735));
#3135=CARTESIAN_POINT('',(-0.0336058849932597,0.0891201102850827,0.0861313728125751));
#3136=CARTESIAN_POINT('',(-0.032935589833816,0.0891201219651976,0.0861313728125751));
#3137=CARTESIAN_POINT('',(-0.0459110515697273,0.0813731417524428,0.0861313728141365));
#3138=CARTESIAN_POINT('',(0.,0.104489498641917,0.0861313728125748));
#3139=CARTESIAN_POINT('',(-0.00710866679004623,0.104689906227473,0.0861313728125748));
#3140=CARTESIAN_POINT('',(-0.0209527872212567,0.105198307088065,0.0861313728125748));
#3141=CARTESIAN_POINT('',(-0.036824494489504,0.097380801291297,0.0861313728125748));
#3142=CARTESIAN_POINT('',(-0.0468166506257658,0.0796785397765721,0.0861313728125748));
#3143=CARTESIAN_POINT('',(-0.0529063481056908,0.0695751823981236,0.0861313728125748));
#3144=CARTESIAN_POINT('',(-0.0854855272669241,0.0738135852791473,0.0861313728125748));
#3145=CARTESIAN_POINT('',(-0.0926239018053776,0.0699823170611,0.0861313728125748));
#3146=CARTESIAN_POINT('',(-0.0919913458576433,0.0629045202008107,0.0861313728125748));
#3147=CARTESIAN_POINT('',(-0.0958116889842502,0.0617841257478328,0.0861313728125748));
#3148=CARTESIAN_POINT('',(-0.0989905346383729,0.0582616691406502,0.0861313728125748));
#3149=CARTESIAN_POINT('',(-0.101324304938316,0.0562836490571499,0.0861313728125748));
#3150=CARTESIAN_POINT('',(-0.101324304938316,0.0562836490571499,0.0861313728125748));
#3151=CARTESIAN_POINT('',(-0.101324304938316,0.0562836490571499,0.0861313728125752));
#3152=CARTESIAN_POINT('',(-0.102844364436755,0.0402059943335499,0.0861313728125752));
#3153=CARTESIAN_POINT('',(-0.105825492287659,0.00867463366951861,0.0861313728125752));
#3154=CARTESIAN_POINT('',(-0.0820441185180638,-0.00958851092748083,0.0861313728125752));
#3155=CARTESIAN_POINT('',(-0.0703887268900871,-0.0185393858716497,0.0861313728125752));
#3156=CARTESIAN_POINT('',(-0.0846794403592814,0.0157,0.086131372812575));
#3157=CARTESIAN_POINT('',(-0.0982403349401193,0.0157,0.086131372812575));
#3158=CARTESIAN_POINT('',(-0.0982403349401193,0.0132,0.086131372812575));
#3159=CARTESIAN_POINT('',(-0.101324304938316,0.0562836490571499,0.0861313728125752));
#3160=CARTESIAN_POINT('',(-0.102844364436755,0.0402059943335499,0.0861313728125752));
#3161=CARTESIAN_POINT('',(-0.105825492287659,0.00867463366951861,0.0861313728125752));
#3162=CARTESIAN_POINT('',(-0.0820441185180638,-0.00958851092748083,0.0861313728125752));
#3163=CARTESIAN_POINT('',(-0.0703887268900871,-0.0185393858716497,0.0861313728125752));
#3164=CARTESIAN_POINT('',(-0.0982403349401193,0.01,0.086131372812575));
#3165=CARTESIAN_POINT('',(0.,0.01,0.086131372812575));
#3166=CARTESIAN_POINT('',(-0.0904582103147499,0.01,0.086131372812575));
#3167=CARTESIAN_POINT('',(-0.0902686898757113,0.0132,0.086131372812575));
#3168=CARTESIAN_POINT('',(-0.0903324364842616,0.0121333681598797,0.086131372812575));
#3169=CARTESIAN_POINT('',(-0.0903955656182877,0.0110666987985207,0.086131372812575));
#3170=CARTESIAN_POINT('',(-0.0904582103147499,0.01,0.086131372812575));
#3171=CARTESIAN_POINT('',(-0.0902686898757112,0.0132,0.086131372812575));
#3172=CARTESIAN_POINT('',(-0.0846794403592814,0.0132,0.086131372812575));
#3173=CARTESIAN_POINT('',(-0.0857526221550745,0.0132,0.086131372812575));
#3174=CARTESIAN_POINT('',(-0.0857526221550745,0.0132,0.086131372812575));
#3175=CARTESIAN_POINT('',(-0.0856888754939436,0.0121333672800834,0.086131372812575));
#3176=CARTESIAN_POINT('',(-0.0856257463648245,0.0110666979867487,0.086131372812575));
#3177=CARTESIAN_POINT('',(-0.0855631017160358,0.01,0.086131372812575));
#3178=CARTESIAN_POINT('',(-0.0855631017160358,0.01,0.086131372812575));
#3179=CARTESIAN_POINT('',(-0.0846794403592814,0.01,0.086131372812575));
#3180=CARTESIAN_POINT('',(-0.0836062585634882,0.01,0.086131372812575));
#3181=CARTESIAN_POINT('',(-0.0836062585634882,0.0132,0.086131372812575));
#3182=CARTESIAN_POINT('',(-0.0970477510812033,0.0541073219497872,0.086131372812575));
#3183=CARTESIAN_POINT('',(-0.0970477510812033,0.0530323219497872,0.086131372812575));
#3184=CARTESIAN_POINT('',(-0.0812207485579422,0.0697859813378066,0.086131372812575));
#3185=CARTESIAN_POINT('',(-0.0812207485579422,0.0687109813378066,0.086131372812575));
#3186=CARTESIAN_POINT('',(-0.0428733521965355,0.0815246581234929,0.086131372812575));
#3187=CARTESIAN_POINT('',(-0.0428733521965355,0.0804496581234929,0.086131372812575));
#3188=CARTESIAN_POINT('',(-0.0958347668181518,0.0225,0.086131372812575));
#3189=CARTESIAN_POINT('',(-0.0958347668181518,0.021425,0.086131372812575));
#3190=CARTESIAN_POINT('',(0.0925856560153928,0.01,0.086131372812575));
#3191=CARTESIAN_POINT('',(-0.01,0.01,0.086131372812575));
#3192=CARTESIAN_POINT('',(-0.01,0.0838490750571452,0.086131372812575));
#3193=CARTESIAN_POINT('',(-0.01,0.0891201452645269,0.086131372812575));
#3194=CARTESIAN_POINT('',(-2.07293615606119E-9,0.0838490750571452,0.086131372812575));
#3195=CARTESIAN_POINT('',(0.01,0.0838490750571452,0.086131372812575));
#3196=CARTESIAN_POINT('',(0.01,0.01,0.086131372812575));
#3197=CARTESIAN_POINT('',(0.01,0.0891201452645269,0.086131372812575));
#3198=CARTESIAN_POINT('',(-7.7715611723761E-16,0.0891201452645269,0.086131372812575));
#3199=CARTESIAN_POINT('',(-9.82624264180779E-8,0.086484610160836,0.086131372812575));
#3200=CARTESIAN_POINT('',(-9.82624264180779E-8,0.085409610160836,0.086131372812575));
#3201=CARTESIAN_POINT('',(0.02489011071724,0.102525708021961,-0.0122429613821966));
#3202=CARTESIAN_POINT('',(0.0249659634821327,0.102499629898117,-0.0118208365699829));
#3203=CARTESIAN_POINT('',(0.0250431899476499,0.102472746900515,-0.0113987841729445));
#3204=CARTESIAN_POINT('',(0.0253571791688439,0.102361961082693,-0.00971083025789824));
#3205=CARTESIAN_POINT('',(0.0256039615883529,0.102271567224861,-0.00844541831052133));
#3206=CARTESIAN_POINT('',(0.0263718401612906,0.101977551961196,-0.00465045126113353));
#3207=CARTESIAN_POINT('',(0.0269208558745389,0.101751053000401,-0.00212222262614843));
#3208=CARTESIAN_POINT('',(0.0280649503282296,0.10123152753391,0.00293198053880537));
#3209=CARTESIAN_POINT('',(0.0286598574601269,0.100938014759028,0.00545811027579648));
#3210=CARTESIAN_POINT('',(0.0298688081847961,0.10028232258955,0.0105082716471874));
#3211=CARTESIAN_POINT('',(0.0304828341752391,0.0999204181727828,0.0130321874934924));
#3212=CARTESIAN_POINT('',(0.0317050865238988,0.0991299974718258,0.0180768632619971));
#3213=CARTESIAN_POINT('',(0.0323138932156394,0.0987016827792431,0.0205976815546835));
#3214=CARTESIAN_POINT('',(0.0332114230279095,0.0980130698022252,0.0243766326359793));
#3215=CARTESIAN_POINT('',(0.0335079904875867,0.097775884190182,0.0256358956031399));
#3216=CARTESIAN_POINT('',(0.0340939647893208,0.0972877133780368,0.028153474677059));
#3217=CARTESIAN_POINT('',(0.0343830193195551,0.0970370593561433,0.0294117628109187));
#3218=CARTESIAN_POINT('',(0.0348119826701578,0.0966497745996691,0.03129853118282));
#3219=CARTESIAN_POINT('',(0.034954252770263,0.0965187458498528,0.0319273477475356));
#3220=CARTESIAN_POINT('',(0.0352376382003932,0.0962525216094814,0.0331847867331311));
#3221=CARTESIAN_POINT('',(0.0353786534770065,0.0961174282663804,0.0338133988133539));
#3222=CARTESIAN_POINT('',(0.0356572903495431,0.0958453479994624,0.0350701867434293));
#3223=CARTESIAN_POINT('',(0.0357948240889376,0.0957084191920652,0.0356983650372903));
#3224=CARTESIAN_POINT('',(0.0360649297301964,0.0954344255323246,0.0369540508968809));
#3225=CARTESIAN_POINT('',(0.0361976311189901,0.095297275025371,0.0375815548605201));
#3226=CARTESIAN_POINT('',(0.0365883302376483,0.0948866748112367,0.0394626424287164));
#3227=CARTESIAN_POINT('',(0.0368382647440724,0.0946148946789462,0.040714705931553));
#3228=CARTESIAN_POINT('',(0.0373267326616194,0.0940679023272188,0.0432143485208454));
#3229=CARTESIAN_POINT('',(0.0375658692800615,0.0937921721950439,0.0444619757533344));
#3230=CARTESIAN_POINT('',(0.0380389022427184,0.0932321800685489,0.0469521027278117));
#3231=CARTESIAN_POINT('',(0.0382726022759637,0.0929481138338436,0.0481946025966493));
#3232=CARTESIAN_POINT('',(0.0387380601153014,0.0923684406287463,0.0506735665095791));
#3233=CARTESIAN_POINT('',(0.0389698293962507,0.0920727211976131,0.0519100017563652));
#3234=CARTESIAN_POINT('',(0.0393189032727791,0.0916168716245992,0.0537591737149186));
#3235=CARTESIAN_POINT('',(0.0394355053026431,0.0914628683918794,0.0543746489075195));
#3236=CARTESIAN_POINT('',(0.0399037463036033,0.0908376013938091,0.0568326099456252));
#3237=CARTESIAN_POINT('',(0.0402587907582428,0.0903481211032434,0.0586672856813406));
#3238=CARTESIAN_POINT('',(0.0410971596530244,0.0891557965804761,0.0629266479162385));
#3239=CARTESIAN_POINT('',(0.0415839463559351,0.0884358984201057,0.065344059840035));
#3240=CARTESIAN_POINT('',(0.0423227795666108,0.0873034928773277,0.068946490224368));
#3241=CARTESIAN_POINT('',(0.0425704383280282,0.0869174162022845,0.0701433880658804));
#3242=CARTESIAN_POINT('',(0.0430673164698308,0.0861307046617501,0.072529954043521));
#3243=CARTESIAN_POINT('',(0.0433165622387104,0.085729957259252,0.0737195873718882));
#3244=CARTESIAN_POINT('',(0.043815254233933,0.0849172393247583,0.0760924285658367));
#3245=CARTESIAN_POINT('',(0.044064674270501,0.0845053804823049,0.0772756709770575));
#3246=CARTESIAN_POINT('',(0.0445620403593054,0.0836751150161224,0.0796369491309347));
#3247=CARTESIAN_POINT('',(0.044810096799339,0.0832564443672818,0.0808149582247124));
#3248=CARTESIAN_POINT('',(0.0451788581949595,0.0826292612717979,0.0825791708494301));
#3249=CARTESIAN_POINT('',(0.0453012179632107,0.0824203536972411,0.0831667765346622));
#3250=CARTESIAN_POINT('',(0.0455443967356415,0.0820039200514735,0.0843412535313558));
#3251=CARTESIAN_POINT('',(0.0456651795194465,0.0817964470182077,0.084928125126413));
#3252=CARTESIAN_POINT('',(0.0458651735407275,0.0814522327460059,0.0859057915217163));
#3253=CARTESIAN_POINT('',(0.0459448263404167,0.081314959964994,0.0862967366755304));
#3254=CARTESIAN_POINT('',(0.0460241511515813,0.0811781436493981,0.0866875899016773));
#3255=CARTESIAN_POINT('',(0.0247993481832773,0.102556943970279,-0.0122330575055289));
#3256=CARTESIAN_POINT('',(0.0248745186446063,0.102531365467888,-0.0118107405734914));
#3257=CARTESIAN_POINT('',(0.0249510494271386,0.102504999643457,-0.0113884955335289));
#3258=CARTESIAN_POINT('',(0.0252622058020552,0.102396354537686,-0.00969976879723664));
#3259=CARTESIAN_POINT('',(0.0255067495376467,0.102307728713251,-0.00843377240344981));
#3260=CARTESIAN_POINT('',(0.0262676563308613,0.102019535575638,-0.0046370312129046));
#3261=CARTESIAN_POINT('',(0.0268116866318327,0.101797607529739,-0.00210759147137369));
#3262=CARTESIAN_POINT('',(0.0279456459929127,0.101288748081669,0.0029491331830167));
#3263=CARTESIAN_POINT('',(0.0285353931076762,0.101001363601293,0.00547657424678516));
#3264=CARTESIAN_POINT('',(0.029734442886958,0.100359364587294,0.0105294935120483));
#3265=CARTESIAN_POINT('',(0.0303437411243805,0.100005003192596,0.0130548541951823));
#3266=CARTESIAN_POINT('',(0.031557596927165,0.0992307448928506,0.0181025880283705));
#3267=CARTESIAN_POINT('',(0.0321627058955927,0.0988110504716777,0.0206250247244683));
#3268=CARTESIAN_POINT('',(0.0330555937455039,0.0981359223422818,0.0244066179181916));
#3269=CARTESIAN_POINT('',(0.0333507692985634,0.0979033161968834,0.0256667959747591));
#3270=CARTESIAN_POINT('',(0.0339343964207164,0.0974242608076368,0.0281862579407962));
#3271=CARTESIAN_POINT('',(0.0342225371319399,0.0971780901407822,0.0294455035073941));
#3272=CARTESIAN_POINT('',(0.0346502916940433,0.0967976681503914,0.0313338005334214));
#3273=CARTESIAN_POINT('',(0.0347921794406354,0.0966689581024628,0.0319631436701227));
#3274=CARTESIAN_POINT('',(0.0350747972582398,0.0964074826660738,0.0332216827976211));
#3275=CARTESIAN_POINT('',(0.0352154415294842,0.096274801176884,0.0338508648941498));
#3276=CARTESIAN_POINT('',(0.0354936483582054,0.0960072456729168,0.0351087633257705));
#3277=CARTESIAN_POINT('',(0.0356311520543882,0.09587239914785,0.0357374753671963));
#3278=CARTESIAN_POINT('',(0.0359016406139667,0.0956020613263018,0.0369941658627626));
#3279=CARTESIAN_POINT('',(0.0360347122298022,0.0954665295142406,0.0376221506451026));
#3280=CARTESIAN_POINT('',(0.0364265943417782,0.0950605407550185,0.0395047196721758));
#3281=CARTESIAN_POINT('',(0.0366772625353602,0.094791625422368,0.0407578563258805));
#3282=CARTESIAN_POINT('',(0.0371672659745029,0.0942499422460871,0.0432597811089627));
#3283=CARTESIAN_POINT('',(0.0374072664286687,0.0939766141080277,0.0445085995947049));
#3284=CARTESIAN_POINT('',(0.0378821671873133,0.0934210367171915,0.0470012703755835));
#3285=CARTESIAN_POINT('',(0.0381168518428244,0.0931389968190094,0.0482451304178386));
#3286=CARTESIAN_POINT('',(0.0385842703201612,0.0925631550201684,0.0507270638375301));
#3287=CARTESIAN_POINT('',(0.038817027999335,0.0922692292556476,0.0519651016360616));
#3288=CARTESIAN_POINT('',(0.0391676126925838,0.0918159018846884,0.0538168545605788));
#3289=CARTESIAN_POINT('',(0.0392847231335911,0.0916627113517664,0.0544332199102506));
#3290=CARTESIAN_POINT('',(0.0397550210352683,0.0910405877340818,0.0568948569997278));
#3291=CARTESIAN_POINT('',(0.0401116568979495,0.0905532227448713,0.0587325385186162));
#3292=CARTESIAN_POINT('',(0.0409537426924592,0.0893653168550607,0.0629989035748057));
#3293=CARTESIAN_POINT('',(0.0414426528079291,0.0886475552262457,0.0654202912056256));
#3294=CARTESIAN_POINT('',(0.0421845532775731,0.0875177856115215,0.0690284696832825));
#3295=CARTESIAN_POINT('',(0.0424332194201925,0.087132482974472,0.0702272381687805));
#3296=CARTESIAN_POINT('',(0.0429321174160606,0.086346996139139,0.0726173098907295));
#3297=CARTESIAN_POINT('',(0.0431823896870392,0.0859466749782671,0.0738085677231849));
#3298=CARTESIAN_POINT('',(0.0436830905583789,0.085134518918993,0.0761843413504384));
#3299=CARTESIAN_POINT('',(0.0439334790453774,0.084722819951777,0.0773689022073151));
#3300=CARTESIAN_POINT('',(0.0444325216025752,0.0838929072932863,0.0797325458448959));
#3301=CARTESIAN_POINT('',(0.0446812278127423,0.0834745366567371,0.0809116436431741));
#3302=CARTESIAN_POINT('',(0.0450511555105417,0.0828470635331433,0.0826769259504027));
#3303=CARTESIAN_POINT('',(0.0451739395857904,0.0826379293262677,0.08326479172669));
#3304=CARTESIAN_POINT('',(0.045418128793148,0.0822206067798266,0.0844395172212501));
#3305=CARTESIAN_POINT('',(0.0455395265167478,0.0820124193102156,0.0850263552487699));
#3306=CARTESIAN_POINT('',(0.045740498822689,0.0816669703305652,0.0860038697467651));
#3307=CARTESIAN_POINT('',(0.0458205266814725,0.0815291988625373,0.0863947314711084));
#3308=CARTESIAN_POINT('',(0.0459001611131455,0.08139196641863,0.0867855146967177));
#3309=CARTESIAN_POINT('',(0.0247111377262427,0.10258681129949,-0.0122234486040553));
#3310=CARTESIAN_POINT('',(0.0247856428175296,0.102561709263251,-0.0118009453421771));
#3311=CARTESIAN_POINT('',(0.0248614949617279,0.102535836657532,-0.0113785134580763));
#3312=CARTESIAN_POINT('',(0.0251698868982477,0.102429233178007,-0.00968903712590021));
#3313=CARTESIAN_POINT('',(0.0254122438263367,0.102342293626522,-0.00842247376784129));
#3314=CARTESIAN_POINT('',(0.0261663310819065,0.102059654812783,-0.0046240110368401));
#3315=CARTESIAN_POINT('',(0.026705472804841,0.1018420893652,-0.00209339547448793));
#3316=CARTESIAN_POINT('',(0.0278294521159087,0.101343422366584,0.0029657796592327));
#3317=CARTESIAN_POINT('',(0.0284140958255294,0.101061898720078,0.00549449639249776));
#3318=CARTESIAN_POINT('',(0.0296033011502021,0.100433019121863,0.0105501013262622));
#3319=CARTESIAN_POINT('',(0.030207872439092,0.100085896237996,0.0130768702725119));
#3320=CARTESIAN_POINT('',(0.0314132721300004,0.099327187349841,0.018127586917376));
#3321=CARTESIAN_POINT('',(0.0320146235337618,0.0989158031958178,0.0206516031479643));
#3322=CARTESIAN_POINT('',(0.0329027366992873,0.0982536990903858,0.0244357755657855));
#3323=CARTESIAN_POINT('',(0.0331964692278281,0.0980255203714989,0.0256968470667532));
#3324=CARTESIAN_POINT('',(0.0337776396345971,0.0975552998156811,0.0282181485841892));
#3325=CARTESIAN_POINT('',(0.0340648098640326,0.0973134898625175,0.0294783303831149));
#3326=CARTESIAN_POINT('',(0.0344912590058208,0.0969397425215226,0.0313681221047189));
#3327=CARTESIAN_POINT('',(0.0346327299741397,0.0968132868583874,0.0319979800568975));
#3328=CARTESIAN_POINT('',(0.0349145051956173,0.0965564224238403,0.0332575943935771));
#3329=CARTESIAN_POINT('',(0.0350547385317619,0.0964260813775944,0.0338873335065173));
#3330=CARTESIAN_POINT('',(0.0353324434593642,0.0961629449304881,0.0351463189144774));
#3331=CARTESIAN_POINT('',(0.0354698866140791,0.0960301501950027,0.0357755544470914));
#3332=CARTESIAN_POINT('',(0.035740710318801,0.0957634661083366,0.0370332336414268));
#3333=CARTESIAN_POINT('',(0.0358741327801667,0.0956295757764961,0.0376616931652691));
#3334=CARTESIAN_POINT('',(0.0362671285262793,0.0952282843657452,0.039545728118602));
#3335=CARTESIAN_POINT('',(0.036518459744212,0.094962297328992,0.0407999303357316));
#3336=CARTESIAN_POINT('',(0.0370098425844041,0.0944260754293283,0.0433041263661167));
#3337=CARTESIAN_POINT('',(0.0372506264982329,0.0941552446880922,0.0445541330162717));
#3338=CARTESIAN_POINT('',(0.0377272359578769,0.093604300622811,0.047049344403824));
#3339=CARTESIAN_POINT('',(0.0379628249501208,0.0933244080864254,0.0482945643578607));
#3340=CARTESIAN_POINT('',(0.0384320407014541,0.092752646720118,0.0507794680088655));
#3341=CARTESIAN_POINT('',(0.0386657042117418,0.0924606441636963,0.0520191095797776));
#3342=CARTESIAN_POINT('',(0.0390176776293436,0.0920100407577058,0.0538734473849444));
#3343=CARTESIAN_POINT('',(0.0391352560836312,0.0918577314267371,0.0544907045400087));
#3344=CARTESIAN_POINT('',(0.0396074514363742,0.0912390300797854,0.0569560259635552));
#3345=CARTESIAN_POINT('',(0.0399655637091352,0.0907540003304071,0.0587967234144411));
#3346=CARTESIAN_POINT('',(0.0408111125410293,0.089571039368919,0.0630701356833341));
#3347=CARTESIAN_POINT('',(0.0413020121733194,0.0888557244128813,0.0654955406406554));
#3348=CARTESIAN_POINT('',(0.0420468037312403,0.087729045449287,0.0691095450691689));
#3349=CARTESIAN_POINT('',(0.042296422097213,0.0873446686648286,0.0703102135280813));
#3350=CARTESIAN_POINT('',(0.0427972315664679,0.0865607302520542,0.0727038646005108));
#3351=CARTESIAN_POINT('',(0.0430484758924004,0.0861610121393427,0.0738967932239723));
#3352=CARTESIAN_POINT('',(0.0435510808486443,0.0853497817671387,0.0762756029076069));
#3353=CARTESIAN_POINT('',(0.0438023886571006,0.0849384248136296,0.077461537551261));
#3354=CARTESIAN_POINT('',(0.0443030302771642,0.0841091711464554,0.0798276405652846));
#3355=CARTESIAN_POINT('',(0.0445523633504582,0.0836912037225365,0.0810078574110114));
#3356=CARTESIAN_POINT('',(0.0449234006662067,0.0830636969473355,0.0827742988900818));
#3357=CARTESIAN_POINT('',(0.045046586101369,0.0828544397840613,0.0833624624234688));
#3358=CARTESIAN_POINT('',(0.045291722998111,0.0824365057066399,0.0845375405471902));
#3359=CARTESIAN_POINT('',(0.0454136932668332,0.0822277878358033,0.0851244155731187));
#3360=CARTESIAN_POINT('',(0.0456155750335076,0.081881404934351,0.0861018941321013));
#3361=CARTESIAN_POINT('',(0.0456959512554254,0.0817432521371277,0.0864927178255983));
#3362=CARTESIAN_POINT('',(0.0457758737927434,0.0816057004630686,0.0868834684957622));
#3363=CARTESIAN_POINT('',(0.02453589430828,0.10264436065126,-0.0122044192155668));
#3364=CARTESIAN_POINT('',(0.0246090835258263,0.102620172257286,-0.0117815485648593));
#3365=CARTESIAN_POINT('',(0.0246835932708505,0.102595245398469,-0.0113587483695829));
#3366=CARTESIAN_POINT('',(0.024986515623445,0.102492556662462,-0.00966779477737599));
#3367=CARTESIAN_POINT('',(0.0252245431864337,0.102408850168991,-0.0084001149164873));
#3368=CARTESIAN_POINT('',(0.0259651145175151,0.102136861664194,-0.00459826394805576));
#3369=CARTESIAN_POINT('',(0.026494547676775,0.101927663150963,-0.00206533666370228));
#3370=CARTESIAN_POINT('',(0.0275986189895241,0.101448562941443,0.00299865576198747));
#3371=CARTESIAN_POINT('',(0.0281730391347936,0.101178295954198,0.00552987979344674));
#3372=CARTESIAN_POINT('',(0.0293423807396101,0.10057466360733,0.0105907691029178));
#3373=CARTESIAN_POINT('',(0.0299373388979817,0.100241495474333,0.0131203120860023));
#3374=CARTESIAN_POINT('',(0.0311253185507513,0.0995128576816082,0.0181769167970486));
#3375=CARTESIAN_POINT('',(0.031718812509088,0.0991175842281629,0.0207040558811072));
#3376=CARTESIAN_POINT('',(0.0325967611543547,0.0984807809317748,0.024493329195317));
#3377=CARTESIAN_POINT('',(0.0328873842966095,0.0982612132267524,0.025756168343011));
#3378=CARTESIAN_POINT('',(0.0334631342634139,0.097808237137342,0.028281119537239));
#3379=CARTESIAN_POINT('',(0.0337480699357416,0.0975749831229594,0.0295431667648845));
#3380=CARTESIAN_POINT('',(0.0341714669765332,0.097214323192549,0.0314359312622805));
#3381=CARTESIAN_POINT('',(0.0343119587028308,0.0970922842563706,0.0320668118050246));
#3382=CARTESIAN_POINT('',(0.034591771432292,0.0968444319477824,0.0333285561110757));
#3383=CARTESIAN_POINT('',(0.0347310477763014,0.0967186595367982,0.0339593969702995));
#3384=CARTESIAN_POINT('',(0.0350074156692903,0.0964642352363318,0.0352205502806365));
#3385=CARTESIAN_POINT('',(0.0351445322654959,0.096335541113786,0.0358508411702448));
#3386=CARTESIAN_POINT('',(0.0354155217314369,0.0960763126673707,0.0371105442257069));
#3387=CARTESIAN_POINT('',(0.0355493576854369,0.0959458405885022,0.0377399881698823));
#3388=CARTESIAN_POINT('',(0.0359437302058208,0.0955543718233756,0.0396270629766723));
#3389=CARTESIAN_POINT('',(0.0361958804930262,0.095294502995876,0.0408834617690396));
#3390=CARTESIAN_POINT('',(0.0366890561808791,0.0947697485205563,0.0433923371190925));
#3391=CARTESIAN_POINT('',(0.0369309301741945,0.0945042182217151,0.0446447961213833));
#3392=CARTESIAN_POINT('',(0.0374100172012912,0.0939631996421084,0.047145256135269));
#3393=CARTESIAN_POINT('',(0.0376469573854328,0.0936879479807921,0.048393285813821));
#3394=CARTESIAN_POINT('',(0.0381188985188397,0.0931250322814659,0.0508843176827432));
#3395=CARTESIAN_POINT('',(0.038353958952866,0.0928372191314394,0.0521272655868904));
#3396=CARTESIAN_POINT('',(0.0387081088425158,0.0923925828690177,0.0539869328172005));
#3397=CARTESIAN_POINT('',(0.0388264264893858,0.0922422098233131,0.0546060287315934));
#3398=CARTESIAN_POINT('',(0.039301640890395,0.0916310527775981,0.0570789483191672));
#3399=CARTESIAN_POINT('',(0.0396621509905737,0.0911512270792085,0.0589258693023313));
#3400=CARTESIAN_POINT('',(0.0405134059075093,0.0899793995661199,0.0632138643045802));
#3401=CARTESIAN_POINT('',(0.0410076455319604,0.0892696862482797,0.0656476142647307));
#3402=CARTESIAN_POINT('',(0.0417573554749852,0.0881502049400759,0.0692737555541948));
#3403=CARTESIAN_POINT('',(0.0420086045206245,0.0877680149286012,0.0704783903894646));
#3404=CARTESIAN_POINT('',(0.0425126996020126,0.0869878762195661,0.0728795563674833));
#3405=CARTESIAN_POINT('',(0.0427656201587858,0.0865897416745119,0.0740760207248711));
#3406=CARTESIAN_POINT('',(0.0432715155329258,0.0857811322683124,0.0764613016360323));
#3407=CARTESIAN_POINT('',(0.0435244163904517,0.085370841855129,0.0776501844722367));
#3408=CARTESIAN_POINT('',(0.0440278421100396,0.0845435524792868,0.0800215536266855));
#3409=CARTESIAN_POINT('',(0.0442782787031774,0.0841266142476482,0.0812041372282412));
#3410=CARTESIAN_POINT('',(0.0446512404528812,0.0834995718040504,0.082973171912334));
#3411=CARTESIAN_POINT('',(0.0447751176325368,0.083290281388313,0.0835620373440114));
#3412=CARTESIAN_POINT('',(0.0450218731014777,0.0828716867083278,0.0847380915571215));
#3413=CARTESIAN_POINT('',(0.045144813604889,0.0826622782741041,0.0853252140355862));
#3414=CARTESIAN_POINT('',(0.0453482331432149,0.0823146316946368,0.0863029015912152));
#3415=CARTESIAN_POINT('',(0.0454291975695329,0.0821759517524804,0.0866937581856833));
#3416=CARTESIAN_POINT('',(0.0455096069886524,0.0820379563626927,0.0870845339659724));
#3417=CARTESIAN_POINT('',(0.0244488697461782,0.102672042402062,-0.0121949995565903));
#3418=CARTESIAN_POINT('',(0.0245214084749911,0.102648291193645,-0.011771947856537));
#3419=CARTESIAN_POINT('',(0.0245952544740003,0.102623816873022,-0.0113489662034691));
#3420=CARTESIAN_POINT('',(0.0248954717395785,0.102523001296674,-0.00965728498249071));
#3421=CARTESIAN_POINT('',(0.0251313567862521,0.102440841625663,-0.00838905560581031));
#3422=CARTESIAN_POINT('',(0.025865231853128,0.102173949234426,-0.00458553799903185));
#3423=CARTESIAN_POINT('',(0.0263898451090831,0.101968755163944,-0.00205147484008272));
#3424=CARTESIAN_POINT('',(0.0274839887065348,0.101499029536867,0.00301488435564377));
#3425=CARTESIAN_POINT('',(0.028053288833739,0.101234158520899,0.00554734000180773));
#3426=CARTESIAN_POINT('',(0.0292126116579978,0.100642654249294,0.0106108279724278));
#3427=CARTESIAN_POINT('',(0.0298026839895067,0.100316202441052,0.0131417366949675));
#3428=CARTESIAN_POINT('',(0.0309817008173877,0.0996020862994307,0.0182012465325206));
#3429=CARTESIAN_POINT('',(0.0315710956162849,0.0992146131746973,0.0207299288459913));
#3430=CARTESIAN_POINT('',(0.0324436556370472,0.0985900863970043,0.0245217236724726));
#3431=CARTESIAN_POINT('',(0.0327326128508116,0.0983747021665161,0.0257854369631118));
#3432=CARTESIAN_POINT('',(0.0333054001683657,0.0979301353150348,0.0283121981159688));
#3433=CARTESIAN_POINT('',(0.0335890724640253,0.0977010762034617,0.0295751744208265));
#3434=CARTESIAN_POINT('',(0.0340107237862134,0.0973468285838213,0.0314694168306832));
#3435=CARTESIAN_POINT('',(0.0341506533463137,0.0972269518514071,0.0321008050962763));
#3436=CARTESIAN_POINT('',(0.0344293466662297,0.0969835004559339,0.0333636040778083));
#3437=CARTESIAN_POINT('',(0.0345680771620456,0.0968599561505175,0.0339949896302205));
#3438=CARTESIAN_POINT('',(0.0348436106728289,0.0966098245182069,0.0352572237193253));
#3439=CARTESIAN_POINT('',(0.0349804618370597,0.0964831788552244,0.0358880463556357));
#3440=CARTESIAN_POINT('',(0.0352512835967686,0.0962277512077716,0.0371487842217307));
#3441=CARTESIAN_POINT('',(0.035385183227683,0.0960990552016694,0.0377787376246708));
#3442=CARTESIAN_POINT('',(0.0357798218405277,0.0957127096562302,0.0396673857004808));
#3443=CARTESIAN_POINT('',(0.0360321297108295,0.0954560295442827,0.0409249151154131));
#3444=CARTESIAN_POINT('',(0.0365257216070084,0.0949372789095854,0.0434361977556691));
#3445=CARTESIAN_POINT('',(0.036767903557227,0.0946745504772483,0.0446899205320314));
#3446=CARTESIAN_POINT('',(0.0372477620705116,0.0941388216615964,0.0471930876788558));
#3447=CARTESIAN_POINT('',(0.0374851503574717,0.0938660623181044,0.0484425667033031));
#3448=CARTESIAN_POINT('',(0.0379580218660607,0.0933079095588676,0.0509367555884674));
#3449=CARTESIAN_POINT('',(0.0381935744291778,0.0930223614966178,0.0521814055469444));
#3450=CARTESIAN_POINT('',(0.0385485135333054,0.0925809667779767,0.0540438165137432));
#3451=CARTESIAN_POINT('',(0.0386671028339195,0.0924316482757137,0.0546638591046029));
#3452=CARTESIAN_POINT('',(0.0391434406890147,0.0918246111144613,0.0571406913755958));
#3453=CARTESIAN_POINT('',(0.0395048735013364,0.0913476526510678,0.0589908190200835));
#3454=CARTESIAN_POINT('',(0.0403583742437339,0.0901820101020281,0.0632863472687421));
#3455=CARTESIAN_POINT('',(0.0408539657419038,0.0894754498127794,0.0657244235449231));
#3456=CARTESIAN_POINT('',(0.0416057048488397,0.0883600728127309,0.0693568736970453));
#3457=CARTESIAN_POINT('',(0.0418576329379406,0.0879791428514317,0.0705635742498126));
#3458=CARTESIAN_POINT('',(0.0423631033086343,0.0872012536752757,0.0729686743989076));
#3459=CARTESIAN_POINT('',(0.0426167286139575,0.0868040987557568,0.0741670029928062));
#3460=CARTESIAN_POINT('',(0.043124011433713,0.0859971828633648,0.076555717688999));
#3461=CARTESIAN_POINT('',(0.0433775865496285,0.0855876161213917,0.0777461742590355));
#3462=CARTESIAN_POINT('',(0.0438821982155681,0.0847616305772925,0.0801203489933004));
#3463=CARTESIAN_POINT('',(0.0441331118056526,0.084345317779048,0.0813041798234978));
#3464=CARTESIAN_POINT('',(0.0445068890430996,0.0837187722182205,0.0830746477344072));
#3465=CARTESIAN_POINT('',(0.0446310568605359,0.0835095710886475,0.083663917022021));
#3466=CARTESIAN_POINT('',(0.0448784838405835,0.083090926292447,0.0848405940428553));
#3467=CARTESIAN_POINT('',(0.0450018224281109,0.0828813570357096,0.085427926592145));
#3468=CARTESIAN_POINT('',(0.045205870915653,0.0825333796347273,0.0864058584786241));
#3469=CARTESIAN_POINT('',(0.0452870754308308,0.082394553464567,0.0867967857741912));
#3470=CARTESIAN_POINT('',(0.0453676838330604,0.0822564332477118,0.0871876190281633));
#3471=CARTESIAN_POINT('',(0.0242734176323618,0.102725624680667,-0.0121760833565979));
#3472=CARTESIAN_POINT('',(0.0243446550785076,0.102702714732272,-0.0117526703463553));
#3473=CARTESIAN_POINT('',(0.0244171730853291,0.102679111173043,-0.0113293267114823));
#3474=CARTESIAN_POINT('',(0.024711977256065,0.102581899704653,-0.00963619455317973));
#3475=CARTESIAN_POINT('',(0.0249435733356463,0.102502715735466,-0.00836687074069203));
#3476=CARTESIAN_POINT('',(0.0256640315739305,0.102245627089174,-0.00456003726260837));
#3477=CARTESIAN_POINT('',(0.026178971298548,0.102048137092363,-0.00202371867884687));
#3478=CARTESIAN_POINT('',(0.0272531055956952,0.101596460662329,0.00304733587235368));
#3479=CARTESIAN_POINT('',(0.0278120468412788,0.101341981492774,0.00558223241929967));
#3480=CARTESIAN_POINT('',(0.0289509475069643,0.100773878790571,0.010650874710459));
#3481=CARTESIAN_POINT('',(0.0295309797981328,0.10046040929508,0.0131844948396683));
#3482=CARTESIAN_POINT('',(0.0306913240614314,0.0997744539233488,0.0182497861763138));
#3483=CARTESIAN_POINT('',(0.0312720503221768,0.0994021449169654,0.0207815448585345));
#3484=CARTESIAN_POINT('',(0.0321330242264021,0.098801531048989,0.0245783667010037));
#3485=CARTESIAN_POINT('',(0.0324183605124805,0.0985943051337378,0.0258438233792664));
#3486=CARTESIAN_POINT('',(0.0329845651482293,0.0981661997513266,0.0283742068981894));
#3487=CARTESIAN_POINT('',(0.0332653265159802,0.0979453978028231,0.0296390525812182));
#3488=CARTESIAN_POINT('',(0.0336829198927646,0.0976037604997388,0.0315362610585514));
#3489=CARTESIAN_POINT('',(0.03382154038345,0.0974881317342062,0.032168666479726));
#3490=CARTESIAN_POINT('',(0.034097651321116,0.0972533030265033,0.0334335706889173));
#3491=CARTESIAN_POINT('',(0.0342351256756872,0.097134117771068,0.034066041175893));
#3492=CARTESIAN_POINT('',(0.0345085636675707,0.0968924740717744,0.0353304510265585));
#3493=CARTESIAN_POINT('',(0.0346446097121133,0.0967699359063988,0.0359623585117684));
#3494=CARTESIAN_POINT('',(0.0349144011401206,0.0965222820697027,0.0372252452437004));
#3495=CARTESIAN_POINT('',(0.0350480250680789,0.0963972838955633,0.0378562714743694));
#3496=CARTESIAN_POINT('',(0.0354420192369714,0.096021635286663,0.0397482293198471));
#3497=CARTESIAN_POINT('',(0.0356939698642533,0.0957715959766286,0.0410081166282695));
#3498=CARTESIAN_POINT('',(0.0361871340857979,0.0952653858152253,0.0435244105613453));
#3499=CARTESIAN_POINT('',(0.0364293134533068,0.0950085540849371,0.0447807671393522));
#3500=CARTESIAN_POINT('',(0.0369094961809015,0.0944840285143451,0.0472895787968528));
#3501=CARTESIAN_POINT('',(0.0371471899215173,0.0942165771793592,0.0485420785911602));
#3502=CARTESIAN_POINT('',(0.0376208087405633,0.0936685804506212,0.0510428347376837));
#3503=CARTESIAN_POINT('',(0.0378568179931348,0.0933878737040738,0.0522910210045211));
#3504=CARTESIAN_POINT('',(0.0382125721258148,0.0929534279169203,0.0541591308485354));
#3505=CARTESIAN_POINT('',(0.0383314548746067,0.092806373660732,0.0547811394671396));
#3506=CARTESIAN_POINT('',(0.0388090540406101,0.0922081978054293,0.0572660979121463));
#3507=CARTESIAN_POINT('',(0.0391716260203642,0.0917374412084762,0.059122886433271));
#3508=CARTESIAN_POINT('',(0.040028062070105,0.0905852461777296,0.0634340918178882));
#3509=CARTESIAN_POINT('',(0.0405255389428959,0.0898855966952718,0.0658811943127913));
#3510=CARTESIAN_POINT('',(0.0412802205153707,0.0887792878041465,0.0695268318271149));
#3511=CARTESIAN_POINT('',(0.0415331516095217,0.0884011598961063,0.0707378565485023));
#3512=CARTESIAN_POINT('',(0.0420406762992977,0.0876283598693469,0.0731512272234842));
#3513=CARTESIAN_POINT('',(0.0422953650088035,0.0872334805082532,0.0743534976963262));
#3514=CARTESIAN_POINT('',(0.0428047541641045,0.086430596519264,0.0767495107031613));
#3515=CARTESIAN_POINT('',(0.0430593602122779,0.0860227975730963,0.0779433281494959));
#3516=CARTESIAN_POINT('',(0.0435658004974792,0.0851999615620721,0.0803234848889202));
#3517=CARTESIAN_POINT('',(0.0438174628786491,0.0847850864302742,0.0815099510773189));
#3518=CARTESIAN_POINT('',(0.0441924902794882,0.0841599832313548,0.0832835657612248));
#3519=CARTESIAN_POINT('',(0.0443170990015471,0.0839511404109248,0.0838737487167245));
#3520=CARTESIAN_POINT('',(0.0445655285088001,0.083532871309332,0.085051934239736));
#3521=CARTESIAN_POINT('',(0.0446894529203661,0.0833232938870275,0.0856398520709274));
#3522=CARTESIAN_POINT('',(0.0448944227260094,0.0829751667875695,0.0866185386978992));
#3523=CARTESIAN_POINT('',(0.0449759778748063,0.082836247838845,0.0870097102962444));
#3524=CARTESIAN_POINT('',(0.0450568771302246,0.0826980432668086,0.0874007438657962));
#3525=CARTESIAN_POINT('',(0.0241849984794736,0.102751524936713,-0.0121665876436203));
#3526=CARTESIAN_POINT('',(0.0242555851466507,0.102729019072227,-0.0117429943821772));
#3527=CARTESIAN_POINT('',(0.0243274389221248,0.1027058337462,-0.0113194702325364));
#3528=CARTESIAN_POINT('',(0.0246195351435468,0.102610353268498,-0.00962561480105655));
#3529=CARTESIAN_POINT('',(0.0248489848136335,0.102532598216072,-0.00835574609131922));
#3530=CARTESIAN_POINT('',(0.0255627226101696,0.102280217329657,-0.00454726343890473));
#3531=CARTESIAN_POINT('',(0.0260728087890872,0.102086427070483,-0.00200982533151092));
#3532=CARTESIAN_POINT('',(0.0271368617342362,0.101643425497849,0.00306355776252483));
#3533=CARTESIAN_POINT('',(0.0276905642574077,0.101393942349315,0.00559966358155522));
#3534=CARTESIAN_POINT('',(0.0288190620297669,0.10083711338095,0.0106708614860485));
#3535=CARTESIAN_POINT('',(0.0293939404625806,0.100529909958171,0.0132058272482084));
#3536=CARTESIAN_POINT('',(0.0305445760875595,0.09985759367249,0.0182739948294397));
#3537=CARTESIAN_POINT('',(0.0311207336909114,0.0994926483510287,0.0208072865614307));
#3538=CARTESIAN_POINT('',(0.0319755113144729,0.0989036706076886,0.0246066137475971));
#3539=CARTESIAN_POINT('',(0.0322588930346327,0.0987004194203214,0.0258729396111573));
#3540=CARTESIAN_POINT('',(0.0328214787131568,0.0982803658740016,0.0284051353707533));
#3541=CARTESIAN_POINT('',(0.0331005932283188,0.098063625863478,0.029670921235561));
#3542=CARTESIAN_POINT('',(0.0335158753403811,0.0977281861157609,0.0315696177001554));
#3543=CARTESIAN_POINT('',(0.0336537492253995,0.0976146429749468,0.0322025325018233));
#3544=CARTESIAN_POINT('',(0.0339283976767052,0.097384035830897,0.0334684871784837));
#3545=CARTESIAN_POINT('',(0.0340651619470671,0.0972669814331252,0.0341014978701508));
#3546=CARTESIAN_POINT('',(0.0343373395535451,0.0970295325770694,0.0353670025563396));
#3547=CARTESIAN_POINT('',(0.034472846495441,0.0969090530859424,0.0359994630246427));
#3548=CARTESIAN_POINT('',(0.0347417769756709,0.0966653711546345,0.0372634634600543));
#3549=CARTESIAN_POINT('',(0.0348750625535692,0.0965422940397068,0.0378950528396214));
#3550=CARTESIAN_POINT('',(0.0352681491383746,0.096172217070192,0.0397887465275695));
#3551=CARTESIAN_POINT('',(0.0355195864777145,0.0959256286487145,0.041049860717669));
#3552=CARTESIAN_POINT('',(0.0360119095780137,0.0954259528128785,0.0435687578711996));
#3553=CARTESIAN_POINT('',(0.0362537797429894,0.0951722147390675,0.0448264840631283));
#3554=CARTESIAN_POINT('',(0.0367335178184405,0.094653600253416,0.0473382322116452));
#3555=CARTESIAN_POINT('',(0.0369710701575474,0.0943889634136632,0.0485923029630791));
#3556=CARTESIAN_POINT('',(0.0374445081789731,0.0938463574809764,0.0510964683843577));
#3557=CARTESIAN_POINT('',(0.0376804830283744,0.0935682258518353,0.052346488398701));
#3558=CARTESIAN_POINT('',(0.0380362644419116,0.0931374858175693,0.0542175525754371));
#3559=CARTESIAN_POINT('',(0.0381551694595795,0.0929916407241451,0.0548405802678497));
#3560=CARTESIAN_POINT('',(0.0386329083392908,0.0923982041442881,0.0573297510569121));
#3561=CARTESIAN_POINT('',(0.0389956980691391,0.0919307806026189,0.0591899928543932));
#3562=CARTESIAN_POINT('',(0.0398528263785661,0.0907858445700885,0.0635093398543165));
#3563=CARTESIAN_POINT('',(0.0403508381506374,0.0900899509290014,0.065961140891614));
#3564=CARTESIAN_POINT('',(0.041106434891824,0.0889886031425387,0.069613654858045));
#3565=CARTESIAN_POINT('',(0.0413596905347119,0.0886120163673648,0.0708269373451094));
#3566=CARTESIAN_POINT('',(0.0418678954048237,0.0878420542088213,0.0732446429908695));
#3567=CARTESIAN_POINT('',(0.0421229433426253,0.0874484698866558,0.0744489903997347));
#3568=CARTESIAN_POINT('',(0.0426330525004801,0.0866479225221353,0.0768488665460666));
#3569=CARTESIAN_POINT('',(0.0428880157532994,0.0862411668451539,0.0780444704629264));
#3570=CARTESIAN_POINT('',(0.0433950996211039,0.0854201750671894,0.0804278024435277));
#3571=CARTESIAN_POINT('',(0.0436470341366423,0.0850061116221884,0.0816156562817475));
#3572=CARTESIAN_POINT('',(0.0440224968848673,0.0843819528019666,0.0833909837054691));
#3573=CARTESIAN_POINT('',(0.0441472561269691,0.084173378586744,0.0839816761876642));
#3574=CARTESIAN_POINT('',(0.0443960172786129,0.0837555342513426,0.0851607467526253));
#3575=CARTESIAN_POINT('',(0.0445201298246509,0.0835461088256324,0.0857490394115911));
#3576=CARTESIAN_POINT('',(0.044725392637477,0.0831981617839117,0.0867282358433965));
#3577=CARTESIAN_POINT('',(0.0448070585786272,0.0830592958723606,0.0871195808127025));
#3578=CARTESIAN_POINT('',(0.0448880499110774,0.0829211314307198,0.0875107570322635));
#3579=CARTESIAN_POINT('',(0.0240052541079566,0.102801809157792,-0.0121473637813288));
#3580=CARTESIAN_POINT('',(0.0240745270907223,0.102780083385144,-0.0117234078418331));
#3581=CARTESIAN_POINT('',(0.0241450398854457,0.102757705423097,-0.0112995206343946));
#3582=CARTESIAN_POINT('',(0.0244316685105705,0.102665566291589,-0.00960421114071278));
#3583=CARTESIAN_POINT('',(0.0246567832403581,0.102590568989434,-0.0083332483824263));
#3584=CARTESIAN_POINT('',(0.0253569383601916,0.10234727347656,-0.00452145839239596));
#3585=CARTESIAN_POINT('',(0.0258572015301521,0.102160622996057,-0.00198178017269888));
#3586=CARTESIAN_POINT('',(0.0269007764859713,0.101734370656559,0.00309625579633868));
#3587=CARTESIAN_POINT('',(0.0274438039974394,0.101494534697474,0.00563477442926511));
#3588=CARTESIAN_POINT('',(0.0285509640941921,0.100959509044324,0.0107110724621014));
#3589=CARTESIAN_POINT('',(0.0291151975958431,0.100664441835662,0.0132487246906436));
#3590=CARTESIAN_POINT('',(0.0302455442669555,0.100018614376704,0.0183226447607659));
#3591=CARTESIAN_POINT('',(0.0308120380810676,0.09966799965143,0.020859006096931));
#3592=CARTESIAN_POINT('',(0.0316535377873303,0.0991017023679928,0.0246633479441984));
#3593=CARTESIAN_POINT('',(0.0319326970746215,0.0989062057823109,0.0259314138199475));
#3594=CARTESIAN_POINT('',(0.0324873402341943,0.0985019119518077,0.0284672483403456));
#3595=CARTESIAN_POINT('',(0.0327627536186512,0.0982931593856713,0.0297349307606996));
#3596=CARTESIAN_POINT('',(0.0331728134076478,0.0979698956783841,0.0316366212246153));
#3597=CARTESIAN_POINT('',(0.033308998555555,0.0978604463875357,0.0322705591967143));
#3598=CARTESIAN_POINT('',(0.0335803577137192,0.097638105736378,0.0335386166306473));
#3599=CARTESIAN_POINT('',(0.0337155273044982,0.0975252182764086,0.0341727064099604));
#3600=CARTESIAN_POINT('',(0.0339847358179758,0.0972960468779506,0.0354404191923901));
#3601=CARTESIAN_POINT('',(0.034118878495437,0.0971796760253754,0.0360740078680906));
#3602=CARTESIAN_POINT('',(0.0343853666771055,0.0969440412302545,0.0373403134341864));
#3603=CARTESIAN_POINT('',(0.0345175592628468,0.0968249053856239,0.0379730809178815));
#3604=CARTESIAN_POINT('',(0.0349076190820744,0.0964662776063581,0.0398704019792789));
#3605=CARTESIAN_POINT('',(0.0351573430089774,0.0962267615442892,0.0411340608136921));
#3606=CARTESIAN_POINT('',(0.0356467008402826,0.0957404961520845,0.0436583472063948));
#3607=CARTESIAN_POINT('',(0.0358873240914876,0.0954931358876826,0.0449189103759064));
#3608=CARTESIAN_POINT('',(0.0363649340706144,0.0949867520767366,0.0474367419775208));
#3609=CARTESIAN_POINT('',(0.0366016032994763,0.0947279561964878,0.0486940655901056));
#3610=CARTESIAN_POINT('',(0.0370735476283347,0.0941965393731416,0.0512052784823382));
#3611=CARTESIAN_POINT('',(0.0373089168795458,0.0939237570482609,0.0524590848754359));
#3612=CARTESIAN_POINT('',(0.0376639744617797,0.093500724250707,0.054336246624326));
#3613=CARTESIAN_POINT('',(0.0377826689633321,0.0933573955964414,0.0549613772188157));
#3614=CARTESIAN_POINT('',(0.0382596797206197,0.092773829353242,0.0574592398844969));
#3615=CARTESIAN_POINT('',(0.0386221797286366,0.0923133637116057,0.0593266062360838));
#3616=CARTESIAN_POINT('',(0.0394790868814359,0.0911836140544588,0.0636627650307828));
#3617=CARTESIAN_POINT('',(0.0399773179184842,0.0904956037279695,0.0661242796318419));
#3618=CARTESIAN_POINT('',(0.0407335766965194,0.0894047032907948,0.0697910217684457));
#3619=CARTESIAN_POINT('',(0.0409871083879394,0.0890313709128164,0.0710089792922672));
#3620=CARTESIAN_POINT('',(0.0414959432648028,0.0882674495461288,0.0734356843182827));
#3621=CARTESIAN_POINT('',(0.0417513477981293,0.0878766540297051,0.0746443585401551));
#3622=CARTESIAN_POINT('',(0.0422621993633911,0.0870811898736559,0.0770523074447223));
#3623=CARTESIAN_POINT('',(0.0425175458106478,0.0866767262064796,0.0782516548558982));
#3624=CARTESIAN_POINT('',(0.0430253451807175,0.085859768929269,0.0806416333716071));
#3625=CARTESIAN_POINT('',(0.0432776022744303,0.085447444836643,0.0818323752669647));
#3626=CARTESIAN_POINT('',(0.0436535428229309,0.0848254736255541,0.0836113493266999));
#3627=CARTESIAN_POINT('',(0.0437784609217065,0.0846175585706994,0.0842031440382793));
#3628=CARTESIAN_POINT('',(0.0440275487003773,0.0842008923382093,0.0853841899968189));
#3629=CARTESIAN_POINT('',(0.04415183363452,0.0839919898283832,0.0859733607625035));
#3630=CARTESIAN_POINT('',(0.0443573580967791,0.0836447618999908,0.086953783686814));
#3631=CARTESIAN_POINT('',(0.0444391212410138,0.0835061424629087,0.0873455553920334));
#3632=CARTESIAN_POINT('',(0.0445201937246618,0.0833681746692203,0.0877370833837896));
#3633=CARTESIAN_POINT('',(0.0239139372881541,0.102826192851067,-0.0121376364600532));
#3634=CARTESIAN_POINT('',(0.0239825473804422,0.102804843095793,-0.0117134981033483));
#3635=CARTESIAN_POINT('',(0.0240523834405876,0.102782854274526,-0.0112894283621257));
#3636=CARTESIAN_POINT('',(0.0243362524772413,0.102692325540913,-0.00959338811479472));
#3637=CARTESIAN_POINT('',(0.0245591787175068,0.102618657109666,-0.00832187622797467));
#3638=CARTESIAN_POINT('',(0.0252524717250238,0.102379739338948,-0.00450842813328674));
#3639=CARTESIAN_POINT('',(0.0257477655140602,0.102196529006192,-0.00196762935150313));
#3640=CARTESIAN_POINT('',(0.0267809440655567,0.101778351285232,0.00311273090709893));
#3641=CARTESIAN_POINT('',(0.0273185354288768,0.10154316664046,0.00565245306784407));
#3642=CARTESIAN_POINT('',(0.0284147612280384,0.101018670808385,0.010731295569633));
#3643=CARTESIAN_POINT('',(0.0289735040120048,0.100729473825843,0.0132702885973433));
#3644=CARTESIAN_POINT('',(0.0300932714689442,0.100096496074821,0.0183470847837708));
#3645=CARTESIAN_POINT('',(0.0306546708725289,0.0997528481560976,0.0208849825847723));
#3646=CARTESIAN_POINT('',(0.0314890901535251,0.0991975949415418,0.0246918335894244));
#3647=CARTESIAN_POINT('',(0.0317659820071434,0.0990058781168424,0.0259607702326841));
#3648=CARTESIAN_POINT('',(0.0323163026803201,0.0986092917710149,0.0284984311064472));
#3649=CARTESIAN_POINT('',(0.0325896624853123,0.0984044643890055,0.0297670697813883));
#3650=CARTESIAN_POINT('',(0.0329968121780435,0.0980871787163621,0.0316702660896097));
#3651=CARTESIAN_POINT('',(0.0331320554920571,0.0979797375123621,0.0323047177994075));
#3652=CARTESIAN_POINT('',(0.0334015883297846,0.097761441579441,0.0335738274384344));
#3653=CARTESIAN_POINT('',(0.0335358735340319,0.0976505901128609,0.0342084560640185));
#3654=CARTESIAN_POINT('',(0.0338033740912032,0.0974255009071396,0.0354772819598962));
#3655=CARTESIAN_POINT('',(0.0339366921919431,0.0973111796550724,0.0361114457407967));
#3656=CARTESIAN_POINT('',(0.0342016007005198,0.0970796189843444,0.0373789423823724));
#3657=CARTESIAN_POINT('',(0.0343330396739745,0.0969625026508144,0.0380123246012315));
#3658=CARTESIAN_POINT('',(0.0347209832640373,0.0966097503449458,0.0399115365354304));
#3659=CARTESIAN_POINT('',(0.0349695086046198,0.0963738545559246,0.0411765127432324));
#3660=CARTESIAN_POINT('',(0.0354567450498912,0.0958944629746797,0.0437035843724904));
#3661=CARTESIAN_POINT('',(0.0356964319269385,0.0956503856841422,0.0449656144920117));
#3662=CARTESIAN_POINT('',(0.0361723610816188,0.0951503190667962,0.047486592168986));
#3663=CARTESIAN_POINT('',(0.0364082898493986,0.09489454845537,0.0487455972187572));
#3664=CARTESIAN_POINT('',(0.0368789235504147,0.0943689276509548,0.0512604473368266));
#3665=CARTESIAN_POINT('',(0.0371137226430718,0.0940989184024089,0.0525162058546481));
#3666=CARTESIAN_POINT('',(0.037468030579928,0.0936798854538601,0.0543965100349655));
#3667=CARTESIAN_POINT('',(0.0375864927709311,0.0935378635361198,0.0550227241802545));
#3668=CARTESIAN_POINT('',(0.0380626375489729,0.0929594262080911,0.0575250652319597));
#3669=CARTESIAN_POINT('',(0.0384246313798691,0.0925025838350433,0.0593961019223393));
#3670=CARTESIAN_POINT('',(0.0392806278941593,0.0913807579990356,0.0637409286222648));
#3671=CARTESIAN_POINT('',(0.0397785446952823,0.090696873208945,0.0662074568843939));
#3672=CARTESIAN_POINT('',(0.0405345522085382,0.0896114563202904,0.0698815486916273));
#3673=CARTESIAN_POINT('',(0.0407880359869017,0.089239836336424,0.0711019228010834));
#3674=CARTESIAN_POINT('',(0.0412968218407403,0.0884791161450746,0.0735332908525437));
#3675=CARTESIAN_POINT('',(0.041552224313959,0.0880898135015029,0.0747442142449905));
#3676=CARTESIAN_POINT('',(0.0420630993966977,0.0872970941643296,0.0771563713821823));
#3677=CARTESIAN_POINT('',(0.0423184723645235,0.0868938783823635,0.0783576751452083));
#3678=CARTESIAN_POINT('',(0.0428263445639485,0.0860791099045748,0.0807511237706817));
#3679=CARTESIAN_POINT('',(0.0430786524416971,0.0856677129312712,0.0819433655936173));
#3680=CARTESIAN_POINT('',(0.0434546361148243,0.0850469838501775,0.0837242727431864));
#3681=CARTESIAN_POINT('',(0.0435795628034318,0.0848394589327122,0.0843166598722005));
#3682=CARTESIAN_POINT('',(0.043828646193031,0.0844235449923101,0.0854987955298656));
#3683=CARTESIAN_POINT('',(0.0439529157753558,0.0842150127414218,0.0860884691911923));
#3684=CARTESIAN_POINT('',(0.0441584095181629,0.0838683228033182,0.0870696081983653));
#3685=CARTESIAN_POINT('',(0.0442401593207226,0.0837298963912655,0.087461633037819));
#3686=CARTESIAN_POINT('',(0.0443212210854898,0.0835920847736429,0.0878533699598736));
#3687=CARTESIAN_POINT('',(0.0236346112831504,0.102897270393936,-0.0121079998618487));
#3688=CARTESIAN_POINT('',(0.0237012011343603,0.10287701198872,-0.0116833083871763));
#3689=CARTESIAN_POINT('',(0.0237689745593373,0.102856152560471,-0.0112586853650152));
#3690=CARTESIAN_POINT('',(0.0240444316409571,0.102770297442444,-0.00956043090014366));
#3691=CARTESIAN_POINT('',(0.0242606850889849,0.102700485078463,-0.00828725691760942));
#3692=CARTESIAN_POINT('',(0.0249330422484261,0.102474269755707,-0.00446879536139331));
#3693=CARTESIAN_POINT('',(0.0254131572105754,0.102301040689202,-0.0019246153241347));
#3694=CARTESIAN_POINT('',(0.0264144878459567,0.101906296420889,0.00316274710290851));
#3695=CARTESIAN_POINT('',(0.0269353850360306,0.101684610237484,0.00570608910818882));
#3696=CARTESIAN_POINT('',(0.0279978611037208,0.101190702640787,0.0107925802128831));
#3697=CARTESIAN_POINT('',(0.0285395671786381,0.100918573942723,0.0133356021731199));
#3698=CARTESIAN_POINT('',(0.0296262242787477,0.100323024538263,0.0184210455240776));
#3699=CARTESIAN_POINT('',(0.0301715413689534,0.0999996959452156,0.0209635636030509));
#3700=CARTESIAN_POINT('',(0.0309833979373345,0.0994766835886638,0.0247779528731836));
#3701=CARTESIAN_POINT('',(0.0312530239501355,0.099296007373892,0.0260495050573732));
#3702=CARTESIAN_POINT('',(0.0317893557650771,0.0989219821855487,0.0285926615945254));
#3703=CARTESIAN_POINT('',(0.032055978372757,0.0987286795750202,0.0298641861995118));
#3704=CARTESIAN_POINT('',(0.0324535428082179,0.098428933998906,0.031771917686666));
#3705=CARTESIAN_POINT('',(0.0325856801531557,0.0983273809047479,0.0324079145477493));
#3706=CARTESIAN_POINT('',(0.0328492027867444,0.0981209250732526,0.0336801806958784));
#3707=CARTESIAN_POINT('',(0.0329805774522334,0.0980160278409793,0.0343164231665674));
#3708=CARTESIAN_POINT('',(0.0332423234292711,0.0978029485207648,0.0355886049497277));
#3709=CARTESIAN_POINT('',(0.0333727801431713,0.0976947011937461,0.0362245159535616));
#3710=CARTESIAN_POINT('',(0.0336320026657704,0.097475324946808,0.0374956645007606));
#3711=CARTESIAN_POINT('',(0.0337606426046179,0.0973642921791945,0.038130943766677));
#3712=CARTESIAN_POINT('',(0.0341406715531385,0.0970292510669215,0.0400359859946267));
#3713=CARTESIAN_POINT('',(0.0343847065247313,0.0968042448761024,0.0413050040580278));
#3714=CARTESIAN_POINT('',(0.0348639023946094,0.096345536356108,0.0438406092181505));
#3715=CARTESIAN_POINT('',(0.0350999596659895,0.0961113583916931,0.0451071345700501));
#3716=CARTESIAN_POINT('',(0.0355692285545898,0.0956303709789407,0.0476377525132386));
#3717=CARTESIAN_POINT('',(0.0358021505737473,0.0953837478791864,0.0489019076434371));
#3718=CARTESIAN_POINT('',(0.0362673626642467,0.0948756437316909,0.0514278853548082));
#3719=CARTESIAN_POINT('',(0.0364997410284817,0.0946140138526583,0.0526896113013148));
#3720=CARTESIAN_POINT('',(0.0368507650922302,0.094207067329996,0.0545795173930287));
#3721=CARTESIAN_POINT('',(0.0369681903752163,0.094068994032962,0.0552090417580646));
#3722=CARTESIAN_POINT('',(0.0374403910882792,0.0935060557812848,0.0577250625219288));
#3723=CARTESIAN_POINT('',(0.0377998902892259,0.0930601642667916,0.059607306997491));
#3724=CARTESIAN_POINT('',(0.0386509779062932,0.0919622938524932,0.0639786028605518));
#3725=CARTESIAN_POINT('',(0.0391467857869633,0.0912908862379722,0.0664604418594101));
#3726=CARTESIAN_POINT('',(0.0399004238276065,0.0902220612623853,0.0701569775828352));
#3727=CARTESIAN_POINT('',(0.0401532459427578,0.0898556260258238,0.0713847324115361));
#3728=CARTESIAN_POINT('',(0.0406608735256369,0.0891046296950443,0.07383035877507));
#3729=CARTESIAN_POINT('',(0.0409157712734096,0.0887198829976823,0.0750481706032094));
#3730=CARTESIAN_POINT('',(0.0414257595235814,0.0879355748125024,0.0774732343095315));
#3731=CARTESIAN_POINT('',(0.0416807584408541,0.0875361975301363,0.0786805454447838));
#3732=CARTESIAN_POINT('',(0.0421880594000934,0.0867281497286227,0.0810846422008507));
#3733=CARTESIAN_POINT('',(0.0424402048150933,0.0863195741513784,0.082281471740759));
#3734=CARTESIAN_POINT('',(0.0428157910602161,0.0857027445814699,0.0840683605048044));
#3735=CARTESIAN_POINT('',(0.042940557505147,0.0854964678254945,0.084662594788611));
#3736=CARTESIAN_POINT('',(0.0431892014941627,0.0850830383545863,0.0858481760561765));
#3737=CARTESIAN_POINT('',(0.0433131740680683,0.0848757764495108,0.0864394707357467));
#3738=CARTESIAN_POINT('',(0.0435181801736906,0.0845309664090964,0.0874229401381189));
#3739=CARTESIAN_POINT('',(0.0435997392578483,0.0843932241463574,0.0878157951269612));
#3740=CARTESIAN_POINT('',(0.0436806440545815,0.0842559684378135,0.0882082177742052));
#3741=CARTESIAN_POINT('',(0.0234410909912164,0.102941947238047,-0.0120876208252863));
#3742=CARTESIAN_POINT('',(0.0235062909653711,0.102922368488706,-0.0116625524872716));
#3743=CARTESIAN_POINT('',(0.0235726450900543,0.102902212344968,-0.0112375527415239));
#3744=CARTESIAN_POINT('',(0.023842312705674,0.102819267261865,-0.0095377916664687));
#3745=CARTESIAN_POINT('',(0.0240539715101151,0.102751855186374,-0.00826348910935012));
#3746=CARTESIAN_POINT('',(0.0247118963303186,0.102533545718862,-0.00444163034095028));
#3747=CARTESIAN_POINT('',(0.0251815250522234,0.102366527883698,-0.00189516821421685));
#3748=CARTESIAN_POINT('',(0.0261607343791944,0.10198637302888,0.0031969051006289));
#3749=CARTESIAN_POINT('',(0.0266699829052333,0.101773090347835,0.00574267456895254));
#3750=CARTESIAN_POINT('',(0.0277086887177588,0.101298264728388,0.0108342888209904));
#3751=CARTESIAN_POINT('',(0.0282382811285691,0.101036804525467,0.0133800073771655));
#3752=CARTESIAN_POINT('',(0.0293010300686664,0.100464737415278,0.0184712444727804));
#3753=CARTESIAN_POINT('',(0.0298345589735289,0.100154191985621,0.0210168592144693));
#3754=CARTESIAN_POINT('',(0.0306296113496421,0.0996515016695308,0.0248362914856037));
#3755=CARTESIAN_POINT('',(0.030893775461224,0.0994777929281686,0.026109592733306));
#3756=CARTESIAN_POINT('',(0.0314194195446812,0.099118068725329,0.0286564372011801));
#3757=CARTESIAN_POINT('',(0.0316807819458298,0.0989321177693435,0.0299299095729875));
#3758=CARTESIAN_POINT('',(0.032070816450357,0.0986435448018782,0.0318406895263975));
#3759=CARTESIAN_POINT('',(0.0322005093437523,0.0985457372172657,0.0324777222571474));
#3760=CARTESIAN_POINT('',(0.0324593174422848,0.0983467867051788,0.0337520937270613));
#3761=CARTESIAN_POINT('',(0.0325884089724815,0.0982456561568905,0.034389409094393));
#3762=CARTESIAN_POINT('',(0.0328454776991351,0.0980402692935156,0.0356638511459669));
#3763=CARTESIAN_POINT('',(0.0329735095410625,0.0979359703689647,0.0363009565054498));
#3764=CARTESIAN_POINT('',(0.0332276768600895,0.0977246598294244,0.0375746448301068));
#3765=CARTESIAN_POINT('',(0.0333537317982211,0.0976177110141924,0.0382112592246766));
#3766=CARTESIAN_POINT('',(0.0337263925087835,0.0972945742442366,0.0401203983433183));
#3767=CARTESIAN_POINT('',(0.0339662394188353,0.0970768559339674,0.0413922304241523));
#3768=CARTESIAN_POINT('',(0.0344378366435484,0.096631997011876,0.0439337610567626));
#3769=CARTESIAN_POINT('',(0.034670378557809,0.0964044741054424,0.0452034085850886));
#3770=CARTESIAN_POINT('',(0.0351330465145132,0.0959363513590232,0.0477407214994165));
#3771=CARTESIAN_POINT('',(0.0353629149105515,0.0956959091384004,0.0490084502876431));
#3772=CARTESIAN_POINT('',(0.0358225223041394,0.0951996280905652,0.0515421325953958));
#3773=CARTESIAN_POINT('',(0.0360523377925606,0.09494365145062,0.0528079839507816));
#3774=CARTESIAN_POINT('',(0.03639978938161,0.0945448582840174,0.0547045224743033));
#3775=CARTESIAN_POINT('',(0.0365160689485921,0.0944094485302657,0.0553363324804243));
#3776=CARTESIAN_POINT('',(0.0369838406837803,0.0938569655248968,0.0578617965556099));
#3777=CARTESIAN_POINT('',(0.0373403713344788,0.0934184617135036,0.059751772895583));
#3778=CARTESIAN_POINT('',(0.0381852735350505,0.0923367577735656,0.0641413285074383));
#3779=CARTESIAN_POINT('',(0.0386781140553713,0.0916737741841712,0.0666337292134679));
#3780=CARTESIAN_POINT('',(0.0394280080136742,0.0906161581736553,0.0703457453341197));
#3781=CARTESIAN_POINT('',(0.0396796949638635,0.0902532294381094,0.0715785921235474));
#3782=CARTESIAN_POINT('',(0.0401851949085179,0.0895088483352401,0.0740340759379664));
#3783=CARTESIAN_POINT('',(0.0404390877108184,0.0891272273364887,0.0752566639070257));
#3784=CARTESIAN_POINT('',(0.0409472007510021,0.0883487325537882,0.0776906992312168));
#3785=CARTESIAN_POINT('',(0.0412013417820458,0.0879520261313812,0.0789021952728627));
#3786=CARTESIAN_POINT('',(0.0417072021798986,0.0871486397055798,0.08131370013647));
#3787=CARTESIAN_POINT('',(0.0419588166099707,0.0867419896496446,0.0825137025642572));
#3788=CARTESIAN_POINT('',(0.0423334307800761,0.0861279711140891,0.0843048158029499));
#3789=CARTESIAN_POINT('',(0.042457840740405,0.0859226225101975,0.0849003722103696));
#3790=CARTESIAN_POINT('',(0.0427056198817259,0.0855111330796759,0.0860884793974337));
#3791=CARTESIAN_POINT('',(0.0428290578084423,0.0853049180321542,0.0866810003192148));
#3792=CARTESIAN_POINT('',(0.0430332083328389,0.0849616950542978,0.0876662593497463));
#3793=CARTESIAN_POINT('',(0.0431144381390459,0.0848245409219381,0.0880597594481891));
#3794=CARTESIAN_POINT('',(0.0431950708621438,0.0846877656688154,0.0884527156356367));
#3795=CARTESIAN_POINT('',(0.0231401705617952,0.103004623483285,-0.0120561599257884));
#3796=CARTESIAN_POINT('',(0.0232031883056306,0.102985997726252,-0.0116305112641464));
#3797=CARTESIAN_POINT('',(0.023267313400656,0.102966827742123,-0.0112049315587966));
#3798=CARTESIAN_POINT('',(0.0235278858938944,0.102887963322451,-0.00950285172578619));
#3799=CARTESIAN_POINT('',(0.0237323208388344,0.102823917525269,-0.00822681363463325));
#3800=CARTESIAN_POINT('',(0.0243675291958575,0.102616695917414,-0.00439973631729317));
#3801=CARTESIAN_POINT('',(0.0248206197947207,0.102458389415364,-0.00184977631565524));
#3802=CARTESIAN_POINT('',(0.0257648235195097,0.102098689031297,0.00324949335085859));
#3803=CARTESIAN_POINT('',(0.0262555836993001,0.101897186220857,0.00579895962290255));
#3804=CARTESIAN_POINT('',(0.0272563881064637,0.101449087437544,0.010898342736985));
#3805=CARTESIAN_POINT('',(0.0277665794316643,0.1012025590652,0.0134481344746981));
#3806=CARTESIAN_POINT('',(0.0287907853268693,0.100663316100311,0.0185480814812371));
#3807=CARTESIAN_POINT('',(0.0293051827457784,0.100370621623507,0.0210983323589192));
#3808=CARTESIAN_POINT('',(0.0300726998982882,0.0998962815779208,0.0249252819418034));
#3809=CARTESIAN_POINT('',(0.0303278690579451,0.0997322876633989,0.0262011852956685));
#3810=CARTESIAN_POINT('',(0.0308358285281038,0.0993924775888713,0.0287535037929673));
#3811=CARTESIAN_POINT('',(0.0310884499487625,0.0992167465785383,0.0300298608663948));
#3812=CARTESIAN_POINT('',(0.0314658774718158,0.0989437037109588,0.0319451479825516));
#3813=CARTESIAN_POINT('',(0.0315914602803086,0.0988511028984153,0.0325837110778991));
#3814=CARTESIAN_POINT('',(0.0318422976280808,0.0986625912839005,0.0338611908461617));
#3815=CARTESIAN_POINT('',(0.031967508954193,0.0985667007950393,0.0345000890927168));
#3816=CARTESIAN_POINT('',(0.0322166396219791,0.0983719844022668,0.03577786062204));
#3817=CARTESIAN_POINT('',(0.0323405664066,0.0982731442979342,0.0364167225440753));
#3818=CARTESIAN_POINT('',(0.0325862108306871,0.098072938693955,0.0376941405951085));
#3819=CARTESIAN_POINT('',(0.0327079175004011,0.097971594123532,0.0383327134680688));
#3820=CARTESIAN_POINT('',(0.0330681455817164,0.0976647736401546,0.040247861197294));
#3821=CARTESIAN_POINT('',(0.0333008466128473,0.0974570283290018,0.0415238208183319));
#3822=CARTESIAN_POINT('',(0.0337593736166334,0.0970310810104549,0.0440740397277245));
#3823=CARTESIAN_POINT('',(0.0339858266135641,0.0968126208051241,0.045348262819682));
#3824=CARTESIAN_POINT('',(0.0344369853359682,0.0963619682374319,0.0478953835600251));
#3825=CARTESIAN_POINT('',(0.0346614836648008,0.096129895241153,0.0491683463698686));
#3826=CARTESIAN_POINT('',(0.0351111277258628,0.0956495766278708,0.0517133112180617));
#3827=CARTESIAN_POINT('',(0.0353363314363236,0.0954012074538634,0.0529852023724991));
#3828=CARTESIAN_POINT('',(0.0356772784913135,0.0950133452105944,0.054891444634072));
#3829=CARTESIAN_POINT('',(0.0357914583911607,0.0948814992554309,0.055526597704759));
#3830=CARTESIAN_POINT('',(0.0362510627565635,0.0943429762087429,0.0580658684767298));
#3831=CARTESIAN_POINT('',(0.0366020004031746,0.0939142709431553,0.0599671371066615));
#3832=CARTESIAN_POINT('',(0.0374350062231586,0.0928538986426066,0.0643832930747798));
#3833=CARTESIAN_POINT('',(0.03792193129558,0.0922019422674829,0.0668910262732914));
#3834=CARTESIAN_POINT('',(0.0386641243984327,0.0911588846747708,0.0706254522806768));
#3835=CARTESIAN_POINT('',(0.0389134325794386,0.090800488654544,0.0718656591461189));
#3836=CARTESIAN_POINT('',(0.0394144403668344,0.0900646167765452,0.074335364887101));
#3837=CARTESIAN_POINT('',(0.0396661995595017,0.0896869920088618,0.0755648285797825));
#3838=CARTESIAN_POINT('',(0.0401703214135858,0.0889158988296127,0.0780117552237776));
#3839=CARTESIAN_POINT('',(0.0404226249374419,0.0885225782065863,0.0792292530930039));
#3840=CARTESIAN_POINT('',(0.0409253378397835,0.0877251029896737,0.0816513743575639));
#3841=CARTESIAN_POINT('',(0.0411757238740496,0.0873209044795595,0.0828559231479328));
#3842=CARTESIAN_POINT('',(0.0415483095468168,0.0867104151332335,0.0846530594770635));
#3843=CARTESIAN_POINT('',(0.0416720073167959,0.0865062228006612,0.085250495052991));
#3844=CARTESIAN_POINT('',(0.0419181563388505,0.0860971218060951,0.0864421749208149));
#3845=CARTESIAN_POINT('',(0.042040634623722,0.0858921795536883,0.0870364194371264));
#3846=CARTESIAN_POINT('',(0.0422432750866469,0.0855508753911735,0.0880241874897011));
#3847=CARTESIAN_POINT('',(0.0423239302290582,0.0854144293896424,0.0884185902346669));
#3848=CARTESIAN_POINT('',(0.0424040885127785,0.0852782317623924,0.0888122932973097));
#3849=CARTESIAN_POINT('',(0.0230381369085917,0.103024777854372,-0.0120455292585516));
#3850=CARTESIAN_POINT('',(0.0231004112681812,0.103006458437377,-0.0116196847394568));
#3851=CARTESIAN_POINT('',(0.023163776937756,0.102987605461529,-0.0111939093232826));
#3852=CARTESIAN_POINT('',(0.0234212503015265,0.102910052829591,-0.00949104711432873));
#3853=CARTESIAN_POINT('',(0.0236232227938362,0.10284708924614,-0.00821442365827619));
#3854=CARTESIAN_POINT('',(0.0242506834611237,0.102643432315056,-0.00438558713439251));
#3855=CARTESIAN_POINT('',(0.0246981282095683,0.102487926509339,-0.0018344492142654));
#3856=CARTESIAN_POINT('',(0.02563036258325,0.102134801125887,0.00326723991493409));
#3857=CARTESIAN_POINT('',(0.0261147921951735,0.101937084634769,0.00581794723077605));
#3858=CARTESIAN_POINT('',(0.0271025911861275,0.101497572937061,0.0109199329656244));
#3859=CARTESIAN_POINT('',(0.0276061116964219,0.101255840275626,0.013471086611837));
#3860=CARTESIAN_POINT('',(0.0286170258370059,0.100727132652491,0.0185739389754697));
#3861=CARTESIAN_POINT('',(0.0291248059414261,0.100440164769633,0.0211257331295888));
#3862=CARTESIAN_POINT('',(0.02988275846428,0.0999749147996111,0.0249551796031738));
#3863=CARTESIAN_POINT('',(0.0301347962617635,0.0998140349365575,0.0262319463922473));
#3864=CARTESIAN_POINT('',(0.0306365869612893,0.0994806039349262,0.0287860791670807));
#3865=CARTESIAN_POINT('',(0.0308861540237546,0.0993081437883411,0.0300633912395732));
#3866=CARTESIAN_POINT('',(0.0312591619322854,0.0990400710043724,0.0319801691975043));
#3867=CARTESIAN_POINT('',(0.0313833012197798,0.0989491365835649,0.032619238299903));
#3868=CARTESIAN_POINT('',(0.031631332407584,0.0987639667741047,0.0338977454788399));
#3869=CARTESIAN_POINT('',(0.0317551746297153,0.098669753966604,0.0345371667379416));
#3870=CARTESIAN_POINT('',(0.0320015066864324,0.0984784486982949,0.0358160374812217));
#3871=CARTESIAN_POINT('',(0.0321239881392881,0.0983813506191612,0.0364554788343193));
#3872=CARTESIAN_POINT('',(0.0323666379143323,0.0981846810571565,0.0377341262095562));
#3873=CARTESIAN_POINT('',(0.032486818589894,0.0980851178548275,0.0383733442156505));
#3874=CARTESIAN_POINT('',(0.0328426778124474,0.0977834803507822,0.0402904710916296));
#3875=CARTESIAN_POINT('',(0.0330728556439758,0.0975789003282599,0.0415677904445919));
#3876=CARTESIAN_POINT('',(0.03352675210079,0.0971589482715429,0.044120871111766));
#3877=CARTESIAN_POINT('',(0.0337510418945594,0.0969433568083684,0.0453966009430283));
#3878=CARTESIAN_POINT('',(0.0341981010867695,0.0964982258113224,0.0479469508384746));
#3879=CARTESIAN_POINT('',(0.0344206801518104,0.0962687936814908,0.0492216367328828));
#3880=CARTESIAN_POINT('',(0.0348667481183066,0.0957935036036461,0.0517703156683762));
#3881=CARTESIAN_POINT('',(0.0350902887267361,0.0955475264857068,0.0530441948477313));
#3882=CARTESIAN_POINT('',(0.0354288796610438,0.0951630939377838,0.0549536300746894));
#3883=CARTESIAN_POINT('',(0.0355422971535296,0.095032364874297,0.0555898829999871));
#3884=CARTESIAN_POINT('',(0.0359989290550618,0.094498211587739,0.0581336952149368));
#3885=CARTESIAN_POINT('',(0.0363478152791068,0.094072561539952,0.0600386762030055));
#3886=CARTESIAN_POINT('',(0.0371764259736496,0.0930188203775913,0.064463565739835));
#3887=CARTESIAN_POINT('',(0.0376611388755616,0.0923702757431827,0.0669763239978506));
#3888=CARTESIAN_POINT('',(0.0384004229209584,0.091331701240693,0.0707180839663018));
#3889=CARTESIAN_POINT('',(0.0386488272620266,0.0909746970018327,0.0719606976352073));
#3890=CARTESIAN_POINT('',(0.0391481244032895,0.0902414302548079,0.0744350496685718));
#3891=CARTESIAN_POINT('',(0.039399069820256,0.0898650245126639,0.0756667571402622));
#3892=CARTESIAN_POINT('',(0.0399016684214593,0.0890961835433313,0.0781178866079945));
#3893=CARTESIAN_POINT('',(0.0401532693851568,0.0887038904714926,0.0793373392641658));
#3894=CARTESIAN_POINT('',(0.0406547717355278,0.0879082095074755,0.0817629168547153));
#3895=CARTESIAN_POINT('',(0.0409046775592895,0.0875047567689408,0.082968945593736));
#3896=CARTESIAN_POINT('',(0.041276494189873,0.0868953324749902,0.0847680377386201));
#3897=CARTESIAN_POINT('',(0.0413999257751094,0.0866914875187346,0.0853660825690753));
#3898=CARTESIAN_POINT('',(0.0416454777925966,0.0862830990976642,0.0865589179445995));
#3899=CARTESIAN_POINT('',(0.0417676110195727,0.0860785337374785,0.0871537181755968));
#3900=CARTESIAN_POINT('',(0.0419697121006809,0.085737795811958,0.0881422941326372));
#3901=CARTESIAN_POINT('',(0.0420501629040344,0.0856015582418798,0.0885369872404464));
#3902=CARTESIAN_POINT('',(0.0421301525501774,0.0854655304660928,0.0889309306150501));
#3903=CARTESIAN_POINT('',(0.0228308860321077,0.103063401571322,-0.0120240138695017));
#3904=CARTESIAN_POINT('',(0.0228916387352657,0.1030456697938,-0.011597772999524));
#3905=CARTESIAN_POINT('',(0.0229534496667282,0.103027424951344,-0.0111716015506651));
#3906=CARTESIAN_POINT('',(0.0232045772272339,0.102952388917359,-0.00946715625889791));
#3907=CARTESIAN_POINT('',(0.0234015051512692,0.102891501829095,-0.0081893485612403));
#3908=CARTESIAN_POINT('',(0.0240130846705102,0.102694685147399,-0.00435695431897869));
#3909=CARTESIAN_POINT('',(0.0244489448724522,0.102544554118634,-0.00180343604696915));
#3910=CARTESIAN_POINT('',(0.0253565853486945,0.102204043960889,0.00330313417232449));
#3911=CARTESIAN_POINT('',(0.0258279903867616,0.102013592011078,0.00585634149649675));
#3912=CARTESIAN_POINT('',(0.0267889916301495,0.101590542522736,0.0109635560611038));
#3913=CARTESIAN_POINT('',(0.0272787481641403,0.101357996858008,0.0135174389295935));
#3914=CARTESIAN_POINT('',(0.0282621906241035,0.100849442877754,0.0186260933254372));
#3915=CARTESIAN_POINT('',(0.0287562682930637,0.100573418008249,0.0211809603492));
#3916=CARTESIAN_POINT('',(0.0294943457016435,0.100125521855056,0.0250153649084828));
#3917=CARTESIAN_POINT('',(0.0297398656176339,0.0999705837953753,0.026293843958023));
#3918=CARTESIAN_POINT('',(0.0302288116175123,0.0996493047822396,0.0288515665068005));
#3919=CARTESIAN_POINT('',(0.030472023644131,0.0994830617928301,0.0301307632359889));
#3920=CARTESIAN_POINT('',(0.0308358017655048,0.0992244378103848,0.0320504819273123));
#3921=CARTESIAN_POINT('',(0.0309569194277229,0.0991366723695661,0.0326905490876999));
#3922=CARTESIAN_POINT('',(0.0311990542006931,0.0989578638011114,0.0339710837182186));
#3923=CARTESIAN_POINT('',(0.0313200106995658,0.0988668461048172,0.0346115371645869));
#3924=CARTESIAN_POINT('',(0.0315604797119701,0.0986820106344276,0.0358925696758023));
#3925=CARTESIAN_POINT('',(0.0316799559561326,0.0985882006877673,0.0365331461859683));
#3926=CARTESIAN_POINT('',(0.0319164365438141,0.0983981655314492,0.0378141918664515));
#3927=CARTESIAN_POINT('',(0.0320334943427715,0.0983019287853631,0.0384546648019731));
#3928=CARTESIAN_POINT('',(0.0323804046442256,0.0980099599466373,0.0403756426557555));
#3929=CARTESIAN_POINT('',(0.032605378650347,0.0978112831934193,0.0416556131589033));
#3930=CARTESIAN_POINT('',(0.0330496942333831,0.0974024945122978,0.0442142757654165));
#3931=CARTESIAN_POINT('',(0.033269503260407,0.0971922306513327,0.0454929436612979));
#3932=CARTESIAN_POINT('',(0.0337080615191344,0.0967573272008414,0.0480495892203917));
#3933=CARTESIAN_POINT('',(0.0339266520877994,0.0965327741746964,0.049327634726073));
#3934=CARTESIAN_POINT('',(0.0343652570408786,0.0960667549527411,0.0518835579350128));
#3935=CARTESIAN_POINT('',(0.0345853119524013,0.0958251768386315,0.0531613154271142));
#3936=CARTESIAN_POINT('',(0.0349189465235499,0.0954470324192288,0.0550769779251889));
#3937=CARTESIAN_POINT('',(0.0350307570117112,0.0953183477581102,0.055715375648085));
#3938=CARTESIAN_POINT('',(0.035481112402202,0.0947921791120278,0.0582680420867565));
#3939=CARTESIAN_POINT('',(0.0358256408048753,0.0943720802366622,0.0601802565732706));
#3940=CARTESIAN_POINT('',(0.0366448617743077,0.0933303344045975,0.0646221338997755));
#3941=CARTESIAN_POINT('',(0.0371248038374945,0.0926879187625126,0.0671446430581443));
#3942=CARTESIAN_POINT('',(0.0378577677891623,0.0916573409116372,0.0709006067068004));
#3943=CARTESIAN_POINT('',(0.0381042007218065,0.0913028081459508,0.0721478765192603));
#3944=CARTESIAN_POINT('',(0.0385997678087512,0.0905741430522825,0.0746312027739538));
#3945=CARTESIAN_POINT('',(0.0388489415996682,0.0901998759931574,0.0758672355407392));
#3946=CARTESIAN_POINT('',(0.0393482299727727,0.089434966812558,0.0783264528866806));
#3947=CARTESIAN_POINT('',(0.0395983052168289,0.0890444584076284,0.0795496609629959));
#3948=CARTESIAN_POINT('',(0.040097164003754,0.0882518956491844,0.0819818760791908));
#3949=CARTESIAN_POINT('',(0.0403460027134303,0.0878497463673955,0.0831907489084693));
#3950=CARTESIAN_POINT('',(0.0407161762708815,0.0872421452536975,0.0849935747976691));
#3951=CARTESIAN_POINT('',(0.0408390499640863,0.087038887881786,0.085592777826228));
#3952=CARTESIAN_POINT('',(0.0410833848852184,0.0866316822897376,0.0867877943934627));
#3953=CARTESIAN_POINT('',(0.0412048327592325,0.0864277296492897,0.0873836339939693));
#3954=CARTESIAN_POINT('',(0.0414058730538505,0.086087903333367,0.088373714743537));
#3955=CARTESIAN_POINT('',(0.0414859247381205,0.0859519988637684,0.0887689469307761));
#3956=CARTESIAN_POINT('',(0.041565585311941,0.0858162417636596,0.0891633365174673));
#3957=CARTESIAN_POINT('',(0.0227256769811215,0.103081870640892,-0.0120131299537818));
#3958=CARTESIAN_POINT('',(0.0227856514254654,0.103064420172047,-0.0115866885996475));
#3959=CARTESIAN_POINT('',(0.0228466670574605,0.103046466464493,-0.0111603168378079));
#3960=CARTESIAN_POINT('',(0.0230945479960125,0.10297263528224,-0.00945507087309419));
#3961=CARTESIAN_POINT('',(0.023288893840362,0.102912742512089,-0.00817666432043619));
#3962=CARTESIAN_POINT('',(0.023892340007006,0.102719201529059,-0.00434247162185948));
#3963=CARTESIAN_POINT('',(0.0243222615826333,0.102571644685697,-0.00178775094106551));
#3964=CARTESIAN_POINT('',(0.0252172777177716,0.102237174991582,0.00332128086688976));
#3965=CARTESIAN_POINT('',(0.0256819888757749,0.102050201407222,0.00587574714347052));
#3966=CARTESIAN_POINT('',(0.0266291982393129,0.101635027277904,0.0109855878748275));
#3967=CARTESIAN_POINT('',(0.0271118619490426,0.10140687298176,0.0135408380247867));
#3968=CARTESIAN_POINT('',(0.0280811255456604,0.100907937267876,0.0186523889719739));
#3969=CARTESIAN_POINT('',(0.0285681187943367,0.100637128712857,0.0212087855016255));
#3970=CARTESIAN_POINT('',(0.0292958868978867,0.100197496035285,0.0250456510994357));
#3971=CARTESIAN_POINT('',(0.0295380207170785,0.100045385615164,0.0263249789160765));
#3972=CARTESIAN_POINT('',(0.0300202918410975,0.0997298791250633,0.028884476797247));
#3973=CARTESIAN_POINT('',(0.0302602038771228,0.0995665821091682,0.0301646030664791));
#3974=CARTESIAN_POINT('',(0.0306191727708855,0.0993124363975072,0.0320857714840219));
#3975=CARTESIAN_POINT('',(0.0307387126207738,0.0992261734075408,0.0327263306438776));
#3976=CARTESIAN_POINT('',(0.030977757614388,0.0990503840654597,0.0340078652320301));
#3977=CARTESIAN_POINT('',(0.0310971976975302,0.0989608837128142,0.0346488278171267));
#3978=CARTESIAN_POINT('',(0.0313346030164061,0.0987791064975739,0.0359309227368783));
#3979=CARTESIAN_POINT('',(0.0314525199622821,0.0986868422974097,0.03657205485513));
#3980=CARTESIAN_POINT('',(0.0316858276750513,0.0984999044078201,0.0378542691679819));
#3981=CARTESIAN_POINT('',(0.0318012896137228,0.0984052120559308,0.0384953516815273));
#3982=CARTESIAN_POINT('',(0.0321436227833796,0.0981177268437946,0.0404182007136507));
#3983=CARTESIAN_POINT('',(0.0323659176898317,0.097921786884106,0.0416994622493071));
#3984=CARTESIAN_POINT('',(0.0328052856860727,0.0975181640304573,0.0442608442624698));
#3985=CARTESIAN_POINT('',(0.0330227784764688,0.0973103578612202,0.0455409430738801));
#3986=CARTESIAN_POINT('',(0.0334569379324649,0.0968801580124131,0.0481006542631487));
#3987=CARTESIAN_POINT('',(0.033673460507288,0.0966578420390735,0.0493803358331557));
#3988=CARTESIAN_POINT('',(0.0341081807923615,0.0961960628644682,0.0519397882673563));
#3989=CARTESIAN_POINT('',(0.0343264141380648,0.0959564905979449,0.0532194355457942));
#3990=CARTESIAN_POINT('',(0.0346574499231473,0.0955812029921548,0.0551381315496832));
#3991=CARTESIAN_POINT('',(0.0347684162854534,0.095453445306902,0.0557775739408844));
#3992=CARTESIAN_POINT('',(0.0352154694727133,0.0949308894151769,0.0583345520252888));
#3993=CARTESIAN_POINT('',(0.0355576927625916,0.0945132849330162,0.0602502867226288));
#3994=CARTESIAN_POINT('',(0.0363719218917983,0.0934768997704749,0.0647004160185955));
#3995=CARTESIAN_POINT('',(0.0368493066763132,0.0928371994615303,0.0672276496709524));
#3996=CARTESIAN_POINT('',(0.037578861447509,0.0918101325015759,0.0709904810113618));
#3997=CARTESIAN_POINT('',(0.0378242273953912,0.0914566785657813,0.0722399994851451));
#3998=CARTESIAN_POINT('',(0.0383177762185622,0.0907300082630709,0.0747276522981051));
#3999=CARTESIAN_POINT('',(0.0385659927290828,0.0903566599762198,0.0759657658813054));
#4000=CARTESIAN_POINT('',(0.0390634952348187,0.0895934286267711,0.0784288669087026));
#4001=CARTESIAN_POINT('',(0.0393127478480936,0.0892036764906802,0.0796538749525719));
#4002=CARTESIAN_POINT('',(0.0398101745295267,0.0884124362311687,0.0820892700953347));
#4003=CARTESIAN_POINT('',(0.0400584266741548,0.0880108440935339,0.083299506590993));
#4004=CARTESIAN_POINT('',(0.0404277268706198,0.0874040000185315,0.0851041096097135));
#4005=CARTESIAN_POINT('',(0.0405503091092778,0.0872009824412416,0.085703861299144));
#4006=CARTESIAN_POINT('',(0.0407940245663631,0.0867942460712655,0.0868999029036065));
#4007=CARTESIAN_POINT('',(0.0409151325397973,0.086590528605175,0.0874962257789375));
#4008=CARTESIAN_POINT('',(0.0411156520680607,0.086251046608207,0.0884870028169353));
#4009=CARTESIAN_POINT('',(0.0411955092199369,0.0861152663998904,0.0888824834920083));
#4010=CARTESIAN_POINT('',(0.0412750095659835,0.0859796097862426,0.0892770787885716));
#4011=CARTESIAN_POINT('',(0.0225121807438674,0.103116815238063,-0.0119911286977321));
#4012=CARTESIAN_POINT('',(0.0225705619849894,0.10309989741271,-0.0115642820284048));
#4013=CARTESIAN_POINT('',(0.022629949247117,0.103082494989339,-0.0111375053148696));
#4014=CARTESIAN_POINT('',(0.022871181501629,0.103010945431125,-0.0094306408015237));
#4015=CARTESIAN_POINT('',(0.0230602367691853,0.10295293597389,-0.00815102383749122));
#4016=CARTESIAN_POINT('',(0.0236470076415332,0.102765600205414,-0.0043131973758776));
#4017=CARTESIAN_POINT('',(0.0240647405495387,0.102622920543398,-0.0017560490475873));
#4018=CARTESIAN_POINT('',(0.0249338094312329,0.102299893965323,0.00335794369058991));
#4019=CARTESIAN_POINT('',(0.0253847440680374,0.102119510275829,0.00591494311109781));
#4020=CARTESIAN_POINT('',(0.0263035299686948,0.101719244632764,0.0110300520967494));
#4021=CARTESIAN_POINT('',(0.0267715587509698,0.101499397296836,0.013588037176094));
#4022=CARTESIAN_POINT('',(0.0277115279185312,0.101018628959312,0.0187053586320214));
#4023=CARTESIAN_POINT('',(0.0281838619966285,0.100757662101147,0.0212647917274464));
#4024=CARTESIAN_POINT('',(0.0288902302999448,0.100333604384418,0.0251065278778524));
#4025=CARTESIAN_POINT('',(0.0291253251235161,0.100186820362234,0.0263875328551844));
#4026=CARTESIAN_POINT('',(0.0295937240736424,0.0998821678572079,0.0289505292623599));
#4027=CARTESIAN_POINT('',(0.0298267888631005,0.0997243962699317,0.0302324814057263));
#4028=CARTESIAN_POINT('',(0.0301757424053708,0.0994786519010153,0.0321564962093061));
#4029=CARTESIAN_POINT('',(0.0302919886978524,0.0993952085218105,0.0327980213622986));
#4030=CARTESIAN_POINT('',(0.0305245580008903,0.0992250915364345,0.0340815206548041));
#4031=CARTESIAN_POINT('',(0.0306408099970962,0.0991384435091437,0.0347234837910811));
#4032=CARTESIAN_POINT('',(0.0308718222788785,0.0989623882975043,0.0360076571870632));
#4033=CARTESIAN_POINT('',(0.0309865159099165,0.0988729999136528,0.0366498708183188));
#4034=CARTESIAN_POINT('',(0.031213342129359,0.0986917831868797,0.0379343472862589));
#4035=CARTESIAN_POINT('',(0.0313255729562397,0.0985999271349344,0.0385766051537993));
#4036=CARTESIAN_POINT('',(0.0316586330651946,0.0983206664112592,0.0405030639719372));
#4037=CARTESIAN_POINT('',(0.0318754608021152,0.0981297462006881,0.0417868238017888));
#4038=CARTESIAN_POINT('',(0.0323047042358435,0.0977355803629611,0.0443534720732907));
#4039=CARTESIAN_POINT('',(0.0325174567586983,0.097532258794199,0.0456363412554264));
#4040=CARTESIAN_POINT('',(0.0329426123485441,0.0971106130507534,0.0482019872471438));
#4041=CARTESIAN_POINT('',(0.0331548965800572,0.0968923519303242,0.0494848367740602));
#4042=CARTESIAN_POINT('',(0.0335816260001239,0.0964382364684401,0.0520511271689779));
#4043=CARTESIAN_POINT('',(0.0337960991546314,0.0962022773058211,0.053334437246487));
#4044=CARTESIAN_POINT('',(0.0341217553994016,0.0958321138414858,0.0552590114840633));
#4045=CARTESIAN_POINT('',(0.0342309717945319,0.0957060149848165,0.0559004779964389));
#4046=CARTESIAN_POINT('',(0.0346711704484418,0.0951899079639125,0.0584658083366675));
#4047=CARTESIAN_POINT('',(0.0350085884400828,0.0947767194488929,0.0603883579852703));
#4048=CARTESIAN_POINT('',(0.0358123702529563,0.0937497634942537,0.0648544310380171));
#4049=CARTESIAN_POINT('',(0.0362843684408878,0.0931147898682941,0.0673907677077182));
#4050=CARTESIAN_POINT('',(0.0370067084554267,0.0920937664896117,0.0711668018393516));
#4051=CARTESIAN_POINT('',(0.0372498112743849,0.0917421563332917,0.0724206377055138));
#4052=CARTESIAN_POINT('',(0.0377390871397595,0.0910188673757607,0.0749165816652996));
#4053=CARTESIAN_POINT('',(0.0379852837878867,0.0906470598549656,0.0761586734150361));
#4054=CARTESIAN_POINT('',(0.0384790299424038,0.0898866198546482,0.0786291840362095));
#4055=CARTESIAN_POINT('',(0.0387265560248165,0.0894981151253818,0.0798576191284549));
#4056=CARTESIAN_POINT('',(0.0392209625883054,0.0887090574119552,0.0822990659804428));
#4057=CARTESIAN_POINT('',(0.0394679578687794,0.0883083921812291,0.0835118998051581));
#4058=CARTESIAN_POINT('',(0.0398354616365561,0.087702767135194,0.0853198597613085));
#4059=CARTESIAN_POINT('',(0.0399574576082351,0.0875001278542399,0.0859206422756964));
#4060=CARTESIAN_POINT('',(0.0401999697624445,0.087094106171343,0.0871185919931693));
#4061=CARTESIAN_POINT('',(0.0403204413738686,0.086890731575466,0.0877158032735846));
#4062=CARTESIAN_POINT('',(0.0405200005574506,0.0865517401148148,0.0887078528183419));
#4063=CARTESIAN_POINT('',(0.040599502872172,0.0864161336839794,0.089103785508964));
#4064=CARTESIAN_POINT('',(0.0406787114150992,0.0862806164287964,0.0894987550438526));
#4065=CARTESIAN_POINT('',(0.0224037974030649,0.103133286969955,-0.0119800021053461));
#4066=CARTESIAN_POINT('',(0.0224613630256622,0.103116620359142,-0.0115529504508425));
#4067=CARTESIAN_POINT('',(0.0225199165272931,0.103099477959967,-0.0111259689458206));
#4068=CARTESIAN_POINT('',(0.022757743896928,0.103029004653809,-0.00941828595125719));
#4069=CARTESIAN_POINT('',(0.0229440884120136,0.102971883754964,-0.00813805698965702));
#4070=CARTESIAN_POINT('',(0.0235223101634931,0.10278747605987,-0.00429839393212039));
#4071=CARTESIAN_POINT('',(0.0239337876876595,0.102647098258167,-0.00174001955028519));
#4072=CARTESIAN_POINT('',(0.0247895217856772,0.102329471796828,0.00337647411141819));
#4073=CARTESIAN_POINT('',(0.0252333672523326,0.102152198194044,0.00593474848574398));
#4074=CARTESIAN_POINT('',(0.026137507253691,0.10175896291114,0.0110525011113124));
#4075=CARTESIAN_POINT('',(0.0265979861356798,0.101543029881688,0.0136118546337766));
#4076=CARTESIAN_POINT('',(0.0275228228592725,0.101070808885743,0.0187320517717697));
#4077=CARTESIAN_POINT('',(0.0279875731523216,0.100814466873285,0.021292992846994));
#4078=CARTESIAN_POINT('',(0.0286828369907864,0.100397720299374,0.0251371399599967));
#4079=CARTESIAN_POINT('',(0.028914274178724,0.100253435022753,0.0264189738300617));
#4080=CARTESIAN_POINT('',(0.0293754660456786,0.0999538646694554,0.0289836945635515));
#4081=CARTESIAN_POINT('',(0.0296049784532265,0.0997986734066316,0.0302665437059552));
#4082=CARTESIAN_POINT('',(0.0299487183223984,0.0995568532886951,0.0321919561471745));
#4083=CARTESIAN_POINT('',(0.030063246388817,0.0994747274155807,0.0328339556115985));
#4084=CARTESIAN_POINT('',(0.0302924249817438,0.0993072639838185,0.0341184202378002));
#4085=CARTESIAN_POINT('',(0.0304070029610371,0.0992219510742203,0.0347608750670129));
#4086=CARTESIAN_POINT('',(0.0306346807630639,0.0990485609213284,0.0360460652946797));
#4087=CARTESIAN_POINT('',(0.0307477075215963,0.0989605038999955,0.0366888053364669));
#4088=CARTESIAN_POINT('',(0.0309712187644082,0.0987819152484384,0.0379743766519899));
#4089=CARTESIAN_POINT('',(0.0310818109340148,0.0986913538141729,0.0386172010821711));
#4090=CARTESIAN_POINT('',(0.0314101654059729,0.0984158420912308,0.0405454009030233));
#4091=CARTESIAN_POINT('',(0.0316241997077461,0.0982272096394497,0.0418303695205658));
#4092=CARTESIAN_POINT('',(0.0320482564947077,0.0978373443924108,0.0443995678105129));
#4093=CARTESIAN_POINT('',(0.0322585804756011,0.0976360546057598,0.0456837781382563));
#4094=CARTESIAN_POINT('',(0.0326791224592932,0.0972182693498355,0.048252296957257));
#4095=CARTESIAN_POINT('',(0.0328892323729583,0.0970018310545615,0.0495366803274505));
#4096=CARTESIAN_POINT('',(0.0333118483608068,0.0965511489694711,0.052106283604779));
#4097=CARTESIAN_POINT('',(0.0335243795952953,0.0963168017972689,0.0533913688969353));
#4098=CARTESIAN_POINT('',(0.0338472504784746,0.0959489126560059,0.0553187914023203));
#4099=CARTESIAN_POINT('',(0.0339555595518526,0.0958235479664271,0.0559612385874682));
#4100=CARTESIAN_POINT('',(0.0343922001308429,0.095310286271815,0.0585306145865205));
#4101=CARTESIAN_POINT('',(0.0347271140412706,0.0948990261209336,0.0604564631281238));
#4102=CARTESIAN_POINT('',(0.0355254322631208,0.0938761541391386,0.0649302379590486));
#4103=CARTESIAN_POINT('',(0.035994597245006,0.0932432003620853,0.067470959073834));
#4104=CARTESIAN_POINT('',(0.0367131267367927,0.0922247215684862,0.0712533371626692));
#4105=CARTESIAN_POINT('',(0.036955031914585,0.0918738802196479,0.0725092447143518));
#4106=CARTESIAN_POINT('',(0.0374420504074485,0.0911519856769853,0.0750091591882452));
#4107=CARTESIAN_POINT('',(0.03768718329827,0.0907808042382963,0.0762531512893652));
#4108=CARTESIAN_POINT('',(0.0381789569085053,0.0900214859215727,0.078727193673314));
#4109=CARTESIAN_POINT('',(0.0384255781995848,0.0896334763226496,0.0799572586656229));
#4110=CARTESIAN_POINT('',(0.0389183951594162,0.0888452854549816,0.0824015821585719));
#4111=CARTESIAN_POINT('',(0.0391647194109943,0.0884449924334882,0.0836156516578422));
#4112=CARTESIAN_POINT('',(0.0395312993655133,0.0878398346671091,0.0854251947320125));
#4113=CARTESIAN_POINT('',(0.039653000336273,0.0876373359431675,0.0860264605704293));
#4114=CARTESIAN_POINT('',(0.0398949284424626,0.0872315650005366,0.0872252959877649));
#4115=CARTESIAN_POINT('',(0.04001510358584,0.087028301500863,0.0878229139251362));
#4116=CARTESIAN_POINT('',(0.04021422323396,0.0866894617694094,0.0888155420872112));
#4117=CARTESIAN_POINT('',(0.0402935652735682,0.0865539069941228,0.0892116792180393));
#4118=CARTESIAN_POINT('',(0.0403726422597489,0.0864184303787833,0.089606818039089));
#4119=CARTESIAN_POINT('',(0.0221849793176451,0.103163875972992,-0.0119576277897213));
#4120=CARTESIAN_POINT('',(0.0222408850664399,0.10314767552205,-0.0115301640494027));
#4121=CARTESIAN_POINT('',(0.0222977414865812,0.103131015662912,-0.0111027708770677));
#4122=CARTESIAN_POINT('',(0.0225286370958974,0.103062539755547,-0.0093934427252206));
#4123=CARTESIAN_POINT('',(0.0227094601629446,0.103007068256313,-0.00811198391676627));
#4124=CARTESIAN_POINT('',(0.0232702576223565,0.102828096738017,-0.00426863171559826));
#4125=CARTESIAN_POINT('',(0.0236689720924833,0.102691993523442,-0.00170779679923295));
#4126=CARTESIAN_POINT('',(0.0244974581822919,0.102384395656019,0.00341370629568638));
#4127=CARTESIAN_POINT('',(0.0249267976174994,0.102212898734476,0.0059745299997836));
#4128=CARTESIAN_POINT('',(0.0258009233194064,0.101832715666525,0.0110975527785027));
#4129=CARTESIAN_POINT('',(0.0262459091181264,0.101624046476022,0.0136596263810206));
#4130=CARTESIAN_POINT('',(0.0271396443424262,0.101167670868383,0.0187855168084664));
#4131=CARTESIAN_POINT('',(0.0275887812393527,0.100919895924919,0.0213494329782581));
#4132=CARTESIAN_POINT('',(0.0282611128263633,0.100516681852997,0.0251983208851875));
#4133=CARTESIAN_POINT('',(0.0284849857161454,0.100377019537873,0.0264817820137227));
#4134=CARTESIAN_POINT('',(0.0289312727067032,0.100086839081421,0.029049879199138));
#4135=CARTESIAN_POINT('',(0.0291534466287194,0.0999364064709163,0.0303344795317997));
#4136=CARTESIAN_POINT('',(0.0294863815510486,0.0997018240301688,0.0322626186514915));
#4137=CARTESIAN_POINT('',(0.0295973415551221,0.0996221285895011,0.0329055433204703));
#4138=CARTESIAN_POINT('',(0.0298194554897556,0.099459563833456,0.0341918917684637));
#4139=CARTESIAN_POINT('',(0.0299305366176878,0.0993767165310055,0.0348353061434078));
#4140=CARTESIAN_POINT('',(0.0301512900448721,0.0992082310854407,0.0361224730454377));
#4141=CARTESIAN_POINT('',(0.0302608818368251,0.0991226139760282,0.0367662318811269));
#4142=CARTESIAN_POINT('',(0.0304776307193012,0.0989488152473047,0.0380539117597401));
#4143=CARTESIAN_POINT('',(0.030584906465126,0.0988606026275716,0.0386978235047591));
#4144=CARTESIAN_POINT('',(0.0309037328655124,0.0985918853240258,0.040629366521616));
#4145=CARTESIAN_POINT('',(0.0311120760268152,0.0984073972138469,0.0419166634090162));
#4146=CARTESIAN_POINT('',(0.0315255425509307,0.0980253071082443,0.0444907772886654));
#4147=CARTESIAN_POINT('',(0.0317309085597875,0.0978276791759065,0.0457775725984296));
#4148=CARTESIAN_POINT('',(0.03214203205677,0.0974168273658024,0.0483516286927648));
#4149=CARTESIAN_POINT('',(0.0323476993025671,0.0972036509890392,0.049638969324099));
#4150=CARTESIAN_POINT('',(0.0327618859639733,0.0967590905003672,0.0522149639034847));
#4151=CARTESIAN_POINT('',(0.0329704269285814,0.096527605005132,0.0535034752619996));
#4152=CARTESIAN_POINT('',(0.0332875623721734,0.0961637311485827,0.055436393612325));
#4153=CARTESIAN_POINT('',(0.0333940010543487,0.0960396586641043,0.0560807328666895));
#4154=CARTESIAN_POINT('',(0.0338232999930118,0.0955313882823643,0.0586579126936368));
#4155=CARTESIAN_POINT('',(0.0341530308919385,0.095123472856816,0.0605901208017858));
#4156=CARTESIAN_POINT('',(0.0349400091036216,0.0941076216735832,0.0650787138104591));
#4157=CARTESIAN_POINT('',(0.035403267458597,0.0934780886338087,0.0676278471180422));
#4158=CARTESIAN_POINT('',(0.0361138281744442,0.0924638459164722,0.0714223693399696));
#4159=CARTESIAN_POINT('',(0.0363532253960292,0.0921142700635738,0.0726822375817731));
#4160=CARTESIAN_POINT('',(0.0368355269761061,0.0913946443300412,0.0751897294323249));
#4161=CARTESIAN_POINT('',(0.0370784451259244,0.0910244659323015,0.0764373402099985));
#4162=CARTESIAN_POINT('',(0.0375661254428567,0.0902669240285159,0.0789180946780765));
#4163=CARTESIAN_POINT('',(0.0378108739225004,0.0898796880717721,0.0801512511029306));
#4164=CARTESIAN_POINT('',(0.0383003875282656,0.0890928505756102,0.0826010272260068));
#4165=CARTESIAN_POINT('',(0.0385452985133672,0.0886931431098665,0.0838174397832689));
#4166=CARTESIAN_POINT('',(0.0389100045219325,0.0880886918079709,0.0856299635343441));
#4167=CARTESIAN_POINT('',(0.0390311207690461,0.0878863995673883,0.0862321350673452));
#4168=CARTESIAN_POINT('',(0.0392719372020031,0.0874809765507314,0.0874326166131463));
#4169=CARTESIAN_POINT('',(0.0393915756143026,0.0872778538356283,0.0880309816075445));
#4170=CARTESIAN_POINT('',(0.0395899177386054,0.0869391945564886,0.0890246667719836));
#4171=CARTESIAN_POINT('',(0.0396689812744092,0.0868036975991907,0.0894211756665885));
#4172=CARTESIAN_POINT('',(0.0397478302531164,0.0866682648278223,0.0898166223695324));
#4173=CARTESIAN_POINT('',(0.0220745747862014,0.103177990915312,-0.0119463830923245));
#4174=CARTESIAN_POINT('',(0.022129636529076,0.103162005375074,-0.0115187123080298));
#4175=CARTESIAN_POINT('',(0.022185629883446,0.1031455679959,-0.0110911123165138));
#4176=CARTESIAN_POINT('',(0.022412999660975,0.103078013086629,-0.00938095771511623));
#4177=CARTESIAN_POINT('',(0.0225910128666065,0.103023302305594,-0.00809888122708009));
#4178=CARTESIAN_POINT('',(0.0231429377951322,0.102846838483841,-0.004253676987338));
#4179=CARTESIAN_POINT('',(0.0235351465385953,0.10271270767439,-0.00169160792952934));
#4180=CARTESIAN_POINT('',(0.024349723563222,0.102409737522357,0.00343240299139019));
#4181=CARTESIAN_POINT('',(0.0247716483595621,0.102240906753375,0.00599450072687126));
#4182=CARTESIAN_POINT('',(0.0256304102376539,0.101866744533479,0.0111201493236707));
#4183=CARTESIAN_POINT('',(0.0260674552011104,0.101661424311622,0.0136835742130899));
#4184=CARTESIAN_POINT('',(0.0269452260100026,0.101212345512569,0.0188122815426834));
#4185=CARTESIAN_POINT('',(0.0273863355966175,0.100968512119402,0.0213776644707787));
#4186=CARTESIAN_POINT('',(0.0280468427739177,0.100571518339278,0.0252288816553181));
#4187=CARTESIAN_POINT('',(0.0282668101115235,0.100433979874778,0.0265131409621261));
#4188=CARTESIAN_POINT('',(0.0287054014286292,0.100148106420384,0.0290828898962627));
#4189=CARTESIAN_POINT('',(0.0289237902347718,0.0999998517606891,0.0303683442329153));
#4190=CARTESIAN_POINT('',(0.0292511353724465,0.0997685821718411,0.0322978121002256));
#4191=CARTESIAN_POINT('',(0.0293602460412107,0.0996899994645336,0.0329411875621883));
#4192=CARTESIAN_POINT('',(0.0295786870612335,0.0995296794412947,0.0342284542905083));
#4193=CARTESIAN_POINT('',(0.0296879458797731,0.0994479624322223,0.0348723364113756));
#4194=CARTESIAN_POINT('',(0.0299051103260668,0.0992817162452315,0.0361604629512263));
#4195=CARTESIAN_POINT('',(0.0300129343988143,0.099197207491342,0.0368047140739063));
#4196=CARTESIAN_POINT('',(0.0302262364354086,0.099025570229365,0.0380934074904177));
#4197=CARTESIAN_POINT('',(0.030331834598716,0.098938411619419,0.0387378399040378));
#4198=CARTESIAN_POINT('',(0.0306458390728814,0.0986727391894215,0.0406709848518432));
#4199=CARTESIAN_POINT('',(0.0308512848784403,0.098490107322619,0.0419594010219831));
#4200=CARTESIAN_POINT('',(0.0312593484269858,0.098111491124333,0.0445358800399143));
#4201=CARTESIAN_POINT('',(0.0314621852682826,0.0979154929584843,0.0458239189573793));
#4202=CARTESIAN_POINT('',(0.0318685043213902,0.0975077135261616,0.0484006390067617));
#4203=CARTESIAN_POINT('',(0.0320719034000773,0.0972959759685301,0.0496894027896716));
#4204=CARTESIAN_POINT('',(0.0324817745172701,0.0968541031848491,0.0522684752017652));
#4205=CARTESIAN_POINT('',(0.0326882672938036,0.0966238671355687,0.053558637093013));
#4206=CARTESIAN_POINT('',(0.0330024528812067,0.0962617339046797,0.0554942025059661));
#4207=CARTESIAN_POINT('',(0.0331079285643806,0.0961382193503813,0.0561394529792044));
#4208=CARTESIAN_POINT('',(0.0335334442052416,0.0956320945403445,0.0587203902422292));
#4209=CARTESIAN_POINT('',(0.0338604963429342,0.095225595201403,0.0606556584252904));
#4210=CARTESIAN_POINT('',(0.0346415984657417,0.0942126802646199,0.0651513664542922));
#4211=CARTESIAN_POINT('',(0.0351017835409803,0.0935845478281782,0.0677045267394346));
#4212=CARTESIAN_POINT('',(0.0358081861575738,0.0925719962482041,0.0715048480374954));
#4213=CARTESIAN_POINT('',(0.0360462731025054,0.092222916977131,0.0727666049278451));
#4214=CARTESIAN_POINT('',(0.0365261151562394,0.0915041654361404,0.0752777029705484));
#4215=CARTESIAN_POINT('',(0.0367678822901849,0.0911343639006139,0.0765270317600303));
#4216=CARTESIAN_POINT('',(0.0372534417403388,0.0903774765426748,0.0790109659791856));
#4217=CARTESIAN_POINT('',(0.0374972221219601,0.0899905190124313,0.0802455836786317));
#4218=CARTESIAN_POINT('',(0.0379850218694467,0.0892041678977061,0.0826979353345778));
#4219=CARTESIAN_POINT('',(0.0382291906208277,0.0888046737255096,0.0839154550739378));
#4220=CARTESIAN_POINT('',(0.0385929462963473,0.0882004615044369,0.085729376156842));
#4221=CARTESIAN_POINT('',(0.0387137727175057,0.0879982351510695,0.0863319699973863));
#4222=CARTESIAN_POINT('',(0.0389540611903148,0.0875929092228403,0.0875332118774907));
#4223=CARTESIAN_POINT('',(0.0390734590912151,0.0873898161347466,0.0881319172423709));
#4224=CARTESIAN_POINT('',(0.0392714628084964,0.0870511854808308,0.0891260807591403));
#4225=CARTESIAN_POINT('',(0.0393504079490952,0.0869156946484072,0.0895227569684301));
#4226=CARTESIAN_POINT('',(0.0394291603394959,0.0867802650506717,0.0899183422596756));
#4227=CARTESIAN_POINT('',(0.0217444958358131,0.103216329325589,-0.0119128941545422));
#4228=CARTESIAN_POINT('',(0.0217970172733858,0.103200926228641,-0.011484607150722));
#4229=CARTESIAN_POINT('',(0.0218504125558763,0.103185091854385,-0.0110563916655229));
#4230=CARTESIAN_POINT('',(0.022067166805624,0.103120033408249,-0.00934377780569903));
#4231=CARTESIAN_POINT('',(0.0222367162115312,0.103067385118458,-0.00805986383117331));
#4232=CARTESIAN_POINT('',(0.0227618999149046,0.102897721709145,-0.00420915276423816));
#4233=CARTESIAN_POINT('',(0.0231344810470636,0.102768941373584,-0.00164341776546379));
#4234=CARTESIAN_POINT('',(0.0239070327137959,0.102478526953509,0.00348802844690233));
#4235=CARTESIAN_POINT('',(0.0243065243188555,0.102316931607911,0.00605389686740525));
#4236=CARTESIAN_POINT('',(0.025118728423769,0.101959104479527,0.0111872948465636));
#4237=CARTESIAN_POINT('',(0.0255316753696338,0.101762867781718,0.0137546966653526));
#4238=CARTESIAN_POINT('',(0.0263609141568622,0.101333565506207,0.0188916634706349));
#4239=CARTESIAN_POINT('',(0.026777576070875,0.101100408610638,0.0214613327403711));
#4240=CARTESIAN_POINT('',(0.0274019668370287,0.100720251806704,0.0253193341256997));
#4241=CARTESIAN_POINT('',(0.0276099887866348,0.100588459880671,0.0266059144430462));
#4242=CARTESIAN_POINT('',(0.0280250334928122,0.100314226964251,0.0291804552724263));
#4243=CARTESIAN_POINT('',(0.0282318453625358,0.100171849812605,0.0304683806278566));
#4244=CARTESIAN_POINT('',(0.0285420489590576,0.099949519748474,0.0324016895786211));
#4245=CARTESIAN_POINT('',(0.028645479479294,0.0998739399557887,0.0330463677722018));
#4246=CARTESIAN_POINT('',(0.028852611332881,0.0997196807100725,0.0343362885591307));
#4247=CARTESIAN_POINT('',(0.0289562482325269,0.0996410160857474,0.0349815223509333));
#4248=CARTESIAN_POINT('',(0.0291623824699333,0.0994808004699125,0.0362724133435446));
#4249=CARTESIAN_POINT('',(0.0292648013935733,0.0993992665582516,0.0369180774959172));
#4250=CARTESIAN_POINT('',(0.0294676382353939,0.0992334045068375,0.0382096685825079));
#4251=CARTESIAN_POINT('',(0.0295681717238549,0.0991490511940299,0.0388555852711962));
#4252=CARTESIAN_POINT('',(0.0298676115995467,0.0988914735023463,0.0407932994672644));
#4253=CARTESIAN_POINT('',(0.0300642635672834,0.0987137715064529,0.0420849168608243));
#4254=CARTESIAN_POINT('',(0.0304558981553725,0.0983443590768302,0.0446681653523523));
#4255=CARTESIAN_POINT('',(0.0306510432716112,0.0981526639691398,0.0459597635410356));
#4256=CARTESIAN_POINT('',(0.0310427479071497,0.0977529626904533,0.0485441083997244));
#4257=CARTESIAN_POINT('',(0.0312392412710837,0.0975449910182765,0.0498369467127559));
#4258=CARTESIAN_POINT('',(0.0316359421487733,0.0971101164156464,0.0524248360153735));
#4259=CARTESIAN_POINT('',(0.0318361703202035,0.0968831136053186,0.0537197276347402));
#4260=CARTESIAN_POINT('',(0.0321413177832677,0.0965254485651497,0.0556628766169077));
#4261=CARTESIAN_POINT('',(0.0322438402058172,0.0964033597025515,0.056310737364854));
#4262=CARTESIAN_POINT('',(0.032657744486545,0.0959026897650508,0.0589024357399495));
#4263=CARTESIAN_POINT('',(0.0329765541708527,0.0954997271166392,0.060846462404643));
#4264=CARTESIAN_POINT('',(0.0337395360480885,0.0944940391491602,0.0653624947752733));
#4265=CARTESIAN_POINT('',(0.0341902110738218,0.0938692647503993,0.0679271259243561));
#4266=CARTESIAN_POINT('',(0.0348837163188003,0.0928606356778842,0.0717439272654044));
#4267=CARTESIAN_POINT('',(0.0351177349065811,0.0925126815429997,0.0730110443613017));
#4268=CARTESIAN_POINT('',(0.0355899519664195,0.0917958643453762,0.075532359969649));
#4269=CARTESIAN_POINT('',(0.035828160062758,0.0914268690193073,0.076786546435826));
#4270=CARTESIAN_POINT('',(0.0363071777866741,0.0906713449866756,0.0792794546972997));
#4271=CARTESIAN_POINT('',(0.0365479778624465,0.0902849475474281,0.0805181884481543));
#4272=CARTESIAN_POINT('',(0.0370304865694397,0.0894995700585855,0.0829777886596112));
#4273=CARTESIAN_POINT('',(0.037272342096591,0.0891005080693684,0.0841984238269556));
#4274=CARTESIAN_POINT('',(0.0376332190374801,0.0884967375058279,0.0860162540677756));
#4275=CARTESIAN_POINT('',(0.0377531845511825,0.0882946227834377,0.0866200246852121));
#4276=CARTESIAN_POINT('',(0.0379919644929483,0.08788942442128,0.0878233708748521));
#4277=CARTESIAN_POINT('',(0.0381107140840549,0.0876863410948868,0.0884230088454019));
#4278=CARTESIAN_POINT('',(0.0383078344313323,0.0873476816149262,0.0894184764895737));
#4279=CARTESIAN_POINT('',(0.038386478887377,0.0872121680460187,0.0898156069523317));
#4280=CARTESIAN_POINT('',(0.0384649871091496,0.0870767142922267,0.0902115685637127));
#4281=CARTESIAN_POINT('',(0.0215261889124297,0.103236448774988,-0.0118909210625596));
#4282=CARTESIAN_POINT('',(0.0215770073839145,0.103221349345377,-0.0114622302967791));
#4283=CARTESIAN_POINT('',(0.0216286604365177,0.103205829429175,-0.0110336116035573));
#4284=CARTESIAN_POINT('',(0.0218382936718678,0.103142073161482,-0.00931938704192863));
#4285=CARTESIAN_POINT('',(0.0220021602112907,0.103090501400608,-0.00803427033878555));
#4286=CARTESIAN_POINT('',(0.0225093679927629,0.102924389652675,-0.0041799584154361));
#4287=CARTESIAN_POINT('',(0.0228687284633343,0.102798406217597,-0.00161183128616186));
#4288=CARTESIAN_POINT('',(0.0236128891964712,0.102514558772181,0.00352444748291657));
#4289=CARTESIAN_POINT('',(0.0239971848470644,0.10235675034941,0.00609275760921598));
#4290=CARTESIAN_POINT('',(0.0247777513972582,0.102007466977961,0.0112311434967288));
#4291=CARTESIAN_POINT('',(0.0251742764625777,0.101815977810435,0.0138010899847015));
#4292=CARTESIAN_POINT('',(0.0259703281685012,0.101396990936629,0.0189432993958499));
#4293=CARTESIAN_POINT('',(0.0263702124921204,0.101169394051431,0.0215156696116733));
#4294=CARTESIAN_POINT('',(0.0269696785261465,0.100797988262399,0.0253779145214354));
#4295=CARTESIAN_POINT('',(0.0271694350149631,0.100669179851846,0.0266659414416873));
#4296=CARTESIAN_POINT('',(0.0275681747484044,0.100400971996069,0.0292434534387056));
#4297=CARTESIAN_POINT('',(0.0277669756920648,0.100261624412105,0.0305329019111878));
#4298=CARTESIAN_POINT('',(0.0280652584330566,0.100043901069238,0.0324685734141447));
#4299=CARTESIAN_POINT('',(0.0281647269152192,0.0999698690918596,0.0331140523102219));
#4300=CARTESIAN_POINT('',(0.028363933670098,0.0998187379007214,0.0344056047959177));
#4301=CARTESIAN_POINT('',(0.0284636166409043,0.0997416494543034,0.0350516692436941));
#4302=CARTESIAN_POINT('',(0.0286620477680593,0.0995845242873668,0.0363442471963788));
#4303=CARTESIAN_POINT('',(0.0287607280065092,0.0995045005201595,0.0369907665791701));
#4304=CARTESIAN_POINT('',(0.0289564235035746,0.0993415327484254,0.0382840955613724));
#4305=CARTESIAN_POINT('',(0.029053538862664,0.0992585696527223,0.0389308964976935));
#4306=CARTESIAN_POINT('',(0.0293431397793274,0.0990049896984372,0.0408713364759265));
#4307=CARTESIAN_POINT('',(0.0295337948838204,0.0988297148229021,0.0421648756669989));
#4308=CARTESIAN_POINT('',(0.0299141859713784,0.098464800286432,0.0447521951420638));
#4309=CARTESIAN_POINT('',(0.0301040654941199,0.0982751860568433,0.0460459335806829));
#4310=CARTESIAN_POINT('',(0.0304857613445033,0.0978793405325488,0.0486348640223151));
#4311=CARTESIAN_POINT('',(0.0306775170181418,0.0976731404246228,0.0499301544201366));
#4312=CARTESIAN_POINT('',(0.031065141567372,0.0972415021669586,0.052523356721441));
#4313=CARTESIAN_POINT('',(0.0312610341898438,0.0970159638277799,0.0538211005994868));
#4314=CARTESIAN_POINT('',(0.031559906097394,0.0966602668580232,0.0557688203410168));
#4315=CARTESIAN_POINT('',(0.0316603744016439,0.0965387958096282,0.0564182539642809));
#4316=CARTESIAN_POINT('',(0.0320661907252304,0.0960404462748331,0.0590164332754736));
#4317=CARTESIAN_POINT('',(0.0323792316017761,0.0956388881313089,0.0609657271944715));
#4318=CARTESIAN_POINT('',(0.0331294796702125,0.094635900162181,0.0654939262342135));
#4319=CARTESIAN_POINT('',(0.0335734289438818,0.094012235523592,0.0680653787381619));
#4320=CARTESIAN_POINT('',(0.0342577735149991,0.0930046826332947,0.0718919258544802));
#4321=CARTESIAN_POINT('',(0.0344888970455131,0.0926569913176319,0.0731622029045495));
#4322=CARTESIAN_POINT('',(0.0349557035607724,0.0919405448266403,0.0756895178266981));
#4323=CARTESIAN_POINT('',(0.0351913984811404,0.0915716544885945,0.0769465424366396));
#4324=CARTESIAN_POINT('',(0.0356658180885248,0.0908162398250753,0.0794446703853671));
#4325=CARTESIAN_POINT('',(0.0359045309298,0.0904298496444705,0.0806857868864198));
#4326=CARTESIAN_POINT('',(0.0363833145411682,0.0896444749218242,0.0831495744729088));
#4327=CARTESIAN_POINT('',(0.0366235129151388,0.0892454239374664,0.0843720083272589));
#4328=CARTESIAN_POINT('',(0.0369824354317052,0.0886415828311792,0.0861920639074407));
#4329=CARTESIAN_POINT('',(0.0371018392133682,0.0884394291288066,0.0867964978896346));
#4330=CARTESIAN_POINT('',(0.0373397162487706,0.0880341018526696,0.0880010101381305));
#4331=CARTESIAN_POINT('',(0.0374581329052933,0.0878309227596456,0.0886011516226963));
#4332=CARTESIAN_POINT('',(0.0376548428658632,0.0874920965651454,0.0895973140469819));
#4333=CARTESIAN_POINT('',(0.0377333606080902,0.0873565151903312,0.0899946838036168));
#4334=CARTESIAN_POINT('',(0.0378117677305755,0.0872210022223976,0.0903908437402135));
#4335=CARTESIAN_POINT('',(0.0212209820053144,0.103257788685804,-0.0118604292047021));
#4336=CARTESIAN_POINT('',(0.0212693989807804,0.103243006651441,-0.0114311797827197));
#4337=CARTESIAN_POINT('',(0.0213185945223309,0.103227815502027,-0.0110020033585009));
#4338=CARTESIAN_POINT('',(0.0215181802878549,0.103165421075704,-0.00928555150178109));
#4339=CARTESIAN_POINT('',(0.021674022341896,0.103114976095609,-0.00799877315176483));
#4340=CARTESIAN_POINT('',(0.0221558199796405,0.102952584834779,-0.00413949237505682));
#4341=CARTESIAN_POINT('',(0.0224964572481607,0.102829534834136,-0.00156807238567072));
#4342=CARTESIAN_POINT('',(0.0232002859577298,0.102552582086529,0.00357483356584389));
#4343=CARTESIAN_POINT('',(0.0235629356587818,0.102398753376031,0.00614648005639059));
#4344=CARTESIAN_POINT('',(0.024298265715274,0.102058449459132,0.0112916466914893));
#4345=CARTESIAN_POINT('',(0.0246712284841622,0.101871949808646,0.0138650352669435));
#4346=CARTESIAN_POINT('',(0.025419439947843,0.101463794164387,0.019014290899393));
#4347=CARTESIAN_POINT('',(0.0257950293944768,0.101242030578536,0.0215902693972837));
#4348=CARTESIAN_POINT('',(0.0263581967839843,0.100879789265345,0.025458144830327));
#4349=CARTESIAN_POINT('',(0.0265458820865914,0.100754102461525,0.0267480850007722));
#4350=CARTESIAN_POINT('',(0.0269207490827351,0.100492186297339,0.0293295126477722));
#4351=CARTESIAN_POINT('',(0.0271077936304425,0.10035599502354,0.0306209613583601));
#4352=CARTESIAN_POINT('',(0.0273885205940326,0.100143065049257,0.0325597258815569));
#4353=CARTESIAN_POINT('',(0.0274821434066936,0.100070642806558,0.0332062515402587));
#4354=CARTESIAN_POINT('',(0.0276696321619689,0.0999227642258236,0.0344999343617232));
#4355=CARTESIAN_POINT('',(0.0277634574106059,0.0998473139478271,0.0351470818321243));
#4356=CARTESIAN_POINT('',(0.027950475111089,0.0996933889719907,0.036441854076373));
#4357=CARTESIAN_POINT('',(0.0280436171494355,0.0996149221136581,0.0370894829529523));
#4358=CARTESIAN_POINT('',(0.0282287439553913,0.0994549195363692,0.0383850612153554));
#4359=CARTESIAN_POINT('',(0.0283208030246985,0.0993733722631926,0.0390330045543877));
#4360=CARTESIAN_POINT('',(0.0285958290040871,0.0991238472349921,0.0409769685382497));
#4361=CARTESIAN_POINT('',(0.028777561638475,0.0989510147221017,0.0422729984953833));
#4362=CARTESIAN_POINT('',(0.0291411754976483,0.0985905781585845,0.0448655977379101));
#4363=CARTESIAN_POINT('',(0.0293231776902635,0.0984030092802913,0.0461621119807564));
#4364=CARTESIAN_POINT('',(0.0296898648380299,0.0980108867740947,0.0487569904087039));
#4365=CARTESIAN_POINT('',(0.0298744954732218,0.097806360973141,0.0500554625170678));
#4366=CARTESIAN_POINT('',(0.0302484269471478,0.0973776914453835,0.0526555618148136));
#4367=CARTESIAN_POINT('',(0.0304377569549978,0.0971534471435806,0.0539570089533048));
#4368=CARTESIAN_POINT('',(0.0307271028018722,0.096799398557158,0.0559106585366711));
#4369=CARTESIAN_POINT('',(0.030824448392322,0.096678428002716,0.0565621319975722));
#4370=CARTESIAN_POINT('',(0.0312179528029891,0.0961818846348607,0.0591687116244913));
#4371=CARTESIAN_POINT('',(0.0315221742034505,0.0957812471615184,0.0611248222524619));
#4372=CARTESIAN_POINT('',(0.0322528845528351,0.0947797153899921,0.0656687025382387));
#4373=CARTESIAN_POINT('',(0.0326864575637636,0.0941563650574553,0.0682488945765128));
#4374=CARTESIAN_POINT('',(0.033356617028422,0.0931486285180608,0.0720878629890665));
#4375=CARTESIAN_POINT('',(0.0335832486388516,0.0928007704340622,0.0733621561019833));
#4376=CARTESIAN_POINT('',(0.0340416549986527,0.0920838440877786,0.0758970732836689));
#4377=CARTESIAN_POINT('',(0.0342734463510761,0.0917146370903348,0.0771576819070213));
#4378=CARTESIAN_POINT('',(0.0347407252191165,0.0909585290635824,0.0796623800215201));
#4379=CARTESIAN_POINT('',(0.0349761962567113,0.0905717657246814,0.0809064848417705));
#4380=CARTESIAN_POINT('',(0.0354491897811979,0.0897857134620645,0.0833755092130064));
#4381=CARTESIAN_POINT('',(0.0356868054842204,0.0893863768233349,0.0846001843948154));
#4382=CARTESIAN_POINT('',(0.0360427133267518,0.0887820802567415,0.0864230020745127));
#4383=CARTESIAN_POINT('',(0.0361612575635447,0.0885797690808711,0.0870282572155773));
#4384=CARTESIAN_POINT('',(0.036397778229297,0.0881740940188794,0.0882342084160669));
#4385=CARTESIAN_POINT('',(0.0365157131770286,0.0879707177361716,0.0888349683972974));
#4386=CARTESIAN_POINT('',(0.0367118477032701,0.087631578948574,0.0898319823289729));
#4387=CARTESIAN_POINT('',(0.0367901939091724,0.0874958777310678,0.0902296447763819));
#4388=CARTESIAN_POINT('',(0.0368684659452539,0.0873602618738905,0.0906260473285352));
#4389=CARTESIAN_POINT('',(0.0211229423894585,0.103263449686092,-0.0118506745890331));
#4390=CARTESIAN_POINT('',(0.0211705843272648,0.103248750774686,-0.0114212467391376));
#4391=CARTESIAN_POINT('',(0.0212189866408964,0.103233645748318,-0.0109918922107389));
#4392=CARTESIAN_POINT('',(0.0214153288120844,0.103171608163969,-0.00927472921748685));
#4393=CARTESIAN_POINT('',(0.0215685792694582,0.103121458652694,-0.00798742059923669));
#4394=CARTESIAN_POINT('',(0.0220421656750688,0.102960043704094,-0.00412655521273554));
#4395=CARTESIAN_POINT('',(0.0223767465096745,0.102837764319712,-0.00155408653881673));
#4396=CARTESIAN_POINT('',(0.0230675072995179,0.102562624441586,0.00359092551974851));
#4397=CARTESIAN_POINT('',(0.0234231333799066,0.102409843021985,0.00616363013379315));
#4398=CARTESIAN_POINT('',(0.0241437557686395,0.10207190214149,0.0113109410188765));
#4399=CARTESIAN_POINT('',(0.0245090436776313,0.101886715432018,0.013885414956214));
#4400=CARTESIAN_POINT('',(0.0252416339252936,0.101481407297653,0.0190368841742191));
#4401=CARTESIAN_POINT('',(0.0256092716537867,0.101261176045305,0.0216139922179198));
#4402=CARTESIAN_POINT('',(0.026160523356574,0.100901338057823,0.0254836231425913));
#4403=CARTESIAN_POINT('',(0.0263442403201657,0.100776469170274,0.0267741586824803));
#4404=CARTESIAN_POINT('',(0.0267112489816762,0.100516198473903,0.0293568022042175));
#4405=CARTESIAN_POINT('',(0.0268944189237247,0.100380830808974,0.0306488706998854));
#4406=CARTESIAN_POINT('',(0.0271693496740918,0.100169150207346,0.0325885918113932));
#4407=CARTESIAN_POINT('',(0.0272610406835433,0.10009714735879,0.033235440922775));
#4408=CARTESIAN_POINT('',(0.0274446528701213,0.0999501161279782,0.0345297815000647));
#4409=CARTESIAN_POINT('',(0.027536538359623,0.099875092450119,0.0351772630830271));
#4410=CARTESIAN_POINT('',(0.0277197761496373,0.0997219977873791,0.0364727112742943));
#4411=CARTESIAN_POINT('',(0.0278110841374812,0.0996439330860301,0.0371206813658443));
#4412=CARTESIAN_POINT('',(0.0279927123254898,0.0994846915333523,0.0384169503512696));
#4413=CARTESIAN_POINT('',(0.0280830978356716,0.0994035054210703,0.0390652441113805));
#4414=CARTESIAN_POINT('',(0.0283532962154521,0.0991550106651492,0.0410102895066444));
#4415=CARTESIAN_POINT('',(0.0285320670076107,0.0989827939563265,0.042307084977882));
#4416=CARTESIAN_POINT('',(0.0288901034589632,0.0986234744445771,0.0449013075614255));
#4417=CARTESIAN_POINT('',(0.0290694834820673,0.0984364091069011,0.0461986752662573));
#4418=CARTESIAN_POINT('',(0.0294311685612149,0.0980451860608181,0.0487953826059908));
#4419=CARTESIAN_POINT('',(0.0296134211064297,0.097841055343485,0.0500948332412843));
#4420=CARTESIAN_POINT('',(0.029982775156411,0.0974130626217819,0.0526970542700538));
#4421=CARTESIAN_POINT('',(0.0301699077596322,0.0971890999157207,0.0539996407622867));
#4422=CARTESIAN_POINT('',(0.0304560594806565,0.0968353844514869,0.0559551138371136));
#4423=CARTESIAN_POINT('',(0.030552357247719,0.0967145099908453,0.0566072144312987));
#4424=CARTESIAN_POINT('',(0.0309417276996406,0.0962182907473564,0.0592163757684995));
#4425=CARTESIAN_POINT('',(0.031242981554063,0.0958177632034373,0.0611745793917586));
#4426=CARTESIAN_POINT('',(0.0319671064098134,0.0948162859008361,0.06572326204762));
#4427=CARTESIAN_POINT('',(0.0323971726320775,0.0941928158291876,0.0683061204748039));
#4428=CARTESIAN_POINT('',(0.0330625295247838,0.0931847189597773,0.0721488659435649));
#4429=CARTESIAN_POINT('',(0.0332876388594648,0.0928367119083197,0.0734243780309655));
#4430=CARTESIAN_POINT('',(0.0337431974641201,0.0921194529576361,0.0759615982705908));
#4431=CARTESIAN_POINT('',(0.0339736650693629,0.0917500612340523,0.0772232901852628));
#4432=CARTESIAN_POINT('',(0.0344385224530209,0.0909935786826878,0.0797299699536876));
#4433=CARTESIAN_POINT('',(0.0346728940342421,0.0906066266263118,0.0809749739227153));
#4434=CARTESIAN_POINT('',(0.0351439232393276,0.0898202344256496,0.08344557105925));
#4435=CARTESIAN_POINT('',(0.0353806618108623,0.0894207521757923,0.0846709177911714));
#4436=CARTESIAN_POINT('',(0.0357355501937435,0.0888162447423552,0.0864945607574901));
#4437=CARTESIAN_POINT('',(0.0358538047415055,0.0886138641893039,0.0871000607819963));
#4438=CARTESIAN_POINT('',(0.0360898718678382,0.0882080462400622,0.0883064401080704));
#4439=CARTESIAN_POINT('',(0.0362076484124165,0.0880045944076318,0.0889073834685947));
#4440=CARTESIAN_POINT('',(0.0364035965088673,0.0876653394956705,0.0899046494262046));
#4441=CARTESIAN_POINT('',(0.0364818881066735,0.0875295947103071,0.0903023983707827));
#4442=CARTESIAN_POINT('',(0.03656011744682,0.0873939417181755,0.0906988726287252));
#4443=CARTESIAN_POINT('',(0.0209361493316216,0.103272098946359,-0.0118321610482224));
#4444=CARTESIAN_POINT('',(0.0209823094925721,0.103257524577806,-0.0114023952140281));
#4445=CARTESIAN_POINT('',(0.0210291950581763,0.10324254863502,-0.0109727033737607));
#4446=CARTESIAN_POINT('',(0.0212193342152287,0.10318104609661,-0.00925419380928128));
#4447=CARTESIAN_POINT('',(0.0213676266982575,0.103131340064682,-0.00796588166163431));
#4448=CARTESIAN_POINT('',(0.0218254957156725,0.102971391979425,-0.00410201949976655));
#4449=CARTESIAN_POINT('',(0.0221484727852056,0.10285027215672,-0.0015275703961956));
#4450=CARTESIAN_POINT('',(0.0228141549986283,0.102577863565626,0.00362141098579541));
#4451=CARTESIAN_POINT('',(0.0231562830605747,0.102426661781397,0.00619610587526723));
#4452=CARTESIAN_POINT('',(0.0238485811169072,0.102092285709185,0.0113474393891236));
#4453=CARTESIAN_POINT('',(0.0241990600741006,0.101909079776595,0.0139239442188128));
#4454=CARTESIAN_POINT('',(0.0249014281498877,0.101508063544784,0.019079542023382));
#4455=CARTESIAN_POINT('',(0.0252536433195458,0.101290139881068,0.0216587501589102));
#4456=CARTESIAN_POINT('',(0.0257817172278719,0.100933912940472,0.0255316324851903));
#4457=CARTESIAN_POINT('',(0.0259577039586148,0.100810271609644,0.0268232687445849));
#4458=CARTESIAN_POINT('',(0.0263093793406237,0.100552465238135,0.029408156369579));
#4459=CARTESIAN_POINT('',(0.0264849753574705,0.100418328073726,0.0307013670907461));
#4460=CARTESIAN_POINT('',(0.0267485598788906,0.100208510522256,0.0326428474199009));
#4461=CARTESIAN_POINT('',(0.0268364668127512,0.100137132544955,0.0332902907509297));
#4462=CARTESIAN_POINT('',(0.0270124814301008,0.0999913629778395,0.0345858382435925));
#4463=CARTESIAN_POINT('',(0.0271005628941982,0.0999169739241148,0.035233932227232));
#4464=CARTESIAN_POINT('',(0.027276376221347,0.0997651100414337,0.0365306191146691));
#4465=CARTESIAN_POINT('',(0.0273640749484982,0.0996876389644004,0.0371792144204989));
#4466=CARTESIAN_POINT('',(0.027538802398701,0.0995295137011737,0.0384767495301867));
#4467=CARTESIAN_POINT('',(0.0276258799589423,0.0994488539852263,0.0391256857938213));
#4468=CARTESIAN_POINT('',(0.0278865284182983,0.0992018521099282,0.0410727143565702));
#4469=CARTESIAN_POINT('',(0.0280594338347717,0.0990305161021946,0.0423709141818856));
#4470=CARTESIAN_POINT('',(0.0284064108934556,0.0986727673478355,0.0449681149731203));
#4471=CARTESIAN_POINT('',(0.0285805822804275,0.0984863956296117,0.0462670484418021));
#4472=CARTESIAN_POINT('',(0.0289323154439465,0.0980963735835862,0.048867111184633));
#4473=CARTESIAN_POINT('',(0.0291098287133765,0.0978927488731301,0.050168357217256));
#4474=CARTESIAN_POINT('',(0.0294700489332227,0.0974655663724911,0.0527744712150183));
#4475=CARTESIAN_POINT('',(0.0296527905318222,0.0972419077504996,0.0540791480275779));
#4476=CARTESIAN_POINT('',(0.0299325514075906,0.0968884862313412,0.0560379646578568));
#4477=CARTESIAN_POINT('',(0.0300267512811129,0.0967676825787062,0.0566912148656269));
#4478=CARTESIAN_POINT('',(0.0304078398695223,0.0962716361946782,0.059305107060286));
#4479=CARTESIAN_POINT('',(0.0307031369735589,0.0958709949968095,0.0612671421271746));
#4480=CARTESIAN_POINT('',(0.0314140211662047,0.094868901863726,0.0658245945275073));
#4481=CARTESIAN_POINT('',(0.0318370193736253,0.0942448185944349,0.0684123045931925));
#4482=CARTESIAN_POINT('',(0.032492680826174,0.0932355087002767,0.0722619001879108));
#4483=CARTESIAN_POINT('',(0.0327147139720147,0.0928870510530381,0.0735396191317711));
#4484=CARTESIAN_POINT('',(0.0331645117467883,0.0921688468181414,0.0760810019747103));
#4485=CARTESIAN_POINT('',(0.0333922977790209,0.091798958514226,0.0773446481266789));
#4486=CARTESIAN_POINT('',(0.0338522454084198,0.0910414985054006,0.0798548962684594));
#4487=CARTESIAN_POINT('',(0.0340843857634645,0.0906540674495478,0.0811015158717363));
#4488=CARTESIAN_POINT('',(0.034551431212444,0.0898668152810321,0.0835749331623519));
#4489=CARTESIAN_POINT('',(0.0347863944646821,0.0894669616944671,0.0848014801773338));
#4490=CARTESIAN_POINT('',(0.0351392091386313,0.0888619423484393,0.08662659815324));
#4491=CARTESIAN_POINT('',(0.0352568720696357,0.0886593980782433,0.0872325358735146));
#4492=CARTESIAN_POINT('',(0.0354920038450973,0.0882532574569723,0.0884396817054965));
#4493=CARTESIAN_POINT('',(0.0356094467171805,0.0880496432572952,0.0890409543240687));
#4494=CARTESIAN_POINT('',(0.035804996021007,0.0877101445845983,0.0900386735284613));
#4495=CARTESIAN_POINT('',(0.0358831687205556,0.0875743099082393,0.0904365782411893));
#4496=CARTESIAN_POINT('',(0.0359613051163434,0.0874385807105955,0.0908331816246874));
#4497=CARTESIAN_POINT('',(0.0208474261028143,0.103275084877512,-0.0118234051489225));
#4498=CARTESIAN_POINT('',(0.0208928797739265,0.103260551894228,-0.0113934798150054));
#4499=CARTESIAN_POINT('',(0.0209390420746437,0.103245618876101,-0.0109636288236945));
#4500=CARTESIAN_POINT('',(0.0211262228555509,0.103184294393015,-0.00924448405103566));
#4501=CARTESIAN_POINT('',(0.0212721497950537,0.10313473624859,-0.00795569881193042));
#4502=CARTESIAN_POINT('',(0.02172251529672,0.102975278307574,-0.0040904249936235));
#4503=CARTESIAN_POINT('',(0.0220399469786322,0.102854547108596,-0.00151504448447499));
#4504=CARTESIAN_POINT('',(0.0226936226947104,0.102583056173263,0.00363579943020156));
#4505=CARTESIAN_POINT('',(0.0230292785813091,0.102432386291538,0.00621142612703293));
#4506=CARTESIAN_POINT('',(0.0237079645493375,0.102099210984469,0.0113646373245241));
#4507=CARTESIAN_POINT('',(0.024051311762348,0.101916672323918,0.0139420873346492));
#4508=CARTESIAN_POINT('',(0.024739083522195,0.101517099246624,0.0190995994349877));
#4509=CARTESIAN_POINT('',(0.025083830151922,0.101299950165048,0.0216797777600688));
#4510=CARTESIAN_POINT('',(0.0256006453293991,0.100944929878256,0.0255541554426089));
#4511=CARTESIAN_POINT('',(0.025772871276654,0.100821697822568,0.0268462968646011));
#4512=CARTESIAN_POINT('',(0.0261170738335677,0.100564709565047,0.029432212341225));
#4513=CARTESIAN_POINT('',(0.0262889715186197,0.100430978915232,0.0307259453155813));
#4514=CARTESIAN_POINT('',(0.0265470075134056,0.100221774466955,0.0326682279808579));
#4515=CARTESIAN_POINT('',(0.0266330626758575,0.100150601773769,0.0333159419787143));
#4516=CARTESIAN_POINT('',(0.0268053573262477,0.100005246131131,0.0346120384231559));
#4517=CARTESIAN_POINT('',(0.0268915750491318,0.0999310649053269,0.0352604105880388));
#4518=CARTESIAN_POINT('',(0.0270637447380805,0.0997796010996025,0.0365576600197698));
#4519=CARTESIAN_POINT('',(0.0271496686299098,0.0997023212960225,0.0372065392285289));
#4520=CARTESIAN_POINT('',(0.027320994498077,0.0995445509167649,0.038504649561848));
#4521=CARTESIAN_POINT('',(0.0274064378514939,0.0994640562491917,0.039153877824332));
#4522=CARTESIAN_POINT('',(0.0276623644983874,0.0992175164371223,0.0411018078808218));
#4523=CARTESIAN_POINT('',(0.027832366730984,0.0990464449869743,0.0424006463466839));
#4524=CARTESIAN_POINT('',(0.0281738624453296,0.0986891492948064,0.0449992015716182));
#4525=CARTESIAN_POINT('',(0.0283454476281952,0.0985029673497043,0.0462988471134524));
#4526=CARTESIAN_POINT('',(0.0286922313813858,0.0981132462631054,0.0489004358545905));
#4527=CARTESIAN_POINT('',(0.028867383647918,0.0979097322016817,0.0502024984913257));
#4528=CARTESIAN_POINT('',(0.0292230478115845,0.0974826826014187,0.0528103831401186));
#4529=CARTESIAN_POINT('',(0.0294035959719776,0.0972590462271598,0.0541160106002845));
#4530=CARTESIAN_POINT('',(0.0296801603501478,0.0969055851949068,0.0560763467800508));
#4531=CARTESIAN_POINT('',(0.0297733102239665,0.0967847561486484,0.0567301192905517));
#4532=CARTESIAN_POINT('',(0.0301502511752145,0.0962885580848379,0.0593461598993934));
#4533=CARTESIAN_POINT('',(0.030442559243958,0.095887693029008,0.06130993281599));
#4534=CARTESIAN_POINT('',(0.0311467885974017,0.0948849290172489,0.0658713512114676));
#4535=CARTESIAN_POINT('',(0.0315662257197696,0.0942603520043872,0.0684612457565902));
#4536=CARTESIAN_POINT('',(0.0322169944580466,0.09325018906168,0.0723139133213012));
#4537=CARTESIAN_POINT('',(0.0324374737291836,0.0929014296794865,0.0735926197910829));
#4538=CARTESIAN_POINT('',(0.0328843584431537,0.092182612563057,0.0761358615089976));
#4539=CARTESIAN_POINT('',(0.0331107866173816,0.0918124123083199,0.077400378293581));
#4540=CARTESIAN_POINT('',(0.0335682458591465,0.0910543491831481,0.0799122125845148));
#4541=CARTESIAN_POINT('',(0.0337992543664683,0.0906666277599579,0.0811595484153739));
#4542=CARTESIAN_POINT('',(0.0342642802708732,0.0898788554173232,0.0836342126384754));
#4543=CARTESIAN_POINT('',(0.0344983453391626,0.0894787760522083,0.0848612881850664));
#4544=CARTESIAN_POINT('',(0.0348501055634804,0.0888734555564288,0.0866870556568825));
#4545=CARTESIAN_POINT('',(0.0349674664635295,0.0886708169071378,0.0872931861264718));
#4546=CARTESIAN_POINT('',(0.0352021160926048,0.0882644964038074,0.0885006702444779));
#4547=CARTESIAN_POINT('',(0.035319383446978,0.0880607953252483,0.0891020887122154));
#4548=CARTESIAN_POINT('',(0.0355147199693042,0.0877211689182872,0.0901000091047397));
#4549=CARTESIAN_POINT('',(0.0355928282121776,0.0875852878812241,0.0904979830795629));
#4550=CARTESIAN_POINT('',(0.0356709142219622,0.0874495195825279,0.0908946438753957));
#4551=CARTESIAN_POINT('',(0.0206791231649816,0.103278932168472,-0.0118068567257133));
#4552=CARTESIAN_POINT('',(0.0207232333230487,0.103264448854078,-0.0113766306049228));
#4553=CARTESIAN_POINT('',(0.0207680200516584,0.103249567421418,-0.0109464795414067));
#4554=CARTESIAN_POINT('',(0.0209495736067401,0.103188457223509,-0.00922613735322378));
#4555=CARTESIAN_POINT('',(0.0210909994830812,0.103139077745824,-0.00793646084051872));
#4556=CARTESIAN_POINT('',(0.0215270803678572,0.102980214183332,-0.00406852948611898));
#4557=CARTESIAN_POINT('',(0.021833945840507,0.102859956862076,-0.00149139814613988));
#4558=CARTESIAN_POINT('',(0.0224647075825387,0.102589589929083,0.00366293995629927));
#4559=CARTESIAN_POINT('',(0.0227879948608302,0.10243957412912,0.00624031131559598));
#4560=CARTESIAN_POINT('',(0.0234406129692597,0.102107876471499,0.0113970294524474));
#4561=CARTESIAN_POINT('',(0.0237702760434956,0.101926159212915,0.0139762404474444));
#4562=CARTESIAN_POINT('',(0.0244299647525531,0.10152835721562,0.0191373084262616));
#4563=CARTESIAN_POINT('',(0.0247603062421295,0.101312155903625,0.0217192835047348));
#4564=CARTESIAN_POINT('',(0.0252553468919185,0.100958599758423,0.0255964197622915));
#4565=CARTESIAN_POINT('',(0.0254202894321459,0.100835862254011,0.0268894913902669));
#4566=CARTESIAN_POINT('',(0.0257499932906452,0.100579855181579,0.0294772968157611));
#4567=CARTESIAN_POINT('',(0.0259147001688975,0.100446608012807,0.0307719890741232));
#4568=CARTESIAN_POINT('',(0.0261619364712697,0.10023812691959,0.0327157418261829));
#4569=CARTESIAN_POINT('',(0.0262443857599104,0.100167195525537,0.0333639511075222));
#4570=CARTESIAN_POINT('',(0.0264094358532097,0.100022324748587,0.0346610503734432));
#4571=CARTESIAN_POINT('',(0.0264920228039031,0.0999483859705034,0.0353099300036583));
#4572=CARTESIAN_POINT('',(0.0266570764962818,0.0997973830594922,0.0366082065361689));
#4573=CARTESIAN_POINT('',(0.0267395234001395,0.0997203203663192,0.037257604725792));
#4574=CARTESIAN_POINT('',(0.0269041592528862,0.099562943336741,0.0385567687584833));
#4575=CARTESIAN_POINT('',(0.0269863774396635,0.0994826268783602,0.0392065327042299));
#4576=CARTESIAN_POINT('',(0.0272329780931147,0.0992365714404228,0.0411561165747671));
#4577=CARTESIAN_POINT('',(0.0273972449895971,0.0990657568715539,0.0424561258629008));
#4578=CARTESIAN_POINT('',(0.0277279005152344,0.0987088533114925,0.0450571635052469));
#4579=CARTESIAN_POINT('',(0.0278943614577364,0.0985228087169639,0.0463581141017612));
#4580=CARTESIAN_POINT('',(0.0282313219125936,0.0981332290711367,0.0489624995663696));
#4581=CARTESIAN_POINT('',(0.0284017804831269,0.0979297181443622,0.0502660587700336));
#4582=CARTESIAN_POINT('',(0.028748378553019,0.0975025182592177,0.0528771876942279));
#4583=CARTESIAN_POINT('',(0.0289245569483128,0.0972787286225299,0.0541845565282494));
#4584=CARTESIAN_POINT('',(0.0291947466179523,0.0969249057311316,0.0561476742083423));
#4585=CARTESIAN_POINT('',(0.0292858013591649,0.0968039339175724,0.0568024024743955));
#4586=CARTESIAN_POINT('',(0.0296544620602763,0.0963070732629261,0.0594223727784615));
#4587=CARTESIAN_POINT('',(0.029940793284242,0.0959055107249327,0.0613893207301881));
#4588=CARTESIAN_POINT('',(0.0306316976212026,0.0949008653105729,0.06595796613465));
#4589=CARTESIAN_POINT('',(0.0310439899727039,0.0942750250131058,0.0685518259119792));
#4590=CARTESIAN_POINT('',(0.0316849297469312,0.0932627964361496,0.0724100493952147));
#4591=CARTESIAN_POINT('',(0.0319022848350574,0.0929133228149615,0.0736905383983981));
#4592=CARTESIAN_POINT('',(0.0323433047947252,0.0921930779992023,0.0762371298567847));
#4593=CARTESIAN_POINT('',(0.0325669942129914,0.0918221629215827,0.0775032125951565));
#4594=CARTESIAN_POINT('',(0.033019427970067,0.091062731292416,0.080017894558596));
#4595=CARTESIAN_POINT('',(0.0332481479470019,0.0906743575404,0.0812665133520168));
#4596=CARTESIAN_POINT('',(0.0337090956132644,0.0898854182725889,0.0837434052827037));
#4597=CARTESIAN_POINT('',(0.0339413537618472,0.0894848310357233,0.0849714207270449));
#4598=CARTESIAN_POINT('',(0.0342909716369119,0.0888788464534096,0.0867983459950229));
#4599=CARTESIAN_POINT('',(0.0344077141555831,0.088676002313356,0.0874048206877109));
#4600=CARTESIAN_POINT('',(0.0346413585665848,0.0882692986115125,0.08861291228697));
#4601=CARTESIAN_POINT('',(0.0347582464566035,0.0880654176338458,0.089214594993892));
#4602=CARTESIAN_POINT('',(0.0349531111067673,0.0877255308011793,0.0902128816042245));
#4603=CARTESIAN_POINT('',(0.0350310724405756,0.0875895563930193,0.0906109821544033));
#4604=CARTESIAN_POINT('',(0.035109043292286,0.0874537096988123,0.0910077478451366));
#4605=CARTESIAN_POINT('',(0.02059957366913,0.103279791199452,-0.0117990672276458));
#4606=CARTESIAN_POINT('',(0.0206430470533478,0.103265316134052,-0.0113686998763675));
#4607=CARTESIAN_POINT('',(0.0206871817299586,0.103250443326326,-0.0109384079483352));
#4608=CARTESIAN_POINT('',(0.0208660674790144,0.103189369209625,-0.00921750377932322));
#4609=CARTESIAN_POINT('',(0.0210053586698717,0.103140020388155,-0.00792740925418126));
#4610=CARTESIAN_POINT('',(0.0214346610938191,0.102981260653073,-0.00405823252926216));
#4611=CARTESIAN_POINT('',(0.0217365076883643,0.102861088264124,-0.00148028210357189));
#4612=CARTESIAN_POINT('',(0.0223563661130447,0.102590926915919,0.0036756869702547));
#4613=CARTESIAN_POINT('',(0.0226737591808081,0.102441032853243,0.00625387084008752));
#4614=CARTESIAN_POINT('',(0.0233139260942798,0.102109611073193,0.0114122175375109));
#4615=CARTESIAN_POINT('',(0.023637039121643,0.101928047380708,0.0139922439869113));
#4616=CARTESIAN_POINT('',(0.0242832457357677,0.101530572070752,0.0191549528431987));
#4617=CARTESIAN_POINT('',(0.0246066529258878,0.101314543273207,0.0217377541290465));
#4618=CARTESIAN_POINT('',(0.0250911811557297,0.10096124354842,0.0256161530516395));
#4619=CARTESIAN_POINT('',(0.025252602182763,0.100838590954833,0.0269096495355362));
#4620=CARTESIAN_POINT('',(0.0255752822877162,0.100582746210443,0.0294983166813809));
#4621=CARTESIAN_POINT('',(0.0257364976787117,0.100449575631064,0.0307934457833297));
#4622=CARTESIAN_POINT('',(0.0259784843043942,0.100241204215404,0.0327378659928366));
#4623=CARTESIAN_POINT('',(0.0260591799916051,0.100170308643374,0.0333862997906918));
#4624=CARTESIAN_POINT('',(0.0262207065283445,0.100025508418335,0.0346838527185442));
#4625=CARTESIAN_POINT('',(0.0263015269731163,0.0999516040639758,0.0353329615259756));
#4626=CARTESIAN_POINT('',(0.0264631092213216,0.0998006615807158,0.0366317024101144));
#4627=CARTESIAN_POINT('',(0.026543854347398,0.0997236245306174,0.0372813355812926));
#4628=CARTESIAN_POINT('',(0.0267052023045828,0.0995662855858787,0.0385809779121156));
#4629=CARTESIAN_POINT('',(0.0267858297155355,0.0994859821012504,0.0392309854586796));
#4630=CARTESIAN_POINT('',(0.0270278266963607,0.0992399484291015,0.0411813213871813));
#4631=CARTESIAN_POINT('',(0.0271892617901847,0.0990691258444902,0.0424818626576129));
#4632=CARTESIAN_POINT('',(0.0275145591119618,0.0987121607109126,0.0450840278506963));
#4633=CARTESIAN_POINT('',(0.0276784822807214,0.0985260633881228,0.0463855712000259));
#4634=CARTESIAN_POINT('',(0.0280105692842547,0.0981363236431234,0.0489912268967934));
#4635=CARTESIAN_POINT('',(0.0281786953445969,0.0979327049277415,0.0502954657969864));
#4636=CARTESIAN_POINT('',(0.0285207837269051,0.0975052213427058,0.0529080677586128));
#4637=CARTESIAN_POINT('',(0.0286947859570925,0.0972812559552612,0.054216226999905));
#4638=CARTESIAN_POINT('',(0.0289617976376069,0.096927110381831,0.056180606116333));
#4639=CARTESIAN_POINT('',(0.0290518073163663,0.0968060210867647,0.0568357676576374));
#4640=CARTESIAN_POINT('',(0.029416335672108,0.0963086491061882,0.0594575185097513));
#4641=CARTESIAN_POINT('',(0.0296996792556424,0.0959066126694042,0.0614259030482668));
#4642=CARTESIAN_POINT('',(0.0303839137455904,0.094900756151851,0.0659978080873264));
#4643=CARTESIAN_POINT('',(0.0307926225524042,0.0942741460283094,0.0685934478472707));
#4644=CARTESIAN_POINT('',(0.0314286262307873,0.0932607045118362,0.0724541541792808));
#4645=CARTESIAN_POINT('',(0.0316444110489945,0.0929108182799756,0.0737354378338899));
#4646=CARTESIAN_POINT('',(0.032082479329096,0.0921897584446999,0.0762835194873742));
#4647=CARTESIAN_POINT('',(0.0323047878172299,0.0918184403983894,0.0775502972335574));
#4648=CARTESIAN_POINT('',(0.0327546843594931,0.0910582431980766,0.0800662401500728));
#4649=CARTESIAN_POINT('',(0.0329822475758438,0.0906695073992366,0.0813154254205834));
#4650=CARTESIAN_POINT('',(0.033441136440669,0.0898799212360572,0.0837932976700739));
#4651=CARTESIAN_POINT('',(0.0336724858573539,0.089479051853021,0.085021724279217));
#4652=CARTESIAN_POINT('',(0.0340210156324472,0.0888727042299198,0.0868491576203909));
#4653=CARTESIAN_POINT('',(0.0341374416974673,0.0886697489390676,0.087455783723851));
#4654=CARTESIAN_POINT('',(0.0343705627018467,0.0882628418234902,0.0886641444240395));
#4655=CARTESIAN_POINT('',(0.0344872463968528,0.08805886776424,0.089265945491392));
#4656=CARTESIAN_POINT('',(0.0346818515376881,0.0877188481422398,0.0902643970986845));
#4657=CARTESIAN_POINT('',(0.0347597302525926,0.0875828266861216,0.090662554953238));
#4658=CARTESIAN_POINT('',(0.0348376361946526,0.0874469406669615,0.0910593681191052));
#4659=CARTESIAN_POINT('',(0.0204507423384378,0.103280308831681,-0.0117845302416096));
#4660=CARTESIAN_POINT('',(0.0204930228490657,0.10326583187983,-0.0113538997705932));
#4661=CARTESIAN_POINT('',(0.020535935939884,0.103250957285496,-0.010923345442383));
#4662=CARTESIAN_POINT('',(0.0207098232792372,0.103189876506202,-0.00920139458312881));
#4663=CARTESIAN_POINT('',(0.0208451140677691,0.10314052384464,-0.00791052186601411));
#4664=CARTESIAN_POINT('',(0.0212617093326743,0.102981756845897,-0.00403902794197966));
#4665=CARTESIAN_POINT('',(0.0215541417544489,0.102861585109847,-0.0014595551542787));
#4666=CARTESIAN_POINT('',(0.0221535253761472,0.102591437613021,0.00369944101584283));
#4667=CARTESIAN_POINT('',(0.0224598397357288,0.102441557867005,0.00627913078640146));
#4668=CARTESIAN_POINT('',(0.0230765685913903,0.102110170977376,0.0114404907227027));
#4669=CARTESIAN_POINT('',(0.0233873348844426,0.101928627311407,0.014022023428104));
#4670=CARTESIAN_POINT('',(0.0240080784656657,0.101531182000633,0.0191877571203204));
#4671=CARTESIAN_POINT('',(0.0243183662030081,0.101315162356856,0.0217720783097908));
#4672=CARTESIAN_POINT('',(0.0247829690381178,0.100961846410636,0.0256527934557973));
#4673=CARTESIAN_POINT('',(0.0249377091270582,0.10083918322438,0.0269470682574594));
#4674=CARTESIAN_POINT('',(0.0252470459255434,0.100583299218696,0.0295373126405784));
#4675=CARTESIAN_POINT('',(0.0254016174636219,0.100450099245488,0.0308332409348534));
#4676=CARTESIAN_POINT('',(0.025633608794446,0.10024166895001,0.0327788797601377));
#4677=CARTESIAN_POINT('',(0.0257109649885889,0.100170751404035,0.0334277230171443));
#4678=CARTESIAN_POINT('',(0.0258657821381387,0.100025902586147,0.0347261020446611));
#4679=CARTESIAN_POINT('',(0.0259432385744521,0.0999519713179915,0.0353756276589504));
#4680=CARTESIAN_POINT('',(0.0260981956704254,0.0998009629860663,0.0366752142005763));
#4681=CARTESIAN_POINT('',(0.0261756842446074,0.0997238866865904,0.0373252760581659));
#4682=CARTESIAN_POINT('',(0.0263307188584269,0.0995664521205185,0.0386257932150178));
#4683=CARTESIAN_POINT('',(0.0264082827101889,0.0994860927274721,0.0392762471432314));
#4684=CARTESIAN_POINT('',(0.0266414090856957,0.0992398665494661,0.0412279609778326));
#4685=CARTESIAN_POINT('',(0.0267973887183151,0.0990688828052885,0.0425294758232426));
#4686=CARTESIAN_POINT('',(0.0271123567478708,0.0987115232805592,0.0451337036987452));
#4687=CARTESIAN_POINT('',(0.0272713811381863,0.098525194244635,0.04643633135391));
#4688=CARTESIAN_POINT('',(0.0275940490919458,0.0981348980776479,0.0490443105640963));
#4689=CARTESIAN_POINT('',(0.0277576618414017,0.0979309538534495,0.0503497926666512));
#4690=CARTESIAN_POINT('',(0.0280910190427315,0.0975026978742231,0.0529650880661875));
#4691=CARTESIAN_POINT('',(0.0282608049318533,0.0972782860425633,0.0542746921375343));
#4692=CARTESIAN_POINT('',(0.0285216554150857,0.0969233638608228,0.056241375710666));
#4693=CARTESIAN_POINT('',(0.0286096383703037,0.0968019977203813,0.0568973285637144));
#4694=CARTESIAN_POINT('',(0.0289661504182717,0.0963034429141716,0.0595223301934056));
#4695=CARTESIAN_POINT('',(0.029243692970727,0.0959003549562279,0.0614933350432882));
#4696=CARTESIAN_POINT('',(0.029914966264635,0.0948918638710042,0.0660711738495103));
#4697=CARTESIAN_POINT('',(0.0303167029577424,0.0942636149876578,0.0686700441845435));
#4698=CARTESIAN_POINT('',(0.0309430971196012,0.0932476320893483,0.0725352436290696));
#4699=CARTESIAN_POINT('',(0.0311558235954287,0.0928968875937888,0.0738179630790501));
#4700=CARTESIAN_POINT('',(0.0315881378250885,0.092174141665611,0.0763687338684555));
#4701=CARTESIAN_POINT('',(0.0318077508243671,0.0918019948289211,0.0776367640635015));
#4702=CARTESIAN_POINT('',(0.0322526906793981,0.0910402289713264,0.0801549761493527));
#4703=CARTESIAN_POINT('',(0.0324779924798159,0.0906507542595218,0.0814051790253082));
#4704=CARTESIAN_POINT('',(0.0329328618487172,0.0898598491302372,0.0838848081034953));
#4705=CARTESIAN_POINT('',(0.0331624434335327,0.0894584042752566,0.0851139682740832));
#4706=CARTESIAN_POINT('',(0.0335088395238235,0.0888513220585051,0.0869423112061825));
#4707=CARTESIAN_POINT('',(0.0336246413068624,0.0886481430557961,0.0875492090645199));
#4708=CARTESIAN_POINT('',(0.0338567154608942,0.0882408303358356,0.088758055947381));
#4709=CARTESIAN_POINT('',(0.0339729803743677,0.0880366730732286,0.0893600730358222));
#4710=CARTESIAN_POINT('',(0.0341670450367267,0.0876963942534221,0.0903588273194604));
#4711=CARTESIAN_POINT('',(0.0342447490552224,0.0875602815964924,0.0907570907374016));
#4712=CARTESIAN_POINT('',(0.0343225176853962,0.0874243196318681,0.0911539913197531));
#4713=CARTESIAN_POINT('',(0.0203810781594107,0.103280044733722,-0.0117777428565841));
#4714=CARTESIAN_POINT('',(0.0204227996100785,0.103265558849094,-0.0113469897426641));
#4715=CARTESIAN_POINT('',(0.0204651401422064,0.103250675088228,-0.0109163131245698));
#4716=CARTESIAN_POINT('',(0.0206366845303822,0.103189556718981,-0.00919387453633363));
#4717=CARTESIAN_POINT('',(0.0207700997811069,0.10314017381787,-0.00790263936988648));
#4718=CARTESIAN_POINT('',(0.0211807354569509,0.102981309759196,-0.00403006677203288));
#4719=CARTESIAN_POINT('',(0.0214687500929306,0.102861064778268,-0.00144988609437329));
#4720=CARTESIAN_POINT('',(0.0220585149001259,0.102590751430074,0.00371051567264471));
#4721=CARTESIAN_POINT('',(0.0223596198652503,0.102440779177754,0.00629090369477352));
#4722=CARTESIAN_POINT('',(0.0229653115799537,0.102109184926057,0.0114536583997306));
#4723=CARTESIAN_POINT('',(0.023270255860568,0.101927526392773,0.0140358871308168));
#4724=CARTESIAN_POINT('',(0.0238789696388191,0.10152982494516,0.0192030157079204));
#4725=CARTESIAN_POINT('',(0.0241830486032966,0.101313663795963,0.0217880363091118));
#4726=CARTESIAN_POINT('',(0.0246382050465354,0.100960109678715,0.0256698141938283));
#4727=CARTESIAN_POINT('',(0.0247897749248194,0.10083736275105,0.0269644456163338));
#4728=CARTESIAN_POINT('',(0.0250927718236577,0.100581300905208,0.0295554120206914));
#4729=CARTESIAN_POINT('',(0.0252441815871929,0.10044800687523,0.030851705988693));
#4730=CARTESIAN_POINT('',(0.025471413540335,0.100239426221985,0.0327979012183751));
#4731=CARTESIAN_POINT('',(0.0255471792917978,0.100168457007595,0.0334469312129238));
#4732=CARTESIAN_POINT('',(0.0256988014248538,0.100023501469845,0.0347456863884669));
#4733=CARTESIAN_POINT('',(0.0257746557758853,0.0999495151408878,0.0353954015410163));
#4734=CARTESIAN_POINT('',(0.0259264510712032,0.0997983927840105,0.0366953731838343));
#4735=CARTESIAN_POINT('',(0.0260023814601679,0.0997212575399349,0.0373456306193652));
#4736=CARTESIAN_POINT('',(0.0261543854004016,0.0995637005749704,0.0386465479725458));
#4737=CARTESIAN_POINT('',(0.0262304745085818,0.0994832776988151,0.0392972064970251));
#4738=CARTESIAN_POINT('',(0.0264593285644913,0.0992368528655725,0.0412495517964584));
#4739=CARTESIAN_POINT('',(0.0266126811387477,0.0990657256491323,0.0425515122787453));
#4740=CARTESIAN_POINT('',(0.026922672034315,0.0987080515338164,0.0451566839120568));
#4741=CARTESIAN_POINT('',(0.027079332963029,0.0985215520755264,0.0464598076576892));
#4742=CARTESIAN_POINT('',(0.0273974512232729,0.09813087578737,0.0490688498854931));
#4743=CARTESIAN_POINT('',(0.027558881470539,0.0979267214784014,0.0503749007145479));
#4744=CARTESIAN_POINT('',(0.0278880140131138,0.0974979912791232,0.0529914278945245));
#4745=CARTESIAN_POINT('',(0.0280557583112045,0.0972733155895232,0.0543016925265145));
#4746=CARTESIAN_POINT('',(0.0283136237629552,0.0969179492067644,0.0562694290030932));
#4747=CARTESIAN_POINT('',(0.0284006244994833,0.0967964268563355,0.0569257433008704));
#4748=CARTESIAN_POINT('',(0.0287532505674783,0.0962972128375584,0.0595522292349039));
#4749=CARTESIAN_POINT('',(0.0290279786847207,0.0958935557291731,0.0615244293188996));
#4750=CARTESIAN_POINT('',(0.0296929589806287,0.0948836593564393,0.0661049691528965));
#4751=CARTESIAN_POINT('',(0.0300913067440275,0.0942545507223529,0.0687053054106713));
#4752=CARTESIAN_POINT('',(0.0307130277571226,0.0932372513023651,0.0725725373356499));
#4753=CARTESIAN_POINT('',(0.0309242664048508,0.0928860648175095,0.0738559051830765));
#4754=CARTESIAN_POINT('',(0.0313537792656822,0.0921624545066324,0.0764078887216306));
#4755=CARTESIAN_POINT('',(0.0315720785118635,0.0917898848664769,0.0776764829022555));
#4756=CARTESIAN_POINT('',(0.0320146009365636,0.0910273213578093,0.0801957152621577));
#4757=CARTESIAN_POINT('',(0.0322387992705173,0.0906374722053736,0.0814463747899532));
#4758=CARTESIAN_POINT('',(0.0326917101001028,0.0898458993943998,0.0839267901838019));
#4759=CARTESIAN_POINT('',(0.0329204333534144,0.0894441632306428,0.0851562770631713));
#4760=CARTESIAN_POINT('',(0.0332657862201524,0.0888367117467207,0.0869850266067326));
#4761=CARTESIAN_POINT('',(0.0333812811756043,0.0886334208182479,0.0875920462761625));
#4762=CARTESIAN_POINT('',(0.0336128346330895,0.0882259068353774,0.0888011126255114));
#4763=CARTESIAN_POINT('',(0.03372888680527,0.088021659721822,0.0894032282732049));
#4764=CARTESIAN_POINT('',(0.0339226735790933,0.0876812547774164,0.0904021213743689));
#4765=CARTESIAN_POINT('',(0.034000286740612,0.0875450980393852,0.0908004334132516));
#4766=CARTESIAN_POINT('',(0.0340779840097909,0.0874090995179185,0.0911973742342668));
#4767=CARTESIAN_POINT('',(0.0203112877666699,0.103279810847683,-0.0117709421438276));
#4768=CARTESIAN_POINT('',(0.0203524491904762,0.103265316500182,-0.0113400661338183));
#4769=CARTESIAN_POINT('',(0.020394216176667,0.103250424059192,-0.0109092669723774));
#4770=CARTESIAN_POINT('',(0.0205634135871863,0.103189270113369,-0.00918633964007033));
#4771=CARTESIAN_POINT('',(0.0206949501052265,0.103139858635268,-0.00789474126056823));
#4772=CARTESIAN_POINT('',(0.0210996161700126,0.102980902995304,-0.00402108768266522));
#4773=CARTESIAN_POINT('',(0.0213832057574553,0.102860589076256,-0.00144019755646918));
#4774=CARTESIAN_POINT('',(0.0219633365550237,0.102590119972689,0.00372161302337306));
#4775=CARTESIAN_POINT('',(0.0222592241766254,0.102440061028836,0.00630270095500819));
#4776=CARTESIAN_POINT('',(0.022853862792811,0.102108272521799,0.0114668538957444));
#4777=CARTESIAN_POINT('',(0.0231529770687186,0.101926506398659,0.0140497804604479));
#4778=CARTESIAN_POINT('',(0.0237496457238993,0.101528564621091,0.0192183077410884));
#4779=CARTESIAN_POINT('',(0.0240475085640554,0.101312270485846,0.021804029768663));
#4780=CARTESIAN_POINT('',(0.024493208319718,0.100958491629899,0.0256868736546953));
#4781=CARTESIAN_POINT('',(0.0246416046812117,0.100835665543748,0.0269818628251384));
#4782=CARTESIAN_POINT('',(0.0249382554475878,0.100579435116054,0.0295735535860863));
#4783=CARTESIAN_POINT('',(0.0250865005474678,0.100446051683384,0.0308702144306501));
#4784=CARTESIAN_POINT('',(0.0253089689342489,0.100237327767572,0.0328169679653839));
#4785=CARTESIAN_POINT('',(0.025383142865191,0.100166309272132,0.0334661853479189));
#4786=CARTESIAN_POINT('',(0.0255315672244399,0.100021251849837,0.0347653180143174));
#4787=CARTESIAN_POINT('',(0.0256058181233436,0.0999472129007814,0.0354152233957583));
#4788=CARTESIAN_POINT('',(0.0257544491622441,0.0997959812944677,0.036715581526967));
#4789=CARTESIAN_POINT('',(0.0258288203012678,0.0997187894318565,0.0373660352335282));
#4790=CARTESIAN_POINT('',(0.0259777918411066,0.0995611145091233,0.038667354161285));
#4791=CARTESIAN_POINT('',(0.0260524055079634,0.0994806302778144,0.0393182179723155));
#4792=CARTESIAN_POINT('',(0.0262769852839656,0.09923401293703,0.0412711968693613));
#4793=CARTESIAN_POINT('',(0.0264277095557035,0.0990627460351506,0.0425736045110254));
#4794=CARTESIAN_POINT('',(0.0267327210190135,0.0987047644446459,0.0451797231433146));
#4795=CARTESIAN_POINT('',(0.0268870174920821,0.0985180979040724,0.0464833446844001));
#4796=CARTESIAN_POINT('',(0.027200584125062,0.0981270477669602,0.0490934536007175));
#4797=CARTESIAN_POINT('',(0.0273598308934757,0.0979226862967925,0.050400075130671));
#4798=CARTESIAN_POINT('',(0.0276847365876077,0.0974934873211061,0.0530178384079527));
#4799=CARTESIAN_POINT('',(0.0278504381306965,0.0972685503025035,0.0543287659329711));
#4800=CARTESIAN_POINT('',(0.0281053169295102,0.0969127433096049,0.056297559059824));
#4801=CARTESIAN_POINT('',(0.0281913349284398,0.0967910659126468,0.0569542360930147));
#4802=CARTESIAN_POINT('',(0.0285400730924324,0.0962911972267579,0.0595822116520855));
#4803=CARTESIAN_POINT('',(0.0288119856435276,0.0958869741242349,0.061555611303212));
#4804=CARTESIAN_POINT('',(0.0294706706570345,0.0948756792109024,0.0661388623090723));
#4805=CARTESIAN_POINT('',(0.0298656284158716,0.0942457142028341,0.068740670290589));
#4806=CARTESIAN_POINT('',(0.030482675725991,0.0932271028316105,0.0726099430558657));
#4807=CARTESIAN_POINT('',(0.0306924265413019,0.0928754757986035,0.0738939620228715));
#4808=CARTESIAN_POINT('',(0.0311191385484051,0.0921510038602946,0.0764471634752584));
#4809=CARTESIAN_POINT('',(0.0313361245778645,0.0917780127292315,0.0777163240808545));
#4810=CARTESIAN_POINT('',(0.0317762312296133,0.0910146541146434,0.08023658118238));
#4811=CARTESIAN_POINT('',(0.0319993272012766,0.0906244317557208,0.0814876993933276));
#4812=CARTESIAN_POINT('',(0.032450282143451,0.0898321937170583,0.083968904660216));
#4813=CARTESIAN_POINT('',(0.0326781485788036,0.089430167489869,0.0851987197801291));
#4814=CARTESIAN_POINT('',(0.033022461054487,0.088822348411832,0.0870278777269721));
#4815=CARTESIAN_POINT('',(0.0331376502223268,0.0886189460812126,0.0876350197201119));
#4816=CARTESIAN_POINT('',(0.0333686853084887,0.0882112317723385,0.0888443063681579));
#4817=CARTESIAN_POINT('',(0.0334845260474885,0.0880068952126144,0.0894465208900448));
#4818=CARTESIAN_POINT('',(0.0336780371580632,0.087666364767072,0.0904455531945102));
#4819=CARTESIAN_POINT('',(0.0337555603617129,0.0875301641848089,0.0908439139721607));
#4820=CARTESIAN_POINT('',(0.0338331871362492,0.0873941293431007,0.0912408951197771));
#4821=CARTESIAN_POINT('',(0.0250000000096868,0.100568230288849,0.0296665427136788));
#4822=CARTESIAN_POINT('',(0.0250000000096868,0.101266424946622,0.0228060806222529));
#4823=CARTESIAN_POINT('',(0.0249999999951617,0.102259510566256,0.00905456495047067));
#4824=CARTESIAN_POINT('',(0.0249999999999898,0.102488108960989,-0.00474113575514679));
#4825=CARTESIAN_POINT('',(0.0249999999999898,0.102487694598422,-0.0116366652408841));
#4826=CARTESIAN_POINT('',(0.0250000000048434,0.100567094727668,0.0296777100555443));
#4827=CARTESIAN_POINT('',(0.0249999987550308,0.102487747008066,-0.0116425670583022));
#4828=CARTESIAN_POINT('',(0.032937946181709,0.0891202093144922,0.0861311795521256));
#4829=CARTESIAN_POINT('',(0.0327415677503222,0.0894662245580859,0.0850871333784976));
#4830=CARTESIAN_POINT('',(0.032340031385957,0.0901730199924003,0.0829245684822576));
#4831=CARTESIAN_POINT('',(0.0318162068700727,0.0910873259721802,0.0800088632815104));
#4832=CARTESIAN_POINT('',(0.0313839243727166,0.0918328481569194,0.0775284124517597));
#4833=CARTESIAN_POINT('',(0.0310533021783562,0.0923973548867844,0.0755895355706451));
#4834=CARTESIAN_POINT('',(0.0307717601719427,0.0928721793005999,0.0738989288138076));
#4835=CARTESIAN_POINT('',(0.0305728617446776,0.0932039447334599,0.0726814822859195));
#4836=CARTESIAN_POINT('',(0.0304712448949879,0.0933724203747846,0.0720532560306135));
#4837=CARTESIAN_POINT('',(0.0304153032625492,0.0934648698879367,0.071705609756772));
#4838=CARTESIAN_POINT('',(0.0303725146145072,0.0935354566324153,0.0714389506235045));
#4839=CARTESIAN_POINT('',(0.0303147342060383,0.0936305505652045,0.0710775289021471));
#4840=CARTESIAN_POINT('',(0.0302251565802945,0.0937774468993658,0.0705140736860175));
#4841=CARTESIAN_POINT('',(0.0300682201779824,0.0940334592560619,0.0695189679373656));
#4842=CARTESIAN_POINT('',(0.0298474504902915,0.094389630612546,0.0680957106634335));
#4843=CARTESIAN_POINT('',(0.0295867861104072,0.0948036218403685,0.0663770554795477));
#4844=CARTESIAN_POINT('',(0.0293306695405037,0.0952036116013844,0.0646490558579147));
#4845=CARTESIAN_POINT('',(0.0290791675530996,0.0955894529344827,0.0629121208000866));
#4846=CARTESIAN_POINT('',(0.0288729650034215,0.0958998336904604,0.061453692147505));
#4847=CARTESIAN_POINT('',(0.0287111103507331,0.0961398827080825,0.0602884415502171));
#4848=CARTESIAN_POINT('',(0.0285476527318522,0.0963797553263726,0.0590967872925308));
#4849=CARTESIAN_POINT('',(0.0283683843882309,0.0966386193174082,0.0577672015259107));
#4850=CARTESIAN_POINT('',(0.0281463413606593,0.096952326725578,0.0560875867740735));
#4851=CARTESIAN_POINT('',(0.0278529901310033,0.0973571612185065,0.0538226092049453));
#4852=CARTESIAN_POINT('',(0.027486987323538,0.0978447094382109,0.0509173395764496));
#4853=CARTESIAN_POINT('',(0.0270448465356233,0.0984053715966827,0.0472819087675772));
#4854=CARTESIAN_POINT('',(0.0264773778853302,0.0990868403185038,0.042484815318932));
#4855=CARTESIAN_POINT('',(0.0257889841073033,0.0998336802716975,0.0365623596356089));
#4856=CARTESIAN_POINT('',(0.0252586457488856,0.100336669898227,0.031941308706163));
#4857=CARTESIAN_POINT('',(0.0249987341945521,0.100567081432065,0.029677854054568));
#4858=CARTESIAN_POINT('',(0.03293678614871,0.0891201336595625,0.0861313726735669));
#4859=CARTESIAN_POINT('',(0.0329355898338877,0.0891201219684226,0.0861313728077096));
#4860=CARTESIAN_POINT('',(0.0336034803719269,0.0891201103302128,0.0861313728077096));
#4861=CARTESIAN_POINT('',(0.034934371304795,0.0890901600834952,0.0861313728147789));
#4862=CARTESIAN_POINT('',(0.0375130634791137,0.0885962154929006,0.0861313728112861));
#4863=CARTESIAN_POINT('',(0.0400135462408103,0.0875461625504053,0.0861313728127813));
#4864=CARTESIAN_POINT('',(0.0421593341392611,0.0860102131389001,0.086131372812536));
#4865=CARTESIAN_POINT('',(0.0436306724829621,0.0846266120527463,0.0861313728125855));
#4866=CARTESIAN_POINT('',(0.0448873197573324,0.0830916902849826,0.0861313728125718));
#4867=CARTESIAN_POINT('',(0.0455759629833065,0.081950502017571,0.086131372812575));
#4868=CARTESIAN_POINT('',(0.045911055329895,0.0813731254116483,0.086131372812575));
#4869=CARTESIAN_POINT('',(0.0459110517032779,0.0813731415223103,0.0861313728140992));
#4870=CARTESIAN_POINT('',(0.0250010379412077,0.102487437307962,-0.0116427762455262));
#4871=CARTESIAN_POINT('',(0.0251938718132471,0.102420246342731,-0.0105853534311562));
#4872=CARTESIAN_POINT('',(0.0255009799590399,0.102310015755574,-0.00896946648189422));
#4873=CARTESIAN_POINT('',(0.0259451520488912,0.102141600383148,-0.00675448215565225));
#4874=CARTESIAN_POINT('',(0.0262365803742475,0.102026983182503,-0.00534652668509077));
#4875=CARTESIAN_POINT('',(0.0264786859980817,0.101928947317571,-0.00420215639474023));
#4876=CARTESIAN_POINT('',(0.0266318889150786,0.101865728119868,-0.00348764759862976));
#4877=CARTESIAN_POINT('',(0.0267599809701086,0.101812038139351,-0.00289637280226543));
#4878=CARTESIAN_POINT('',(0.0268584900017485,0.101770380508612,-0.00244423816518937));
#4879=CARTESIAN_POINT('',(0.0270484455573106,0.101689141059949,-0.00157845627441799));
#4880=CARTESIAN_POINT('',(0.0273213603975272,0.101569412771438,-0.000352797954563106));
#4881=CARTESIAN_POINT('',(0.0277813826262191,0.101360569506063,0.00167874859928477));
#4882=CARTESIAN_POINT('',(0.0282062103261461,0.101157406621301,0.00351335282221408));
#4883=CARTESIAN_POINT('',(0.0285891865503084,0.100964970214754,0.00514272110347445));
#4884=CARTESIAN_POINT('',(0.0287805179367893,0.100867053272158,0.00595249187104698));
#4885=CARTESIAN_POINT('',(0.0289536639772798,0.100776549604884,0.00668132348225242));
#4886=CARTESIAN_POINT('',(0.029055261187868,0.100722754653693,0.00710762695747762));
#4887=CARTESIAN_POINT('',(0.0292201121705613,0.100634852835303,0.007798211087451));
#4888=CARTESIAN_POINT('',(0.0294719168712138,0.100497864922891,0.00884846954413538));
#4889=CARTESIAN_POINT('',(0.0298283710285415,0.100297341682336,0.0103277965458855));
#4890=CARTESIAN_POINT('',(0.0302020338735211,0.100079543531966,0.0118732248147032));
#4891=CARTESIAN_POINT('',(0.0305280048541534,0.0998824337319685,0.0132188529850963));
#4892=CARTESIAN_POINT('',(0.0307972845457882,0.0997147903251461,0.0143300103149487));
#4893=CARTESIAN_POINT('',(0.0309688333755503,0.0996058990114493,0.015037933833894));
#4894=CARTESIAN_POINT('',(0.0311086124366289,0.0995158302918337,0.0156149176245707));
#4895=CARTESIAN_POINT('',(0.0311956866136077,0.0994591685404317,0.0159744381639197));
#4896=CARTESIAN_POINT('',(0.0312593482162445,0.0994174220053349,0.0162373571667057));
#4897=CARTESIAN_POINT('',(0.0312922999304091,0.0993957281794929,0.0163734677329753));
#4898=CARTESIAN_POINT('',(0.0313091562180458,0.0993846118763193,0.016443089585392));
#4899=CARTESIAN_POINT('',(0.031336235431259,0.0993667242338809,0.0165549263728394));
#4900=CARTESIAN_POINT('',(0.0313980033057399,0.0993257905318679,0.0168100043584516));
#4901=CARTESIAN_POINT('',(0.0314977118795047,0.0992592462085306,0.0172217346609799));
#4902=CARTESIAN_POINT('',(0.0316403952586485,0.099162763958092,0.0178112611753925));
#4903=CARTESIAN_POINT('',(0.0317941130753468,0.0990573631416856,0.0184471293239721));
#4904=CARTESIAN_POINT('',(0.0320131145951718,0.0989049326267503,0.0193546093292645));
#4905=CARTESIAN_POINT('',(0.0323132634694279,0.0986911391440622,0.0206023396209807));
#4906=CARTESIAN_POINT('',(0.032713869611071,0.0983954874414596,0.0222778904010782));
#4907=CARTESIAN_POINT('',(0.0330823143969768,0.0981125932637484,0.0238309648034519));
#4908=CARTESIAN_POINT('',(0.0333540917001878,0.0978970372377667,0.0249845364892493));
#4909=CARTESIAN_POINT('',(0.0334980981588934,0.0977808093022027,0.0255981590211265));
#4910=CARTESIAN_POINT('',(0.0335751163611213,0.0977181586734626,0.0259269123126901));
#4911=CARTESIAN_POINT('',(0.0336771302940189,0.0976346534909501,0.0263630178469978));
#4912=CARTESIAN_POINT('',(0.0337978212796411,0.0975347671910288,0.0268805148166448));
#4913=CARTESIAN_POINT('',(0.0339857047938155,0.0973772404847186,0.0276889567151599));
#4914=CARTESIAN_POINT('',(0.0342066238123552,0.0971883470605624,0.0286447037218249));
#4915=CARTESIAN_POINT('',(0.03445114867046,0.0969742949769473,0.0297096023007138));
#4916=CARTESIAN_POINT('',(0.0347497345505137,0.0967071822984436,0.0310181185561364));
#4917=CARTESIAN_POINT('',(0.035072538269406,0.0964093382563823,0.0324458940961133));
#4918=CARTESIAN_POINT('',(0.0353299530410484,0.096164068595167,0.0335963561735308));
#4919=CARTESIAN_POINT('',(0.0354975167504018,0.0960015940489636,0.0343501913888067));
#4920=CARTESIAN_POINT('',(0.0356042871098917,0.0958969420914028,0.0348327722825923));
#4921=CARTESIAN_POINT('',(0.0356772898650464,0.095824745732265,0.0351643046973254));
#4922=CARTESIAN_POINT('',(0.0357269686361326,0.0957753577491158,0.0353908167350993));
#4923=CARTESIAN_POINT('',(0.0357501294424265,0.095752264267811,0.0354967167160692));
#4924=CARTESIAN_POINT('',(0.0357661632478648,0.0957362447671471,0.0355702214969105));
#4925=CARTESIAN_POINT('',(0.0357702255960017,0.0957321894855554,0.0355888356539318));
#4926=CARTESIAN_POINT('',(0.0357952909134534,0.0957071081331184,0.0357039653414287));
#4927=CARTESIAN_POINT('',(0.0358345685978426,0.0956677113156555,0.0358847707247754));
#4928=CARTESIAN_POINT('',(0.0359257076461897,0.0955758947453302,0.0363060133571928));
#4929=CARTESIAN_POINT('',(0.0361148665375011,0.095383111488106,0.0371898471175807));
#4930=CARTESIAN_POINT('',(0.0363304310685558,0.0951586269057601,0.0382182541404863));
#4931=CARTESIAN_POINT('',(0.0365157215834901,0.094961593414715,0.0391212552831451));
#4932=CARTESIAN_POINT('',(0.0366207645039307,0.0948487697884815,0.0396385683422614));
#4933=CARTESIAN_POINT('',(0.0366864677506029,0.0947777217188505,0.0399644672960921));
#4934=CARTESIAN_POINT('',(0.036737987142323,0.0947217479685798,0.040221313703601));
#4935=CARTESIAN_POINT('',(0.0367788807810436,0.0946771527378411,0.0404260022356493));
#4936=CARTESIAN_POINT('',(0.0367968372220562,0.094657520020359,0.0405161678393449));
#4937=CARTESIAN_POINT('',(0.0368308560012157,0.0946202824143175,0.0406872229655082));
#4938=CARTESIAN_POINT('',(0.0368735599381424,0.0945733812223113,0.0409027219328013));
#4939=CARTESIAN_POINT('',(0.0369881534306265,0.0944469802255933,0.0414832002736758));
#4940=CARTESIAN_POINT('',(0.0371958027592687,0.0942154135875251,0.0425441065550339));
#4941=CARTESIAN_POINT('',(0.0374886754752264,0.0938806734312046,0.0440605418303643));
#4942=CARTESIAN_POINT('',(0.0377627141065048,0.0935597165168831,0.045497326679467));
#4943=CARTESIAN_POINT('',(0.0380132083973216,0.0932618156657296,0.0468162770501866));
#4944=CARTESIAN_POINT('',(0.0383079372813853,0.0929040621197268,0.0483756749293834));
#4945=CARTESIAN_POINT('',(0.0386252557907094,0.092509503087223,0.0500628505839708));
#4946=CARTESIAN_POINT('',(0.0389092402361265,0.092149041261002,0.0515767030121422));
#4947=CARTESIAN_POINT('',(0.0391185244754224,0.0918785830646433,0.0526922468216017));
#4948=CARTESIAN_POINT('',(0.0392696030100618,0.0916811698693183,0.0534954459145497));
#4949=CARTESIAN_POINT('',(0.0393581114196908,0.0915646837310441,0.0539645993736153));
#4950=CARTESIAN_POINT('',(0.0394233699958187,0.0914784004588567,0.0543094871468212));
#4951=CARTESIAN_POINT('',(0.0394619335850188,0.0914272391600982,0.0545127353889599));
#4952=CARTESIAN_POINT('',(0.0394817497313257,0.0914009104812266,0.0546170164144638));
#4953=CARTESIAN_POINT('',(0.0395074143245537,0.0913667792814769,0.0547519683045729));
#4954=CARTESIAN_POINT('',(0.0395502755416079,0.091309668637713,0.054977118184476));
#4955=CARTESIAN_POINT('',(0.0396374923454929,0.0911930595236057,0.0554344144286351));
#4956=CARTESIAN_POINT('',(0.0397614111021492,0.0910262132112966,0.056081681233944));
#4957=CARTESIAN_POINT('',(0.0399602698757159,0.0907560155500276,0.0571152895974817));
#4958=CARTESIAN_POINT('',(0.0402089599573163,0.0904135168123051,0.0583985367022556));
#4959=CARTESIAN_POINT('',(0.040607330636754,0.0898552077195305,0.0604351242203228));
#4960=CARTESIAN_POINT('',(0.0411056232319097,0.0891389782983188,0.0629486450451754));
#4961=CARTESIAN_POINT('',(0.0417031526899379,0.0882525145263468,0.0659142159467446));
#4962=CARTESIAN_POINT('',(0.042298675928913,0.0873428496554515,0.0688270235687352));
#4963=CARTESIAN_POINT('',(0.0428924896041894,0.0864110754997681,0.0716946170483329));
#4964=CARTESIAN_POINT('',(0.0434777479282055,0.0854705351333867,0.0744889090281187));
#4965=CARTESIAN_POINT('',(0.0440821612821679,0.0844781234526199,0.0773566296254933));
#4966=CARTESIAN_POINT('',(0.0445950385550487,0.0836197902686303,0.0797908242862038));
#4967=CARTESIAN_POINT('',(0.0450166850514486,0.0829056519595355,0.081801986619719));
#4968=CARTESIAN_POINT('',(0.04541865119503,0.0822202814190003,0.0837295274411587));
#4969=CARTESIAN_POINT('',(0.0457148480505697,0.081711245646544,0.0851685303618194));
#4970=CARTESIAN_POINT('',(0.0459110491942306,0.0813731557071148,0.0861313783061579));
#4971=CARTESIAN_POINT('',(-0.0253026798990392,0.10071708148523,-0.0998588311082111));
#4972=CARTESIAN_POINT('',(-0.022556510949359,0.10071708148523,-0.0998588311082111));
#4973=CARTESIAN_POINT('',(-0.0253026798990392,0.100558261122695,-0.101256842063801));
#4974=CARTESIAN_POINT('',(-0.022556510949359,0.100558261122695,-0.101256842063801));
#4975=CARTESIAN_POINT('',(-0.0253026798990392,0.100395339251265,-0.10251046981131));
#4976=CARTESIAN_POINT('',(-0.022556510949359,0.100395339251265,-0.10251046981131));
#4977=CARTESIAN_POINT('',(-0.0253026798990392,0.100227743387222,-0.103607557713985));
#4978=CARTESIAN_POINT('',(-0.022556510949359,0.100227743387222,-0.103607557713985));
#4979=CARTESIAN_POINT('',(-0.0252863982649489,0.100227743387222,-0.103607557713985));
#4980=CARTESIAN_POINT('',(-0.0252720713199275,0.100242116972617,-0.103513467762871));
#4981=CARTESIAN_POINT('',(-0.0252513909628485,0.100264435112883,-0.103365044507958));
#4982=CARTESIAN_POINT('',(-0.0252333198238372,0.100285900841721,-0.103219532107794));
#4983=CARTESIAN_POINT('',(-0.0252234923076537,0.100298320824958,-0.103134463095358));
#4984=CARTESIAN_POINT('',(-0.0252235468937719,0.100298177916961,-0.103135425053881));
#4985=CARTESIAN_POINT('',(-0.0252181103684325,0.100304432763179,-0.103092510667471));
#4986=CARTESIAN_POINT('',(-0.0252055851971168,0.100318008196053,-0.102998718272513));
#4987=CARTESIAN_POINT('',(-0.0251860950273436,0.100338967581215,-0.10285248319119));
#4988=CARTESIAN_POINT('',(-0.025161796201278,0.100364818154952,-0.10266838330632));
#4989=CARTESIAN_POINT('',(-0.0251527757129815,0.100374366814112,-0.102599685292508));
#4990=CARTESIAN_POINT('',(-0.0251299159550396,0.100398454332696,-0.102425549678674));
#4991=CARTESIAN_POINT('',(-0.0251013097653022,0.100428164017082,-0.102206408566294));
#4992=CARTESIAN_POINT('',(-0.0250526911585906,0.100477797712124,-0.101832300776475));
#4993=CARTESIAN_POINT('',(-0.0250215998414524,0.10050868683855,-0.101591613158633));
#4994=CARTESIAN_POINT('',(-0.0250000088252635,0.100529917667937,-0.101423454240323));
#4995=CARTESIAN_POINT('',(-0.0252863982649502,0.100227743387222,-0.103607557713985));
#4996=CARTESIAN_POINT('',(-0.0249999999984937,0.100529917170332,-0.101423455310824));
#4997=CARTESIAN_POINT('',(-0.0250000088252635,0.100529917667937,-0.101423454240323));
#4998=CARTESIAN_POINT('',(-0.0249682777599462,0.100561119387584,-0.101176320822703));
#4999=CARTESIAN_POINT('',(-0.0249195239517298,0.100608168387025,-0.100793549117442));
#5000=CARTESIAN_POINT('',(-0.0248597625328055,0.100664277228155,-0.100318100022087));
#5001=CARTESIAN_POINT('',(-0.0248257689952286,0.100695757995574,-0.10004579232031));
#5002=CARTESIAN_POINT('',(-0.0248127061836277,0.100707764718802,-0.099940734604435));
#5003=CARTESIAN_POINT('',(-0.0248056416811087,0.100714239331185,-0.0998838298102208));
#5004=CARTESIAN_POINT('',(-0.0248056416811086,0.100714239331185,-0.0998838298102208));
#5005=CARTESIAN_POINT('',(-0.0248056416811086,0.100714239331185,-0.0998838298102209));
#5006=CARTESIAN_POINT('',(-0.0244942286086056,0.100548337474659,-0.101341926518739));
#5007=CARTESIAN_POINT('',(-0.0237641147887521,0.100366677367924,-0.102698091419162));
#5008=CARTESIAN_POINT('',(-0.0225727925834485,0.100227743387222,-0.103607557713985));
#5009=CARTESIAN_POINT('',(-0.0225727925834487,0.100227743387222,-0.103607557713985));
#5010=CARTESIAN_POINT('',(-0.753465888942636,0.100227743387222,-0.103607557713985));
#5011=CARTESIAN_POINT('',(-0.0329855737562591,0.0891201452645262,0.0861313728125772));
#5012=CARTESIAN_POINT('',(-0.024952335858317,0.0891201452645262,0.0861313728125772));
#5013=CARTESIAN_POINT('',(-0.0329855737562591,0.0903309254006436,0.0824780421185904));
#5014=CARTESIAN_POINT('',(-0.024952335858317,0.0903309254006436,0.0824780421185904));
#5015=CARTESIAN_POINT('',(-0.0329855737562591,0.0927062897627782,0.0749379662166163));
#5016=CARTESIAN_POINT('',(-0.024952335858317,0.0927062897627782,0.0749379662166163));
#5017=CARTESIAN_POINT('',(-0.0329855737562591,0.0953963391622352,0.0642487758830762));
#5018=CARTESIAN_POINT('',(-0.024952335858317,0.0953963391622352,0.0642487758830762));
#5019=CARTESIAN_POINT('',(-0.0329855737562591,0.0972781222406414,0.0544959320456894));
#5020=CARTESIAN_POINT('',(-0.024952335858317,0.0972781222406414,0.0544959320456894));
#5021=CARTESIAN_POINT('',(-0.0329855737562591,0.0989610960521388,0.0439131643739142));
#5022=CARTESIAN_POINT('',(-0.024952335858317,0.0989610960521388,0.0439131643739142));
#5023=CARTESIAN_POINT('',(-0.0329855737562591,0.100007422460922,0.0352283092350359));
#5024=CARTESIAN_POINT('',(-0.024952335858317,0.100007422460922,0.0352283092350359));
#5025=CARTESIAN_POINT('',(-0.0329855737562591,0.100611600442863,0.029238513669593));
#5026=CARTESIAN_POINT('',(-0.024952335858317,0.100611600442863,0.029238513669593));
#5027=CARTESIAN_POINT('',(-0.025,0.0859176591038704,0.095530092716217));
#5028=CARTESIAN_POINT('',(-0.025,0.0897828598572913,0.0843121645380145));
#5029=CARTESIAN_POINT('',(-0.025,0.0993273953001393,0.0571650452151719));
#5030=CARTESIAN_POINT('',(-0.025,0.104977250117928,-0.0220677585177737));
#5031=CARTESIAN_POINT('',(-0.025,0.102597518207092,-0.0792271939719303));
#5032=CARTESIAN_POINT('',(-0.025,0.100933760404587,-0.0989859476685524));
#5033=CARTESIAN_POINT('',(-0.025,0.100227743387222,-0.103607557713985));
#5034=CARTESIAN_POINT('',(-0.025,0.100185596616335,-0.103883451828328));
#5035=CARTESIAN_POINT('',(-0.025,0.100143449845447,-0.104159345942671));
#5036=CARTESIAN_POINT('',(-0.025,0.10010130307456,-0.104435240057013));
#5037=CARTESIAN_POINT('',(-0.0249999999970856,0.100568199080642,0.0296668614539793));
#5038=CARTESIAN_POINT('',(-0.0249999637509926,0.100568199877771,0.0296668657107478));
#5039=CARTESIAN_POINT('',(-0.0250655263478271,0.100510280087664,0.0302359728910078));
#5040=CARTESIAN_POINT('',(-0.0251955985967226,0.10039326356387,0.0313654568493471));
#5041=CARTESIAN_POINT('',(-0.0253393151936104,0.100259308072567,0.0326140727289191));
#5042=CARTESIAN_POINT('',(-0.0254343437536271,0.100168780547177,0.0334398511462934));
#5043=CARTESIAN_POINT('',(-0.0254734163598337,0.100131242240907,0.0337794145739665));
#5044=CARTESIAN_POINT('',(-0.0255053942558272,0.100100310201602,0.0340573187916281));
#5045=CARTESIAN_POINT('',(-0.0255272527531172,0.100079082294542,0.0342473437135421));
#5046=CARTESIAN_POINT('',(-0.0255713014987615,0.100036096379019,0.0346304882183466));
#5047=CARTESIAN_POINT('',(-0.0256343095859134,0.0999739094768685,0.0351790340294594));
#5048=CARTESIAN_POINT('',(-0.0257421461432127,0.0998659303372213,0.0361182561260602));
#5049=CARTESIAN_POINT('',(-0.0258869623025663,0.0997177219236073,0.0373792067251191));
#5050=CARTESIAN_POINT('',(-0.0260777354386585,0.0995164443014759,0.0390356958687076));
#5051=CARTESIAN_POINT('',(-0.0262853373785816,0.0992903950322274,0.0408292123780439));
#5052=CARTESIAN_POINT('',(-0.0265094668819832,0.0990383340940252,0.0427515760164747));
#5053=CARTESIAN_POINT('',(-0.0267111560230876,0.0988037385539379,0.0444649417687816));
#5054=CARTESIAN_POINT('',(-0.0268579030265782,0.0986285478595419,0.0457004761299677));
#5055=CARTESIAN_POINT('',(-0.0269355580427404,0.0985345819512485,0.046350970856534));
#5056=CARTESIAN_POINT('',(-0.0269765243672066,0.0984846819717405,0.0466932540303284));
#5057=CARTESIAN_POINT('',(-0.0270306992373508,0.0984184667084012,0.0471451003321338));
#5058=CARTESIAN_POINT('',(-0.0271150060032027,0.0983145572659598,0.0478452624172481));
#5059=CARTESIAN_POINT('',(-0.0272626058745047,0.0981301134764018,0.0490621103037827));
#5060=CARTESIAN_POINT('',(-0.027447874857305,0.0978939354013445,0.0505726291709966));
#5061=CARTESIAN_POINT('',(-0.0276698220909163,0.097603462123646,0.0523538000960732));
#5062=CARTESIAN_POINT('',(-0.0278919050223978,0.0973052564193427,0.0541065147335982));
#5063=CARTESIAN_POINT('',(-0.0281136848528969,0.0969999108666203,0.0558262238737988));
#5064=CARTESIAN_POINT('',(-0.0282992854206548,0.096737957617161,0.0572385167262996));
#5065=CARTESIAN_POINT('',(-0.0284459677961071,0.0965272360393486,0.0583384743772536));
#5066=CARTESIAN_POINT('',(-0.028560852442833,0.0963600960996221,0.0591912441891551));
#5067=CARTESIAN_POINT('',(-0.0286571107045779,0.0962186960145215,0.0598983495813253));
#5068=CARTESIAN_POINT('',(-0.0287978855430922,0.096010531452031,0.0609210134571626));
#5069=CARTESIAN_POINT('',(-0.0289822887402522,0.0957345380434345,0.0622376238673387));
#5070=CARTESIAN_POINT('',(-0.0293014123753498,0.0952489190941353,0.0644636795532272));
#5071=CARTESIAN_POINT('',(-0.0296549165205321,0.0946972163681736,0.0668446259210217));
#5072=CARTESIAN_POINT('',(-0.0300416021243197,0.0940771244978285,0.0693536725132079));
#5073=CARTESIAN_POINT('',(-0.0302744555209681,0.0936971526798651,0.0708275729785264));
#5074=CARTESIAN_POINT('',(-0.0304310981663367,0.093438860055382,0.0718043063905083));
#5075=CARTESIAN_POINT('',(-0.0305502060986711,0.0932416306261742,0.0725421789389239));
#5076=CARTESIAN_POINT('',(-0.0307500933728665,0.092908534178161,0.0737676313988086));
#5077=CARTESIAN_POINT('',(-0.0311490357226642,0.0922362729857071,0.0761668585342425));
#5078=CARTESIAN_POINT('',(-0.0316995696774032,0.0912907975365383,0.0793586653344161));
#5079=CARTESIAN_POINT('',(-0.0323345412583692,0.0901826901619583,0.0828949420094331));
#5080=CARTESIAN_POINT('',(-0.0327397710990529,0.0894693896007938,0.0850775833638652));
#5081=CARTESIAN_POINT('',(-0.0329379458635836,0.0891202093057207,0.0861311795785923));
#5082=CARTESIAN_POINT('',(0.0225565109493594,0.100717080616983,-0.0998588387509209));
#5083=CARTESIAN_POINT('',(0.0253026798990389,0.100717080616983,-0.0998588387509209));
#5084=CARTESIAN_POINT('',(0.0225565109493594,0.100558260528916,-0.101256846632728));
#5085=CARTESIAN_POINT('',(0.0253026798990389,0.100558260528916,-0.101256846632728));
#5086=CARTESIAN_POINT('',(0.0225565109493594,0.100395338945858,-0.102510471810514));
#5087=CARTESIAN_POINT('',(0.0253026798990389,0.100395338945858,-0.102510471810514));
#5088=CARTESIAN_POINT('',(0.0225565109493594,0.100227743387222,-0.103607557713985));
#5089=CARTESIAN_POINT('',(0.0253026798990389,0.100227743387222,-0.103607557713985));
#5090=CARTESIAN_POINT('',(-0.753465888942636,0.100227743387222,-0.103607557713985));
#5091=CARTESIAN_POINT('',(0.0225727925834483,0.100227743387222,-0.103607557713985));
#5092=CARTESIAN_POINT('',(0.0252863982599308,0.100227742619392,-0.103607573251633));
#5093=CARTESIAN_POINT('',(0.0225727925834486,0.100227743387222,-0.103607557713985));
#5094=CARTESIAN_POINT('',(0.0237604913302152,0.100366254794025,-0.102700857600633));
#5095=CARTESIAN_POINT('',(0.0244948659895994,0.100548677759859,-0.101338935100692));
#5096=CARTESIAN_POINT('',(0.0248056400605472,0.100714238467851,-0.0998838373979864));
#5097=CARTESIAN_POINT('',(0.0248056400083478,0.100714240823981,-0.0998838376756843));
#5098=CARTESIAN_POINT('',(0.0250002252557071,0.100529686586427,-0.101425278895581));
#5099=CARTESIAN_POINT('',(0.0249330820328002,0.100595686083818,-0.100902531543557));
#5100=CARTESIAN_POINT('',(0.0248684786062549,0.100656663635062,-0.100389917655989));
#5101=CARTESIAN_POINT('',(0.0248056400083478,0.100714240823981,-0.0998838376756843));
#5102=CARTESIAN_POINT('',(0.0250000006062159,0.100529683342061,-0.101425307340611));
#5103=CARTESIAN_POINT('',(0.0249997759384828,0.100529680115721,-0.101425335642886));
#5104=CARTESIAN_POINT('',(0.0250999524654631,0.100430691306637,-0.102209267734585));
#5105=CARTESIAN_POINT('',(0.0251954932409522,0.100330089210109,-0.102937598674005));
#5106=CARTESIAN_POINT('',(0.0252863982649499,0.100227743387222,-0.103607557713985));
#5107=CARTESIAN_POINT('',(-0.0125763339055507,0.0891201452645262,0.0861313728125772));
#5108=CARTESIAN_POINT('',(0.0125763339055507,0.0891201452645262,0.0861313728125772));
#5109=CARTESIAN_POINT('',(-0.0125763339055507,0.0901042201907305,0.0831620879475204));
#5110=CARTESIAN_POINT('',(0.0125763339055507,0.0901042201907305,0.0831620879475204));
#5111=CARTESIAN_POINT('',(-0.0125763339055507,0.0920418421732608,0.0770692408490736));
#5112=CARTESIAN_POINT('',(0.0125763339055507,0.0920418421732608,0.0770692408490736));
#5113=CARTESIAN_POINT('',(-0.0125763339055507,0.0947516337454761,0.0670316127317493));
#5114=CARTESIAN_POINT('',(0.0125763339055507,0.0947516337454761,0.0670316127317493));
#5115=CARTESIAN_POINT('',(-0.0125763339055507,0.097153274542304,0.055611080683256));
#5116=CARTESIAN_POINT('',(0.0125763339055507,0.097153274542304,0.055611080683256));
#5117=CARTESIAN_POINT('',(-0.0125763339055507,0.0991586910269901,0.0425011760524452));
#5118=CARTESIAN_POINT('',(0.0125763339055507,0.0991586910269901,0.0425011760524452));
#5119=CARTESIAN_POINT('',(-0.0125763339055507,0.100787636524017,0.0282158827834807));
#5120=CARTESIAN_POINT('',(0.0125763339055507,0.100787636524017,0.0282158827834807));
#5121=CARTESIAN_POINT('',(-0.0125763339055507,0.102047434351557,0.0131727843681162));
#5122=CARTESIAN_POINT('',(0.0125763339055507,0.102047434351557,0.0131727843681162));
#5123=CARTESIAN_POINT('',(-0.0125763339055507,0.102948245467401,-0.00218194573694961));
#5124=CARTESIAN_POINT('',(0.0125763339055507,0.102948245467401,-0.00218194573694961));
#5125=CARTESIAN_POINT('',(-0.0125763339055507,0.103501310277169,-0.017420093482388));
#5126=CARTESIAN_POINT('',(0.0125763339055507,0.103501310277169,-0.017420093482388));
#5127=CARTESIAN_POINT('',(-0.0125763339055507,0.103710713755552,-0.0320701971543348));
#5128=CARTESIAN_POINT('',(0.0125763339055507,0.103710713755552,-0.0320701971543348));
#5129=CARTESIAN_POINT('',(-0.0125763339055507,0.103592591684129,-0.0505021509362899));
#5130=CARTESIAN_POINT('',(0.0125763339055507,0.103592591684129,-0.0505021509362899));
#5131=CARTESIAN_POINT('',(-0.0125763339055507,0.103015055695502,-0.067053946154587));
#5132=CARTESIAN_POINT('',(0.0125763339055507,0.103015055695502,-0.067053946154587));
#5133=CARTESIAN_POINT('',(-0.0125763339055507,0.102230622385197,-0.0811696013624279));
#5134=CARTESIAN_POINT('',(0.0125763339055507,0.102230622385197,-0.0811696013624279));
#5135=CARTESIAN_POINT('',(-0.0125763339055507,0.101400500720201,-0.0934901883978115));
#5136=CARTESIAN_POINT('',(0.0125763339055507,0.101400500720201,-0.0934901883978115));
#5137=CARTESIAN_POINT('',(-0.0125763339055507,0.100721426033745,-0.100375895271992));
#5138=CARTESIAN_POINT('',(0.0125763339055507,0.100721426033745,-0.100375895271992));
#5139=CARTESIAN_POINT('',(-0.0125763339055507,0.100227743387222,-0.103607557713985));
#5140=CARTESIAN_POINT('',(0.0125763339055507,0.100227743387222,-0.103607557713985));
#5141=CARTESIAN_POINT('',(-0.753465888942636,0.100227743387222,-0.103607557713985));
#5142=CARTESIAN_POINT('',(-0.0124272074165517,0.100227743387222,-0.103607557713985));
#5143=CARTESIAN_POINT('',(0.0124272074165512,0.100227743387222,-0.103607557713985));
#5144=CARTESIAN_POINT('',(-0.0124272074165514,0.100227743387222,-0.103607557713985));
#5145=CARTESIAN_POINT('',(-0.0115107835876919,0.100334618261098,-0.102907951360297));
#5146=CARTESIAN_POINT('',(-0.0105372426382114,0.100536412387508,-0.1014457104504));
#5147=CARTESIAN_POINT('',(-0.0100192132148552,0.100792856613047,-0.099204935663422));
#5148=CARTESIAN_POINT('',(-0.0100000000000001,0.100910914168218,-0.0980702487176498));
#5149=CARTESIAN_POINT('',(-0.0100000000000001,0.100967845931891,-0.0975));
#5150=CARTESIAN_POINT('',(-0.0100000000000001,0.10096784593189,-0.0975));
#5151=CARTESIAN_POINT('',(-0.0100000000000001,0.0859176591038704,0.095530092716217));
#5152=CARTESIAN_POINT('',(-0.0100000000000001,0.0897828598572913,0.0843121645380145));
#5153=CARTESIAN_POINT('',(-0.0100000000000001,0.0993273953001393,0.0571650452151719));
#5154=CARTESIAN_POINT('',(-0.0100000000000001,0.104977250117928,-0.0220677585177737));
#5155=CARTESIAN_POINT('',(-0.0100000000000001,0.102597518207092,-0.0792271939719303));
#5156=CARTESIAN_POINT('',(-0.0100000000000001,0.100933760404587,-0.0989859476685524));
#5157=CARTESIAN_POINT('',(-0.0100000000000001,0.100227743387222,-0.103607557713985));
#5158=CARTESIAN_POINT('',(-0.0100000000000001,0.100185596616335,-0.103883451828328));
#5159=CARTESIAN_POINT('',(-0.0100000000000001,0.100143449845447,-0.104159345942671));
#5160=CARTESIAN_POINT('',(-0.0100000000000001,0.10010130307456,-0.104435240057013));
#5161=CARTESIAN_POINT('',(0.01,0.0859176591038704,0.095530092716217));
#5162=CARTESIAN_POINT('',(0.01,0.0897828598572913,0.0843121645380145));
#5163=CARTESIAN_POINT('',(0.01,0.0993273953001393,0.0571650452151719));
#5164=CARTESIAN_POINT('',(0.01,0.104977250117928,-0.0220677585177737));
#5165=CARTESIAN_POINT('',(0.01,0.102597518207092,-0.0792271939719303));
#5166=CARTESIAN_POINT('',(0.01,0.100933760404587,-0.0989859476685524));
#5167=CARTESIAN_POINT('',(0.01,0.100227743387222,-0.103607557713985));
#5168=CARTESIAN_POINT('',(0.01,0.100185596616335,-0.103883451828328));
#5169=CARTESIAN_POINT('',(0.01,0.100143449845447,-0.104159345942671));
#5170=CARTESIAN_POINT('',(0.01,0.10010130307456,-0.104435240057013));
#5171=CARTESIAN_POINT('',(0.01,0.100967845931892,-0.0974999999999883));
#5172=CARTESIAN_POINT('',(0.01,0.100967845931891,-0.0975));
#5173=CARTESIAN_POINT('',(0.01,0.1009110127954,-0.0980692608328514));
#5174=CARTESIAN_POINT('',(0.01002041206747,0.10079311459865,-0.0992018263457356));
#5175=CARTESIAN_POINT('',(0.010525177385356,0.100540203559997,-0.101414909599741));
#5176=CARTESIAN_POINT('',(0.0115080508891415,0.100334936953054,-0.102905865193167));
#5177=CARTESIAN_POINT('',(0.0124272074165515,0.100227743387222,-0.103607557713985));
#5178=CARTESIAN_POINT('',(-0.0252890454969291,0.100179409106661,-0.103923988221202));
#5179=CARTESIAN_POINT('',(-0.025281477122825,0.100186330532062,-0.103878683545722));
#5180=CARTESIAN_POINT('',(-0.0252739041968712,0.100193277782855,-0.103833203266337));
#5181=CARTESIAN_POINT('',(-0.0252607711103816,0.100205424503965,-0.103753661978967));
#5182=CARTESIAN_POINT('',(-0.0252551812353946,0.100210511320463,-0.103720364095658));
#5183=CARTESIAN_POINT('',(-0.0252438625314365,0.100220467598035,-0.103655257085233));
#5184=CARTESIAN_POINT('',(-0.025238165315189,0.100225574010111,-0.10362186703505));
#5185=CARTESIAN_POINT('',(-0.0252269556604435,0.100237960391791,-0.103540480135222));
#5186=CARTESIAN_POINT('',(-0.025221413708822,0.100244861914219,-0.103494961464514));
#5187=CARTESIAN_POINT('',(-0.0252103408110426,0.100257663240548,-0.10340986331861));
#5188=CARTESIAN_POINT('',(-0.0252048198826896,0.100263779334481,-0.103368892211175));
#5189=CARTESIAN_POINT('',(-0.0251883384331704,0.100282113271866,-0.103245356518042));
#5190=CARTESIAN_POINT('',(-0.0251774649385216,0.100294441571541,-0.103161367769475));
#5191=CARTESIAN_POINT('',(-0.0251558835221451,0.100318362544481,-0.102996415423938));
#5192=CARTESIAN_POINT('',(-0.0251451782795875,0.100330010263799,-0.102915096000334));
#5193=CARTESIAN_POINT('',(-0.0251133123969208,0.100364401938317,-0.102672363918236));
#5194=CARTESIAN_POINT('',(-0.0250924042095658,0.100386674684088,-0.102511674327886));
#5195=CARTESIAN_POINT('',(-0.0250305354165194,0.100451574257896,-0.102034152543581));
#5196=CARTESIAN_POINT('',(-0.0249904133629732,0.100492149002144,-0.101722846963141));
#5197=CARTESIAN_POINT('',(-0.0248726788918898,0.100608672703988,-0.10079922986973));
#5198=CARTESIAN_POINT('',(-0.0247976575968155,0.100679418898691,-0.100197580436893));
#5199=CARTESIAN_POINT('',(-0.0246521392066358,0.10081219972652,-0.0990104252588421));
#5200=CARTESIAN_POINT('',(-0.0245816609496206,0.100874275133387,-0.0984244716459119));
#5201=CARTESIAN_POINT('',(-0.0243751197537642,0.101051283210637,-0.0966810164757344));
#5202=CARTESIAN_POINT('',(-0.024243737956578,0.101157439904221,-0.0955368880584569));
#5203=CARTESIAN_POINT('',(-0.0239877699022444,0.101355836271282,-0.0932651333914677));
#5204=CARTESIAN_POINT('',(-0.0238632642686651,0.101447907700268,-0.0921379169986189));
#5205=CARTESIAN_POINT('',(-0.0236179011857652,0.101622476314833,-0.0898932343650183));
#5206=CARTESIAN_POINT('',(-0.0234970754971105,0.10170492040258,-0.0887758622764505));
#5207=CARTESIAN_POINT('',(-0.0232570362461585,0.101862740553028,-0.0865472675695506));
#5208=CARTESIAN_POINT('',(-0.0231378260603171,0.101938093218438,-0.0854361386759277));
#5209=CARTESIAN_POINT('',(-0.0228992093330468,0.102083459310158,-0.0832188075034881));
#5210=CARTESIAN_POINT('',(-0.0227798523355827,0.102153438747879,-0.0821124757209031));
#5211=CARTESIAN_POINT('',(-0.0224208447076622,0.102356604118557,-0.0787933159317476));
#5212=CARTESIAN_POINT('',(-0.0221797530900522,0.102483408101,-0.0765784466366223));
#5213=CARTESIAN_POINT('',(-0.0217009350606149,0.102718202110865,-0.0721478388132431));
#5214=CARTESIAN_POINT('',(-0.0214632695761811,0.10282619792736,-0.069932141807076));
#5215=CARTESIAN_POINT('',(-0.0209991795166701,0.103023326911695,-0.0654984004224361));
#5216=CARTESIAN_POINT('',(-0.0207729088598137,0.103112446262947,-0.06328038698757));
#5217=CARTESIAN_POINT('',(-0.0204869462884546,0.103218381447981,-0.0603210430553771));
#5218=CARTESIAN_POINT('',(-0.0204167245909097,0.103243790717188,-0.0595810399474701));
#5219=CARTESIAN_POINT('',(-0.0203480838608959,0.103268117927169,-0.0588408564407175));
#5220=CARTESIAN_POINT('',(-0.0254500902386267,0.100183470203305,-0.103897600841603));
#5221=CARTESIAN_POINT('',(-0.0254423772429028,0.100190393678824,-0.103852283300754));
#5222=CARTESIAN_POINT('',(-0.0254346287312504,0.100197341606708,-0.103806797376166));
#5223=CARTESIAN_POINT('',(-0.0254210844514663,0.100209484755191,-0.10372727126038));
#5224=CARTESIAN_POINT('',(-0.0254153659264552,0.100214572663752,-0.103693967228172));
#5225=CARTESIAN_POINT('',(-0.0254041568241832,0.100224545160041,-0.103628769106356));
#5226=CARTESIAN_POINT('',(-0.025398610258105,0.100229658681479,-0.103595327861843));
#5227=CARTESIAN_POINT('',(-0.0253872301773701,0.100241993012464,-0.103514094853615));
#5228=CARTESIAN_POINT('',(-0.0253814588383631,0.100248846931455,-0.103468735896726));
#5229=CARTESIAN_POINT('',(-0.0253700912505667,0.100261579919702,-0.103383857970873));
#5230=CARTESIAN_POINT('',(-0.0253644646909231,0.100267669025268,-0.10334297099098));
#5231=CARTESIAN_POINT('',(-0.0253476372502595,0.10028591942187,-0.103219700457322));
#5232=CARTESIAN_POINT('',(-0.0253364710922078,0.100298184988465,-0.103135919121409));
#5233=CARTESIAN_POINT('',(-0.025314366818048,0.100321994486676,-0.102971335310518));
#5234=CARTESIAN_POINT('',(-0.025303421029253,0.100333591867796,-0.102890183056395));
#5235=CARTESIAN_POINT('',(-0.0252708363089638,0.100367838429457,-0.102647938258256));
#5236=CARTESIAN_POINT('',(-0.0252494383705785,0.100390020023394,-0.102487563035776));
#5237=CARTESIAN_POINT('',(-0.0251861314680199,0.100454667078802,-0.102010927528276));
#5238=CARTESIAN_POINT('',(-0.0251451233800947,0.100495105662138,-0.101700119854553));
#5239=CARTESIAN_POINT('',(-0.0250247789656461,0.100611265139703,-0.100777872727749));
#5240=CARTESIAN_POINT('',(-0.0249480991422583,0.100681829029123,-0.100176964097882));
#5241=CARTESIAN_POINT('',(-0.0247994182622506,0.10081430842331,-0.0989910814008894));
#5242=CARTESIAN_POINT('',(-0.0247274186153692,0.100876262890564,-0.0984056679465557));
#5243=CARTESIAN_POINT('',(-0.0245164456600941,0.101052960823204,-0.0966636485401527));
#5244=CARTESIAN_POINT('',(-0.024382284202362,0.101158976297909,-0.0955202428198222));
#5245=CARTESIAN_POINT('',(-0.0241209532478701,0.101357142337063,-0.0932497158232481));
#5246=CARTESIAN_POINT('',(-0.0239938666915747,0.101449126441809,-0.0921229993833422));
#5247=CARTESIAN_POINT('',(-0.0237434795281014,0.1016235486073,-0.0898791856867681));
#5248=CARTESIAN_POINT('',(-0.0236202113425107,0.10170593395065,-0.0887621814443449));
#5249=CARTESIAN_POINT('',(-0.0233753886390801,0.101863653044251,-0.0865342399119759));
#5250=CARTESIAN_POINT('',(-0.0232538377408103,0.101938963644236,-0.0854233950850412));
#5251=CARTESIAN_POINT('',(-0.0230106149714057,0.102084256985819,-0.0832065661639998));
#5252=CARTESIAN_POINT('',(-0.0228889935991489,0.102154205592253,-0.0821004544331972));
#5253=CARTESIAN_POINT('',(-0.0225233060580799,0.102357281066372,-0.0787819631285881));
#5254=CARTESIAN_POINT('',(-0.0222779042501823,0.102484024858438,-0.0765675769541096));
#5255=CARTESIAN_POINT('',(-0.0217909129433854,0.102718705442974,-0.0721379693042001));
#5256=CARTESIAN_POINT('',(-0.0215493833855493,0.102826648162849,-0.0699227880847807));
#5257=CARTESIAN_POINT('',(-0.0210781092618228,0.10302367788226,-0.0654901143618056));
#5258=CARTESIAN_POINT('',(-0.0208485180124654,0.103112751135881,-0.0632726523586407));
#5259=CARTESIAN_POINT('',(-0.020558544672299,0.103218630682809,-0.0603140620170212));
#5260=CARTESIAN_POINT('',(-0.0204873550633096,0.103244026534612,-0.0595742488100245));
#5261=CARTESIAN_POINT('',(-0.0204177826009954,0.103268340836025,-0.0588342566205275));
#5262=CARTESIAN_POINT('',(-0.0256109335453478,0.100187650515791,-0.10387126546396));
#5263=CARTESIAN_POINT('',(-0.025603074855569,0.100194575556805,-0.103825935212221));
#5264=CARTESIAN_POINT('',(-0.0255951520760312,0.100201524235395,-0.103780443473164));
#5265=CARTESIAN_POINT('',(-0.0255812071517493,0.100213665869287,-0.103700931116075));
#5266=CARTESIAN_POINT('',(-0.025575360882594,0.100218754908013,-0.103667620822922));
#5267=CARTESIAN_POINT('',(-0.0255642345054362,0.100228736996216,-0.103602335235533));
#5268=CARTESIAN_POINT('',(-0.025558817581009,0.100233852550301,-0.10356884560892));
#5269=CARTESIAN_POINT('',(-0.0255472611970651,0.100246133177952,-0.103487766912161));
#5270=CARTESIAN_POINT('',(-0.0255412685674718,0.100252941264523,-0.103442566280579));
#5271=CARTESIAN_POINT('',(-0.0255296100977564,0.100265606538927,-0.103357907608346));
#5272=CARTESIAN_POINT('',(-0.0255238766889211,0.100271668232376,-0.103317104731717));
#5273=CARTESIAN_POINT('',(-0.0255067019728442,0.100289834372956,-0.103194098954301));
#5274=CARTESIAN_POINT('',(-0.0254952472212541,0.100302037887017,-0.103110524064833));
#5275=CARTESIAN_POINT('',(-0.0254726238415018,0.100325736235575,-0.102946307525313));
#5276=CARTESIAN_POINT('',(-0.0254614379773549,0.100337283108664,-0.102865322029047));
#5277=CARTESIAN_POINT('',(-0.0254281361219569,0.100371384113823,-0.102623563278141));
#5278=CARTESIAN_POINT('',(-0.0254062510372312,0.100393474603209,-0.102463501438648));
#5279=CARTESIAN_POINT('',(-0.0253415131616691,0.100457869122938,-0.101987749473706));
#5280=CARTESIAN_POINT('',(-0.0252996204944275,0.100498170758125,-0.101677438522616));
#5281=CARTESIAN_POINT('',(-0.0251766718585304,0.100613964004539,-0.100756557913787));
#5282=CARTESIAN_POINT('',(-0.0250983377411224,0.100684344397426,-0.100156388120409));
#5283=CARTESIAN_POINT('',(-0.0249464995883672,0.100816519324946,-0.0989717748376432));
#5284=CARTESIAN_POINT('',(-0.0248729809001459,0.100878351330606,-0.0983869002487922));
#5285=CARTESIAN_POINT('',(-0.0246575825615116,0.101054734542529,-0.0966463132061614));
#5286=CARTESIAN_POINT('',(-0.0245206445160356,0.101160605666005,-0.0955036285655681));
#5287=CARTESIAN_POINT('',(-0.0242539566100089,0.101358535357407,-0.0932343264917357));
#5288=CARTESIAN_POINT('',(-0.0241242919843719,0.101450429245934,-0.0921081088881579));
#5289=CARTESIAN_POINT('',(-0.0238688862190553,0.101624699355031,-0.08986516220464));
#5290=CARTESIAN_POINT('',(-0.0237431781676442,0.101707023240636,-0.0887485250027175));
#5291=CARTESIAN_POINT('',(-0.0234935772609017,0.101864636041527,-0.0865212352150727));
#5292=CARTESIAN_POINT('',(-0.0233696882613111,0.10193990205213,-0.0854106738339127));
#5293=CARTESIAN_POINT('',(-0.0231218646398287,0.102085117755378,-0.0831943460667258));
#5294=CARTESIAN_POINT('',(-0.0229979814724766,0.102155033167768,-0.0820884539079607));
#5295=CARTESIAN_POINT('',(-0.0226256217327481,0.102358011916652,-0.078770629668747));
#5296=CARTESIAN_POINT('',(-0.0223759148528521,0.102484691309666,-0.0765567256486676));
#5297=CARTESIAN_POINT('',(-0.0218807604022758,0.102719250880103,-0.0721281162382606));
#5298=CARTESIAN_POINT('',(-0.0216353717757878,0.102827137118524,-0.0699134498410675));
#5299=CARTESIAN_POINT('',(-0.0211569231113777,0.103024061591584,-0.0654818418437142));
#5300=CARTESIAN_POINT('',(-0.0209240157930619,0.103113086149549,-0.0632649303012404));
#5301=CARTESIAN_POINT('',(-0.0206300372451682,0.103218907070683,-0.0603070922530869));
#5302=CARTESIAN_POINT('',(-0.0205578810755712,0.103244288798009,-0.0595674686225421));
#5303=CARTESIAN_POINT('',(-0.0204873781886334,0.103268589521992,-0.0588276674256593));
#5304=CARTESIAN_POINT('',(-0.0259542141225511,0.100191382457322,-0.103814266164242));
#5305=CARTESIAN_POINT('',(-0.0259460407818427,0.10019831851587,-0.10376891055219));
#5306=CARTESIAN_POINT('',(-0.0259377578523636,0.100205278366508,-0.103723405902227));
#5307=CARTESIAN_POINT('',(-0.0259230318422522,0.100217439899665,-0.103643914193645));
#5308=CARTESIAN_POINT('',(-0.0259169211545052,0.100222538341205,-0.103610590178689));
#5309=CARTESIAN_POINT('',(-0.02590580183548,0.100232532379529,-0.103545144685148));
#5310=CARTESIAN_POINT('',(-0.0259005279376304,0.100237642194282,-0.103511572879675));
#5311=CARTESIAN_POINT('',(-0.0258885637576208,0.100249817625589,-0.103430835652532));
#5312=CARTESIAN_POINT('',(-0.0258821551185597,0.100256541660842,-0.103385969952239));
#5313=CARTESIAN_POINT('',(-0.0258699073816959,0.100269079610354,-0.10330178321146));
#5314=CARTESIAN_POINT('',(-0.0258639412588335,0.100275088762756,-0.103261164299905));
#5315=CARTESIAN_POINT('',(-0.0258460266974777,0.100293094773732,-0.103138734873735));
#5316=CARTESIAN_POINT('',(-0.0258339888968378,0.100305182846401,-0.103055603876422));
#5317=CARTESIAN_POINT('',(-0.025810294390145,0.100328673978641,-0.102892180893579));
#5318=CARTESIAN_POINT('',(-0.0257986051888248,0.100340126716443,-0.102811557082726));
#5319=CARTESIAN_POINT('',(-0.0257638013754737,0.100373957809244,-0.10257085222166));
#5320=CARTESIAN_POINT('',(-0.025740904679015,0.100395881594308,-0.102411468300386));
#5321=CARTESIAN_POINT('',(-0.0256731911308667,0.10045981820192,-0.101937628004046));
#5322=CARTESIAN_POINT('',(-0.025629439345799,0.100499876786184,-0.101628394784188));
#5323=CARTESIAN_POINT('',(-0.0255010237930308,0.100615032645761,-0.100710477469606));
#5324=CARTESIAN_POINT('',(-0.0254192170956456,0.100685111899263,-0.100111908982872));
#5325=CARTESIAN_POINT('',(-0.0252607286221963,0.100816807610253,-0.0989300495856077));
#5326=CARTESIAN_POINT('',(-0.0251840067912401,0.100878459438542,-0.0983463440912236));
#5327=CARTESIAN_POINT('',(-0.0249592680389343,0.101054405257049,-0.0966088649491236));
#5328=CARTESIAN_POINT('',(-0.0248164559638788,0.101160112284408,-0.095467745692383));
#5329=CARTESIAN_POINT('',(-0.0245384242157307,0.101357810647875,-0.0932011028425202));
#5330=CARTESIAN_POINT('',(-0.0244032944099572,0.101449640951838,-0.0920759682323482));
#5331=CARTESIAN_POINT('',(-0.0241372401398793,0.101623833048728,-0.0898349041227581));
#5332=CARTESIAN_POINT('',(-0.0240063501891369,0.101706143282412,-0.0887190640246509));
#5333=CARTESIAN_POINT('',(-0.0237465937677216,0.101863754955522,-0.0864931897258137));
#5334=CARTESIAN_POINT('',(-0.0236177315899516,0.101939033994177,-0.085383244015246));
#5335=CARTESIAN_POINT('',(-0.0233601151422155,0.102084292462376,-0.0831680051270859));
#5336=CARTESIAN_POINT('',(-0.023231414369459,0.102154237261486,-0.0820625901805968));
#5337=CARTESIAN_POINT('',(-0.02284483445452,0.102357298814266,-0.0787462145667221));
#5338=CARTESIAN_POINT('',(-0.022585940965365,0.102484018645854,-0.0765333557144347));
#5339=CARTESIAN_POINT('',(-0.0220733524967897,0.102718641354442,-0.0721069070023218));
#5340=CARTESIAN_POINT('',(-0.0218197142834513,0.102826550693651,-0.0698933534259841));
#5341=CARTESIAN_POINT('',(-0.0213259190226766,0.103023504536463,-0.0654640464881056));
#5342=CARTESIAN_POINT('',(-0.0210859133917992,0.103112535588489,-0.0632483222273912));
#5343=CARTESIAN_POINT('',(-0.0207833579756177,0.103218358505014,-0.0602921054071216));
#5344=CARTESIAN_POINT('',(-0.0207091316928933,0.103243740184809,-0.0595528902090944));
#5345=CARTESIAN_POINT('',(-0.0206366358494114,0.103268040414269,-0.0588135003912116));
#5346=CARTESIAN_POINT('',(-0.0261375037180839,0.100190533739108,-0.103783398136317));
#5347=CARTESIAN_POINT('',(-0.0261291610977538,0.100197480049559,-0.103738029850284));
#5348=CARTESIAN_POINT('',(-0.0261206915521849,0.100204450933278,-0.10369251813698));
#5349=CARTESIAN_POINT('',(-0.0261055824092915,0.100216634289839,-0.103613033574889));
#5350=CARTESIAN_POINT('',(-0.0260993345141872,0.100221741462381,-0.103579702107997));
#5351=CARTESIAN_POINT('',(-0.0260881433711045,0.100231741039077,-0.103514183561534));
#5352=CARTESIAN_POINT('',(-0.0260828860810312,0.100236845252706,-0.103480577604371));
#5353=CARTESIAN_POINT('',(-0.0260706907346634,0.10024897050897,-0.103400028836018));
#5354=CARTESIAN_POINT('',(-0.0260640856734592,0.100255656055666,-0.103355341040655));
#5355=CARTESIAN_POINT('',(-0.0260515382392745,0.100268134898911,-0.103271408795356));
#5356=CARTESIAN_POINT('',(-0.026045446123404,0.100274119438218,-0.103230890449684));
#5357=CARTESIAN_POINT('',(-0.0260271382067083,0.100292050924604,-0.103108774828622));
#5358=CARTESIAN_POINT('',(-0.0260148045934993,0.100304086094258,-0.103025882987704));
#5359=CARTESIAN_POINT('',(-0.0259905560932919,0.100327482501604,-0.102862889342704));
#5360=CARTESIAN_POINT('',(-0.0259786028816696,0.100338892401696,-0.102782461848711));
#5361=CARTESIAN_POINT('',(-0.0259430119513969,0.100372601481457,-0.10254232887915));
#5362=CARTESIAN_POINT('',(-0.025919589012175,0.100394451102766,-0.10238331210027));
#5363=CARTESIAN_POINT('',(-0.0258503255508436,0.100458186681617,-0.101910507281879));
#5364=CARTESIAN_POINT('',(-0.0258055963156963,0.100498142314905,-0.101601859211506));
#5365=CARTESIAN_POINT('',(-0.0256743091249033,0.100613036247454,-0.100685550061703));
#5366=CARTESIAN_POINT('',(-0.02559067813769,0.100683003823781,-0.100087850201167));
#5367=CARTESIAN_POINT('',(-0.0254286852021796,0.100814536665498,-0.0989074858582006));
#5368=CARTESIAN_POINT('',(-0.0253502736280106,0.100876136580295,-0.0983244150855074));
#5369=CARTESIAN_POINT('',(-0.0251206030682972,0.101051976754303,-0.0965886234236071));
#5370=CARTESIAN_POINT('',(-0.0249746826103062,0.101157674909171,-0.0954483544863405));
#5371=CARTESIAN_POINT('',(-0.0246906421034416,0.101355399133905,-0.0931831561606209));
#5372=CARTESIAN_POINT('',(-0.0245526142648458,0.101447266038976,-0.0920586098733911));
#5373=CARTESIAN_POINT('',(-0.0242809082076601,0.101621551378004,-0.0898185685736594));
#5374=CARTESIAN_POINT('',(-0.0241472652612431,0.101703918643915,-0.0887031616122946));
#5375=CARTESIAN_POINT('',(-0.0238821095026395,0.101861653273899,-0.0864780565211713));
#5376=CARTESIAN_POINT('',(-0.0237506011847419,0.101936998496102,-0.0853684454160819));
#5377=CARTESIAN_POINT('',(-0.0234877705016095,0.102082393926249,-0.0831537984847401));
#5378=CARTESIAN_POINT('',(-0.0233565027247873,0.102152409294412,-0.0820486430415398));
#5379=CARTESIAN_POINT('',(-0.0229623411752273,0.102355673431375,-0.0787330545479157));
#5380=CARTESIAN_POINT('',(-0.0226985435728682,0.102482512263895,-0.0765207625662328));
#5381=CARTESIAN_POINT('',(-0.0221766401796436,0.102717344687459,-0.0720954840449643));
#5382=CARTESIAN_POINT('',(-0.0219185899714781,0.102825345019525,-0.069882532333525));
#5383=CARTESIAN_POINT('',(-0.0214165819575679,0.103022453627733,-0.0654544685234782));
#5384=CARTESIAN_POINT('',(-0.0211727748548181,0.103111548614583,-0.0632393850084107));
#5385=CARTESIAN_POINT('',(-0.0208656242682278,0.103217442205698,-0.0602840423745032));
#5386=CARTESIAN_POINT('',(-0.0207902887346836,0.103242840341448,-0.0595450473468786));
#5387=CARTESIAN_POINT('',(-0.020716724853831,0.10326715590405,-0.0588058792311085));
#5388=CARTESIAN_POINT('',(-0.0265221567141778,0.100178818067847,-0.103717100439089));
#5389=CARTESIAN_POINT('',(-0.0265134594246651,0.100185802233678,-0.10367170789745));
#5390=CARTESIAN_POINT('',(-0.026504612156387,0.100192812903441,-0.103626181612502));
#5391=CARTESIAN_POINT('',(-0.0264887692116036,0.100205071888315,-0.103546705255648));
#5392=CARTESIAN_POINT('',(-0.0264822431987638,0.10021020961542,-0.103513358289765));
#5393=CARTESIAN_POINT('',(-0.0264707608916293,0.100220242211508,-0.103447712284379));
#5394=CARTESIAN_POINT('',(-0.026465426227636,0.100225344780856,-0.103414055200841));
#5395=CARTESIAN_POINT('',(-0.0264527253615447,0.100237391062542,-0.103333919825359));
#5396=CARTESIAN_POINT('',(-0.0264457602581248,0.1002440109091,-0.103289607499232));
#5397=CARTESIAN_POINT('',(-0.0264326179578591,0.100256393395616,-0.103206220809606));
#5398=CARTESIAN_POINT('',(-0.0264262607214679,0.100262339454517,-0.103165921004692));
#5399=CARTESIAN_POINT('',(-0.0264071383528434,0.100280154215852,-0.103044484606253));
#5400=CARTESIAN_POINT('',(-0.0263942188804622,0.100292105340431,-0.102962104959036));
#5401=CARTESIAN_POINT('',(-0.0263688522590058,0.100315355450254,-0.102800034713605));
#5402=CARTESIAN_POINT('',(-0.0263563590139802,0.100326701109394,-0.102720030822453));
#5403=CARTESIAN_POINT('',(-0.0263191592026725,0.100360230267044,-0.102481131539035));
#5404=CARTESIAN_POINT('',(-0.0262946678763874,0.100381974087679,-0.102322905178022));
#5405=CARTESIAN_POINT('',(-0.0262222534714319,0.100445434210726,-0.101852329981905));
#5406=CARTESIAN_POINT('',(-0.0261755188904781,0.100485266892209,-0.101544944846657));
#5407=CARTESIAN_POINT('',(-0.0260383437586529,0.10059988199575,-0.100632104969007));
#5408=CARTESIAN_POINT('',(-0.0259509698035183,0.100669784388573,-0.100036278067693));
#5409=CARTESIAN_POINT('',(-0.0257817631762421,0.100801298392553,-0.0988591399671043));
#5410=CARTESIAN_POINT('',(-0.0256998684528705,0.10086294331141,-0.0982774389218868));
#5411=CARTESIAN_POINT('',(-0.0254600196385145,0.101039006752941,-0.0965452890866247));
#5412=CARTESIAN_POINT('',(-0.025307666358615,0.101144961082694,-0.0954068559712608));
#5413=CARTESIAN_POINT('',(-0.0250111726437945,0.101343260857517,-0.0931447763317874));
#5414=CARTESIAN_POINT('',(-0.024867129009167,0.101435450796473,-0.0920215002287611));
#5415=CARTESIAN_POINT('',(-0.02458367524568,0.101610402716739,-0.089783667405906));
#5416=CARTESIAN_POINT('',(-0.0244443019522972,0.101693114264772,-0.0886691958092495));
#5417=CARTESIAN_POINT('',(-0.0241678948818999,0.101851538359603,-0.0864457518944874));
#5418=CARTESIAN_POINT('',(-0.0240308659475833,0.101927229277723,-0.0853368634645771));
#5419=CARTESIAN_POINT('',(-0.0237571454491852,0.102073310667087,-0.0831234954972438));
#5420=CARTESIAN_POINT('',(-0.0236205107554671,0.102143665779998,-0.0820189009078808));
#5421=CARTESIAN_POINT('',(-0.0232104834270026,0.102347908184811,-0.0787050112771771));
#5422=CARTESIAN_POINT('',(-0.0229364034695525,0.102475337037141,-0.0764939390653214));
#5423=CARTESIAN_POINT('',(-0.0223949426642478,0.102711224469348,-0.0720711725626415));
#5424=CARTESIAN_POINT('',(-0.0221276149001868,0.102819690604909,-0.0698595100120128));
#5425=CARTESIAN_POINT('',(-0.0216083195321759,0.10301761010046,-0.0654341042262818));
#5426=CARTESIAN_POINT('',(-0.0213565010776742,0.103107050655344,-0.063220388466567));
#5427=CARTESIAN_POINT('',(-0.021039659844375,0.103213335966386,-0.06026690948266));
#5428=CARTESIAN_POINT('',(-0.0209619844598753,0.103238826271339,-0.0595283836318178));
#5429=CARTESIAN_POINT('',(-0.020886167190516,0.103263228558717,-0.0587896877764838));
#5430=CARTESIAN_POINT('',(-0.026723453963625,0.10016796157868,-0.103681683462226));
#5431=CARTESIAN_POINT('',(-0.0267145713465048,0.10017497332665,-0.103636279340749));
#5432=CARTESIAN_POINT('',(-0.0267055330128189,0.100182012727146,-0.10359074555162));
#5433=CARTESIAN_POINT('',(-0.0266893393984273,0.100194325475323,-0.103511270268724));
#5434=CARTESIAN_POINT('',(-0.0266826725063932,0.100199485009441,-0.103477915259604));
#5435=CARTESIAN_POINT('',(-0.0266709711728223,0.100209545064633,-0.103412214824076));
#5436=CARTESIAN_POINT('',(-0.0266655427496813,0.100214651584423,-0.10337854073822));
#5437=CARTESIAN_POINT('',(-0.0266525676534047,0.100226669056318,-0.103298630207229));
#5438=CARTESIAN_POINT('',(-0.0266454388930206,0.100233261687425,-0.103254515387993));
#5439=CARTESIAN_POINT('',(-0.0266320014606152,0.100245606913707,-0.103171419660878));
#5440=CARTESIAN_POINT('',(-0.0266255051428298,0.100251539099802,-0.103131237786782));
#5441=CARTESIAN_POINT('',(-0.0266059617947069,0.100269311643993,-0.103010166673341));
#5442=CARTESIAN_POINT('',(-0.0265927523096679,0.100281231615364,-0.102928059972445));
#5443=CARTESIAN_POINT('',(-0.0265668216671501,0.100304430128557,-0.102766483618153));
#5444=CARTESIAN_POINT('',(-0.0265540524647166,0.100315754371708,-0.102686706932418));
#5445=CARTESIAN_POINT('',(-0.0265160310832477,0.100349225580706,-0.102448469209446));
#5446=CARTESIAN_POINT('',(-0.0264909977281279,0.100370937736415,-0.10229066597638));
#5447=CARTESIAN_POINT('',(-0.0264169826430486,0.100434323344502,-0.101821284507633));
#5448=CARTESIAN_POINT('',(-0.0263692204265279,0.100474135961208,-0.101514576916601));
#5449=CARTESIAN_POINT('',(-0.0262290297525154,0.100588733963928,-0.100603597485348));
#5450=CARTESIAN_POINT('',(-0.026139737612737,0.100658682708697,-0.100008774560993));
#5451=CARTESIAN_POINT('',(-0.0259668227569814,0.100790340457326,-0.098833367030185));
#5452=CARTESIAN_POINT('',(-0.0258831351232363,0.100852082148483,-0.0982524007277738));
#5453=CARTESIAN_POINT('',(-0.0256380413382486,0.101028474067832,-0.0965222045385248));
#5454=CARTESIAN_POINT('',(-0.0254823645932398,0.101134693158705,-0.0953847565702257));
#5455=CARTESIAN_POINT('',(-0.0251794283552579,0.101333542066537,-0.0931243504879914));
#5456=CARTESIAN_POINT('',(-0.0250322679095906,0.10142601816835,-0.0920017559991078));
#5457=CARTESIAN_POINT('',(-0.0247427201196966,0.101601542905213,-0.0897651084121958));
#5458=CARTESIAN_POINT('',(-0.024600370415453,0.101684541450515,-0.0886511388601228));
#5459=CARTESIAN_POINT('',(-0.0243181132428707,0.101843531564992,-0.0864285865871956));
#5460=CARTESIAN_POINT('',(-0.0241782107643574,0.101919501759723,-0.0853200860841377));
#5461=CARTESIAN_POINT('',(-0.0238988165472006,0.102066131690212,-0.0831074048696912));
#5462=CARTESIAN_POINT('',(-0.023759382869252,0.102136755758595,-0.0820031115185809));
#5463=CARTESIAN_POINT('',(-0.0233410741679175,0.102341773214009,-0.0786901332908614));
#5464=CARTESIAN_POINT('',(-0.0230616177996502,0.102469672700776,-0.0764797137356402));
#5465=CARTESIAN_POINT('',(-0.0225099180313025,0.102706404737619,-0.0720582885647203));
#5466=CARTESIAN_POINT('',(-0.0222377264000617,0.102815245378892,-0.0698473130571803));
#5467=CARTESIAN_POINT('',(-0.0217093596077203,0.103013820461221,-0.065423321651772));
#5468=CARTESIAN_POINT('',(-0.0214533327566504,0.103103542418905,-0.063210332638619));
#5469=CARTESIAN_POINT('',(-0.0211313978456152,0.103210148511505,-0.0602578427637748));
#5470=CARTESIAN_POINT('',(-0.0210524922955451,0.103235714467378,-0.0595195658303848));
#5471=CARTESIAN_POINT('',(-0.0209754900937572,0.103260188087517,-0.0587811204441917));
#5472=CARTESIAN_POINT('',(-0.0271436468305248,0.100133576396619,-0.103605962108278));
#5473=CARTESIAN_POINT('',(-0.0271343804031067,0.100140665454393,-0.103560536249092));
#5474=CARTESIAN_POINT('',(-0.0271249561018921,0.100147784040412,-0.103514987631621));
#5475=CARTESIAN_POINT('',(-0.0271080867913622,0.10016024050549,-0.103435510514418));
#5476=CARTESIAN_POINT('',(-0.0271011349821377,0.100165459711469,-0.103402139251349));
#5477=CARTESIAN_POINT('',(-0.0270888767965116,0.100175612156534,-0.103336346019979));
#5478=CARTESIAN_POINT('',(-0.0270831719077413,0.100180746508769,-0.103302653112878));
#5479=CARTESIAN_POINT('',(-0.0270696135685448,0.100192737168576,-0.103223231204627));
#5480=CARTESIAN_POINT('',(-0.0270621838436235,0.100199287924498,-0.103179534314212));
#5481=CARTESIAN_POINT('',(-0.0270481597042826,0.100211586811653,-0.103097061195367));
#5482=CARTESIAN_POINT('',(-0.0270413746079679,0.100217506096524,-0.10305713402974));
#5483=CARTESIAN_POINT('',(-0.0270209668077365,0.100235238015129,-0.10293684975403));
#5484=CARTESIAN_POINT('',(-0.0270071817799836,0.10024712347036,-0.102855326717043));
#5485=CARTESIAN_POINT('',(-0.0269801145727212,0.100270275165641,-0.102694809594893));
#5486=CARTESIAN_POINT('',(-0.0269667835768094,0.100281584961382,-0.102615521272021));
#5487=CARTESIAN_POINT('',(-0.0269270904539343,0.100315024879272,-0.102378705271352));
#5488=CARTESIAN_POINT('',(-0.0269009596504382,0.100336729103008,-0.102221810097852));
#5489=CARTESIAN_POINT('',(-0.0268237000039538,0.100400130240008,-0.101754990686133));
#5490=CARTESIAN_POINT('',(-0.0267738401766885,0.100440010861795,-0.101449739584656));
#5491=CARTESIAN_POINT('',(-0.0266274958980774,0.100554892279889,-0.100542758100077));
#5492=CARTESIAN_POINT('',(-0.02653428621636,0.100625136815808,-0.0999500917981567));
#5493=CARTESIAN_POINT('',(-0.0263537780697692,0.100757475494527,-0.0987784035636315));
#5494=CARTESIAN_POINT('',(-0.0262664143492798,0.100819600741633,-0.0981990163090197));
#5495=CARTESIAN_POINT('',(-0.0260105548831184,0.100997203107497,-0.0964730187983709));
#5496=CARTESIAN_POINT('',(-0.0258480396987175,0.101104299085501,-0.0953376884382905));
#5497=CARTESIAN_POINT('',(-0.0255318285009678,0.101304909074888,-0.0930808795487737));
#5498=CARTESIAN_POINT('',(-0.0253782359319546,0.101398272807448,-0.0919597500435239));
#5499=CARTESIAN_POINT('',(-0.0250760959040582,0.101575548326843,-0.0897256499376156));
#5500=CARTESIAN_POINT('',(-0.024927587725758,0.101659410636,-0.0886127594793121));
#5501=CARTESIAN_POINT('',(-0.0246332128571254,0.101820090592677,-0.0863921236242918));
#5502=CARTESIAN_POINT('',(-0.0244873514006414,0.101896887362314,-0.0852844568837896));
#5503=CARTESIAN_POINT('',(-0.0241961794028075,0.102045131729051,-0.0830732520585749));
#5504=CARTESIAN_POINT('',(-0.0240509293901958,0.102116542920005,-0.0819696064256411));
#5505=CARTESIAN_POINT('',(-0.0236153962535125,0.102323829614033,-0.0786585851171135));
#5506=CARTESIAN_POINT('',(-0.0233247364166942,0.102453112233911,-0.0764495625145822));
#5507=CARTESIAN_POINT('',(-0.0227516707130167,0.102692331494507,-0.0720310015180996));
#5508=CARTESIAN_POINT('',(-0.0224693138847868,0.102802277612876,-0.0698214897848685));
#5509=CARTESIAN_POINT('',(-0.0219219684486591,0.103002793872689,-0.0654005066249009));
#5510=CARTESIAN_POINT('',(-0.0216571263542128,0.103093352366994,-0.0631890608215531));
#5511=CARTESIAN_POINT('',(-0.0213245139233244,0.103200914993414,-0.0602386687603506));
#5512=CARTESIAN_POINT('',(-0.0212430289654237,0.103226706813051,-0.0595009195549162));
#5513=CARTESIAN_POINT('',(-0.021163541624538,0.103251393648771,-0.0587630050021742));
#5514=CARTESIAN_POINT('',(-0.0273624762968636,0.100110058167605,-0.103565670423633));
#5515=CARTESIAN_POINT('',(-0.0273530114487085,0.100117196931706,-0.103520234408363));
#5516=CARTESIAN_POINT('',(-0.0273433922865846,0.100124365950286,-0.103474678470852));
#5517=CARTESIAN_POINT('',(-0.0273261979490242,0.100136912327355,-0.103395198460598));
#5518=CARTESIAN_POINT('',(-0.0273191021329876,0.100142169381634,-0.103361818990635));
#5519=CARTESIAN_POINT('',(-0.0273065064353005,0.100152386735553,-0.103295987369423));
#5520=CARTESIAN_POINT('',(-0.0273006190625972,0.10015754496339,-0.103262292615763));
#5521=CARTESIAN_POINT('',(-0.0272867518338461,0.100169537610643,-0.103183134396169));
#5522=CARTESIAN_POINT('',(-0.0272791847644603,0.10017607370296,-0.10313965787027));
#5523=CARTESIAN_POINT('',(-0.0272648690869439,0.100188363501449,-0.103057516299501));
#5524=CARTESIAN_POINT('',(-0.0272579343396127,0.100194283752407,-0.103017725867469));
#5525=CARTESIAN_POINT('',(-0.0272370831838616,0.100212017245891,-0.102897863011975));
#5526=CARTESIAN_POINT('',(-0.027223012659998,0.100223899327039,-0.102816650601591));
#5527=CARTESIAN_POINT('',(-0.0271953730157253,0.100247055777038,-0.102656698649858));
#5528=CARTESIAN_POINT('',(-0.0271817562494363,0.100258372528611,-0.102577671403868));
#5529=CARTESIAN_POINT('',(-0.0271412131492686,0.100291839064465,-0.102341615330863));
#5530=CARTESIAN_POINT('',(-0.0271145270416961,0.100313566993146,-0.102185204941455));
#5531=CARTESIAN_POINT('',(-0.0270356238642477,0.100377058086103,-0.101719753442441));
#5532=CARTESIAN_POINT('',(-0.0269846943219647,0.100417026713799,-0.10141528104488));
#5533=CARTESIAN_POINT('',(-0.0268352127417622,0.100532208449248,-0.100510436399599));
#5534=CARTESIAN_POINT('',(-0.0267400041961992,0.100602702282645,-0.0999189223870903));
#5535=CARTESIAN_POINT('',(-0.0265556119884778,0.100735577859919,-0.0987492222607673));
#5536=CARTESIAN_POINT('',(-0.0264663655872338,0.10079798974542,-0.09817067904817));
#5537=CARTESIAN_POINT('',(-0.0262049868871337,0.100976473645778,-0.0964469258696831));
#5538=CARTESIAN_POINT('',(-0.0260389577023138,0.101084181463539,-0.0953127276153925));
#5539=CARTESIAN_POINT('',(-0.0257159159940358,0.101286002845656,-0.09305784175649));
#5540=CARTESIAN_POINT('',(-0.025559009064886,0.101379967776187,-0.0919374953736128));
#5541=CARTESIAN_POINT('',(-0.0252503727181806,0.101558420739014,-0.08970475708169));
#5542=CARTESIAN_POINT('',(-0.0250986834171151,0.101642859562132,-0.0885924434891902));
#5543=CARTESIAN_POINT('',(-0.0247980428270376,0.101804662853035,-0.0863728320834294));
#5544=CARTESIAN_POINT('',(-0.0246490968688743,0.101882006685209,-0.0852656110357821));
#5545=CARTESIAN_POINT('',(-0.024351822670233,0.102031316490927,-0.0830551955926091));
#5546=CARTESIAN_POINT('',(-0.0242035562357881,0.102103245628754,-0.0819518963273033));
#5547=CARTESIAN_POINT('',(-0.0237590828080394,0.10231202587773,-0.0786419201952976));
#5548=CARTESIAN_POINT('',(-0.0234625977445571,0.102442220611841,-0.0764336416462337));
#5549=CARTESIAN_POINT('',(-0.0228784085929807,0.102683081802525,-0.0720166029964443));
#5550=CARTESIAN_POINT('',(-0.0225907521288298,0.10279375858735,-0.0698078677416099));
#5551=CARTESIAN_POINT('',(-0.022033502649881,0.1029955599027,-0.065388477930599));
#5552=CARTESIAN_POINT('',(-0.0217640551919378,0.103086673300416,-0.0631778483273504));
#5553=CARTESIAN_POINT('',(-0.0214258607174965,0.103194871415318,-0.0602285646161511));
#5554=CARTESIAN_POINT('',(-0.0213430269519009,0.103220813385474,-0.0594910941322926));
#5555=CARTESIAN_POINT('',(-0.0212622398230533,0.103245642045138,-0.0587534598546784));
#5556=CARTESIAN_POINT('',(-0.0280381033948323,0.100018731158489,-0.10343841207755));
#5557=CARTESIAN_POINT('',(-0.0280280331852189,0.100026055327386,-0.10339294825446));
#5558=CARTESIAN_POINT('',(-0.0280178284538265,0.100033410522335,-0.103347371781369));
#5559=CARTESIAN_POINT('',(-0.0279996889253127,0.100046282216895,-0.103267881289971));
#5560=CARTESIAN_POINT('',(-0.0279921600220019,0.100051678581561,-0.103234477840751));
#5561=CARTESIAN_POINT('',(-0.0279784395570341,0.100062159698023,-0.103168549134735));
#5562=CARTESIAN_POINT('',(-0.0279719197048782,0.100067428628376,-0.103134866042347));
#5563=CARTESIAN_POINT('',(-0.0279570959207394,0.100079482605666,-0.103056550667973));
#5564=CARTESIAN_POINT('',(-0.0279491447133312,0.100085995382995,-0.103013767524505));
#5565=CARTESIAN_POINT('',(-0.0279339620175306,0.100098306765962,-0.102932676251421));
#5566=CARTESIAN_POINT('',(-0.0279265699493462,0.100104256173132,-0.102893321328019));
#5567=CARTESIAN_POINT('',(-0.0279043727299153,0.100122071350906,-0.102774798649442));
#5568=CARTESIAN_POINT('',(-0.027889454059674,0.100133991094763,-0.102694569841616));
#5569=CARTESIAN_POINT('',(-0.027860096507053,0.100157259282799,-0.102536410594279));
#5570=CARTESIAN_POINT('',(-0.0278456165539111,0.100168646098265,-0.102458212543466));
#5571=CARTESIAN_POINT('',(-0.0278025067078978,0.100202338722132,-0.102224569761634));
#5572=CARTESIAN_POINT('',(-0.0277741487742774,0.100224232775204,-0.102069697607425));
#5573=CARTESIAN_POINT('',(-0.027690293598747,0.10028827501499,-0.101608586695953));
#5574=CARTESIAN_POINT('',(-0.0276361264555498,0.100328691710236,-0.101306587407506));
#5575=CARTESIAN_POINT('',(-0.0274771498291477,0.100445312182082,-0.100408527649841));
#5576=CARTESIAN_POINT('',(-0.0273758868790526,0.10051689428931,-0.0998206712657221));
#5577=CARTESIAN_POINT('',(-0.0271797085616466,0.100652037495179,-0.0986572834452656));
#5578=CARTESIAN_POINT('',(-0.0270847432788931,0.100715624946438,-0.0980814198882191));
#5579=CARTESIAN_POINT('',(-0.0268065845883103,0.100897670116361,-0.0963647917511826));
#5580=CARTESIAN_POINT('',(-0.0266298512558099,0.101007785275252,-0.0952341875300371));
#5581=CARTESIAN_POINT('',(-0.0262859776980455,0.101214328887777,-0.0929854060242826));
#5582=CARTESIAN_POINT('',(-0.0261189493671842,0.10131061329877,-0.0918675451823464));
#5583=CARTESIAN_POINT('',(-0.0257904528964451,0.101493586980564,-0.0896391288973125));
#5584=CARTESIAN_POINT('',(-0.025629027392452,0.101580227698502,-0.0885286459548501));
#5585=CARTESIAN_POINT('',(-0.0253091915160567,0.101746309182587,-0.0863122851946805));
#5586=CARTESIAN_POINT('',(-0.025150786706026,0.101825730005877,-0.0852064781823283));
#5587=CARTESIAN_POINT('',(-0.0248347831513128,0.101979076597358,-0.082998567460624));
#5588=CARTESIAN_POINT('',(-0.0246772501191703,0.102052964054106,-0.0818963672375678));
#5589=CARTESIAN_POINT('',(-0.0242052896331281,0.102267392009182,-0.0785897029863883));
#5590=CARTESIAN_POINT('',(-0.0238908650336212,0.102401040207969,-0.0763837750636061));
#5591=CARTESIAN_POINT('',(-0.0232723761106857,0.102648122562955,-0.0719715351923924));
#5592=CARTESIAN_POINT('',(-0.0229683551069444,0.10276157009293,-0.0697652424218459));
#5593=CARTESIAN_POINT('',(-0.0223804929611724,0.102968249976577,-0.0653508570358396));
#5594=CARTESIAN_POINT('',(-0.0220967943959486,0.103061473035831,-0.0631427872542008));
#5595=CARTESIAN_POINT('',(-0.0217413137604632,0.103172089910122,-0.0601969762072469));
#5596=CARTESIAN_POINT('',(-0.0216543019385303,0.103198603635834,-0.0594603787338339));
#5597=CARTESIAN_POINT('',(-0.0215694876441305,0.103223972570875,-0.0587236220888743));
#5598=CARTESIAN_POINT('',(-0.0285140386378302,0.0999297563853971,-0.103345002158991));
#5599=CARTESIAN_POINT('',(-0.0285035516990125,0.0999372532088647,-0.103299523392557));
#5600=CARTESIAN_POINT('',(-0.0284929553701027,0.0999447795306712,-0.103253935192084));
#5601=CARTESIAN_POINT('',(-0.0284742249991541,0.0999579425116027,-0.103174435475009));
#5602=CARTESIAN_POINT('',(-0.0284664060259395,0.0999634664807823,-0.103141016937087));
#5603=CARTESIAN_POINT('',(-0.0284517887912144,0.0999742182520928,-0.103075047536948));
#5604=CARTESIAN_POINT('',(-0.0284447359499408,0.0999796150011604,-0.103041395102676));
#5605=CARTESIAN_POINT('',(-0.028429235451377,0.099991785014103,-0.10296371114398));
#5606=CARTESIAN_POINT('',(-0.028421064778262,0.0999983097134659,-0.10292143373505));
#5607=CARTESIAN_POINT('',(-0.0284053141680486,0.100010701267484,-0.102841117491235));
#5608=CARTESIAN_POINT('',(-0.0283976063249158,0.100016705660261,-0.102802086903175));
#5609=CARTESIAN_POINT('',(-0.0283744909740758,0.100034679350014,-0.102684559680634));
#5610=CARTESIAN_POINT('',(-0.02835901793469,0.100046688529156,-0.102605056158905));
#5611=CARTESIAN_POINT('',(-0.0283285145772093,0.100070162690332,-0.102448222699592));
#5612=CARTESIAN_POINT('',(-0.0283134515860623,0.100081662658134,-0.102370639218915));
#5613=CARTESIAN_POINT('',(-0.0282686088851205,0.100115703489503,-0.102138784727529));
#5614=CARTESIAN_POINT('',(-0.0282391288573964,0.100137836511933,-0.101985050815106));
#5615=CARTESIAN_POINT('',(-0.0281519448625615,0.100202625818642,-0.101527151987746));
#5616=CARTESIAN_POINT('',(-0.0280955823313907,0.100243589824668,-0.10122698555211));
#5617=CARTESIAN_POINT('',(-0.0279301674520877,0.100361895781241,-0.100333952192963));
#5618=CARTESIAN_POINT('',(-0.0278247927246236,0.100434663110607,-0.0997488040528882));
#5619=CARTESIAN_POINT('',(-0.0276205816648443,0.10057220552493,-0.0985900921035263));
#5620=CARTESIAN_POINT('',(-0.0275217108759035,0.100637003139715,-0.0980162132548686));
#5621=CARTESIAN_POINT('',(-0.0272320735442436,0.10082266103941,-0.0963048620298476));
#5622=CARTESIAN_POINT('',(-0.0270479906232119,0.100935153872791,-0.095176919542177));
#5623=CARTESIAN_POINT('',(-0.0266897803402788,0.101146316250957,-0.0929326581652346));
#5624=CARTESIAN_POINT('',(-0.0265157688725015,0.10124484435069,-0.0918166373556945));
#5625=CARTESIAN_POINT('',(-0.0261735414942749,0.101432168092054,-0.0895914203285755));
#5626=CARTESIAN_POINT('',(-0.0260053699133732,0.101520915416638,-0.0884822922794811));
#5627=CARTESIAN_POINT('',(-0.0256722096743486,0.101691077132559,-0.0862683368831417));
#5628=CARTESIAN_POINT('',(-0.0255072266538774,0.101772471997373,-0.0851635759804569));
#5629=CARTESIAN_POINT('',(-0.0251781758538683,0.101929646531815,-0.0829575186146677));
#5630=CARTESIAN_POINT('',(-0.025014176489691,0.102005386653678,-0.0818561316380957));
#5631=CARTESIAN_POINT('',(-0.0245230061348901,0.102225158483935,-0.0785519122511095));
#5632=CARTESIAN_POINT('',(-0.0241960048313958,0.102362079283253,-0.0763477104981014));
#5633=CARTESIAN_POINT('',(-0.0235534120435046,0.102615061942255,-0.0719389808760884));
#5634=CARTESIAN_POINT('',(-0.0232378609336857,0.102731139875643,-0.0697344681069502));
#5635=CARTESIAN_POINT('',(-0.0226283897627425,0.102942457204914,-0.0653237199495607));
#5636=CARTESIAN_POINT('',(-0.0223346101455749,0.103037688934768,-0.0631175058378661));
#5637=CARTESIAN_POINT('',(-0.0219668847135235,0.103150611689888,-0.0601742077705225));
#5638=CARTESIAN_POINT('',(-0.0218769118260768,0.103177670766489,-0.0594382416902511));
#5639=CARTESIAN_POINT('',(-0.0217892421529571,0.103203555266571,-0.0587021194650382));
#5640=CARTESIAN_POINT('',(-0.0292219205258474,0.0997566062420603,-0.103199833305231));
#5641=CARTESIAN_POINT('',(-0.0292108360118581,0.0997644309000743,-0.103154339176092));
#5642=CARTESIAN_POINT('',(-0.0291996773007788,0.0997722793833451,-0.103108740753702));
#5643=CARTESIAN_POINT('',(-0.0291800954156799,0.0997859810906254,-0.103029241081493));
#5644=CARTESIAN_POINT('',(-0.0291718598158875,0.099791744670149,-0.102995804948669));
#5645=CARTESIAN_POINT('',(-0.0291559644436492,0.0998030411220374,-0.102929782436774));
#5646=CARTESIAN_POINT('',(-0.0291481534835769,0.0998087113698642,-0.102896182547652));
#5647=CARTESIAN_POINT('',(-0.029131681913698,0.0998211785596969,-0.102819494172127));
#5648=CARTESIAN_POINT('',(-0.0291231921600501,0.0998277706586702,-0.102778011287905));
#5649=CARTESIAN_POINT('',(-0.0291066228749285,0.0998403935438058,-0.102698914512059));
#5650=CARTESIAN_POINT('',(-0.0290984611759672,0.0998465387579137,-0.102660394849999));
#5651=CARTESIAN_POINT('',(-0.029074025182971,0.0998649214597584,-0.102544435170857));
#5652=CARTESIAN_POINT('',(-0.0290577525911146,0.0998771720608846,-0.102466072577611));
#5653=CARTESIAN_POINT('',(-0.0290255983669558,0.0999011712161325,-0.102311325350117));
#5654=CARTESIAN_POINT('',(-0.0290096958174531,0.0999129488489375,-0.102234709148496));
#5655=CARTESIAN_POINT('',(-0.0289623573545051,0.0999478313108567,-0.102005669025304));
#5656=CARTESIAN_POINT('',(-0.0289312600815914,0.0999705285717698,-0.101853725894331));
#5657=CARTESIAN_POINT('',(-0.0288392771823341,0.100037042638899,-0.101400880122357));
#5658=CARTESIAN_POINT('',(-0.0287797492312574,0.100079215541448,-0.101103596845228));
#5659=CARTESIAN_POINT('',(-0.0286050455480942,0.100201171654782,-0.100218468615652));
#5660=CARTESIAN_POINT('',(-0.0284937312901905,0.100276411080934,-0.0996375777494674));
#5661=CARTESIAN_POINT('',(-0.0282779065095491,0.100418876489523,-0.0984862148058133));
#5662=CARTESIAN_POINT('',(-0.0281733832012994,0.100486117468929,-0.0979154542474245));
#5663=CARTESIAN_POINT('',(-0.0278671170426429,0.100679003791881,-0.0962123919394258));
#5664=CARTESIAN_POINT('',(-0.0276723662427798,0.100796172958222,-0.0950886278823461));
#5665=CARTESIAN_POINT('',(-0.0272933119964753,0.101016358561488,-0.0928514595813315));
#5666=CARTESIAN_POINT('',(-0.0271091301259598,0.101119236257185,-0.0917383244867904));
#5667=CARTESIAN_POINT('',(-0.0267468746474864,0.101314960302204,-0.0895181228517641));
#5668=CARTESIAN_POINT('',(-0.0265688477717442,0.101407758279867,-0.0884111176372382));
#5669=CARTESIAN_POINT('',(-0.0262161948863218,0.101585746356166,-0.086200928924574));
#5670=CARTESIAN_POINT('',(-0.026041574592052,0.10167091740852,-0.0850978051024833));
#5671=CARTESIAN_POINT('',(-0.0256933844280698,0.101835401075977,-0.082894647398896));
#5672=CARTESIAN_POINT('',(-0.0255198868718745,0.101914671979752,-0.0817945321017278));
#5673=CARTESIAN_POINT('',(-0.025000464058677,0.102144626542071,-0.0784941251294595));
#5674=CARTESIAN_POINT('',(-0.0246549173084284,0.102287785869397,-0.0762925988892052));
#5675=CARTESIAN_POINT('',(-0.0239767032244399,0.102552019995504,-0.0718892871335493));
#5676=CARTESIAN_POINT('',(-0.02364407214312,0.102673115724118,-0.0696875105141938));
#5677=CARTESIAN_POINT('',(-0.0230025305140037,0.10289328721987,-0.065282339048335));
#5678=CARTESIAN_POINT('',(-0.0226937573721217,0.102992358193094,-0.0630789630355162));
#5679=CARTESIAN_POINT('',(-0.022307791720893,0.103109692562415,-0.0601395032992127));
#5680=CARTESIAN_POINT('',(-0.0222134053101405,0.103137795429901,-0.0594045012162929));
#5681=CARTESIAN_POINT('',(-0.0221214774169032,0.103164667082106,-0.05866934728549));
#5682=CARTESIAN_POINT('',(-0.0294567787043318,0.099692388977214,-0.103150635387895));
#5683=CARTESIAN_POINT('',(-0.0294454996002969,0.0997003341892779,-0.103105137303929));
#5684=CARTESIAN_POINT('',(-0.029434157634984,0.0997083008121347,-0.103059536692701));
#5685=CARTESIAN_POINT('',(-0.0294142978448305,0.0997221989237468,-0.102980039331066));
#5686=CARTESIAN_POINT('',(-0.0294059264766523,0.0997280502882557,-0.102946598168132));
#5687=CARTESIAN_POINT('',(-0.0293896160192934,0.0997395506925551,-0.102880559258651));
#5688=CARTESIAN_POINT('',(-0.0293815590724101,0.0997453252464586,-0.102846977948791));
#5689=CARTESIAN_POINT('',(-0.0293647711207167,0.0997579116690975,-0.102770629256579));
#5690=CARTESIAN_POINT('',(-0.0293561767797718,0.0997645345071654,-0.102729417008022));
#5691=CARTESIAN_POINT('',(-0.0293393401983666,0.0997772528385789,-0.102650735905767));
#5692=CARTESIAN_POINT('',(-0.0293310305187328,0.0997834545743259,-0.102612390493669));
#5693=CARTESIAN_POINT('',(-0.0293061637696785,0.0998020017684713,-0.102496965327677));
#5694=CARTESIAN_POINT('',(-0.0292896300599992,0.0998143505516585,-0.102418991593821));
#5695=CARTESIAN_POINT('',(-0.0292569369477766,0.0998385602956735,-0.10226495551413));
#5696=CARTESIAN_POINT('',(-0.0292407604135894,0.0998504482418079,-0.102188669066828));
#5697=CARTESIAN_POINT('',(-0.0291926073924006,0.0998856637819208,-0.101960588349142));
#5698=CARTESIAN_POINT('',(-0.0291609821081943,0.0999085829926358,-0.101809255600219));
#5699=CARTESIAN_POINT('',(-0.0290674322237769,0.099975771392095,-0.101358132069517));
#5700=CARTESIAN_POINT('',(-0.0290068705615348,0.10001841101946,-0.10106183143374));
#5701=CARTESIAN_POINT('',(-0.0288291325226134,0.100141768221396,-0.100179397182737));
#5702=CARTESIAN_POINT('',(-0.0287158767899284,0.10021794571172,-0.0995999568221616));
#5703=CARTESIAN_POINT('',(-0.0284962540281685,0.100362269498627,-0.098451097563095));
#5704=CARTESIAN_POINT('',(-0.0283898811967823,0.100430428005182,-0.0978813991869392));
#5705=CARTESIAN_POINT('',(-0.0280781713987684,0.100626020623864,-0.096181160019369));
#5706=CARTESIAN_POINT('',(-0.0278799248411296,0.100744930520866,-0.0950588186885842));
#5707=CARTESIAN_POINT('',(-0.0274940344506258,0.100968467242612,-0.0928240650997909));
#5708=CARTESIAN_POINT('',(-0.0273065140347346,0.101072956029303,-0.0917119121239714));
#5709=CARTESIAN_POINT('',(-0.0269376790558533,0.101271787328661,-0.0894934170988803));
#5710=CARTESIAN_POINT('',(-0.0267564120030922,0.101366081384051,-0.0883871340390966));
#5711=CARTESIAN_POINT('',(-0.0263973458627021,0.101546957554493,-0.086178226369672));
#5712=CARTESIAN_POINT('',(-0.0262195525106409,0.10163352075924,-0.0850756591435648));
#5713=CARTESIAN_POINT('',(-0.025865056601758,0.101800697291411,-0.0828734871903584));
#5714=CARTESIAN_POINT('',(-0.0256884276314547,0.101881268135833,-0.0817738040947033));
#5715=CARTESIAN_POINT('',(-0.0251596844424771,0.102114971475098,-0.0784746911520597));
#5716=CARTESIAN_POINT('',(-0.0248080115261014,0.102260427807608,-0.0762740704790867));
#5717=CARTESIAN_POINT('',(-0.0241180175753434,0.102528805133777,-0.0718725888306275));
#5718=CARTESIAN_POINT('',(-0.0237797314682701,0.102651748807026,-0.0696717346699712));
#5719=CARTESIAN_POINT('',(-0.0231275615970145,0.102875182089065,-0.0652684410248731));
#5720=CARTESIAN_POINT('',(-0.0228138142535708,0.102975667930415,-0.0630660195425094));
#5721=CARTESIAN_POINT('',(-0.0224217925519134,0.103094628661967,-0.0601278499321765));
#5722=CARTESIAN_POINT('',(-0.0223259403436393,0.10312311638322,-0.0593931718016176));
#5723=CARTESIAN_POINT('',(-0.0222325978629499,0.103150352054398,-0.0586583432155721));
#5724=CARTESIAN_POINT('',(-0.0299183990319066,0.0995523067833124,-0.103051817695385));
#5725=CARTESIAN_POINT('',(-0.0299067455000565,0.0995605133370698,-0.103006314126403));
#5726=CARTESIAN_POINT('',(-0.0298950486933646,0.0995687358905564,-0.102960712028327));
#5727=CARTESIAN_POINT('',(-0.0298746426466667,0.0995830588707838,-0.102881225916982));
#5728=CARTESIAN_POINT('',(-0.029866008438144,0.0995891002277452,-0.102847776766265));
#5729=CARTESIAN_POINT('',(-0.0298489224279942,0.0996010449319335,-0.102781703783382));
#5730=CARTESIAN_POINT('',(-0.0298404105650737,0.0996070488976006,-0.102748157906232));
#5731=CARTESIAN_POINT('',(-0.0298230162671492,0.0996199121215599,-0.102672495498235));
#5732=CARTESIAN_POINT('',(-0.029814211359751,0.099626614763644,-0.102631831235063));
#5733=CARTESIAN_POINT('',(-0.0297968536525076,0.0996395610040903,-0.102553990947404));
#5734=CARTESIAN_POINT('',(-0.029788258819687,0.0996458942933226,-0.102515997723197));
#5735=CARTESIAN_POINT('',(-0.0297625597330852,0.0996648253553079,-0.102401653105327));
#5736=CARTESIAN_POINT('',(-0.0297455165739138,0.0996774061254653,-0.102324465920475));
#5737=CARTESIAN_POINT('',(-0.0297117767356225,0.0997021073561205,-0.102171867861617));
#5738=CARTESIAN_POINT('',(-0.0296950694557257,0.0997142505674226,-0.102096248056981));
#5739=CARTESIAN_POINT('',(-0.0296453381723639,0.0997502345631868,-0.101870106860248));
#5740=CARTESIAN_POINT('',(-0.029612688251932,0.099773663665694,-0.101720008096548));
#5741=CARTESIAN_POINT('',(-0.0295160979145777,0.0998423935254251,-0.101272366094331));
#5742=CARTESIAN_POINT('',(-0.0294535334965069,0.0998860884672264,-0.100978051284468));
#5743=CARTESIAN_POINT('',(-0.0292699140373844,0.100012598622044,-0.100101060928828));
#5744=CARTESIAN_POINT('',(-0.0291528931605069,0.100090866684261,-0.0995245510131816));
#5745=CARTESIAN_POINT('',(-0.0289259051292883,0.100239312639691,-0.0983807489402831));
#5746=CARTESIAN_POINT('',(-0.0288159443183778,0.100309496929815,-0.0978131956239709));
#5747=CARTESIAN_POINT('',(-0.0284936705959181,0.100511048483505,-0.0961186568967893));
#5748=CARTESIAN_POINT('',(-0.0282886356888501,0.100633770909929,-0.0949991871193299));
#5749=CARTESIAN_POINT('',(-0.0278894609590783,0.100864631027244,-0.0927693061437676));
#5750=CARTESIAN_POINT('',(-0.0276954481295257,0.100972631629711,-0.0916591342661126));
#5751=CARTESIAN_POINT('',(-0.0273138098484789,0.101178226788204,-0.0894440808891947));
#5752=CARTESIAN_POINT('',(-0.0271262333996902,0.101275772572645,-0.0883392536493236));
#5753=CARTESIAN_POINT('',(-0.0267546714274216,0.101462920295986,-0.0861329276475921));
#5754=CARTESIAN_POINT('',(-0.0265706916791359,0.101552503537195,-0.0850314816654397));
#5755=CARTESIAN_POINT('',(-0.0262038946700919,0.101725517668999,-0.0828312950566693));
#5756=CARTESIAN_POINT('',(-0.0260211534508618,0.101808904449735,-0.0817324821069909));
#5757=CARTESIAN_POINT('',(-0.0254742071384565,0.10205072707315,-0.0784359708405732));
#5758=CARTESIAN_POINT('',(-0.025110555126984,0.102201157705135,-0.0762371654314994));
#5759=CARTESIAN_POINT('',(-0.0243975027038886,0.10247850722263,-0.0718393448736581));
#5760=CARTESIAN_POINT('',(-0.0240481347085746,0.102605452489987,-0.0696403324021862));
#5761=CARTESIAN_POINT('',(-0.0233751176134421,0.102835950653606,-0.0652407834412179));
#5762=CARTESIAN_POINT('',(-0.0230516030671442,0.102939501921466,-0.0630402632725808));
#5763=CARTESIAN_POINT('',(-0.0226476801231774,0.1030619874681,-0.0601046621127366));
#5764=CARTESIAN_POINT('',(-0.0225489464496349,0.1030913094029,-0.0593706288233166));
#5765=CARTESIAN_POINT('',(-0.0224528224017735,0.103119334231797,-0.0586364477730954));
#5766=CARTESIAN_POINT('',(-0.0301450950298832,0.0994764523181369,-0.103002210612653));
#5767=CARTESIAN_POINT('',(-0.0301332617222169,0.0994847996381992,-0.102956705515268));
#5768=CARTESIAN_POINT('',(-0.0301213933695911,0.0994931599605015,-0.102911104123301));
#5769=CARTESIAN_POINT('',(-0.0301007189709032,0.0995077113634061,-0.102831626966886));
#5770=CARTESIAN_POINT('',(-0.0300919577216057,0.0995138549112853,-0.102798174862314));
#5771=CARTESIAN_POINT('',(-0.0300745115573434,0.0995260399410374,-0.102732084179476));
#5772=CARTESIAN_POINT('',(-0.0300657909877455,0.0995321690059898,-0.10269855512814));
#5773=CARTESIAN_POINT('',(-0.0300481068485842,0.0995451897882063,-0.102623239231455));
#5774=CARTESIAN_POINT('',(-0.0300391959251381,0.0995519414913426,-0.102582852260588));
#5775=CARTESIAN_POINT('',(-0.0300215844249606,0.0995650201847708,-0.102505437016251));
#5776=CARTESIAN_POINT('',(-0.030012852465744,0.0995714285003549,-0.102467621685915));
#5777=CARTESIAN_POINT('',(-0.0299867519147432,0.0995905789211973,-0.102353822970501));
#5778=CARTESIAN_POINT('',(-0.0299694604578483,0.0996032934851141,-0.102277033384277));
#5779=CARTESIAN_POINT('',(-0.0299352128882248,0.0996282755896432,-0.102125162027864));
#5780=CARTESIAN_POINT('',(-0.0299182489129965,0.0996405637400361,-0.10204987903101));
#5781=CARTESIAN_POINT('',(-0.0298677541196545,0.0996769830736769,-0.101824717715531));
#5782=CARTESIAN_POINT('',(-0.029834607689755,0.0997007000901665,-0.101675242407478));
#5783=CARTESIAN_POINT('',(-0.029736544234941,0.0997702969899231,-0.10122935927552));
#5784=CARTESIAN_POINT('',(-0.0296730110323669,0.099814580457397,-0.100936047408794));
#5785=CARTESIAN_POINT('',(-0.0294865452696215,0.0999428422776543,-0.10006180630897));
#5786=CARTESIAN_POINT('',(-0.0293677012167824,0.100022262705866,-0.0994867759765775));
#5787=CARTESIAN_POINT('',(-0.0291371468984487,0.100172972164614,-0.0983455267869596));
#5788=CARTESIAN_POINT('',(-0.0290254481267668,0.100244264565904,-0.0977790560852793));
#5789=CARTESIAN_POINT('',(-0.0286980555958219,0.100449068324672,-0.0960873939576325));
#5790=CARTESIAN_POINT('',(-0.0284897290709642,0.1005738622636,-0.0949693726518397));
#5791=CARTESIAN_POINT('',(-0.0280841080722017,0.10080869410219,-0.0927419489724229));
#5792=CARTESIAN_POINT('',(-0.0278869423265331,0.10091859515952,-0.0916327758270922));
#5793=CARTESIAN_POINT('',(-0.027499082136515,0.101127846400307,-0.0894194570573374));
#5794=CARTESIAN_POINT('',(-0.027308437409148,0.101227147583444,-0.0883153632992545));
#5795=CARTESIAN_POINT('',(-0.026930794732389,0.101417678277213,-0.086110337595164));
#5796=CARTESIAN_POINT('',(-0.0267438025777649,0.101508889166732,-0.0850094561181344));
#5797=CARTESIAN_POINT('',(-0.0263710120745714,0.101685047577314,-0.0828102688491159));
#5798=CARTESIAN_POINT('',(-0.0261852909491221,0.101769950133492,-0.0817118937316053));
#5799=CARTESIAN_POINT('',(-0.0256294646604826,0.102016142631047,-0.078416689772103));
#5800=CARTESIAN_POINT('',(-0.0252599615511101,0.102169250172882,-0.0762187938170589));
#5801=CARTESIAN_POINT('',(-0.0245356340468347,0.10245142799261,-0.0718228037466548));
#5802=CARTESIAN_POINT('',(-0.024180840882922,0.102580526604513,-0.0696247102528446));
#5803=CARTESIAN_POINT('',(-0.0234976079826865,0.102814827328257,-0.0652270276390841));
#5804=CARTESIAN_POINT('',(-0.0231693019184075,0.102920028924091,-0.0630274539905742));
#5805=CARTESIAN_POINT('',(-0.0227595355811241,0.103044412659795,-0.0600931308006722));
#5806=CARTESIAN_POINT('',(-0.0226593866744002,0.10307418389205,-0.0593594183111031));
#5807=CARTESIAN_POINT('',(-0.0225618960655261,0.103102633800817,-0.058625559362766));
#5808=CARTESIAN_POINT('',(-0.0308093653378321,0.0992338124113071,-0.102853738573822));
#5809=CARTESIAN_POINT('',(-0.0307970173898541,0.0992426085570169,-0.102808232383614));
#5810=CARTESIAN_POINT('',(-0.0307846532745673,0.0992514091035558,-0.102762637614833));
#5811=CARTESIAN_POINT('',(-0.0307631864265931,0.0992666938149249,-0.102683198643798));
#5812=CARTESIAN_POINT('',(-0.0307540581582849,0.0992731636184113,-0.102649740965954));
#5813=CARTESIAN_POINT('',(-0.0307356298946944,0.0992861050471702,-0.102583591564147));
#5814=CARTESIAN_POINT('',(-0.0307263507585003,0.0992926271404021,-0.102550106927584));
#5815=CARTESIAN_POINT('',(-0.0307078422995217,0.0993061719069368,-0.102475833399303));
#5816=CARTESIAN_POINT('',(-0.0306986084138077,0.0993131015620881,-0.102436284260288));
#5817=CARTESIAN_POINT('',(-0.0306802563842135,0.0993266324761789,-0.102360150735998));
#5818=CARTESIAN_POINT('',(-0.0306711311711471,0.099333291473818,-0.102322871006478));
#5819=CARTESIAN_POINT('',(-0.0306438745220011,0.0993531771286251,-0.102210716554937));
#5820=CARTESIAN_POINT('',(-0.0306258578661431,0.0993663458472149,-0.102135125940204));
#5821=CARTESIAN_POINT('',(-0.0305901369383498,0.0993922720525962,-0.101985444778178));
#5822=CARTESIAN_POINT('',(-0.0305724310571444,0.0994050441114844,-0.101911176445009));
#5823=CARTESIAN_POINT('',(-0.0305197288984509,0.0994429143298253,-0.101688967065532));
#5824=CARTESIAN_POINT('',(-0.0304851438565698,0.0994675890174345,-0.101541370206974));
#5825=CARTESIAN_POINT('',(-0.0303828131688314,0.0995400602536827,-0.101100785997944));
#5826=CARTESIAN_POINT('',(-0.0303164801720012,0.099586279004714,-0.100810494305095));
#5827=CARTESIAN_POINT('',(-0.0301217843923942,0.0997202827046787,-0.0999445315958702));
#5828=CARTESIAN_POINT('',(-0.0299976659036903,0.0998034549273164,-0.0993739554097678));
#5829=CARTESIAN_POINT('',(-0.0297567972318533,0.0999615067317151,-0.0982403894238207));
#5830=CARTESIAN_POINT('',(-0.029640070568686,0.100036381010494,-0.097677176212029));
#5831=CARTESIAN_POINT('',(-0.0292978653787145,0.100251674833055,-0.0959941680172106));
#5832=CARTESIAN_POINT('',(-0.0290800088165252,0.100383121928897,-0.0948805021276832));
#5833=CARTESIAN_POINT('',(-0.0286557122982522,0.100630686003247,-0.0926604653868177));
#5834=CARTESIAN_POINT('',(-0.0284494061217766,0.100746666144069,-0.0915542933346869));
#5835=CARTESIAN_POINT('',(-0.0280434978683934,0.100967597792898,-0.0893461853572447));
#5836=CARTESIAN_POINT('',(-0.0278439475483155,0.101072499399085,-0.0882442940804274));
#5837=CARTESIAN_POINT('',(-0.0274486458892982,0.101273813718341,-0.0860431714491762));
#5838=CARTESIAN_POINT('',(-0.0272529004101784,0.10137020793895,-0.0849439836468147));
#5839=CARTESIAN_POINT('',(-0.0268626853066879,0.101556372532412,-0.0827477938513681));
#5840=CARTESIAN_POINT('',(-0.0266682962919148,0.101646095273213,-0.0816507313956434));
#5841=CARTESIAN_POINT('',(-0.0260866262069617,0.101906180315941,-0.0783594416032676));
#5842=CARTESIAN_POINT('',(-0.0257000753593255,0.102067794569032,-0.0761642607378596));
#5843=CARTESIAN_POINT('',(-0.0249428641385758,0.102365313193137,-0.0717737247535144));
#5844=CARTESIAN_POINT('',(-0.0245722316528629,0.10250125196197,-0.0695783641626997));
#5845=CARTESIAN_POINT('',(-0.0238591451976822,0.10274763325039,-0.0651862258849162));
#5846=CARTESIAN_POINT('',(-0.0235168224360785,0.102858078628451,-0.062989461106634));
#5847=CARTESIAN_POINT('',(-0.0230899480846597,0.102988495357561,-0.0600589288788414));
#5848=CARTESIAN_POINT('',(-0.022985654391719,0.10301969476567,-0.0593261678990154));
#5849=CARTESIAN_POINT('',(-0.0228841604044658,0.103049496030698,-0.0585932642467933));
#5850=CARTESIAN_POINT('',(-0.0312322973887613,0.0990522061018559,-0.102755064762672));
#5851=CARTESIAN_POINT('',(-0.0312196374462522,0.0990613369658085,-0.102709562553783));
#5852=CARTESIAN_POINT('',(-0.0312069662632325,0.0990704675086023,-0.102663978333204));
#5853=CARTESIAN_POINT('',(-0.0311849852437611,0.099086307935001,-0.102584580386076));
#5854=CARTESIAN_POINT('',(-0.0311756298382733,0.0990930219179107,-0.102551123453204));
#5855=CARTESIAN_POINT('',(-0.0311566743325275,0.099106509752754,-0.10248492673659));
#5856=CARTESIAN_POINT('',(-0.0311471106784097,0.0991133134297198,-0.102451463182992));
#5857=CARTESIAN_POINT('',(-0.0311281091100619,0.0991272756949566,-0.102377889679403));
#5858=CARTESIAN_POINT('',(-0.0311186516044937,0.0991343673181893,-0.102338908411759));
#5859=CARTESIAN_POINT('',(-0.0310998300572407,0.0991482747133815,-0.102263640046947));
#5860=CARTESIAN_POINT('',(-0.0310904650088357,0.0991551351922737,-0.10222672066302));
#5861=CARTESIAN_POINT('',(-0.0310624966079804,0.0991756150352437,-0.102115673390284));
#5862=CARTESIAN_POINT('',(-0.0310440192736015,0.0991891587000668,-0.102040892085345));
#5863=CARTESIAN_POINT('',(-0.0310073756928964,0.0992158521808997,-0.101892687610107));
#5864=CARTESIAN_POINT('',(-0.030989209400526,0.0992290132320165,-0.101819102771734));
#5865=CARTESIAN_POINT('',(-0.0309351365940484,0.099268046614561,-0.101598881793542));
#5866=CARTESIAN_POINT('',(-0.030899653986282,0.0992934869950839,-0.101452550599239));
#5867=CARTESIAN_POINT('',(-0.030794662746814,0.099368244247843,-0.101015535980674));
#5868=CARTESIAN_POINT('',(-0.0307265936662065,0.0994159819209122,-0.100727276817866));
#5869=CARTESIAN_POINT('',(-0.0305267898641332,0.0995544693606526,-0.0998668845879938));
#5870=CARTESIAN_POINT('',(-0.0303993952869005,0.0996405388732888,-0.099299303924506));
#5871=CARTESIAN_POINT('',(-0.0301521259148931,0.0998042253165726,-0.0981709021235508));
#5872=CARTESIAN_POINT('',(-0.0300322781257052,0.09988183199205,-0.0976098772492841));
#5873=CARTESIAN_POINT('',(-0.0296808743327422,0.100105098443993,-0.0959326804040607));
#5874=CARTESIAN_POINT('',(-0.0294570957293401,0.100241564126485,-0.0948219360726391));
#5875=CARTESIAN_POINT('',(-0.0290211813907437,0.100498699702568,-0.0926068514917911));
#5876=CARTESIAN_POINT('',(-0.0288091826473279,0.100619231747161,-0.0915026895058034));
#5877=CARTESIAN_POINT('',(-0.0283920229193759,0.100848889183344,-0.0892980692612103));
#5878=CARTESIAN_POINT('',(-0.0281869149289717,0.100957963776942,-0.0881976507773748));
#5879=CARTESIAN_POINT('',(-0.0277805819232823,0.101167299771612,-0.0859991359546695));
#5880=CARTESIAN_POINT('',(-0.0275793628274718,0.101267542623365,-0.0849010785680064));
#5881=CARTESIAN_POINT('',(-0.0271782417859405,0.101461126836131,-0.0827068880168506));
#5882=CARTESIAN_POINT('',(-0.0269784224980793,0.101554418651607,-0.0816107001350174));
#5883=CARTESIAN_POINT('',(-0.0263805453329669,0.101824784246336,-0.0783220110601039));
#5884=CARTESIAN_POINT('',(-0.0259832809877561,0.101992686997519,-0.0761286236000799));
#5885=CARTESIAN_POINT('',(-0.0252053638801407,0.10230154127621,-0.0717416761585714));
#5886=CARTESIAN_POINT('',(-0.0248247370482164,0.102442531483647,-0.069548106733161));
#5887=CARTESIAN_POINT('',(-0.0240927777107334,0.102697836103685,-0.0651595949566568));
#5888=CARTESIAN_POINT('',(-0.0237415750421159,0.102812155624866,-0.0629646637777272));
#5889=CARTESIAN_POINT('',(-0.0233038430837377,0.102947031871173,-0.0600366047646113));
#5890=CARTESIAN_POINT('',(-0.0231969170862279,0.102979287223285,-0.0593044644483833));
#5891=CARTESIAN_POINT('',(-0.0230928790453289,0.103010087863262,-0.0585721838745329));
#5892=CARTESIAN_POINT('',(-0.0320379976747006,0.0986591134715202,-0.102559887524272));
#5893=CARTESIAN_POINT('',(-0.0320247758843771,0.0986689645498277,-0.102514399758999));
#5894=CARTESIAN_POINT('',(-0.0320115433236304,0.0986788115097315,-0.102468845380506));
#5895=CARTESIAN_POINT('',(-0.0319885930045826,0.0986958807611663,-0.102389552487734));
#5896=CARTESIAN_POINT('',(-0.0319788223781152,0.0987031242095127,-0.102356103540033));
#5897=CARTESIAN_POINT('',(-0.0319590040336149,0.0987177208749145,-0.1022897974487));
#5898=CARTESIAN_POINT('',(-0.0319489976777093,0.0987250806275298,-0.102256360330064));
#5899=CARTESIAN_POINT('',(-0.0319291250541096,0.0987399714007053,-0.102184179515142));
#5900=CARTESIAN_POINT('',(-0.031919235994681,0.0987474672168091,-0.102146337326291));
#5901=CARTESIAN_POINT('',(-0.0318995527001924,0.0987622484394035,-0.102072798104622));
#5902=CARTESIAN_POINT('',(-0.031889758027138,0.0987695620023579,-0.102036596850239));
#5903=CARTESIAN_POINT('',(-0.0318605063642915,0.0987913861453693,-0.101927757784966));
#5904=CARTESIAN_POINT('',(-0.0318411813242811,0.0988057965412439,-0.101854594168175));
#5905=CARTESIAN_POINT('',(-0.0318028539097967,0.09883424051093,-0.101709338506401));
#5906=CARTESIAN_POINT('',(-0.0317838516459662,0.0988482810832481,-0.101637117529511));
#5907=CARTESIAN_POINT('',(-0.0317272878224101,0.0988899407967579,-0.101420864292926));
#5908=CARTESIAN_POINT('',(-0.0316901671780597,0.0989171098206929,-0.101277059507076));
#5909=CARTESIAN_POINT('',(-0.031580317998711,0.0989970110781681,-0.100847169432699));
#5910=CARTESIAN_POINT('',(-0.0315090838919924,0.0990481344599985,-0.100562964219904));
#5911=CARTESIAN_POINT('',(-0.0312999488393561,0.0991965885194411,-0.0997136824103885));
#5912=CARTESIAN_POINT('',(-0.0311665488290827,0.0992890560921394,-0.0991520752477091));
#5913=CARTESIAN_POINT('',(-0.0309075301057462,0.0994651334774683,-0.0980339681619757));
#5914=CARTESIAN_POINT('',(-0.030781939971994,0.0995487267605372,-0.0974773047143212));
#5915=CARTESIAN_POINT('',(-0.0304135811985898,0.0997894211019194,-0.0958116881553806));
#5916=CARTESIAN_POINT('',(-0.0301788469514343,0.0999368054736617,-0.0947067627539692));
#5917=CARTESIAN_POINT('',(-0.029721377370314,0.100214722971171,-0.0925015394419541));
#5918=CARTESIAN_POINT('',(-0.0294987845991251,0.10034511460783,-0.0914013787803356));
#5919=CARTESIAN_POINT('',(-0.0290606351791632,0.100593645945674,-0.0892036998936076));
#5920=CARTESIAN_POINT('',(-0.0288451336502537,0.100711732616564,-0.0881062117043953));
#5921=CARTESIAN_POINT('',(-0.0284181277806587,0.100938374936849,-0.0859128840837777));
#5922=CARTESIAN_POINT('',(-0.0282066293999243,0.101046911695339,-0.084817074510542));
#5923=CARTESIAN_POINT('',(-0.0277849907110379,0.101256471994655,-0.0826268593783979));
#5924=CARTESIAN_POINT('',(-0.0275749368260605,0.101357441969225,-0.0815324102453994));
#5925=CARTESIAN_POINT('',(-0.0269464653318901,0.101649915766348,-0.0782488821511518));
#5926=CARTESIAN_POINT('',(-0.0265289120894259,0.10183133287789,-0.0760590386991571));
#5927=CARTESIAN_POINT('',(-0.025711688536987,0.102164539236098,-0.0716791606254272));
#5928=CARTESIAN_POINT('',(-0.0253120405779506,0.102316376142658,-0.0694891088189871));
#5929=CARTESIAN_POINT('',(-0.0245440985695845,0.102590841097332,-0.0651077035127892));
#5930=CARTESIAN_POINT('',(-0.0241759316123119,0.102713478810418,-0.0629163577422978));
#5931=CARTESIAN_POINT('',(-0.0237174291641803,0.102857931874095,-0.0599931283648562));
#5932=CARTESIAN_POINT('',(-0.0236054650776373,0.102892455080469,-0.05926219954865));
#5933=CARTESIAN_POINT('',(-0.0234965557456443,0.102925402281633,-0.0585311347417672));
#5934=CARTESIAN_POINT('',(-0.0324202248026427,0.0984476662764202,-0.102463480820714));
#5935=CARTESIAN_POINT('',(-0.0324067539629957,0.0984579025111956,-0.102418003457124));
#5936=CARTESIAN_POINT('',(-0.0323932680718327,0.0984681353497697,-0.10237246824305));
#5937=CARTESIAN_POINT('',(-0.032369864934529,0.09848587606512,-0.102293238916896));
#5938=CARTESIAN_POINT('',(-0.0323599069292691,0.0984934044136272,-0.102259797125719));
#5939=CARTESIAN_POINT('',(-0.0323397523057832,0.0985085651859965,-0.102193429604036));
#5940=CARTESIAN_POINT('',(-0.0323295869442738,0.0985162008896393,-0.102159998288517));
#5941=CARTESIAN_POINT('',(-0.0323093381057397,0.0985316021917945,-0.102088509272058));
#5942=CARTESIAN_POINT('',(-0.0322992430277275,0.0985393389472289,-0.102051237297174));
#5943=CARTESIAN_POINT('',(-0.0322791701047015,0.0985546161465786,-0.101978560745712));
#5944=CARTESIAN_POINT('',(-0.0322691866249021,0.0985621809347607,-0.101942716795114));
#5945=CARTESIAN_POINT('',(-0.0322393665838159,0.0985847538551194,-0.101834977232109));
#5946=CARTESIAN_POINT('',(-0.0322196570214641,0.098599654708162,-0.101762620769292));
#5947=CARTESIAN_POINT('',(-0.0321805729068509,0.0986290797133509,-0.101618835099735));
#5948=CARTESIAN_POINT('',(-0.0321611971348136,0.0986436098890936,-0.101547293538468));
#5949=CARTESIAN_POINT('',(-0.0321035189871608,0.0986867300428375,-0.101333016884528));
#5950=CARTESIAN_POINT('',(-0.0320656618599818,0.0987148601623341,-0.101190471074135));
#5951=CARTESIAN_POINT('',(-0.0319536267411697,0.0987976141625679,-0.100764131021543));
#5952=CARTESIAN_POINT('',(-0.0318809704155043,0.0988506014844187,-0.10048194455516));
#5953=CARTESIAN_POINT('',(-0.031667631187683,0.0990045304757111,-0.0996381954401803));
#5954=CARTESIAN_POINT('',(-0.0315315129346929,0.0991004944290347,-0.0990795625076228));
#5955=CARTESIAN_POINT('',(-0.0312671654740447,0.0992833208114219,-0.097966579717442));
#5956=CARTESIAN_POINT('',(-0.031138963050948,0.0993701652657791,-0.0974120868163407));
#5957=CARTESIAN_POINT('',(-0.0307628724602935,0.0996203070731551,-0.0957522326397074));
#5958=CARTESIAN_POINT('',(-0.0305231180945629,0.0997735880836659,-0.0946502015958773));
#5959=CARTESIAN_POINT('',(-0.0300557345913645,0.100062710995561,-0.0924498825639582));
#5960=CARTESIAN_POINT('',(-0.0298282503354781,0.100198408803262,-0.0913517113779273));
#5961=CARTESIAN_POINT('',(-0.02938038011368,0.100457086508025,-0.0891574832645775));
#5962=CARTESIAN_POINT('',(-0.0291600501461456,0.100580012044885,-0.0880614515150045));
#5963=CARTESIAN_POINT('',(-0.0287234156799777,0.100815939431967,-0.0858707016201157));
#5964=CARTESIAN_POINT('',(-0.028507117114904,0.10092892211137,-0.0847760088445357));
#5965=CARTESIAN_POINT('',(-0.0280758761371105,0.101147040756783,-0.0825877690391178));
#5966=CARTESIAN_POINT('',(-0.0278610218665366,0.101252121050095,-0.0814941838280285));
#5967=CARTESIAN_POINT('',(-0.0272181733065046,0.10155642668719,-0.0782132153781134));
#5968=CARTESIAN_POINT('',(-0.026791049354966,0.101745073068189,-0.0760251222273239));
#5969=CARTESIAN_POINT('',(-0.02595523235043,0.102091302515141,-0.0716487242843555));
#5970=CARTESIAN_POINT('',(-0.0255465600187118,0.10224893795741,-0.0694603985437502));
#5971=CARTESIAN_POINT('',(-0.0247615125707861,0.102533645564771,-0.0650824719708603));
#5972=CARTESIAN_POINT('',(-0.0243852631369628,0.102660729725277,-0.0628928771683354));
#5973=CARTESIAN_POINT('',(-0.0239168505371944,0.102810302643674,-0.0599720026678579));
#5974=CARTESIAN_POINT('',(-0.0238024813749778,0.102846038341984,-0.0592416642649808));
#5975=CARTESIAN_POINT('',(-0.02369124553424,0.102880133259057,-0.0585111916870169));
#5976=CARTESIAN_POINT('',(-0.03296212763156,0.0981104505839277,-0.10232108044723));
#5977=CARTESIAN_POINT('',(-0.0329483384310398,0.0981212896609164,-0.102275620443401));
#5978=CARTESIAN_POINT('',(-0.0329345270018238,0.0981321280342479,-0.102230115914278));
#5979=CARTESIAN_POINT('',(-0.032910536567881,0.0981509277099919,-0.102150985904135));
#5980=CARTESIAN_POINT('',(-0.0329003373062733,0.098158903069852,-0.102117556471981));
#5981=CARTESIAN_POINT('',(-0.0328797677182151,0.0981749315934511,-0.102051097252002));
#5982=CARTESIAN_POINT('',(-0.03286941314094,0.098182987984459,-0.10201767257313));
#5983=CARTESIAN_POINT('',(-0.032848706425723,0.0981991975109234,-0.101947204572239));
#5984=CARTESIAN_POINT('',(-0.0328383584429634,0.0982073258851577,-0.10191077528914));
#5985=CARTESIAN_POINT('',(-0.0328178081865393,0.0982233968165481,-0.101839373005446));
#5986=CARTESIAN_POINT('',(-0.0328075934646195,0.098231360554559,-0.101804056642539));
#5987=CARTESIAN_POINT('',(-0.0327770758688967,0.0982551244650991,-0.101697940862774));
#5988=CARTESIAN_POINT('',(-0.0327568922446372,0.0982708096753857,-0.101626776936147));
#5989=CARTESIAN_POINT('',(-0.0327168732414613,0.0983017988081362,-0.101485163041787));
#5990=CARTESIAN_POINT('',(-0.0326970348946511,0.0983171079463193,-0.101414625264428));
#5991=CARTESIAN_POINT('',(-0.0326379732166008,0.0983625511965973,-0.10120326913314));
#5992=CARTESIAN_POINT('',(-0.0325991969095359,0.0983922105163609,-0.101062583979051));
#5993=CARTESIAN_POINT('',(-0.0324844222765343,0.0984795010335464,-0.100641491305501));
#5994=CARTESIAN_POINT('',(-0.0324099687944717,0.0985354469563973,-0.100362289708001));
#5995=CARTESIAN_POINT('',(-0.0321912838563693,0.0986980648240346,-0.0995267230681921));
#5996=CARTESIAN_POINT('',(-0.0320516650708148,0.0987995746511967,-0.098972491565289));
#5997=CARTESIAN_POINT('',(-0.031780398140886,0.0989931051053881,-0.0978670945483861));
#5998=CARTESIAN_POINT('',(-0.0316487740154971,0.0990851065558437,-0.0973158163970052));
#5999=CARTESIAN_POINT('',(-0.0312624881686462,0.0993502388825817,-0.0956644998438245));
#6000=CARTESIAN_POINT('',(-0.0310160256126509,0.0995128834888084,-0.0945667613608629));
#6001=CARTESIAN_POINT('',(-0.0305352732038097,0.0998198180491355,-0.0923737205115942));
#6002=CARTESIAN_POINT('',(-0.0303011302501888,0.0999639595697802,-0.091278504785405));
#6003=CARTESIAN_POINT('',(-0.02983993148832,0.100238798839152,-0.0890894072121909));
#6004=CARTESIAN_POINT('',(-0.0296129325555877,0.100369440113693,-0.0879955433643995));
#6005=CARTESIAN_POINT('',(-0.0291629206230723,0.10062018598072,-0.0858086342221023));
#6006=CARTESIAN_POINT('',(-0.0289399132948334,0.10074027095199,-0.0847156076947479));
#6007=CARTESIAN_POINT('',(-0.0284951855330866,0.10097207162907,-0.0825303196276719));
#6008=CARTESIAN_POINT('',(-0.0282735556770994,0.101083728377077,-0.0814380277697099));
#6009=CARTESIAN_POINT('',(-0.0276103349589307,0.101406978598366,-0.0781608897202236));
#6010=CARTESIAN_POINT('',(-0.0271695445727552,0.101607219881536,-0.0759754115373759));
#6011=CARTESIAN_POINT('',(-0.0263070426212742,0.101974351355673,-0.0716042010953812));
#6012=CARTESIAN_POINT('',(-0.0258853495635847,0.102141301713451,-0.0694184423886309));
#6013=CARTESIAN_POINT('',(-0.0250755545440961,0.102442464214959,-0.0650456724631695));
#6014=CARTESIAN_POINT('',(-0.0246875754682334,0.102576692523026,-0.0628586648528458));
#6015=CARTESIAN_POINT('',(-0.0242047637477138,0.102734488984735,-0.059941257397341));
#6016=CARTESIAN_POINT('',(-0.024086898807546,0.102772171875885,-0.0592117871839532));
#6017=CARTESIAN_POINT('',(-0.0239722804325562,0.10280810966483,-0.058482184439014));
#6018=CARTESIAN_POINT('',(-0.0331375704102709,0.0979946482334447,-0.102273965259847));
#6019=CARTESIAN_POINT('',(-0.0331236842937537,0.098005692502416,-0.102228511332738));
#6020=CARTESIAN_POINT('',(-0.0331097734301151,0.098016737199963,-0.102183017348508));
#6021=CARTESIAN_POINT('',(-0.0330856025555531,0.0980358984193589,-0.102103921080517));
#6022=CARTESIAN_POINT('',(-0.0330753295119185,0.0980440260813892,-0.10207049603302));
#6023=CARTESIAN_POINT('',(-0.0330546365151207,0.0980603479028078,-0.102004006360039));
#6024=CARTESIAN_POINT('',(-0.0330442270833891,0.0980685459770152,-0.101970583590398));
#6025=CARTESIAN_POINT('',(-0.0330233854853281,0.0980850320820405,-0.101900453263521));
#6026=CARTESIAN_POINT('',(-0.0330129625549913,0.0980932959092339,-0.101864302843423));
#6027=CARTESIAN_POINT('',(-0.0329922710401724,0.0981096396640476,-0.10179332214943));
#6028=CARTESIAN_POINT('',(-0.0329819878996893,0.0981177400960221,-0.101758180311054));
#6029=CARTESIAN_POINT('',(-0.0329512636235095,0.0981419123489893,-0.101652601717086));
#6030=CARTESIAN_POINT('',(-0.0329309391001208,0.0981578670779925,-0.101581832385248));
#6031=CARTESIAN_POINT('',(-0.0328906418305023,0.0981893929984717,-0.101440937097996));
#6032=CARTESIAN_POINT('',(-0.0328706655748714,0.09820496923318,-0.101370731462048));
#6033=CARTESIAN_POINT('',(-0.032811190717157,0.0982512089729797,-0.10116034174723));
#6034=CARTESIAN_POINT('',(-0.0327721389437434,0.0982813926400116,-0.101020272367031));
#6035=CARTESIAN_POINT('',(-0.0326565410468419,0.0983702383260111,-0.100600916414822));
#6036=CARTESIAN_POINT('',(-0.0325815445465585,0.0984271977090191,-0.100322702878951));
#6037=CARTESIAN_POINT('',(-0.0323612378096419,0.0985927917502413,-0.099489845164557));
#6038=CARTESIAN_POINT('',(-0.0322205483226164,0.098696200797486,-0.0989370712868309));
#6039=CARTESIAN_POINT('',(-0.0319471538389195,0.0988933969176486,-0.0978341868992363));
#6040=CARTESIAN_POINT('',(-0.0318144719270889,0.098987164554113,-0.0972839738353704));
#6041=CARTESIAN_POINT('',(-0.0314250213633466,0.0992574317959212,-0.0956354864319403));
#6042=CARTESIAN_POINT('',(-0.03117645968598,0.0994232851596851,-0.0945391711181085));
#6043=CARTESIAN_POINT('',(-0.0306915011303619,0.0997363265106739,-0.0923485441065849));
#6044=CARTESIAN_POINT('',(-0.0304552515805249,0.099883364547965,-0.0912543090768002));
#6045=CARTESIAN_POINT('',(-0.0299898184429575,0.100163750457279,-0.089066914666932));
#6046=CARTESIAN_POINT('',(-0.0297606919497139,0.100297041130942,-0.0879737709106302));
#6047=CARTESIAN_POINT('',(-0.0293063979835708,0.100552877480838,-0.0857881381606594));
#6048=CARTESIAN_POINT('',(-0.0290812360577638,0.100675403381123,-0.0846956657542116));
#6049=CARTESIAN_POINT('',(-0.0286321648716138,0.100911908016114,-0.0825113600752764));
#6050=CARTESIAN_POINT('',(-0.0284083469769391,0.101025826676593,-0.0814194990689232));
#6051=CARTESIAN_POINT('',(-0.0277385332978457,0.101355594984633,-0.0781436367777271));
#6052=CARTESIAN_POINT('',(-0.0272933014404205,0.101559828851472,-0.0759590288360046));
#6053=CARTESIAN_POINT('',(-0.0264221032669525,0.101934160139028,-0.0715895427880945));
#6054=CARTESIAN_POINT('',(-0.0259961547613116,0.102104320445367,-0.0694046364248554));
#6055=CARTESIAN_POINT('',(-0.0251782598609801,0.10241115353797,-0.0650335758352426));
#6056=CARTESIAN_POINT('',(-0.0247864353075184,0.102547843993921,-0.0628474244311188));
#6057=CARTESIAN_POINT('',(-0.0242988999170519,0.102708474206647,-0.0599311622477419));
#6058=CARTESIAN_POINT('',(-0.0241798879497128,0.10274682803097,-0.0592019786428873));
#6059=CARTESIAN_POINT('',(-0.0240641595350605,0.102783400761483,-0.0584726628741854));
#6060=CARTESIAN_POINT('',(-0.0334792530356667,0.0977559085905766,-0.102180188139163));
#6061=CARTESIAN_POINT('',(-0.0334651917354436,0.0977673708048888,-0.102134746487485));
#6062=CARTESIAN_POINT('',(-0.0334511011790774,0.0977788356494022,-0.102089273574512));
#6063=CARTESIAN_POINT('',(-0.0334266045503319,0.0977987326725014,-0.102010244262203));
#6064=CARTESIAN_POINT('',(-0.0334161979177042,0.0978071705176902,-0.101976828030904));
#6065=CARTESIAN_POINT('',(-0.0333952799558985,0.097824091460705,-0.101910279104351));
#6066=CARTESIAN_POINT('',(-0.033384770939337,0.0978325795366035,-0.101876860985626));
#6067=CARTESIAN_POINT('',(-0.0333636958008377,0.0978496304340909,-0.101807401521067));
#6068=CARTESIAN_POINT('',(-0.0333531461750983,0.0978581704867553,-0.10177180459072));
#6069=CARTESIAN_POINT('',(-0.0333322121093722,0.0978750710624212,-0.101701661074147));
#6070=CARTESIAN_POINT('',(-0.0333218103807295,0.0978834506004146,-0.101666865942478));
#6071=CARTESIAN_POINT('',(-0.0332907280011172,0.0979084565662584,-0.101562354446153));
#6072=CARTESIAN_POINT('',(-0.0332701600530265,0.0979249614379653,-0.101492368793044));
#6073=CARTESIAN_POINT('',(-0.0332293793911863,0.0979575832901875,-0.101352900967726));
#6074=CARTESIAN_POINT('',(-0.0332091624639994,0.0979737049338794,-0.101283355225912));
#6075=CARTESIAN_POINT('',(-0.0331489648340622,0.0980215712222854,-0.101074885696345));
#6076=CARTESIAN_POINT('',(-0.0331094292552905,0.0980528258116607,-0.100936039913491));
#6077=CARTESIAN_POINT('',(-0.0329923793847916,0.0981448483370013,-0.100520135411375));
#6078=CARTESIAN_POINT('',(-0.0329164164161839,0.0982038788435943,-0.100243886211839));
#6079=CARTESIAN_POINT('',(-0.0326932070326071,0.0983755571853898,-0.0994164149379758));
#6080=CARTESIAN_POINT('',(-0.0325505794320171,0.0984828518402256,-0.0988665407834279));
#6081=CARTESIAN_POINT('',(-0.0322733048934972,0.0986875527590865,-0.0977686564187277));
#6082=CARTESIAN_POINT('',(-0.0321386796321149,0.0987849389992901,-0.0972205636492382));
#6083=CARTESIAN_POINT('',(-0.0317433827233627,0.0990657335244273,-0.0955777098887575));
#6084=CARTESIAN_POINT('',(-0.0314909014981651,0.0992381744543923,-0.0944842307167157));
#6085=CARTESIAN_POINT('',(-0.0309980334803087,0.0995637663526018,-0.0922984164023913));
#6086=CARTESIAN_POINT('',(-0.0307577943124754,0.0997167643186587,-0.0912061381408888));
#6087=CARTESIAN_POINT('',(-0.0302842988731683,0.100008573662202,-0.0890221440529975));
#6088=CARTESIAN_POINT('',(-0.0300510999728824,0.10014732638374,-0.0879304391318914));
#6089=CARTESIAN_POINT('',(-0.0295885750077609,0.100413665767558,-0.0857473585977935));
#6090=CARTESIAN_POINT('',(-0.029359254150105,0.100541232357188,-0.0846559952448286));
#6091=CARTESIAN_POINT('',(-0.0289017698807937,0.100787457607346,-0.0824736577980825));
#6092=CARTESIAN_POINT('',(-0.0286736993809081,0.100906053914378,-0.0813826610923488));
#6093=CARTESIAN_POINT('',(-0.0279910374581271,0.101249309629477,-0.0781093583524354));
#6094=CARTESIAN_POINT('',(-0.0275371050309622,0.101461816122584,-0.0759264961160117));
#6095=CARTESIAN_POINT('',(-0.0266488134690764,0.101851074536679,-0.0715604665006484));
#6096=CARTESIAN_POINT('',(-0.0262144708654446,0.102027895096133,-0.0693772672748846));
#6097=CARTESIAN_POINT('',(-0.0253805700960122,0.102346495349316,-0.065009624564382));
#6098=CARTESIAN_POINT('',(-0.024981131410941,0.102488296065392,-0.0628251823747823));
#6099=CARTESIAN_POINT('',(-0.024484236409394,0.102654806764656,-0.0599112016099726));
#6100=CARTESIAN_POINT('',(-0.0243629512094036,0.102694552740759,-0.0591825885177529));
#6101=CARTESIAN_POINT('',(-0.024245022520315,0.102732442807861,-0.0584538435806365));
#6102=CARTESIAN_POINT('',(-0.0336454759391815,0.0976329725196681,-0.102133529233924));
#6103=CARTESIAN_POINT('',(-0.0336313363964136,0.0976446474767202,-0.102088093779063));
#6104=CARTESIAN_POINT('',(-0.0336171656123858,0.0976563261270305,-0.102042631388409));
#6105=CARTESIAN_POINT('',(-0.033592523742282,0.097676597358702,-0.101963635275137));
#6106=CARTESIAN_POINT('',(-0.0335820573247428,0.0976851930728137,-0.101930223472763));
#6107=CARTESIAN_POINT('',(-0.0335610377854982,0.0977024198922414,-0.101863645765314));
#6108=CARTESIAN_POINT('',(-0.0335504840129896,0.0977110563322771,-0.101830230402366));
#6109=CARTESIAN_POINT('',(-0.0335293102710721,0.0977283954286645,-0.101761104099023));
#6110=CARTESIAN_POINT('',(-0.0335187089573675,0.0977370762136457,-0.101725781764352));
#6111=CARTESIAN_POINT('',(-0.0334976736804606,0.0977542607439253,-0.101656053794404));
#6112=CARTESIAN_POINT('',(-0.0334872218129619,0.0977627826821735,-0.101621430829885));
#6113=CARTESIAN_POINT('',(-0.0334559881083472,0.0977882139767546,-0.101517449197643));
#6114=CARTESIAN_POINT('',(-0.0334353177130041,0.0978049994309418,-0.10144785259017));
#6115=CARTESIAN_POINT('',(-0.0333943320655145,0.0978381803590949,-0.101309093552893));
#6116=CARTESIAN_POINT('',(-0.0333740124397774,0.0978545802863139,-0.101239875534042));
#6117=CARTESIAN_POINT('',(-0.0333135054063632,0.0979032765485754,-0.10103235968697));
#6118=CARTESIAN_POINT('',(-0.0332737616133079,0.0979350776550391,-0.100894121672228));
#6119=CARTESIAN_POINT('',(-0.0331560833911926,0.0980287216869311,-0.100479931744544));
#6120=CARTESIAN_POINT('',(-0.033079697182796,0.0980888097679663,-0.100204658736054));
#6121=CARTESIAN_POINT('',(-0.0328552075473777,0.0982635959882966,-0.0993798647505513));
#6122=CARTESIAN_POINT('',(-0.0327117128819973,0.0983728768934272,-0.0988314325767157));
#6123=CARTESIAN_POINT('',(-0.032432686465451,0.0985814167166329,-0.097736035410491));
#6124=CARTESIAN_POINT('',(-0.0322971759203403,0.0986806552795528,-0.0971889977682923));
#6125=CARTESIAN_POINT('',(-0.0318991981519719,0.098966841929322,-0.0955489482958789));
#6126=CARTESIAN_POINT('',(-0.0316448969223073,0.0991426615596871,-0.0944568820021478));
#6127=CARTESIAN_POINT('',(-0.0311483263245444,0.0994746970580286,-0.0922734663961253));
#6128=CARTESIAN_POINT('',(-0.030906204447242,0.0996307583887986,-0.0911821641506914));
#6129=CARTESIAN_POINT('',(-0.0304288816272007,0.0999284444720569,-0.0889998671321437));
#6130=CARTESIAN_POINT('',(-0.0301937381130696,0.100070009835379,-0.0879088809214838));
#6131=CARTESIAN_POINT('',(-0.0297272645873572,0.100341761783338,-0.0857270761586878));
#6132=CARTESIAN_POINT('',(-0.0294959395672691,0.100471928153505,-0.0846362677194936));
#6133=CARTESIAN_POINT('',(-0.0290343859345138,0.100723170119726,-0.082454916090204));
#6134=CARTESIAN_POINT('',(-0.0288042509916299,0.100844182199462,-0.0813643528255346));
#6135=CARTESIAN_POINT('',(-0.0281153341056167,0.101194407365952,-0.0780923338591567));
#6136=CARTESIAN_POINT('',(-0.0276571427273703,0.101411194008252,-0.0759103470774028));
#6137=CARTESIAN_POINT('',(-0.0267604542226567,0.101808179943943,-0.0715460494786339));
#6138=CARTESIAN_POINT('',(-0.0263219730449605,0.101988450910412,-0.069363705034627));
#6139=CARTESIAN_POINT('',(-0.0254801664245049,0.102313147909835,-0.064997770828577));
#6140=CARTESIAN_POINT('',(-0.0250769591455669,0.1024575968132,-0.0628141816209149));
#6141=CARTESIAN_POINT('',(-0.0245754282889729,0.102627154327913,-0.0599013369541501));
#6142=CARTESIAN_POINT('',(-0.0244530169058303,0.102667621540825,-0.0591730077527738));
#6143=CARTESIAN_POINT('',(-0.0243339980049119,0.102706194019521,-0.0584445466566037));
#6144=CARTESIAN_POINT('',(-0.0339713684101307,0.0973790961347593,-0.102040087515851));
#6145=CARTESIAN_POINT('',(-0.0339570896766326,0.097391204370402,-0.101994664217629));
#6146=CARTESIAN_POINT('',(-0.0339427766878221,0.0974033179678573,-0.101949222408481));
#6147=CARTESIAN_POINT('',(-0.0339178793431641,0.0974243486659148,-0.101870291096397));
#6148=CARTESIAN_POINT('',(-0.0339073066324925,0.097433265623191,-0.101836887837188));
#6149=CARTESIAN_POINT('',(-0.0338860992030741,0.0974511213754061,-0.101770254696059));
#6150=CARTESIAN_POINT('',(-0.033875461384816,0.0974600646030076,-0.101736846547111));
#6151=CARTESIAN_POINT('',(-0.0338541239479702,0.0974779907762575,-0.101668385584166));
#6152=CARTESIAN_POINT('',(-0.0338434431199874,0.0974869554378597,-0.101633610590529));
#6153=CARTESIAN_POINT('',(-0.0338222444511455,0.0975047160861592,-0.101564711659237));
#6154=CARTESIAN_POINT('',(-0.03381170951868,0.0975135277977904,-0.101530432435065));
#6155=CARTESIAN_POINT('',(-0.0337802257516472,0.0975398241174667,-0.101427508548361));
#6156=CARTESIAN_POINT('',(-0.0337593879633044,0.0975571791060724,-0.101358688218111));
#6157=CARTESIAN_POINT('',(-0.0337180629538395,0.0975914962948256,-0.101221343902931));
#6158=CARTESIAN_POINT('',(-0.0336975715618932,0.0976084623171236,-0.101152780190539));
#6159=CARTESIAN_POINT('',(-0.0336365448363284,0.0976588472833643,-0.100947168524088));
#6160=CARTESIAN_POINT('',(-0.0335964490561407,0.0976917605312629,-0.100810144093219));
#6161=CARTESIAN_POINT('',(-0.0334777005736392,0.0977887058493614,-0.100399378313783));
#6162=CARTESIAN_POINT('',(-0.0334005815358717,0.0978509498185638,-0.100126055767441));
#6163=CARTESIAN_POINT('',(-0.0331738550454414,0.0980320755878621,-0.0993066120747689));
#6164=CARTESIAN_POINT('',(-0.0330288183494578,0.0981454139457197,-0.0987610630936103));
#6165=CARTESIAN_POINT('',(-0.0327466405088167,0.0983618048781891,-0.0976706407960084));
#6166=CARTESIAN_POINT('',(-0.0326095203394658,0.098464836102518,-0.0971257145253964));
#6167=CARTESIAN_POINT('',(-0.0322066300967364,0.0987620735245927,-0.0954912783627126));
#6168=CARTESIAN_POINT('',(-0.0319489449092654,0.098944831423934,-0.0944020426647417));
#6169=CARTESIAN_POINT('',(-0.0314454260327954,0.0992901174769694,-0.0922234351703027));
#6170=CARTESIAN_POINT('',(-0.0311997390099433,0.099452488094247,-0.0911340908765266));
#6171=CARTESIAN_POINT('',(-0.0307151200371455,0.0997622921495887,-0.0889552004280217));
#6172=CARTESIAN_POINT('',(-0.0304762454750721,0.0999096647428668,-0.0878656581602484));
#6173=CARTESIAN_POINT('',(-0.0300021572196814,0.100192603215567,-0.085686418442939));
#6174=CARTESIAN_POINT('',(-0.0297669479927872,0.100328148625866,-0.0845967268181815));
#6175=CARTESIAN_POINT('',(-0.0292974750866161,0.100589779326787,-0.0824173612919866));
#6176=CARTESIAN_POINT('',(-0.0290633065778485,0.100715798719948,-0.0813276723891977));
#6177=CARTESIAN_POINT('',(-0.0283621299682445,0.101080480453395,-0.0780582441215256));
#6178=CARTESIAN_POINT('',(-0.0278955405356909,0.101306159856988,-0.0758780247928024));
#6179=CARTESIAN_POINT('',(-0.0269822275328726,0.101719214126907,-0.0715172228716351));
#6180=CARTESIAN_POINT('',(-0.0265355189273047,0.101906667106228,-0.0693366030865342));
#6181=CARTESIAN_POINT('',(-0.0256779613479694,0.102244057447456,-0.0649741114449284));
#6182=CARTESIAN_POINT('',(-0.0252672276673739,0.102394021808052,-0.0627922386932724));
#6183=CARTESIAN_POINT('',(-0.0247564297949984,0.102569924211611,-0.0598816756385818));
#6184=CARTESIAN_POINT('',(-0.0246317665387412,0.102611893244254,-0.0591539161714468));
#6185=CARTESIAN_POINT('',(-0.0245105672142466,0.102651886567268,-0.058426024308966));
#6186=CARTESIAN_POINT('',(-0.0341310210343952,0.0972481570422356,-0.101993307731079));
#6187=CARTESIAN_POINT('',(-0.0341166813778756,0.0972604858031107,-0.101947890390784));
#6188=CARTESIAN_POINT('',(-0.0341023064425873,0.0972728205249604,-0.101902458636778));
#6189=CARTESIAN_POINT('',(-0.0340772989369394,0.0972942364293522,-0.101823558912353));
#6190=CARTESIAN_POINT('',(-0.0340666797401019,0.0973033167488045,-0.10179015976477));
#6191=CARTESIAN_POINT('',(-0.0340453859767777,0.0973214956100301,-0.101723499990529));
#6192=CARTESIAN_POINT('',(-0.0340347088431437,0.097330597306706,-0.101690096313897));
#6193=CARTESIAN_POINT('',(-0.0340133063689638,0.0973488223429171,-0.101621967503044));
#6194=CARTESIAN_POINT('',(-0.0340025977745282,0.0973579301086286,-0.101587465223691));
#6195=CARTESIAN_POINT('',(-0.0339813370062636,0.0973759828775189,-0.101518979743337));
#6196=CARTESIAN_POINT('',(-0.0339707691784278,0.0973849419504779,-0.101484872077336));
#6197=CARTESIAN_POINT('',(-0.0339391867719522,0.0974116779247998,-0.101382476024324));
#6198=CARTESIAN_POINT('',(-0.0339182841161825,0.0974293218238371,-0.101314042887357));
#6199=CARTESIAN_POINT('',(-0.0338768248705216,0.0974642161291762,-0.101177404439449));
#6200=CARTESIAN_POINT('',(-0.0338562644751014,0.0974814699340945,-0.101109167280793));
#6201=CARTESIAN_POINT('',(-0.0337950276499446,0.0975327135452296,-0.100904506026182));
#6202=CARTESIAN_POINT('',(-0.0337547882216339,0.0975661923594883,-0.10076808735573));
#6203=CARTESIAN_POINT('',(-0.0336355981884437,0.0976648172932661,-0.100359030995791));
#6204=CARTESIAN_POINT('',(-0.0335581697714087,0.097728159487208,-0.100086682636892));
#6205=CARTESIAN_POINT('',(-0.0333304872738125,0.0979125166784857,-0.0992699117219327));
#6206=CARTESIAN_POINT('',(-0.0331847759593193,0.0980279261015617,-0.09872580383545));
#6207=CARTESIAN_POINT('',(-0.0329011991956385,0.0982483290105683,-0.0976378690128845));
#6208=CARTESIAN_POINT('',(-0.032763354965157,0.0983533004785755,-0.097093998906998));
#6209=CARTESIAN_POINT('',(-0.0323582338761851,0.0986561963046968,-0.0954623715608446));
#6210=CARTESIAN_POINT('',(-0.0320989851573674,0.0988425136643503,-0.094374553485974));
#6211=CARTESIAN_POINT('',(-0.0315922213176518,0.0991946065155206,-0.0921983552436646));
#6212=CARTESIAN_POINT('',(-0.0313448521710303,0.0993602230071866,-0.0911099928296686));
#6213=CARTESIAN_POINT('',(-0.0308567649715171,0.0996762682403259,-0.0889328117925753));
#6214=CARTESIAN_POINT('',(-0.0306161042080323,0.0998266354148069,-0.0878439947239825));
#6215=CARTESIAN_POINT('',(-0.030138350188314,0.100115347861192,-0.0856660442286134));
#6216=CARTESIAN_POINT('',(-0.0299012610888946,0.100253672551295,-0.0845769144857163));
#6217=CARTESIAN_POINT('',(-0.0294279385680656,0.100520675329659,-0.0823985492185675));
#6218=CARTESIAN_POINT('',(-0.0291918010599377,0.100649286302165,-0.0813093012286485));
#6219=CARTESIAN_POINT('',(-0.0284846200095059,0.101021455282261,-0.0780411798666896));
#6220=CARTESIAN_POINT('',(-0.0280138916211351,0.10125174740455,-0.0758618525268236));
#6221=CARTESIAN_POINT('',(-0.0270923512866429,0.101673142695576,-0.0715028142447958));
#6222=CARTESIAN_POINT('',(-0.0266415539032427,0.101864327383194,-0.0693230643246366));
#6223=CARTESIAN_POINT('',(-0.0257761513532859,0.102208314496742,-0.0649623067042136));
#6224=CARTESIAN_POINT('',(-0.0253616599250435,0.102361146202327,-0.0627812974002393));
#6225=CARTESIAN_POINT('',(-0.0248462309780197,0.102540346759213,-0.0598718798111836));
#6226=CARTESIAN_POINT('',(-0.0247204420541281,0.102583096392978,-0.0591444061741884));
#6227=CARTESIAN_POINT('',(-0.024598152540831,0.102623828165291,-0.0584167996900486));
#6228=CARTESIAN_POINT('',(-0.0344484342570114,0.0969768376270658,-0.10189862298608));
#6229=CARTESIAN_POINT('',(-0.034433986296002,0.0969896169625529,-0.101853217125543));
#6230=CARTESIAN_POINT('',(-0.0344195018669652,0.0970024029453513,-0.101807804910616));
#6231=CARTESIAN_POINT('',(-0.0343943020219218,0.0970246030219861,-0.101728966894148));
#6232=CARTESIAN_POINT('',(-0.0343836003253986,0.0970340168281552,-0.101695575498729));
#6233=CARTESIAN_POINT('',(-0.0343621446339935,0.0970528622798799,-0.101628863481972));
#6234=CARTESIAN_POINT('',(-0.0343513921490781,0.0970622926341943,-0.101595470303024));
#6235=CARTESIAN_POINT('',(-0.0343298852120048,0.0970811273484547,-0.101528011845163));
#6236=CARTESIAN_POINT('',(-0.0343191398628521,0.0970905237126398,-0.101494059078087));
#6237=CARTESIAN_POINT('',(-0.0342977851922396,0.0971091696893247,-0.101426407324315));
#6238=CARTESIAN_POINT('',(-0.034287164805592,0.097118429048267,-0.101392645824623));
#6239=CARTESIAN_POINT('',(-0.0342554256509174,0.0971460603768696,-0.101291314690777));
#6240=CARTESIAN_POINT('',(-0.0342344223808995,0.0971642913501504,-0.101223662422019));
#6241=CARTESIAN_POINT('',(-0.0341927493108329,0.0972003601484326,-0.101088447904713));
#6242=CARTESIAN_POINT('',(-0.0341720768744975,0.0972182002654359,-0.10102086964701));
#6243=CARTESIAN_POINT('',(-0.0341104963769107,0.0972711937018247,-0.100818126185094));
#6244=CARTESIAN_POINT('',(-0.03407001945731,0.0973058253704178,-0.100682929910933));
#6245=CARTESIAN_POINT('',(-0.0339500903450692,0.097407876089944,-0.10027732349411));
#6246=CARTESIAN_POINT('',(-0.0338721307535232,0.0974734617085953,-0.100006941998831));
#6247=CARTESIAN_POINT('',(-0.0336427854717905,0.0976644249727704,-0.0991955681420932));
#6248=CARTESIAN_POINT('',(-0.033495872520813,0.09778407546219,-0.0986543714374037));
#6249=CARTESIAN_POINT('',(-0.033209767683853,0.0980127044180341,-0.0975714630070674));
#6250=CARTESIAN_POINT('',(-0.0330705981125344,0.0981216591412295,-0.0970297277784173));
#6251=CARTESIAN_POINT('',(-0.0326613566109808,0.0984361829316338,-0.0954037793505079));
#6252=CARTESIAN_POINT('',(-0.0323991732784518,0.0986298302454295,-0.0943188292788606));
#6253=CARTESIAN_POINT('',(-0.0318862584340657,0.0989959600131687,-0.0921475069512131));
#6254=CARTESIAN_POINT('',(-0.031635671082201,0.0991682806467612,-0.0910611328010568));
#6255=CARTESIAN_POINT('',(-0.0311409033985832,0.0994972319001547,-0.0888874147188013));
#6256=CARTESIAN_POINT('',(-0.0308967800394109,0.0996537995234658,-0.0878000676373357));
#6257=CARTESIAN_POINT('',(-0.0304118837520446,0.0999544794623519,-0.0856247317555938));
#6258=CARTESIAN_POINT('',(-0.0301711142863721,0.100098571005458,-0.0845367423135359));
#6259=CARTESIAN_POINT('',(-0.0296902244901557,0.100376730427988,-0.0823604084029587));
#6260=CARTESIAN_POINT('',(-0.0294502015539166,0.100510728684292,-0.0812720566079131));
#6261=CARTESIAN_POINT('',(-0.0287311344878892,0.100898473705542,-0.0780065929471003));
#6262=CARTESIAN_POINT('',(-0.028252163910028,0.101138378098731,-0.075829081021284));
#6263=CARTESIAN_POINT('',(-0.0273141702735316,0.101577171076813,-0.0714736331715976));
#6264=CARTESIAN_POINT('',(-0.0268551612583799,0.101776148384168,-0.069295654637892));
#6265=CARTESIAN_POINT('',(-0.0259739635467632,0.102133916251798,-0.0649384262528413));
#6266=CARTESIAN_POINT('',(-0.0255518853922502,0.102292741131474,-0.0627591733762254));
#6267=CARTESIAN_POINT('',(-0.0250270945116021,0.102478835397396,-0.0598520830730198));
#6268=CARTESIAN_POINT('',(-0.0248990290167348,0.102523216570786,-0.0591251899155998));
#6269=CARTESIAN_POINT('',(-0.0247745339207249,0.10256549171624,-0.0583981627308549));
#6270=CARTESIAN_POINT('',(-0.0346061779121933,0.0968364585258964,-0.101850721053914));
#6271=CARTESIAN_POINT('',(-0.0345916825948794,0.0968494679001448,-0.101805320713315));
#6272=CARTESIAN_POINT('',(-0.0345771506492151,0.0968624840025439,-0.101759917978278));
#6273=CARTESIAN_POINT('',(-0.0345518686979721,0.0968850829936075,-0.101681110067616));
#6274=CARTESIAN_POINT('',(-0.0345411310099842,0.0968946669122522,-0.101647722310121));
#6275=CARTESIAN_POINT('',(-0.0345195997032331,0.0969138558981013,-0.101580984703633));
#6276=CARTESIAN_POINT('',(-0.0345088111568387,0.0969234564866257,-0.101547597564146));
#6277=CARTESIAN_POINT('',(-0.0344872648483821,0.0969426020009728,-0.101480477280095));
#6278=CARTESIAN_POINT('',(-0.0344765105708253,0.0969521438193273,-0.101446801279938));
#6279=CARTESIAN_POINT('',(-0.0344551241786191,0.0969710908404006,-0.101379569760716));
#6280=CARTESIAN_POINT('',(-0.0344444841592704,0.0969805031121981,-0.101345982854137));
#6281=CARTESIAN_POINT('',(-0.0344126869938126,0.0970085900987234,-0.101245188758001));
#6282=CARTESIAN_POINT('',(-0.0343916480552938,0.0970271191943096,-0.101177930125865));
#6283=CARTESIAN_POINT('',(-0.0343498955371474,0.0970637853008657,-0.101043433605105));
#6284=CARTESIAN_POINT('',(-0.0343291801275559,0.097081923918402,-0.100976187664861));
#6285=CARTESIAN_POINT('',(-0.0342674662462125,0.097135808449921,-0.100774411497512));
#6286=CARTESIAN_POINT('',(-0.0342268956081706,0.097171027348502,-0.100639831803882));
#6287=CARTESIAN_POINT('',(-0.0341066693256491,0.0972748240741214,-0.100235965756359));
#6288=CARTESIAN_POINT('',(-0.0340284881491743,0.0973415548037568,-0.0999665768535982));
#6289=CARTESIAN_POINT('',(-0.0337984366864754,0.0975358924703965,-0.0991579270506116));
#6290=CARTESIAN_POINT('',(-0.0336509970648263,0.0976577128237276,-0.0986182003157506));
#6291=CARTESIAN_POINT('',(-0.0333637637006557,0.0978905556214898,-0.0975378306074963));
#6292=CARTESIAN_POINT('',(-0.0332239931290117,0.0980015532611811,-0.0969971740117865));
#6293=CARTESIAN_POINT('',(-0.0328128628296213,0.0983220463681945,-0.0953740954804591));
#6294=CARTESIAN_POINT('',(-0.0325493088367203,0.0985194640675567,-0.0942905956945853));
#6295=CARTESIAN_POINT('',(-0.0320334886864645,0.0988928237973028,-0.0921217398783181));
#6296=CARTESIAN_POINT('',(-0.0317813655654371,0.0990686026510273,-0.0910363720564124));
#6297=CARTESIAN_POINT('',(-0.0312833861697367,0.0994042186923071,-0.0888644074282954));
#6298=CARTESIAN_POINT('',(-0.0310375866489741,0.0995639921762757,-0.0877778051015169));
#6299=CARTESIAN_POINT('',(-0.0305492142630472,0.0998708656470641,-0.0856037945592172));
#6300=CARTESIAN_POINT('',(-0.0303066444754956,0.100017944783577,-0.0845163835173325));
#6301=CARTESIAN_POINT('',(-0.0298220373138636,0.100301888831637,-0.082341080677689));
#6302=CARTESIAN_POINT('',(-0.0295800980723988,0.100438682831017,-0.0812531841567005));
#6303=CARTESIAN_POINT('',(-0.0288551497511343,0.100834516777854,-0.0779890712718632));
#6304=CARTESIAN_POINT('',(-0.0283720760870085,0.101079420829844,-0.0758124827617359));
#6305=CARTESIAN_POINT('',(-0.0274258567037846,0.10152727068235,-0.0714588616833837));
#6306=CARTESIAN_POINT('',(-0.0269627249106888,0.101730309003604,-0.0692817846589826));
#6307=CARTESIAN_POINT('',(-0.0260735771452688,0.102095261029753,-0.0649263514493127));
#6308=CARTESIAN_POINT('',(-0.025647670072276,0.102257211813575,-0.0627479915259866));
#6309=CARTESIAN_POINT('',(-0.025118148418738,0.102446901715138,-0.0598420829946018));
#6310=CARTESIAN_POINT('',(-0.0249889320428575,0.102492133845231,-0.0591154844733591));
#6311=CARTESIAN_POINT('',(-0.024863321575881,0.102535213931103,-0.058388751195266));
#6312=CARTESIAN_POINT('',(-0.0347665662141636,0.0966903381510822,-0.101801498426071));
#6313=CARTESIAN_POINT('',(-0.0347520268580187,0.0967035841006095,-0.101756103396166));
#6314=CARTESIAN_POINT('',(-0.0347374507471367,0.0967168368410959,-0.101710710030321));
#6315=CARTESIAN_POINT('',(-0.0347120926317645,0.0967398459424771,-0.101631932372842));
#6316=CARTESIAN_POINT('',(-0.0347013214029531,0.0967496048295554,-0.10159854808132));
#6317=CARTESIAN_POINT('',(-0.0346797189371933,0.0967691476117424,-0.10153178375963));
#6318=CARTESIAN_POINT('',(-0.0346688964949527,0.0967789235577343,-0.101498402640349));
#6319=CARTESIAN_POINT('',(-0.0346473162648965,0.0967983878244547,-0.101431629239829));
#6320=CARTESIAN_POINT('',(-0.0346365561357146,0.0968080783270787,-0.101398237255643));
#6321=CARTESIAN_POINT('',(-0.0346151436839887,0.096827333758508,-0.101331436905332));
#6322=CARTESIAN_POINT('',(-0.0346044867240912,0.0968369028648919,-0.101298029111949));
#6323=CARTESIAN_POINT('',(-0.0345726396216447,0.0968654571650894,-0.101197785984591));
#6324=CARTESIAN_POINT('',(-0.0345515704552472,0.0968842918841003,-0.101130931251788));
#6325=CARTESIAN_POINT('',(-0.0345097490154023,0.0969215707248719,-0.100997171428252));
#6326=CARTESIAN_POINT('',(-0.0344889957455316,0.0969400157131116,-0.10093026645693));
#6327=CARTESIAN_POINT('',(-0.0344271635556864,0.0969948150717725,-0.100729482784686));
#6328=CARTESIAN_POINT('',(-0.0343865089372686,0.097030637105576,-0.100595535768228));
#6329=CARTESIAN_POINT('',(-0.0342660137595699,0.0971362279697106,-0.100193455565604));
#6330=CARTESIAN_POINT('',(-0.0341876285282324,0.0972041366006736,-0.0999250852298188));
#6331=CARTESIAN_POINT('',(-0.0339569207922715,0.0974019475288451,-0.0991192308568009));
#6332=CARTESIAN_POINT('',(-0.033808984187429,0.0975260043636585,-0.0985810127292955));
#6333=CARTESIAN_POINT('',(-0.0335206766382366,0.0977631943522345,-0.0975032485076499));
#6334=CARTESIAN_POINT('',(-0.0333803297445224,0.0978763015772754,-0.0969636989442828));
#6335=CARTESIAN_POINT('',(-0.0329673787166949,0.0982029633316192,-0.0953435658856174));
#6336=CARTESIAN_POINT('',(-0.0327024916777687,0.0984042833140812,-0.0942615545793501));
#6337=CARTESIAN_POINT('',(-0.0321838296650491,0.0987851337839925,-0.0920952301257336));
#6338=CARTESIAN_POINT('',(-0.0319301965307721,0.0989644997707784,-0.0910108950340887));
#6339=CARTESIAN_POINT('',(-0.0314290465091357,0.0993070352536814,-0.0888407297480553));
#6340=CARTESIAN_POINT('',(-0.0311815861345674,0.0994701403377222,-0.0877548916011247));
#6341=CARTESIAN_POINT('',(-0.030689758417076,0.0997834554012096,-0.0855822408978445));
#6342=CARTESIAN_POINT('',(-0.0304453937526682,0.0999336444651833,-0.0844954232693862));
#6343=CARTESIAN_POINT('',(-0.0299570704294177,0.100223614386422,-0.082321178182954));
#6344=CARTESIAN_POINT('',(-0.029713210641677,0.100363322995975,-0.0812337486879916));
#6345=CARTESIAN_POINT('',(-0.0289823541060748,0.100767595344433,-0.0779710219954641));
#6346=CARTESIAN_POINT('',(-0.0284951401423702,0.101017722741686,-0.0757953819940732));
#6347=CARTESIAN_POINT('',(-0.0275405891468394,0.101475043622046,-0.0714436391017353));
#6348=CARTESIAN_POINT('',(-0.0270732661406151,0.101682333604742,-0.0692674898367409));
#6349=CARTESIAN_POINT('',(-0.0261760142637851,0.102054811167475,-0.0649139054444929));
#6350=CARTESIAN_POINT('',(-0.0257461927563702,0.102220038814107,-0.0627364658311166));
#6351=CARTESIAN_POINT('',(-0.0252118261850926,0.102413498861254,-0.0598317756425184));
#6352=CARTESIAN_POINT('',(-0.0250814304107805,0.102459623304655,-0.0591054809042213));
#6353=CARTESIAN_POINT('',(-0.0249546763233378,0.102503547489177,-0.0583790506747399));
#6354=CARTESIAN_POINT('',(-0.0250000507249316,0.102487781274352,-0.0586374480456826));
#6355=CARTESIAN_POINT('',(-0.0251432132980006,0.102437903239029,-0.0594527730638166));
#6356=CARTESIAN_POINT('',(-0.0252929725416201,0.102384538337187,-0.0602797617630451));
#6357=CARTESIAN_POINT('',(-0.0254491632434616,0.10232735772141,-0.061118414143368));
#6358=CARTESIAN_POINT('',(-0.0249999999859041,0.102487806713089,-0.0586374585111579));
#6359=CARTESIAN_POINT('',(-0.0254491632434617,0.10232735772141,-0.0611184141433676));
#6360=CARTESIAN_POINT('',(-0.0249999999930136,0.102487814478332,-0.0586377578107768));
#6361=CARTESIAN_POINT('',(-0.0249999999930136,0.102487885088791,-0.0651227050309021));
#6362=CARTESIAN_POINT('',(-0.0250000000015876,0.102339976160152,-0.0748495430640038));
#6363=CARTESIAN_POINT('',(-0.0249999999996827,0.101737238232697,-0.0878065948858106));
#6364=CARTESIAN_POINT('',(-0.025,0.101279593873924,-0.0942736648960344));
#6365=CARTESIAN_POINT('',(-0.025,0.100964718576129,-0.0975));
#6366=CARTESIAN_POINT('',(-0.025,0.100964718576129,-0.0975));
#6367=CARTESIAN_POINT('',(-0.025,0.100964718576129,-0.0975));
#6368=CARTESIAN_POINT('',(-0.025,0.100886597739471,-0.0983004565598701));
#6369=CARTESIAN_POINT('',(-0.0249734249373349,0.100803619586537,-0.0990982360281527));
#6370=CARTESIAN_POINT('',(-0.024805641626301,0.100714241689648,-0.0998838300668403));
#6371=CARTESIAN_POINT('',(-0.0254491678059149,0.102327357506639,-0.0611184135171047));
#6372=CARTESIAN_POINT('',(-0.0256937039250018,0.102237803715165,-0.0629306817449272));
#6373=CARTESIAN_POINT('',(-0.0261644522799353,0.102058601314511,-0.0665571369927753));
#6374=CARTESIAN_POINT('',(-0.0268025075404131,0.101789442605832,-0.0720040060527447));
#6375=CARTESIAN_POINT('',(-0.0273483849812708,0.101519811671081,-0.0774604313837648));
#6376=CARTESIAN_POINT('',(-0.0277893918958422,0.101249613166439,-0.0829283424248245));
#6377=CARTESIAN_POINT('',(-0.0280626823772152,0.101024030854066,-0.0874933714508852));
#6378=CARTESIAN_POINT('',(-0.02819679478159,0.100843454927771,-0.0911476222486468));
#6379=CARTESIAN_POINT('',(-0.0282372850359756,0.100707848309236,-0.0938918451588));
#6380=CARTESIAN_POINT('',(-0.0281825475170323,0.100572251620725,-0.0966358671185963));
#6381=CARTESIAN_POINT('',(-0.0280075274139533,0.100459463976075,-0.0989183105698829));
#6382=CARTESIAN_POINT('',(-0.0276970218551193,0.100370224236685,-0.10072422343744));
#6383=CARTESIAN_POINT('',(-0.0273874318770495,0.100315859859937,-0.101824375994554));
#6384=CARTESIAN_POINT('',(-0.0269925851137084,0.100274805681294,-0.102655174807034));
#6385=CARTESIAN_POINT('',(-0.0265844385024676,0.100247169808189,-0.10321443214101));
#6386=CARTESIAN_POINT('',(-0.0259852557928744,0.100228366701478,-0.103594943928664));
#6387=CARTESIAN_POINT('',(-0.025515909009229,0.100227738157695,-0.103607663534325));
#6388=CARTESIAN_POINT('',(-0.0252863982549133,0.100227741851561,-0.10360758878928));
#6389=CARTESIAN_POINT('',(-0.0203126538165333,0.103279815313191,-0.011771071803357));
#6390=CARTESIAN_POINT('',(-0.0203538262012858,0.103265321129741,-0.0113401982132438));
#6391=CARTESIAN_POINT('',(-0.0203956044127423,0.103250428857087,-0.0109094014647659));
#6392=CARTESIAN_POINT('',(-0.0205648477565917,0.103189275601475,-0.00918648375566464));
#6393=CARTESIAN_POINT('',(-0.020696421041422,0.103139864678418,-0.00789489252769908));
#6394=CARTESIAN_POINT('',(-0.0211012039290407,0.102980910818561,-0.00402126023443735));
#6395=CARTESIAN_POINT('',(-0.0213848801085974,0.102860598241327,-0.00144038407797363));
#6396=CARTESIAN_POINT('',(-0.0219651994242845,0.102590132172992,0.00372139876095808));
#6397=CARTESIAN_POINT('',(-0.0222611891357917,0.102440074920122,0.00630247291078002));
#6398=CARTESIAN_POINT('',(-0.0228560440325071,0.102108290204752,0.0114665983187554));
#6399=CARTESIAN_POINT('',(-0.0231552723857153,0.101926526182974,0.0140495111422191));
#6400=CARTESIAN_POINT('',(-0.0237521767312751,0.101528589101551,0.0192180108814662));
#6401=CARTESIAN_POINT('',(-0.0240501612044333,0.101312297565819,0.0218037190981081));
#6402=CARTESIAN_POINT('',(-0.0244960460026675,0.100958523104457,0.0256865419968008));
#6403=CARTESIAN_POINT('',(-0.0246445044616815,0.100835698566366,0.0269815241242632));
#6404=CARTESIAN_POINT('',(-0.0249412794056262,0.100579471435967,0.0295732006259089));
#6405=CARTESIAN_POINT('',(-0.0250895864299472,0.100446089752119,0.0308698542489173));
#6406=CARTESIAN_POINT('',(-0.0253121480278192,0.100237368638914,0.0328165967952453));
#6407=CARTESIAN_POINT('',(-0.0253863531067386,0.100166351107588,0.0334658104898625));
#6408=CARTESIAN_POINT('',(-0.0255348400385465,0.100021295678618,0.0347649357272703));
#6409=CARTESIAN_POINT('',(-0.0256091223130908,0.0999472577590968,0.0354148373651016));
#6410=CARTESIAN_POINT('',(-0.0257578152687637,0.099796028290381,0.0367151878909184));
#6411=CARTESIAN_POINT('',(-0.0258322169184783,0.099718837535623,0.037365637735474));
#6412=CARTESIAN_POINT('',(-0.0259812477950766,0.0995611649210319,0.0386669487622937));
#6413=CARTESIAN_POINT('',(-0.0260558903328157,0.0994806818903259,0.039317808534727));
#6414=CARTESIAN_POINT('',(-0.0262805537463704,0.0992340683166737,0.0412707749686489));
#6415=CARTESIAN_POINT('',(-0.0264313294477593,0.0990628041483649,0.0425731738169179));
#6416=CARTESIAN_POINT('',(-0.0267364383467094,0.0987048285751781,0.045179273831853));
#6417=CARTESIAN_POINT('',(-0.026890781086564,0.098518165304516,0.0464828855889333));
#6418=CARTESIAN_POINT('',(-0.0272044367839753,0.0981271224839197,0.0490929735467033));
#6419=CARTESIAN_POINT('',(-0.027363726277746,0.0979227650681987,0.0503995838667981));
#6420=CARTESIAN_POINT('',(-0.0276887146809603,0.0974935752670584,0.0530173228707481));
#6421=CARTESIAN_POINT('',(-0.0278544561957563,0.09726864336295,0.0543282373812694));
#6422=CARTESIAN_POINT('',(-0.0281093934359587,0.0969128449934984,0.056297009766676));
#6423=CARTESIAN_POINT('',(-0.0281954306646299,0.0967911706310427,0.0569536796802151));
#6424=CARTESIAN_POINT('',(-0.028544244905003,0.0962913147586298,0.0595816260028882));
#6425=CARTESIAN_POINT('',(-0.0288162125487407,0.0958871027357274,0.0615550021128893));
#6426=CARTESIAN_POINT('',(-0.0294750207409607,0.0948758352035505,0.0661381999051273));
#6427=CARTESIAN_POINT('',(-0.0298700448295666,0.0942458869649147,0.0687399789960195));
#6428=CARTESIAN_POINT('',(-0.0304871835835827,0.0932273012895319,0.0726092116899431));
#6429=CARTESIAN_POINT('',(-0.0306969635086829,0.0928756828860844,0.0738932178705643));
#6430=CARTESIAN_POINT('',(-0.0311237303139189,0.092151227827714,0.0764463954008479));
#6431=CARTESIAN_POINT('',(-0.0313407420355515,0.0917782449550641,0.0777155448779487));
#6432=CARTESIAN_POINT('',(-0.0317808959487149,0.0910149019221971,0.0802357818389213));
#6433=CARTESIAN_POINT('',(-0.0320040134858307,0.090624686878538,0.0814868910306318));
#6434=CARTESIAN_POINT('',(-0.032455006689026,0.0898324618828413,0.083968080755101));
#6435=CARTESIAN_POINT('',(-0.0326828898843788,0.0894304413450489,0.0851978894096199));
#6436=CARTESIAN_POINT('',(-0.0330272227086942,0.0888226294806219,0.0870270393024253));
#6437=CARTESIAN_POINT('',(-0.0331424178568695,0.0886192293368243,0.0876341788813179));
#6438=CARTESIAN_POINT('',(-0.0333734630797607,0.0882115189617882,0.0888434611776726));
#6439=CARTESIAN_POINT('',(-0.0334893079526429,0.0880071841593043,0.0894456737445073));
#6440=CARTESIAN_POINT('',(-0.0336828244459258,0.087666656191034,0.0904447032625199));
#6441=CARTESIAN_POINT('',(-0.0337603494018623,0.0875304564812282,0.0908430630442934));
#6442=CARTESIAN_POINT('',(-0.0338379775477826,0.0873944223646905,0.0912400433609509));
#6443=CARTESIAN_POINT('',(-0.0203819874477278,0.103280048042156,-0.0117778279950556));
#6444=CARTESIAN_POINT('',(-0.0204237161946777,0.103265562272106,-0.0113470764963154));
#6445=CARTESIAN_POINT('',(-0.020466064198976,0.103250678628888,-0.0109164014887651));
#6446=CARTESIAN_POINT('',(-0.0206376391627886,0.103189560742347,-0.00919396932336746));
#6447=CARTESIAN_POINT('',(-0.0207710788869429,0.103140178230152,-0.00790273892997138));
#6448=CARTESIAN_POINT('',(-0.0211817923253991,0.102981315421026,-0.00403018053760495));
#6449=CARTESIAN_POINT('',(-0.0214698646015734,0.102861071384757,-0.001450009183076));
#6450=CARTESIAN_POINT('',(-0.0220597549014976,0.102590760178937,0.00371037407165688));
#6451=CARTESIAN_POINT('',(-0.0223609278281821,0.102440789123026,0.00629075289755924));
#6452=CARTESIAN_POINT('',(-0.0229667635320478,0.102109197555708,0.0114534892324518));
#6453=CARTESIAN_POINT('',(-0.0232717837646502,0.101927540510725,0.0140357087961791));
#6454=CARTESIAN_POINT('',(-0.023880654478522,0.101529842384342,0.0192028190019406));
#6455=CARTESIAN_POINT('',(-0.0241848144397145,0.101313683071079,0.0217878303920463));
#6456=CARTESIAN_POINT('',(-0.0246400941155967,0.100960132046234,0.0256695942825493));
#6457=CARTESIAN_POINT('',(-0.0247917053507408,0.100837386206162,0.0269642210093462));
#6458=CARTESIAN_POINT('',(-0.0250947849562253,0.100581326670846,0.0295551779077396));
#6459=CARTESIAN_POINT('',(-0.0252462359662523,0.100448033863266,0.0308514670619353));
#6460=CARTESIAN_POINT('',(-0.0254735300072784,0.10023945516464,0.0327976549681292));
#6461=CARTESIAN_POINT('',(-0.0255493165066886,0.10016848662201,0.0334466825049953));
#6462=CARTESIAN_POINT('',(-0.0257009803200452,0.100023532471944,0.0347454327302339));
#6463=CARTESIAN_POINT('',(-0.0257768555709339,0.0999495468590348,0.0353951453884251));
#6464=CARTESIAN_POINT('',(-0.0259286921128751,0.0997984259853451,0.0366951119637737));
#6465=CARTESIAN_POINT('',(-0.0260046428285827,0.0997212915081634,0.0373453668260043));
#6466=CARTESIAN_POINT('',(-0.0261566863040259,0.0995637361360636,0.0386462789144973));
#6467=CARTESIAN_POINT('',(-0.0262327946501238,0.0994833140862456,0.0392969347478732));
#6468=CARTESIAN_POINT('',(-0.0264617044380343,0.0992368918393826,0.041249271743118));
#6469=CARTESIAN_POINT('',(-0.0266150912820188,0.0990657664915085,0.0425512263673637));
#6470=CARTESIAN_POINT('',(-0.0269251471037422,0.0987080964745679,0.0451563856000502));
#6471=CARTESIAN_POINT('',(-0.0270818388634564,0.0985215992370131,0.0464595028295526));
#6472=CARTESIAN_POINT('',(-0.0274000164734264,0.0981309279031384,0.0490685311015092));
#6473=CARTESIAN_POINT('',(-0.0275614751907649,0.0979267763328749,0.0503745744674262));
#6474=CARTESIAN_POINT('',(-0.0278906628426287,0.0974980523164486,0.0529910854897165));
#6475=CARTESIAN_POINT('',(-0.0280584337725527,0.0972733800673741,0.0543013414596796));
#6476=CARTESIAN_POINT('',(-0.0283163381628238,0.0969180194775121,0.0562690641329924));
#6477=CARTESIAN_POINT('',(-0.0284033517119875,0.0967964991643249,0.0569253736929653));
#6478=CARTESIAN_POINT('',(-0.0287560284706478,0.0962972937437538,0.0595518401722473));
#6479=CARTESIAN_POINT('',(-0.0290307932998402,0.0958936440612855,0.0615240245926928));
#6480=CARTESIAN_POINT('',(-0.0296958556802987,0.0948837660287825,0.0661045290216964));
#6481=CARTESIAN_POINT('',(-0.0300942476461365,0.0942546686188625,0.0687048460596271));
#6482=CARTESIAN_POINT('',(-0.0307160296086917,0.0932373863923204,0.0725720513275219));
#6483=CARTESIAN_POINT('',(-0.030927287660771,0.0928862056808457,0.0738554106689797));
#6484=CARTESIAN_POINT('',(-0.0313568370558561,0.092162606663107,0.0764073782927835));
#6485=CARTESIAN_POINT('',(-0.0315751534347,0.0917900425480399,0.0776759650694031));
#6486=CARTESIAN_POINT('',(-0.0320177073834692,0.0910274894659094,0.0801951840275068));
#6487=CARTESIAN_POINT('',(-0.0322419201061016,0.09063764520956,0.0814458375527574));
#6488=CARTESIAN_POINT('',(-0.0326948564722479,0.0898460811327622,0.0839262425997385));
#6489=CARTESIAN_POINT('',(-0.0329235909160142,0.0894443487818776,0.0851557251733977));
#6490=CARTESIAN_POINT('',(-0.0332689573811077,0.088836902134799,0.0869844693486371));
#6491=CARTESIAN_POINT('',(-0.0333844563354938,0.0886336126730874,0.0875914874079412));
#6492=CARTESIAN_POINT('',(-0.0336160165778416,0.0882261013292334,0.0888005508526754));
#6493=CARTESIAN_POINT('',(-0.0337320715212097,0.0880218553946457,0.0894026651940826));
#6494=CARTESIAN_POINT('',(-0.0339258619076548,0.0876814521168988,0.090401556421473));
#6495=CARTESIAN_POINT('',(-0.0340034762460139,0.087545295968392,0.0907998677838196));
#6496=CARTESIAN_POINT('',(-0.0340811744377275,0.0874092979382451,0.0911968080379736));
#6497=CARTESIAN_POINT('',(-0.0204512141632429,0.103280307076844,-0.0117845728728984));
#6498=CARTESIAN_POINT('',(-0.0204934984547469,0.103265830129352,-0.0113539432503739));
#6499=CARTESIAN_POINT('',(-0.0205364154171618,0.103250955539093,-0.0109233897683456));
#6500=CARTESIAN_POINT('',(-0.0207103185970544,0.103189874774675,-0.00920144228392434));
#6501=CARTESIAN_POINT('',(-0.0208456220608799,0.103140522120896,-0.00791057207590215));
#6502=CARTESIAN_POINT('',(-0.0212622575859147,0.102981755132445,-0.00403908562358806));
#6503=CARTESIAN_POINT('',(-0.0215547198302001,0.102861583386562,-0.00145961774520323));
#6504=CARTESIAN_POINT('',(-0.0221541683060898,0.102591435831869,0.00369936866332078));
#6505=CARTESIAN_POINT('',(-0.0224605177544912,0.102441556034296,0.00627905357793695));
#6506=CARTESIAN_POINT('',(-0.0230773208434661,0.102110169022804,0.0114404037976624));
#6507=CARTESIAN_POINT('',(-0.0233881262402638,0.101928625288429,0.0140219316459254));
#6508=CARTESIAN_POINT('',(-0.0240089504660776,0.101531179873791,0.0191876555852965));
#6509=CARTESIAN_POINT('',(-0.0243192797545036,0.10131516019707,0.0217719718749758));
#6510=CARTESIAN_POINT('',(-0.0247839456961631,0.100961844297247,0.0256526795563707));
#6511=CARTESIAN_POINT('',(-0.0249387069446531,0.100839181142988,0.0269469518500862));
#6512=CARTESIAN_POINT('',(-0.0252480860034795,0.100583297258849,0.0295371911520891));
#6513=CARTESIAN_POINT('',(-0.0254026785837,0.100450097377482,0.0308331168723404));
#6514=CARTESIAN_POINT('',(-0.025634701571448,0.100241667266752,0.032778751774056));
#6515=CARTESIAN_POINT('',(-0.0257120683424174,0.100170749789827,0.0334275937129527));
#6516=CARTESIAN_POINT('',(-0.0258669067419361,0.100025901124823,0.0347259700814655));
#6517=CARTESIAN_POINT('',(-0.0259443738327143,0.0999519699414366,0.0353754943542615));
#6518=CARTESIAN_POINT('',(-0.0260993519116961,0.0998009618172179,0.0366750781745821));
#6519=CARTESIAN_POINT('',(-0.0261768507998397,0.0997238856416777,0.0373251386528826));
#6520=CARTESIAN_POINT('',(-0.0263319054089587,0.0995664513778026,0.0386256529956955));
#6521=CARTESIAN_POINT('',(-0.026409478963482,0.09948609216155,0.0392761054883934));
#6522=CARTESIAN_POINT('',(-0.026642633433532,0.0992398665925783,0.0412278148934262));
#6523=CARTESIAN_POINT('',(-0.0267986303443982,0.0990688833585387,0.0425293266115366));
#6524=CARTESIAN_POINT('',(-0.0271136310884814,0.0987115250826615,0.0451335478667686));
#6525=CARTESIAN_POINT('',(-0.0272726709940795,0.098525196780649,0.0464361720441231));
#6526=CARTESIAN_POINT('',(-0.027595368779488,0.098134902376252,0.0490441438087019));
#6527=CARTESIAN_POINT('',(-0.02775899582326,0.0979309591833886,0.0503496219308645));
#6528=CARTESIAN_POINT('',(-0.0280923806775451,0.0975027056514304,0.0529649087132133));
#6529=CARTESIAN_POINT('',(-0.0282621799204645,0.0972782952343008,0.0542745081648777));
#6530=CARTESIAN_POINT('',(-0.0285230499170722,0.0969233755134847,0.0562411843734553));
#6531=CARTESIAN_POINT('',(-0.0286110392912147,0.0968020102503162,0.0568971346982848));
#6532=CARTESIAN_POINT('',(-0.0289675767276906,0.0963034591929078,0.0595221259433542));
#6533=CARTESIAN_POINT('',(-0.0292451376517789,0.0959003745693349,0.0614931224251566));
#6534=CARTESIAN_POINT('',(-0.0299164519911287,0.0948918918423136,0.0660709422742326));
#6535=CARTESIAN_POINT('',(-0.0303182107615846,0.0942636481609355,0.0686698022841709));
#6536=CARTESIAN_POINT('',(-0.0309446353489834,0.0932476733350143,0.0725349873600931));
#6537=CARTESIAN_POINT('',(-0.031157371507498,0.0928969315665854,0.0738177022167576));
#6538=CARTESIAN_POINT('',(-0.0315897039531332,0.092174190998073,0.0763684643980596));
#6539=CARTESIAN_POINT('',(-0.0318093254850092,0.0918020467969425,0.0776364905811405));
#6540=CARTESIAN_POINT('',(-0.0322542810288869,0.0910402859305548,0.0801546953907259));
#6541=CARTESIAN_POINT('',(-0.0324795899862521,0.0906508135713263,0.0814048949995693));
#6542=CARTESIAN_POINT('',(-0.0329344720741255,0.0898599126451062,0.0838845184265972));
#6543=CARTESIAN_POINT('',(-0.0331640592518553,0.0894584696261051,0.0851136762311428));
#6544=CARTESIAN_POINT('',(-0.0335104620901402,0.0888513897563665,0.0869420162195951));
#6545=CARTESIAN_POINT('',(-0.0336262658470396,0.0886482114690651,0.0875489131965006));
#6546=CARTESIAN_POINT('',(-0.0338583433097355,0.0882409000475308,0.0887577584984482));
#6547=CARTESIAN_POINT('',(-0.0339746095460173,0.0880367433720987,0.0893597748823504));
#6548=CARTESIAN_POINT('',(-0.0341686759084785,0.0876964653946438,0.0903585281447391));
#6549=CARTESIAN_POINT('',(-0.0342463804721618,0.087560353041058,0.0907567911861567));
#6550=CARTESIAN_POINT('',(-0.0343241495290789,0.0874243913314039,0.0911536914497711));
#6551=CARTESIAN_POINT('',(-0.0205995740144932,0.103279791084459,-0.0117990638087029));
#6552=CARTESIAN_POINT('',(-0.0206430474007454,0.103265316017441,-0.011368696472356));
#6553=CARTESIAN_POINT('',(-0.0206871820791485,0.103250443208129,-0.0109384045592247));
#6554=CARTESIAN_POINT('',(-0.0208660678344938,0.103189369085194,-0.00921750044914249));
#6555=CARTESIAN_POINT('',(-0.0210053590278858,0.10314002025934,-0.00792740596778934));
#6556=CARTESIAN_POINT('',(-0.0214346614571907,0.102981260511532,-0.00405822937373518));
#6557=CARTESIAN_POINT('',(-0.0217365080510955,0.102861088114814,-0.00148027903454497));
#6558=CARTESIAN_POINT('',(-0.0223563664675833,0.102590926752612,0.003675689867461));
#6559=CARTESIAN_POINT('',(-0.0226737595276675,0.10244103268373,0.00625387365200715));
#6560=CARTESIAN_POINT('',(-0.0233139264241702,0.102109610892344,0.0114122201787182));
#6561=CARTESIAN_POINT('',(-0.0236370394414741,0.101928047194898,0.0139922465427596));
#6562=CARTESIAN_POINT('',(-0.0242832460344481,0.101530571876122,0.0191549552287947));
#6563=CARTESIAN_POINT('',(-0.0246066532137296,0.101314543074639,0.0217377564298578));
#6564=CARTESIAN_POINT('',(-0.0250911814271163,0.100961243344877,0.0256161552255541));
#6565=CARTESIAN_POINT('',(-0.0252526024486746,0.100838590749739,0.0269096516671856));
#6566=CARTESIAN_POINT('',(-0.0255752825426968,0.100582746002535,0.0294983187285394));
#6567=CARTESIAN_POINT('',(-0.0257364979282469,0.100449575421889,0.0307934477882724));
#6568=CARTESIAN_POINT('',(-0.0259784845460585,0.100241204004462,0.0327378679347342));
#6569=CARTESIAN_POINT('',(-0.0260591802307032,0.100170308431871,0.0333863017116293));
#6570=CARTESIAN_POINT('',(-0.0262207067622814,0.100025508205786,0.0346838545975256));
#6571=CARTESIAN_POINT('',(-0.0263015272043842,0.0999516038509426,0.0353329633838877));
#6572=CARTESIAN_POINT('',(-0.0264631094470926,0.0998006613668049,0.0366317042257198));
#6573=CARTESIAN_POINT('',(-0.0265438545702922,0.0997236243163163,0.0372813373756637));
#6574=CARTESIAN_POINT('',(-0.0267052025219293,0.0995662853708778,0.0385809796638414));
#6575=CARTESIAN_POINT('',(-0.0267858299301883,0.0994859818859415,0.0392309871889959));
#6576=CARTESIAN_POINT('',(-0.0270278269031478,0.0992399482130165,0.0411813230530326));
#6577=CARTESIAN_POINT('',(-0.0271892619921138,0.0990691256280227,0.0424818642803745));
#6578=CARTESIAN_POINT('',(-0.0275145593050253,0.0987121604939344,0.0450840293876198));
#6579=CARTESIAN_POINT('',(-0.0276784824697098,0.0985260631710248,0.0463855726941459));
#6580=CARTESIAN_POINT('',(-0.0280105694652928,0.0981363234259548,0.0489912283060196));
#6581=CARTESIAN_POINT('',(-0.0281786955217787,0.0979327047107431,0.0502954671641823));
#6582=CARTESIAN_POINT('',(-0.0285207838966839,0.0975052211261318,0.0529080690412311));
#6583=CARTESIAN_POINT('',(-0.0286947861233266,0.097281255738936,0.0542162282399648));
#6584=CARTESIAN_POINT('',(-0.0289617977986024,0.0969271101662199,0.056180607292215));
#6585=CARTESIAN_POINT('',(-0.02905180747565,0.0968060208714103,0.0568357688121277));
#6586=CARTESIAN_POINT('',(-0.0294163358243346,0.0963086488925576,0.0594575195779067));
#6587=CARTESIAN_POINT('',(-0.0296996794019039,0.0959066124589933,0.0614259040494071));
#6588=CARTESIAN_POINT('',(-0.0303839138763757,0.0949007559534572,0.0659978089293997));
#6589=CARTESIAN_POINT('',(-0.0307926226729598,0.0942741458403536,0.0685934485986731));
#6590=CARTESIAN_POINT('',(-0.0314286263340328,0.0932607043452476,0.0724541547962075));
#6591=CARTESIAN_POINT('',(-0.0316444111461261,0.0929108181215593,0.0737354384060872));
#6592=CARTESIAN_POINT('',(-0.0320824794134192,0.0921897583044416,0.0762835199706321));
#6593=CARTESIAN_POINT('',(-0.0323047878948619,0.0918184402680967,0.0775502976726028));
#6594=CARTESIAN_POINT('',(-0.0327546844232233,0.0910582430895063,0.0800662405015726));
#6595=CARTESIAN_POINT('',(-0.0329822476323721,0.0906695073023735,0.0813154257287423));
#6596=CARTESIAN_POINT('',(-0.0334411364824379,0.0898799211637849,0.0837932978926993));
#6597=CARTESIAN_POINT('',(-0.0336724858915593,0.0894790517936373,0.0850217244597164));
#6598=CARTESIAN_POINT('',(-0.0340210156551486,0.0888727041903652,0.0868491577388164));
#6599=CARTESIAN_POINT('',(-0.0341374417163086,0.0886697489062046,0.0874557838217604));
#6600=CARTESIAN_POINT('',(-0.0343705627129397,0.088262841804106,0.0886641444812567));
#6601=CARTESIAN_POINT('',(-0.0344872464040594,0.0880588677516464,0.0892659455284234));
#6602=CARTESIAN_POINT('',(-0.0346818515327559,0.087718848150858,0.0902643970733507));
#6603=CARTESIAN_POINT('',(-0.0347597302394048,0.0875828267091565,0.0906625548858104));
#6604=CARTESIAN_POINT('',(-0.0348376361732044,0.0874469407043708,0.0910593680098769));
#6605=CARTESIAN_POINT('',(-0.0206791235154035,0.103278932053413,-0.0118068533078924));
#6606=CARTESIAN_POINT('',(-0.0207232336755644,0.103264448737399,-0.0113766272020265));
#6607=CARTESIAN_POINT('',(-0.0207680204060238,0.103249567303153,-0.0109464761534048));
#6608=CARTESIAN_POINT('',(-0.0209495739676174,0.103188457099002,-0.00922613402412511));
#6609=CARTESIAN_POINT('',(-0.0210909998466423,0.103139077616927,-0.00793645755518907));
#6610=CARTESIAN_POINT('',(-0.0215270807371783,0.102980214041693,-0.00406852633159873));
#6611=CARTESIAN_POINT('',(-0.0218339462093944,0.102859956712657,-0.00149139507808655));
#6612=CARTESIAN_POINT('',(-0.0224647079435378,0.102589589765647,0.00366294285259189));
#6613=CARTESIAN_POINT('',(-0.0227879952142496,0.102439573959467,0.00624031412662862));
#6614=CARTESIAN_POINT('',(-0.0234406133057529,0.102107876290499,0.0113970320928201));
#6615=CARTESIAN_POINT('',(-0.0237702763698804,0.101926159026949,0.0139762430024838));
#6616=CARTESIAN_POINT('',(-0.0244299650575841,0.101528357020833,0.019137310811096));
#6617=CARTESIAN_POINT('',(-0.0247603065361723,0.101312155704904,0.0217192858048055));
#6618=CARTESIAN_POINT('',(-0.0252553471692152,0.100958599554738,0.025596421935494));
#6619=CARTESIAN_POINT('',(-0.025420289703854,0.100835862048779,0.0268894935212128));
#6620=CARTESIAN_POINT('',(-0.0257499935511675,0.100579854973546,0.0294772988622319));
#6621=CARTESIAN_POINT('',(-0.0259147004238356,0.100446607803515,0.0307719910783854));
#6622=CARTESIAN_POINT('',(-0.026161936718182,0.10023812670854,0.0327157437674101));
#6623=CARTESIAN_POINT('',(-0.0262443860042174,0.100167195313929,0.0333639530277924));
#6624=CARTESIAN_POINT('',(-0.0264094360922565,0.100022324535937,0.0346610522517633));
#6625=CARTESIAN_POINT('',(-0.0264920230401965,0.0999483857573758,0.0353099318609116));
#6626=CARTESIAN_POINT('',(-0.0266570767268464,0.0997973828455049,0.0366082083511197));
#6627=CARTESIAN_POINT('',(-0.0267395236276709,0.0997203201519544,0.0372576065195107));
#6628=CARTESIAN_POINT('',(-0.0269041594745667,0.0995629431216999,0.0385567705095565));
#6629=CARTESIAN_POINT('',(-0.0269863776584996,0.0994826266630219,0.0392065344338913));
#6630=CARTESIAN_POINT('',(-0.0272329783036361,0.0992365712243392,0.0411561182399514));
#6631=CARTESIAN_POINT('',(-0.0273972451949904,0.0990657566551063,0.0424561274849845));
#6632=CARTESIAN_POINT('',(-0.0277279007113399,0.0987088530945691,0.0450571650414792));
#6633=CARTESIAN_POINT('',(-0.0278943616495989,0.0985228084999373,0.0463581155951844));
#6634=CARTESIAN_POINT('',(-0.0282313220961879,0.0981332288540753,0.0489625009748771));
#6635=CARTESIAN_POINT('',(-0.0284017806627241,0.0979297179274895,0.0502660601364944));
#6636=CARTESIAN_POINT('',(-0.0287483787249564,0.0975025180428058,0.0528771889760873));
#6637=CARTESIAN_POINT('',(-0.0289245571165896,0.0972787284063845,0.0541845577675431));
#6638=CARTESIAN_POINT('',(-0.0291947467808318,0.0969249055157256,0.0561476753834541));
#6639=CARTESIAN_POINT('',(-0.029285801520283,0.0968039337024316,0.0568024036281145));
#6640=CARTESIAN_POINT('',(-0.0296544622141424,0.0963070730495385,0.0594223738458531));
#6641=CARTESIAN_POINT('',(-0.0299407934320009,0.095905510514772,0.0613893217306041));
#6642=CARTESIAN_POINT('',(-0.0306316977531673,0.0949008651124222,0.065957966976137));
#6643=CARTESIAN_POINT('',(-0.0310439900942667,0.0942750248253792,0.0685518266628783));
#6644=CARTESIAN_POINT('',(-0.0316849298509422,0.0932627962697583,0.0724100500117546));
#6645=CARTESIAN_POINT('',(-0.0319022849328757,0.092913322656729,0.073690538970248));
#6646=CARTESIAN_POINT('',(-0.0323433048795844,0.0921930778590978,0.0762371303397723));
#6647=CARTESIAN_POINT('',(-0.0325669942910877,0.0918221627914274,0.0775032130339695));
#6648=CARTESIAN_POINT('',(-0.0330194280341301,0.0910627311839489,0.0800178949099328));
#6649=CARTESIAN_POINT('',(-0.033248148003803,0.0906743574436226,0.0812665136600443));
#6650=CARTESIAN_POINT('',(-0.0337090956552013,0.0898854182003695,0.0837434055052513));
#6651=CARTESIAN_POINT('',(-0.0339413537961738,0.0894848309763782,0.0849714209074872));
#6652=CARTESIAN_POINT('',(-0.0342909716596772,0.0888788464138769,0.0867983461134155));
#6653=CARTESIAN_POINT('',(-0.0344077141744715,0.0886760022805101,0.0874048207855946));
#6654=CARTESIAN_POINT('',(-0.034641358577698,0.0882692985921369,0.0886129123441742));
#6655=CARTESIAN_POINT('',(-0.0347582464638206,0.0880654176212574,0.0892145950309166));
#6656=CARTESIAN_POINT('',(-0.0349531111018279,0.0877255308097939,0.0902128815788965));
#6657=CARTESIAN_POINT('',(-0.0350310724273734,0.0875895564160462,0.0906109820869875));
#6658=CARTESIAN_POINT('',(-0.0351090432708197,0.0874537097362108,0.0910077477359235));
#6659=CARTESIAN_POINT('',(-0.0208474264639094,0.103275084762059,-0.0118234017334911));
#6660=CARTESIAN_POINT('',(-0.0208928801372398,0.103260551777146,-0.0113934764144847));
#6661=CARTESIAN_POINT('',(-0.0209390424399268,0.103245618757423,-0.0109636254380542));
#6662=CARTESIAN_POINT('',(-0.0211262232278109,0.103184294268063,-0.00924448072424362));
#6663=CARTESIAN_POINT('',(-0.0212721501703084,0.103134736119221,-0.00795569552886635));
#6664=CARTESIAN_POINT('',(-0.0217225156785698,0.102975278165385,-0.004090421841254));
#6665=CARTESIAN_POINT('',(-0.0220399473604718,0.102854546958575,-0.00151504141850443));
#6666=CARTESIAN_POINT('',(-0.0226936230692722,0.102583056009127,0.00363580232453366));
#6667=CARTESIAN_POINT('',(-0.0230292789484825,0.102432386121138,0.00621142893615905));
#6668=CARTESIAN_POINT('',(-0.0237079648996341,0.102099210802654,0.0113646399630959));
#6669=CARTESIAN_POINT('',(-0.0240513121024089,0.101916672137114,0.0139420898879395));
#6670=CARTESIAN_POINT('',(-0.0247390838404294,0.101517099050979,0.0190996018181676));
#6671=CARTESIAN_POINT('',(-0.0250838304588335,0.101299949965472,0.0216797800585263));
#6672=CARTESIAN_POINT('',(-0.0256006456189253,0.100944929673743,0.0255541576142536));
#6673=CARTESIAN_POINT('',(-0.0257728715603429,0.100821697616523,0.026846298994006));
#6674=CARTESIAN_POINT('',(-0.0261170741055142,0.100564709356243,0.029432214386186));
#6675=CARTESIAN_POINT('',(-0.0262889717846798,0.100430978705195,0.030725947318348));
#6676=CARTESIAN_POINT('',(-0.0265470077711105,0.100221774255183,0.0326682299206067));
#6677=CARTESIAN_POINT('',(-0.0266330629308766,0.100150601561443,0.0333159438975112));
#6678=CARTESIAN_POINT('',(-0.0268053575757983,0.10000524591778,0.0346120403000125));
#6679=CARTESIAN_POINT('',(-0.0268915752957449,0.0999310646915172,0.0352604124438338));
#6680=CARTESIAN_POINT('',(-0.0270637449784531,0.0997796008849936,0.0365576618332736));
#6681=CARTESIAN_POINT('',(-0.0271496688668975,0.099702321081081,0.0372065410208086));
#6682=CARTESIAN_POINT('',(-0.027320994728555,0.0995445507012273,0.0385046513114852));
#6683=CARTESIAN_POINT('',(-0.0274064380788089,0.0994640560333944,0.0391538795525534));
#6684=CARTESIAN_POINT('',(-0.0276623647164644,0.0992175162206837,0.0411018095445392));
#6685=CARTESIAN_POINT('',(-0.0278323669433923,0.0990464447702328,0.0424006479672752));
#6686=CARTESIAN_POINT('',(-0.0281738626475828,0.0986891490777009,0.0449992031063286));
#6687=CARTESIAN_POINT('',(-0.0283454478258569,0.0985029671325464,0.0462988486053419));
#6688=CARTESIAN_POINT('',(-0.0286922315701264,0.0981132460460176,0.0489004372615156));
#6689=CARTESIAN_POINT('',(-0.0288673838323743,0.097909731984835,0.0502024998561678));
#6690=CARTESIAN_POINT('',(-0.029223047987858,0.0974826823851334,0.0528103844203062));
#6691=CARTESIAN_POINT('',(-0.0294035961443545,0.0972590460111894,0.05411601183789));
#6692=CARTESIAN_POINT('',(-0.0296801605168053,0.0969055849797441,0.0560763479534638));
#6693=CARTESIAN_POINT('',(-0.0297733103887615,0.0967847559337737,0.056730120442569));
#6694=CARTESIAN_POINT('',(-0.030150251332362,0.096288557871797,0.0593461609650976));
#6695=CARTESIAN_POINT('',(-0.0304425593947109,0.0958876928192235,0.0613099338148033));
#6696=CARTESIAN_POINT('',(-0.0311467887317191,0.0948849288194924,0.0658713520516504));
#6697=CARTESIAN_POINT('',(-0.0315662258433398,0.094260351817043,0.0684612465063661));
#6698=CARTESIAN_POINT('',(-0.032216994563581,0.0932501888956287,0.072313913936974));
#6699=CARTESIAN_POINT('',(-0.0324374738283673,0.0929014295215736,0.0735926203621532));
#6700=CARTESIAN_POINT('',(-0.0328843585290768,0.0921826124232243,0.0761358619913767));
#6701=CARTESIAN_POINT('',(-0.0331107866963981,0.091812412178409,0.07740037873187));
#6702=CARTESIAN_POINT('',(-0.0335682459238684,0.0910543490748665,0.0799122129354825));
#6703=CARTESIAN_POINT('',(-0.0337992544238098,0.0906666276633346,0.0811595487231033));
#6704=CARTESIAN_POINT('',(-0.0342642803131433,0.0898788553451996,0.0836342128608454));
#6705=CARTESIAN_POINT('',(-0.0344983453737291,0.0894787759929335,0.0848612883653788));
#6706=CARTESIAN_POINT('',(-0.0348501055863706,0.0888734555169371,0.0866870557752012));
#6707=CARTESIAN_POINT('',(-0.0349674664825093,0.0886708168743243,0.0872931862242978));
#6708=CARTESIAN_POINT('',(-0.035202116103756,0.0882644963844491,0.0885006703016535));
#6709=CARTESIAN_POINT('',(-0.0353193834542144,0.0880607953126701,0.0891020887492248));
#6710=CARTESIAN_POINT('',(-0.0355147199643515,0.0877211689268949,0.0901000090794241));
#6711=CARTESIAN_POINT('',(-0.0355928281989499,0.0875852879042348,0.0904979830121725));
#6712=CARTESIAN_POINT('',(-0.0356709142004641,0.0874495196199046,0.0908946437662155));
#6713=CARTESIAN_POINT('',(-0.0209361496983292,0.103272098830576,-0.0118321576340581));
#6714=CARTESIAN_POINT('',(-0.0209823098615629,0.103257524460389,-0.0114023918147673));
#6715=CARTESIAN_POINT('',(-0.0210291954291997,0.103242548516,-0.0109726999893731));
#6716=CARTESIAN_POINT('',(-0.0212193345934715,0.103181045971288,-0.00925419048371335));
#6717=CARTESIAN_POINT('',(-0.0213676270796567,0.103131339934923,-0.0079658783797731));
#6718=CARTESIAN_POINT('',(-0.0218254961040995,0.102971391836784,-0.00410201634854066));
#6719=CARTESIAN_POINT('',(-0.0221484731738388,0.102850272006208,-0.0015275673313338));
#6720=CARTESIAN_POINT('',(-0.0228141553802899,0.102577863400921,0.00362141387908105));
#6721=CARTESIAN_POINT('',(-0.0231562834349399,0.102426661610389,0.00619610868337419));
#6722=CARTESIAN_POINT('',(-0.0238485814744021,0.102092285526708,0.0113474420267296));
#6723=CARTESIAN_POINT('',(-0.0241990604212816,0.10190907958911,0.0139239467711635));
#6724=CARTESIAN_POINT('',(-0.0249014284749727,0.101508063348439,0.0190795444056693));
#6725=CARTESIAN_POINT('',(-0.025253643633123,0.101290139680793,0.0216587524564953));
#6726=CARTESIAN_POINT('',(-0.0257817175237155,0.100933912735275,0.0255316346559894));
#6727=CARTESIAN_POINT('',(-0.025957704248486,0.100810271402925,0.0268232708731526));
#6728=CARTESIAN_POINT('',(-0.0263093796184509,0.100552465028684,0.0294081584137181));
#6729=CARTESIAN_POINT('',(-0.0264849756292482,0.100418327863059,0.0307013690926979));
#6730=CARTESIAN_POINT('',(-0.0267485601421386,0.10020851030987,0.0326428493588422));
#6731=CARTESIAN_POINT('',(-0.0268364670732719,0.100137132332017,0.0332902926689209));
#6732=CARTESIAN_POINT('',(-0.0270124816850437,0.0999913627638873,0.0345858401196472));
#6733=CARTESIAN_POINT('',(-0.0271005631461041,0.0999169737097179,0.0352339340822279));
#6734=CARTESIAN_POINT('',(-0.027276376466733,0.0997651098262803,0.0365306209273809));
#6735=CARTESIAN_POINT('',(-0.0273640751903045,0.0996876387489462,0.0371792162119922));
#6736=CARTESIAN_POINT('',(-0.0275388026336417,0.0995295134851803,0.0384767512790407));
#6737=CARTESIAN_POINT('',(-0.0276258801905526,0.0994488537689996,0.0391256875212577));
#6738=CARTESIAN_POINT('',(-0.0278865286401963,0.0992018518931337,0.041072716019488));
#6739=CARTESIAN_POINT('',(-0.0280594340507303,0.0990305158851396,0.0423709158016627));
#6740=CARTESIAN_POINT('',(-0.0284064110988143,0.0986727671304933,0.0449681165070003));
#6741=CARTESIAN_POINT('',(-0.0285805824810141,0.0984863954122515,0.0462670499328548));
#6742=CARTESIAN_POINT('',(-0.0289323156352771,0.0980963733663655,0.0488671125906947));
#6743=CARTESIAN_POINT('',(-0.0291098289002764,0.0978927486561837,0.0501683585812148));
#6744=CARTESIAN_POINT('',(-0.0294700491116736,0.0974655661561704,0.0527744724942933));
#6745=CARTESIAN_POINT('',(-0.0296527907062564,0.0972419075345245,0.0540791492642615));
#6746=CARTESIAN_POINT('',(-0.0299325515761418,0.0968884860162169,0.0560379658303414));
#6747=CARTESIAN_POINT('',(-0.0300267514477504,0.0967676823638842,0.0566912160167142));
#6748=CARTESIAN_POINT('',(-0.0304078400283117,0.0962716359817414,0.059305108125067));
#6749=CARTESIAN_POINT('',(-0.0307031371258084,0.0958709947871512,0.0612671431251097));
#6750=CARTESIAN_POINT('',(-0.0314140213016954,0.0948689016661206,0.0658245953669725));
#6751=CARTESIAN_POINT('',(-0.0318370194981958,0.094244818407244,0.0684123053423487));
#6752=CARTESIAN_POINT('',(-0.0324926809324663,0.0932355085343681,0.0722619008031036));
#6753=CARTESIAN_POINT('',(-0.0327147140718771,0.092887050895261,0.0735396197024091));
#6754=CARTESIAN_POINT('',(-0.0331645118332393,0.0921688466784267,0.0760810024567514));
#6755=CARTESIAN_POINT('',(-0.0333922978584935,0.0917989583844223,0.0773446485646762));
#6756=CARTESIAN_POINT('',(-0.0338522454734676,0.0910414983972012,0.079854896619221));
#6757=CARTESIAN_POINT('',(-0.0340843858210734,0.0906540673529931,0.0811015161792989));
#6758=CARTESIAN_POINT('',(-0.0345514312548794,0.0898668152089512,0.0835749333846222));
#6759=CARTESIAN_POINT('',(-0.0347863944993675,0.0894669616352239,0.0848014803575735));
#6760=CARTESIAN_POINT('',(-0.0351392091615825,0.0888619423089666,0.0866265982715177));
#6761=CARTESIAN_POINT('',(-0.0352568720886598,0.0886593980454451,0.0872325359713086));
#6762=CARTESIAN_POINT('',(-0.0354920038562663,0.0882532574376224,0.0884396817626565));
#6763=CARTESIAN_POINT('',(-0.0356094467244256,0.088049643244722,0.0890409543610698));
#6764=CARTESIAN_POINT('',(-0.0358049960160483,0.0877101445932024,0.0900386735031524));
#6765=CARTESIAN_POINT('',(-0.0358831687073168,0.0875743099312418,0.0904365781738127));
#6766=CARTESIAN_POINT('',(-0.0359613050948313,0.0874385807479612,0.090833181515525));
#6767=CARTESIAN_POINT('',(-0.0211229427679377,0.10326344956932,-0.0118506711775539));
#6768=CARTESIAN_POINT('',(-0.0211705847081624,0.103248750656259,-0.0114212433425469));
#6769=CARTESIAN_POINT('',(-0.0212189870239567,0.10323364562827,-0.0109918888290064));
#6770=CARTESIAN_POINT('',(-0.021415329202868,0.103171608037537,-0.00927472589451504));
#6771=CARTESIAN_POINT('',(-0.0215685796637332,0.103121458521766,-0.0079874173199277));
#6772=CARTESIAN_POINT('',(-0.0220421660772625,0.102960043560104,-0.00412655206394006));
#6773=CARTESIAN_POINT('',(-0.0223767469125138,0.102837764167733,-0.00155408347631437));
#6774=CARTESIAN_POINT('',(-0.023067507695993,0.102562624275187,0.00359092841080051));
#6775=CARTESIAN_POINT('',(-0.0234231337692582,0.102409842849172,0.00616363293972101));
#6776=CARTESIAN_POINT('',(-0.024143756141091,0.102071901957049,0.0113109436544091));
#6777=CARTESIAN_POINT('',(-0.0245090440395812,0.101886715242511,0.0138854175065428));
#6778=CARTESIAN_POINT('',(-0.0252416342645366,0.101481407099223,0.0190368865545765));
#6779=CARTESIAN_POINT('',(-0.0256092719811135,0.10126117584294,0.0216139945136134));
#6780=CARTESIAN_POINT('',(-0.0261605236654093,0.100901337850575,0.0254836253115494));
#6781=CARTESIAN_POINT('',(-0.026344240622737,0.10077646896153,0.0267741608092222));
#6782=CARTESIAN_POINT('',(-0.0267112492715554,0.1005161982625,0.0293568042465597));
#6783=CARTESIAN_POINT('',(-0.026894419207205,0.100380830596399,0.0306488727000536));
#6784=CARTESIAN_POINT('',(-0.0271693499486696,0.100169149993093,0.0325885937485624));
#6785=CARTESIAN_POINT('',(-0.0272610409553052,0.100097147143991,0.0332354428389963));
#6786=CARTESIAN_POINT('',(-0.0274446531360726,0.0999501159121922,0.0345297833743548));
#6787=CARTESIAN_POINT('',(-0.0275365386223259,0.0998750922339245,0.0351772649362636));
#6788=CARTESIAN_POINT('',(-0.0277197764052265,0.0997219975705418,0.0364727130852618));
#6789=CARTESIAN_POINT('',(-0.0278110843890759,0.0996439328689766,0.0371206831556064));
#6790=CARTESIAN_POINT('',(-0.0279927125694709,0.0994846913159123,0.0384169520984002));
#6791=CARTESIAN_POINT('',(-0.0280830980759738,0.0994035052034686,0.0390652458370897));
#6792=CARTESIAN_POINT('',(-0.0283532964450683,0.0991550104471807,0.0410102911678036));
#6793=CARTESIAN_POINT('',(-0.0285320672307394,0.0989827937382144,0.0423070865958688));
#6794=CARTESIAN_POINT('',(-0.0288901036705806,0.0986234742263846,0.0449013090934796));
#6795=CARTESIAN_POINT('',(-0.0290694836885413,0.0984364088887815,0.0461986767554697));
#6796=CARTESIAN_POINT('',(-0.029431168757747,0.0980451858430185,0.0487953840101539));
#6797=CARTESIAN_POINT('',(-0.0296134212982328,0.0978410551260459,0.0500948346033012));
#6798=CARTESIAN_POINT('',(-0.0299827753392227,0.0974130624051321,0.0526970555473222));
#6799=CARTESIAN_POINT('',(-0.0301699079381832,0.097189099699494,0.0539996419969426));
#6800=CARTESIAN_POINT('',(-0.0304560596529921,0.0968353842362197,0.0559551150075552));
#6801=CARTESIAN_POINT('',(-0.0305523574180368,0.096714509775916,0.0566072155803385));
#6802=CARTESIAN_POINT('',(-0.0309417278617038,0.0962182905344426,0.0592163768312457));
#6803=CARTESIAN_POINT('',(-0.0312429817092931,0.0958177629938658,0.0611745803877556));
#6804=CARTESIAN_POINT('',(-0.0319671065476343,0.0948162857034082,0.0657232628854935));
#6805=CARTESIAN_POINT('',(-0.0323971727586319,0.0941928156421998,0.0683061212225814));
#6806=CARTESIAN_POINT('',(-0.0330625296325768,0.093184718794079,0.0721488665576857));
#6807=CARTESIAN_POINT('',(-0.0332876389606704,0.0928367117507481,0.073424378600637));
#6808=CARTESIAN_POINT('',(-0.0337431975516141,0.0921194528181076,0.0759615987518735));
#6809=CARTESIAN_POINT('',(-0.0339736651497354,0.0917500611044205,0.077223290622605));
#6810=CARTESIAN_POINT('',(-0.0344385225187114,0.0909935785746234,0.0797299703039847));
#6811=CARTESIAN_POINT('',(-0.0346728940923783,0.0906066265298702,0.0809749742299011));
#6812=CARTESIAN_POINT('',(-0.035143923282089,0.0898202343536395,0.0834455712812945));
#6813=CARTESIAN_POINT('',(-0.0353806618457818,0.0894207521166023,0.0846709179712465));
#6814=CARTESIAN_POINT('',(-0.0357355502168142,0.0888162447029158,0.0864945608756753));
#6815=CARTESIAN_POINT('',(-0.0358538047606156,0.0886138641565331,0.0871000608797189));
#6816=CARTESIAN_POINT('',(-0.0360898718790408,0.0882080462207281,0.0883064401651956));
#6817=CARTESIAN_POINT('',(-0.0362076484196781,0.0880045943950681,0.0889073835055772));
#6818=CARTESIAN_POINT('',(-0.0364035965038975,0.0876653395042676,0.0899046494009105));
#6819=CARTESIAN_POINT('',(-0.0364818880934143,0.0875295947332934,0.0903023983034365));
#6820=CARTESIAN_POINT('',(-0.0365601174252825,0.0873939417555194,0.0906988725196022));
#6821=CARTESIAN_POINT('',(-0.0212209823899508,0.103257788568371,-0.0118604257946404));
#6822=CARTESIAN_POINT('',(-0.0212693993679053,0.103243006532342,-0.0114311763875387));
#6823=CARTESIAN_POINT('',(-0.0213185949116861,0.103227815381291,-0.0110019999781705));
#6824=CARTESIAN_POINT('',(-0.0215181806851944,0.103165420948533,-0.00928554818018085));
#6825=CARTESIAN_POINT('',(-0.0216740227429001,0.103114975963901,-0.00799876987380477));
#6826=CARTESIAN_POINT('',(-0.0221558203890216,0.102952584689892,-0.00413948922754773));
#6827=CARTESIAN_POINT('',(-0.0224964576584103,0.102829534681182,-0.00156806932441864));
#6828=CARTESIAN_POINT('',(-0.0232002863619163,0.102552581919007,0.00357483645570909));
#6829=CARTESIAN_POINT('',(-0.0235629360559255,0.102398753202022,0.00614648286115886));
#6830=CARTESIAN_POINT('',(-0.0242982660954814,0.102058449273389,0.0112916493259147));
#6831=CARTESIAN_POINT('',(-0.0246712288537585,0.101871949617798,0.0138650378161907));
#6832=CARTESIAN_POINT('',(-0.0254194402943913,0.101463793964572,0.0190142932787135));
#6833=CARTESIAN_POINT('',(-0.0257950297288855,0.101242030374782,0.0215902716919586));
#6834=CARTESIAN_POINT('',(-0.026358197099492,0.100879789056731,0.0254581469982898));
#6835=CARTESIAN_POINT('',(-0.0265458823956785,0.100754102251431,0.026748087126526));
#6836=CARTESIAN_POINT('',(-0.026920749378784,0.10049218608463,0.0293295146891398));
#6837=CARTESIAN_POINT('',(-0.0271077939199064,0.100355994809687,0.0306209633575598));
#6838=CARTESIAN_POINT('',(-0.0273885208743956,0.10014306483375,0.0325597278177618));
#6839=CARTESIAN_POINT('',(-0.0274821436841936,0.10007064259051,0.0332062534555162));
#6840=CARTESIAN_POINT('',(-0.0276696324335349,0.0999227640088053,0.0344999362350509));
#6841=CARTESIAN_POINT('',(-0.0277634576788115,0.099847313730423,0.0351470836844009));
#6842=CARTESIAN_POINT('',(-0.0279504753718671,0.0996933887540147,0.0364418558863885));
#6843=CARTESIAN_POINT('',(-0.0280436174059993,0.0996149218955186,0.0370894847417697));
#6844=CARTESIAN_POINT('',(-0.0282287442039492,0.0994549193179389,0.038385062961546));
#6845=CARTESIAN_POINT('',(-0.0283208032693969,0.0993733720446457,0.039033006279155));
#6846=CARTESIAN_POINT('',(-0.0285958292376003,0.0991238470162059,0.0409769701984503));
#6847=CARTESIAN_POINT('',(-0.0287775618652232,0.0989510145032465,0.0422730001123942));
#6848=CARTESIAN_POINT('',(-0.0291411757124187,0.0985905779397789,0.0448655992689689));
#6849=CARTESIAN_POINT('',(-0.0293231778996996,0.0984030090616149,0.0461621134689658));
#6850=CARTESIAN_POINT('',(-0.0296898650371736,0.0980108865558496,0.0487569918118322));
#6851=CARTESIAN_POINT('',(-0.0298744956674843,0.0978063607553091,0.0500554638780264));
#6852=CARTESIAN_POINT('',(-0.0302484271321427,0.0973776912284403,0.0526555630909884));
#6853=CARTESIAN_POINT('',(-0.0304377571356079,0.0971534469271072,0.0539570101868553));
#6854=CARTESIAN_POINT('',(-0.0307271029760984,0.0967993983417097,0.0559106597059984));
#6855=CARTESIAN_POINT('',(-0.0308244485644777,0.096678427787627,0.056562133145495));
#6856=CARTESIAN_POINT('',(-0.0312179529666842,0.0961818844218661,0.0591687126861262));
#6857=CARTESIAN_POINT('',(-0.0315221743601647,0.0957812469519076,0.0611248232473992));
#6858=CARTESIAN_POINT('',(-0.032252884691813,0.0947797151925906,0.0656687033752385));
#6859=CARTESIAN_POINT('',(-0.0326864576913018,0.0941563648705174,0.0682488953235316));
#6860=CARTESIAN_POINT('',(-0.0333566171369579,0.0931486283524302,0.0720878636025955));
#6861=CARTESIAN_POINT('',(-0.0335832487407217,0.0928007702765604,0.0733621566711206));
#6862=CARTESIAN_POINT('',(-0.0340416550866619,0.0920838439483181,0.0758970737645314));
#6863=CARTESIAN_POINT('',(-0.0342734464318928,0.0917146369607677,0.0771576823440001));
#6864=CARTESIAN_POINT('',(-0.0347407252851238,0.0909585289555706,0.0796623803715588));
#6865=CARTESIAN_POINT('',(-0.0349761963151074,0.0905717656282843,0.0809064851487463));
#6866=CARTESIAN_POINT('',(-0.0354491898241202,0.0897857133900825,0.0833755094349246));
#6867=CARTESIAN_POINT('',(-0.0356868055192554,0.0893863767641664,0.0846001845747987));
#6868=CARTESIAN_POINT('',(-0.036042713349881,0.0887820802173165,0.0864230021926464));
#6869=CARTESIAN_POINT('',(-0.0361612575826966,0.0885797690481124,0.0870282573132602));
#6870=CARTESIAN_POINT('',(-0.0363977782405157,0.0881740939995527,0.0882342084731729));
#6871=CARTESIAN_POINT('',(-0.036515713184298,0.0879707177236125,0.0888349684342696));
#6872=CARTESIAN_POINT('',(-0.0367118476982951,0.0876315789571677,0.0898319823036867));
#6873=CARTESIAN_POINT('',(-0.0367901938959039,0.0874958777540461,0.0902296447090522));
#6874=CARTESIAN_POINT('',(-0.0368684659237047,0.0873602619112236,0.0906260472194338));
#6875=CARTESIAN_POINT('',(-0.0215261893161441,0.103236448655035,-0.011890917656936));
#6876=CARTESIAN_POINT('',(-0.021577007790333,0.103221349223706,-0.0114622269060124));
#6877=CARTESIAN_POINT('',(-0.021628660845374,0.103205829305819,-0.0110336082276176));
#6878=CARTESIAN_POINT('',(-0.0218382940895091,0.103142073031492,-0.00931938372462564));
#6879=CARTESIAN_POINT('',(-0.0220021606331262,0.103090501265931,-0.00803426706505339));
#6880=CARTESIAN_POINT('',(-0.02250936842437,0.102924389504373,-0.00417995527196448));
#6881=CARTESIAN_POINT('',(-0.0228687288964782,0.102798406060935,-0.00161182822883856));
#6882=CARTESIAN_POINT('',(-0.0236128896244335,0.102514558600388,0.00352445036904194));
#6883=CARTESIAN_POINT('',(-0.023997185268205,0.102356750170856,0.00609276041032424));
#6884=CARTESIAN_POINT('',(-0.0247777518012904,0.102007466787272,0.0112311461276459));
#6885=CARTESIAN_POINT('',(-0.0251742768556278,0.101815977614489,0.0138010925305134));
#6886=CARTESIAN_POINT('',(-0.0259703285373856,0.101396990731545,0.0189433017718613));
#6887=CARTESIAN_POINT('',(-0.0263702128481424,0.10116939384239,0.0215156719030888));
#6888=CARTESIAN_POINT('',(-0.0269696788619604,0.100797988048574,0.0253779166862017));
#6889=CARTESIAN_POINT('',(-0.0271694353438617,0.100669179636594,0.0266659435642633));
#6890=CARTESIAN_POINT('',(-0.0275681750631788,0.100400971778361,0.02924345547693));
#6891=CARTESIAN_POINT('',(-0.0277669759996738,0.100261624193353,0.0305329039072597));
#6892=CARTESIAN_POINT('',(-0.0280652587309313,0.100043900848923,0.0324685753472299));
#6893=CARTESIAN_POINT('',(-0.0281647272100753,0.0999698688710179,0.0331140542223593));
#6894=CARTESIAN_POINT('',(-0.0283639339586243,0.0998187376789714,0.0344056066661267));
#6895=CARTESIAN_POINT('',(-0.0284636169257264,0.0997416492322482,0.0350516710928575));
#6896=CARTESIAN_POINT('',(-0.028662048044504,0.09958452406499,0.036344249003301));
#6897=CARTESIAN_POINT('',(-0.0287607282780825,0.0995045002978038,0.0369907683649138));
#6898=CARTESIAN_POINT('',(-0.0289564237659601,0.0993415325261207,0.0382840973044997));
#6899=CARTESIAN_POINT('',(-0.0290535391206414,0.0992585694304651,0.0389308982193906));
#6900=CARTESIAN_POINT('',(-0.0293431400245929,0.0990049894764134,0.0408713381330047));
#6901=CARTESIAN_POINT('',(-0.029533795121466,0.0988297146010895,0.0421648772808354));
#6902=CARTESIAN_POINT('',(-0.0299141861956232,0.0984648000651464,0.0447521966698861));
#6903=CARTESIAN_POINT('',(-0.0301040657124514,0.0982751858358916,0.0460459350656299));
#6904=CARTESIAN_POINT('',(-0.030485761551475,0.0978793403124308,0.0486348654220784));
#6905=CARTESIAN_POINT('',(-0.0306775172197685,0.0976731402051072,0.049930155777655));
#6906=CARTESIAN_POINT('',(-0.0310651417588908,0.0972415019486881,0.0525233579940608));
#6907=CARTESIAN_POINT('',(-0.0312610343766009,0.0970159636101463,0.0538211018294437));
#6908=CARTESIAN_POINT('',(-0.0315599062772558,0.096660266641648,0.0557688215067195));
#6909=CARTESIAN_POINT('',(-0.0316603745792754,0.0965387955936881,0.0564182551085699));
#6910=CARTESIAN_POINT('',(-0.0320661908937787,0.0960404460612699,0.0590164343334902));
#6911=CARTESIAN_POINT('',(-0.032379231762898,0.095638887921286,0.0609657281859542));
#6912=CARTESIAN_POINT('',(-0.0331294798126164,0.0946358999646356,0.0654939270683527));
#6913=CARTESIAN_POINT('',(-0.0335734290743289,0.0940122353366172,0.0680653794826905));
#6914=CARTESIAN_POINT('',(-0.0342577736257278,0.0930046824677298,0.0718919264660604));
#6915=CARTESIAN_POINT('',(-0.0344888971493434,0.0926569911602174,0.0731622034719257));
#6916=CARTESIAN_POINT('',(-0.0349557036503007,0.0919405446872916,0.0756895183061719));
#6917=CARTESIAN_POINT('',(-0.0351913985632668,0.0915716543591421,0.0769465428724148));
#6918=CARTESIAN_POINT('',(-0.0356658181554663,0.0908162397171658,0.0794446707345471));
#6919=CARTESIAN_POINT('',(-0.0359045309889626,0.0904298495481613,0.0806857871926971));
#6920=CARTESIAN_POINT('',(-0.0363833145845646,0.0896444748498987,0.0831495746944059));
#6921=CARTESIAN_POINT('',(-0.036623512950514,0.0892454238783425,0.0843720085069356));
#6922=CARTESIAN_POINT('',(-0.0369824354550075,0.0886415827917871,0.0861920640254031));
#6923=CARTESIAN_POINT('',(-0.0371018392326446,0.0884394290960771,0.0867964979871854));
#6924=CARTESIAN_POINT('',(-0.0373397162600378,0.0880341018333623,0.0880010101951724));
#6925=CARTESIAN_POINT('',(-0.0374581329125864,0.0878309227470986,0.0886011516596339));
#6926=CARTESIAN_POINT('',(-0.0376548428608724,0.0874920965737298,0.0895973140217224));
#6927=CARTESIAN_POINT('',(-0.0377333605947927,0.0873565152132871,0.0899946837363427));
#6928=CARTESIAN_POINT('',(-0.0378117677089898,0.0872210022597004,0.0903908436311846));
#6929=CARTESIAN_POINT('',(-0.0217444962530562,0.103216329203223,-0.0119128907521262));
#6930=CARTESIAN_POINT('',(-0.0217970176934835,0.103200926104511,-0.0114846037631464));
#6931=CARTESIAN_POINT('',(-0.0218504129785562,0.103185091728523,-0.0110563882927577));
#6932=CARTESIAN_POINT('',(-0.0220671672376462,0.103120033275565,-0.00934377449150559));
#6933=CARTESIAN_POINT('',(-0.0222367166481139,0.103067384980944,-0.0080598605605026));
#6934=CARTESIAN_POINT('',(-0.0227619003622144,0.102897721557585,-0.00420914962369733));
#6935=CARTESIAN_POINT('',(-0.0231344814963549,0.102768941213389,-0.00164341471099839));
#6936=CARTESIAN_POINT('',(-0.0239070331584633,0.102478526777651,0.00348803133029363));
#6937=CARTESIAN_POINT('',(-0.0243065247568192,0.102316931425032,0.00605389966583013));
#6938=CARTESIAN_POINT('',(-0.0251187288444236,0.10195910428413,0.0111872974748912));
#6939=CARTESIAN_POINT('',(-0.0255316757790023,0.101762867580919,0.0137546992086189));
#6940=CARTESIAN_POINT('',(-0.0263609145411929,0.101333565296102,0.0188916658441739));
#6941=CARTESIAN_POINT('',(-0.0267775764417914,0.101100408396554,0.0214613350293408));
#6942=CARTESIAN_POINT('',(-0.0274019671867594,0.1007202515879,0.0253193362880516));
#6943=CARTESIAN_POINT('',(-0.0276099891290872,0.100588459660487,0.0266059165632166));
#6944=CARTESIAN_POINT('',(-0.0280250338203535,0.100314226741749,0.0291804573082601));
#6945=CARTESIAN_POINT('',(-0.028231845682495,0.100171849589148,0.030468382621544));
#6946=CARTESIAN_POINT('',(-0.0285420492688085,0.099949519523536,0.032401691509321));
#6947=CARTESIAN_POINT('',(-0.0286454797859034,0.0998739397303383,0.0330463696819517));
#6948=CARTESIAN_POINT('',(-0.0288526116328629,0.0997196804837706,0.0343362904269488));
#6949=CARTESIAN_POINT('',(-0.0289562485285647,0.0996410158592117,0.034981524197707));
#6950=CARTESIAN_POINT('',(-0.0291623827569508,0.0994808002432748,0.036272415148085));
#6951=CARTESIAN_POINT('',(-0.0292648016752857,0.0993992663317955,0.0369180792792889));
#6952=CARTESIAN_POINT('',(-0.0294676385071255,0.099233404280736,0.0382096703232653));
#6953=CARTESIAN_POINT('',(-0.0295681719908049,0.0991490509681246,0.0388555869905175));
#6954=CARTESIAN_POINT('',(-0.0298676118527289,0.0988914732771106,0.0407933011219295));
#6955=CARTESIAN_POINT('',(-0.030064263812245,0.0987137712816914,0.0420849184722123));
#6956=CARTESIAN_POINT('',(-0.0304558983859537,0.0983443588530319,0.04466816687768));
#6957=CARTESIAN_POINT('',(-0.0306510434958847,0.0981526637458594,0.045959765023467));
#6958=CARTESIAN_POINT('',(-0.0310427481193316,0.0977529624683676,0.0485441097968938));
#6959=CARTESIAN_POINT('',(-0.0312392414776015,0.0975449907969618,0.0498369480676237));
#6960=CARTESIAN_POINT('',(-0.0316359423446066,0.0971101161958925,0.0524248372852551));
#6961=CARTESIAN_POINT('',(-0.0318361705110175,0.0968831133863488,0.0537197288619285));
#6962=CARTESIAN_POINT('',(-0.0321413179668384,0.0965254483476432,0.055662877779816));
#6963=CARTESIAN_POINT('',(-0.0322438403870491,0.0964033594855463,0.0563107385063405));
#6964=CARTESIAN_POINT('',(-0.032657744658272,0.0959026895506719,0.0589024367951714));
#6965=CARTESIAN_POINT('',(-0.0329765543348539,0.0954997269059482,0.0608464633934523));
#6966=CARTESIAN_POINT('',(-0.0337395361927165,0.09449403895122,0.0653624956071839));
#6967=CARTESIAN_POINT('',(-0.0341902112061514,0.0938692645631502,0.067927126666937));
#6968=CARTESIAN_POINT('',(-0.034883716430943,0.0928606355121798,0.0717439278754526));
#6969=CARTESIAN_POINT('',(-0.0351177350116745,0.092512681385481,0.0730110449272908));
#6970=CARTESIAN_POINT('',(-0.0355899520569257,0.0917958642059784,0.0755323604480243));
#6971=CARTESIAN_POINT('',(-0.0358281601457279,0.091426868889826,0.0767865468706469));
#6972=CARTESIAN_POINT('',(-0.0363071778542173,0.0906713448787601,0.0792794550457955));
#6973=CARTESIAN_POINT('',(-0.0365479779221025,0.090284947451117,0.0805181887538736));
#6974=CARTESIAN_POINT('',(-0.0370304866131409,0.0894995699866607,0.0829777888807707));
#6975=CARTESIAN_POINT('',(-0.0372723421321852,0.0891005080102481,0.0841984240063866));
#6976=CARTESIAN_POINT('',(-0.0376332190608949,0.0884967374664447,0.0860162541856006));
#6977=CARTESIAN_POINT('',(-0.0377531845705404,0.0882946227507186,0.086620024782657));
#6978=CARTESIAN_POINT('',(-0.0379919645042484,0.0878894244019824,0.0878233709318426));
#6979=CARTESIAN_POINT('',(-0.0381107140913646,0.0876863410823462,0.0884230088823114));
#6980=CARTESIAN_POINT('',(-0.0383078344263305,0.0873476816235053,0.0894184764643352));
#6981=CARTESIAN_POINT('',(-0.0383864788740583,0.0872121680689615,0.0898156068851021));
#6982=CARTESIAN_POINT('',(-0.0384649870875367,0.0870767143295116,0.0902115684547422));
#6983=CARTESIAN_POINT('',(-0.0220745752236254,0.103177990788319,-0.0119463796948039));
#6984=CARTESIAN_POINT('',(-0.0221296369695747,0.103162005246228,-0.0115187089253249));
#6985=CARTESIAN_POINT('',(-0.022185630326738,0.103145567865232,-0.0110911089485949));
#6986=CARTESIAN_POINT('',(-0.0224130001144215,0.103078012948781,-0.00938095440567262));
#6987=CARTESIAN_POINT('',(-0.0225910133251439,0.103023302162647,-0.00809887796108808));
#6988=CARTESIAN_POINT('',(-0.0231429382657684,0.102846838326049,-0.00425367385128567));
#6989=CARTESIAN_POINT('',(-0.0235351470118333,0.102712707507437,-0.00169160487944985));
#6990=CARTESIAN_POINT('',(-0.0243497240325723,0.102409737338728,0.00343240587056368));
#6991=CARTESIAN_POINT('',(-0.0247716488223316,0.102240906562232,0.00599450352114354));
#6992=CARTESIAN_POINT('',(-0.025630410682721,0.101866744329077,0.0111201519479587));
#6993=CARTESIAN_POINT('',(-0.026067455634398,0.101661424101532,0.0136835767523659));
#6994=CARTESIAN_POINT('',(-0.0269452264168662,0.101212345292826,0.0188122839123073));
#6995=CARTESIAN_POINT('',(-0.0273863359891877,0.100968511895629,0.0213776667558573));
#6996=CARTESIAN_POINT('',(-0.0280468431437781,0.100571518110886,0.0252288838138006));
#6997=CARTESIAN_POINT('',(-0.0282668104735588,0.100433979645084,0.0265131430784296));
#6998=CARTESIAN_POINT('',(-0.0287054017745982,0.1001481061886,0.0290828919282282));
#6999=CARTESIAN_POINT('',(-0.0289237905725559,0.0999998515280991,0.0303683462227302));
#7000=CARTESIAN_POINT('',(-0.0292511356992418,0.0997685819379325,0.0322978140270453));
#7001=CARTESIAN_POINT('',(-0.029360246364632,0.0996899992301505,0.0329411894680559));
#7002=CARTESIAN_POINT('',(-0.0295786873775227,0.0995296792061763,0.0342284561544363));
#7003=CARTESIAN_POINT('',(-0.0296879461917957,0.0994479621969873,0.0348723382542512));
#7004=CARTESIAN_POINT('',(-0.0299051106282986,0.0992817160102355,0.0361604647518455));
#7005=CARTESIAN_POINT('',(-0.0300129346952838,0.0991972072567611,0.036804715853341));
#7006=CARTESIAN_POINT('',(-0.0302262367209375,0.0990255699956307,0.0380934092272059));
#7007=CARTESIAN_POINT('',(-0.0303318348789566,0.0989384113861437,0.0387378416193728));
#7008=CARTESIAN_POINT('',(-0.0306458393377656,0.0986727389576485,0.0406709865024705));
#7009=CARTESIAN_POINT('',(-0.0308512851341083,0.0984901070918561,0.041959402629297));
#7010=CARTESIAN_POINT('',(-0.0312593486668094,0.0981114908953604,0.0445358815610964));
#7011=CARTESIAN_POINT('',(-0.0314621855012399,0.0979154927303661,0.0458239204356263));
#7012=CARTESIAN_POINT('',(-0.0318685045411724,0.0975077132999126,0.0484006403996196));
#7013=CARTESIAN_POINT('',(-0.0320719036137103,0.0972959757433701,0.0496894041401385));
#7014=CARTESIAN_POINT('',(-0.0324817747193461,0.0968541029618427,0.0522684764671053));
#7015=CARTESIAN_POINT('',(-0.0326882674904729,0.0966238669136212,0.0535586383156092));
#7016=CARTESIAN_POINT('',(-0.0330024530701127,0.0962617336845771,0.0554942036642372));
#7017=CARTESIAN_POINT('',(-0.0331079287507864,0.0961382191309026,0.0561394541160391));
#7018=CARTESIAN_POINT('',(-0.0335334443815167,0.0956320943239578,0.058720391292806));
#7019=CARTESIAN_POINT('',(-0.0338604965110432,0.0952255949889945,0.0606556594096465));
#7020=CARTESIAN_POINT('',(-0.0346415986135206,0.0942126800655286,0.0651513672824628));
#7021=CARTESIAN_POINT('',(-0.0351017836759654,0.0935845476400445,0.0677045274787335));
#7022=CARTESIAN_POINT('',(-0.0358081862717047,0.0925719960819335,0.0715048486449473));
#7023=CARTESIAN_POINT('',(-0.0360462732093756,0.0922229168191361,0.0727666054914777));
#7024=CARTESIAN_POINT('',(-0.0365261152481271,0.0915041652964181,0.075277703447047));
#7025=CARTESIAN_POINT('',(-0.0367678823743525,0.09113436377087,0.0765270321932143));
#7026=CARTESIAN_POINT('',(-0.0372534418087403,0.0903774764345925,0.0790109663265005));
#7027=CARTESIAN_POINT('',(-0.0374972221823193,0.0899905189159881,0.0802455839833859));
#7028=CARTESIAN_POINT('',(-0.0379850219135784,0.0892041678257039,0.0826979355551518));
#7029=CARTESIAN_POINT('',(-0.0382291906567341,0.0888046736663371,0.0839154552529414));
#7030=CARTESIAN_POINT('',(-0.0385929463199327,0.0882004614650335,0.0857293762744251));
#7031=CARTESIAN_POINT('',(-0.0387137727369931,0.087998235118339,0.0863319700946433));
#7032=CARTESIAN_POINT('',(-0.0389540612016765,0.0875929092035427,0.0875332119343874));
#7033=CARTESIAN_POINT('',(-0.0390734590985595,0.087389816122207,0.0881319172792282));
#7034=CARTESIAN_POINT('',(-0.0392714628034715,0.0870511854894079,0.0891260807339404));
#7035=CARTESIAN_POINT('',(-0.0393504079357259,0.086915694671344,0.0895227569012837));
#7036=CARTESIAN_POINT('',(-0.0394291603178169,0.0867802650879476,0.0899183421508142));
#7037=CARTESIAN_POINT('',(-0.022184979761774,0.103163875844292,-0.0119576243938455));
#7038=CARTESIAN_POINT('',(-0.022240885513716,0.103147675391464,-0.0115301606683345));
#7039=CARTESIAN_POINT('',(-0.02229774193672,0.103131015530471,-0.0111027675107774));
#7040=CARTESIAN_POINT('',(-0.0225286375564574,0.103062539615794,-0.00939343941737355));
#7041=CARTESIAN_POINT('',(-0.0227094606287692,0.103007068111363,-0.00811198065234729));
#7042=CARTESIAN_POINT('',(-0.0232702581007267,0.102828096577927,-0.00426862858105651));
#7043=CARTESIAN_POINT('',(-0.0236689725736544,0.102691993353998,-0.00170779375063097));
#7044=CARTESIAN_POINT('',(-0.024497458659804,0.102384395469526,0.00341370917343546));
#7045=CARTESIAN_POINT('',(-0.0249267980884628,0.102212898540288,0.00597453279265143));
#7046=CARTESIAN_POINT('',(-0.0258009237725215,0.101832715458803,0.0110975554014192));
#7047=CARTESIAN_POINT('',(-0.0262459095592915,0.101624046262505,0.0136596289189387));
#7048=CARTESIAN_POINT('',(-0.0271396447566927,0.101167670645083,0.0187855191767519));
#7049=CARTESIAN_POINT('',(-0.0275887816390246,0.100919895697569,0.0213494352620036));
#7050=CARTESIAN_POINT('',(-0.028261113202808,0.100516681621062,0.0251983230423401));
#7051=CARTESIAN_POINT('',(-0.0284849860845825,0.100377019304663,0.0264817841286953));
#7052=CARTESIAN_POINT('',(-0.0289312730586933,0.100086838846202,0.0290498812297679));
#7053=CARTESIAN_POINT('',(-0.0291534469723274,0.0999364062349417,0.0303344815202757));
#7054=CARTESIAN_POINT('',(-0.0294863818833963,0.0997018237929359,0.0322626205769686));
#7055=CARTESIAN_POINT('',(-0.0295973418840103,0.0996221283518093,0.0329055452249947));
#7056=CARTESIAN_POINT('',(-0.029819455811334,0.0994595635950726,0.0341918936310456));
#7057=CARTESIAN_POINT('',(-0.0299305369348985,0.0993767162925462,0.034835307984933));
#7058=CARTESIAN_POINT('',(-0.0301512903520674,0.0992082308473352,0.036122474844693));
#7059=CARTESIAN_POINT('',(-0.0302608821381378,0.0991226137384138,0.0367662336591872));
#7060=CARTESIAN_POINT('',(-0.0304776310093917,0.0989488150107062,0.0380539134951371));
#7061=CARTESIAN_POINT('',(-0.0305849067497681,0.0988606023915262,0.0386978252186961));
#7062=CARTESIAN_POINT('',(-0.0309037331342681,0.0985918850897895,0.0406293681708287));
#7063=CARTESIAN_POINT('',(-0.031112076286007,0.0984073969808229,0.0419166650149062));
#7064=CARTESIAN_POINT('',(-0.0315255427937911,0.0980253068773145,0.0444907788083995));
#7065=CARTESIAN_POINT('',(-0.0317309087956009,0.0978276789459533,0.0457775740752145));
#7066=CARTESIAN_POINT('',(-0.0321420322790495,0.0974168271379652,0.0483516300841166));
#7067=CARTESIAN_POINT('',(-0.0323476995185346,0.0972036507624076,0.0496389706730292));
#7068=CARTESIAN_POINT('',(-0.0327618861680918,0.0967590902761064,0.0522149651672398));
#7069=CARTESIAN_POINT('',(-0.032970427127164,0.0965276047820307,0.0535034764829933));
#7070=CARTESIAN_POINT('',(-0.0332875625628198,0.0961637309274657,0.0554363947689774));
#7071=CARTESIAN_POINT('',(-0.0333940012424412,0.0960396584436557,0.0560807340019002));
#7072=CARTESIAN_POINT('',(-0.0338233001707662,0.0955313880651782,0.0586579137425909));
#7073=CARTESIAN_POINT('',(-0.0341530310613815,0.0951234726437164,0.0605901217845849));
#7074=CARTESIAN_POINT('',(-0.0349400092524196,0.0941076214740153,0.0650787146373179));
#7075=CARTESIAN_POINT('',(-0.0354032675944393,0.0934780884453015,0.0676278478561879));
#7076=CARTESIAN_POINT('',(-0.0361138282892157,0.0924638457499536,0.071422369946507));
#7077=CARTESIAN_POINT('',(-0.036353225503472,0.0921142699053669,0.072682238144575));
#7078=CARTESIAN_POINT('',(-0.0368355270684399,0.0913946441901688,0.0751897299081602));
#7079=CARTESIAN_POINT('',(-0.03707844521048,0.0910244658024335,0.0764373406426031));
#7080=CARTESIAN_POINT('',(-0.0375661255115368,0.0902669239203516,0.0789180950249725));
#7081=CARTESIAN_POINT('',(-0.0378108739830879,0.0898796879752635,0.080151251407342));
#7082=CARTESIAN_POINT('',(-0.0383003875725364,0.089092850503569,0.0826010274463725));
#7083=CARTESIAN_POINT('',(-0.0385452985493749,0.0886931430506668,0.0838174399621204));
#7084=CARTESIAN_POINT('',(-0.038910004545575,0.0880886917685551,0.0856299636518407));
#7085=CARTESIAN_POINT('',(-0.0390311207885779,0.0878863995346496,0.0862321351645347));
#7086=CARTESIAN_POINT('',(-0.0392719372133873,0.0874809765314313,0.087432616670009));
#7087=CARTESIAN_POINT('',(-0.0393915756216602,0.0872778538230876,0.0880309816443826));
#7088=CARTESIAN_POINT('',(-0.0395899177335718,0.0869391945650661,0.0890246667467978));
#7089=CARTESIAN_POINT('',(-0.0396689812610201,0.0868036976221278,0.0894211755994725));
#7090=CARTESIAN_POINT('',(-0.0397478302314113,0.0866682648650982,0.089816622260711));
#7091=CARTESIAN_POINT('',(-0.0224037978603803,0.103133286837551,-0.011979998712744));
#7092=CARTESIAN_POINT('',(-0.0224613634862658,0.103116620224781,-0.0115529470730319));
#7093=CARTESIAN_POINT('',(-0.0225199169908943,0.103099477823681,-0.0111259655827718));
#7094=CARTESIAN_POINT('',(-0.0227577443714685,0.103029004509926,-0.00941828264658882));
#7095=CARTESIAN_POINT('',(-0.0229440888921545,0.102971883605671,-0.00813805372837046));
#7096=CARTESIAN_POINT('',(-0.0235223106570405,0.1027874758948,-0.00429839080058947));
#7097=CARTESIAN_POINT('',(-0.0239337881843857,0.102647098083324,-0.00174001650463095));
#7098=CARTESIAN_POINT('',(-0.0247895222791644,0.10232947160413,0.00337647698631836));
#7099=CARTESIAN_POINT('',(-0.0252333677393177,0.102152197993258,0.00593475127579853));
#7100=CARTESIAN_POINT('',(-0.0261375077225139,0.10175896269622,0.0110525037314709));
#7101=CARTESIAN_POINT('',(-0.0265979865922073,0.101543029660735,0.0136118571689572));
#7102=CARTESIAN_POINT('',(-0.027522823287945,0.101070808654713,0.0187320541373435));
#7103=CARTESIAN_POINT('',(-0.0279875735657895,0.100814466638157,0.0212929951280326));
#7104=CARTESIAN_POINT('',(-0.0286828373799892,0.100397720059728,0.0251371421144393));
#7105=CARTESIAN_POINT('',(-0.0289142745595601,0.100253434781885,0.0264189759423183));
#7106=CARTESIAN_POINT('',(-0.0293754664093302,0.0999538644267359,0.0289836965914468));
#7107=CARTESIAN_POINT('',(-0.0296049788081179,0.0997986731632605,0.0302665456916842));
#7108=CARTESIAN_POINT('',(-0.029948718665466,0.0995568530442008,0.0321919580698962));
#7109=CARTESIAN_POINT('',(-0.0300632467282367,0.0994747271706661,0.0328339575133676));
#7110=CARTESIAN_POINT('',(-0.0302924253134797,0.099307263738312,0.0341184220976206));
#7111=CARTESIAN_POINT('',(-0.0304070032882215,0.0992219508287177,0.0347608769057639));
#7112=CARTESIAN_POINT('',(-0.0306346810798713,0.099048560676393,0.0360460670911181));
#7113=CARTESIAN_POINT('',(-0.0307477078323651,0.0989605036556826,0.0366888071116756));
#7114=CARTESIAN_POINT('',(-0.0309712190634938,0.098781915005469,0.0379743783844853));
#7115=CARTESIAN_POINT('',(-0.0310818112273571,0.0986913535719517,0.0386172027931892));
#7116=CARTESIAN_POINT('',(-0.031410165682373,0.0984158418514869,0.0405454025492861));
#7117=CARTESIAN_POINT('',(-0.0316241999738507,0.0982272094013747,0.0418303711234956));
#7118=CARTESIAN_POINT('',(-0.0320482567435146,0.0978373441570911,0.0443995693272385));
#7119=CARTESIAN_POINT('',(-0.0322585807170156,0.0976360543716767,0.0456837796120015));
#7120=CARTESIAN_POINT('',(-0.0326791226864661,0.0972182691184025,0.0482522983454786));
#7121=CARTESIAN_POINT('',(-0.0328892325934928,0.0970018308245888,0.0495366816731888));
#7122=CARTESIAN_POINT('',(-0.0333118485689078,0.0965511487423426,0.0521062848652437));
#7123=CARTESIAN_POINT('',(-0.0335243797976025,0.0963168015715184,0.0533913701146021));
#7124=CARTESIAN_POINT('',(-0.0338472506725021,0.0959489124325425,0.0553187925556116));
#7125=CARTESIAN_POINT('',(-0.0339555597432201,0.095823547743729,0.0559612397193066));
#7126=CARTESIAN_POINT('',(-0.034392200311462,0.0953102860527501,0.0585306156321029));
#7127=CARTESIAN_POINT('',(-0.0347271142132923,0.0948990259061944,0.0604564641076844));
#7128=CARTESIAN_POINT('',(-0.0355254324138803,0.0938761539384139,0.0649302387831697));
#7129=CARTESIAN_POINT('',(-0.0359945973824929,0.0932432001726573,0.0674709598095685));
#7130=CARTESIAN_POINT('',(-0.0367131268527906,0.0922247214013388,0.0712533377672897));
#7131=CARTESIAN_POINT('',(-0.0369550320231245,0.0918738800608972,0.0725092452754101));
#7132=CARTESIAN_POINT('',(-0.0374420505006392,0.0911519855367171,0.0750091596626848));
#7133=CARTESIAN_POINT('',(-0.0376871833835733,0.0907808041080954,0.0762531517207483));
#7134=CARTESIAN_POINT('',(-0.0381789569777242,0.0900214858131824,0.078727194019324));
#7135=CARTESIAN_POINT('',(-0.038425578260613,0.0896334762259589,0.0799572589693088));
#7136=CARTESIAN_POINT('',(-0.0389183952039541,0.0888452853828319,0.0824015823784965));
#7137=CARTESIAN_POINT('',(-0.0391647194471978,0.0884449923742115,0.0836156518363708));
#7138=CARTESIAN_POINT('',(-0.0395312993892705,0.0878398346276537,0.0854251948493241));
#7139=CARTESIAN_POINT('',(-0.0396530003558961,0.0876373359103998,0.086026460667474));
#7140=CARTESIAN_POINT('',(-0.0398949284538966,0.087231564981224,0.0872252960445536));
#7141=CARTESIAN_POINT('',(-0.0400151035932277,0.0870283014883153,0.0878229139619324));
#7142=CARTESIAN_POINT('',(-0.0402142232289062,0.0866894617779908,0.088815542062056));
#7143=CARTESIAN_POINT('',(-0.040293565260132,0.0865539070170684,0.0892116791509907));
#7144=CARTESIAN_POINT('',(-0.040372642237982,0.0864184304160696,0.089606817930356));
#7145=CARTESIAN_POINT('',(-0.0225121812076623,0.103116815103663,-0.0119911253067585));
#7146=CARTESIAN_POINT('',(-0.022570562452141,0.103099897276316,-0.0115642786522147));
#7147=CARTESIAN_POINT('',(-0.0226299497173317,0.103082494850981,-0.0111375019534335));
#7148=CARTESIAN_POINT('',(-0.0228711819830344,0.103010945285017,-0.00943063749843701));
#7149=CARTESIAN_POINT('',(-0.0230602372563532,0.102952935822256,-0.00815102057776364));
#7150=CARTESIAN_POINT('',(-0.0236470081425216,0.102765600037662,-0.00431319424584652));
#7151=CARTESIAN_POINT('',(-0.0240647410538844,0.102622920365647,-0.00175604600340288));
#7152=CARTESIAN_POINT('',(-0.0249338099325309,0.102299893769283,0.00335794656406597));
#7153=CARTESIAN_POINT('',(-0.0253847445628479,0.102119510071489,0.00591494589974395));
#7154=CARTESIAN_POINT('',(-0.0263035304451753,0.101719244413964,0.0110300547155215));
#7155=CARTESIAN_POINT('',(-0.0267715592149801,0.101499397071874,0.0135880397098953));
#7156=CARTESIAN_POINT('',(-0.0277115283542049,0.10101862872411,0.018705360996222));
#7157=CARTESIAN_POINT('',(-0.0281838624167888,0.100757661861821,0.0212647940071114));
#7158=CARTESIAN_POINT('',(-0.0288902306953194,0.100333604140605,0.0251065300309152));
#7159=CARTESIAN_POINT('',(-0.0291253255103477,0.100186820117225,0.0263875349660563));
#7160=CARTESIAN_POINT('',(-0.0295937244429327,0.0998821676104256,0.0289505312888565));
#7161=CARTESIAN_POINT('',(-0.0298267892234498,0.0997243960225494,0.0302324833900478));
#7162=CARTESIAN_POINT('',(-0.0301757427536044,0.0994786516525842,0.0321564981306151));
#7163=CARTESIAN_POINT('',(-0.0302919890423353,0.0993952082729824,0.0327980232626557));
#7164=CARTESIAN_POINT('',(-0.0305245583374929,0.0992250912870706,0.0340815225132095));
#7165=CARTESIAN_POINT('',(-0.0306408103290647,0.0991384432598227,0.0347234856284087));
#7166=CARTESIAN_POINT('',(-0.0308718226003334,0.0989623880488492,0.0360076589820489));
#7167=CARTESIAN_POINT('',(-0.0309865162252974,0.0988729996656754,0.0366498725920505));
#7168=CARTESIAN_POINT('',(-0.0312133424328775,0.098691782940404,0.0379343490172441));
#7169=CARTESIAN_POINT('',(-0.03132557325388,0.0985999268893081,0.0385766068632968));
#7170=CARTESIAN_POINT('',(-0.0316586333453673,0.0983206661684713,0.040503065616665));
#7171=CARTESIAN_POINT('',(-0.0318754610716084,0.0981297459598236,0.0417868254031826));
#7172=CARTESIAN_POINT('',(-0.0323047044875598,0.0977355801252089,0.044353473588456));
#7173=CARTESIAN_POINT('',(-0.0325174570028576,0.0975322585578215,0.0456363427275944));
#7174=CARTESIAN_POINT('',(-0.0329426125781129,0.0971106128173132,0.0482019886337416));
#7175=CARTESIAN_POINT('',(-0.0331548968028238,0.0968923516984824,0.0494848381181436));
#7176=CARTESIAN_POINT('',(-0.0335816262101647,0.0964382362396984,0.0520511284277374));
#7177=CARTESIAN_POINT('',(-0.03379609935875,0.0962022770785755,0.0533344384624299));
#7178=CARTESIAN_POINT('',(-0.0341217555950699,0.0958321136166908,0.0552590126356126));
#7179=CARTESIAN_POINT('',(-0.0342309719874876,0.0957060147608389,0.0559004791265293));
#7180=CARTESIAN_POINT('',(-0.0346711706304463,0.0951899077437682,0.0584658093805012));
#7181=CARTESIAN_POINT('',(-0.0350085886133491,0.0947767192332054,0.0603883589631498));
#7182=CARTESIAN_POINT('',(-0.0358123704046579,0.0937497632928488,0.0648544318607125));
#7183=CARTESIAN_POINT('',(-0.0362843685791623,0.093114789678319,0.067390768442195));
#7184=CARTESIAN_POINT('',(-0.0370067085720105,0.0920937663220838,0.0711668024429698));
#7185=CARTESIAN_POINT('',(-0.0372498113834485,0.0917421561742093,0.0724206382656596));
#7186=CARTESIAN_POINT('',(-0.037739087233361,0.0910188672352467,0.0749165821390067));
#7187=CARTESIAN_POINT('',(-0.0379852838735499,0.0906470597245561,0.0761586738457772));
#7188=CARTESIAN_POINT('',(-0.0384790300118827,0.0898866197461139,0.0786291843817525));
#7189=CARTESIAN_POINT('',(-0.0387265560860574,0.0894981150285746,0.0798576194317582));
#7190=CARTESIAN_POINT('',(-0.0392209626329714,0.088709057339736,0.0822990662001344));
#7191=CARTESIAN_POINT('',(-0.0394679579050774,0.0883083921219024,0.083511899983516));
#7192=CARTESIAN_POINT('',(-0.0398354616603709,0.0877027670957116,0.0853198598785217));
#7193=CARTESIAN_POINT('',(-0.0399574576279051,0.0875001278214516,0.0859206423726637));
#7194=CARTESIAN_POINT('',(-0.0401999697739056,0.0870941061520203,0.0871185920499179));
#7195=CARTESIAN_POINT('',(-0.0403204413812731,0.0868907315629126,0.0877158033103577));
#7196=CARTESIAN_POINT('',(-0.0405200005523856,0.0865517401233999,0.0887078527932033));
#7197=CARTESIAN_POINT('',(-0.0405995028587087,0.0864161337069332,0.0891037854419521));
#7198=CARTESIAN_POINT('',(-0.0406787113932966,0.0862806164660933,0.089498754935168));
#7199=CARTESIAN_POINT('',(-0.0227256774575731,0.103081870502261,-0.0120131265660281));
#7200=CARTESIAN_POINT('',(-0.0227856519054063,0.10306442003134,-0.0115866852266617));
#7201=CARTESIAN_POINT('',(-0.0228466675405909,0.103046466321742,-0.0111603134795607));
#7202=CARTESIAN_POINT('',(-0.0230945484908181,0.102972635131415,-0.00945506757313567));
#7203=CARTESIAN_POINT('',(-0.0232888943412417,0.102912742355496,-0.00817666106379232));
#7204=CARTESIAN_POINT('',(-0.0238923405224978,0.102719201355624,-0.00434246849479742));
#7205=CARTESIAN_POINT('',(-0.0243222621018184,0.102571644501787,-0.00178774789979329));
#7206=CARTESIAN_POINT('',(-0.0252172782342551,0.10223717478846,0.00332128373753751));
#7207=CARTESIAN_POINT('',(-0.0256819893857846,0.102050201195351,0.00587574992931544));
#7208=CARTESIAN_POINT('',(-0.0266291987306418,0.101635027050875,0.0109855904908316));
#7209=CARTESIAN_POINT('',(-0.0271118624275524,0.101406872748284,0.0135408405558268));
#7210=CARTESIAN_POINT('',(-0.0280811259948734,0.100907937023799,0.0186523913334124));
#7211=CARTESIAN_POINT('',(-0.0285681192274164,0.100637128464592,0.0212087877785217));
#7212=CARTESIAN_POINT('',(-0.0292958873051442,0.100197495782592,0.0250456532497082));
#7213=CARTESIAN_POINT('',(-0.0295380211154487,0.100045385361322,0.0263249810241439));
#7214=CARTESIAN_POINT('',(-0.0300202922212426,0.099729878869593,0.0288844788209004));
#7215=CARTESIAN_POINT('',(-0.0302602042479837,0.0995665818531952,0.0301646050479341));
#7216=CARTESIAN_POINT('',(-0.0306191731290291,0.0993124361406496,0.032085773402454));
#7217=CARTESIAN_POINT('',(-0.0307387129749439,0.0992261731503438,0.0327263325413606));
#7218=CARTESIAN_POINT('',(-0.0309777579602677,0.0990503838078529,0.0340078670875559));
#7219=CARTESIAN_POINT('',(-0.0310971980386308,0.0989608834553218,0.034648829651553));
#7220=CARTESIAN_POINT('',(-0.0313346033468118,0.0987791062409054,0.0359309245288863));
#7221=CARTESIAN_POINT('',(-0.031452520286631,0.0986868420414877,0.0365720566258183));
#7222=CARTESIAN_POINT('',(-0.0316858279872867,0.0984999041536788,0.0378542708958382));
#7223=CARTESIAN_POINT('',(-0.0318012899198364,0.0984052118028409,0.0384953533878708));
#7224=CARTESIAN_POINT('',(-0.03214362307098,0.0981177265943157,0.0404182023551981));
#7225=CARTESIAN_POINT('',(-0.0323659179659466,0.0979217866371183,0.0416994638475278));
#7226=CARTESIAN_POINT('',(-0.0328052859434611,0.0975181637873451,0.0442608457744137));
#7227=CARTESIAN_POINT('',(-0.0330227787259878,0.0973103576197708,0.0455409445427895));
#7228=CARTESIAN_POINT('',(-0.0334569381667067,0.0968801577745135,0.0481006556463923));
#7229=CARTESIAN_POINT('',(-0.0336734607343992,0.0966578418030695,0.0493803371738223));
#7230=CARTESIAN_POINT('',(-0.0341081810061624,0.0961960626321157,0.0519397895225973));
#7231=CARTESIAN_POINT('',(-0.0343264143456878,0.0959564903673423,0.0532194367581797));
#7232=CARTESIAN_POINT('',(-0.0346574501219817,0.0955812027643535,0.055138132697637));
#7233=CARTESIAN_POINT('',(-0.0347684164814712,0.0954534450800301,0.0557775750673665));
#7234=CARTESIAN_POINT('',(-0.0352154696573795,0.0949308891925687,0.0583345530655106));
#7235=CARTESIAN_POINT('',(-0.0355576929382431,0.0945132847151508,0.0602502876970327));
#7236=CARTESIAN_POINT('',(-0.0363719220452941,0.093476899567484,0.0647004168383333));
#7237=CARTESIAN_POINT('',(-0.036849306816082,0.0928371992702677,0.0672276504028157));
#7238=CARTESIAN_POINT('',(-0.0375788615652006,0.0918101323331378,0.0709904816128921));
#7239=CARTESIAN_POINT('',(-0.0378242275054459,0.0914566784059001,0.0722400000433878));
#7240=CARTESIAN_POINT('',(-0.0383177763129425,0.0907300081219553,0.0747276527702805));
#7241=CARTESIAN_POINT('',(-0.0385659928154306,0.0903566598452941,0.0759657663107009));
#7242=CARTESIAN_POINT('',(-0.0390634953047937,0.0895934285178754,0.0784288672532644));
#7243=CARTESIAN_POINT('',(-0.0393127479097395,0.0892036763935801,0.0796538752550704));
#7244=CARTESIAN_POINT('',(-0.0398101745744348,0.0884124361587744,0.0820892703145361));
#7245=CARTESIAN_POINT('',(-0.0400584267106326,0.0880108440340798,0.0832995067689909));
#7246=CARTESIAN_POINT('',(-0.0404277268945484,0.0874039999789758,0.0851041097267172));
#7247=CARTESIAN_POINT('',(-0.0405503091290427,0.0872009824083955,0.0857038613959458));
#7248=CARTESIAN_POINT('',(-0.0407940245778821,0.0867942460519117,0.086899902960268));
#7249=CARTESIAN_POINT('',(-0.0409151325472384,0.0865905285926027,0.0874962258156603));
#7250=CARTESIAN_POINT('',(-0.0411156520629711,0.0862510466168042,0.088487002791833));
#7251=CARTESIAN_POINT('',(-0.0411955092064135,0.0861152664228728,0.0888824834250775));
#7252=CARTESIAN_POINT('',(-0.0412750095441015,0.0859796098235764,0.0892770786799937));
#7253=CARTESIAN_POINT('',(-0.022830886514742,0.103063401430457,-0.0120240104833407));
#7254=CARTESIAN_POINT('',(-0.0228916392214531,0.103045669650816,-0.0115977696281232));
#7255=CARTESIAN_POINT('',(-0.0229534501561663,0.103027424806273,-0.0111715981939953));
#7256=CARTESIAN_POINT('',(-0.0232045777285807,0.102952388764044,-0.00946715296048702));
#7257=CARTESIAN_POINT('',(-0.0234015056588395,0.102891501669884,-0.00818934530612227));
#7258=CARTESIAN_POINT('',(-0.0240130851930706,0.102694684970963,-0.00435695119338684));
#7259=CARTESIAN_POINT('',(-0.0244489453988636,0.102544553931473,-0.00180343300714027));
#7260=CARTESIAN_POINT('',(-0.0253565858725599,0.102204043754029,0.00330313704156715));
#7261=CARTESIAN_POINT('',(-0.0258279909041526,0.102013591795231,0.00585634428094804));
#7262=CARTESIAN_POINT('',(-0.0267889921286772,0.101590542291358,0.0109635586757252));
#7263=CARTESIAN_POINT('',(-0.0272787486496749,0.101357996620029,0.013517441459251));
#7264=CARTESIAN_POINT('',(-0.0282621910798629,0.100849442628974,0.0186260956854859));
#7265=CARTESIAN_POINT('',(-0.0287562687323786,0.100573417755246,0.0211809626247002));
#7266=CARTESIAN_POINT('',(-0.0294943461146199,0.100125521597649,0.0250153670573439));
#7267=CARTESIAN_POINT('',(-0.0297398660215553,0.0999705835368406,0.0262938460646698));
#7268=CARTESIAN_POINT('',(-0.0302288120028813,0.0996493045221432,0.0288515685290087));
#7269=CARTESIAN_POINT('',(-0.0304720240200537,0.0994830615322761,0.0301307652159841));
#7270=CARTESIAN_POINT('',(-0.0308358021284001,0.0992244375490364,0.032050483844279));
#7271=CARTESIAN_POINT('',(-0.0309569197865243,0.099136672107913,0.03269055098372));
#7272=CARTESIAN_POINT('',(-0.03119905455099,0.0989578635391188,0.0339710855722789));
#7273=CARTESIAN_POINT('',(-0.0313200110450212,0.0988668458429709,0.0346115389975347));
#7274=CARTESIAN_POINT('',(-0.0315604800466866,0.0986820103734627,0.0358925714662838));
#7275=CARTESIAN_POINT('',(-0.0316799562848457,0.0985882004275604,0.0365331479550889));
#7276=CARTESIAN_POINT('',(-0.0319164368603424,0.0983981652731418,0.037814193592687));
#7277=CARTESIAN_POINT('',(-0.0320334946530692,0.0983019285282076,0.0384546665066811));
#7278=CARTESIAN_POINT('',(-0.0323804049354888,0.0980099596935043,0.0403756442956555));
#7279=CARTESIAN_POINT('',(-0.0326053789297014,0.0978112829430921,0.041655614755485));
#7280=CARTESIAN_POINT('',(-0.0330496944935395,0.0974024942662525,0.0442142772756973));
#7281=CARTESIAN_POINT('',(-0.0332695035125461,0.0971922304071,0.0454929451285238));
#7282=CARTESIAN_POINT('',(-0.0337080617556574,0.096757326960484,0.0480495906019029));
#7283=CARTESIAN_POINT('',(-0.033926652317027,0.0965327739363943,0.0493276360649757));
#7284=CARTESIAN_POINT('',(-0.0343652572565031,0.0960667547183863,0.0518835591884382));
#7285=CARTESIAN_POINT('',(-0.0345853121617202,0.0958251766061624,0.0531613166376642));
#7286=CARTESIAN_POINT('',(-0.0349189467239122,0.0954470321897489,0.0550769790712872));
#7287=CARTESIAN_POINT('',(-0.0350307572092055,0.0953183475296195,0.0557153767727048));
#7288=CARTESIAN_POINT('',(-0.0354811125881467,0.0947921788880314,0.0582680431251129));
#7289=CARTESIAN_POINT('',(-0.0358256409816694,0.0943720800175639,0.0601802575458778));
#7290=CARTESIAN_POINT('',(-0.0366448619286568,0.0933303342006981,0.0646221347179797));
#7291=CARTESIAN_POINT('',(-0.037124803977971,0.0926879185705074,0.06714464378865));
#7292=CARTESIAN_POINT('',(-0.0378577679073766,0.0916573407426677,0.0709006073072436));
#7293=CARTESIAN_POINT('',(-0.0381042008323288,0.0913028079856008,0.0721478770765109));
#7294=CARTESIAN_POINT('',(-0.0385997679034999,0.0905741429108097,0.0746312032453287));
#7295=CARTESIAN_POINT('',(-0.0388489416863411,0.0901998758619228,0.0758672359694302));
#7296=CARTESIAN_POINT('',(-0.0393482300429839,0.0894349667034438,0.0783264532307274));
#7297=CARTESIAN_POINT('',(-0.0395983052786675,0.0890444583103508,0.0795496612650717));
#7298=CARTESIAN_POINT('',(-0.0400971640487764,0.0882518955766842,0.0819818762981344));
#7299=CARTESIAN_POINT('',(-0.0403460027499935,0.0878497463078637,0.0831907490862775));
#7300=CARTESIAN_POINT('',(-0.0407161762948664,0.0872421452140953,0.0849935749145616));
#7301=CARTESIAN_POINT('',(-0.0408390499838993,0.0870388878489023,0.0855927779229414));
#7302=CARTESIAN_POINT('',(-0.0410833848967681,0.0866316822703624,0.0867877944500772));
#7303=CARTESIAN_POINT('',(-0.0412048327666934,0.0864277296367042,0.0873836340306648));
#7304=CARTESIAN_POINT('',(-0.0414058730487476,0.0860879033419729,0.0883737147184544));
#7305=CARTESIAN_POINT('',(-0.0414859247245642,0.0859519988867715,0.0887689468638897));
#7306=CARTESIAN_POINT('',(-0.0415655852900154,0.0858162418010203,0.0891633364089479));
#7307=CARTESIAN_POINT('',(-0.0230381374033144,0.103024777708839,-0.0120455258755393));
#7308=CARTESIAN_POINT('',(-0.0231004117665809,0.103006458289635,-0.0116196813711898));
#7309=CARTESIAN_POINT('',(-0.0231637774395243,0.102987605311613,-0.0111939059697316));
#7310=CARTESIAN_POINT('',(-0.0234212508156546,0.102910052671074,-0.00949104381897818));
#7311=CARTESIAN_POINT('',(-0.0236232233144751,0.102847089081462,-0.00821442040617586));
#7312=CARTESIAN_POINT('',(-0.0242506839974769,0.102643432132356,-0.00438558401171049));
#7313=CARTESIAN_POINT('',(-0.0246981287500696,0.102487926315388,-0.00183444617729551));
#7314=CARTESIAN_POINT('',(-0.0256303631214844,0.102134800911219,0.00326724278138762));
#7315=CARTESIAN_POINT('',(-0.0261147927269191,0.101937084410616,0.00581795001245734));
#7316=CARTESIAN_POINT('',(-0.0271025916986297,0.101497572696586,0.0109199355774882));
#7317=CARTESIAN_POINT('',(-0.0276061121955821,0.101255840028219,0.013471089138731));
#7318=CARTESIAN_POINT('',(-0.0286170263054341,0.100727132393849,0.0185739413327285));
#7319=CARTESIAN_POINT('',(-0.0291248063927847,0.100440164506687,0.0211257354022818));
#7320=CARTESIAN_POINT('',(-0.0298827588882703,0.0999749145323008,0.0249551817491887));
#7321=CARTESIAN_POINT('',(-0.0301347966763692,0.0998140346681564,0.0262319484960257));
#7322=CARTESIAN_POINT('',(-0.0306365873567088,0.0994806036650797,0.0287860811863625));
#7323=CARTESIAN_POINT('',(-0.0308861544094168,0.099308143518118,0.0300633932166077));
#7324=CARTESIAN_POINT('',(-0.0312591623042872,0.0990400707335505,0.0319801711114983));
#7325=CARTESIAN_POINT('',(-0.0313833015874353,0.0989491363125195,0.0326192401929566));
#7326=CARTESIAN_POINT('',(-0.0316313327662945,0.0987639665028754,0.0338977473299293));
#7327=CARTESIAN_POINT('',(-0.031755174983474,0.0986697536955749,0.0345371685678879));
#7328=CARTESIAN_POINT('',(-0.0320015070294294,0.0984784484282128,0.0358160392685901));
#7329=CARTESIAN_POINT('',(-0.0321239884764509,0.0983813503498095,0.0364554806002294));
#7330=CARTESIAN_POINT('',(-0.0323666382392437,0.0981846807898918,0.0377341279324584));
#7331=CARTESIAN_POINT('',(-0.0324868189083772,0.0980851175889117,0.038373345916992));
#7332=CARTESIAN_POINT('',(-0.0328426781108622,0.0977834800897557,0.0402904727281404));
#7333=CARTESIAN_POINT('',(-0.0330728559296129,0.0975789000707267,0.0415677920378093));
#7334=CARTESIAN_POINT('',(-0.0335267523662974,0.0971589480191483,0.0441208726186334));
#7335=CARTESIAN_POINT('',(-0.0337510421517672,0.0969433565580952,0.0453966024067972));
#7336=CARTESIAN_POINT('',(-0.0341981013276959,0.0964982255656095,0.0479469522164279));
#7337=CARTESIAN_POINT('',(-0.0344206803851133,0.0962687934381729,0.0492216380681642));
#7338=CARTESIAN_POINT('',(-0.0348667483374252,0.0957935033649042,0.0517703169180754));
#7339=CARTESIAN_POINT('',(-0.0350902889392967,0.0955475262491392,0.053044196054514));
#7340=CARTESIAN_POINT('',(-0.0354288798643166,0.0951630937046044,0.0549536312169781));
#7341=CARTESIAN_POINT('',(-0.0355422973538331,0.0950323646422335,0.0555898841207829));
#7342=CARTESIAN_POINT('',(-0.0359989292434275,0.0944982113606599,0.0581336962494608));
#7343=CARTESIAN_POINT('',(-0.036347815458057,0.0940725613181042,0.0600386771719183));
#7344=CARTESIAN_POINT('',(-0.0371764261295947,0.0930188201716462,0.0644635665548763));
#7345=CARTESIAN_POINT('',(-0.0376611390173546,0.0923702755494961,0.0669763247255525));
#7346=CARTESIAN_POINT('',(-0.0384004230401394,0.0913317010705082,0.070718084564495));
#7347=CARTESIAN_POINT('',(-0.0386488273734129,0.0909746968404059,0.0719606981904027));
#7348=CARTESIAN_POINT('',(-0.039148124498719,0.0902414301125058,0.0744350501382841));
#7349=CARTESIAN_POINT('',(-0.0393990699075313,0.089865024380708,0.0756667575674875));
#7350=CARTESIAN_POINT('',(-0.0399016684921085,0.0890961834337025,0.078117886950967));
#7351=CARTESIAN_POINT('',(-0.0401532694473521,0.0887038903737963,0.0793373395653592));
#7352=CARTESIAN_POINT('',(-0.0406547717807602,0.0879082094347255,0.0817629170731208));
#7353=CARTESIAN_POINT('',(-0.0409046775960106,0.0875047567092245,0.0829689457711477));
#7354=CARTESIAN_POINT('',(-0.0412764942139653,0.0868953324352739,0.0847680378552784));
#7355=CARTESIAN_POINT('',(-0.0413999257950153,0.086691487485757,0.0853660826656019));
#7356=CARTESIAN_POINT('',(-0.0416454778042077,0.0862830990782334,0.0865589180011132));
#7357=CARTESIAN_POINT('',(-0.0417676110270739,0.086078533724858,0.0871537182122332));
#7358=CARTESIAN_POINT('',(-0.0419697120955509,0.0857377958205872,0.0881422941075969));
#7359=CARTESIAN_POINT('',(-0.0420501628904103,0.0856015582649391,0.088536987173656));
#7360=CARTESIAN_POINT('',(-0.0421301525281623,0.0854655305035268,0.0889309305066571));
#7361=CARTESIAN_POINT('',(-0.0231401710624236,0.103004623335318,-0.0120561565443321));
#7362=CARTESIAN_POINT('',(-0.0232031888099958,0.102985997576031,-0.0116305078974279));
#7363=CARTESIAN_POINT('',(-0.0232673139084467,0.10296682758968,-0.0112049282067868));
#7364=CARTESIAN_POINT('',(-0.0235278864142624,0.102887963161224,-0.00950284843194828));
#7365=CARTESIAN_POINT('',(-0.0237323213658513,0.102823917357741,-0.00822681038402474));
#7366=CARTESIAN_POINT('',(-0.0243675297389348,0.102616695731451,-0.00439973319605074));
#7367=CARTESIAN_POINT('',(-0.0248206203420852,0.102458389217875,-0.00184977328010098));
#7368=CARTESIAN_POINT('',(-0.0257648240647312,0.102098688812559,0.00324949621592807));
#7369=CARTESIAN_POINT('',(-0.0262555842380187,0.101897185992375,0.00579896240320751));
#7370=CARTESIAN_POINT('',(-0.0272563886257415,0.10144908719232,0.0108983453474738));
#7371=CARTESIAN_POINT('',(-0.0277665799374249,0.101202558812868,0.0134481370002112));
#7372=CARTESIAN_POINT('',(-0.0287907858014193,0.10066331583651,0.018548083837096));
#7373=CARTESIAN_POINT('',(-0.029305183202945,0.100370621355357,0.0210983346302012));
#7374=CARTESIAN_POINT('',(-0.0300727003275727,0.0998962813054212,0.0249252840863837));
#7375=CARTESIAN_POINT('',(-0.0303278694776833,0.099732287389824,0.0262011873979994));
#7376=CARTESIAN_POINT('',(-0.030835828928349,0.0993924773139011,0.028753505810768));
#7377=CARTESIAN_POINT('',(-0.0310884503391014,0.0992167463032278,0.0300298628419284));
#7378=CARTESIAN_POINT('',(-0.0314658778481718,0.0989437034351547,0.0319451498950385));
#7379=CARTESIAN_POINT('',(-0.0315914606521863,0.0988511026224342,0.0325837129694493));
#7380=CARTESIAN_POINT('',(-0.0318422979907872,0.0986625910078203,0.0338611926957456));
#7381=CARTESIAN_POINT('',(-0.0319675093118993,0.0985667005191817,0.0345000909211403));
#7382=CARTESIAN_POINT('',(-0.0322166399689444,0.0983719841273648,0.0357778624078221));
#7383=CARTESIAN_POINT('',(-0.032340566747846,0.0982731440237238,0.0364167243083433));
#7384=CARTESIAN_POINT('',(-0.0325862111596863,0.0980729384219008,0.0376941423162986));
#7385=CARTESIAN_POINT('',(-0.0327079178228828,0.0979715938529233,0.0383327151676798));
#7386=CARTESIAN_POINT('',(-0.0330681458836177,0.0976647733748903,0.0402478628320636));
#7387=CARTESIAN_POINT('',(-0.0333008469015257,0.0974570280676037,0.0415238224098243));
#7388=CARTESIAN_POINT('',(-0.0337593738847221,0.0970310807546456,0.044074041232842));
#7389=CARTESIAN_POINT('',(-0.0339858268732191,0.0968126205515951,0.0453482642816776));
#7390=CARTESIAN_POINT('',(-0.0344369855790153,0.0963619679888225,0.0478953849361536));
#7391=CARTESIAN_POINT('',(-0.0346614839000613,0.0961298949951186,0.0491683477032932));
#7392=CARTESIAN_POINT('',(-0.0351111279466508,0.0956495763867453,0.0517133124658508));
#7393=CARTESIAN_POINT('',(-0.0353363316504289,0.0954012072150649,0.0529852035773505));
#7394=CARTESIAN_POINT('',(-0.035677278695968,0.0950133449753948,0.0548914457744072));
#7395=CARTESIAN_POINT('',(-0.0357914585927962,0.0948814990214143,0.0555265988235937));
#7396=CARTESIAN_POINT('',(-0.036251062946071,0.0943429759799701,0.0580658695092872));
#7397=CARTESIAN_POINT('',(-0.0366020005831378,0.0939142707197918,0.0599671380736769));
#7398=CARTESIAN_POINT('',(-0.0374350063798459,0.0928538984355249,0.0643832938881923));
#7399=CARTESIAN_POINT('',(-0.0379219314379814,0.0922019420728578,0.0668910269995473));
#7400=CARTESIAN_POINT('',(-0.0386641245180574,0.0911588845039026,0.0706254528777073));
#7401=CARTESIAN_POINT('',(-0.038913432691221,0.0908004884925097,0.0718656597002513));
#7402=CARTESIAN_POINT('',(-0.0394144404625763,0.0900646166337717,0.0743353653559514));
#7403=CARTESIAN_POINT('',(-0.0396661996470541,0.0896869918764938,0.0755648290062469));
#7404=CARTESIAN_POINT('',(-0.0401703214844367,0.0889158987196881,0.0780117555661913));
#7405=CARTESIAN_POINT('',(-0.0404226249998011,0.0885225781086491,0.0792292533937379));
#7406=CARTESIAN_POINT('',(-0.0409253378851114,0.0877251029167802,0.0816513745756891));
#7407=CARTESIAN_POINT('',(-0.041175723910843,0.0873209044197364,0.0828559233251377));
#7408=CARTESIAN_POINT('',(-0.0415483095709601,0.0867104150934497,0.0846530595935988));
#7409=CARTESIAN_POINT('',(-0.0416720073367469,0.0865062227676273,0.0852504951494192));
#7410=CARTESIAN_POINT('',(-0.0419181563504925,0.0860971217866301,0.086442174977275));
#7411=CARTESIAN_POINT('',(-0.0420406346312436,0.0858921795410462,0.087036419473731));
#7412=CARTESIAN_POINT('',(-0.0422432750815032,0.0855508753998172,0.0880241874646834));
#7413=CARTESIAN_POINT('',(-0.0423239302153995,0.085414429412737,0.088418590167928));
#7414=CARTESIAN_POINT('',(-0.0424040884907175,0.0852782317998726,0.0888122931889846));
#7415=CARTESIAN_POINT('',(-0.0234410915091809,0.102941947082509,-0.0120876174484402));
#7416=CARTESIAN_POINT('',(-0.0235062914872466,0.102922368330771,-0.0116625491251418));
#7417=CARTESIAN_POINT('',(-0.023572645615521,0.102902212184668,-0.0112375493940816));
#7418=CARTESIAN_POINT('',(-0.0238423132443497,0.102819267092205,-0.00953778837711507));
#7419=CARTESIAN_POINT('',(-0.0240539720558391,0.102751855009983,-0.0082634858631654));
#7420=CARTESIAN_POINT('',(-0.0247118968930979,0.102533545522747,-0.00444162722398137));
#7421=CARTESIAN_POINT('',(-0.0251815256196805,0.102366527675202,-0.00189516518286878));
#7422=CARTESIAN_POINT('',(-0.0261607349448299,0.101986372797479,0.00319690796157734));
#7423=CARTESIAN_POINT('',(-0.0266699834643012,0.101773090105879,0.00574267734515462));
#7424=CARTESIAN_POINT('',(-0.0277086892567547,0.101298264468384,0.0108342914273692));
#7425=CARTESIAN_POINT('',(-0.0282382816535055,0.101036804257798,0.0133800098985448));
#7426=CARTESIAN_POINT('',(-0.0293010305609315,0.100464737135398,0.0184712468244364));
#7427=CARTESIAN_POINT('',(-0.0298345594474611,0.100154191701246,0.0210168614815088));
#7428=CARTESIAN_POINT('',(-0.0306296117941452,0.0996515013808436,0.0248362936258619));
#7429=CARTESIAN_POINT('',(-0.0308937758956951,0.0994777926384491,0.0261095948312725));
#7430=CARTESIAN_POINT('',(-0.0314194199587413,0.0991180684343565,0.0286564392145085));
#7431=CARTESIAN_POINT('',(-0.0316807823495391,0.0989321174781351,0.0299299115439862));
#7432=CARTESIAN_POINT('',(-0.0320708168391181,0.0986435445105062,0.0318406914343268));
#7433=CARTESIAN_POINT('',(-0.0322005097276393,0.0985457369258655,0.0324777241441505));
#7434=CARTESIAN_POINT('',(-0.0324593178163243,0.0983467864139472,0.0337520955720896));
#7435=CARTESIAN_POINT('',(-0.0325884093413792,0.0982456558659437,0.0343894109182066));
#7436=CARTESIAN_POINT('',(-0.0328454780573621,0.0980402690035212,0.0356638529269414));
#7437=CARTESIAN_POINT('',(-0.0329735098939201,0.0979359700795134,0.0363009582647375));
#7438=CARTESIAN_POINT('',(-0.033227677200732,0.0977246595423111,0.0375746465461004));
#7439=CARTESIAN_POINT('',(-0.0333537321320917,0.0976177107288165,0.0382112609190341));
#7440=CARTESIAN_POINT('',(-0.0337263928205865,0.097294573965619,0.0401203999728013));
#7441=CARTESIAN_POINT('',(-0.0339662397161154,0.0970768556603878,0.0413922320104081));
#7442=CARTESIAN_POINT('',(-0.0344378369189059,0.0966319967452847,0.0439337625565669));
#7443=CARTESIAN_POINT('',(-0.0346703788243476,0.0964044738416219,0.0452034100416991));
#7444=CARTESIAN_POINT('',(-0.0351330467635008,0.0959363511012391,0.0477407228700019));
#7445=CARTESIAN_POINT('',(-0.0353629151512807,0.0956959088837523,0.0490084516154274));
#7446=CARTESIAN_POINT('',(-0.0358225225295638,0.0951996278418636,0.0515421338373818));
#7447=CARTESIAN_POINT('',(-0.0360523380109428,0.0949436512047211,0.0528079851497646));
#7448=CARTESIAN_POINT('',(-0.0363997895900728,0.0945448580423746,0.0547045236087011));
#7449=CARTESIAN_POINT('',(-0.0365160691538931,0.0944094482900144,0.0553363335932978));
#7450=CARTESIAN_POINT('',(-0.0369838408764083,0.0938569652906986,0.0578617975821863));
#7451=CARTESIAN_POINT('',(-0.0373403715171966,0.093418461485274,0.0597517738568244));
#7452=CARTESIAN_POINT('',(-0.0381852736937296,0.092336757562815,0.0641413293158837));
#7453=CARTESIAN_POINT('',(-0.038678114199393,0.0916737739865076,0.0666337299353095));
#7454=CARTESIAN_POINT('',(-0.0394280081344688,0.0906161580005633,0.0703457459275954));
#7455=CARTESIAN_POINT('',(-0.0396796950766877,0.0902532292740943,0.071578592674428));
#7456=CARTESIAN_POINT('',(-0.0401851950050786,0.089508848190923,0.0740340764041768));
#7457=CARTESIAN_POINT('',(-0.0404390877990976,0.0891272272027684,0.0752566643311573));
#7458=CARTESIAN_POINT('',(-0.0409472008223808,0.0883487324428897,0.0776906995719148));
#7459=CARTESIAN_POINT('',(-0.0412013418448327,0.0879520260326504,0.0789021955721859));
#7460=CARTESIAN_POINT('',(-0.0417072022254734,0.0871486396322132,0.0813137003537338));
#7461=CARTESIAN_POINT('',(-0.0419588166469518,0.0867419895894693,0.0825137027408261));
#7462=CARTESIAN_POINT('',(-0.0423334308043554,0.0861279710740805,0.0843048159191064));
#7463=CARTESIAN_POINT('',(-0.0424578407604776,0.0859226224769754,0.084900372306494));
#7464=CARTESIAN_POINT('',(-0.0427056198934533,0.0855111330600951,0.0860884794537276));
#7465=CARTESIAN_POINT('',(-0.0428290578160208,0.0853049180194388,0.0866810003557212));
#7466=CARTESIAN_POINT('',(-0.0430332083276568,0.084961695062991,0.0876662593247986));
#7467=CARTESIAN_POINT('',(-0.0431144381252897,0.0848245409451531,0.0880597593816102));
#7468=CARTESIAN_POINT('',(-0.0431950708399536,0.0846877657064531,0.0884527155275225));
#7469=CARTESIAN_POINT('',(-0.0236346118121564,0.102897270232999,-0.0121079964879965));
#7470=CARTESIAN_POINT('',(-0.0237012016673862,0.102877011825283,-0.011683305028027));
#7471=CARTESIAN_POINT('',(-0.0237689750960576,0.102856152394567,-0.0112586820205401));
#7472=CARTESIAN_POINT('',(-0.02404443219128,0.102770297266772,-0.00956042761370534));
#7473=CARTESIAN_POINT('',(-0.0242606856466027,0.102700484895752,-0.00828725367430243));
#7474=CARTESIAN_POINT('',(-0.0249330428237051,0.102474269552353,-0.00446879224721061));
#7475=CARTESIAN_POINT('',(-0.025413157790757,0.102301040472858,-0.00192461229553416));
#7476=CARTESIAN_POINT('',(-0.0264144884244655,0.101906296180454,0.00316274996115328));
#7477=CARTESIAN_POINT('',(-0.0269353856078988,0.101684609985913,0.0057060918816927));
#7478=CARTESIAN_POINT('',(-0.0279978616550451,0.101190702370225,0.0107925828165442));
#7479=CARTESIAN_POINT('',(-0.0285395677155197,0.10091857366409,0.0133356046917577));
#7480=CARTESIAN_POINT('',(-0.0296262247819512,0.10032302424687,0.0184210478729298));
#7481=CARTESIAN_POINT('',(-0.0301715418531802,0.0999996956492187,0.0209635658672522));
#7482=CARTESIAN_POINT('',(-0.0309833983910939,0.0994766832883688,0.0247779550105383));
#7483=CARTESIAN_POINT('',(-0.0312530243935381,0.0992960070725882,0.0260495071524038));
#7484=CARTESIAN_POINT('',(-0.0317893561874584,0.0989219818830748,0.0285926636048364));
#7485=CARTESIAN_POINT('',(-0.0320559787844935,0.0987286792723739,0.0298641881674465));
#7486=CARTESIAN_POINT('',(-0.0324535432043677,0.0984289336963347,0.0317719195915111));
#7487=CARTESIAN_POINT('',(-0.0325856805441695,0.0983273806022603,0.0324079164316741));
#7488=CARTESIAN_POINT('',(-0.0328492031674638,0.0981209247711289,0.0336801825378196));
#7489=CARTESIAN_POINT('',(-0.0329805778277192,0.0980160275391751,0.0343164249872548));
#7490=CARTESIAN_POINT('',(-0.0332423237941397,0.0978029482198693,0.0355886067274354));
#7491=CARTESIAN_POINT('',(-0.0333727805029054,0.0976947008932495,0.0362245177094608));
#7492=CARTESIAN_POINT('',(-0.0336320030133297,0.0974753246487324,0.037495666213213));
#7493=CARTESIAN_POINT('',(-0.033760642945252,0.0973642918830532,0.0381309454574528));
#7494=CARTESIAN_POINT('',(-0.0341406718707817,0.0970292507785441,0.0400359876205043));
#7495=CARTESIAN_POINT('',(-0.0343847068270368,0.0968042445936155,0.0413050056407133));
#7496=CARTESIAN_POINT('',(-0.0348639026741682,0.0963455360816071,0.0438406107143302));
#7497=CARTESIAN_POINT('',(-0.0350999599364952,0.0961113581203078,0.0451071360229853));
#7498=CARTESIAN_POINT('',(-0.0355692288069654,0.0956303707143869,0.0476377538800395));
#7499=CARTESIAN_POINT('',(-0.0358021508175742,0.0953837476181708,0.0489019089673705));
#7500=CARTESIAN_POINT('',(-0.0362673628922581,0.0948756434773651,0.0514278865928308));
#7501=CARTESIAN_POINT('',(-0.0364997412492311,0.0946140136014761,0.0526896124962886));
#7502=CARTESIAN_POINT('',(-0.0368507653027755,0.0942070670835406,0.0545795185233676));
#7503=CARTESIAN_POINT('',(-0.0369681905825133,0.0940689937880475,0.0552090428668619));
#7504=CARTESIAN_POINT('',(-0.0374403912825747,0.0935060555430044,0.0577250635444113));
#7505=CARTESIAN_POINT('',(-0.0377998904733951,0.0930601640348863,0.0596073079547751));
#7506=CARTESIAN_POINT('',(-0.0386509780659822,0.091962293638946,0.0639786036655792));
#7507=CARTESIAN_POINT('',(-0.0391467859317873,0.0912908860379807,0.0664604425782076));
#7508=CARTESIAN_POINT('',(-0.0399004239489624,0.0902220610875754,0.0701569781738525));
#7509=CARTESIAN_POINT('',(-0.0401532460560778,0.0898556258602734,0.0713847329601653));
#7510=CARTESIAN_POINT('',(-0.0406608736225831,0.0891046295495223,0.0738303592394479));
#7511=CARTESIAN_POINT('',(-0.0409157713620314,0.0887198828629024,0.0750481710257192));
#7512=CARTESIAN_POINT('',(-0.041425759595207,0.0879355747008366,0.0774732346490337));
#7513=CARTESIAN_POINT('',(-0.0416807585038392,0.0875361974307798,0.0786805457431229));
#7514=CARTESIAN_POINT('',(-0.0421880594457788,0.086728149654883,0.081084642417513));
#7515=CARTESIAN_POINT('',(-0.0424402048521595,0.0863195740909244,0.0822814719168835));
#7516=CARTESIAN_POINT('',(-0.0428157910845627,0.0857027445412804,0.084068360620695));
#7517=CARTESIAN_POINT('',(-0.0429405575252822,0.0854964677921197,0.0846625948845217));
#7518=CARTESIAN_POINT('',(-0.0431892015059371,0.0850830383349101,0.0858481761123527));
#7519=CARTESIAN_POINT('',(-0.043313174075679,0.0848757764367346,0.0864394707721832));
#7520=CARTESIAN_POINT('',(-0.0435181801684869,0.0845309664178308,0.0874229401132208));
#7521=CARTESIAN_POINT('',(-0.0435997392440362,0.0843932241696729,0.0878157950604962));
#7522=CARTESIAN_POINT('',(-0.0436806440323173,0.0842559684755826,0.0882082176662412));
#7523=CARTESIAN_POINT('',(-0.0239139378332094,0.102826192681459,-0.0121376330905952));
#7524=CARTESIAN_POINT('',(-0.0239825479296737,0.102804842923521,-0.0117134947485753));
#7525=CARTESIAN_POINT('',(-0.0240523839936616,0.102782854099622,-0.0112894250220094));
#7526=CARTESIAN_POINT('',(-0.0243362530444804,0.102692325355582,-0.00959338483264684));
#7527=CARTESIAN_POINT('',(-0.0245591792923918,0.102618656916802,-0.00832187298890889));
#7528=CARTESIAN_POINT('',(-0.0252524723184078,0.102379739123962,-0.00450842502322706));
#7529=CARTESIAN_POINT('',(-0.0257477661126242,0.102196528777239,-0.00196762632697813));
#7530=CARTESIAN_POINT('',(-0.0267809446625359,0.101778351030291,0.00311273376131672));
#7531=CARTESIAN_POINT('',(-0.0273185360190311,0.101543166373456,0.00565245583732223));
#7532=CARTESIAN_POINT('',(-0.028414761796755,0.101018670520921,0.0107312981692342));
#7533=CARTESIAN_POINT('',(-0.0289735045655849,0.100729473529699,0.0132702911118881));
#7534=CARTESIAN_POINT('',(-0.0300932719871405,0.100096495765116,0.0183470871284393));
#7535=CARTESIAN_POINT('',(-0.030654671370733,0.0997528478416322,0.0208849848447334));
#7536=CARTESIAN_POINT('',(-0.0314890906196351,0.0991975946228462,0.0246918357224379));
#7537=CARTESIAN_POINT('',(-0.0317659824623622,0.0990058777972109,0.0259607723233297));
#7538=CARTESIAN_POINT('',(-0.0323163031134671,0.0986092914504489,0.0284984331122718));
#7539=CARTESIAN_POINT('',(-0.0325896629072952,0.0984044640684309,0.02976707174478));
#7540=CARTESIAN_POINT('',(-0.0329968125835847,0.0980871783961947,0.0316702679898589));
#7541=CARTESIAN_POINT('',(-0.0331320558921561,0.0979797371924068,0.0323047196787272));
#7542=CARTESIAN_POINT('',(-0.0334015887190198,0.0977614412601109,0.0335738292757368));
#7543=CARTESIAN_POINT('',(-0.0335358739178148,0.0976505897939671,0.0342084578800247));
#7544=CARTESIAN_POINT('',(-0.0338033744640516,0.0974255005893636,0.0354772837327929));
#7545=CARTESIAN_POINT('',(-0.0339366925596091,0.0973111793377343,0.0361114474917822));
#7546=CARTESIAN_POINT('',(-0.0342016010556616,0.0970796186698649,0.0373789440897743));
#7547=CARTESIAN_POINT('',(-0.034333040021913,0.096962502338643,0.0380123262869155));
#7548=CARTESIAN_POINT('',(-0.0347209835878756,0.0966097500420744,0.0399115381561666));
#7549=CARTESIAN_POINT('',(-0.0349695089123014,0.09637385426012,0.0411765143207811));
#7550=CARTESIAN_POINT('',(-0.0354567453338372,0.095894462688382,0.0437035858634451));
#7551=CARTESIAN_POINT('',(-0.0356964322015042,0.0956503854015213,0.0449656159396573));
#7552=CARTESIAN_POINT('',(-0.0361723613373557,0.095150318792219,0.0474865935303349));
#7553=CARTESIAN_POINT('',(-0.0364082900962615,0.0948945481849232,0.0487455985371351));
#7554=CARTESIAN_POINT('',(-0.036878923780889,0.0943689273882942,0.0512604485691186));
#7555=CARTESIAN_POINT('',(-0.0371137228660368,0.0940989181433954,0.0525162070438206));
#7556=CARTESIAN_POINT('',(-0.0374680307923677,0.0936798852002704,0.0543965111594266));
#7557=CARTESIAN_POINT('',(-0.0375864929800246,0.0935378632842925,0.055022725283148));
#7558=CARTESIAN_POINT('',(-0.038062637744696,0.0929594259637594,0.0575250662485088));
#7559=CARTESIAN_POINT('',(-0.0384246315652342,0.09250258359769,0.0593961028738869));
#7560=CARTESIAN_POINT('',(-0.0392806280545911,0.0913807577813459,0.0637409294223374));
#7561=CARTESIAN_POINT('',(-0.0397785448406531,0.0906968730055036,0.0662074575987769));
#7562=CARTESIAN_POINT('',(-0.0405345523302301,0.0896114561429395,0.0698815492790813));
#7563=CARTESIAN_POINT('',(-0.0407880361005035,0.0892398361686085,0.0711019233464521));
#7564=CARTESIAN_POINT('',(-0.0412968219378842,0.08847911599779,0.0735332913142755));
#7565=CARTESIAN_POINT('',(-0.0415522244027495,0.0880898133651844,0.0747442146651643));
#7566=CARTESIAN_POINT('',(-0.0420630994684336,0.0872970940515593,0.0771563717199669));
#7567=CARTESIAN_POINT('',(-0.0423184724275924,0.0868938782821067,0.0783576754421339));
#7568=CARTESIAN_POINT('',(-0.0428263446096729,0.0860791098302957,0.0807511239864783));
#7569=CARTESIAN_POINT('',(-0.0430786524787933,0.0856677128704183,0.0819433657691049));
#7570=CARTESIAN_POINT('',(-0.0434546361391999,0.085046983809743,0.0837242728587046));
#7571=CARTESIAN_POINT('',(-0.0435795628235964,0.0848394588991366,0.0843166599678159));
#7572=CARTESIAN_POINT('',(-0.0438286462048308,0.0844235449725167,0.085498795585885));
#7573=CARTESIAN_POINT('',(-0.0439529157829845,0.0842150127285732,0.0860884692275372));
#7574=CARTESIAN_POINT('',(-0.0441584095129472,0.0838683228121019,0.0870696081735322));
#7575=CARTESIAN_POINT('',(-0.0442401593068786,0.083729896414698,0.087461632971501));
#7576=CARTESIAN_POINT('',(-0.0443212210631833,0.0835920848115643,0.087853369852103));
#7577=CARTESIAN_POINT('',(-0.0240052546582781,0.102801808985197,-0.0121473604133199));
#7578=CARTESIAN_POINT('',(-0.0240745276452709,0.102780083209829,-0.0117234044885037));
#7579=CARTESIAN_POINT('',(-0.024145040443885,0.102757705245093,-0.0112995172957164));
#7580=CARTESIAN_POINT('',(-0.0244316690833579,0.102665566102929,-0.00960420785998189));
#7581=CARTESIAN_POINT('',(-0.024656783820905,0.102590568793071,-0.00833324514476226));
#7582=CARTESIAN_POINT('',(-0.025356938959505,0.102347273257565,-0.0045214552837018));
#7583=CARTESIAN_POINT('',(-0.0258572021347279,0.102160622762758,-0.00198177714952532));
#7584=CARTESIAN_POINT('',(-0.0269007770889689,0.101734370396621,0.00309625864921836));
#7585=CARTESIAN_POINT('',(-0.0274438045935379,0.101494534425153,0.00563477719740445));
#7586=CARTESIAN_POINT('',(-0.0285509646685236,0.100959508751046,0.0107110750603515));
#7587=CARTESIAN_POINT('',(-0.029115198154787,0.1006644415335,0.0132487272038269));
#7588=CARTESIAN_POINT('',(-0.0302455447899139,0.100018614060717,0.018322647104043));
#7589=CARTESIAN_POINT('',(-0.0308120385836868,0.0996679993306333,0.0208590083554812));
#7590=CARTESIAN_POINT('',(-0.0316535382573016,0.0991017020429966,0.0246633500757667));
#7591=CARTESIAN_POINT('',(-0.0319326975335155,0.0989062054564096,0.0259314159091342));
#7592=CARTESIAN_POINT('',(-0.0324873406706438,0.0985019116250696,0.0284672503446809));
#7593=CARTESIAN_POINT('',(-0.0327627540437505,0.0982931590589909,0.0297349327225855));
#7594=CARTESIAN_POINT('',(-0.0331728138160376,0.0979698953522172,0.0316366231233372));
#7595=CARTESIAN_POINT('',(-0.0333089989584149,0.0978604460616171,0.0322705610745007));
#7596=CARTESIAN_POINT('',(-0.033580358105542,0.0976381054111661,0.0335386184664017));
#7597=CARTESIAN_POINT('',(-0.0337155276907825,0.0975252179516831,0.0341727082244072));
#7598=CARTESIAN_POINT('',(-0.0339847361931539,0.0972960465544597,0.0354404209636977));
#7599=CARTESIAN_POINT('',(-0.0341188788653502,0.0971796757023793,0.0360740096174663));
#7600=CARTESIAN_POINT('',(-0.0343853670343101,0.0969440409103167,0.0373403151399483));
#7601=CARTESIAN_POINT('',(-0.0345175596127474,0.0968249050681324,0.0379730826019151));
#7602=CARTESIAN_POINT('',(-0.0349076194075509,0.0964662772986831,0.0398704035983459));
#7603=CARTESIAN_POINT('',(-0.0351573433180912,0.0962267612440557,0.0411340623895651));
#7604=CARTESIAN_POINT('',(-0.0356467011253723,0.0957404958618691,0.0436583486956433));
#7605=CARTESIAN_POINT('',(-0.035887324367092,0.0954931356013387,0.0449189118218261));
#7606=CARTESIAN_POINT('',(-0.0363649343271854,0.0949867517988435,0.04743674333709));
#7607=CARTESIAN_POINT('',(-0.0366016035470832,0.0947279559229207,0.0486940669066686));
#7608=CARTESIAN_POINT('',(-0.0370735478593942,0.0941965391077227,0.0512052797127562));
#7609=CARTESIAN_POINT('',(-0.0373089171030272,0.0939237567866557,0.0524590860627104));
#7610=CARTESIAN_POINT('',(-0.0376639746746466,0.0935007239947565,0.0543362477468632));
#7611=CARTESIAN_POINT('',(-0.0377826691728254,0.0933573953423264,0.0549613783197765));
#7612=CARTESIAN_POINT('',(-0.0382596799166404,0.0927738291069081,0.0574592408991031));
#7613=CARTESIAN_POINT('',(-0.0386221799142374,0.0923133634724501,0.059326607185753));
#7614=CARTESIAN_POINT('',(-0.0394790870419872,0.0911836138353992,0.0636627658292328));
#7615=CARTESIAN_POINT('',(-0.0399773180639282,0.0904956035233873,0.066124280344779));
#7616=CARTESIAN_POINT('',(-0.0407335768182392,0.0894047031126045,0.0697910223547329));
#7617=CARTESIAN_POINT('',(-0.0409871085015586,0.0890313707442538,0.0710089798365688));
#7618=CARTESIAN_POINT('',(-0.0414959433619496,0.0882674493982655,0.07343568477915));
#7619=CARTESIAN_POINT('',(-0.0417513478869188,0.0878766538928834,0.0746443589595668));
#7620=CARTESIAN_POINT('',(-0.0422621994351207,0.0870811897605262,0.0770523077819473));
#7621=CARTESIAN_POINT('',(-0.0425175458737092,0.0866767261059299,0.0782516551523633));
#7622=CARTESIAN_POINT('',(-0.0430253452264339,0.0858597688548139,0.0806416335871214));
#7623=CARTESIAN_POINT('',(-0.0432776023115204,0.0854474447756608,0.0818323754422451));
#7624=CARTESIAN_POINT('',(-0.0436535428473043,0.0848254735850427,0.0836113494420984));
#7625=CARTESIAN_POINT('',(-0.0437784609418703,0.084617558537062,0.0842031441338007));
#7626=CARTESIAN_POINT('',(-0.044027548712178,0.0842008923183814,0.0853841900527894));
#7627=CARTESIAN_POINT('',(-0.0441518336421498,0.0839919898155139,0.0859733607988202));
#7628=CARTESIAN_POINT('',(-0.0443573580915629,0.0836447619087886,0.086953783662001));
#7629=CARTESIAN_POINT('',(-0.0444391212271677,0.0835061424863743,0.0873455553257603));
#7630=CARTESIAN_POINT('',(-0.0445201937023526,0.0833681747071844,0.0877370832760779));
#7631=CARTESIAN_POINT('',(-0.0241849990402313,0.102751524757921,-0.0121665842784927));
#7632=CARTESIAN_POINT('',(-0.0242555857117357,0.102729018890597,-0.0117429910317188));
#7633=CARTESIAN_POINT('',(-0.0243274394911952,0.102705833561763,-0.0113194668967191));
#7634=CARTESIAN_POINT('',(-0.0246195357273246,0.102610353072931,-0.00962561152314752));
#7635=CARTESIAN_POINT('',(-0.0248489854053933,0.102532598012447,-0.00835574285644907));
#7636=CARTESIAN_POINT('',(-0.0255627232212084,0.102280217102342,-0.00454726033293849));
#7637=CARTESIAN_POINT('',(-0.0260728094055315,0.102086426828166,-0.00200982231104034));
#7638=CARTESIAN_POINT('',(-0.0271368623490614,0.101643425227546,0.00306356061272344));
#7639=CARTESIAN_POINT('',(-0.0276905648651541,0.101393942065972,0.00559966634701047));
#7640=CARTESIAN_POINT('',(-0.0288190626150076,0.100837113075644,0.0106708640815911));
#7641=CARTESIAN_POINT('',(-0.0293939410318791,0.100529909643583,0.0132058297586662));
#7642=CARTESIAN_POINT('',(-0.0305445766195826,0.099857593343576,0.0182739971699363));
#7643=CARTESIAN_POINT('',(-0.0311207342018783,0.0994926480172122,0.0208072888171604));
#7644=CARTESIAN_POINT('',(-0.0319755117916515,0.0989036702697621,0.0246066158762774));
#7645=CARTESIAN_POINT('',(-0.03225889350034,0.098700419081572,0.0258729416974318));
#7646=CARTESIAN_POINT('',(-0.0328214791556143,0.0982803655346712,0.0284051373721268));
#7647=CARTESIAN_POINT('',(-0.0331005936590191,0.0980636255243745,0.0296709231944594));
#7648=CARTESIAN_POINT('',(-0.0335158757538783,0.0977281857773678,0.0315696195958373));
#7649=CARTESIAN_POINT('',(-0.0336537496332281,0.0976146426368519,0.0322025343765498));
#7650=CARTESIAN_POINT('',(-0.033928398073192,0.0973840354936528,0.03346848901114));
#7651=CARTESIAN_POINT('',(-0.0340651623378076,0.097266981096502,0.034101499681485));
#7652=CARTESIAN_POINT('',(-0.0343373399326651,0.0970295322420632,0.0353670043245141));
#7653=CARTESIAN_POINT('',(-0.03447284686896,0.0969090527516842,0.0359994647708817));
#7654=CARTESIAN_POINT('',(-0.0347417773359336,0.0966653708240022,0.0372634651626634));
#7655=CARTESIAN_POINT('',(-0.0348750629063028,0.0965422937118377,0.0378950545204908));
#7656=CARTESIAN_POINT('',(-0.0352681494661411,0.0961722167531777,0.0397887481434302));
#7657=CARTESIAN_POINT('',(-0.0355195867888693,0.095925628339827,0.0410498622903013));
#7658=CARTESIAN_POINT('',(-0.036011909864663,0.0954259525150335,0.0435687593571449));
#7659=CARTESIAN_POINT('',(-0.0362537800199509,0.0951722144455023,0.0448264855057117));
#7660=CARTESIAN_POINT('',(-0.0367335180760257,0.0946535999691162,0.0473382335677724));
#7661=CARTESIAN_POINT('',(-0.0369710704060322,0.0943889631340694,0.0485923042761283));
#7662=CARTESIAN_POINT('',(-0.0374445084106697,0.0938463572102356,0.0510964696111416));
#7663=CARTESIAN_POINT('',(-0.0376804832523881,0.0935682255852326,0.0523464895822933));
#7664=CARTESIAN_POINT('',(-0.0380362646551741,0.0931374855570712,0.0542175536942406));
#7665=CARTESIAN_POINT('',(-0.0381551696694264,0.0929916404656257,0.0548405813650598));
#7666=CARTESIAN_POINT('',(-0.0386329085355094,0.0923982038941067,0.0573297520677471));
#7667=CARTESIAN_POINT('',(-0.03899569825485,0.0919307803600047,0.059189993800417));
#7668=CARTESIAN_POINT('',(-0.0398528265390758,0.0907858443484095,0.0635093406496221));
#7669=CARTESIAN_POINT('',(-0.0403508382959912,0.0900899507222399,0.0659611416017499));
#7670=CARTESIAN_POINT('',(-0.0411064350134187,0.0889886029627519,0.0696136554420745));
#7671=CARTESIAN_POINT('',(-0.0413596906482009,0.0886120161973858,0.0708269378873484));
#7672=CARTESIAN_POINT('',(-0.0418678955018397,0.0878420540598722,0.0732446434500711));
#7673=CARTESIAN_POINT('',(-0.0421229434312884,0.0874484697488986,0.0744489908176825));
#7674=CARTESIAN_POINT('',(-0.0426330525721031,0.0866479224083439,0.0768488668822201));
#7675=CARTESIAN_POINT('',(-0.0428880158162687,0.0862411667440655,0.07804447075851));
#7676=CARTESIAN_POINT('',(-0.0433950996667592,0.0854201749924087,0.0804278026585008));
#7677=CARTESIAN_POINT('',(-0.0436470341736848,0.0850061115609698,0.0816156564566326));
#7678=CARTESIAN_POINT('',(-0.0440224969092092,0.0843819527613238,0.0833909838206444));
#7679=CARTESIAN_POINT('',(-0.0441472561471062,0.0841733785530056,0.0839816762830126));
#7680=CARTESIAN_POINT('',(-0.0443960172903974,0.0837555342314649,0.0851607468085096));
#7681=CARTESIAN_POINT('',(-0.0445201298322706,0.0835461088127346,0.0857490394478591));
#7682=CARTESIAN_POINT('',(-0.0447253926322679,0.0831981617927287,0.0867282358186182));
#7683=CARTESIAN_POINT('',(-0.0448070585647982,0.0830592958958683,0.0871195807465052));
#7684=CARTESIAN_POINT('',(-0.044888049888791,0.0829211314687379,0.0875107569246514));
#7685=CARTESIAN_POINT('',(-0.0242734181982895,0.102725624498665,-0.0121760799929022));
#7686=CARTESIAN_POINT('',(-0.0243446556488119,0.10270271454737,-0.0117526669973242));
#7687=CARTESIAN_POINT('',(-0.0244171736596653,0.102679110985272,-0.0113293233770878));
#7688=CARTESIAN_POINT('',(-0.0247119778452847,0.102581899505509,-0.00963619127667554));
#7689=CARTESIAN_POINT('',(-0.0249435739329568,0.102502715528078,-0.00836686750721398));
#7690=CARTESIAN_POINT('',(-0.0256640321907652,0.102245626857548,-0.00456003415800449));
#7691=CARTESIAN_POINT('',(-0.0261789719208488,0.102048136845375,-0.00202371565972782));
#7692=CARTESIAN_POINT('',(-0.0272531062163296,0.10159646038666,0.00304733872120935));
#7693=CARTESIAN_POINT('',(-0.0278120474547286,0.101341981203726,0.00558223518340968));
#7694=CARTESIAN_POINT('',(-0.0289509480974989,0.100773878479051,0.0106508773046452));
#7695=CARTESIAN_POINT('',(-0.0295309803724219,0.100460408974084,0.0131844973487622));
#7696=CARTESIAN_POINT('',(-0.0306913245977565,0.0997744535877879,0.0182497885154213));
#7697=CARTESIAN_POINT('',(-0.0312720508370754,0.0994021445764607,0.0207815471128548));
#7698=CARTESIAN_POINT('',(-0.0321330247069257,0.0988015307044328,0.0245783688282412));
#7699=CARTESIAN_POINT('',(-0.0324183609813252,0.0985943047884103,0.0258438254640877));
#7700=CARTESIAN_POINT('',(-0.0329845655933914,0.0981661994055764,0.0283742088980907));
#7701=CARTESIAN_POINT('',(-0.033265326949164,0.0979453974574027,0.0296390545386349));
#7702=CARTESIAN_POINT('',(-0.03368292030852,0.0976037601551193,0.0315362629527209));
#7703=CARTESIAN_POINT('',(-0.0338215407934858,0.0974881313898986,0.0321686683529259));
#7704=CARTESIAN_POINT('',(-0.0340976517196786,0.0972533026831087,0.0334335725200237));
#7705=CARTESIAN_POINT('',(-0.0342351260683819,0.0971341174283792,0.0340660429856742));
#7706=CARTESIAN_POINT('',(-0.0345085640483016,0.0968924737309685,0.0353304527931892));
#7707=CARTESIAN_POINT('',(-0.0346446100869887,0.0967699355665375,0.0359623602564809));
#7708=CARTESIAN_POINT('',(-0.0349144015013759,0.0965222817338359,0.0372252469447972));
#7709=CARTESIAN_POINT('',(-0.0350480254216806,0.0963972835626388,0.0378562731537257));
#7710=CARTESIAN_POINT('',(-0.0354420195653874,0.0960216349651145,0.0397482309341713));
#7711=CARTESIAN_POINT('',(-0.035693970176015,0.0957715956635175,0.0410081181993373));
#7712=CARTESIAN_POINT('',(-0.0361871343728616,0.0952653855136696,0.0435244120456941));
#7713=CARTESIAN_POINT('',(-0.0364293137305852,0.0950085537878751,0.0447807685803255));
#7714=CARTESIAN_POINT('',(-0.0369094964386652,0.0944840282269557,0.0472895801513181));
#7715=CARTESIAN_POINT('',(-0.0371471901701347,0.0942165768968604,0.0485420799025109));
#7716=CARTESIAN_POINT('',(-0.0376208089723107,0.0936685801773178,0.0510428359627082));
#7717=CARTESIAN_POINT('',(-0.0378568182171633,0.0933878734350663,0.05229102218633));
#7718=CARTESIAN_POINT('',(-0.0382125723390449,0.0929534276542366,0.0541591319655298));
#7719=CARTESIAN_POINT('',(-0.0383314550844065,0.0928063734000969,0.0547811405625319));
#7720=CARTESIAN_POINT('',(-0.0388090542367285,0.0922081975534034,0.0572660989211534));
#7721=CARTESIAN_POINT('',(-0.039171626205949,0.0917374409642064,0.0591228873775285));
#7722=CARTESIAN_POINT('',(-0.0400280622304532,0.0905852459548014,0.0634340926116723));
#7723=CARTESIAN_POINT('',(-0.0405255390880859,0.0898855964874724,0.0658811950215722));
#7724=CARTESIAN_POINT('',(-0.041280220636812,0.0887792876236031,0.0695268324100539));
#7725=CARTESIAN_POINT('',(-0.0415331517228628,0.0884011597254585,0.0707378570897461));
#7726=CARTESIAN_POINT('',(-0.0420406763961799,0.0876283597198911,0.073151227681885));
#7727=CARTESIAN_POINT('',(-0.0422953650973408,0.0872334803700637,0.0743534981135722));
#7728=CARTESIAN_POINT('',(-0.042804754235627,0.0864305964051706,0.0767495110388031));
#7729=CARTESIAN_POINT('',(-0.0430593602751626,0.0860227974717622,0.0779433284446586));
#7730=CARTESIAN_POINT('',(-0.0435658005430814,0.0851999614871419,0.0803234851036344));
#7731=CARTESIAN_POINT('',(-0.0438174629156503,0.0847850863689488,0.0815099512520158));
#7732=CARTESIAN_POINT('',(-0.0441924903038008,0.0841599831906579,0.0832835658762964));
#7733=CARTESIAN_POINT('',(-0.0443170990216585,0.0839511403771474,0.0838737488119939));
#7734=CARTESIAN_POINT('',(-0.0445655285205674,0.0835328712894391,0.0850519342955829));
#7735=CARTESIAN_POINT('',(-0.0446894529279747,0.0833232938741222,0.085639852107175));
#7736=CARTESIAN_POINT('',(-0.044894422720808,0.0829751667963915,0.0866185386731354));
#7737=CARTESIAN_POINT('',(-0.0449759778609965,0.0828362478623618,0.0870097102300781));
#7738=CARTESIAN_POINT('',(-0.0450568771079636,0.0826980433048377,0.0874007437582247));
#7739=CARTESIAN_POINT('',(-0.0244488703224435,0.102672042213376,-0.012194996195765));
#7740=CARTESIAN_POINT('',(-0.0245214090557306,0.102648291001932,-0.0117719445103675));
#7741=CARTESIAN_POINT('',(-0.0245952550588636,0.102623816678313,-0.0113489628719277));
#7742=CARTESIAN_POINT('',(-0.0248954723396731,0.102523001090078,-0.00965728170880696));
#7743=CARTESIAN_POINT('',(-0.0251313573946508,0.102440841410439,-0.00838905237512937));
#7744=CARTESIAN_POINT('',(-0.0258652324815201,0.102173948993823,-0.0045855348971709));
#7745=CARTESIAN_POINT('',(-0.0263898457430389,0.10196875490723,-0.00205147182368737));
#7746=CARTESIAN_POINT('',(-0.0274839893386679,0.101499029250037,0.00301488720178993));
#7747=CARTESIAN_POINT('',(-0.0280532894584388,0.101234158219992,0.00554734276320299));
#7748=CARTESIAN_POINT('',(-0.0292126122588716,0.100642653924894,0.0106108305638798));
#7749=CARTESIAN_POINT('',(-0.02980268457347,0.1003162021068,0.0131417392013165));
#7750=CARTESIAN_POINT('',(-0.030981701361911,0.0996020859501717,0.0182012488688393));
#7751=CARTESIAN_POINT('',(-0.0315710961386128,0.0992146128204249,0.0207299310974821));
#7752=CARTESIAN_POINT('',(-0.0324436561237871,0.0985900860388353,0.0245217257968161));
#7753=CARTESIAN_POINT('',(-0.0327326133254338,0.0983747018077056,0.025785439045022));
#7754=CARTESIAN_POINT('',(-0.0333054006183765,0.0979301349561944,0.0283122001129337));
#7755=CARTESIAN_POINT('',(-0.0335890729015797,0.0977010758452033,0.0295751763752965));
#7756=CARTESIAN_POINT('',(-0.0340107242059282,0.0973468282265255,0.0314694187218346));
#7757=CARTESIAN_POINT('',(-0.0341506537602422,0.097226951494423,0.0321008069664217));
#7758=CARTESIAN_POINT('',(-0.0344293470684621,0.096983500099964,0.033363605905804));
#7759=CARTESIAN_POINT('',(-0.0345680775581317,0.096859955795466,0.0339949914368939));
#7760=CARTESIAN_POINT('',(-0.0348436110560956,0.0966098241657554,0.0352572254829097));
#7761=CARTESIAN_POINT('',(-0.0349804622137936,0.0964831785042842,0.0358880480973779));
#7762=CARTESIAN_POINT('',(-0.0352512839589768,0.0962277508617729,0.0371487859199346));
#7763=CARTESIAN_POINT('',(-0.0353851835819632,0.0960990548590221,0.0377787393011437));
#7764=CARTESIAN_POINT('',(-0.0357798221692806,0.0957127093260103,0.0396673873118719));
#7765=CARTESIAN_POINT('',(-0.0360321300229982,0.0954560292230435,0.0409249166834703));
#7766=CARTESIAN_POINT('',(-0.0365257218941844,0.0949372786009304,0.0434361992369436));
#7767=CARTESIAN_POINT('',(-0.0367679038344306,0.0946745501735377,0.0446899219699101));
#7768=CARTESIAN_POINT('',(-0.0372477623279889,0.0941388213683723,0.0471930890301263));
#7769=CARTESIAN_POINT('',(-0.0374851506057538,0.0938660620301259,0.0484425680113849));
#7770=CARTESIAN_POINT('',(-0.0379580220973855,0.0933079092807431,0.0509367568101001));
#7771=CARTESIAN_POINT('',(-0.0381935746527443,0.0930223612230934,0.0521814067253134));
#7772=CARTESIAN_POINT('',(-0.0385485137460215,0.0925809665111985,0.0540438176272473));
#7773=CARTESIAN_POINT('',(-0.0386671030431884,0.0924316480111187,0.0546638601964886));
#7774=CARTESIAN_POINT('',(-0.0391434408845453,0.0918246108589985,0.057140692381077));
#7775=CARTESIAN_POINT('',(-0.0395048736863179,0.0913476524037224,0.0589908199609362));
#7776=CARTESIAN_POINT('',(-0.0403583744034888,0.0901820098767976,0.0632863480596011));
#7777=CARTESIAN_POINT('',(-0.0408539658865393,0.0894754496030728,0.0657244242511015));
#7778=CARTESIAN_POINT('',(-0.0416057049698017,0.0883600726308096,0.0693568742778948));
#7779=CARTESIAN_POINT('',(-0.0418576330508286,0.087979142679574,0.0705635747891533));
#7780=CARTESIAN_POINT('',(-0.0423631034051186,0.0872012535249217,0.0729686748557854));
#7781=CARTESIAN_POINT('',(-0.0426167287021242,0.0868040986168147,0.0741670034087237));
#7782=CARTESIAN_POINT('',(-0.0431240115049444,0.085997182748757,0.076555718023677));
#7783=CARTESIAN_POINT('',(-0.0433775866122703,0.0855876160196401,0.077746174553406));
#7784=CARTESIAN_POINT('',(-0.0438821982610216,0.0847616305021051,0.0801203492075264));
#7785=CARTESIAN_POINT('',(-0.0441331118425379,0.0843453177175435,0.081304179997842));
#7786=CARTESIAN_POINT('',(-0.0445068890673268,0.0837187721774487,0.0830746478492919));
#7787=CARTESIAN_POINT('',(-0.0446310568805709,0.0835095710548254,0.0836639171171518));
#7788=CARTESIAN_POINT('',(-0.0448784838522977,0.083090926272551,0.0848405940986424));
#7789=CARTESIAN_POINT('',(-0.0450018224356845,0.0828813570228085,0.0854279266283617));
#7790=CARTESIAN_POINT('',(-0.0452058709104756,0.0825333796435464,0.0864058584538827));
#7791=CARTESIAN_POINT('',(-0.0452870754170814,0.0823945534880679,0.0867967857080691));
#7792=CARTESIAN_POINT('',(-0.0453676838108797,0.0822564332857176,0.0871876189206493));
#7793=CARTESIAN_POINT('',(-0.024535894889713,0.102644360459102,-0.0122044158561798));
#7794=CARTESIAN_POINT('',(-0.0246090841117817,0.102620172062033,-0.0117815452201242));
#7795=CARTESIAN_POINT('',(-0.0246835938609751,0.102595245200154,-0.011358745039472));
#7796=CARTESIAN_POINT('',(-0.0249865162289723,0.102492556451993,-0.00966779150510779));
#7797=CARTESIAN_POINT('',(-0.0252245438003699,0.102408849949694,-0.00840011168721132));
#7798=CARTESIAN_POINT('',(-0.0259651151516687,0.102136861418923,-0.00459826084757537));
#7799=CARTESIAN_POINT('',(-0.0264945483165291,0.101927662889196,-0.00206533364867908));
#7800=CARTESIAN_POINT('',(-0.0275986196273468,0.101448562648818,0.00299865860676707));
#7801=CARTESIAN_POINT('',(-0.0281730397650397,0.101178295647137,0.00552988255347249));
#7802=CARTESIAN_POINT('',(-0.029342381345529,0.100574663276264,0.0105907716929922));
#7803=CARTESIAN_POINT('',(-0.0299373394866281,0.100241495133234,0.0131203145909703));
#7804=CARTESIAN_POINT('',(-0.0311253190991701,0.099512857325298,0.0181769191319677));
#7805=CARTESIAN_POINT('',(-0.0317188130349125,0.0991175838668114,0.0207040581311781));
#7806=CARTESIAN_POINT('',(-0.0325967616439651,0.0984807805666227,0.0244933313182092));
#7807=CARTESIAN_POINT('',(-0.0328873847738711,0.0982612128610371,0.0257561704234633));
#7808=CARTESIAN_POINT('',(-0.0334631347155679,0.0978082367718316,0.02828112153274));
#7809=CARTESIAN_POINT('',(-0.0337480703751823,0.0975749827581802,0.0295431687178896));
#7810=CARTESIAN_POINT('',(-0.0341714673979484,0.0972143228288036,0.0314359331519265));
#7811=CARTESIAN_POINT('',(-0.0343119591184442,0.097092283892923,0.0320668136736419));
#7812=CARTESIAN_POINT('',(-0.0345917718361178,0.0968444315853878,0.0333285579375109));
#7813=CARTESIAN_POINT('',(-0.034731048173824,0.09671865917545,0.0339593987754183));
#7814=CARTESIAN_POINT('',(-0.0350074160534805,0.096464234878035,0.0352205520427185));
#7815=CARTESIAN_POINT('',(-0.0351445326427298,0.0963355407573711,0.0358508429105436));
#7816=CARTESIAN_POINT('',(-0.0354155220936028,0.0960763123164761,0.0371105459225308));
#7817=CARTESIAN_POINT('',(-0.0355493580395248,0.0959458402411893,0.0377399898449855));
#7818=CARTESIAN_POINT('',(-0.0359437305342589,0.0955543714890203,0.0396270645866675));
#7819=CARTESIAN_POINT('',(-0.036195880804993,0.095294502670734,0.0408834633356512));
#7820=CARTESIAN_POINT('',(-0.0366890564677517,0.0947697482085141,0.0433923385988895));
#7821=CARTESIAN_POINT('',(-0.0369309304510049,0.0945042179148541,0.044644797557778));
#7822=CARTESIAN_POINT('',(-0.0374100174583021,0.0939631993461407,0.0471452574850071));
#7823=CARTESIAN_POINT('',(-0.0376469576332458,0.0936879476902402,0.0483932871203327));
#7824=CARTESIAN_POINT('',(-0.0381188987496899,0.0931250320010841,0.050884318902744));
#7825=CARTESIAN_POINT('',(-0.0383539591759546,0.0928372188558039,0.0521272667636037));
#7826=CARTESIAN_POINT('',(-0.0387081090547492,0.0923925826003316,0.0539869339290241));
#7827=CARTESIAN_POINT('',(-0.0388264266981702,0.0922422095568751,0.0546060298217906));
#7828=CARTESIAN_POINT('',(-0.0393016410854374,0.0916310525205435,0.057078949322951));
#7829=CARTESIAN_POINT('',(-0.0396621511750775,0.091151226830444,0.0589258702415461));
#7830=CARTESIAN_POINT('',(-0.0405134060668318,0.0899793993398367,0.0632138650940362));
#7831=CARTESIAN_POINT('',(-0.0410076456762048,0.0892696860377043,0.0656476149696621));
#7832=CARTESIAN_POINT('',(-0.041757355595621,0.0881502047575337,0.0692737561340457));
#7833=CARTESIAN_POINT('',(-0.0420086046332071,0.0877680147562028,0.0704783909278976));
#7834=CARTESIAN_POINT('',(-0.0425126996982326,0.0869878760688212,0.072879556823639));
#7835=CARTESIAN_POINT('',(-0.0427656202467073,0.0865897415352497,0.0740760211401621));
#7836=CARTESIAN_POINT('',(-0.0432715156039665,0.0857811321534925,0.0764613019702584));
#7837=CARTESIAN_POINT('',(-0.0435244164529353,0.0853708417532058,0.077650184766236));
#7838=CARTESIAN_POINT('',(-0.0440278421553974,0.0845435524039917,0.080021553840682));
#7839=CARTESIAN_POINT('',(-0.0442782787399882,0.0841266141860717,0.0812041374024212));
#7840=CARTESIAN_POINT('',(-0.0446512404770523,0.083499571763258,0.0829731720271354));
#7841=CARTESIAN_POINT('',(-0.0447751176525213,0.0832902813544853,0.0835620374390826));
#7842=CARTESIAN_POINT('',(-0.045021873113156,0.082871686688444,0.084738091612886));
#7843=CARTESIAN_POINT('',(-0.0451448136124388,0.0826622782612147,0.0853252140717925));
#7844=CARTESIAN_POINT('',(-0.0453482331380539,0.0823146317034477,0.0863029015664814));
#7845=CARTESIAN_POINT('',(-0.0454291975558248,0.0821759517759562,0.0866937581195745));
#7846=CARTESIAN_POINT('',(-0.0455096069665265,0.0820379564006641,0.0870845338584754));
#7847=CARTESIAN_POINT('',(-0.0247111383181293,0.102586811100073,-0.0122234452475869));
#7848=CARTESIAN_POINT('',(-0.0247856434140346,0.102561709060601,-0.0118009420003531));
#7849=CARTESIAN_POINT('',(-0.0248614955624924,0.10253583645168,-0.0113785101308692));
#7850=CARTESIAN_POINT('',(-0.0251698875147549,0.102429232959443,-0.00968903385650736));
#7851=CARTESIAN_POINT('',(-0.0254122444514583,0.102342293398712,-0.0084224705414205));
#7852=CARTESIAN_POINT('',(-0.0261663317276724,0.102059654557762,-0.00462400793916844));
#7853=CARTESIAN_POINT('',(-0.0267054734562558,0.101842089092879,-0.00209339246225741));
#7854=CARTESIAN_POINT('',(-0.0278294527651072,0.101343422061872,0.00296578250123068));
#7855=CARTESIAN_POINT('',(-0.0284140964668229,0.101061898400188,0.00549449914973651));
#7856=CARTESIAN_POINT('',(-0.0296033017660724,0.100433018776935,0.0105501039135372));
#7857=CARTESIAN_POINT('',(-0.0302078730369107,0.100085895882689,0.0130768727746777));
#7858=CARTESIAN_POINT('',(-0.0314132726859204,0.0993271869789564,0.0181275892494615));
#7859=CARTESIAN_POINT('',(-0.0320146240662577,0.098915802819852,0.0206516053951609));
#7860=CARTESIAN_POINT('',(-0.0329027371942744,0.0982536987108546,0.0244357776857426));
#7861=CARTESIAN_POINT('',(-0.0331964697099847,0.0980255199915896,0.0256968491442605));
#7862=CARTESIAN_POINT('',(-0.0337776400906062,0.0975552994365273,0.0282181505767437));
#7863=CARTESIAN_POINT('',(-0.0340648103067885,0.0973134894844421,0.029478332333178));
#7864=CARTESIAN_POINT('',(-0.0344912594302001,0.0969397421446074,0.0313681239913342));
#7865=CARTESIAN_POINT('',(-0.0346327303927067,0.0968132864817156,0.0319979819224323));
#7866=CARTESIAN_POINT('',(-0.0349145056022367,0.0965564220482777,0.0332575962168571));
#7867=CARTESIAN_POINT('',(-0.0350547389317417,0.096426081003379,0.0338873353085005));
#7868=CARTESIAN_POINT('',(-0.035332443844879,0.0961629445604161,0.0351463206735632));
#7869=CARTESIAN_POINT('',(-0.0354698869916855,0.0960301498277289,0.0357755561845453));
#7870=CARTESIAN_POINT('',(-0.035740710680142,0.095763465747958,0.0370332353355734));
#7871=CARTESIAN_POINT('',(-0.0358741331331126,0.0956295754202154,0.0376616948377257));
#7872=CARTESIAN_POINT('',(-0.0362671288533824,0.0952282840235066,0.0395457297259002));
#7873=CARTESIAN_POINT('',(-0.0365184600551624,0.0949622969963649,0.0407999318995325));
#7874=CARTESIAN_POINT('',(-0.0370098428701161,0.0944260751108468,0.0433041278430426));
#7875=CARTESIAN_POINT('',(-0.0372506267737125,0.094155244375292,0.0445541344497886));
#7876=CARTESIAN_POINT('',(-0.0377272362134579,0.0936043003217231,0.0470493457505916));
#7877=CARTESIAN_POINT('',(-0.0379628251965294,0.0933244077910824,0.0482945656613263));
#7878=CARTESIAN_POINT('',(-0.0384320409309445,0.0927526464355557,0.0507794692256969));
#7879=CARTESIAN_POINT('',(-0.0386657044334885,0.0924606438841625,0.0520191107532744));
#7880=CARTESIAN_POINT('',(-0.0390176778402582,0.0920100404855134,0.0538734484935038));
#7881=CARTESIAN_POINT('',(-0.039135256291103,0.091857731156918,0.0544907056269265));
#7882=CARTESIAN_POINT('',(-0.0396074516301363,0.0912390298198338,0.056956026964044));
#7883=CARTESIAN_POINT('',(-0.0399655638924082,0.0907540000790742,0.05879672435048));
#7884=CARTESIAN_POINT('',(-0.040811112699276,0.089571039140759,0.063070136470081));
#7885=CARTESIAN_POINT('',(-0.0413020123166054,0.0888557242007666,0.0654955413431825));
#7886=CARTESIAN_POINT('',(-0.0420468038510907,0.0877290452656639,0.0691095456471014));
#7887=CARTESIAN_POINT('',(-0.0422964222090637,0.0873446684915007,0.0703102140647747));
#7888=CARTESIAN_POINT('',(-0.0427972316620588,0.0865607301006648,0.0727038650552929));
#7889=CARTESIAN_POINT('',(-0.0430484759797392,0.0861610119995739,0.0738967936380787));
#7890=CARTESIAN_POINT('',(-0.043551080919234,0.0853497816520017,0.076275603240985));
#7891=CARTESIAN_POINT('',(-0.043802388719211,0.084938424711451,0.0774615378445643));
#7892=CARTESIAN_POINT('',(-0.0443030303222989,0.0841091710709947,0.0798276407788498));
#7893=CARTESIAN_POINT('',(-0.0445523633870947,0.0836912036608574,0.0810078575848852));
#7894=CARTESIAN_POINT('',(-0.0449234006902446,0.0830636969065421,0.0827742990047368));
#7895=CARTESIAN_POINT('',(-0.0450465861212322,0.0828544397502621,0.0833624625184402));
#7896=CARTESIAN_POINT('',(-0.045291723009702,0.0824365056868133,0.084537540602925));
#7897=CARTESIAN_POINT('',(-0.0454136932743248,0.0822277878229599,0.0851244156093148));
#7898=CARTESIAN_POINT('',(-0.0456155750283866,0.0818814049431303,0.0861018941073756));
#7899=CARTESIAN_POINT('',(-0.0456959512418185,0.081743252160513,0.0864927177594971));
#7900=CARTESIAN_POINT('',(-0.0457758737707515,0.0816057005009179,0.0868834683882743));
#7901=CARTESIAN_POINT('',(-0.0247993487804498,0.102556943767077,-0.0122330541505408));
#7902=CARTESIAN_POINT('',(-0.024874519246445,0.10253136526138,-0.0118107372331441));
#7903=CARTESIAN_POINT('',(-0.0249510500332815,0.102504999433675,-0.011388492207795));
#7904=CARTESIAN_POINT('',(-0.0252622064241092,0.102396354314901,-0.00969976552930353));
#7905=CARTESIAN_POINT('',(-0.0255067501684162,0.102307728481,-0.0084337691784792));
#7906=CARTESIAN_POINT('',(-0.026267656982478,0.102019535315532,-0.00463702811666108));
#7907=CARTESIAN_POINT('',(-0.0268116872891098,0.101797607251917,-0.00210758846056367));
#7908=CARTESIAN_POINT('',(-0.0279456466477974,0.101288747770664,0.00294913602359962));
#7909=CARTESIAN_POINT('',(-0.0285353937544705,0.101001363274728,0.00547657700260645));
#7910=CARTESIAN_POINT('',(-0.0297344435077345,0.100359364235172,0.0105294960979016));
#7911=CARTESIAN_POINT('',(-0.0303437417266878,0.100005002829929,0.0130548566959269));
#7912=CARTESIAN_POINT('',(-0.03155759748669,0.099230744514443,0.0181025903590223));
#7913=CARTESIAN_POINT('',(-0.0321627064312626,0.0988110500881769,0.0206250269702108));
#7914=CARTESIAN_POINT('',(-0.0330555942429966,0.0981359219553546,0.0244066200366651));
#7915=CARTESIAN_POINT('',(-0.0333507697829748,0.0979033158096852,0.0256667980507793));
#7916=CARTESIAN_POINT('',(-0.0339343968784364,0.0974242604215102,0.0281862599318683));
#7917=CARTESIAN_POINT('',(-0.0342225375761238,0.0971780897559318,0.0294455054559805));
#7918=CARTESIAN_POINT('',(-0.0346502921196853,0.0967976677667566,0.0313338024185118));
#7919=CARTESIAN_POINT('',(-0.0347921798604705,0.0966689577190306,0.0319631455341031));
#7920=CARTESIAN_POINT('',(-0.0350747976660587,0.0964074822837681,0.0332216846193069));
#7921=CARTESIAN_POINT('',(-0.0352154419304839,0.0962748007960984,0.033850866694552));
#7922=CARTESIAN_POINT('',(-0.03549364874412,0.0960072452969157,0.0351087650833626));
#7923=CARTESIAN_POINT('',(-0.0356311524318651,0.0958723987751934,0.0357374771032493));
#7924=CARTESIAN_POINT('',(-0.0359016409745228,0.0956020609613367,0.0369941675556125));
#7925=CARTESIAN_POINT('',(-0.0360347125817957,0.0954665291536594,0.0376221523162829));
#7926=CARTESIAN_POINT('',(-0.036426594667859,0.095060540409034,0.0395047212781734));
#7927=CARTESIAN_POINT('',(-0.0366772628454945,0.0947916250861602,0.0407578578883168));
#7928=CARTESIAN_POINT('',(-0.0371672662593562,0.0942499419245549,0.0432597825844954));
#7929=CARTESIAN_POINT('',(-0.0374072667032092,0.0939766137924401,0.0445086010268285));
#7930=CARTESIAN_POINT('',(-0.0378821674419296,0.0934210364137284,0.0470012717209136));
#7931=CARTESIAN_POINT('',(-0.0381168520882964,0.09313899652145,0.0482451317198286));
#7932=CARTESIAN_POINT('',(-0.0385842705487652,0.092563154733684,0.0507270650528245));
#7933=CARTESIAN_POINT('',(-0.0388170282202166,0.0922692289743276,0.0519651028079984));
#7934=CARTESIAN_POINT('',(-0.0391676129026613,0.0918159016108987,0.0538168556675551));
#7935=CARTESIAN_POINT('',(-0.0392847233402339,0.0916627110804103,0.0544332209955779));
#7936=CARTESIAN_POINT('',(-0.0397550212282375,0.0910405874728259,0.0568948579986197));
#7937=CARTESIAN_POINT('',(-0.0401116570804689,0.0905532224923902,0.0587325394531177));
#7938=CARTESIAN_POINT('',(-0.0409537428500619,0.0893653166260772,0.0629989043602469));
#7939=CARTESIAN_POINT('',(-0.0414426529506475,0.0886475550134609,0.0654202919069958));
#7940=CARTESIAN_POINT('',(-0.042184553396964,0.0875177854274388,0.0690284702602955));
#7941=CARTESIAN_POINT('',(-0.0424332195316164,0.0871324828007557,0.0702272387046425));
#7942=CARTESIAN_POINT('',(-0.0429321175112865,0.0863469959874967,0.0726173103448604));
#7943=CARTESIAN_POINT('',(-0.0431823897740403,0.0859466748383122,0.0738085681367336));
#7944=CARTESIAN_POINT('',(-0.0436830906287081,0.0851345188037513,0.0761843416834207));
#7945=CARTESIAN_POINT('',(-0.0439334791072729,0.0847228198495149,0.0773689025002939));
#7946=CARTESIAN_POINT('',(-0.0444325216475823,0.0838929072177678,0.0797325460582592));
#7947=CARTESIAN_POINT('',(-0.0446812278492791,0.0834745365950274,0.0809116438169062));
#7948=CARTESIAN_POINT('',(-0.0450511555345024,0.0828470634923693,0.0826769260649947));
#7949=CARTESIAN_POINT('',(-0.0451739396055829,0.0826379292925026,0.0832647918216213));
#7950=CARTESIAN_POINT('',(-0.0454181288046877,0.0822206067600448,0.0844395172769779));
#7951=CARTESIAN_POINT('',(-0.045539526524205,0.0820124192974064,0.0850263552849662));
#7952=CARTESIAN_POINT('',(-0.0457404988175917,0.0816669703393209,0.0860038697220397));
#7953=CARTESIAN_POINT('',(-0.0458205266679255,0.0815291988858571,0.0863947314050017));
#7954=CARTESIAN_POINT('',(-0.045900161091233,0.0813919664563914,0.086785514589222));
#7955=CARTESIAN_POINT('',(-0.0248901113198328,0.10252570781479,-0.0122429580287347));
#7956=CARTESIAN_POINT('',(-0.0249659640894397,0.102499629687564,-0.0118208332311581));
#7957=CARTESIAN_POINT('',(-0.0250431905593057,0.102472746686612,-0.0113987808487295));
#7958=CARTESIAN_POINT('',(-0.0253571797965781,0.102361960855482,-0.00971082699146993));
#7959=CARTESIAN_POINT('',(-0.0256039622249015,0.102271566987955,-0.00844541508704547));
#7960=CARTESIAN_POINT('',(-0.0263718408188784,0.101977551695762,-0.00465044816636126));
#7961=CARTESIAN_POINT('',(-0.0269208565377855,0.101751052716818,-0.00212221961680101));
#7962=CARTESIAN_POINT('',(-0.0280649509888726,0.101231527216323,0.00293198337793315));
#7963=CARTESIAN_POINT('',(-0.0286598581124721,0.100938014425488,0.00545811303016126));
#7964=CARTESIAN_POINT('',(-0.0298688088104884,0.100282322229928,0.0105082742315817));
#7965=CARTESIAN_POINT('',(-0.0304828347820248,0.099920417802454,0.0130321899927794));
#7966=CARTESIAN_POINT('',(-0.0317050870869821,0.0991299970856098,0.0180768655911794));
#7967=CARTESIAN_POINT('',(-0.0323138937544202,0.0987016823879302,0.0205976837989361));
#7968=CARTESIAN_POINT('',(-0.0332114235278255,0.0980130694076458,0.0243766347529331));
#7969=CARTESIAN_POINT('',(-0.0335079909741667,0.097775883795451,0.0256358976776374));
#7970=CARTESIAN_POINT('',(-0.0340939652486613,0.0972877129847281,0.0281534766666144));
#7971=CARTESIAN_POINT('',(-0.034383019765076,0.0970370589643294,0.0294117647579951));
#7972=CARTESIAN_POINT('',(-0.0348119830969618,0.0966497742091239,0.0312985330663506));
#7973=CARTESIAN_POINT('',(-0.0349542531912599,0.0965187454594611,0.0319273496099257));
#7974=CARTESIAN_POINT('',(-0.0352376386092983,0.0962525212202282,0.0331847885531853));
#7975=CARTESIAN_POINT('',(-0.0353786538789157,0.0961174278788383,0.0338134006121393));
#7976=CARTESIAN_POINT('',(-0.0356572907357646,0.0958453476174194,0.0350701884994972));
#7977=CARTESIAN_POINT('',(-0.0357948244662109,0.0957084188139796,0.0356983667719168));
#7978=CARTESIAN_POINT('',(-0.0360649300899113,0.0954344251628135,0.0369540525884161));
#7979=CARTESIAN_POINT('',(-0.0361976314699762,0.0952972746605552,0.0375815565304087));
#7980=CARTESIAN_POINT('',(-0.0365883305626344,0.0948866744616,0.0394626440334034));
#7981=CARTESIAN_POINT('',(-0.0368382650532976,0.09461489433924,0.0407147074926159));
#7982=CARTESIAN_POINT('',(-0.0373267329455172,0.0940679020027383,0.0432143499949803));
#7983=CARTESIAN_POINT('',(-0.0375658695535719,0.0937921718767849,0.0444619771840619));
#7984=CARTESIAN_POINT('',(-0.0380389024962836,0.0932321797628379,0.0469521040717035));
#7985=CARTESIAN_POINT('',(-0.0382726025204142,0.0929481135341949,0.0481946038971636));
#7986=CARTESIAN_POINT('',(-0.0387380603429384,0.0923684403404653,0.0506735677233374));
#7987=CARTESIAN_POINT('',(-0.0389698296161894,0.0920727209146314,0.0519100029267435));
#7988=CARTESIAN_POINT('',(-0.0393189034819469,0.0916168713493344,0.0537591748203144));
#7989=CARTESIAN_POINT('',(-0.0394355055083862,0.0914628681191078,0.0543746499912596));
#7990=CARTESIAN_POINT('',(-0.0399037464957163,0.0908376011313665,0.0568326109429249));
#7991=CARTESIAN_POINT('',(-0.0402587909399511,0.0903481208497271,0.0586672866143115));
#7992=CARTESIAN_POINT('',(-0.0410971598099387,0.0891557963507688,0.062926648700386));
#7993=CARTESIAN_POINT('',(-0.0415839464980493,0.0884358982067388,0.0653440605402611));
#7994=CARTESIAN_POINT('',(-0.0423227796855152,0.0873034926928583,0.0689464908004751));
#7995=CARTESIAN_POINT('',(-0.0425704384390007,0.0869174160282496,0.0701433886009253));
#7996=CARTESIAN_POINT('',(-0.0430673165646713,0.0861307045099192,0.0725299544970168));
#7997=CARTESIAN_POINT('',(-0.0433165623253549,0.0857299571191741,0.0737195877848964));
#7998=CARTESIAN_POINT('',(-0.0438152543039876,0.0849172392094629,0.0760924288984385));
#7999=CARTESIAN_POINT('',(-0.0440646743321705,0.0845053803800014,0.0772756712697245));
#8000=CARTESIAN_POINT('',(-0.0445620404041795,0.0836751149405697,0.0796369493441034));
#8001=CARTESIAN_POINT('',(-0.0448100968357718,0.0832564443055614,0.0808149583983091));
#8002=CARTESIAN_POINT('',(-0.0451788582188386,0.082629261231063,0.0825791709639661));
#8003=CARTESIAN_POINT('',(-0.0453012179829281,0.0824203536635296,0.0831667766295607));
#8004=CARTESIAN_POINT('',(-0.045544396747126,0.0820039200317528,0.0843412535870827));
#8005=CARTESIAN_POINT('',(-0.0456651795268668,0.0817964470054441,0.0849281251626137));
#8006=CARTESIAN_POINT('',(-0.0458651735356555,0.0814522327547302,0.0859057914969884));
#8007=CARTESIAN_POINT('',(-0.0459448263269343,0.081314959988228,0.0862967366094103));
#8008=CARTESIAN_POINT('',(-0.046024151129754,0.081178143687045,0.0866875897941634));
#8009=CARTESIAN_POINT('',(-0.0250000000096868,0.100568230287798,0.0296665427240085));
#8010=CARTESIAN_POINT('',(-0.0250000000096868,0.101266424945904,0.0228060806308782));
#8011=CARTESIAN_POINT('',(-0.0249999999951617,0.102259510566157,0.00905456495566709));
#8012=CARTESIAN_POINT('',(-0.0249999999999898,0.102488108960989,-0.0047411357534163));
#8013=CARTESIAN_POINT('',(-0.0249999999999898,0.102487694598422,-0.0116366652408846));
#8014=CARTESIAN_POINT('',(-0.0249999987484674,0.102487747010482,-0.0116425635998267));
#8015=CARTESIAN_POINT('',(-0.0459110489460208,0.081373156134825,0.0861313783989442));
#8016=CARTESIAN_POINT('',(-0.0457148787028487,0.0817111928263893,0.085168683471481));
#8017=CARTESIAN_POINT('',(-0.0454186910400587,0.0822202135714202,0.0837297135916783));
#8018=CARTESIAN_POINT('',(-0.0450166511251047,0.0829057096531115,0.0818018260106181));
#8019=CARTESIAN_POINT('',(-0.0445950578955444,0.0836197572896747,0.0797909218404753));
#8020=CARTESIAN_POINT('',(-0.0440821830065342,0.0844780876679602,0.0773567311053472));
#8021=CARTESIAN_POINT('',(-0.0434777426538153,0.0854705440833737,0.074488875391816));
#8022=CARTESIAN_POINT('',(-0.0428924635022876,0.0864111168718847,0.0716945008760329));
#8023=CARTESIAN_POINT('',(-0.0422986773274198,0.0873428471817286,0.0688270416870574));
#8024=CARTESIAN_POINT('',(-0.0417031591595007,0.0882525047836497,0.065914254446173));
#8025=CARTESIAN_POINT('',(-0.0411056305709945,0.0891389676282465,0.0629486794128052));
#8026=CARTESIAN_POINT('',(-0.0406073299782041,0.0898552087737887,0.0604351123421082));
#8027=CARTESIAN_POINT('',(-0.0402089491525947,0.0904135319213733,0.0583984711480744));
#8028=CARTESIAN_POINT('',(-0.0399602487713992,0.0907560444550619,0.0571151713065277));
#8029=CARTESIAN_POINT('',(-0.0397613848296845,0.0910262488191751,0.0560815380621586));
#8030=CARTESIAN_POINT('',(-0.0396374524311165,0.0911931130408215,0.0554342014572909));
#8031=CARTESIAN_POINT('',(-0.0395502455918811,0.0913097086684676,0.0549769592898963));
#8032=CARTESIAN_POINT('',(-0.0395073621828474,0.0913668486809364,0.054751693583962));
#8033=CARTESIAN_POINT('',(-0.0394817285221133,0.091400938665812,0.0546169049413054));
#8034=CARTESIAN_POINT('',(-0.0394619037572593,0.0914272787733815,0.0545125789668325));
#8035=CARTESIAN_POINT('',(-0.0394233500988396,0.0914784267907584,0.054309383632852));
#8036=CARTESIAN_POINT('',(-0.0393580915372848,0.0915647099587256,0.0539644967971013));
#8037=CARTESIAN_POINT('',(-0.0392695881110901,0.091681189388056,0.0534953703011728));
#8038=CARTESIAN_POINT('',(-0.0391185123285949,0.0918785988302468,0.0526921861657408));
#8039=CARTESIAN_POINT('',(-0.0389092288500702,0.0921490558462615,0.0515766458590383));
#8040=CARTESIAN_POINT('',(-0.03862523925222,0.0925095239607005,0.0500627647551366));
#8041=CARTESIAN_POINT('',(-0.0383079076853469,0.0929040985606147,0.0483755188033763));
#8042=CARTESIAN_POINT('',(-0.0380131680157367,0.0932618644659543,0.0468160639403638));
#8043=CARTESIAN_POINT('',(-0.0377626493704762,0.0935597929583798,0.0454969862360186));
#8044=CARTESIAN_POINT('',(-0.0374886291359958,0.0938807267078398,0.0440603010377413));
#8045=CARTESIAN_POINT('',(-0.0371957887861557,0.0942154291603218,0.0425440359113187));
#8046=CARTESIAN_POINT('',(-0.0369881412847884,0.0944469937680925,0.0414831396583547));
#8047=CARTESIAN_POINT('',(-0.0368735411210157,0.094573401934909,0.0409026279990544));
#8048=CARTESIAN_POINT('',(-0.0368308344070768,0.0946203061108089,0.0406871150237193));
#8049=CARTESIAN_POINT('',(-0.0367968091655978,0.0946575506991355,0.0405160274203304));
#8050=CARTESIAN_POINT('',(-0.0367788568203699,0.0946771789269128,0.0404258821672582));
#8051=CARTESIAN_POINT('',(-0.036737931104456,0.094721808970917,0.0402210330010228));
#8052=CARTESIAN_POINT('',(-0.0366864316050882,0.0947777608396648,0.0399642863406128));
#8053=CARTESIAN_POINT('',(-0.0366207302666696,0.0948488066855179,0.0396383971112653));
#8054=CARTESIAN_POINT('',(-0.036515699688686,0.0949616167403127,0.0391211463744988));
#8055=CARTESIAN_POINT('',(-0.0363304184576321,0.0951586401460848,0.0382181931180712));
#8056=CARTESIAN_POINT('',(-0.0361148461525941,0.095383132570647,0.0371897532888866));
#8057=CARTESIAN_POINT('',(-0.0359256744056155,0.0955759285768897,0.0363058608703952));
#8058=CARTESIAN_POINT('',(-0.0358345138028403,0.0956677664001771,0.0358845192920896));
#8059=CARTESIAN_POINT('',(-0.0357952385458297,0.0957071606173174,0.035703725007807));
#8060=CARTESIAN_POINT('',(-0.0357701500246983,0.095732265028296,0.0355884888188636));
#8061=CARTESIAN_POINT('',(-0.0357661588389427,0.095736249168022,0.0355702011907235));
#8062=CARTESIAN_POINT('',(-0.0357500965980215,0.0957522970687469,0.0354965657593653));
#8063=CARTESIAN_POINT('',(-0.0357269642331437,0.0957753621012254,0.0353907961046832));
#8064=CARTESIAN_POINT('',(-0.0356772816352811,0.095824753908168,0.0351642661658251));
#8065=CARTESIAN_POINT('',(-0.0356042902792587,0.0958969389341816,0.0348327857067661));
#8066=CARTESIAN_POINT('',(-0.0354975224082607,0.0960015885337106,0.0343502159557084));
#8067=CARTESIAN_POINT('',(-0.0353299602432642,0.0961640616789731,0.0335963878019809));
#8068=CARTESIAN_POINT('',(-0.0350725378410186,0.0964093388079521,0.0324458916982659));
#8069=CARTESIAN_POINT('',(-0.0347497154096559,0.0967071999380968,0.0310180339600923));
#8070=CARTESIAN_POINT('',(-0.0344511065653256,0.0969743323316263,0.0297094183779737));
#8071=CARTESIAN_POINT('',(-0.0342065624558177,0.097188400336041,0.028644437314154));
#8072=CARTESIAN_POINT('',(-0.0339856188046942,0.0973773133763235,0.0276885857467626));
#8073=CARTESIAN_POINT('',(-0.0337977257255674,0.0975348469130762,0.0268801043046831));
#8074=CARTESIAN_POINT('',(-0.0336770003641977,0.0976347604373564,0.0263624616032695));
#8075=CARTESIAN_POINT('',(-0.0335750215590315,0.0977182359873927,0.0259265074317338));
#8076=CARTESIAN_POINT('',(-0.0334980000865493,0.0977808887681813,0.0255977406943432));
#8077=CARTESIAN_POINT('',(-0.033354005410141,0.0978971061210939,0.0249841695835112));
#8078=CARTESIAN_POINT('',(-0.0330822378250253,0.0981126528526124,0.0238306407799663));
#8079=CARTESIAN_POINT('',(-0.0327138099893227,0.0983955321483801,0.0222776396007196));
#8080=CARTESIAN_POINT('',(-0.0323132154670124,0.0986911738950573,0.0206021384207435));
#8081=CARTESIAN_POINT('',(-0.0320130717419162,0.0989049628332596,0.0193544300737493));
#8082=CARTESIAN_POINT('',(-0.0317940712411242,0.0990573920480812,0.018446954692684));
#8083=CARTESIAN_POINT('',(-0.0316403521198143,0.0991627933319999,0.0178110814914466));
#8084=CARTESIAN_POINT('',(-0.0314976677187652,0.0992592759050019,0.0172215511743253));
#8085=CARTESIAN_POINT('',(-0.0313979518540041,0.0993258247583698,0.0168097911861855));
#8086=CARTESIAN_POINT('',(-0.0313361868679967,0.0993667563790449,0.0165547254612093));
#8087=CARTESIAN_POINT('',(-0.031309096483426,0.0993846512838544,0.0164428427006508));
#8088=CARTESIAN_POINT('',(-0.0312922598772981,0.0993957545903925,0.0163733022326466));
#8089=CARTESIAN_POINT('',(-0.0312592229635991,0.099417504335635,0.0162368400364535));
#8090=CARTESIAN_POINT('',(-0.0311956215511146,0.0994592108805929,0.0159741701857603));
#8091=CARTESIAN_POINT('',(-0.0311085236926315,0.0995158878269618,0.0156145523950014));
#8092=CARTESIAN_POINT('',(-0.0309687669487441,0.0996059413358325,0.0150376614168812));
#8093=CARTESIAN_POINT('',(-0.0307972234871662,0.0997148287041684,0.0143297603445485));
#8094=CARTESIAN_POINT('',(-0.0305279605585,0.0998824607398978,0.0132186718379921));
#8095=CARTESIAN_POINT('',(-0.0302019998568494,0.100079563689617,0.0118730843982085));
#8096=CARTESIAN_POINT('',(-0.0298283400236131,0.100297359451625,0.0103276657645233));
#8097=CARTESIAN_POINT('',(-0.0294718774190808,0.10049788684415,0.00884830142675496));
#8098=CARTESIAN_POINT('',(-0.0292200572025157,0.100634882571688,0.00779797800133402));
#8099=CARTESIAN_POINT('',(-0.0290551932574929,0.100722790748425,0.00710734046881948));
#8100=CARTESIAN_POINT('',(-0.0289535839369631,0.100776591725079,0.00668098714186092));
#8101=CARTESIAN_POINT('',(-0.0287804390923781,0.100867093966729,0.00595216194644627));
#8102=CARTESIAN_POINT('',(-0.028589136229224,0.100964995659304,0.00514251088249598));
#8103=CARTESIAN_POINT('',(-0.02820619269825,0.101157414902556,0.00351327747358286));
#8104=CARTESIAN_POINT('',(-0.0277813841813972,0.101360568841974,0.00167874524090959));
#8105=CARTESIAN_POINT('',(-0.0273213458547364,0.101569419365156,-0.000352880329832716));
#8106=CARTESIAN_POINT('',(-0.0270484070351413,0.101689157898231,-0.00157864574336989));
#8107=CARTESIAN_POINT('',(-0.0268584253355762,0.101770408043452,-0.00244454160235766));
#8108=CARTESIAN_POINT('',(-0.0267599011988366,0.101812071756707,-0.00289674096383092));
#8109=CARTESIAN_POINT('',(-0.0266317845548019,0.101865771506652,-0.00348812307683834));
#8110=CARTESIAN_POINT('',(-0.0264786096649544,0.101928978447199,-0.00420249683862276));
#8111=CARTESIAN_POINT('',(-0.026236514497736,0.102027009408741,-0.00534681151917458));
#8112=CARTESIAN_POINT('',(-0.0259451082629717,0.10214161717093,-0.00675466010993887));
#8113=CARTESIAN_POINT('',(-0.0255009600204907,0.10231002293935,-0.00896953449114843));
#8114=CARTESIAN_POINT('',(-0.0251938652937148,0.102420248619043,-0.0105853680827143));
#8115=CARTESIAN_POINT('',(-0.0250010373195266,0.102487437524581,-0.011642772658476));
#8116=CARTESIAN_POINT('',(-0.0323863794999412,0.102327357506638,-0.0611184135171262));
#8117=CARTESIAN_POINT('',(0.0323863794999418,0.102327357506638,-0.0611184135171262));
#8118=CARTESIAN_POINT('',(-0.0323863794999412,0.101946089314842,-0.068834002314648));
#8119=CARTESIAN_POINT('',(0.0323863794999418,0.101946089314842,-0.068834002314648));
#8120=CARTESIAN_POINT('',(-0.0323863794999411,0.101469503912213,-0.0784784893496159));
#8121=CARTESIAN_POINT('',(0.0323863794999419,0.101469503912213,-0.0784784893496159));
#8122=CARTESIAN_POINT('',(-0.0323863794999412,0.100945260395018,-0.0890874223751068));
#8123=CARTESIAN_POINT('',(0.0323863794999418,0.100945260395018,-0.0890874223751068));
#8124=CARTESIAN_POINT('',(-0.0323863794999412,0.100754626070613,-0.0929452182301473));
#8125=CARTESIAN_POINT('',(0.0323863794999418,0.100754626070613,-0.0929452182301473));
#8126=CARTESIAN_POINT('',(-0.0323863794999412,0.100635480342197,-0.0953563360233279));
#8127=CARTESIAN_POINT('',(0.0323863794999418,0.100635480342197,-0.0953563360233279));
#8128=CARTESIAN_POINT('',(-0.0323863794999412,0.100540162100594,-0.0972852408299024));
#8129=CARTESIAN_POINT('',(0.0323863794999418,0.100540162100594,-0.0972852408299024));
#8130=CARTESIAN_POINT('',(-0.0323863794999412,0.100468677961401,-0.098731890488475));
#8131=CARTESIAN_POINT('',(0.0323863794999418,0.100468677961401,-0.098731890488475));
#8132=CARTESIAN_POINT('',(-0.0323863794999412,0.100397176483604,-0.100178650646465));
#8133=CARTESIAN_POINT('',(0.0323863794999418,0.100397176483604,-0.100178650646465));
#8134=CARTESIAN_POINT('',(-0.0323863794999412,0.100337645929114,-0.10138393990203));
#8135=CARTESIAN_POINT('',(0.0323863794999418,0.100337645929114,-0.10138393990203));
#8136=CARTESIAN_POINT('',(-0.0323863794999412,0.100289900530007,-0.102348942159398));
#8137=CARTESIAN_POINT('',(0.0323863794999418,0.100289900530007,-0.102348942159398));
#8138=CARTESIAN_POINT('',(-0.0323863794999412,0.100260335039181,-0.102950313542677));
#8139=CARTESIAN_POINT('',(0.0323863794999418,0.100260335039181,-0.102950313542677));
#8140=CARTESIAN_POINT('',(-0.0323863794999412,0.10023605196472,-0.103435430002253));
#8141=CARTESIAN_POINT('',(0.0323863794999418,0.10023605196472,-0.103435430002253));
#8142=CARTESIAN_POINT('',(-0.0323863794999412,0.100214071310565,-0.103905873072079));
#8143=CARTESIAN_POINT('',(0.0323863794999418,0.100214071310565,-0.103905873072079));
#8144=CARTESIAN_POINT('',(-0.0323863794999412,0.100117515281459,-0.104936224428098));
#8145=CARTESIAN_POINT('',(0.0323863794999418,0.100117515281459,-0.104936224428098));
#8146=CARTESIAN_POINT('',(-0.0323863794999412,0.0999056866332431,-0.106779351537151));
#8147=CARTESIAN_POINT('',(0.0323863794999418,0.0999056866332431,-0.106779351537151));
#8148=CARTESIAN_POINT('',(-0.0323863794999412,0.0994990949553096,-0.110011867189909));
#8149=CARTESIAN_POINT('',(0.0323863794999418,0.0994990949553096,-0.110011867189909));
#8150=CARTESIAN_POINT('',(-0.0323863794999412,0.0990633745473709,-0.113240162217946));
#8151=CARTESIAN_POINT('',(0.0323863794999418,0.0990633745473709,-0.113240162217946));
#8152=CARTESIAN_POINT('',(-0.0323863794999412,0.0987217535774831,-0.115695186256644));
#8153=CARTESIAN_POINT('',(0.0323863794999418,0.0987217535774831,-0.115695186256644));
#8154=CARTESIAN_POINT('',(-0.0225727925834485,0.100227743387222,-0.103607557713985));
#8155=CARTESIAN_POINT('',(-0.021852404076376,0.100200567378235,-0.104157508905564));
#8156=CARTESIAN_POINT('',(-0.0201869266469105,0.100111415798155,-0.104906216433636));
#8157=CARTESIAN_POINT('',(-0.0183957280434707,0.100105481391313,-0.105));
#8158=CARTESIAN_POINT('',(-0.0175,0.100105481391313,-0.105));
#8159=CARTESIAN_POINT('',(-0.0175,0.100105481391313,-0.105));
#8160=CARTESIAN_POINT('',(-0.0175,0.100105481391313,-0.105));
#8161=CARTESIAN_POINT('',(-0.0166036063742275,0.100105481391313,-0.105));
#8162=CARTESIAN_POINT('',(-0.0148038385466628,0.10011166129146,-0.104903796612861));
#8163=CARTESIAN_POINT('',(-0.0131476288423386,0.100200566138235,-0.104157534036012));
#8164=CARTESIAN_POINT('',(-0.0124272074165515,0.100227743387222,-0.103607557713985));
#8165=CARTESIAN_POINT('',(0.0124272074165515,0.100227743387222,-0.103607557713985));
#8166=CARTESIAN_POINT('',(0.0131475959236239,0.100200567378235,-0.104157508905564));
#8167=CARTESIAN_POINT('',(0.0148130733530895,0.100111415798155,-0.104906216433636));
#8168=CARTESIAN_POINT('',(0.0166042719565293,0.100105481391313,-0.105));
#8169=CARTESIAN_POINT('',(0.0175,0.100105481391313,-0.105));
#8170=CARTESIAN_POINT('',(0.0175,0.100105481391313,-0.105));
#8171=CARTESIAN_POINT('',(0.0175,0.100105481391313,-0.105));
#8172=CARTESIAN_POINT('',(0.0183963936257725,0.100105481391313,-0.105));
#8173=CARTESIAN_POINT('',(0.0201961614533373,0.10011166129146,-0.104903796612861));
#8174=CARTESIAN_POINT('',(0.0218523711576615,0.100200566138235,-0.104157534036012));
#8175=CARTESIAN_POINT('',(0.0225727925834486,0.100227743387222,-0.103607557713985));
#8176=CARTESIAN_POINT('',(0.0252863982549125,0.100227741851561,-0.103607588789281));
#8177=CARTESIAN_POINT('',(0.0255193133982512,0.100227738102803,-0.103607664645052));
#8178=CARTESIAN_POINT('',(0.0259959708180791,0.100228421660287,-0.103593831746843));
#8179=CARTESIAN_POINT('',(0.0266000040156759,0.100247870340693,-0.103200255713862));
#8180=CARTESIAN_POINT('',(0.0270084220657529,0.100276144141488,-0.102628088864117));
#8181=CARTESIAN_POINT('',(0.0273995864226967,0.100317560769496,-0.101789955292746));
#8182=CARTESIAN_POINT('',(0.0277079845197208,0.100372701421569,-0.100674093527971));
#8183=CARTESIAN_POINT('',(0.0280109427265062,0.10046134644046,-0.0988802158076302));
#8184=CARTESIAN_POINT('',(0.0281846128515852,0.100574280514223,-0.096594809122452));
#8185=CARTESIAN_POINT('',(0.0282371528083931,0.100709901506039,-0.0938502953453175));
#8186=CARTESIAN_POINT('',(0.0281958057094164,0.100845192861553,-0.0911124523008038));
#8187=CARTESIAN_POINT('',(0.0280611437049758,0.101025446295519,-0.0874647276656097));
#8188=CARTESIAN_POINT('',(0.0277880350197043,0.101250510095659,-0.0829101915871943));
#8189=CARTESIAN_POINT('',(0.0273473557874716,0.101520362031647,-0.0774492939327413));
#8190=CARTESIAN_POINT('',(0.0268014826784164,0.101789899279183,-0.0719947645165485));
#8191=CARTESIAN_POINT('',(0.0261638276915401,0.102058841191165,-0.0665522826942405));
#8192=CARTESIAN_POINT('',(0.0256934731989265,0.102237888156069,-0.0629289729443936));
#8193=CARTESIAN_POINT('',(0.0254491678059178,0.102327357506638,-0.0611184135171262));
#8194=CARTESIAN_POINT('',(0.0254491632434659,0.102327357721408,-0.0611184141433889));
#8195=CARTESIAN_POINT('',(0.0254491638960445,0.102327357482503,-0.0611184140055422));
#8196=CARTESIAN_POINT('',(0.0260488745391642,0.102107806472718,-0.0655613897061896));
#8197=CARTESIAN_POINT('',(0.0268632855629868,0.101777962220287,-0.0722358362320145));
#8198=CARTESIAN_POINT('',(0.0278339956215176,0.101337592718531,-0.0811487553527588));
#8199=CARTESIAN_POINT('',(0.0285128975310215,0.101006800215074,-0.0878389311976209));
#8200=CARTESIAN_POINT('',(0.0290419748616032,0.100731729666792,-0.0934177935519846));
#8201=CARTESIAN_POINT('',(0.0294496095382395,0.100509891870235,-0.0978818368454123));
#8202=CARTESIAN_POINT('',(0.0296905064981803,0.100375074770567,-0.100674238558376));
#8203=CARTESIAN_POINT('',(0.0298688400818504,0.100272945708617,-0.102625759533721));
#8204=CARTESIAN_POINT('',(0.0299489772995151,0.100226693765309,-0.103746447078207));
#8205=CARTESIAN_POINT('',(0.030121034428869,0.100126515218428,-0.104842937103722));
#8206=CARTESIAN_POINT('',(0.0303790248546752,0.0999731376883882,-0.106201860423059));
#8207=CARTESIAN_POINT('',(0.0308110820503948,0.0997081696500592,-0.108369944174434));
#8208=CARTESIAN_POINT('',(0.0313609042954315,0.0993548647718042,-0.111075262901102));
#8209=CARTESIAN_POINT('',(0.031790781828281,0.0990608623091506,-0.113239807409426));
#8210=CARTESIAN_POINT('',(0.032002351284527,0.0989117967238901,-0.114322417759679));
#8211=CARTESIAN_POINT('',(0.0320023512845276,0.0989117967238897,-0.114322417759679));
#8212=CARTESIAN_POINT('',(0.,0.0989117967238902,-0.114322417759679));
#8213=CARTESIAN_POINT('',(-0.0320023512845244,0.098911796723892,-0.114322417759679));
#8214=CARTESIAN_POINT('',(-0.0254491638960409,0.102327357482504,-0.0611184140055166));
#8215=CARTESIAN_POINT('',(-0.0260488745387428,0.102107806472873,-0.0655613897030667));
#8216=CARTESIAN_POINT('',(-0.026863285567429,0.101777962218415,-0.072235836269903));
#8217=CARTESIAN_POINT('',(-0.027833995623754,0.101337592717456,-0.0811487553744865));
#8218=CARTESIAN_POINT('',(-0.0285128975328931,0.101006800214132,-0.087838931216717));
#8219=CARTESIAN_POINT('',(-0.0290419748629774,0.100731729666059,-0.0934177935667083));
#8220=CARTESIAN_POINT('',(-0.0294496095392659,0.100509891869668,-0.0978818368570992));
#8221=CARTESIAN_POINT('',(-0.0296905064990819,0.100375074770056,-0.100674238568089));
#8222=CARTESIAN_POINT('',(-0.0298688400824958,0.100272945708246,-0.102625759542107));
#8223=CARTESIAN_POINT('',(-0.0299489773002913,0.10022669376486,-0.103746447085762));
#8224=CARTESIAN_POINT('',(-0.0301210344302354,0.100126515217625,-0.104842937110325));
#8225=CARTESIAN_POINT('',(-0.0303790248557397,0.0999731376877428,-0.106201860428744));
#8226=CARTESIAN_POINT('',(-0.0308110820512705,0.0997081696495063,-0.108369944178574));
#8227=CARTESIAN_POINT('',(-0.0313609042958721,0.0993548647715048,-0.111075262903367));
#8228=CARTESIAN_POINT('',(-0.0317907818284283,0.0990608623090468,-0.11323980741018));
#8229=CARTESIAN_POINT('',(-0.0320023512845268,0.0989117967238902,-0.114322417759678));
#8230=CARTESIAN_POINT('',(-0.0250000000218887,0.102487798939311,0.0861313783989443));
#8231=CARTESIAN_POINT('',(-0.0250000000218887,0.102487798939311,-0.114322417759685));
#8232=CARTESIAN_POINT('',(-0.0271075638414674,0.101753524979314,0.0861313783989443));
#8233=CARTESIAN_POINT('',(-0.0271075638414674,0.101753524979314,-0.114322417759685));
#8234=CARTESIAN_POINT('',(-0.0310935088767821,0.0998520083852079,0.0861313783989442));
#8235=CARTESIAN_POINT('',(-0.0310935088767821,0.0998520083852079,-0.114322417759685));
#8236=CARTESIAN_POINT('',(-0.0363921520480145,0.0954781834813744,0.0861313783989443));
#8237=CARTESIAN_POINT('',(-0.0363921520480145,0.0954781834813744,-0.114322417759685));
#8238=CARTESIAN_POINT('',(-0.0410147524058846,0.089502206390647,0.0861313783989442));
#8239=CARTESIAN_POINT('',(-0.0410147524058846,0.089502206390647,-0.114322417759685));
#8240=CARTESIAN_POINT('',(-0.0442598816924536,0.0842244584268531,0.0861313783989443));
#8241=CARTESIAN_POINT('',(-0.0442598816924536,0.0842244584268531,-0.114322417759685));
#8242=CARTESIAN_POINT('',(-0.046481829430591,0.0803929837974921,0.0861313783989442));
#8243=CARTESIAN_POINT('',(-0.046481829430591,0.0803929837974921,-0.114322417759685));
#8244=CARTESIAN_POINT('',(-0.0484081662590596,0.0770322934179919,0.0861313783989443));
#8245=CARTESIAN_POINT('',(-0.0484081662590596,0.0770322934179919,-0.114322417759685));
#8246=CARTESIAN_POINT('',(-0.0504072142561095,0.0744831628706711,0.0861313783989442));
#8247=CARTESIAN_POINT('',(-0.0504072142561095,0.0744831628706711,-0.114322417759685));
#8248=CARTESIAN_POINT('',(-0.0537245281609442,0.0728564557618283,0.0861313783989443));
#8249=CARTESIAN_POINT('',(-0.0537245281609442,0.0728564557618283,-0.114322417759685));
#8250=CARTESIAN_POINT('',(-0.057236306006759,0.0721445747969087,0.0861313783989442));
#8251=CARTESIAN_POINT('',(-0.057236306006759,0.0721445747969087,-0.114322417759685));
#8252=CARTESIAN_POINT('',(-0.0616139741280728,0.0718529640920725,0.0861313783989443));
#8253=CARTESIAN_POINT('',(-0.0616139741280728,0.0718529640920725,-0.114322417759685));
#8254=CARTESIAN_POINT('',(-0.0681508119841125,0.0718467219730979,0.0861313783989442));
#8255=CARTESIAN_POINT('',(-0.0681508119841125,0.0718467219730979,-0.114322417759685));
#8256=CARTESIAN_POINT('',(-0.0768838422420133,0.0722483988216068,0.0861313783989443));
#8257=CARTESIAN_POINT('',(-0.0768838422420133,0.0722483988216068,-0.114322417759685));
#8258=CARTESIAN_POINT('',(-0.0858523007201843,0.0723967054833752,0.0861313783989442));
#8259=CARTESIAN_POINT('',(-0.0858523007201843,0.0723967054833752,-0.114322417759685));
#8260=CARTESIAN_POINT('',(-0.0899107647791496,0.0713850653745165,0.0861313783989443));
#8261=CARTESIAN_POINT('',(-0.0899107647791496,0.0713850653745165,-0.114322417759685));
#8262=CARTESIAN_POINT('',(-0.0915554076770917,0.0696711749643161,0.0861313783989442));
#8263=CARTESIAN_POINT('',(-0.0915554076770917,0.0696711749643161,-0.114322417759685));
#8264=CARTESIAN_POINT('',(-0.0921081653383503,0.0678246634272597,0.0861313783989442));
#8265=CARTESIAN_POINT('',(-0.0921081653383503,0.0678246634272597,-0.114322417759685));
#8266=CARTESIAN_POINT('',(-0.0922943187086951,0.0657029610759308,0.0861313783989443));
#8267=CARTESIAN_POINT('',(-0.0922943187086951,0.0657029610759308,-0.114322417759685));
#8268=CARTESIAN_POINT('',(-0.0925388643882804,0.0637939760329769,0.0861313783989442));
#8269=CARTESIAN_POINT('',(-0.0925388643882804,0.0637939760329769,-0.114322417759685));
#8270=CARTESIAN_POINT('',(-0.0933166868788821,0.0626640567051337,0.0861313783989443));
#8271=CARTESIAN_POINT('',(-0.0933166868788821,0.0626640567051337,-0.114322417759685));
#8272=CARTESIAN_POINT('',(-0.0945834610890472,0.062012530673807,0.0861313783989443));
#8273=CARTESIAN_POINT('',(-0.0945834610890472,0.062012530673807,-0.114322417759685));
#8274=CARTESIAN_POINT('',(-0.0960552816038041,0.0610859454388974,0.0861313783989442));
#8275=CARTESIAN_POINT('',(-0.0960552816038041,0.0610859454388974,-0.114322417759685));
#8276=CARTESIAN_POINT('',(-0.0976399308427163,0.0596715398765997,0.0861313783989442));
#8277=CARTESIAN_POINT('',(-0.0976399308427163,0.0596715398765997,-0.114322417759685));
#8278=CARTESIAN_POINT('',(-0.0993803467484488,0.0580154941200254,0.0861313783989443));
#8279=CARTESIAN_POINT('',(-0.0993803467484488,0.0580154941200254,-0.114322417759685));
#8280=CARTESIAN_POINT('',(-0.100654719492794,0.0568511656884542,0.0861313783989442));
#8281=CARTESIAN_POINT('',(-0.100654719492794,0.0568511656884542,-0.114322417759685));
#8282=CARTESIAN_POINT('',(-0.101324304938316,0.0562836490571499,0.0861313783989442));
#8283=CARTESIAN_POINT('',(-0.101324304938316,0.0562836490571499,-0.114322417759685));
#8284=CARTESIAN_POINT('',(-0.025,0.102487798946937,-0.0140955196810091));
#8285=CARTESIAN_POINT('',(0.,0.104489498641917,-0.114322417759679));
#8286=CARTESIAN_POINT('',(-0.00710866679004623,0.104689906227473,-0.114322417759679));
#8287=CARTESIAN_POINT('',(-0.0209527872212567,0.105198307088065,-0.114322417759679));
#8288=CARTESIAN_POINT('',(-0.036824494489504,0.097380801291297,-0.114322417759679));
#8289=CARTESIAN_POINT('',(-0.0468166506257658,0.0796785397765721,-0.114322417759679));
#8290=CARTESIAN_POINT('',(-0.0529063481056908,0.0695751823981236,-0.114322417759679));
#8291=CARTESIAN_POINT('',(-0.0854855272669241,0.0738135852791473,-0.114322417759679));
#8292=CARTESIAN_POINT('',(-0.0926239018053776,0.0699823170611,-0.114322417759679));
#8293=CARTESIAN_POINT('',(-0.0919913458576433,0.0629045202008107,-0.114322417759679));
#8294=CARTESIAN_POINT('',(-0.0958116889842502,0.0617841257478328,-0.114322417759679));
#8295=CARTESIAN_POINT('',(-0.0989905346383729,0.0582616691406502,-0.114322417759679));
#8296=CARTESIAN_POINT('',(-0.101324304938316,0.0562836490571499,-0.114322417759679));
#8297=CARTESIAN_POINT('',(-0.0995706046443398,0.0578499184096032,-0.114322417759679));
#8298=CARTESIAN_POINT('',(-0.099570604644338,0.0578499184095993,-0.114322417759681));
#8299=CARTESIAN_POINT('',(-0.10014856949156,0.0573132828508892,-0.113731254280781));
#8300=CARTESIAN_POINT('',(-0.100731089572362,0.0567864371454748,-0.113135844914877));
#8301=CARTESIAN_POINT('',(-0.101324304938316,0.0562836490571499,-0.112529514536299));
#8302=CARTESIAN_POINT('',(-0.101324304938316,0.0562836490571499,-0.112529514536299));
#8303=CARTESIAN_POINT('',(-0.101324304938316,0.0562836490571499,1.06421674204618));
#8304=CARTESIAN_POINT('',(-0.0253707883402671,0.0952081641941507,-0.103356009938818));
#8305=CARTESIAN_POINT('',(-0.0253563403926404,0.0952215127761474,-0.103268583238507));
#8306=CARTESIAN_POINT('',(-0.0253351809760917,0.0952404560122118,-0.103144737260787));
#8307=CARTESIAN_POINT('',(-0.0253059285239884,0.0952675029312671,-0.102967479507945));
#8308=CARTESIAN_POINT('',(-0.0252847445800132,0.0952857612674724,-0.102848330658606));
#8309=CARTESIAN_POINT('',(-0.0252600461090003,0.0953131516030733,-0.102667598336363));
#8310=CARTESIAN_POINT('',(-0.0252276079339882,0.0953457984813728,-0.102447126468797));
#8311=CARTESIAN_POINT('',(-0.0251780920340095,0.0953974649488232,-0.102089933225844));
#8312=CARTESIAN_POINT('',(-0.025104288778034,0.0954697422205485,-0.101566983827687));
#8313=CARTESIAN_POINT('',(-0.0250042691824747,0.0955662838020264,-0.100831219490208));
#8314=CARTESIAN_POINT('',(-0.0248633970366078,0.0956957506331681,-0.0997733065131139));
#8315=CARTESIAN_POINT('',(-0.0246823006852558,0.0958553140145082,-0.0983576357502632));
#8316=CARTESIAN_POINT('',(-0.0244290851354376,0.0960662876911403,-0.0962967548599591));
#8317=CARTESIAN_POINT('',(-0.0241060212166322,0.0963182518742975,-0.0935390731643055));
#8318=CARTESIAN_POINT('',(-0.0236518607230487,0.0966449959973847,-0.0894969121044578));
#8319=CARTESIAN_POINT('',(-0.0227532417482617,0.0972256823652084,-0.0812312891337566));
#8320=CARTESIAN_POINT('',(-0.0219776744995063,0.0976176490288863,-0.0741936422002942));
#8321=CARTESIAN_POINT('',(-0.0214170330218251,0.0978612251417891,-0.0690001382274261));
#8322=CARTESIAN_POINT('',(-0.0257097253127249,0.0952170004127812,-0.103300655570212));
#8323=CARTESIAN_POINT('',(-0.0256944611412402,0.0952303784345768,-0.103213001929997));
#8324=CARTESIAN_POINT('',(-0.0256729882049458,0.0952492419201103,-0.103089742757082));
#8325=CARTESIAN_POINT('',(-0.0256415801780449,0.095276471726425,-0.102911161287681));
#8326=CARTESIAN_POINT('',(-0.0256211713194418,0.0952941438420858,-0.102796029981493));
#8327=CARTESIAN_POINT('',(-0.0255950381177674,0.0953210359336867,-0.102617244115264));
#8328=CARTESIAN_POINT('',(-0.0255611244023657,0.0953535719610539,-0.102396579087541));
#8329=CARTESIAN_POINT('',(-0.0255090107023636,0.0954045802500546,-0.102041779233624));
#8330=CARTESIAN_POINT('',(-0.0254318149372039,0.095476435143714,-0.101519823843083));
#8331=CARTESIAN_POINT('',(-0.0253269585390078,0.0955722319776601,-0.10078659359408));
#8332=CARTESIAN_POINT('',(-0.0251796596667436,0.0957009964874242,-0.0997311313147382));
#8333=CARTESIAN_POINT('',(-0.0249902619543468,0.0958597799738592,-0.098318493635374));
#8334=CARTESIAN_POINT('',(-0.0247257268818995,0.0960699904765907,-0.0962608981563212));
#8335=CARTESIAN_POINT('',(-0.0243883895104961,0.0963212544358815,-0.0935065731656532));
#8336=CARTESIAN_POINT('',(-0.0239146394716001,0.0966473517397978,-0.0894679029803616));
#8337=CARTESIAN_POINT('',(-0.0229785747305069,0.0972272532560067,-0.0812070307262997));
#8338=CARTESIAN_POINT('',(-0.0221741455349581,0.0976189659854754,-0.0741713993247966));
#8339=CARTESIAN_POINT('',(-0.0215950572290869,0.0978622034040271,-0.0689809856715955));
#8340=CARTESIAN_POINT('',(-0.0260161748733031,0.0952209562013639,-0.103251357546142));
#8341=CARTESIAN_POINT('',(-0.0259999732958239,0.0952342529743196,-0.103164454728337));
#8342=CARTESIAN_POINT('',(-0.0259785896515366,0.0952532992870257,-0.10303965086516));
#8343=CARTESIAN_POINT('',(-0.0259443454568681,0.0952804330302009,-0.102862448009315));
#8344=CARTESIAN_POINT('',(-0.0259253696265715,0.0952981940577317,-0.102745996698134));
#8345=CARTESIAN_POINT('',(-0.025896780331699,0.0953249511362527,-0.102567424318738));
#8346=CARTESIAN_POINT('',(-0.0258619582243372,0.0953571123708711,-0.102348338321003));
#8347=CARTESIAN_POINT('',(-0.0258062805912408,0.0954077510358634,-0.101994933839907));
#8348=CARTESIAN_POINT('',(-0.025725996494855,0.0954790377748385,-0.101475411376053));
#8349=CARTESIAN_POINT('',(-0.0256156322895376,0.095574273413095,-0.100744723234189));
#8350=CARTESIAN_POINT('',(-0.0254617610220097,0.0957024073942964,-0.0996924206724141));
#8351=CARTESIAN_POINT('',(-0.0252635401283795,0.0958606367547294,-0.098282993212728));
#8352=CARTESIAN_POINT('',(-0.0249874069896989,0.0960703266285013,-0.0962290141109115));
#8353=CARTESIAN_POINT('',(-0.0246355616085419,0.0963212293498006,-0.09347807544741));
#8354=CARTESIAN_POINT('',(-0.0241424313626497,0.0966470852170012,-0.0894429483664519));
#8355=CARTESIAN_POINT('',(-0.0231702901071008,0.0972269211416357,-0.0811866727267495));
#8356=CARTESIAN_POINT('',(-0.0223397444989965,0.0976188008814816,-0.0741528409462429));
#8357=CARTESIAN_POINT('',(-0.0217443075472349,0.0978619724637002,-0.0689650776950735));
#8358=CARTESIAN_POINT('',(-0.0265281305994763,0.095189474787559,-0.10316581925621));
#8359=CARTESIAN_POINT('',(-0.0265106469928506,0.0952031936804132,-0.103077242221985));
#8360=CARTESIAN_POINT('',(-0.0264883930924702,0.0952220483214735,-0.10295457519088));
#8361=CARTESIAN_POINT('',(-0.0264518991279071,0.0952496602479264,-0.102776818762314));
#8362=CARTESIAN_POINT('',(-0.0264310202092054,0.0952682582833725,-0.10265525787796));
#8363=CARTESIAN_POINT('',(-0.0264013080573455,0.0952941179923527,-0.102483081244401));
#8364=CARTESIAN_POINT('',(-0.0263638140358552,0.0953265857812349,-0.102262767927488));
#8365=CARTESIAN_POINT('',(-0.0263050804251916,0.0953765150075095,-0.101915498109208));
#8366=CARTESIAN_POINT('',(-0.0262194146536259,0.0954479962732609,-0.101397377785008));
#8367=CARTESIAN_POINT('',(-0.0261023077763591,0.0955430075341937,-0.100672453185447));
#8368=CARTESIAN_POINT('',(-0.0259387398708442,0.0956715253244318,-0.099624575439286));
#8369=CARTESIAN_POINT('',(-0.0257282937021828,0.0958303404089117,-0.0982211013764692));
#8370=CARTESIAN_POINT('',(-0.0254351333194997,0.0960413581374363,-0.0961728985799242));
#8371=CARTESIAN_POINT('',(-0.0250618658574932,0.0962942224294775,-0.0934278829163973));
#8372=CARTESIAN_POINT('',(-0.0245391589192387,0.0966231148699676,-0.0893986093584291));
#8373=CARTESIAN_POINT('',(-0.0235104161886094,0.0972089493083211,-0.0811501892731176));
#8374=CARTESIAN_POINT('',(-0.0226359700203403,0.0976051280143876,-0.0741193019690874));
#8375=CARTESIAN_POINT('',(-0.0220125169426674,0.0978504344560757,-0.0689362982328221));
#8376=CARTESIAN_POINT('',(-0.0270786398385803,0.0951222127669365,-0.103067357358549));
#8377=CARTESIAN_POINT('',(-0.0270602965332031,0.0951362799708207,-0.102978139078487));
#8378=CARTESIAN_POINT('',(-0.0270362428432088,0.0951554177117067,-0.102856154168759));
#8379=CARTESIAN_POINT('',(-0.0269985693781743,0.0951835584473675,-0.102678245543512));
#8380=CARTESIAN_POINT('',(-0.0269748708244648,0.0952028901836869,-0.102554436083301));
#8381=CARTESIAN_POINT('',(-0.0269443042254365,0.0952283203940889,-0.102386543989311));
#8382=CARTESIAN_POINT('',(-0.0269041375941739,0.0952611662942401,-0.102166589986161));
#8383=CARTESIAN_POINT('',(-0.0268428203757267,0.0953109074105529,-0.10182432802177));
#8384=CARTESIAN_POINT('',(-0.0267518795973954,0.0953830168303566,-0.101308971414595));
#8385=CARTESIAN_POINT('',(-0.0266285097704295,0.095478601943792,-0.10058970159524));
#8386=CARTESIAN_POINT('',(-0.0264555086311518,0.0956085063739045,-0.0995471702536919));
#8387=CARTESIAN_POINT('',(-0.0262332319209633,0.0957692601911944,-0.0981500751522246));
#8388=CARTESIAN_POINT('',(-0.0259232633473976,0.0959834386707829,-0.0961085110260445));
#8389=CARTESIAN_POINT('',(-0.0255286137402662,0.0962405874405996,-0.0933700793707508));
#8390=CARTESIAN_POINT('',(-0.0249758818746211,0.0965756492125135,-0.0893474936764971));
#8391=CARTESIAN_POINT('',(-0.0238886181899331,0.0971732840795195,-0.0811079743908579));
#8392=CARTESIAN_POINT('',(-0.0229670704698162,0.0975777326720058,-0.0740805998160554));
#8393=CARTESIAN_POINT('',(-0.0223131948281242,0.0978274153767981,-0.0689030792495437));
#8394=CARTESIAN_POINT('',(-0.0278547445702093,0.0949635718094747,-0.102915422928874));
#8395=CARTESIAN_POINT('',(-0.0278357615818634,0.0949779559793934,-0.102827462815493));
#8396=CARTESIAN_POINT('',(-0.0278085451537441,0.0949983926679751,-0.102703272603658));
#8397=CARTESIAN_POINT('',(-0.0277700392450129,0.0950272951667088,-0.10252644897847));
#8398=CARTESIAN_POINT('',(-0.027742785732521,0.0950475153721392,-0.102404119993826));
#8399=CARTESIAN_POINT('',(-0.0277106581929691,0.0950733400410897,-0.102237621893268));
#8400=CARTESIAN_POINT('',(-0.027667427282884,0.0951068010499634,-0.102021421162752));
#8401=CARTESIAN_POINT('',(-0.027602639821639,0.095157359678899,-0.101683502389749));
#8402=CARTESIAN_POINT('',(-0.0275052108340194,0.0952311399679395,-0.101174589590951));
#8403=CARTESIAN_POINT('',(-0.0273738218985097,0.0953290773693107,-0.100462597064805));
#8404=CARTESIAN_POINT('',(-0.0271888088048599,0.0954627877830886,-0.0994289762662478));
#8405=CARTESIAN_POINT('',(-0.0269512620038427,0.0956287712347791,-0.0980411433303333));
#8406=CARTESIAN_POINT('',(-0.0266194452319332,0.0958507152909102,-0.0960100268301479));
#8407=CARTESIAN_POINT('',(-0.0261966452257666,0.0961180588555653,-0.0932815441364579));
#8408=CARTESIAN_POINT('',(-0.0256038945462604,0.0964673555664827,-0.0892693666036051));
#8409=CARTESIAN_POINT('',(-0.02443736674091,0.0970918026042447,-0.0810435352635501));
#8410=CARTESIAN_POINT('',(-0.0234500934991581,0.0975148138515584,-0.0740217779290697));
#8411=CARTESIAN_POINT('',(-0.0227532482163172,0.0977746221488113,-0.068852619404258));
#8412=CARTESIAN_POINT('',(-0.0286637465373172,0.0947113439478765,-0.102746391738544));
#8413=CARTESIAN_POINT('',(-0.0286439883986472,0.0947263405792366,-0.102659714245549));
#8414=CARTESIAN_POINT('',(-0.0286144696251839,0.0947484626445439,-0.10253305270463));
#8415=CARTESIAN_POINT('',(-0.0285744312303624,0.0947786713848634,-0.102358010361377));
#8416=CARTESIAN_POINT('',(-0.0285449297105838,0.0948003768694014,-0.102235076891352));
#8417=CARTESIAN_POINT('',(-0.0285108238393917,0.0948271174451513,-0.10207086781812));
#8418=CARTESIAN_POINT('',(-0.0284650411291609,0.0948618735240029,-0.101858698262387));
#8419=CARTESIAN_POINT('',(-0.0283964883880133,0.0949142893906304,-0.101526263538226));
#8420=CARTESIAN_POINT('',(-0.0282932025653481,0.094991267112634,-0.101024568876862));
#8421=CARTESIAN_POINT('',(-0.028153938661335,0.0950936101864524,-0.100321220366705));
#8422=CARTESIAN_POINT('',(-0.0279576140353855,0.0952339655013418,-0.099297758828459));
#8423=CARTESIAN_POINT('',(-0.027705361501807,0.0954087658603839,-0.097920639720791));
#8424=CARTESIAN_POINT('',(-0.0273525967054945,0.0956433644619688,-0.0959014071424491));
#8425=CARTESIAN_POINT('',(-0.0269025110835928,0.0959269335012881,-0.0931842438722182));
#8426=CARTESIAN_POINT('',(-0.0262706634336943,0.096298524858203,-0.0891837863472999));
#8427=CARTESIAN_POINT('',(-0.0250256484496672,0.0969644886196281,-0.0809732551708547));
#8428=CARTESIAN_POINT('',(-0.0239716099787188,0.0974160262801453,-0.0739575038010364));
#8429=CARTESIAN_POINT('',(-0.023230414669387,0.0976916983801827,-0.0687974285318103));
#8430=CARTESIAN_POINT('',(-0.0294762519145448,0.0943576206026318,-0.102554793960709));
#8431=CARTESIAN_POINT('',(-0.029455536386763,0.0943737712343731,-0.102467714558511));
#8432=CARTESIAN_POINT('',(-0.0294243734320413,0.0943977410683885,-0.102341416990841));
#8433=CARTESIAN_POINT('',(-0.0293826926696276,0.0944300266231992,-0.102166396118432));
#8434=CARTESIAN_POINT('',(-0.0293509888730784,0.094454039359983,-0.102041987790139));
#8435=CARTESIAN_POINT('',(-0.0293157929257563,0.0944816373927272,-0.101884619805648));
#8436=CARTESIAN_POINT('',(-0.0292672773288283,0.0945189479557905,-0.101674200153506));
#8437=CARTESIAN_POINT('',(-0.0291957991181241,0.0945739717466536,-0.101350648094986));
#8438=CARTESIAN_POINT('',(-0.029086924805886,0.0946562505811234,-0.100855163851321));
#8439=CARTESIAN_POINT('',(-0.0289407271729692,0.0947651625160645,-0.100162669100368));
#8440=CARTESIAN_POINT('',(-0.0287340087509366,0.0949155181471851,-0.0991500721944695));
#8441=CARTESIAN_POINT('',(-0.0284683625341052,0.0951031071413767,-0.0977855469770329));
#8442=CARTESIAN_POINT('',(-0.0280962208471268,0.09535587178772,-0.0957796297704298));
#8443=CARTESIAN_POINT('',(-0.0276207174086075,0.0956623110217768,-0.0930756020507427));
#8444=CARTESIAN_POINT('',(-0.0269519685780545,0.0960650406428806,-0.0890884937451316));
#8445=CARTESIAN_POINT('',(-0.0256318596402096,0.0967884047984298,-0.0808957235980087));
#8446=CARTESIAN_POINT('',(-0.0245120774651593,0.0972790417924867,-0.0738868952056075));
#8447=CARTESIAN_POINT('',(-0.0237265204349671,0.0975766762817484,-0.0687370541107849));
#8448=CARTESIAN_POINT('',(-0.0301508084082863,0.0939791678794496,-0.102383694081045));
#8449=CARTESIAN_POINT('',(-0.0301293713471429,0.0939964977621871,-0.102297342788136));
#8450=CARTESIAN_POINT('',(-0.0300969380933316,0.0940225314304241,-0.102169753860195));
#8451=CARTESIAN_POINT('',(-0.030053650706306,0.0940572452457503,-0.101996036569662));
#8452=CARTESIAN_POINT('',(-0.0300209136885696,0.0940832012455082,-0.101870853207901));
#8453=CARTESIAN_POINT('',(-0.029984089162745,0.0941127033023492,-0.101717237532303));
#8454=CARTESIAN_POINT('',(-0.0299337319968961,0.0941526403352063,-0.101510329199195));
#8455=CARTESIAN_POINT('',(-0.0298592470809867,0.0942114918910153,-0.101193407478106));
#8456=CARTESIAN_POINT('',(-0.0297460207023115,0.094299765223716,-0.100705062986225));
#8457=CARTESIAN_POINT('',(-0.0295937651503746,0.0944167199958157,-0.100022172480355));
#8458=CARTESIAN_POINT('',(-0.0293784898456436,0.094578544956737,-0.0990201825814466));
#8459=CARTESIAN_POINT('',(-0.0291016028587462,0.0947807930542639,-0.0976672552932492));
#8460=CARTESIAN_POINT('',(-0.0287134398327909,0.0950538309176593,-0.0956739040016758));
#8461=CARTESIAN_POINT('',(-0.0282169088481429,0.0953854354579837,-0.0929820169683571));
#8462=CARTESIAN_POINT('',(-0.0275178009314786,0.0958218242393972,-0.0890072902441646));
#8463=CARTESIAN_POINT('',(-0.0261360981385424,0.0966062405486653,-0.0808307517913408));
#8464=CARTESIAN_POINT('',(-0.0249628340856285,0.0971372657793253,-0.0738279699787924));
#8465=CARTESIAN_POINT('',(-0.0241411932203152,0.097457674765339,-0.0686867300147365));
#8466=CARTESIAN_POINT('',(-0.0307481726937475,0.09356435304138,-0.102228549801412));
#8467=CARTESIAN_POINT('',(-0.0307260747929504,0.0935830816046824,-0.102142634267177));
#8468=CARTESIAN_POINT('',(-0.0306928182544698,0.0936111642485426,-0.102014259004138));
#8469=CARTESIAN_POINT('',(-0.030648059909144,0.0936487461790239,-0.101841913542749));
#8470=CARTESIAN_POINT('',(-0.0306145741936284,0.0936767526310987,-0.101714753007723));
#8471=CARTESIAN_POINT('',(-0.0305765971876195,0.0937084269183869,-0.101565398100866));
#8472=CARTESIAN_POINT('',(-0.0305248869396828,0.0937513400447661,-0.101361346589735));
#8473=CARTESIAN_POINT('',(-0.0304481838830478,0.0938145788235388,-0.101051165640738));
#8474=CARTESIAN_POINT('',(-0.0303316707757618,0.093909612171525,-0.100569197198056));
#8475=CARTESIAN_POINT('',(-0.0301747461293448,0.0940356562583429,-0.0998956020899343));
#8476=CARTESIAN_POINT('',(-0.0299527054984941,0.0942103541895519,-0.0989034620015195));
#8477=CARTESIAN_POINT('',(-0.0296666911139144,0.094429033974962,-0.0975615816894291));
#8478=CARTESIAN_POINT('',(-0.0292651489664373,0.0947247406646597,-0.095580051161969));
#8479=CARTESIAN_POINT('',(-0.028750526646042,0.095084461664106,-0.0928997047775979));
#8480=CARTESIAN_POINT('',(-0.0280245176229863,0.0955584383796021,-0.0889367452169861));
#8481=CARTESIAN_POINT('',(-0.0265865818152386,0.096410980058582,-0.0807757772033693));
#8482=CARTESIAN_POINT('',(-0.0253625709960741,0.0969867737160549,-0.0737788193511781));
#8483=CARTESIAN_POINT('',(-0.0245070780972493,0.09733214909427,-0.0686451282648569));
#8484=CARTESIAN_POINT('',(-0.0311437335857985,0.0932286457529156,-0.102110418400162));
#8485=CARTESIAN_POINT('',(-0.0311213196537535,0.0932484734511869,-0.102024559269615));
#8486=CARTESIAN_POINT('',(-0.031087541707657,0.0932782400969045,-0.101896135903254));
#8487=CARTESIAN_POINT('',(-0.0310422060347627,0.0933179686763344,-0.101724327901792));
#8488=CARTESIAN_POINT('',(-0.0310080061252841,0.0933478203217349,-0.101596138634341));
#8489=CARTESIAN_POINT('',(-0.0309699357428853,0.0933809317172993,-0.101450418526536));
#8490=CARTESIAN_POINT('',(-0.0309175905924046,0.0934262503489768,-0.101248119125869));
#8491=CARTESIAN_POINT('',(-0.0308403361409621,0.0934926802505686,-0.100943160454238));
#8492=CARTESIAN_POINT('',(-0.0307224029998425,0.0935930269145442,-0.100465674979258));
#8493=CARTESIAN_POINT('',(-0.0305636313148235,0.0937260431362073,-0.0997990642716135));
#8494=CARTESIAN_POINT('',(-0.030338421991895,0.0939108587285705,-0.0988142072817315));
#8495=CARTESIAN_POINT('',(-0.0300479046747324,0.0941424876384779,-0.0974806732605231));
#8496=CARTESIAN_POINT('',(-0.0296391448700662,0.0944562952271324,-0.0955080967942121));
#8497=CARTESIAN_POINT('',(-0.0291140794906812,0.0948386780831746,-0.0928366519407608));
#8498=CARTESIAN_POINT('',(-0.0283714674889938,0.0953433013944827,-0.0888828714915824));
#8499=CARTESIAN_POINT('',(-0.0268965959159332,0.0962520284768038,-0.0807344147899304));
#8500=CARTESIAN_POINT('',(-0.0256360912744735,0.0968654805251877,-0.073742608396812));
#8501=CARTESIAN_POINT('',(-0.0247559383631317,0.0972317112518818,-0.0686149703257039));
#8502=CARTESIAN_POINT('',(-0.0314510309133316,0.0929469237857277,-0.101997000142392));
#8503=CARTESIAN_POINT('',(-0.0314284181190034,0.0929676442889814,-0.101911258618277));
#8504=CARTESIAN_POINT('',(-0.03139428784149,0.092998800207291,-0.101782642844671));
#8505=CARTESIAN_POINT('',(-0.0313485496836669,0.0930403144435487,-0.101611184092734));
#8506=CARTESIAN_POINT('',(-0.0313139678887934,0.0930715820003273,-0.10148260688033));
#8507=CARTESIAN_POINT('',(-0.031275764628706,0.0931059908201016,-0.101339701635734));
#8508=CARTESIAN_POINT('',(-0.0312230654665551,0.0931532445993933,-0.101139490787185));
#8509=CARTESIAN_POINT('',(-0.0311453881516292,0.0932224155466318,-0.100838912470664));
#8510=CARTESIAN_POINT('',(-0.0310265704442765,0.0933271188698768,-0.100365970973793));
#8511=CARTESIAN_POINT('',(-0.0308665487412439,0.0934659493661434,-0.099705645378617));
#8512=CARTESIAN_POINT('',(-0.0306392572324947,0.0936590945808292,-0.0987276978705149));
#8513=CARTESIAN_POINT('',(-0.0303457333570092,0.0939013870900104,-0.0974018113923055));
#8514=CARTESIAN_POINT('',(-0.0299321790668894,0.0942300088396271,-0.0954375427592085));
#8515=CARTESIAN_POINT('',(-0.0294001685990234,0.0946308665233945,-0.0927742536763922));
#8516=CARTESIAN_POINT('',(-0.0286465327597276,0.0951603636016598,-0.0888288370832334));
#8517=CARTESIAN_POINT('',(-0.0271470915883907,0.0961145731693802,-0.0806916602368389));
#8518=CARTESIAN_POINT('',(-0.0258618785654036,0.0967587113724728,-0.0737044123093476));
#8519=CARTESIAN_POINT('',(-0.0249642881715009,0.0971423593623823,-0.0685827576757812));
#8520=CARTESIAN_POINT('',(-0.025,0.0971270088260935,-0.0687883283798887));
#8521=CARTESIAN_POINT('',(-0.025,0.0971269882284114,-0.0735798851462715));
#8522=CARTESIAN_POINT('',(-0.0249999999999999,0.0969376579872491,-0.0831605044444315));
#8523=CARTESIAN_POINT('',(-0.025,0.0964147602096169,-0.0927334656150761));
#8524=CARTESIAN_POINT('',(-0.025,0.0959394959880287,-0.0975000000000001));
#8525=CARTESIAN_POINT('',(-0.0249999989675549,0.0971270102520161,-0.0687778329682068));
#8526=CARTESIAN_POINT('',(-0.0249999999999998,0.0959394959880288,-0.0975));
#8527=CARTESIAN_POINT('',(-0.0260172478604139,0.0966598966810895,-0.0745021179140031));
#8528=CARTESIAN_POINT('',(-0.0256715514233767,0.0968288100554719,-0.0725955965704836));
#8529=CARTESIAN_POINT('',(-0.0253304608745666,0.0969846638018716,-0.0706887564347869));
#8530=CARTESIAN_POINT('',(-0.0249988251180839,0.0971275149404352,-0.0687815720484853));
#8531=CARTESIAN_POINT('',(-0.026017247860414,0.0966598966810894,-0.0745021179140031));
#8532=CARTESIAN_POINT('',(-0.0260172478604139,0.0966598966810894,-0.074502117914003));
#8533=CARTESIAN_POINT('',(-0.0261411886616793,0.0965993286637829,-0.0757278113389314));
#8534=CARTESIAN_POINT('',(-0.0263837806772335,0.0964781693137499,-0.078179670014649));
#8535=CARTESIAN_POINT('',(-0.026718026617949,0.0962963041390302,-0.0818600108742384));
#8536=CARTESIAN_POINT('',(-0.0270063152142698,0.0961142316122167,-0.0855445478444008));
#8537=CARTESIAN_POINT('',(-0.0272379180606532,0.0959319436809371,-0.0892334438781368));
#8538=CARTESIAN_POINT('',(-0.0273724700542995,0.095779937463706,-0.0923095396345079));
#8539=CARTESIAN_POINT('',(-0.0274252380640982,0.0956581743210091,-0.0947736170476207));
#8540=CARTESIAN_POINT('',(-0.0274254728490712,0.0955668593958725,-0.0966215247110253));
#8541=CARTESIAN_POINT('',(-0.0273618433794645,0.0954756199186309,-0.0984679055622066));
#8542=CARTESIAN_POINT('',(-0.0272189151370644,0.0953996857686962,-0.100004557948096));
#8543=CARTESIAN_POINT('',(-0.0269905662904681,0.0953397537451349,-0.101217380993794));
#8544=CARTESIAN_POINT('',(-0.0267721927003951,0.0953031902866494,-0.101957302699199));
#8545=CARTESIAN_POINT('',(-0.0265004900876877,0.0952757322715299,-0.102512960785597));
#8546=CARTESIAN_POINT('',(-0.0262203072719847,0.0952571515408315,-0.102888972424416));
#8547=CARTESIAN_POINT('',(-0.0257964146198178,0.0952460599572213,-0.103113428857149));
#8548=CARTESIAN_POINT('',(-0.0254829559497654,0.0952464583394315,-0.103105366938061));
#8549=CARTESIAN_POINT('',(-0.0253287781039517,0.0952464588681634,-0.103105356238302));
#8550=CARTESIAN_POINT('',(-0.0253287781039516,0.0952464588681633,-0.103105356238303));
#8551=CARTESIAN_POINT('',(-0.0249999882965358,0.095569302420945,-0.100797112816818));
#8552=CARTESIAN_POINT('',(-0.0250510900964413,0.0955213584643001,-0.101176905928427));
#8553=CARTESIAN_POINT('',(-0.0251299839665492,0.0954446992192859,-0.101757906929152));
#8554=CARTESIAN_POINT('',(-0.0252272134957227,0.095348037452536,-0.10243528092964));
#8555=CARTESIAN_POINT('',(-0.0252852945634583,0.095284325289316,-0.102858488085767));
#8556=CARTESIAN_POINT('',(-0.0253143443293274,0.0952596025360025,-0.103019310785447));
#8557=CARTESIAN_POINT('',(-0.0253287781039515,0.0952464588681633,-0.103105356238302));
#8558=CARTESIAN_POINT('',(-0.0249999999990137,0.0955693029740435,-0.100797111312303));
#8559=CARTESIAN_POINT('',(-0.0248498814754768,0.095706900626585,-0.099660990581637));
#8560=CARTESIAN_POINT('',(-0.024898654034167,0.0956631968994566,-0.100036587010027));
#8561=CARTESIAN_POINT('',(-0.0249485680970633,0.0956175451016093,-0.100414953331375));
#8562=CARTESIAN_POINT('',(-0.0249999882965685,0.0955693024209142,-0.100797112817061));
#8563=CARTESIAN_POINT('',(-0.0248498814754776,0.095706900626585,-0.0996609905816367));
#8564=CARTESIAN_POINT('',(-0.0248498814753252,0.0957069006267207,-0.0996609905804708));
#8565=CARTESIAN_POINT('',(-0.0249810491807432,0.0957899912146994,-0.0989468944708734));
#8566=CARTESIAN_POINT('',(-0.025,0.0958672693767342,-0.0982243773265565));
#8567=CARTESIAN_POINT('',(-0.025,0.0959394959880287,-0.0975));
#8568=CARTESIAN_POINT('',(-0.0213764656294955,0.0978777373774718,-0.00201839676518023));
#8569=CARTESIAN_POINT('',(-0.0221688123776738,0.0975372849109019,0.00504721479617477));
#8570=CARTESIAN_POINT('',(-0.0233134680454498,0.0969273440881233,0.0146792944134092));
#8571=CARTESIAN_POINT('',(-0.0246607689243611,0.0958972058194695,0.0262473801194123));
#8572=CARTESIAN_POINT('',(-0.0254098859377765,0.0952349083864615,0.0326802460354676));
#8573=CARTESIAN_POINT('',(-0.0261587405649698,0.0944857119793688,0.0391259099909955));
#8574=CARTESIAN_POINT('',(-0.0270728501650879,0.093447884112736,0.0468503762896059));
#8575=CARTESIAN_POINT('',(-0.0282903636169962,0.0918798219855565,0.0565122353762725));
#8576=CARTESIAN_POINT('',(-0.0297911315908613,0.0896643010925766,0.0667927696538898));
#8577=CARTESIAN_POINT('',(-0.0316987890347711,0.0865429966499347,0.0781020250762706));
#8578=CARTESIAN_POINT('',(-0.0330847140432215,0.0841142122358479,0.085391954464317));
#8579=CARTESIAN_POINT('',(-0.0339023685852682,0.0826876669118188,0.0895513522498116));
#8580=CARTESIAN_POINT('',(-0.0215514221758778,0.0978787483101047,-0.00203806213632262));
#8581=CARTESIAN_POINT('',(-0.0223693129433529,0.0975387201040841,0.00502353921384135));
#8582=CARTESIAN_POINT('',(-0.0235583643467832,0.0969295407057742,0.0146502533986902));
#8583=CARTESIAN_POINT('',(-0.0249648005872064,0.0959008575161939,0.0262118251512416));
#8584=CARTESIAN_POINT('',(-0.0257468380793159,0.0952395602606888,0.0326409525923749));
#8585=CARTESIAN_POINT('',(-0.0265296291984716,0.0944915832455477,0.0390827270120599));
#8586=CARTESIAN_POINT('',(-0.0274753843242861,0.0934556180728121,0.0468018202312672));
#8587=CARTESIAN_POINT('',(-0.0287256696986612,0.0918911132112571,0.056454625290456));
#8588=CARTESIAN_POINT('',(-0.0302573306352722,0.0896823648604634,0.0667218984714275));
#8589=CARTESIAN_POINT('',(-0.0321933834769002,0.0865696046658239,0.0780189910843411));
#8590=CARTESIAN_POINT('',(-0.0335908489138048,0.0841450959824153,0.0853039909868067));
#8591=CARTESIAN_POINT('',(-0.0344101740850542,0.0827195788328582,0.0894618979973667));
#8592=CARTESIAN_POINT('',(-0.0217027326290582,0.097878646393922,-0.00205485833640068));
#8593=CARTESIAN_POINT('',(-0.022543842516741,0.0975386969557318,0.00500322333724761));
#8594=CARTESIAN_POINT('',(-0.0237744116692529,0.0969295671807275,0.0146250667356632));
#8595=CARTESIAN_POINT('',(-0.025241417162275,0.09590105980588,0.0261798778286423));
#8596=CARTESIAN_POINT('',(-0.0260585154119782,0.0952399842177197,0.0326048864981697));
#8597=CARTESIAN_POINT('',(-0.0268790485721502,0.0944923540822474,0.0390422028975148));
#8598=CARTESIAN_POINT('',(-0.0278619812528677,0.093457433929274,0.0467546111655086));
#8599=CARTESIAN_POINT('',(-0.0291516706568787,0.0918956484661949,0.056396658820104));
#8600=CARTESIAN_POINT('',(-0.0307217633932564,0.0896930401366822,0.0666485194093762));
#8601=CARTESIAN_POINT('',(-0.0326941870062225,0.0865884916687678,0.0779312121559015));
#8602=CARTESIAN_POINT('',(-0.0341067808876059,0.0841680705620332,0.0852108328370026));
#8603=CARTESIAN_POINT('',(-0.0349286407211198,0.0827434987942644,0.089367304915234));
#8604=CARTESIAN_POINT('',(-0.0219672583985196,0.0978673459033099,-0.00208452810517178));
#8605=CARTESIAN_POINT('',(-0.0228473099242354,0.0975243823369802,0.00496738944682739));
#8606=CARTESIAN_POINT('',(-0.0241455447361148,0.0969088321942456,0.0145810107079345));
#8607=CARTESIAN_POINT('',(-0.0257019786941616,0.0958698483984345,0.0261248317488652));
#8608=CARTESIAN_POINT('',(-0.0265688400404513,0.0952027426865555,0.0325431755953589));
#8609=CARTESIAN_POINT('',(-0.0274400227551191,0.0944488564600293,0.0389733440755858));
#8610=CARTESIAN_POINT('',(-0.0284679834400124,0.0934093933316248,0.0466746357757109));
#8611=CARTESIAN_POINT('',(-0.0298050924706399,0.091845105645302,0.0562985192003129));
#8612=CARTESIAN_POINT('',(-0.0314204150767928,0.0896454114712828,0.0665237810501156));
#8613=CARTESIAN_POINT('',(-0.033434321652322,0.0865474625311405,0.0777810830586042));
#8614=CARTESIAN_POINT('',(-0.034864621720398,0.0841308112898964,0.0850506299118923));
#8615=CARTESIAN_POINT('',(-0.0356871724361571,0.0827076410452009,0.0892047488534096));
#8616=CARTESIAN_POINT('',(-0.0222660623579356,0.0978447222804789,-0.00211899508718028));
#8617=CARTESIAN_POINT('',(-0.0231887247154061,0.0974956398667404,0.00492572457528675));
#8618=CARTESIAN_POINT('',(-0.0245596974345834,0.0968672910305357,0.0145297939927064));
#8619=CARTESIAN_POINT('',(-0.0262061855093779,0.0958079035804851,0.0260611108249021));
#8620=CARTESIAN_POINT('',(-0.0271216339412059,0.0951290555020173,0.0324719881069837));
#8621=CARTESIAN_POINT('',(-0.0280403862810633,0.0943630412152492,0.0388940023993247));
#8622=CARTESIAN_POINT('',(-0.0291081561195023,0.0933138826618426,0.0465832768962192));
#8623=CARTESIAN_POINT('',(-0.0304861695544058,0.0917418534784456,0.0561868208801111));
#8624=CARTESIAN_POINT('',(-0.0321390727634014,0.0895404415473507,0.0663819587000184));
#8625=CARTESIAN_POINT('',(-0.0341862365546139,0.0864451977665545,0.0776101060293757));
#8626=CARTESIAN_POINT('',(-0.0356306538066511,0.0840307560831144,0.0848678010972146));
#8627=CARTESIAN_POINT('',(-0.0364529285129263,0.082609086057403,0.0890192171722553));
#8628=CARTESIAN_POINT('',(-0.0227026662705502,0.0977929288484868,-0.00217118542057327));
#8629=CARTESIAN_POINT('',(-0.0236854386340141,0.0974298064979666,0.00486251723649091));
#8630=CARTESIAN_POINT('',(-0.0251574074210368,0.0967723790681155,0.0144518607125229));
#8631=CARTESIAN_POINT('',(-0.0269224917325215,0.0956671064767729,0.025963597329906));
#8632=CARTESIAN_POINT('',(-0.0279001741921656,0.094961862066987,0.032362861603069));
#8633=CARTESIAN_POINT('',(-0.0288784689490297,0.0941684879150036,0.0387715693078069));
#8634=CARTESIAN_POINT('',(-0.0299961096754735,0.0930958564476892,0.0464425402460088));
#8635=CARTESIAN_POINT('',(-0.0314230779841085,0.091502971074713,0.0560141233503664));
#8636=CARTESIAN_POINT('',(-0.0331185862596286,0.0892900781569965,0.0661616621042607));
#8637=CARTESIAN_POINT('',(-0.035202332517759,0.0861907637939335,0.0773426909232558));
#8638=CARTESIAN_POINT('',(-0.0366613784338513,0.0837763330492566,0.0845810872297161));
#8639=CARTESIAN_POINT('',(-0.0374849136474821,0.0823562200507394,0.0887277707294036));
#8640=CARTESIAN_POINT('',(-0.0231772033702718,0.0977111591674298,-0.00222846407766075));
#8641=CARTESIAN_POINT('',(-0.0242221497199152,0.0973259974820316,0.00479322106759164));
#8642=CARTESIAN_POINT('',(-0.0257966365162293,0.0966233009063381,0.0143665948357436));
#8643=CARTESIAN_POINT('',(-0.0276763714549116,0.095446787165137,0.0258556902458671));
#8644=CARTESIAN_POINT('',(-0.0287125112799716,0.0947005372481458,0.0322411862661182));
#8645=CARTESIAN_POINT('',(-0.0297470525410826,0.0938638925498721,0.0386335254908452));
#8646=CARTESIAN_POINT('',(-0.030916380768793,0.092750948743551,0.0462803952008162));
#8647=CARTESIAN_POINT('',(-0.0323900408223431,0.091120617116503,0.0558116347253353));
#8648=CARTESIAN_POINT('',(-0.0341228606742538,0.0888819733481356,0.0658992262272179));
#8649=CARTESIAN_POINT('',(-0.0362376669684421,0.0857664304183026,0.0770194668583464));
#8650=CARTESIAN_POINT('',(-0.0377071742279907,0.0833478687168769,0.0842329333828985));
#8651=CARTESIAN_POINT('',(-0.0385363616320537,0.0819270402910538,0.088372396851763));
#8652=CARTESIAN_POINT('',(-0.0236423774218854,0.0976042209590415,-0.00228744204479848));
#8653=CARTESIAN_POINT('',(-0.0247460181111202,0.0971903188012074,0.00472157809005345));
#8654=CARTESIAN_POINT('',(-0.0264151450162035,0.0964290130630592,0.0142776399735896));
#8655=CARTESIAN_POINT('',(-0.0283957451963164,0.0951592210510002,0.025741564483273));
#8656=CARTESIAN_POINT('',(-0.02948166642958,0.0943589530946731,0.0321113835157361));
#8657=CARTESIAN_POINT('',(-0.0305643617000293,0.0934638266553832,0.0384853947654777));
#8658=CARTESIAN_POINT('',(-0.0317783982375779,0.0922930192152884,0.0461053187680452));
#8659=CARTESIAN_POINT('',(-0.0332877770408335,0.0906079402537349,0.0555914082343744));
#8660=CARTESIAN_POINT('',(-0.0350455627464251,0.0883274787698571,0.0656114137050385));
#8661=CARTESIAN_POINT('',(-0.0371782394921373,0.0851811306972069,0.0766616232052961));
#8662=CARTESIAN_POINT('',(-0.0386531265238451,0.0827525651911136,0.0838464329298237));
#8663=CARTESIAN_POINT('',(-0.0394859986000703,0.0813283634752264,0.0879778854134429));
#8664=CARTESIAN_POINT('',(-0.0240109764441448,0.0975011839919749,-0.00233414469066921));
#8665=CARTESIAN_POINT('',(-0.0251598806702351,0.0970595816928165,0.00466478509677324));
#8666=CARTESIAN_POINT('',(-0.0269022956843411,0.0962417396529416,0.0142066448724214));
#8667=CARTESIAN_POINT('',(-0.0289615562733914,0.0948782313910913,0.0256475577417765));
#8668=CARTESIAN_POINT('',(-0.0300864811580028,0.0940224393947858,0.032002218300275));
#8669=CARTESIAN_POINT('',(-0.0312080031026029,0.0930651045557347,0.0383587347186698));
#8670=CARTESIAN_POINT('',(-0.0324636325462442,0.0918259752273302,0.045949957765056));
#8671=CARTESIAN_POINT('',(-0.0340067273830952,0.0900723769408952,0.0553903507706429));
#8672=CARTESIAN_POINT('',(-0.0357884006931658,0.0877336527426613,0.0653416529720096));
#8673=CARTESIAN_POINT('',(-0.0379402395656992,0.0845366118298735,0.07631706617843));
#8674=CARTESIAN_POINT('',(-0.0394196925391779,0.0820907201958731,0.0834712444650959));
#8675=CARTESIAN_POINT('',(-0.040261686658338,0.0806543417395906,0.0875915830125994));
#8676=CARTESIAN_POINT('',(-0.0242653860718071,0.0974187729272474,-0.0023648706747516));
#8677=CARTESIAN_POINT('',(-0.0254466456826839,0.0969544670813651,0.00462713596823251));
#8678=CARTESIAN_POINT('',(-0.0272421699552338,0.0960895987518179,0.0141589182836645));
#8679=CARTESIAN_POINT('',(-0.0293551853076753,0.094647776561472,0.0255821710845652));
#8680=CARTESIAN_POINT('',(-0.0305059588284717,0.0937454212571585,0.0319248323304955));
#8681=CARTESIAN_POINT('',(-0.0316497701880515,0.0927374403800149,0.0382687026583235));
#8682=CARTESIAN_POINT('',(-0.0329239169345901,0.0914464579717959,0.0458385778521179));
#8683=CARTESIAN_POINT('',(-0.034482578928013,0.0896383923890408,0.0552448137538066));
#8684=CARTESIAN_POINT('',(-0.0362736953159706,0.0872516591319075,0.0651440127501044));
#8685=CARTESIAN_POINT('',(-0.0384315692139516,0.0840120024321513,0.0760625510431096));
#8686=CARTESIAN_POINT('',(-0.0399111879243077,0.0815512087124741,0.0831926000332757));
#8687=CARTESIAN_POINT('',(-0.0407565801384709,0.0801065222705279,0.0873059299829464));
#8688=CARTESIAN_POINT('',(-0.0245259532463234,0.0973248382874677,-0.00239606634746281));
#8689=CARTESIAN_POINT('',(-0.0257421321081591,0.0968338683216139,0.00458839629660702));
#8690=CARTESIAN_POINT('',(-0.0275948650569643,0.0959131156766183,0.0141089454309276));
#8691=CARTESIAN_POINT('',(-0.0297607519049496,0.094379811325137,0.0255122619743835));
#8692=CARTESIAN_POINT('',(-0.030935626227591,0.0934234523049523,0.0318418309398282));
#8693=CARTESIAN_POINT('',(-0.0320953693960528,0.0923596714596267,0.0381714324700661));
#8694=CARTESIAN_POINT('',(-0.0333724192969533,0.0910203079995089,0.045722455562443));
#8695=CARTESIAN_POINT('',(-0.0349334445318211,0.0891602731055714,0.0550953336953356));
#8696=CARTESIAN_POINT('',(-0.0367224206523746,0.0867275725150688,0.0649428789981865));
#8697=CARTESIAN_POINT('',(-0.0388742506872626,0.083449432245147,0.075806362175652));
#8698=CARTESIAN_POINT('',(-0.0403503021079321,0.080974221240045,0.0829121359708844));
#8699=CARTESIAN_POINT('',(-0.0411922127671602,0.0795288665752823,0.0870224065351773));
#8700=CARTESIAN_POINT('',(-0.0247223603808081,0.0972453074373048,-0.00242208434839531));
#8701=CARTESIAN_POINT('',(-0.0259652661958156,0.09673141872298,0.00455570709838032));
#8702=CARTESIAN_POINT('',(-0.0278604418790937,0.0957627442681821,0.0140664262765774));
#8703=CARTESIAN_POINT('',(-0.0300610107837172,0.0941528627610867,0.0254529017979046));
#8704=CARTESIAN_POINT('',(-0.0312502744098235,0.093151820286823,0.0317723016375094));
#8705=CARTESIAN_POINT('',(-0.0324159908377075,0.0920435260366073,0.0380887399856328));
#8706=CARTESIAN_POINT('',(-0.0336835602534339,0.0906724125817,0.0456297323336959));
#8707=CARTESIAN_POINT('',(-0.0352339034682115,0.0887801506659443,0.054980372078916));
#8708=CARTESIAN_POINT('',(-0.0370098330156209,0.0863203258814873,0.0647934328330565));
#8709=CARTESIAN_POINT('',(-0.0391448857255989,0.083024305947029,0.0756224259033942));
#8710=CARTESIAN_POINT('',(-0.040615021807667,0.0805405303740958,0.0827127098482867));
#8711=CARTESIAN_POINT('',(-0.0414474304124637,0.0791056837260401,0.0868259298181308));
#8712=CARTESIAN_POINT('',(-0.0248998656415692,0.0971697850704594,-0.00245064304061922));
#8713=CARTESIAN_POINT('',(-0.0261638027658738,0.0966351961879448,0.00452027402995792));
#8714=CARTESIAN_POINT('',(-0.0280905646026826,0.095624565949539,0.0140214277878248));
#8715=CARTESIAN_POINT('',(-0.030316976910413,0.0939472327166152,0.0253924462836733));
#8716=CARTESIAN_POINT('',(-0.0315166464318895,0.0929068584237255,0.0317020593941697));
#8717=CARTESIAN_POINT('',(-0.0326896850208977,0.0917560404509125,0.0380074594149819));
#8718=CARTESIAN_POINT('',(-0.0339582402975923,0.0903468513505388,0.0455366044962977));
#8719=CARTESIAN_POINT('',(-0.0355036424509236,0.0884191522385292,0.0548652218297497));
#8720=CARTESIAN_POINT('',(-0.0372705561470091,0.0859302541699716,0.0646451185228402));
#8721=CARTESIAN_POINT('',(-0.039393568553068,0.0826131796795816,0.0754412399797781));
#8722=CARTESIAN_POINT('',(-0.0408591421844733,0.0801197690159335,0.082518187302019));
#8723=CARTESIAN_POINT('',(-0.0416878541779252,0.0786887680208499,0.0866334647319573));
#8724=CARTESIAN_POINT('',(-0.0250000000000016,0.0955939249893073,0.0291602949610605));
#8725=CARTESIAN_POINT('',(-0.0250000000000016,0.0961189539789256,0.0240013581269495));
#8726=CARTESIAN_POINT('',(-0.0249999999999993,0.0969069469140099,0.0136586238441022));
#8727=CARTESIAN_POINT('',(-0.025,0.0971270051455933,0.00328657523752141));
#8728=CARTESIAN_POINT('',(-0.025,0.0971269249238225,-0.0018990980560793));
#8729=CARTESIAN_POINT('',(-0.0249980735880875,0.0955939038396967,0.0291605148646878));
#8730=CARTESIAN_POINT('',(-0.0249999998974594,0.097126988801218,-0.00191524095499026));
#8731=CARTESIAN_POINT('',(-0.025,0.0955939250976833,0.0291602938961575));
#8732=CARTESIAN_POINT('',(-0.025,0.0955927965471704,0.0291713791626741));
#8733=CARTESIAN_POINT('',(-0.025,0.0955916679966576,0.0291824644291908));
#8734=CARTESIAN_POINT('',(-0.025,0.0955905394461448,0.0291935496957075));
#8735=CARTESIAN_POINT('',(-0.0250019353130517,0.0955905180361903,0.0291937717230686));
#8736=CARTESIAN_POINT('',(-0.0332368282760869,0.0838490079814499,0.0861314847231932));
#8737=CARTESIAN_POINT('',(-0.0323713713231446,0.085358524440185,0.0816373596023947));
#8738=CARTESIAN_POINT('',(-0.0306808321105693,0.0882777985418716,0.0724331654023445));
#8739=CARTESIAN_POINT('',(-0.0284721406505294,0.0916635959798496,0.0580893153815322));
#8740=CARTESIAN_POINT('',(-0.0266717002307114,0.0939722837736875,0.0436343377118234));
#8741=CARTESIAN_POINT('',(-0.0255636254670221,0.0951007933591998,0.0340024328783302));
#8742=CARTESIAN_POINT('',(-0.0250038708737009,0.0955905394461448,0.0291935496957072));
#8743=CARTESIAN_POINT('',(-0.0249981132865166,0.097127737443738,-0.00190945600716262));
#8744=CARTESIAN_POINT('',(-0.026367109991937,0.0965382434135762,0.00560672544375122));
#8745=CARTESIAN_POINT('',(-0.0286726863027333,0.0952917311190832,0.0168679262383197));
#8746=CARTESIAN_POINT('',(-0.0311948138902098,0.0932232588095541,0.0299678760865498));
#8747=CARTESIAN_POINT('',(-0.0325844337148416,0.0918588138686489,0.0374437579665066));
#8748=CARTESIAN_POINT('',(-0.0338545716336365,0.0904704757341244,0.044888911634711));
#8749=CARTESIAN_POINT('',(-0.0353714899985494,0.0886012257361283,0.0541208881505029));
#8750=CARTESIAN_POINT('',(-0.0373323087190036,0.0858465851432083,0.0649974086571416));
#8751=CARTESIAN_POINT('',(-0.0394398995743084,0.0825337345075145,0.075652626204588));
#8752=CARTESIAN_POINT('',(-0.0408829149026761,0.0800759576624228,0.0826443268173155));
#8753=CARTESIAN_POINT('',(-0.0415866173283734,0.0788632975320205,0.0861313728125638));
#8754=CARTESIAN_POINT('',(-0.0253418833459876,0.0957096243008045,-0.0996375390508619));
#8755=CARTESIAN_POINT('',(-0.023131465855919,0.0957096243008045,-0.0996375390508619));
#8756=CARTESIAN_POINT('',(-0.0253418833459876,0.0956329862100583,-0.100297244768034));
#8757=CARTESIAN_POINT('',(-0.023131465855919,0.0956329862100583,-0.100297244768034));
#8758=CARTESIAN_POINT('',(-0.0253418833459874,0.0955172998248955,-0.101226868390759));
#8759=CARTESIAN_POINT('',(-0.0231314658559187,0.0955172998248955,-0.101226868390759));
#8760=CARTESIAN_POINT('',(-0.0253418833459877,0.0953624657741829,-0.102343976599746));
#8761=CARTESIAN_POINT('',(-0.023131465855919,0.0953624657741829,-0.102343976599746));
#8762=CARTESIAN_POINT('',(-0.0253418833459876,0.0952852641575971,-0.102851316689227));
#8763=CARTESIAN_POINT('',(-0.023131465855919,0.0952852641575971,-0.102851316689227));
#8764=CARTESIAN_POINT('',(-0.0253418833459876,0.0952434835139019,-0.103124814123222));
#8765=CARTESIAN_POINT('',(-0.023131465855919,0.0952434835139019,-0.103124814123222));
#8766=CARTESIAN_POINT('',(-0.0253287781039516,0.095246460247176,-0.103105328331714));
#8767=CARTESIAN_POINT('',(-0.0231445710979549,0.095246460247176,-0.103105328331714));
#8768=CARTESIAN_POINT('',(-0.0231445710979549,0.095246460247176,-0.103105328331713));
#8769=CARTESIAN_POINT('',(-0.0240693961914293,0.0953891962319096,-0.102170973996528));
#8770=CARTESIAN_POINT('',(-0.0246133176995658,0.09555704998113,-0.100948878549973));
#8771=CARTESIAN_POINT('',(-0.0248498815328585,0.0957068978438326,-0.0996609902672455));
#8772=CARTESIAN_POINT('',(-0.0332876241177149,0.0838490750571453,0.086131372812575));
#8773=CARTESIAN_POINT('',(-0.0249999997529744,0.0838490750571453,0.086131372812575));
#8774=CARTESIAN_POINT('',(-0.0332876241177149,0.0850962273777356,0.0824184279470213));
#8775=CARTESIAN_POINT('',(-0.0249999997529744,0.0850962273777356,0.0824184279470213));
#8776=CARTESIAN_POINT('',(-0.0332876241177149,0.0875301485127795,0.074852177580315));
#8777=CARTESIAN_POINT('',(-0.0249999997529744,0.0875301485127795,0.074852177580315));
#8778=CARTESIAN_POINT('',(-0.0332876241177149,0.0902794308727985,0.0642129921445533));
#8779=CARTESIAN_POINT('',(-0.0249999997529744,0.0902794308727985,0.0642129921445533));
#8780=CARTESIAN_POINT('',(-0.0332876241177149,0.0922071146149129,0.0544729381259396));
#8781=CARTESIAN_POINT('',(-0.0249999997529744,0.0922071146149129,0.0544729381259396));
#8782=CARTESIAN_POINT('',(-0.0332876241177149,0.0939380983336392,0.04377501073211));
#8783=CARTESIAN_POINT('',(-0.0249999997529744,0.0939380983336392,0.04377501073211));
#8784=CARTESIAN_POINT('',(-0.0332876241177149,0.0950152557997336,0.0348967746856617));
#8785=CARTESIAN_POINT('',(-0.0249999997529744,0.0950152557997336,0.0348967746856617));
#8786=CARTESIAN_POINT('',(-0.0332876241177149,0.0956350207852579,0.0287547903912616));
#8787=CARTESIAN_POINT('',(-0.0249999997529744,0.0956350207852579,0.0287547903912616));
#8788=CARTESIAN_POINT('',(-0.025,0.0955904964093341,0.0291939958801564));
#8789=CARTESIAN_POINT('',(-0.025,0.0950971500617739,0.0340381008345221));
#8790=CARTESIAN_POINT('',(-0.0249999999999999,0.0939639615597363,0.0436963162685007));
#8791=CARTESIAN_POINT('',(-0.0250000000000003,0.0916646314729397,0.0580608843198981));
#8792=CARTESIAN_POINT('',(-0.025,0.0883366184767551,0.0722148333494726));
#8793=CARTESIAN_POINT('',(-0.025,0.0854032218931281,0.0815044628355746));
#8794=CARTESIAN_POINT('',(-0.025,0.0838490750571453,0.086131372812575));
#8795=CARTESIAN_POINT('',(0.0231314658559191,0.0957092070111762,-0.099641130678581));
#8796=CARTESIAN_POINT('',(0.025341883345989,0.0957092070111762,-0.099641130678581));
#8797=CARTESIAN_POINT('',(0.0231314658559191,0.095632637163482,-0.100300091592033));
#8798=CARTESIAN_POINT('',(0.025341883345989,0.095632637163482,-0.100300091592033));
#8799=CARTESIAN_POINT('',(0.023131465855919,0.0955170543262725,-0.101228704918079));
#8800=CARTESIAN_POINT('',(0.0253418833459889,0.0955170543262725,-0.101228704918079));
#8801=CARTESIAN_POINT('',(0.0231314658559189,0.0953623636202396,-0.102344661024968));
#8802=CARTESIAN_POINT('',(0.0253418833459888,0.0953623636202396,-0.102344661024968));
#8803=CARTESIAN_POINT('',(0.0231314658559191,0.0952852287299927,-0.102851548599461));
#8804=CARTESIAN_POINT('',(0.025341883345989,0.0952852287299927,-0.102851548599461));
#8805=CARTESIAN_POINT('',(0.0231314658559191,0.0952434862275059,-0.103124796359883));
#8806=CARTESIAN_POINT('',(0.025341883345989,0.0952434862275059,-0.103124796359883));
#8807=CARTESIAN_POINT('',(0.0250036573094879,0.0955652558445121,-0.100829129679501));
#8808=CARTESIAN_POINT('',(0.0250599843685463,0.0955127118103171,-0.101244269736954));
#8809=CARTESIAN_POINT('',(0.0251704982266818,0.0954065962329452,-0.102044226392204));
#8810=CARTESIAN_POINT('',(0.0252767315648562,0.0953033780355343,-0.102732742663137));
#8811=CARTESIAN_POINT('',(0.025328778103953,0.0952464560498173,-0.103105355807758));
#8812=CARTESIAN_POINT('',(0.0250013867724601,0.0955664712516177,-0.100819513836772));
#8813=CARTESIAN_POINT('',(0.0253287781039508,0.0952464588681634,-0.103105356238301));
#8814=CARTESIAN_POINT('',(0.0248492258379902,0.0957064829834223,-0.0996645554189661));
#8815=CARTESIAN_POINT('',(0.024901111523037,0.0956599742249113,-0.100064186401093));
#8816=CARTESIAN_POINT('',(0.0249521481513634,0.0956132894508599,-0.100449340751659));
#8817=CARTESIAN_POINT('',(0.0250023357229692,0.0955664884616396,-0.100819387311949));
#8818=CARTESIAN_POINT('',(0.0248492258379899,0.0957064829834224,-0.0996645554189661));
#8819=CARTESIAN_POINT('',(0.0248492258379901,0.0957064829834222,-0.0996645554189672));
#8820=CARTESIAN_POINT('',(0.0246123927660361,0.0955568107816248,-0.100950628212919));
#8821=CARTESIAN_POINT('',(0.0240678950525605,0.0953889645486041,-0.102172490602878));
#8822=CARTESIAN_POINT('',(0.0231445710979549,0.095246460247176,-0.103105328331713));
#8823=CARTESIAN_POINT('',(0.0231445710979549,0.095246460247176,-0.103105328331714));
#8824=CARTESIAN_POINT('',(-0.0253287781039516,0.095246460247176,-0.103105328331714));
#8825=CARTESIAN_POINT('',(-0.0119976940488695,0.0838490750571453,0.086131372812575));
#8826=CARTESIAN_POINT('',(0.0119976940488695,0.0838490750571453,0.086131372812575));
#8827=CARTESIAN_POINT('',(-0.0119976940488695,0.0848414448241403,0.0831769508303823));
#8828=CARTESIAN_POINT('',(0.0119976940488695,0.0848414448241403,0.0831769508303823));
#8829=CARTESIAN_POINT('',(-0.0119976940488697,0.0867881524049004,0.077179775519054));
#8830=CARTESIAN_POINT('',(0.0119976940488693,0.0867881524049004,0.077179775519054));
#8831=CARTESIAN_POINT('',(-0.0119976940488696,0.0895071521490746,0.0674123640371041));
#8832=CARTESIAN_POINT('',(0.0119976940488695,0.0895071521490746,0.0674123640371041));
#8833=CARTESIAN_POINT('',(-0.0119976940488698,0.0919319000613117,0.0563708603959847));
#8834=CARTESIAN_POINT('',(0.0119976940488693,0.0919319000613117,0.0563708603959847));
#8835=CARTESIAN_POINT('',(-0.0119976940488698,0.0939809305770165,0.0435036239504336));
#8836=CARTESIAN_POINT('',(0.0119976940488693,0.0939809305770165,0.0435036239504336));
#8837=CARTESIAN_POINT('',(-0.0119976940488696,0.0956571605914415,0.0292926037113108));
#8838=CARTESIAN_POINT('',(0.0119976940488695,0.0956571605914415,0.0292926037113108));
#8839=CARTESIAN_POINT('',(-0.0119976940488697,0.0969603681017894,0.014225071119314));
#8840=CARTESIAN_POINT('',(0.0119976940488693,0.0969603681017894,0.014225071119314));
#8841=CARTESIAN_POINT('',(-0.0119976940488694,0.0978977826714582,-0.00122554013929781));
#8842=CARTESIAN_POINT('',(0.0119976940488696,0.0978977826714582,-0.00122554013929781));
#8843=CARTESIAN_POINT('',(-0.0119976940488697,0.0984794631280217,-0.0166001484754305));
#8844=CARTESIAN_POINT('',(0.0119976940488694,0.0984794631280217,-0.0166001484754305));
#8845=CARTESIAN_POINT('',(-0.0119976940488697,0.098709185135062,-0.0313962738104431));
#8846=CARTESIAN_POINT('',(0.0119976940488694,0.098709185135062,-0.0313962738104431));
#8847=CARTESIAN_POINT('',(-0.0119976940488694,0.0986307952366337,-0.0453587751208843));
#8848=CARTESIAN_POINT('',(0.0119976940488696,0.0986307952366337,-0.0453587751208843));
#8849=CARTESIAN_POINT('',(-0.0119976940488697,0.0983153325391996,-0.0583709304302014));
#8850=CARTESIAN_POINT('',(0.0119976940488694,0.0983153325391996,-0.0583709304302014));
#8851=CARTESIAN_POINT('',(-0.0119976940488696,0.0978282211845752,-0.0702829811922216));
#8852=CARTESIAN_POINT('',(0.0119976940488694,0.0978282211845752,-0.0702829811922216));
#8853=CARTESIAN_POINT('',(-0.0119976940488696,0.0972347681929065,-0.0809565290733854));
#8854=CARTESIAN_POINT('',(0.0119976940488694,0.0972347681929065,-0.0809565290733854));
#8855=CARTESIAN_POINT('',(-0.0119976940488697,0.0967113371971023,-0.0886966093503811));
#8856=CARTESIAN_POINT('',(0.0119976940488694,0.0967113371971023,-0.0886966093503811));
#8857=CARTESIAN_POINT('',(-0.0119976940488696,0.0962766505828901,-0.0940473746972294));
#8858=CARTESIAN_POINT('',(0.0119976940488694,0.0962766505828901,-0.0940473746972294));
#8859=CARTESIAN_POINT('',(-0.0119976940488698,0.0959411530093991,-0.097608258263117));
#8860=CARTESIAN_POINT('',(0.0119976940488693,0.0959411530093991,-0.097608258263117));
#8861=CARTESIAN_POINT('',(-0.0119976940488698,0.095655353748222,-0.100153789771454));
#8862=CARTESIAN_POINT('',(0.0119976940488692,0.095655353748222,-0.100153789771454));
#8863=CARTESIAN_POINT('',(-0.0119976940488696,0.0954222728504764,-0.101936056242992));
#8864=CARTESIAN_POINT('',(0.0119976940488694,0.0954222728504764,-0.101936056242992));
#8865=CARTESIAN_POINT('',(-0.0119976940488696,0.0953090640793163,-0.102695521638126));
#8866=CARTESIAN_POINT('',(0.0119976940488694,0.0953090640793163,-0.102695521638126));
#8867=CARTESIAN_POINT('',(-0.0119976940488696,0.0952464602471759,-0.103105328331714));
#8868=CARTESIAN_POINT('',(0.0119976940488694,0.0952464602471759,-0.103105328331714));
#8869=CARTESIAN_POINT('',(-0.01,0.0959423570079889,-0.0975000000000001));
#8870=CARTESIAN_POINT('',(-0.01,0.0963359077722024,-0.0936572542420565));
#8871=CARTESIAN_POINT('',(-0.01,0.0969194304485399,-0.0859622180202891));
#8872=CARTESIAN_POINT('',(-0.01,0.0976191228092953,-0.0744115250927991));
#8873=CARTESIAN_POINT('',(-0.01,0.0981514543959561,-0.062852709306018));
#8874=CARTESIAN_POINT('',(-0.01,0.0986258845163273,-0.0474313603771663));
#8875=CARTESIAN_POINT('',(-0.01,0.0987667674661431,-0.0281235465490642));
#8876=CARTESIAN_POINT('',(-0.01,0.0981418407762887,-0.00496339598116391));
#8877=CARTESIAN_POINT('',(-0.01,0.0967453655984728,0.0181443661083911));
#8878=CARTESIAN_POINT('',(-0.01,0.0944387154357186,0.041224491622679));
#8879=CARTESIAN_POINT('',(-0.01,0.0913331735847329,0.0602012113140215));
#8880=CARTESIAN_POINT('',(-0.01,0.0874418793876776,0.0750975689093755));
#8881=CARTESIAN_POINT('',(-0.01,0.085082043477945,0.0824606553774896));
#8882=CARTESIAN_POINT('',(-0.01,0.0838490750571453,0.086131372812575));
#8883=CARTESIAN_POINT('',(-0.01,0.0959423570079889,-0.0975));
#8884=CARTESIAN_POINT('',(-0.01,0.0959423570079889,-0.0975));
#8885=CARTESIAN_POINT('',(-0.01,0.0958904767405931,-0.0980065742353586));
#8886=CARTESIAN_POINT('',(-0.0100130722244394,0.0957826834321061,-0.0990166816550744));
#8887=CARTESIAN_POINT('',(-0.0103926440592106,0.0955537019791381,-0.100987308314301));
#8888=CARTESIAN_POINT('',(-0.0111323084531013,0.0953580654686273,-0.102374756971681));
#8889=CARTESIAN_POINT('',(-0.011855428902045,0.095246460247176,-0.103105328331713));
#8890=CARTESIAN_POINT('',(-0.011855428902045,0.095246460247176,-0.103105328331714));
#8891=CARTESIAN_POINT('',(-0.0253287781039516,0.095246460247176,-0.103105328331714));
#8892=CARTESIAN_POINT('',(0.0118554289020448,0.095246460247176,-0.103105328331714));
#8893=CARTESIAN_POINT('',(0.0118554289020448,0.095246460247176,-0.103105328331713));
#8894=CARTESIAN_POINT('',(0.0111364240014344,0.0953574302816626,-0.10237891492593));
#8895=CARTESIAN_POINT('',(0.0104045898820603,0.0955492853422608,-0.101022376189591));
#8896=CARTESIAN_POINT('',(0.0100123197484719,0.0957818774615486,-0.0990247510141342));
#8897=CARTESIAN_POINT('',(0.01,0.0958903230027362,-0.0980080753771457));
#8898=CARTESIAN_POINT('',(0.01,0.0959423570079889,-0.0975));
#8899=CARTESIAN_POINT('',(0.01,0.0959423570079889,-0.0975));
#8900=CARTESIAN_POINT('',(0.01,0.0959423570079889,-0.0975000000000001));
#8901=CARTESIAN_POINT('',(0.01,0.0963359077722024,-0.0936572542420565));
#8902=CARTESIAN_POINT('',(0.01,0.0969194304485399,-0.0859622180202891));
#8903=CARTESIAN_POINT('',(0.01,0.0976191228092953,-0.0744115250927991));
#8904=CARTESIAN_POINT('',(0.01,0.0981514543959561,-0.062852709306018));
#8905=CARTESIAN_POINT('',(0.01,0.0986258845163273,-0.0474313603771663));
#8906=CARTESIAN_POINT('',(0.01,0.0987667674661431,-0.0281235465490642));
#8907=CARTESIAN_POINT('',(0.01,0.0981418407762887,-0.00496339598116391));
#8908=CARTESIAN_POINT('',(0.01,0.0967453655984728,0.0181443661083911));
#8909=CARTESIAN_POINT('',(0.01,0.0944387154357186,0.041224491622679));
#8910=CARTESIAN_POINT('',(0.01,0.0913331735847329,0.0602012113140215));
#8911=CARTESIAN_POINT('',(0.00999999999999995,0.0874418793876776,0.0750975689093755));
#8912=CARTESIAN_POINT('',(0.0100000000000001,0.085082043477945,0.0824606553774896));
#8913=CARTESIAN_POINT('',(0.0100000000000001,0.0838490750571453,0.086131372812575));
#8914=CARTESIAN_POINT('',(0.000406639914076657,0.0854895277241632,0.081131372812575));
#8915=CARTESIAN_POINT('',(0.00035666153651582,0.0854690991512083,0.08119540617366));
#8916=CARTESIAN_POINT('',(0.000247042489530276,0.0854311661474581,0.0813141379359869));
#8917=CARTESIAN_POINT('',(1.01656980094806E-6,0.0853989791348007,0.0814146853353138));
#8918=CARTESIAN_POINT('',(-0.000245172789335382,0.0854305815793523,0.0813159660748097));
#8919=CARTESIAN_POINT('',(-0.000356672303139407,0.0854690232228625,0.0811956441710573));
#8920=CARTESIAN_POINT('',(-0.000406836438929692,0.0854895277241633,0.0811313728125749));
#8921=CARTESIAN_POINT('',(0.000406639914073458,0.0854895277241618,0.081131372812575));
#8922=CARTESIAN_POINT('',(-0.000406836438926294,0.0854895277241618,0.081131372812575));
#8923=CARTESIAN_POINT('',(-9.82624265288834E-8,0.0854895277241618,0.0811313728125794));
#8924=CARTESIAN_POINT('',(0.0248998670183918,0.0971697844848174,-0.00245063543109317));
#8925=CARTESIAN_POINT('',(0.0261638041509949,0.0966351955038114,0.00452028104897943));
#8926=CARTESIAN_POINT('',(0.0280905658543506,0.0956245651580659,0.014021433998758));
#8927=CARTESIAN_POINT('',(0.0303169779236319,0.0939472318958642,0.025392451534797));
#8928=CARTESIAN_POINT('',(0.0315166473220275,0.0929068575994868,0.0317020641085285));
#8929=CARTESIAN_POINT('',(0.0326896857551969,0.0917560396723233,0.0380074635932648));
#8930=CARTESIAN_POINT('',(0.0339582408722344,0.0903468506644648,0.0455366080117489));
#8931=CARTESIAN_POINT('',(0.0355036429175798,0.0884191516101923,0.0548652245236826));
#8932=CARTESIAN_POINT('',(0.0372705564984487,0.0859302536398591,0.0646451203524651));
#8933=CARTESIAN_POINT('',(0.0393935687396096,0.0826131793641069,0.0754412408780178));
#8934=CARTESIAN_POINT('',(0.0408591422456595,0.0801197689097878,0.0825181876051839));
#8935=CARTESIAN_POINT('',(0.0416878541694458,0.0786887680354735,0.0866334646898375));
#8936=CARTESIAN_POINT('',(0.0247223617346363,0.0972453068745149,-0.00242207673159102));
#8937=CARTESIAN_POINT('',(0.0259652675584166,0.0967314180665024,0.00455571412452982));
#8938=CARTESIAN_POINT('',(0.027860443112444,0.0957627435096482,0.014066432495219));
#8939=CARTESIAN_POINT('',(0.0300610117866042,0.094152861972563,0.0254529070560229));
#8940=CARTESIAN_POINT('',(0.0312502752937557,0.0931518194932207,0.0317723063605176));
#8941=CARTESIAN_POINT('',(0.0324159915690953,0.0920435252839445,0.038088744170543));
#8942=CARTESIAN_POINT('',(0.0336835608295776,0.0906724119096676,0.0456297358560579));
#8943=CARTESIAN_POINT('',(0.0352339039370021,0.0887801500464552,0.0549803747814805));
#8944=CARTESIAN_POINT('',(0.0370098333689902,0.0863203253558067,0.0647934346686826));
#8945=CARTESIAN_POINT('',(0.0391448859130665,0.0830243056324776,0.0756224268036555));
#8946=CARTESIAN_POINT('',(0.0406150218689774,0.0805405302679085,0.082712710151305));
#8947=CARTESIAN_POINT('',(0.041447430403957,0.0791056837406843,0.0868259297760274));
#8948=CARTESIAN_POINT('',(0.0245259545707771,0.0973248377501095,-0.00239605872359433));
#8949=CARTESIAN_POINT('',(0.0257421334412298,0.0968338676961442,0.00458840332986116));
#8950=CARTESIAN_POINT('',(0.0275948662652405,0.095913114956199,0.0141089516579085));
#8951=CARTESIAN_POINT('',(0.0297607528947082,0.0943798105724223,0.0255122672402469));
#8952=CARTESIAN_POINT('',(0.030935627099653,0.0934234515485325,0.0318418356722033));
#8953=CARTESIAN_POINT('',(0.0320953701362999,0.092359670725041,0.0381714366595682));
#8954=CARTESIAN_POINT('',(0.0333724198756502,0.091020307341214,0.045722459092071));
#8955=CARTESIAN_POINT('',(0.0349334450044906,0.0891602724939438,0.0550953364064854));
#8956=CARTESIAN_POINT('',(0.0367224210081649,0.0867275719936093,0.0649428808402159));
#8957=CARTESIAN_POINT('',(0.038874250876146,0.0834494319311005,0.0758063630780527));
#8958=CARTESIAN_POINT('',(0.0403503021696139,0.0809742211335101,0.0829121362737893));
#8959=CARTESIAN_POINT('',(0.0411922127585799,0.0795288665900014,0.0870224064930965));
#8960=CARTESIAN_POINT('',(0.0242653873577835,0.0974187724194913,-0.00236486304283953));
#8961=CARTESIAN_POINT('',(0.0254466469764578,0.0969544664919789,0.00462714300945211));
#8962=CARTESIAN_POINT('',(0.0272421711280624,0.0960895980763495,0.0141589245204344));
#8963=CARTESIAN_POINT('',(0.0293551862760064,0.0946477758520579,0.0255821763598745));
#8964=CARTESIAN_POINT('',(0.0305059596820926,0.0937454205444784,0.0319248370742649));
#8965=CARTESIAN_POINT('',(0.0316497709294719,0.0927374396736774,0.0382687068562214));
#8966=CARTESIAN_POINT('',(0.0329239175107684,0.0914464573344763,0.0458385813925825));
#8967=CARTESIAN_POINT('',(0.0344825794011453,0.0896383917909021,0.0552448164777584));
#8968=CARTESIAN_POINT('',(0.0362736956724542,0.0872516586179294,0.0651440146019128));
#8969=CARTESIAN_POINT('',(0.0384315694035448,0.0840120021200764,0.0760625519493154));
#8970=CARTESIAN_POINT('',(0.0399111879861178,0.0815512086060623,0.0831926003362083));
#8971=CARTESIAN_POINT('',(0.0407565801298582,0.0801065222852437,0.0873059299408199));
#8972=CARTESIAN_POINT('',(0.0240109776944984,0.0975011835093755,-0.00233413705132805));
#8973=CARTESIAN_POINT('',(0.0251598819274156,0.0970595811340026,0.00466479214518433));
#8974=CARTESIAN_POINT('',(0.0269022968233721,0.096241739015349,0.0142066511177576));
#8975=CARTESIAN_POINT('',(0.0289615572186683,0.0948782307193355,0.0256475630257502));
#8976=CARTESIAN_POINT('',(0.030086481993851,0.0940224387181871,0.0320022230537281));
#8977=CARTESIAN_POINT('',(0.0312080038318625,0.0930651038820005,0.0383587389270883));
#8978=CARTESIAN_POINT('',(0.0324636331157292,0.091825974611181,0.0459499613163829));
#8979=CARTESIAN_POINT('',(0.0340067278528803,0.0900723763571565,0.0553903535076811));
#8980=CARTESIAN_POINT('',(0.0357884010485183,0.0877336522364713,0.0653416548336854));
#8981=CARTESIAN_POINT('',(0.037940239755064,0.0845366115202813,0.0763170670886316));
#8982=CARTESIAN_POINT('',(0.0394196926008497,0.0820907200898697,0.0834712447682449));
#8983=CARTESIAN_POINT('',(0.0402616866497478,0.0806543417542422,0.0875915829704053));
#8984=CARTESIAN_POINT('',(0.0236423786225849,0.097604220507061,-0.00228743439458613));
#8985=CARTESIAN_POINT('',(0.0247460193170092,0.0971903182795239,0.00472158514884634));
#8986=CARTESIAN_POINT('',(0.0264151461083397,0.0964290124705006,0.01427764623009));
#8987=CARTESIAN_POINT('',(0.028395746106518,0.0951592204246681,0.0257415697788095));
#8988=CARTESIAN_POINT('',(0.0294816672404095,0.0943589524596795,0.0321113882806537));
#8989=CARTESIAN_POINT('',(0.0305643623977234,0.0934638260271221,0.038485398989423));
#8990=CARTESIAN_POINT('',(0.0317783987941866,0.0922930186253856,0.046105322333585));
#8991=CARTESIAN_POINT('',(0.0332877775024266,0.0906079396879075,0.0555914109889215));
#8992=CARTESIAN_POINT('',(0.03504556309851,0.0883274782728622,0.065611415579601));
#8993=CARTESIAN_POINT('',(0.0371782396803413,0.0851811303906165,0.0766616241206283));
#8994=CARTESIAN_POINT('',(0.0386531265851518,0.0827525650856663,0.0838464332334474));
#8995=CARTESIAN_POINT('',(0.0394859985915551,0.0813283634897725,0.0879778853711725));
#8996=CARTESIAN_POINT('',(0.0231772045067518,0.0977111587472251,-0.00222845641382881));
#8997=CARTESIAN_POINT('',(0.0242221508587897,0.0973259969989489,0.00479322813936395));
#8998=CARTESIAN_POINT('',(0.0257966375487056,0.0966233003594991,0.0143666011048751));
#8999=CARTESIAN_POINT('',(0.0276763723203613,0.0954467865833728,0.0258556955537498));
#9000=CARTESIAN_POINT('',(0.0287125120570122,0.0947005366542626,0.0322411910430879));
#9001=CARTESIAN_POINT('',(0.0297470532047364,0.0938638919606379,0.0386335297292232));
#9002=CARTESIAN_POINT('',(0.030916381311453,0.0927509481753135,0.0462803987804152));
#9003=CARTESIAN_POINT('',(0.0323900412755024,0.0911206165640284,0.0558116374971535));
#9004=CARTESIAN_POINT('',(0.034122861022953,0.0888819728572263,0.0658992281141405));
#9005=CARTESIAN_POINT('',(0.0362376671557524,0.0857664301131568,0.07701946777829));
#9006=CARTESIAN_POINT('',(0.0377071742891135,0.0833478686116371,0.0842329336868859));
#9007=CARTESIAN_POINT('',(0.0385363616235758,0.081927040305562,0.0883723968094371));
#9008=CARTESIAN_POINT('',(0.0227026673389124,0.0977929284526833,-0.00217117774385512));
#9009=CARTESIAN_POINT('',(0.023685439701126,0.0974298060445596,0.00486252432038595));
#9010=CARTESIAN_POINT('',(0.025157408386973,0.0967723785565503,0.014451866993176));
#9011=CARTESIAN_POINT('',(0.0269224925467765,0.0956671059287829,0.0259636026487337));
#9012=CARTESIAN_POINT('',(0.0279001749276147,0.0949618615047656,0.0323628663905249));
#9013=CARTESIAN_POINT('',(0.0288784695768264,0.09416848735239,0.0387715735591632));
#9014=CARTESIAN_POINT('',(0.0299961101996963,0.0930958558947495,0.0464425438382378));
#9015=CARTESIAN_POINT('',(0.0314230784256104,0.0915029705308058,0.0560141261375544));
#9016=CARTESIAN_POINT('',(0.0331185866026088,0.0892900776695441,0.0661616640019841));
#9017=CARTESIAN_POINT('',(0.0352023327033206,0.0861907634893036,0.0773426918472182));
#9018=CARTESIAN_POINT('',(0.0366613784946974,0.0837763329441059,0.0845810875339862));
#9019=CARTESIAN_POINT('',(0.0374849136390547,0.0823562200652375,0.0887277706870172));
#9020=CARTESIAN_POINT('',(0.0222660633604358,0.09784472190023,-0.00211898739860896));
#9021=CARTESIAN_POINT('',(0.0231887257122049,0.0974956394323423,0.00492573167033407));
#9022=CARTESIAN_POINT('',(0.0245596983333673,0.0968672905417119,0.0145298002835918));
#9023=CARTESIAN_POINT('',(0.0262061862703881,0.0958079030541466,0.026061116153019));
#9024=CARTESIAN_POINT('',(0.0271216346297302,0.0951290549606028,0.0324719929034882));
#9025=CARTESIAN_POINT('',(0.0280403868769223,0.0943630406678892,0.0388940066600809));
#9026=CARTESIAN_POINT('',(0.0291081566240325,0.0933138821178546,0.0465832804985039));
#9027=CARTESIAN_POINT('',(0.0304861699833517,0.0917418529387326,0.0561868236795304));
#9028=CARTESIAN_POINT('',(0.0321390730994239,0.0895404410611173,0.0663819606062115));
#9029=CARTESIAN_POINT('',(0.0341862367381232,0.0864451974617628,0.0776101069563549));
#9030=CARTESIAN_POINT('',(0.0356306538673821,0.0840307559779286,0.0848678014017054));
#9031=CARTESIAN_POINT('',(0.0364529285045171,0.0826090860719091,0.0890192171298345));
#9032=CARTESIAN_POINT('',(0.0219672593543185,0.0978673455298469,-0.00208452040885433));
#9033=CARTESIAN_POINT('',(0.0228473108706666,0.0975243819109171,0.0049673965491404));
#9034=CARTESIAN_POINT('',(0.0241455455852958,0.0969088317155007,0.0145810170053822));
#9035=CARTESIAN_POINT('',(0.0257019794142682,0.0958698478817138,0.0261248370829017));
#9036=CARTESIAN_POINT('',(0.0265688406914386,0.0952027421544979,0.0325431803976488));
#9037=CARTESIAN_POINT('',(0.0274400233261564,0.0944488559190318,0.0389733483424368));
#9038=CARTESIAN_POINT('',(0.028467983928211,0.093409392791238,0.0466746393844048));
#9039=CARTESIAN_POINT('',(0.0298050928887826,0.0918451051066827,0.0562985220074902));
#9040=CARTESIAN_POINT('',(0.0314204154064837,0.0896454109848618,0.0665237829615955));
#9041=CARTESIAN_POINT('',(0.0334343218339246,0.0865474622259143,0.0777810839874243));
#9042=CARTESIAN_POINT('',(0.0348646217810875,0.084130811184661,0.0850506302164994));
#9043=CARTESIAN_POINT('',(0.0356871724277494,0.0827076410597177,0.0892047488109711));
#9044=CARTESIAN_POINT('',(0.0217027335421656,0.0978786460238076,-0.00205485063344843));
#9045=CARTESIAN_POINT('',(0.0225438434166019,0.0975386965338195,0.00500323044581608));
#9046=CARTESIAN_POINT('',(0.0237744124708375,0.0969295667071125,0.0146250730388023));
#9047=CARTESIAN_POINT('',(0.0252414178410639,0.095901059294104,0.0261798831679253));
#9048=CARTESIAN_POINT('',(0.0260585160242308,0.0952399836904899,0.0326048913055613));
#9049=CARTESIAN_POINT('',(0.0268790491149781,0.0944923535443967,0.0390422071700941));
#9050=CARTESIAN_POINT('',(0.0278619817225316,0.0934574333903928,0.0467546147799215));
#9051=CARTESIAN_POINT('',(0.0291516710621182,0.0918956479273137,0.0563966616341661));
#9052=CARTESIAN_POINT('',(0.0307217637151917,0.0896930396493157,0.0666485213254763));
#9053=CARTESIAN_POINT('',(0.0326941871853436,0.086588491362899,0.0779312130863114));
#9054=CARTESIAN_POINT('',(0.0341067809482249,0.0841680704567474,0.0852108331416856));
#9055=CARTESIAN_POINT('',(0.0349286407127177,0.0827434988087927,0.0893673048727813));
#9056=CARTESIAN_POINT('',(0.0215514230635184,0.097878747939913,-0.00203805442956267));
#9057=CARTESIAN_POINT('',(0.022369313814923,0.0975387196821059,0.00502354632604997));
#9058=CARTESIAN_POINT('',(0.0235583651176646,0.0969295402321221,0.0146502597052678));
#9059=CARTESIAN_POINT('',(0.0249648012373062,0.095900857004295,0.0262118304937794));
#9060=CARTESIAN_POINT('',(0.0257468386644285,0.0952395597332626,0.0326409574028841));
#9061=CARTESIAN_POINT('',(0.0265296297174025,0.0944915827072807,0.039082731288207));
#9062=CARTESIAN_POINT('',(0.0274753847789605,0.0934556175332207,0.0468018238490739));
#9063=CARTESIAN_POINT('',(0.0287256700929136,0.0918911126710029,0.0564546281085624));
#9064=CARTESIAN_POINT('',(0.0302573309505656,0.0896823643717482,0.0667219003901587));
#9065=CARTESIAN_POINT('',(0.0321933836537562,0.0865696043593063,0.0780189920156357));
#9066=CARTESIAN_POINT('',(0.0335908489743129,0.0841450958770926,0.0853039912915145));
#9067=CARTESIAN_POINT('',(0.0344101740766633,0.0827195788473945,0.089461897954911));
#9068=CARTESIAN_POINT('',(0.02137646648915,0.0978777370068196,-0.00201838905403744));
#9069=CARTESIAN_POINT('',(0.0221688132184852,0.0975372844883922,0.00504722191237463));
#9070=CARTESIAN_POINT('',(0.0233134687852284,0.0969273436138485,0.0146793007234843));
#9071=CARTESIAN_POINT('',(0.0246607695469776,0.0958972053068216,0.0262473854650034));
#9072=CARTESIAN_POINT('',(0.0254098864976541,0.0952349078582161,0.0326802508487988));
#9073=CARTESIAN_POINT('',(0.026158741063574,0.0944857114401647,0.0391259142699013));
#9074=CARTESIAN_POINT('',(0.0270728506071272,0.0934478835720994,0.0468503799102772));
#9075=CARTESIAN_POINT('',(0.0282903640022918,0.0918798214437136,0.0565122381978806));
#9076=CARTESIAN_POINT('',(0.0297911319009255,0.0896643006024336,0.0667927715748582));
#9077=CARTESIAN_POINT('',(0.0316987892098971,0.086542996342758,0.0781020260083328));
#9078=CARTESIAN_POINT('',(0.0330847141036531,0.0841142121304722,0.085391954769077));
#9079=CARTESIAN_POINT('',(0.0339023685768909,0.0826876669263661,0.0895513522073483));
#9080=CARTESIAN_POINT('',(0.025,0.0955905386721221,0.0291935572959404));
#9081=CARTESIAN_POINT('',(0.025,0.0955916674806469,0.0291824694959689));
#9082=CARTESIAN_POINT('',(0.025,0.0955927962891718,0.0291713816959976));
#9083=CARTESIAN_POINT('',(0.025,0.0955939250976966,0.0291602938960261));
#9084=CARTESIAN_POINT('',(0.0250019357553729,0.095590517256981,0.0291937793741271));
#9085=CARTESIAN_POINT('',(0.0249980731468814,0.0955939038345509,0.0291605149152488));
#9086=CARTESIAN_POINT('',(0.0250000000000022,0.0955939249893071,0.0291602949610622));
#9087=CARTESIAN_POINT('',(0.0250000000000022,0.0961189539794379,0.0240013581218804));
#9088=CARTESIAN_POINT('',(0.0249999999999987,0.0969069469119182,0.0136586238835131));
#9089=CARTESIAN_POINT('',(0.025,0.0971270051455931,0.00328657523998599));
#9090=CARTESIAN_POINT('',(0.025,0.0971269249238225,-0.0018990980560785));
#9091=CARTESIAN_POINT('',(0.0249999999013369,0.0971269887996443,-0.00191522917227578));
#9092=CARTESIAN_POINT('',(0.041586617328377,0.0788632975320142,0.0861313728125587));
#9093=CARTESIAN_POINT('',(0.0408829149617153,0.0800759575606837,0.0826443271099102));
#9094=CARTESIAN_POINT('',(0.0394398997568498,0.0825337341987194,0.075652627085169));
#9095=CARTESIAN_POINT('',(0.0373323090662955,0.085846584615874,0.0649974104554887));
#9096=CARTESIAN_POINT('',(0.0353714904745821,0.0886012251008456,0.0541208909102895));
#9097=CARTESIAN_POINT('',(0.0338545722121304,0.0904704750473023,0.0448889152072467));
#9098=CARTESIAN_POINT('',(0.0325844344672861,0.0918588130818671,0.0374437621925966));
#9099=CARTESIAN_POINT('',(0.0311948148193699,0.0932232579760836,0.0299678809488751));
#9100=CARTESIAN_POINT('',(0.0286726874919933,0.0952917303089369,0.0168679322112399));
#9101=CARTESIAN_POINT('',(0.0263671113773053,0.096538242715835,0.00560673236843229));
#9102=CARTESIAN_POINT('',(0.0249981146641381,0.0971277368505302,-0.00190944844363417));
#9103=CARTESIAN_POINT('',(0.04158662124845,0.0788633006346608,0.0861313731004312));
#9104=CARTESIAN_POINT('',(0.0332368067249175,0.0838490455707116,0.0861313728125771));
#9105=CARTESIAN_POINT('',(0.0336661544819773,0.0838490391864175,0.0861313728125771));
#9106=CARTESIAN_POINT('',(0.0345249735939531,0.0838467947086275,0.0861313728125737));
#9107=CARTESIAN_POINT('',(0.0357815777289681,0.0836293209919652,0.0861313728125753));
#9108=CARTESIAN_POINT('',(0.0370211041256583,0.0832200593208551,0.0861313728125749));
#9109=CARTESIAN_POINT('',(0.0385359319468635,0.0824558502572044,0.0861313728125754));
#9110=CARTESIAN_POINT('',(0.0398694710755133,0.0813287313701459,0.0861313728125752));
#9111=CARTESIAN_POINT('',(0.0409326304385738,0.0799879365576152,0.0861313728125747));
#9112=CARTESIAN_POINT('',(0.0413695179178324,0.0792373679830173,0.0861313728125751));
#9113=CARTESIAN_POINT('',(0.0415866173283804,0.0788632975320084,0.0861313728125751));
#9114=CARTESIAN_POINT('',(0.0332374025492716,0.0838490603451437,0.0861313727205619));
#9115=CARTESIAN_POINT('',(0.0250038717583398,0.0955905386721216,0.0291935572959443));
#9116=CARTESIAN_POINT('',(0.0255636261065225,0.0951007927203194,0.0340024383828149));
#9117=CARTESIAN_POINT('',(0.026671700402857,0.0939722835068308,0.0436343390205399));
#9118=CARTESIAN_POINT('',(0.0284721400218752,0.0916635967913213,0.0580893103365927));
#9119=CARTESIAN_POINT('',(0.0306808302772857,0.0882778014885703,0.0724331542452287));
#9120=CARTESIAN_POINT('',(0.0323713685801518,0.0853585291970164,0.081637344875431));
#9121=CARTESIAN_POINT('',(0.0332368251068627,0.0838490135092141,0.0861314682659589));
#9122=CARTESIAN_POINT('',(-0.0307538870123932,0.0966695405799668,-0.0743069577623218));
#9123=CARTESIAN_POINT('',(0.0307538870123958,0.0966695405799668,-0.0743069577623218));
#9124=CARTESIAN_POINT('',(-0.0307538870123932,0.0964674217426598,-0.0783971647883757));
#9125=CARTESIAN_POINT('',(0.0307538870123958,0.0964674217426598,-0.0783971647883757));
#9126=CARTESIAN_POINT('',(-0.0307538870123932,0.0961979301665916,-0.0838507700082531));
#9127=CARTESIAN_POINT('',(0.0307538870123959,0.0961979301665916,-0.0838507700082531));
#9128=CARTESIAN_POINT('',(-0.0307538870123933,0.0958947515569929,-0.0899860876338324));
#9129=CARTESIAN_POINT('',(0.0307538870123957,0.0958947515569929,-0.0899860876338324));
#9130=CARTESIAN_POINT('',(-0.0307538870123931,0.0957600060660534,-0.0927128842903445));
#9131=CARTESIAN_POINT('',(0.030753887012396,0.0957600060660534,-0.0927128842903445));
#9132=CARTESIAN_POINT('',(-0.0307538870123933,0.0956589454240412,-0.0947580123180463));
#9133=CARTESIAN_POINT('',(0.0307538870123957,0.0956589454240412,-0.0947580123180463));
#9134=CARTESIAN_POINT('',(-0.0307538870123933,0.0955578905983741,-0.0968030237930167));
#9135=CARTESIAN_POINT('',(0.0307538870123958,0.0955578905983741,-0.0968030237930167));
#9136=CARTESIAN_POINT('',(-0.0307538870123931,0.0954568140311336,-0.0988484709435944));
#9137=CARTESIAN_POINT('',(0.0307538870123959,0.0954568140311336,-0.0988484709435944));
#9138=CARTESIAN_POINT('',(-0.0307538870123936,0.0953726511833906,-0.100551655110995));
#9139=CARTESIAN_POINT('',(0.0307538870123954,0.0953726511833906,-0.100551655110995));
#9140=CARTESIAN_POINT('',(-0.030753887012393,0.0953136046894982,-0.101746539182067));
#9141=CARTESIAN_POINT('',(0.030753887012396,0.0953136046894982,-0.101746539182067));
#9142=CARTESIAN_POINT('',(-0.0307538870123936,0.095280070692025,-0.102425184924861));
#9143=CARTESIAN_POINT('',(0.0307538870123954,0.095280070692025,-0.102425184924861));
#9144=CARTESIAN_POINT('',(-0.0307538870123938,0.0952586263508869,-0.102859069222014));
#9145=CARTESIAN_POINT('',(0.0307538870123952,0.0952586263508869,-0.102859069222014));
#9146=CARTESIAN_POINT('',(-0.0307538870123923,0.0952445898070072,-0.103143260496064));
#9147=CARTESIAN_POINT('',(0.0307538870123967,0.0952445898070072,-0.103143260496064));
#9148=CARTESIAN_POINT('',(-0.0307538870123939,0.0952350440398906,-0.103336212412789));
#9149=CARTESIAN_POINT('',(0.0307538870123952,0.0952350440398906,-0.103336212412789));
#9150=CARTESIAN_POINT('',(-0.0307538870123931,0.095231226576214,-0.10341437585433));
#9151=CARTESIAN_POINT('',(0.030753887012396,0.095231226576214,-0.10341437585433));
#9152=CARTESIAN_POINT('',(-0.0307538870123933,0.0952180765825786,-0.103599248225689));
#9153=CARTESIAN_POINT('',(0.0307538870123957,0.0952180765825786,-0.103599248225689));
#9154=CARTESIAN_POINT('',(-0.0307538870123932,0.095177231397476,-0.104059126859699));
#9155=CARTESIAN_POINT('',(0.0307538870123958,0.095177231397476,-0.104059126859699));
#9156=CARTESIAN_POINT('',(-0.0307538870123932,0.0950918036784691,-0.104877192924384));
#9157=CARTESIAN_POINT('',(0.0307538870123958,0.0950918036784691,-0.104877192924384));
#9158=CARTESIAN_POINT('',(-0.0307538870123934,0.0948873167860069,-0.106629178536915));
#9159=CARTESIAN_POINT('',(0.0307538870123956,0.0948873167860069,-0.106629178536915));
#9160=CARTESIAN_POINT('',(-0.0307538870123932,0.0945124682472471,-0.109575383643719));
#9161=CARTESIAN_POINT('',(0.0307538870123958,0.0945124682472471,-0.109575383643719));
#9162=CARTESIAN_POINT('',(-0.0307538870123931,0.0940977542661183,-0.112636610141854));
#9163=CARTESIAN_POINT('',(0.0307538870123959,0.0940977542661183,-0.112636610141854));
#9164=CARTESIAN_POINT('',(-0.0307538870123931,0.0938643619849626,-0.114322417759694));
#9165=CARTESIAN_POINT('',(0.0307538870123959,0.0938643619849626,-0.114322417759694));
#9166=CARTESIAN_POINT('',(-0.011855428902045,0.095246460247176,-0.103105328331713));
#9167=CARTESIAN_POINT('',(-0.0125805249510705,0.0952102602080852,-0.103837895648078));
#9168=CARTESIAN_POINT('',(-0.013945766615122,0.0951198217149507,-0.104586265242134));
#9169=CARTESIAN_POINT('',(-0.0159631412103338,0.0950776501186194,-0.104987384038047));
#9170=CARTESIAN_POINT('',(-0.0169878237063567,0.095075788663935,-0.105));
#9171=CARTESIAN_POINT('',(-0.0175,0.095075788663935,-0.105));
#9172=CARTESIAN_POINT('',(-0.0175,0.095075788663935,-0.105));
#9173=CARTESIAN_POINT('',(-0.0175,0.095075788663935,-0.105));
#9174=CARTESIAN_POINT('',(-0.0180105961910136,0.095075788663935,-0.105));
#9175=CARTESIAN_POINT('',(-0.0190279940039869,0.0950776292374454,-0.104987538451743));
#9176=CARTESIAN_POINT('',(-0.0210405069077682,0.0951192028513121,-0.104591975846976));
#9177=CARTESIAN_POINT('',(-0.0224191214592469,0.0952102425553063,-0.103838252881089));
#9178=CARTESIAN_POINT('',(-0.0231445710979549,0.0952464602471761,-0.103105328331713));
#9179=CARTESIAN_POINT('',(-0.0260172594389612,0.0966598967388229,-0.0745021167456723));
#9180=CARTESIAN_POINT('',(-0.0263540011998741,0.0964953885469407,-0.0778312105166716));
#9181=CARTESIAN_POINT('',(-0.0268289037036002,0.0962482550846466,-0.0828275107136088));
#9182=CARTESIAN_POINT('',(-0.0274129187025127,0.095919480844635,-0.0894937361727698));
#9183=CARTESIAN_POINT('',(-0.0278330479791932,0.0956704381958359,-0.0944947094008037));
#9184=CARTESIAN_POINT('',(-0.028155717036409,0.0954703292375296,-0.0986655378531921));
#9185=CARTESIAN_POINT('',(-0.0283962364172112,0.0953155052051574,-0.101582145812772));
#9186=CARTESIAN_POINT('',(-0.0284968044012687,0.0952499771881134,-0.103255115638281));
#9187=CARTESIAN_POINT('',(-0.0286692189646629,0.0951361600535863,-0.104492819160542));
#9188=CARTESIAN_POINT('',(-0.0288800443290895,0.0949935210124744,-0.105723521402635));
#9189=CARTESIAN_POINT('',(-0.0291669351854266,0.0947945273311432,-0.107363020546524));
#9190=CARTESIAN_POINT('',(-0.0296803195886129,0.0944249700138026,-0.110229185842934));
#9191=CARTESIAN_POINT('',(-0.0301105502864539,0.0940910816997173,-0.1126848065227));
#9192=CARTESIAN_POINT('',(-0.0303892164154084,0.0938643619849646,-0.114322417759679));
#9193=CARTESIAN_POINT('',(-0.0303892164154084,0.0938643619849647,-0.114322417759679));
#9194=CARTESIAN_POINT('',(0.,0.0938643619849647,-0.114322417759679));
#9195=CARTESIAN_POINT('',(0.0303892164154109,0.0938643619849626,-0.114322417759694));
#9196=CARTESIAN_POINT('',(0.0260172594389612,0.0966598967388228,-0.0745021167456743));
#9197=CARTESIAN_POINT('',(0.0263544729541078,0.0964951580812097,-0.0778358743697015));
#9198=CARTESIAN_POINT('',(0.0268300388024537,0.0962476533433615,-0.0828392752704611));
#9199=CARTESIAN_POINT('',(0.0274147187143091,0.0959184509440926,-0.0895152656829611));
#9200=CARTESIAN_POINT('',(0.0278355885332338,0.0956688907352311,-0.0945234112497258));
#9201=CARTESIAN_POINT('',(0.028157932016807,0.0954689551089811,-0.0987010487309939));
#9202=CARTESIAN_POINT('',(0.0283999884489607,0.0953130612646454,-0.101620890806615));
#9203=CARTESIAN_POINT('',(0.0284986628545504,0.0952487714896243,-0.103298308496542));
#9204=CARTESIAN_POINT('',(0.0287370669796961,0.0950912924156758,-0.104943549235641));
#9205=CARTESIAN_POINT('',(0.0291014915860092,0.0948418571739649,-0.106983785139474));
#9206=CARTESIAN_POINT('',(0.0296818374984912,0.0944236450431995,-0.110246211410126));
#9207=CARTESIAN_POINT('',(0.0301116710460056,0.0940901698620039,-0.112691392785776));
#9208=CARTESIAN_POINT('',(0.0303892164154109,0.0938643619849626,-0.114322417759694));
#9209=CARTESIAN_POINT('',(0.0260172478604137,0.0966598966810893,-0.0745021179140049));
#9210=CARTESIAN_POINT('',(0.0253287781039509,0.0952464588681633,-0.103105356238302));
#9211=CARTESIAN_POINT('',(0.0254844525139424,0.0952464583342992,-0.10310536704192));
#9212=CARTESIAN_POINT('',(0.0257999917791644,0.0952460432826829,-0.103113766293869));
#9213=CARTESIAN_POINT('',(0.0262279904291205,0.0952574544970434,-0.102882841607305));
#9214=CARTESIAN_POINT('',(0.026508970044875,0.0952764269225849,-0.102498903379253));
#9215=CARTESIAN_POINT('',(0.0267788033056573,0.0953040904986303,-0.101939085429505));
#9216=CARTESIAN_POINT('',(0.0269965038507967,0.0953409747230837,-0.101192672497291));
#9217=CARTESIAN_POINT('',(0.0272223762419807,0.0954010934978783,-0.0999760702333035));
#9218=CARTESIAN_POINT('',(0.0273629157356663,0.0954766495748274,-0.0984470687759601));
#9219=CARTESIAN_POINT('',(0.0274257998781686,0.0955678642439535,-0.0966011899577904));
#9220=CARTESIAN_POINT('',(0.0274249563154105,0.0956592975742301,-0.0947508861716786));
#9221=CARTESIAN_POINT('',(0.027371722770126,0.0957809430083709,-0.0922891907847514));
#9222=CARTESIAN_POINT('',(0.0272369395884185,0.0959328133204214,-0.0892158452931847));
#9223=CARTESIAN_POINT('',(0.0270054413989857,0.0961148184331201,-0.0855326725584829));
#9224=CARTESIAN_POINT('',(0.0267174218559506,0.0962966451810131,-0.0818531093289231));
#9225=CARTESIAN_POINT('',(0.0263834740466349,0.0964783228256803,-0.0781765634483129));
#9226=CARTESIAN_POINT('',(0.0261410881774257,0.0965993777689359,-0.0757268176154165));
#9227=CARTESIAN_POINT('',(0.0260172478604138,0.0966598966810894,-0.0745021179140049));
#9228=CARTESIAN_POINT('',(0.023144571097955,0.095246460247176,-0.103105328331713));
#9229=CARTESIAN_POINT('',(0.0224194750489295,0.0952102602080852,-0.103837895648078));
#9230=CARTESIAN_POINT('',(0.0210542333848781,0.0951198217149506,-0.104586265242134));
#9231=CARTESIAN_POINT('',(0.0190368587896662,0.0950776501186194,-0.104987384038046));
#9232=CARTESIAN_POINT('',(0.0180121762936433,0.095075788663935,-0.105));
#9233=CARTESIAN_POINT('',(0.0175,0.095075788663935,-0.105));
#9234=CARTESIAN_POINT('',(0.0175,0.095075788663935,-0.105));
#9235=CARTESIAN_POINT('',(0.0175,0.095075788663935,-0.105));
#9236=CARTESIAN_POINT('',(0.0169894038089864,0.095075788663935,-0.105));
#9237=CARTESIAN_POINT('',(0.0159720059960129,0.0950776292374454,-0.104987538451743));
#9238=CARTESIAN_POINT('',(0.013959493092232,0.0951192028513122,-0.104591975846976));
#9239=CARTESIAN_POINT('',(0.0125808785407529,0.0952102425553062,-0.103838252881089));
#9240=CARTESIAN_POINT('',(0.0118554289020449,0.095246460247176,-0.103105328331713));
#9241=CARTESIAN_POINT('',(-0.025,0.097127010148309,0.0861313735102569));
#9242=CARTESIAN_POINT('',(-0.025,0.097127010148309,-0.114322417759679));
#9243=CARTESIAN_POINT('',(-0.0260812729612333,0.0966612160153839,0.0861313735102569));
#9244=CARTESIAN_POINT('',(-0.0260812729612333,0.0966612160153839,-0.114322417759679));
#9245=CARTESIAN_POINT('',(-0.0281439152336875,0.0955829707085589,0.0861313735102565));
#9246=CARTESIAN_POINT('',(-0.0281439152336875,0.0955829707085589,-0.114322417759679));
#9247=CARTESIAN_POINT('',(-0.0310075234178933,0.0934713075190016,0.0861313735102568));
#9248=CARTESIAN_POINT('',(-0.0310075234178933,0.0934713075190016,-0.114322417759679));
#9249=CARTESIAN_POINT('',(-0.0337057600510759,0.0907363528034954,0.0861313735102568));
#9250=CARTESIAN_POINT('',(-0.0337057600510759,0.0907363528034954,-0.114322417759679));
#9251=CARTESIAN_POINT('',(-0.0363726157561931,0.087278164560224,0.0861313735102568));
#9252=CARTESIAN_POINT('',(-0.0363726157561931,0.087278164560224,-0.114322417759679));
#9253=CARTESIAN_POINT('',(-0.0388538133017957,0.0834990198019398,0.0861313735102568));
#9254=CARTESIAN_POINT('',(-0.0388538133017957,0.0834990198019398,-0.114322417759679));
#9255=CARTESIAN_POINT('',(-0.0407326023967389,0.0803384462852822,0.0861313735102567));
#9256=CARTESIAN_POINT('',(-0.0407326023967389,0.0803384462852822,-0.114322417759679));
#9257=CARTESIAN_POINT('',(-0.0421157036806432,0.0779517696622981,0.086131373510257));
#9258=CARTESIAN_POINT('',(-0.0421157036806432,0.0779517696622981,-0.114322417759679));
#9259=CARTESIAN_POINT('',(-0.0430858657180939,0.0762682138013644,0.0861313735102566));
#9260=CARTESIAN_POINT('',(-0.0430858657180939,0.0762682138013644,-0.114322417759679));
#9261=CARTESIAN_POINT('',(-0.0441507069599091,0.0745319136795601,0.0861313735102567));
#9262=CARTESIAN_POINT('',(-0.0441507069599091,0.0745319136795601,-0.114322417759679));
#9263=CARTESIAN_POINT('',(-0.0454431872849937,0.0727588739243528,0.0861313735102566));
#9264=CARTESIAN_POINT('',(-0.0454431872849937,0.0727588739243528,-0.114322417759679));
#9265=CARTESIAN_POINT('',(-0.0471093589898733,0.0710192706128418,0.0861313735102569));
#9266=CARTESIAN_POINT('',(-0.0471093589898733,0.0710192706128418,-0.114322417759679));
#9267=CARTESIAN_POINT('',(-0.0492140507188849,0.0694921916063506,0.0861313735102565));
#9268=CARTESIAN_POINT('',(-0.0492140507188849,0.0694921916063506,-0.114322417759679));
#9269=CARTESIAN_POINT('',(-0.0516745267686201,0.0683358253136091,0.086131373510257));
#9270=CARTESIAN_POINT('',(-0.0516745267686201,0.0683358253136091,-0.114322417759679));
#9271=CARTESIAN_POINT('',(-0.0553564052285699,0.067325380524917,0.0861313735102566));
#9272=CARTESIAN_POINT('',(-0.0553564052285699,0.067325380524917,-0.114322417759679));
#9273=CARTESIAN_POINT('',(-0.060330094316966,0.0668572634776184,0.086131373510257));
#9274=CARTESIAN_POINT('',(-0.060330094316966,0.0668572634776184,-0.114322417759679));
#9275=CARTESIAN_POINT('',(-0.066923815313945,0.0668366567481062,0.0861313735102567));
#9276=CARTESIAN_POINT('',(-0.066923815313945,0.0668366567481062,-0.114322417759679));
#9277=CARTESIAN_POINT('',(-0.0736533021206333,0.067084228987204,0.0861313735102568));
#9278=CARTESIAN_POINT('',(-0.0736533021206333,0.067084228987204,-0.114322417759679));
#9279=CARTESIAN_POINT('',(-0.0798931965270627,0.0673148947861637,0.0861313735102568));
#9280=CARTESIAN_POINT('',(-0.0798931965270627,0.0673148947861637,-0.114322417759679));
#9281=CARTESIAN_POINT('',(-0.0849474157293636,0.0672773551839568,0.0861313735102568));
#9282=CARTESIAN_POINT('',(-0.0849474157293636,0.0672773551839568,-0.114322417759679));
#9283=CARTESIAN_POINT('',(-0.0867142127522156,0.0669479829914728,0.0861313735102568));
#9284=CARTESIAN_POINT('',(-0.0867142127522156,0.0669479829914728,-0.114322417759679));
#9285=CARTESIAN_POINT('',(-0.0871398151707235,0.0668154802819264,0.0861313735102568));
#9286=CARTESIAN_POINT('',(-0.0871398151707235,0.0668154802819264,-0.114322417759679));
#9287=CARTESIAN_POINT('',(-0.025,0.0971270101483091,-0.0140955221247112));
#9288=CARTESIAN_POINT('',(-0.0871398151707232,0.0668154802819264,-0.119970949277319));
#9289=CARTESIAN_POINT('',(-0.0871398151707233,0.0668154802819264,-0.114322417759679));
#9290=CARTESIAN_POINT('',(-0.0303892164154083,0.0938643619849647,-0.114322417759679));
#9291=CARTESIAN_POINT('',(-0.0326296714974395,0.0920415522340265,-0.114322417759679));
#9292=CARTESIAN_POINT('',(-0.035433034651381,0.088674127285415,-0.114322417759679));
#9293=CARTESIAN_POINT('',(-0.0386305081373367,0.0838510408930936,-0.114322417759679));
#9294=CARTESIAN_POINT('',(-0.0408702935329425,0.0801316151171797,-0.114322417759679));
#9295=CARTESIAN_POINT('',(-0.0430102966888357,0.0763446713416271,-0.114322417759679));
#9296=CARTESIAN_POINT('',(-0.0453210404069854,0.0726824252465022,-0.114322417759679));
#9297=CARTESIAN_POINT('',(-0.0485701755877125,0.0697126173558753,-0.114322417759679));
#9298=CARTESIAN_POINT('',(-0.0525865711550532,0.0679293276767067,-0.114322417759679));
#9299=CARTESIAN_POINT('',(-0.0568436032121273,0.0671610246350828,-0.114322417759679));
#9300=CARTESIAN_POINT('',(-0.0611835235675016,0.0668733033256927,-0.114322417759679));
#9301=CARTESIAN_POINT('',(-0.0655062552684379,0.0668405469179136,-0.114322417759679));
#9302=CARTESIAN_POINT('',(-0.069835659790117,0.0669422003443898,-0.114322417759679));
#9303=CARTESIAN_POINT('',(-0.0741642599266979,0.0671039124741821,-0.114322417759679));
#9304=CARTESIAN_POINT('',(-0.0777717251791238,0.0672351327119336,-0.114322417759679));
#9305=CARTESIAN_POINT('',(-0.0806568889871831,0.0672897523725862,-0.114322417759679));
#9306=CARTESIAN_POINT('',(-0.0828201597892807,0.0672888010749992,-0.114322417759679));
#9307=CARTESIAN_POINT('',(-0.084982002366887,0.0671901920191624,-0.114322417759679));
#9308=CARTESIAN_POINT('',(-0.0864219832987587,0.0670389627244547,-0.114322417759679));
#9309=CARTESIAN_POINT('',(-0.0871398151707235,0.0668154802819263,-0.114322417759679));
#9310=CARTESIAN_POINT('',(-0.0977607670041971,0.0202742275508698,-0.0974285625466958));
#9311=CARTESIAN_POINT('',(-0.0977607670041971,0.0540678121974145,-0.0974285625466958));
#9312=CARTESIAN_POINT('',(-0.0972618063458819,0.0202742275508698,-0.102296263015685));
#9313=CARTESIAN_POINT('',(-0.0972618063458819,0.0540678121974145,-0.102296263015685));
#9314=CARTESIAN_POINT('',(-0.0968689914226615,0.0202742275508698,-0.106521524751258));
#9315=CARTESIAN_POINT('',(-0.0968689914226615,0.0540678121974145,-0.106521524751258));
#9316=CARTESIAN_POINT('',(-0.0965131671359395,0.0202742275508698,-0.110297512742388));
#9317=CARTESIAN_POINT('',(-0.0965131671359395,0.0540678121974145,-0.110297512742388));
#9318=CARTESIAN_POINT('',(-0.0965131671359396,0.0216660947243089,-0.110297512742388));
#9319=CARTESIAN_POINT('',(-0.0965438201572879,0.0216910316326485,-0.109972224545876));
#9320=CARTESIAN_POINT('',(-0.0965744055911157,0.0217186701159416,-0.10964716255885));
#9321=CARTESIAN_POINT('',(-0.096604949932131,0.0217500380203361,-0.109322417759679));
#9322=CARTESIAN_POINT('',(-0.096604949932131,0.0217500380203362,-0.109322417759679));
#9323=CARTESIAN_POINT('',(-0.096604949932131,0.0371710198741424,-0.109322417759679));
#9324=CARTESIAN_POINT('',(-0.096604949932131,0.0232499619796638,-0.109322417759679));
#9325=CARTESIAN_POINT('',(-0.0966049499321311,0.023249961979664,-0.109322417759679));
#9326=CARTESIAN_POINT('',(-0.0965744055911157,0.0232813298840586,-0.10964716255885));
#9327=CARTESIAN_POINT('',(-0.0965438201572879,0.0233089683673513,-0.109972224545876));
#9328=CARTESIAN_POINT('',(-0.0965131671359396,0.0233339052756909,-0.110297512742388));
#9329=CARTESIAN_POINT('',(-0.0965131671359396,0.0538674549761898,-0.110297512742388));
#9330=CARTESIAN_POINT('',(-0.0965193126249741,0.0538618108518844,-0.110232297146771));
#9331=CARTESIAN_POINT('',(-0.0965254562854997,0.053856170261789,-0.110167081073098));
#9332=CARTESIAN_POINT('',(-0.0965315984077547,0.0538505329564461,-0.110101864570519));
#9333=CARTESIAN_POINT('',(-0.0925856560153928,0.01,-0.114322417759679));
#9334=CARTESIAN_POINT('',(0.0911908402996786,0.0157,-0.114322417759679));
#9335=CARTESIAN_POINT('',(0.0838288452920765,0.0157,-0.114322417759679));
#9336=CARTESIAN_POINT('',(0.0819333046674728,0.0553675964474678,-0.114322417759679));
#9337=CARTESIAN_POINT('',(0.0766929630701154,0.0577149669084965,-0.114322417759679));
#9338=CARTESIAN_POINT('',(0.0651054994915319,0.0575090038237131,-0.114322417759679));
#9339=CARTESIAN_POINT('',(0.059435559719833,0.0456743015690812,-0.114322417759679));
#9340=CARTESIAN_POINT('',(0.0574608808220728,0.0195776631407627,-0.114322417759679));
#9341=CARTESIAN_POINT('',(0.0706242515672195,0.0124819239831727,-0.114322417759679));
#9342=CARTESIAN_POINT('',(0.0833997403465088,0.0130459271946247,-0.114322417759679));
#9343=CARTESIAN_POINT('',(0.0981040331591431,0.0403137840709627,-0.114322417759679));
#9344=CARTESIAN_POINT('',(0.0877959382704186,0.052741475098751,-0.114322417759679));
#9345=CARTESIAN_POINT('',(0.0819333046674728,0.0553675964474678,-0.114322417759679));
#9346=CARTESIAN_POINT('',(0.0871398151707233,0.0668154802819266,-0.114322417759679));
#9347=CARTESIAN_POINT('',(0.0873014154354053,0.0658644173610621,-0.114322417759679));
#9348=CARTESIAN_POINT('',(0.0873902924848045,0.0639358060971922,-0.114322417759679));
#9349=CARTESIAN_POINT('',(0.0881833568056438,0.0611092562951049,-0.114322417759679));
#9350=CARTESIAN_POINT('',(0.0897209400971729,0.0591958992537457,-0.114322417759679));
#9351=CARTESIAN_POINT('',(0.0912941637378981,0.0580715776441069,-0.114322417759679));
#9352=CARTESIAN_POINT('',(0.0921768634202109,0.057624059552506,-0.114322417759679));
#9353=CARTESIAN_POINT('',(0.0925856560153838,0.0573603849854099,-0.114322417759679));
#9354=CARTESIAN_POINT('',(0.0871398151707234,0.0668154802819264,-0.114322417759679));
#9355=CARTESIAN_POINT('',(0.0303892164154109,0.0938643619849626,-0.114322417759679));
#9356=CARTESIAN_POINT('',(0.0326296725775082,0.092041551355294,-0.114322417759679));
#9357=CARTESIAN_POINT('',(0.0354330344562983,0.0886741274657953,-0.114322417759679));
#9358=CARTESIAN_POINT('',(0.0386305086403158,0.0838510401363552,-0.114322417759679));
#9359=CARTESIAN_POINT('',(0.0408702939958455,0.0801316143098198,-0.114322417759679));
#9360=CARTESIAN_POINT('',(0.0430102974646761,0.0763446699915665,-0.114322417759679));
#9361=CARTESIAN_POINT('',(0.0453210406267705,0.0726824250580666,-0.114322417759679));
#9362=CARTESIAN_POINT('',(0.0485701759078468,0.069712617101165,-0.114322417759679));
#9363=CARTESIAN_POINT('',(0.0525865714805101,0.0679293276912132,-0.114322417759679));
#9364=CARTESIAN_POINT('',(0.0568436015060595,0.0671610248575937,-0.114322417759679));
#9365=CARTESIAN_POINT('',(0.0611835228024836,0.0668733033179426,-0.114322417759679));
#9366=CARTESIAN_POINT('',(0.0655062548817562,0.0668405469170064,-0.114322417759679));
#9367=CARTESIAN_POINT('',(0.0698356596091023,0.0669422003362039,-0.114322417759679));
#9368=CARTESIAN_POINT('',(0.0741642598457821,0.0671039124715659,-0.114322417759679));
#9369=CARTESIAN_POINT('',(0.0777717251926124,0.0672351327125921,-0.114322417759679));
#9370=CARTESIAN_POINT('',(0.0806568890569775,0.0672897523738718,-0.114322417759679));
#9371=CARTESIAN_POINT('',(0.082820159887736,0.0672888010725509,-0.114322417759679));
#9372=CARTESIAN_POINT('',(0.084982002461685,0.0671901920158082,-0.114322417759679));
#9373=CARTESIAN_POINT('',(0.0864219833626566,0.0670389627045614,-0.114322417759679));
#9374=CARTESIAN_POINT('',(0.0871398151707234,0.0668154802819263,-0.114322417759679));
#9375=CARTESIAN_POINT('',(-0.0871398151707232,0.0668154802819265,-0.114322417759679));
#9376=CARTESIAN_POINT('',(-0.0873014154354052,0.065864417361062,-0.114322417759679));
#9377=CARTESIAN_POINT('',(-0.0873902924848046,0.0639358060971922,-0.114322417759679));
#9378=CARTESIAN_POINT('',(-0.0881833568056438,0.0611092562951048,-0.114322417759679));
#9379=CARTESIAN_POINT('',(-0.0897209400971728,0.0591958992537457,-0.114322417759679));
#9380=CARTESIAN_POINT('',(-0.0912941637378984,0.0580715776441067,-0.114322417759679));
#9381=CARTESIAN_POINT('',(-0.0921768634202111,0.0576240595525059,-0.114322417759679));
#9382=CARTESIAN_POINT('',(-0.092585656015384,0.0573603849854099,-0.114322417759679));
#9383=CARTESIAN_POINT('',(-0.0819333046674728,0.0553675964474678,-0.114322417759679));
#9384=CARTESIAN_POINT('',(-0.0766929630701154,0.0577149669084965,-0.114322417759679));
#9385=CARTESIAN_POINT('',(-0.0651054994915319,0.0575090038237131,-0.114322417759679));
#9386=CARTESIAN_POINT('',(-0.059435559719833,0.0456743015690812,-0.114322417759679));
#9387=CARTESIAN_POINT('',(-0.0574608808220728,0.0195776631407627,-0.114322417759679));
#9388=CARTESIAN_POINT('',(-0.0706242515672195,0.0124819239831727,-0.114322417759679));
#9389=CARTESIAN_POINT('',(-0.0833997403465088,0.0130459271946247,-0.114322417759679));
#9390=CARTESIAN_POINT('',(-0.0981040331591431,0.0403137840709627,-0.114322417759679));
#9391=CARTESIAN_POINT('',(-0.0877959382704186,0.052741475098751,-0.114322417759679));
#9392=CARTESIAN_POINT('',(-0.0819333046674728,0.0553675964474678,-0.114322417759679));
#9393=CARTESIAN_POINT('',(-0.0911908402996741,0.0157,-0.114322417759679));
#9394=CARTESIAN_POINT('',(-0.0838288452920765,0.0157,-0.114322417759679));
#9395=CARTESIAN_POINT('',(-0.0838288452920765,0.0132,-0.114322417759679));
#9396=CARTESIAN_POINT('',(-0.0838288452920765,0.01,-0.114322417759679));
#9397=CARTESIAN_POINT('',(-0.0850270663694489,0.01,-0.114322417759679));
#9398=CARTESIAN_POINT('',(-0.0859909169085771,0.01,-0.114322417759679));
#9399=CARTESIAN_POINT('',(-0.0859909169085771,0.01,-0.114322417759679));
#9400=CARTESIAN_POINT('',(-0.0860668402520116,0.011066831328226,-0.114322417759679));
#9401=CARTESIAN_POINT('',(-0.0861446757607389,0.0121335195492298,-0.114322417759679));
#9402=CARTESIAN_POINT('',(-0.0862252874468205,0.0132,-0.114322417759679));
#9403=CARTESIAN_POINT('',(-0.0862252874468212,0.0132,-0.114322417759679));
#9404=CARTESIAN_POINT('',(-0.0911908402996741,0.0132,-0.114322417759679));
#9405=CARTESIAN_POINT('',(-0.0897960245839644,0.0132,-0.114322417759679));
#9406=CARTESIAN_POINT('',(-0.0897960245839644,0.0132,-0.114322417759679));
#9407=CARTESIAN_POINT('',(-0.0898766365692327,0.0121335155910346,-0.114322417759679));
#9408=CARTESIAN_POINT('',(-0.0899544720279419,0.0110668278270616,-0.114322417759679));
#9409=CARTESIAN_POINT('',(-0.0900303951222085,0.01,-0.114322417759679));
#9410=CARTESIAN_POINT('',(-0.0900303951222085,0.01,-0.114322417759679));
#9411=CARTESIAN_POINT('',(0.,0.01,-0.114322417759679));
#9412=CARTESIAN_POINT('',(-0.0982403349401193,0.01,-0.114322417759679));
#9413=CARTESIAN_POINT('',(-0.101324304938316,0.0562836490571499,-0.114322417759679));
#9414=CARTESIAN_POINT('',(-0.102844364436755,0.0402059943335499,-0.114322417759679));
#9415=CARTESIAN_POINT('',(-0.105825492287659,0.00867463366951861,-0.114322417759679));
#9416=CARTESIAN_POINT('',(-0.0820441185180638,-0.00958851092748083,-0.114322417759679));
#9417=CARTESIAN_POINT('',(-0.0703887268900871,-0.0185393858716497,-0.114322417759679));
#9418=CARTESIAN_POINT('',(-0.09957060464434,0.0130969239995079,-0.114322417759679));
#9419=CARTESIAN_POINT('',(-0.0995705011175076,0.0578499184096032,-0.114322417759679));
#9420=CARTESIAN_POINT('',(0.,0.104489498641917,-0.114322417759679));
#9421=CARTESIAN_POINT('',(0.00710866679004623,0.104689906227473,-0.114322417759679));
#9422=CARTESIAN_POINT('',(0.0209527872212567,0.105198307088065,-0.114322417759679));
#9423=CARTESIAN_POINT('',(0.036824494489504,0.097380801291297,-0.114322417759679));
#9424=CARTESIAN_POINT('',(0.0468166506257658,0.0796785397765721,-0.114322417759679));
#9425=CARTESIAN_POINT('',(0.0529063481056908,0.0695751823981236,-0.114322417759679));
#9426=CARTESIAN_POINT('',(0.085485527266924,0.0738135852791472,-0.114322417759679));
#9427=CARTESIAN_POINT('',(0.0926239018053776,0.0699823170611,-0.114322417759679));
#9428=CARTESIAN_POINT('',(0.0919913458576433,0.0629045202008107,-0.114322417759679));
#9429=CARTESIAN_POINT('',(0.0958116889842502,0.0617841257478328,-0.114322417759679));
#9430=CARTESIAN_POINT('',(0.0989905346383729,0.0582616691406502,-0.114322417759679));
#9431=CARTESIAN_POINT('',(0.101324304938316,0.0562836490571499,-0.114322417759679));
#9432=CARTESIAN_POINT('',(0.0995706046443398,0.0578499184095887,-0.114322417759679));
#9433=CARTESIAN_POINT('',(0.0995705011175076,0.0578499184095887,-0.114322417759679));
#9434=CARTESIAN_POINT('',(0.09957060464434,0.013096923999508,-0.114322417759679));
#9435=CARTESIAN_POINT('',(0.101324304938316,0.0562836490571499,-0.114322417759679));
#9436=CARTESIAN_POINT('',(0.102844364436755,0.0402059943335499,-0.114322417759679));
#9437=CARTESIAN_POINT('',(0.105825492287659,0.00867463366951861,-0.114322417759679));
#9438=CARTESIAN_POINT('',(0.0820441185180638,-0.00958851092748083,-0.114322417759679));
#9439=CARTESIAN_POINT('',(0.0703887268900871,-0.0185393858716497,-0.114322417759679));
#9440=CARTESIAN_POINT('',(0.0982403349401196,0.01,-0.114322417759679));
#9441=CARTESIAN_POINT('',(0.,0.01,-0.114322417759679));
#9442=CARTESIAN_POINT('',(0.0900303951222085,0.01,-0.114322417759679));
#9443=CARTESIAN_POINT('',(0.0900303951222085,0.01,-0.114322417759679));
#9444=CARTESIAN_POINT('',(0.089954471778774,0.011066831328226,-0.114322417759679));
#9445=CARTESIAN_POINT('',(0.0898766362700467,0.0121335195492298,-0.114322417759679));
#9446=CARTESIAN_POINT('',(0.0897960245839651,0.0132,-0.114322417759679));
#9447=CARTESIAN_POINT('',(0.0897960245839644,0.0132,-0.114322417759679));
#9448=CARTESIAN_POINT('',(0.0911908402996786,0.0132,-0.114322417759679));
#9449=CARTESIAN_POINT('',(0.0862252874468212,0.0132,-0.114322417759679));
#9450=CARTESIAN_POINT('',(0.0862252874468212,0.0132,-0.114322417759679));
#9451=CARTESIAN_POINT('',(0.0861446754615529,0.0121335155910346,-0.114322417759679));
#9452=CARTESIAN_POINT('',(0.0860668400028437,0.0110668278270616,-0.114322417759679));
#9453=CARTESIAN_POINT('',(0.0859909169085771,0.01,-0.114322417759679));
#9454=CARTESIAN_POINT('',(0.0859909169085771,0.01,-0.114322417759679));
#9455=CARTESIAN_POINT('',(0.0850270663694489,0.01,-0.114322417759679));
#9456=CARTESIAN_POINT('',(0.0838288452920765,0.01,-0.114322417759679));
#9457=CARTESIAN_POINT('',(0.0838288452920765,0.0132,-0.114322417759679));
#9458=CARTESIAN_POINT('',(0.,0.0963880793544274,-0.114322417759679));
#9459=CARTESIAN_POINT('',(0.,0.0953130793544274,-0.114322417759679));
#9460=CARTESIAN_POINT('',(-0.0960781303298618,0.0563367695648638,-0.114322417759679));
#9461=CARTESIAN_POINT('',(-0.0960781303298618,0.0552617695648638,-0.114322417759679));
#9462=CARTESIAN_POINT('',(-0.0428733521965355,0.0815246581234929,-0.114322417759679));
#9463=CARTESIAN_POINT('',(-0.0428733521965355,0.0804496581234929,-0.114322417759679));
#9464=CARTESIAN_POINT('',(-0.0812207485579422,0.0697859813378066,-0.114322417759679));
#9465=CARTESIAN_POINT('',(-0.0812207485579422,0.0687109813378066,-0.114322417759679));
#9466=CARTESIAN_POINT('',(-0.0958347668181518,0.0225,-0.114322417759679));
#9467=CARTESIAN_POINT('',(-0.0958347668181518,0.021425,-0.114322417759679));
#9468=CARTESIAN_POINT('',(0.0960781303298618,0.0563367695648638,-0.114322417759679));
#9469=CARTESIAN_POINT('',(0.0960781303298618,0.0552617695648638,-0.114322417759679));
#9470=CARTESIAN_POINT('',(0.0428733521965355,0.0815246581234929,-0.114322417759679));
#9471=CARTESIAN_POINT('',(0.0428733521965355,0.0804496581234929,-0.114322417759679));
#9472=CARTESIAN_POINT('',(0.0812207485579422,0.0697859813378066,-0.114322417759679));
#9473=CARTESIAN_POINT('',(0.0812207485579422,0.0687109813378066,-0.114322417759679));
#9474=CARTESIAN_POINT('',(0.0958347668181518,0.0225,-0.114322417759679));
#9475=CARTESIAN_POINT('',(0.0958347668181518,0.021425,-0.114322417759679));
#9476=CARTESIAN_POINT('',(0.0925856560153928,0.01,0.086131372812575));
#9477=CARTESIAN_POINT('',(0.091427172945552,0.0157,0.0861313728125751));
#9478=CARTESIAN_POINT('',(0.0982403349401196,0.0157,0.086131372812575));
#9479=CARTESIAN_POINT('',(0.101324304938316,0.0562836490571499,0.0861313728125752));
#9480=CARTESIAN_POINT('',(0.102844364436755,0.0402059943335499,0.0861313728125752));
#9481=CARTESIAN_POINT('',(0.105825492287659,0.00867463366951861,0.0861313728125752));
#9482=CARTESIAN_POINT('',(0.0820441185180638,-0.00958851092748083,0.0861313728125752));
#9483=CARTESIAN_POINT('',(0.0703887268900871,-0.0185393858716497,0.0861313728125752));
#9484=CARTESIAN_POINT('',(0.101325244286282,0.0562820144675906,0.0861313735844229));
#9485=CARTESIAN_POINT('',(0.101245423752679,0.0563506821369805,0.0861313728087509));
#9486=CARTESIAN_POINT('',(0.101272609464422,0.0563275644001415,0.0861313726361348));
#9487=CARTESIAN_POINT('',(0.101299846240072,0.0563045067128086,0.0861313724575118));
#9488=CARTESIAN_POINT('',(0.10132713381383,0.0562815092999561,0.0861313722067321));
#9489=CARTESIAN_POINT('',(0.101244443001395,0.0563515334068448,0.0861313729982113));
#9490=CARTESIAN_POINT('',(0.,0.104489498641917,0.0861313728125748));
#9491=CARTESIAN_POINT('',(0.00710866679004623,0.104689906227473,0.0861313728125748));
#9492=CARTESIAN_POINT('',(0.0209527872212567,0.105198307088065,0.0861313728125748));
#9493=CARTESIAN_POINT('',(0.036824494489504,0.097380801291297,0.0861313728125748));
#9494=CARTESIAN_POINT('',(0.0468166506257658,0.0796785397765721,0.0861313728125748));
#9495=CARTESIAN_POINT('',(0.0529063481056908,0.0695751823981236,0.0861313728125748));
#9496=CARTESIAN_POINT('',(0.085485527266924,0.0738135852791472,0.0861313728125748));
#9497=CARTESIAN_POINT('',(0.0926239018053776,0.0699823170611,0.0861313728125748));
#9498=CARTESIAN_POINT('',(0.0919913458576433,0.0629045202008107,0.0861313728125748));
#9499=CARTESIAN_POINT('',(0.0958116889842502,0.0617841257478328,0.0861313728125748));
#9500=CARTESIAN_POINT('',(0.0989905346383729,0.0582616691406502,0.0861313728125748));
#9501=CARTESIAN_POINT('',(0.101324304938316,0.0562836490571499,0.0861313728125748));
#9502=CARTESIAN_POINT('',(-7.7715611723761E-16,0.0891201452645269,0.086131372812575));
#9503=CARTESIAN_POINT('',(0.025,0.0891201452645269,0.086131372812575));
#9504=CARTESIAN_POINT('',(0.025,0.01,0.086131372812575));
#9505=CARTESIAN_POINT('',(0.025,0.0838490750571452,0.086131372812575));
#9506=CARTESIAN_POINT('',(-2.07293615606119E-9,0.0838490750571452,0.086131372812575));
#9507=CARTESIAN_POINT('',(0.0415866250523272,0.0788633039375341,0.086131372812575));
#9508=CARTESIAN_POINT('',(0.0421166121924684,0.0779500395074277,0.086131372812575));
#9509=CARTESIAN_POINT('',(0.0431613458693835,0.0761095421429162,0.086131372812575));
#9510=CARTESIAN_POINT('',(0.044845960139389,0.0734500097930372,0.086131372812575));
#9511=CARTESIAN_POINT('',(0.0469798447404005,0.071073966488376,0.086131372812575));
#9512=CARTESIAN_POINT('',(0.0495653476361448,0.0692527630883066,0.086131372812575));
#9513=CARTESIAN_POINT('',(0.052526032096362,0.0680309261210879,0.086131372812575));
#9514=CARTESIAN_POINT('',(0.0566224489592933,0.0671455747215895,0.086131372812575));
#9515=CARTESIAN_POINT('',(0.06191202658208,0.066816693115657,0.086131372812575));
#9516=CARTESIAN_POINT('',(0.0682118089555416,0.0668773193935515,0.086131372812575));
#9517=CARTESIAN_POINT('',(0.0734748066203409,0.0670800293456624,0.086131372812575));
#9518=CARTESIAN_POINT('',(0.0776826129895766,0.0672298841043448,0.086131372812575));
#9519=CARTESIAN_POINT('',(0.0808381464750772,0.0672989473915024,0.086131372812575));
#9520=CARTESIAN_POINT('',(0.0834665847024195,0.0672826035949351,0.086131372812575));
#9521=CARTESIAN_POINT('',(0.0855672766823955,0.0671300942108821,0.086131372812575));
#9522=CARTESIAN_POINT('',(0.0866164990888696,0.0669784041652961,0.086131372812575));
#9523=CARTESIAN_POINT('',(0.0871398151707234,0.0668154802819264,0.086131372812575));
#9524=CARTESIAN_POINT('',(0.0871398151707233,0.0668154802819264,0.086131372812575));
#9525=CARTESIAN_POINT('',(0.0871398151707233,0.0668154802819265,0.086131372812575));
#9526=CARTESIAN_POINT('',(0.0873014154354055,0.0658644173610611,0.086131372812575));
#9527=CARTESIAN_POINT('',(0.0873902924848047,0.0639358060971895,0.0861313728125748));
#9528=CARTESIAN_POINT('',(0.0881833568056457,0.0611092562951,0.0861313728125756));
#9529=CARTESIAN_POINT('',(0.0897209400971782,0.0591958992537405,0.0861313728125749));
#9530=CARTESIAN_POINT('',(0.0912941637379063,0.0580715776441017,0.086131372812575));
#9531=CARTESIAN_POINT('',(0.0921768634202205,0.0576240595525015,0.086131372812575));
#9532=CARTESIAN_POINT('',(0.0925856560153929,0.0573603849854041,0.086131372812575));
#9533=CARTESIAN_POINT('',(0.0819333046674728,0.0553675964474678,0.0861313728125751));
#9534=CARTESIAN_POINT('',(0.0766929630701154,0.0577149669084965,0.0861313728125751));
#9535=CARTESIAN_POINT('',(0.0651054994915319,0.0575090038237131,0.0861313728125751));
#9536=CARTESIAN_POINT('',(0.059435559719833,0.0456743015690812,0.0861313728125751));
#9537=CARTESIAN_POINT('',(0.0574608808220728,0.0195776631407627,0.0861313728125751));
#9538=CARTESIAN_POINT('',(0.0706242515672195,0.0124819239831727,0.0861313728125751));
#9539=CARTESIAN_POINT('',(0.0833997403465088,0.0130459271946247,0.0861313728125751));
#9540=CARTESIAN_POINT('',(0.0981040331591431,0.0403137840709627,0.0861313728125751));
#9541=CARTESIAN_POINT('',(0.0877959382704186,0.052741475098751,0.0861313728125751));
#9542=CARTESIAN_POINT('',(0.0819333046674728,0.0553675964474678,0.0861313728125751));
#9543=CARTESIAN_POINT('',(0.091427172945552,0.0157,0.0861313728125751));
#9544=CARTESIAN_POINT('',(0.0836062585634882,0.0157,0.0861313728125751));
#9545=CARTESIAN_POINT('',(0.0836062585634882,0.0132,0.0861313728125751));
#9546=CARTESIAN_POINT('',(0.0836062585634882,0.01,0.0861313728125751));
#9547=CARTESIAN_POINT('',(0.0846794403592814,0.01,0.0861313728125751));
#9548=CARTESIAN_POINT('',(0.0855631017160358,0.01,0.0861313728125751));
#9549=CARTESIAN_POINT('',(0.0857526221550745,0.0132,0.086131372812575));
#9550=CARTESIAN_POINT('',(0.0856888755465241,0.0121333681598797,0.086131372812575));
#9551=CARTESIAN_POINT('',(0.0856257464124979,0.0110666987985207,0.086131372812575));
#9552=CARTESIAN_POINT('',(0.0855631017160357,0.01,0.086131372812575));
#9553=CARTESIAN_POINT('',(0.0857526221550745,0.0132,0.0861313728125751));
#9554=CARTESIAN_POINT('',(0.091427172945552,0.0132,0.0861313728125751));
#9555=CARTESIAN_POINT('',(0.0902686898757111,0.0132,0.0861313728125751));
#9556=CARTESIAN_POINT('',(0.0902686898757111,0.0132,0.0861313728125751));
#9557=CARTESIAN_POINT('',(0.090332436536842,0.0121333672800834,0.0861313728125751));
#9558=CARTESIAN_POINT('',(0.0903955656659612,0.0110666979867487,0.086131372812575));
#9559=CARTESIAN_POINT('',(0.0904582103147499,0.01,0.086131372812575));
#9560=CARTESIAN_POINT('',(0.0904582103147499,0.01,0.086131372812575));
#9561=CARTESIAN_POINT('',(0.,0.01,0.086131372812575));
#9562=CARTESIAN_POINT('',(0.0982403349401196,0.01,0.086131372812575));
#9563=CARTESIAN_POINT('',(0.101324304938316,0.0562836490571499,0.0861313728125752));
#9564=CARTESIAN_POINT('',(0.102844364436755,0.0402059943335499,0.0861313728125752));
#9565=CARTESIAN_POINT('',(0.105825492287659,0.00867463366951861,0.0861313728125752));
#9566=CARTESIAN_POINT('',(0.0820441185180638,-0.00958851092748083,0.0861313728125752));
#9567=CARTESIAN_POINT('',(0.0703887268900871,-0.0185393858716497,0.0861313728125752));
#9568=CARTESIAN_POINT('',(0.0982403349401196,0.0132,0.086131372812575));
#9569=CARTESIAN_POINT('',(0.0428733521965355,0.0815246581234929,0.086131372812575));
#9570=CARTESIAN_POINT('',(0.0428733521965355,0.0804496581234929,0.086131372812575));
#9571=CARTESIAN_POINT('',(0.0970477510812033,0.0541073219497872,0.086131372812575));
#9572=CARTESIAN_POINT('',(0.0970477510812033,0.0530323219497872,0.086131372812575));
#9573=CARTESIAN_POINT('',(0.0812207485579422,0.0697859813378066,0.086131372812575));
#9574=CARTESIAN_POINT('',(0.0812207485579422,0.0687109813378066,0.086131372812575));
#9575=CARTESIAN_POINT('',(0.0958347668181518,0.0225,0.086131372812575));
#9576=CARTESIAN_POINT('',(0.0958347668181518,0.021425,0.086131372812575));
#9577=CARTESIAN_POINT('',(0.0925806183813811,0.0360055872329174,0.0857191589333673));
#9578=CARTESIAN_POINT('',(0.0925806183813811,0.0360055872329174,0.0861313728125811));
#9579=CARTESIAN_POINT('',(0.0928654084781107,0.0380358731693774,0.0857191589333673));
#9580=CARTESIAN_POINT('',(0.0928654084781107,0.0380358731693774,0.0861313728125811));
#9581=CARTESIAN_POINT('',(0.0928749383480044,0.0400068744399232,0.0857191589333673));
#9582=CARTESIAN_POINT('',(0.0928749383480044,0.0400068744399232,0.0861313728125811));
#9583=CARTESIAN_POINT('',(0.0925804480934179,0.0418446144712345,0.0857191589333673));
#9584=CARTESIAN_POINT('',(0.0925804480934179,0.0418446144712345,0.0861313728125811));
#9585=CARTESIAN_POINT('',(-0.0925806183813833,0.0360055872329332,0.0857058765999282));
#9586=CARTESIAN_POINT('',(-0.0925806183813833,0.0360055872329332,0.0861313728125805));
#9587=CARTESIAN_POINT('',(-0.0928654084781107,0.0380358731693866,0.0857058765999282));
#9588=CARTESIAN_POINT('',(-0.0928654084781107,0.0380358731693866,0.0861313728125805));
#9589=CARTESIAN_POINT('',(-0.0928749383480037,0.0400068744399259,0.0857058765999283));
#9590=CARTESIAN_POINT('',(-0.0928749383480037,0.0400068744399259,0.0861313728125805));
#9591=CARTESIAN_POINT('',(-0.0925804480934183,0.0418446144712317,0.0857058765999283));
#9592=CARTESIAN_POINT('',(-0.0925804480934183,0.0418446144712317,0.0861313728125805));
#9593=CARTESIAN_POINT('',(0.116440442478818,0.0741324939481144,0.0858327675926009));
#9594=CARTESIAN_POINT('',(0.101324682376206,0.0562840860021462,0.084597416956611));
#9595=CARTESIAN_POINT('',(0.101297451109944,0.0563066651718973,0.0851087052332963));
#9596=CARTESIAN_POINT('',(0.101270374153789,0.0563294229803948,0.085619993839629));
#9597=CARTESIAN_POINT('',(0.101243450137717,0.0563523606022686,0.0861312824327994));
#9598=CARTESIAN_POINT('',(0.101324304938316,0.0562836490571499,0.0845974161503026));
#9599=CARTESIAN_POINT('',(0.101325432178556,0.056282943536889,0.0861313719304172));
#9600=CARTESIAN_POINT('',(0.101324800666411,0.056282875362565,0.0856200536842688));
#9601=CARTESIAN_POINT('',(0.101324548927738,0.0562832577243288,0.0851087349090114));
#9602=CARTESIAN_POINT('',(0.101324682376206,0.0562840860021462,0.084597416956611));
#9603=CARTESIAN_POINT('',(-0.102763453129294,0.0188432697318699,-0.0976583004032683));
#9604=CARTESIAN_POINT('',(-0.102763453129294,0.0565069515183345,-0.0976583004032683));
#9605=CARTESIAN_POINT('',(-0.102174416925201,0.0188432697318699,-0.103390443190619));
#9606=CARTESIAN_POINT('',(-0.102174416925201,0.0565069515183345,-0.103390443190619));
#9607=CARTESIAN_POINT('',(-0.101733831625107,0.0188432697318699,-0.10822526312102));
#9608=CARTESIAN_POINT('',(-0.101733831625107,0.0565069515183345,-0.10822526312102));
#9609=CARTESIAN_POINT('',(-0.101324304938317,0.0188432697318699,-0.1125295145363));
#9610=CARTESIAN_POINT('',(-0.101324304938317,0.0565069515183345,-0.1125295145363));
#9611=CARTESIAN_POINT('',(-0.101324304938316,-0.728963546195858,-0.112529514536299));
#9612=CARTESIAN_POINT('',(-0.101324304938316,0.0190665721930544,-0.112529514536299));
#9613=CARTESIAN_POINT('',(-0.101324304938317,0.0562836490571499,-0.112529514536299));
#9614=CARTESIAN_POINT('',(-0.101460943172865,0.0548384277619507,-0.111093404672381));
#9615=CARTESIAN_POINT('',(-0.101732252968839,0.0519702746588059,-0.108195013287695));
#9616=CARTESIAN_POINT('',(-0.102125450406819,0.0474971946985876,-0.10404766032262));
#9617=CARTESIAN_POINT('',(-0.102424464783079,0.0434544212072945,-0.101001829717918));
#9618=CARTESIAN_POINT('',(-0.102621012565355,0.0397766081826466,-0.099050616616537));
#9619=CARTESIAN_POINT('',(-0.102725848823625,0.0367856454705501,-0.0980241962472267));
#9620=CARTESIAN_POINT('',(-0.102760257856867,0.0336388160834461,-0.0976895985739279));
#9621=CARTESIAN_POINT('',(-0.102698986913823,0.0305156805406839,-0.0982857961162703));
#9622=CARTESIAN_POINT('',(-0.102546359809164,0.0277145331301627,-0.0997865019263745));
#9623=CARTESIAN_POINT('',(-0.102338809272207,0.0253802210836783,-0.1018702251834));
#9624=CARTESIAN_POINT('',(-0.102099414408911,0.0234079094204342,-0.104331812107617));
#9625=CARTESIAN_POINT('',(-0.101766318320619,0.0212166206610109,-0.10782855489826));
#9626=CARTESIAN_POINT('',(-0.101505110062305,0.0198883008597754,-0.110629197082234));
#9627=CARTESIAN_POINT('',(-0.101324304938317,0.0190665721930548,-0.1125295145363));
#9628=CARTESIAN_POINT('',(0.102760796455832,0.0188432697318706,-0.097684156461134));
#9629=CARTESIAN_POINT('',(0.102760796455832,0.0565069515183345,-0.097684156461134));
#9630=CARTESIAN_POINT('',(0.102173038966248,0.0188432697318706,-0.1034051503508));
#9631=CARTESIAN_POINT('',(0.102173038966248,0.0565069515183345,-0.1034051503508));
#9632=CARTESIAN_POINT('',(0.101733215736472,0.0188432697318706,-0.108231736299975));
#9633=CARTESIAN_POINT('',(0.101733215736472,0.0565069515183345,-0.108231736299975));
#9634=CARTESIAN_POINT('',(0.101324304938317,0.0188432697318706,-0.112529514536304));
#9635=CARTESIAN_POINT('',(0.101324304938317,0.0565069515183345,-0.112529514536304));
#9636=CARTESIAN_POINT('',(0.101324304938317,0.0190665721930552,-0.112529514536299));
#9637=CARTESIAN_POINT('',(0.101504537697893,0.0198856995604627,-0.110635212808212));
#9638=CARTESIAN_POINT('',(0.101853459401117,0.0216635622938159,-0.106892270382729));
#9639=CARTESIAN_POINT('',(0.102265758355426,0.0245763379512149,-0.102603914593737));
#9640=CARTESIAN_POINT('',(0.10254324853025,0.0276726013502644,-0.0998175048072672));
#9641=CARTESIAN_POINT('',(0.102695672448235,0.0304378781946919,-0.0983181756276705));
#9642=CARTESIAN_POINT('',(0.102759723814234,0.0335300064087981,-0.0976947720913027));
#9643=CARTESIAN_POINT('',(0.10272833111046,0.0366675358798968,-0.0980000571364391));
#9644=CARTESIAN_POINT('',(0.102628250115324,0.0396096274135611,-0.0989794574044627));
#9645=CARTESIAN_POINT('',(0.102434244922095,0.0433103630838227,-0.100903474482749));
#9646=CARTESIAN_POINT('',(0.10213387316074,0.0473973963708368,-0.10395970358112));
#9647=CARTESIAN_POINT('',(0.101736094558694,0.0519300224934271,-0.108153748938398));
#9648=CARTESIAN_POINT('',(0.101462280330058,0.0548242846631597,-0.11107935073909));
#9649=CARTESIAN_POINT('',(0.101324304938316,0.0562836490571499,-0.112529514536304));
#9650=CARTESIAN_POINT('',(0.101324304938317,0.0190665721930552,-0.112529514536299));
#9651=CARTESIAN_POINT('',(0.101324304938317,0.0562836490571499,-0.112529514536299));
#9652=CARTESIAN_POINT('',(0.101324304938317,-0.728963546195858,-0.112529514536299));
#9653=CARTESIAN_POINT('',(0.0347665107495449,0.0966903886814689,-0.101801325262992));
#9654=CARTESIAN_POINT('',(0.0347520189319637,0.0967035912536704,-0.101756078983131));
#9655=CARTESIAN_POINT('',(0.0347374905950395,0.0967168005765802,-0.101710834357043));
#9656=CARTESIAN_POINT('',(0.0347121805788454,0.0967397662212871,-0.101632205197716));
#9657=CARTESIAN_POINT('',(0.0347014094796804,0.0967495250706508,-0.10159882066974));
#9658=CARTESIAN_POINT('',(0.0346798071119721,0.0967690679231633,-0.101532055895083));
#9659=CARTESIAN_POINT('',(0.0346689845447937,0.0967788440617968,-0.101498674570874));
#9660=CARTESIAN_POINT('',(0.0346474038603388,0.096798308896662,-0.101431900785584));
#9661=CARTESIAN_POINT('',(0.034636643401507,0.0968079997744007,-0.101398508621518));
#9662=CARTESIAN_POINT('',(0.0346152302750735,0.0968272559674529,-0.101331707913054));
#9663=CARTESIAN_POINT('',(0.0346045730001426,0.0968368254332976,-0.101298299937693));
#9664=CARTESIAN_POINT('',(0.0345727250190818,0.0968653807482772,-0.101198056255744));
#9665=CARTESIAN_POINT('',(0.0345516552868637,0.0968842161211976,-0.101131201150202));
#9666=CARTESIAN_POINT('',(0.0345098327250619,0.0969214962526823,-0.100997440578996));
#9667=CARTESIAN_POINT('',(0.0344890789163193,0.0969399418623588,-0.100930535230635));
#9668=CARTESIAN_POINT('',(0.0344272451752931,0.0969947430145136,-0.100729750417781));
#9669=CARTESIAN_POINT('',(0.0343865895912457,0.0970305661680378,-0.100595802630766));
#9670=CARTESIAN_POINT('',(0.0342660916733883,0.0971361602121085,-0.100193720092594));
#9671=CARTESIAN_POINT('',(0.0341877048195052,0.0972040707319275,-0.0999253481689539));
#9672=CARTESIAN_POINT('',(0.033956992658397,0.0974018868213242,-0.0991194889650318));
#9673=CARTESIAN_POINT('',(0.0338090536106078,0.0975259465105546,-0.098581267538881));
#9674=CARTESIAN_POINT('',(0.0335207417522836,0.097763141521513,-0.0975034966289635));
#9675=CARTESIAN_POINT('',(0.0333803929681231,0.0978762509420634,-0.0969639436796447));
#9676=CARTESIAN_POINT('',(0.0329674367987429,0.0982029186311737,-0.0953438003773056));
#9677=CARTESIAN_POINT('',(0.0327025469721238,0.0984042417780567,-0.0942617821376761));
#9678=CARTESIAN_POINT('',(0.0321838799900054,0.0987850977641867,-0.0920954437127645));
#9679=CARTESIAN_POINT('',(0.031930244633439,0.0989644661528497,-0.0910111015899547));
#9680=CARTESIAN_POINT('',(0.0314290905422625,0.0993070058967616,-0.0888409221739932));
#9681=CARTESIAN_POINT('',(0.0311816282717411,0.0994701128948691,-0.0877550769350067));
#9682=CARTESIAN_POINT('',(0.0306897969689139,0.0997834314416502,-0.0855824120078268));
#9683=CARTESIAN_POINT('',(0.030445430617566,0.0999336220842612,-0.084495587250437));
#9684=CARTESIAN_POINT('',(0.0299571040150798,0.100223594933221,-0.0823213278809043));
#9685=CARTESIAN_POINT('',(0.029713242594634,0.100363304921386,-0.0812338912326054));
#9686=CARTESIAN_POINT('',(0.0289823811780377,0.10076758116924,-0.0779711430542596));
#9687=CARTESIAN_POINT('',(0.0284951638336429,0.101017710921671,-0.0757954887079563));
#9688=CARTESIAN_POINT('',(0.027540605977646,0.101475036028104,-0.0714437171256166));
#9689=CARTESIAN_POINT('',(0.0270732795509247,0.101682327838194,-0.0692675535170324));
#9690=CARTESIAN_POINT('',(0.0261760211872756,0.102054808492816,-0.0649139404264497));
#9691=CARTESIAN_POINT('',(0.0257461966071591,0.102220037401562,-0.0627364864585953));
#9692=CARTESIAN_POINT('',(0.0252118266035329,0.102413498715904,-0.0598317780185576));
#9693=CARTESIAN_POINT('',(0.0250814301290974,0.102459623406751,-0.0591054793958436));
#9694=CARTESIAN_POINT('',(0.0249546753816476,0.102503547815293,-0.0583790452804555));
#9695=CARTESIAN_POINT('',(0.0346061226162082,0.0968365081532303,-0.10185054787679));
#9696=CARTESIAN_POINT('',(0.0345916746955765,0.0968494749231664,-0.101805296313703));
#9697=CARTESIAN_POINT('',(0.0345771903822603,0.0968624483803707,-0.101760042383006));
#9698=CARTESIAN_POINT('',(0.0345519563773637,0.0968850046963072,-0.101681382975093));
#9699=CARTESIAN_POINT('',(0.0345412187934963,0.0968945886002897,-0.101647994747076));
#9700=CARTESIAN_POINT('',(0.0345196875906253,0.0969137776491916,-0.101581256772235));
#9701=CARTESIAN_POINT('',(0.0345088990032587,0.096923378351366,-0.1015478702587));
#9702=CARTESIAN_POINT('',(0.0344873523706249,0.096942524307371,-0.101480750879892));
#9703=CARTESIAN_POINT('',(0.0344765977520244,0.0969520665053912,-0.101447074596154));
#9704=CARTESIAN_POINT('',(0.0344552106428834,0.0969710143145726,-0.101379842320504));
#9705=CARTESIAN_POINT('',(0.0344445702988218,0.0969804269490446,-0.101346255144292));
#9706=CARTESIAN_POINT('',(0.0344127722597641,0.0970085149301245,-0.101245460562629));
#9707=CARTESIAN_POINT('',(0.0343917327569614,0.0970270446680688,-0.101178201584886));
#9708=CARTESIAN_POINT('',(0.0343499790990397,0.0970637120613208,-0.101043704164415));
#9709=CARTESIAN_POINT('',(0.0343292631441617,0.0970818512963616,-0.100976457794633));
#9710=CARTESIAN_POINT('',(0.0342675476997687,0.0971357376038918,-0.10077468039873));
#9711=CARTESIAN_POINT('',(0.0342269760912608,0.0971709576088146,-0.100640099903287));
#9712=CARTESIAN_POINT('',(0.0341067470474246,0.0972747574827519,-0.100236231355215));
#9713=CARTESIAN_POINT('',(0.0340285642358512,0.0973414900820314,-0.0999668407626486));
#9714=CARTESIAN_POINT('',(0.033798508323342,0.0975358328478642,-0.0991581859386688));
#9715=CARTESIAN_POINT('',(0.0336510662463484,0.0976576560191981,-0.0986184558053296));
#9716=CARTESIAN_POINT('',(0.0333638285551044,0.097890503770789,-0.0975380792646777));
#9717=CARTESIAN_POINT('',(0.0332240560865639,0.0980015035742664,-0.0969974192300031));
#9718=CARTESIAN_POINT('',(0.0328129206301732,0.0983220025276479,-0.0953743303226587));
#9719=CARTESIAN_POINT('',(0.0325493638444445,0.0985194233404275,-0.0942908235506523));
#9720=CARTESIAN_POINT('',(0.0320335387193437,0.0988927884940034,-0.0921219536830955));
#9721=CARTESIAN_POINT('',(0.0317814133754521,0.0990685697076919,-0.0910365788002445));
#9722=CARTESIAN_POINT('',(0.031283429912602,0.0994041899329265,-0.0888645999970768));
#9723=CARTESIAN_POINT('',(0.0310376284986552,0.0995639652952121,-0.0877779905608641));
#9724=CARTESIAN_POINT('',(0.030549252535499,0.0998708421825214,-0.0856039657668303));
#9725=CARTESIAN_POINT('',(0.0303066810660793,0.100017922866665,-0.0845165475841226));
#9726=CARTESIAN_POINT('',(0.0298220706377088,0.100301869783782,-0.0823412304425032));
#9727=CARTESIAN_POINT('',(0.029580129771266,0.100438665133572,-0.0812533267622923));
#9728=CARTESIAN_POINT('',(0.0288551765958162,0.100834502898796,-0.0779891923812573));
#9729=CARTESIAN_POINT('',(0.0283720995746806,0.101079409255782,-0.0758125895220023));
#9730=CARTESIAN_POINT('',(0.0274258733845028,0.101527263244514,-0.0714589397406136));
#9731=CARTESIAN_POINT('',(0.0269627382003614,0.101730303354492,-0.0692818483663829));
#9732=CARTESIAN_POINT('',(0.0260735840057384,0.102095258408205,-0.064926386446059));
#9733=CARTESIAN_POINT('',(0.0256476738881177,0.102257210428667,-0.0627480121621307));
#9734=CARTESIAN_POINT('',(0.0251181488333955,0.102446901572583,-0.0598420853716332));
#9735=CARTESIAN_POINT('',(0.0249889317637202,0.102492133945339,-0.059115482964349));
#9736=CARTESIAN_POINT('',(0.0248633206426738,0.102535214250955,-0.0583887457987324));
#9737=CARTESIAN_POINT('',(0.0344483791422547,0.0969768863763582,-0.101898449793963));
#9738=CARTESIAN_POINT('',(0.0344339784250651,0.0969896238593348,-0.101853192738848));
#9739=CARTESIAN_POINT('',(0.0344195414754613,0.0970023679483577,-0.101807929392384));
#9740=CARTESIAN_POINT('',(0.034394389413275,0.0970245261094306,-0.101729239884254));
#9741=CARTESIAN_POINT('',(0.0343836877969246,0.0970339399216461,-0.101695847790132));
#9742=CARTESIAN_POINT('',(0.0343622322164063,0.0970527854284033,-0.101629135487004));
#9743=CARTESIAN_POINT('',(0.0343514797719531,0.0970622158228486,-0.101595743743112));
#9744=CARTESIAN_POINT('',(0.0343299726368325,0.0970810508610474,-0.101528287446745));
#9745=CARTESIAN_POINT('',(0.0343192269356974,0.0970904476088175,-0.101494334295064));
#9746=CARTESIAN_POINT('',(0.0342978715074657,0.0971090943975557,-0.101426681396927));
#9747=CARTESIAN_POINT('',(0.0342872507868218,0.0971183541218641,-0.10139291954221));
#9748=CARTESIAN_POINT('',(0.0342555107636323,0.0971459864254556,-0.101291587990011));
#9749=CARTESIAN_POINT('',(0.0342345069309683,0.097164218029861,-0.101223935402021));
#9750=CARTESIAN_POINT('',(0.034192832704185,0.0972002881100784,-0.101088719836842));
#9751=CARTESIAN_POINT('',(0.0341721597165012,0.0972181288404411,-0.101021141098434));
#9752=CARTESIAN_POINT('',(0.0341105776448008,0.0972711240351896,-0.100818396322204));
#9753=CARTESIAN_POINT('',(0.0340700997503196,0.0973057567968176,-0.100683199215728));
#9754=CARTESIAN_POINT('',(0.0339501678570536,0.0974078106327775,-0.100277590137501));
#9755=CARTESIAN_POINT('',(0.0338722066187243,0.0974733981017272,-0.100007206853054));
#9756=CARTESIAN_POINT('',(0.033642856864604,0.0976643664033777,-0.099195827790021));
#9757=CARTESIAN_POINT('',(0.03349594144703,0.0977840196746949,-0.0986546275895628));
#9758=CARTESIAN_POINT('',(0.0332098322669932,0.0980126535166674,-0.0975717121863743));
#9759=CARTESIAN_POINT('',(0.033070660793155,0.0981216103724182,-0.097029973467101));
#9760=CARTESIAN_POINT('',(0.0326614141213853,0.0984361399223024,-0.0954040145342221));
#9761=CARTESIAN_POINT('',(0.032399227992066,0.0986297902995831,-0.0943190574250332));
#9762=CARTESIAN_POINT('',(0.0318863081694274,0.098995925400884,-0.092147720968166));
#9763=CARTESIAN_POINT('',(0.0316357185950099,0.0991682483535758,-0.0910613397280536));
#9764=CARTESIAN_POINT('',(0.0311409468481875,0.0994972037159389,-0.0888876074267911));
#9765=CARTESIAN_POINT('',(0.0308968215992872,0.0996537731828391,-0.0878002532189606));
#9766=CARTESIAN_POINT('',(0.0304119217440155,0.0999544564734817,-0.0856249030583652));
#9767=CARTESIAN_POINT('',(0.0301711506020852,0.100098549534188,-0.0845369064638997));
#9768=CARTESIAN_POINT('',(0.029690257552567,0.100376711769042,-0.0823605582329531));
#9769=CARTESIAN_POINT('',(0.0294502329994781,0.100510711348526,-0.0812721992729401));
#9770=CARTESIAN_POINT('',(0.0287311611070777,0.100898460110048,-0.0780067141057703));
#9771=CARTESIAN_POINT('',(0.0282521871962572,0.101138366760001,-0.0758291878266879));
#9772=CARTESIAN_POINT('',(0.0273141868064979,0.101577163788124,-0.071473711261239));
#9773=CARTESIAN_POINT('',(0.026855174429541,0.101776142847198,-0.0692957183716246));
#9774=CARTESIAN_POINT('',(0.0259739703455778,0.102133913680918,-0.0649384612639382));
#9775=CARTESIAN_POINT('',(0.0255518891739554,0.102292739772924,-0.0627591940207754));
#9776=CARTESIAN_POINT('',(0.0250270949225703,0.102478835257508,-0.0598520854510133));
#9777=CARTESIAN_POINT('',(0.0248990287400836,0.102523216668997,-0.0591251884059764));
#9778=CARTESIAN_POINT('',(0.0247745329957914,0.102565492030119,-0.0583981573321398));
#9779=CARTESIAN_POINT('',(0.0341309663325788,0.0972482040726031,-0.101993134507521));
#9780=CARTESIAN_POINT('',(0.0341166735673536,0.0972604924550783,-0.101947866030285));
#9781=CARTESIAN_POINT('',(0.0341023457508654,0.0972727867614751,-0.101902583276101));
#9782=CARTESIAN_POINT('',(0.0340773856597367,0.0972941622355453,-0.101823832072084));
#9783=CARTESIAN_POINT('',(0.034066766528277,0.0973032425807149,-0.101790431766056));
#9784=CARTESIAN_POINT('',(0.0340454729212042,0.0973214214589209,-0.101723771858805));
#9785=CARTESIAN_POINT('',(0.0340347959495816,0.0973305230732432,-0.10169037122665));
#9786=CARTESIAN_POINT('',(0.0340133934592561,0.0973487482406354,-0.101622247077855));
#9787=CARTESIAN_POINT('',(0.0340026844963722,0.0973578563949348,-0.101587744212882));
#9788=CARTESIAN_POINT('',(0.0339814229103137,0.0973759100119079,-0.101519256816144));
#9789=CARTESIAN_POINT('',(0.0339708547344827,0.0973848694532684,-0.101485148625216));
#9790=CARTESIAN_POINT('',(0.033939271465409,0.0974116063670755,-0.101382752287752));
#9791=CARTESIAN_POINT('',(0.0339183682485037,0.0974292508765247,-0.101314318884176));
#9792=CARTESIAN_POINT('',(0.0338769078199688,0.0974641464510383,-0.101177679093748));
#9793=CARTESIAN_POINT('',(0.0338563468636982,0.0974814008601235,-0.101109441352668));
#9794=CARTESIAN_POINT('',(0.0337951084464969,0.0975326461937291,-0.100904778613419));
#9795=CARTESIAN_POINT('',(0.0337548680358997,0.0975661260747629,-0.10076835905018));
#9796=CARTESIAN_POINT('',(0.0336356751906529,0.0976647540596265,-0.10035929970936));
#9797=CARTESIAN_POINT('',(0.0335582451089204,0.0977280980639763,-0.100086949363936));
#9798=CARTESIAN_POINT('',(0.033330558104364,0.09791246016867,-0.0992701728749822));
#9799=CARTESIAN_POINT('',(0.033184844306898,0.0980278723010178,-0.0987260612996832));
#9800=CARTESIAN_POINT('',(0.0329012631777186,0.0982482799608955,-0.0976381192257045));
#9801=CARTESIAN_POINT('',(0.0327634170373809,0.0983532534993109,-0.0970942455267858));
#9802=CARTESIAN_POINT('',(0.032358290762171,0.0986561549122927,-0.0954626074200451));
#9803=CARTESIAN_POINT('',(0.0320990392437846,0.098842475236712,-0.0943747822057893));
#9804=CARTESIAN_POINT('',(0.0315922704276378,0.0991945732434822,-0.0921985696799073));
#9805=CARTESIAN_POINT('',(0.0313448990627102,0.0993601919739074,-0.0911102001185081));
#9806=CARTESIAN_POINT('',(0.0308568078140555,0.0996762411689631,-0.0889330047753877));
#9807=CARTESIAN_POINT('',(0.0306161451704058,0.0998266101190932,-0.0878441805469184));
#9808=CARTESIAN_POINT('',(0.0301383876060333,0.100115325790793,-0.0856662157190289));
#9809=CARTESIAN_POINT('',(0.0299012968435738,0.100253651939984,-0.0845770788008052));
#9810=CARTESIAN_POINT('',(0.029427971099779,0.10052065742033,-0.0823986991769029));
#9811=CARTESIAN_POINT('',(0.0291918319925247,0.100649269663161,-0.0813094440106517));
#9812=CARTESIAN_POINT('',(0.0284846461750595,0.10102144223217,-0.0780413011222411));
#9813=CARTESIAN_POINT('',(0.0280139145034482,0.101251736518113,-0.075861959420957));
#9814=CARTESIAN_POINT('',(0.0270923675250589,0.10167313569315,-0.0715028923981267));
#9815=CARTESIAN_POINT('',(0.0266415668386345,0.101864322061383,-0.0693231281101233));
#9816=CARTESIAN_POINT('',(0.0257761580299149,0.102208312023006,-0.0649623417435369));
#9817=CARTESIAN_POINT('',(0.025361663639176,0.102361144894313,-0.062781318061339));
#9818=CARTESIAN_POINT('',(0.0248462313816929,0.102540346624438,-0.0598718821910732));
#9819=CARTESIAN_POINT('',(0.0247204417823977,0.102583096487552,-0.059144404663357));
#9820=CARTESIAN_POINT('',(0.0245981516322596,0.102623828467715,-0.0584167942870336));
#9821=CARTESIAN_POINT('',(0.033971313939939,0.0973791423242742,-0.102039914275849));
#9822=CARTESIAN_POINT('',(0.0339570818981684,0.0973912109037747,-0.101994639870402));
#9823=CARTESIAN_POINT('',(0.033942815820587,0.097403284812571,-0.101949347128278));
#9824=CARTESIAN_POINT('',(0.0339179656856631,0.097424275805969,-0.101870564343087));
#9825=CARTESIAN_POINT('',(0.0339073930493212,0.0974331927881532,-0.101837159693955));
#9826=CARTESIAN_POINT('',(0.0338861858143035,0.097451048527574,-0.101770526491264));
#9827=CARTESIAN_POINT('',(0.0338755481983904,0.097459991623644,-0.101737122186989));
#9828=CARTESIAN_POINT('',(0.0338542108015528,0.0974779178526559,-0.101668667130209));
#9829=CARTESIAN_POINT('',(0.0338435295995684,0.0974868829039543,-0.101633891450976));
#9830=CARTESIAN_POINT('',(0.0338223300933342,0.0975046444125254,-0.101564990219279));
#9831=CARTESIAN_POINT('',(0.033811794808136,0.0975134564929224,-0.101530710385683));
#9832=CARTESIAN_POINT('',(0.033780310179367,0.0975397537361123,-0.101427786281236));
#9833=CARTESIAN_POINT('',(0.0337594718297753,0.0975571093256344,-0.101358965710621));
#9834=CARTESIAN_POINT('',(0.0337181456281882,0.0975914277755902,-0.101221619906456));
#9835=CARTESIAN_POINT('',(0.0336976536719415,0.0976083943970153,-0.101153055561097));
#9836=CARTESIAN_POINT('',(0.0336366253474546,0.0976587810674934,-0.100947442325451));
#9837=CARTESIAN_POINT('',(0.0335965285819888,0.0976916953692115,-0.100810416971828));
#9838=CARTESIAN_POINT('',(0.0334777772760846,0.0977886437049477,-0.100399648052905));
#9839=CARTESIAN_POINT('',(0.0334006565673721,0.097850889464026,-0.100126323422056));
#9840=CARTESIAN_POINT('',(0.0331739255579594,0.0980320200844128,-0.099306873973008));
#9841=CARTESIAN_POINT('',(0.0330288863738613,0.0981453611150322,-0.0987613212072856));
#9842=CARTESIAN_POINT('',(0.0327467041612783,0.0983617567308299,-0.0976708915201773));
#9843=CARTESIAN_POINT('',(0.0326095820803476,0.0984647899946558,-0.0971259616057869));
#9844=CARTESIAN_POINT('',(0.0322066866485482,0.0987620329178736,-0.0954915145558621));
#9845=CARTESIAN_POINT('',(0.0319489986626805,0.0989447937332005,-0.0944022716680757));
#9846=CARTESIAN_POINT('',(0.0314454748149882,0.0992900848541515,-0.0922236498136477));
#9847=CARTESIAN_POINT('',(0.0311997855777573,0.0994524576707165,-0.0911342983440343));
#9848=CARTESIAN_POINT('',(0.0307151625659225,0.0997622656159118,-0.0889553935464418));
#9849=CARTESIAN_POINT('',(0.0304762861297854,0.099909639951629,-0.0878658441022124));
#9850=CARTESIAN_POINT('',(0.0300021943436584,0.100192581587969,-0.085686590025837));
#9851=CARTESIAN_POINT('',(0.0297669834613279,0.100328128428874,-0.0845968912144194));
#9852=CARTESIAN_POINT('',(0.0292975073490835,0.100589761778171,-0.0824175113134815));
#9853=CARTESIAN_POINT('',(0.0290633372507821,0.100715782416035,-0.081327815228741));
#9854=CARTESIAN_POINT('',(0.0283621559056657,0.101080467665147,-0.0780583654246821));
#9855=CARTESIAN_POINT('',(0.0278955632155373,0.10130614918752,-0.0758781317305274));
#9856=CARTESIAN_POINT('',(0.0269822436244931,0.101719207261603,-0.0715173010562437));
#9857=CARTESIAN_POINT('',(0.0265355317454408,0.101906661887435,-0.0693366668974423));
#9858=CARTESIAN_POINT('',(0.025677967964069,0.1022440550202,-0.0649741464981273));
#9859=CARTESIAN_POINT('',(0.0252672313480711,0.102394020524217,-0.0627922593625157));
#9860=CARTESIAN_POINT('',(0.0247564301950661,0.102569924079282,-0.0598816780194054));
#9861=CARTESIAN_POINT('',(0.0246317662694457,0.102611893337087,-0.059153914660021));
#9862=CARTESIAN_POINT('',(0.0245105663137635,0.102651886864212,-0.0584260189038326));
#9863=CARTESIAN_POINT('',(0.0336454219968853,0.0976330170579387,-0.10213335596048));
#9864=CARTESIAN_POINT('',(0.0336313286873633,0.0976446537793733,-0.102088069459228));
#9865=CARTESIAN_POINT('',(0.0336172043311676,0.0976562941750832,-0.102042756273532));
#9866=CARTESIAN_POINT('',(0.033592609207923,0.0976765271254794,-0.101963908700047));
#9867=CARTESIAN_POINT('',(0.0335821429198991,0.0976851228436635,-0.101930495036159));
#9868=CARTESIAN_POINT('',(0.0335611236849785,0.097702349570235,-0.101863917401059));
#9869=CARTESIAN_POINT('',(0.0335505701459681,0.097710985800212,-0.101830507492537));
#9870=CARTESIAN_POINT('',(0.033529396472806,0.0977283248365068,-0.101761389599854));
#9871=CARTESIAN_POINT('',(0.0335187947805416,0.0977370060111454,-0.101726066378413));
#9872=CARTESIAN_POINT('',(0.0334977586524838,0.0977541914165019,-0.101656335335182));
#9873=CARTESIAN_POINT('',(0.0334873064283136,0.0977627137223812,-0.101621711591226));
#9874=CARTESIAN_POINT('',(0.0334560718589043,0.0977881459116464,-0.101517729875747));
#9875=CARTESIAN_POINT('',(0.0334354009001595,0.097804931949282,-0.101448133080884));
#9876=CARTESIAN_POINT('',(0.0333944140515793,0.0978381141202108,-0.10130937226009));
#9877=CARTESIAN_POINT('',(0.033374093857919,0.097854514635814,-0.101240153506674));
#9878=CARTESIAN_POINT('',(0.0333135852172615,0.0979032125655646,-0.101032635920629));
#9879=CARTESIAN_POINT('',(0.0332738404348984,0.0979350147003318,-0.100894396923086));
#9880=CARTESIAN_POINT('',(0.0331561593773774,0.0980286616819395,-0.100480203537444));
#9881=CARTESIAN_POINT('',(0.033079771492411,0.0980887515109205,-0.100204928247696));
#9882=CARTESIAN_POINT('',(0.0328552773275231,0.0982635424574227,-0.0993801281400028));
#9883=CARTESIAN_POINT('',(0.0327117801714875,0.0983728259620241,-0.0988316919895666));
#9884=CARTESIAN_POINT('',(0.0324327493822411,0.0985813703336728,-0.0977362871570283));
#9885=CARTESIAN_POINT('',(0.0322972369270343,0.0986806108745423,-0.097189245769382));
#9886=CARTESIAN_POINT('',(0.0318992539770076,0.098966802855,-0.0955491851560068));
#9887=CARTESIAN_POINT('',(0.0316449499576967,0.0991426253047293,-0.0944571115715096));
#9888=CARTESIAN_POINT('',(0.0311483744098338,0.0994746656977566,-0.0922736814525676));
#9889=CARTESIAN_POINT('',(0.0309062503304724,0.0996307291500362,-0.0911823719744091));
#9890=CARTESIAN_POINT('',(0.0304289234991757,0.0999284189814896,-0.0890000605206529));
#9891=CARTESIAN_POINT('',(0.0301937781264227,0.100069986022122,-0.0879090671003881));
#9892=CARTESIAN_POINT('',(0.0297273011034275,0.100341741013018,-0.0857272479254685));
#9893=CARTESIAN_POINT('',(0.0294959744455437,0.100471908758163,-0.0846364322769666));
#9894=CARTESIAN_POINT('',(0.0290344176447324,0.100723153268249,-0.0824550662370012));
#9895=CARTESIAN_POINT('',(0.0288042811333047,0.100844166542833,-0.0813644957791683));
#9896=CARTESIAN_POINT('',(0.0281153595794516,0.101194395082708,-0.0780924552566261));
#9897=CARTESIAN_POINT('',(0.0276571649971259,0.101411183756948,-0.0759104541015153));
#9898=CARTESIAN_POINT('',(0.026760470018634,0.101808173342598,-0.0715461277252516));
#9899=CARTESIAN_POINT('',(0.0263219856273964,0.101988445889873,-0.0693637688959705));
#9900=CARTESIAN_POINT('',(0.0254801729193516,0.102313145571986,-0.0649978059093569));
#9901=CARTESIAN_POINT('',(0.0250769627593448,0.102457595575876,-0.0628142023063726));
#9902=CARTESIAN_POINT('',(0.0245754286818303,0.102627154200289,-0.0599013393368362));
#9903=CARTESIAN_POINT('',(0.0244530166414084,0.102667621630309,-0.059173006240164));
#9904=CARTESIAN_POINT('',(0.0243339971206075,0.102706194305919,-0.0584445412472445));
#9905=CARTESIAN_POINT('',(0.033479199389554,0.0977559523184863,-0.102180014848726));
#9906=CARTESIAN_POINT('',(0.0334651840637582,0.0977673769953968,-0.102134722181762));
#9907=CARTESIAN_POINT('',(0.0334511396595451,0.0977788042924652,-0.102089398544448));
#9908=CARTESIAN_POINT('',(0.0334266895196326,0.0977986637319984,-0.102010517778336));
#9909=CARTESIAN_POINT('',(0.0334162830625529,0.0978071015614614,-0.101977099445494));
#9910=CARTESIAN_POINT('',(0.0333953654766366,0.09782402236159,-0.101910550653823));
#9911=CARTESIAN_POINT('',(0.0333848566846117,0.0978325101978681,-0.101877138798959));
#9912=CARTESIAN_POINT('',(0.0333637815878433,0.0978495609944462,-0.101807689005241));
#9913=CARTESIAN_POINT('',(0.0333532315845129,0.0978581014356453,-0.101772091086942));
#9914=CARTESIAN_POINT('',(0.0333322966733676,0.0978750028891093,-0.10170194410829));
#9915=CARTESIAN_POINT('',(0.0333218945888304,0.0978833827932551,-0.10166714811168));
#9916=CARTESIAN_POINT('',(0.0332908113405331,0.0979083896408919,-0.101562636599901));
#9917=CARTESIAN_POINT('',(0.0332702428270152,0.0979248950880583,-0.101492650786128));
#9918=CARTESIAN_POINT('',(0.0332294609643319,0.097957518172629,-0.101353181029244));
#9919=CARTESIAN_POINT('',(0.0332092434690391,0.0979736403990097,-0.101283634501816));
#9920=CARTESIAN_POINT('',(0.0331490442304043,0.098021508336394,-0.101075163148065));
#9921=CARTESIAN_POINT('',(0.0331095076612865,0.0980527639415097,-0.100936316352332));
#9922=CARTESIAN_POINT('',(0.0329924549546998,0.0981447893821078,-0.100520408232411));
#9923=CARTESIAN_POINT('',(0.032916490310127,0.0982038216152615,-0.10024415665286));
#9924=CARTESIAN_POINT('',(0.0326932763985886,0.0983755046206538,-0.0994166790733886));
#9925=CARTESIAN_POINT('',(0.0325506463099273,0.09848280183819,-0.0988668008459603));
#9926=CARTESIAN_POINT('',(0.0322733674043674,0.0986875072381659,-0.0977689086762454));
#9927=CARTESIAN_POINT('',(0.0321387402360861,0.098784895425688,-0.09722081211039));
#9928=CARTESIAN_POINT('',(0.0317434381558934,0.0990656951967906,-0.0955779470818919));
#9929=CARTESIAN_POINT('',(0.0314909541486157,0.0992381388982847,-0.0944844605685683));
#9930=CARTESIAN_POINT('',(0.0309980811965527,0.099563735605644,-0.0922986316648166));
#9931=CARTESIAN_POINT('',(0.0307578398350451,0.0997167356549082,-0.0912063461421384));
#9932=CARTESIAN_POINT('',(0.0302843404021462,0.100008548677055,-0.0890223375759815));
#9933=CARTESIAN_POINT('',(0.0300511396525733,0.100147303043988,-0.0879306254287025));
#9934=CARTESIAN_POINT('',(0.0295886112096952,0.100413645411717,-0.0857475304559711));
#9935=CARTESIAN_POINT('',(0.0293592887242765,0.100541213349179,-0.0846561598823853));
#9936=CARTESIAN_POINT('',(0.0289018013080274,0.100787441092301,-0.0824738080070209));
#9937=CARTESIAN_POINT('',(0.0286737292509929,0.100906038569949,-0.0813828041025316));
#9938=CARTESIAN_POINT('',(0.0279910626965171,0.1012492975894,-0.0781094797966121));
#9939=CARTESIAN_POINT('',(0.0275371270931002,0.101461806072484,-0.0759266031829196));
#9940=CARTESIAN_POINT('',(0.026648829116209,0.101851068062177,-0.0715605447779972));
#9941=CARTESIAN_POINT('',(0.0262144833294382,0.102027890170831,-0.0693773311612415));
#9942=CARTESIAN_POINT('',(0.0253805765301363,0.102346493054396,-0.065009659658867));
#9943=CARTESIAN_POINT('',(0.0249811349912356,0.102488294850403,-0.0628252030683104));
#9944=CARTESIAN_POINT('',(0.0244842367986465,0.102654806639291,-0.0599112039935872));
#9945=CARTESIAN_POINT('',(0.0243629509474204,0.102694552828634,-0.0591825870045536));
#9946=CARTESIAN_POINT('',(0.0242450216441009,0.102732443089193,-0.0584538381691702));
#9947=CARTESIAN_POINT('',(0.0331375174270018,0.0979946903695839,-0.102273791936107));
#9948=CARTESIAN_POINT('',(0.0331236767045841,0.0980056984733057,-0.102228487055932));
#9949=CARTESIAN_POINT('',(0.0331098113740772,0.0980167070142542,-0.102183142490115));
#9950=CARTESIAN_POINT('',(0.033085686413106,0.0980358320197954,-0.102104194780174));
#9951=CARTESIAN_POINT('',(0.0330754136592202,0.0980439596220984,-0.102070767144416));
#9952=CARTESIAN_POINT('',(0.0330547211972956,0.0980602811953449,-0.102004277728756));
#9953=CARTESIAN_POINT('',(0.0330443119355247,0.0980684789743779,-0.101970862856642));
#9954=CARTESIAN_POINT('',(0.0330234702651301,0.0980849649034993,-0.101900744744649));
#9955=CARTESIAN_POINT('',(0.0330130469643001,0.0980932291166716,-0.101864593132329));
#9956=CARTESIAN_POINT('',(0.032992354634805,0.0981095737531683,-0.101793608191368));
#9957=CARTESIAN_POINT('',(0.0329820711443802,0.0981176745480937,-0.101758465315439));
#9958=CARTESIAN_POINT('',(0.0329513459893238,0.0981418476579288,-0.101652886842882));
#9959=CARTESIAN_POINT('',(0.0329310208957242,0.0981578029468738,-0.101582117404356));
#9960=CARTESIAN_POINT('',(0.0328907224339611,0.0981893300787358,-0.101441219886716));
#9961=CARTESIAN_POINT('',(0.0328707456128445,0.0982049068847846,-0.101371013362133));
#9962=CARTESIAN_POINT('',(0.0328112691491818,0.098251148236962,-0.101160621651217));
#9963=CARTESIAN_POINT('',(0.0327722163857931,0.0982813328949721,-0.101020551197506));
#9964=CARTESIAN_POINT('',(0.0326566156620304,0.0983701814279409,-0.100601191305072));
#9965=CARTESIAN_POINT('',(0.0325816174935502,0.0984271424950585,-0.100322975190017));
#9966=CARTESIAN_POINT('',(0.0323613062456466,0.0985927410759987,-0.0994901108003179));
#9967=CARTESIAN_POINT('',(0.0322206142834143,0.0986961526131042,-0.0989373326556994));
#9968=CARTESIAN_POINT('',(0.0319472154563025,0.0988933530811546,-0.0978344401837004));
#9969=CARTESIAN_POINT('',(0.0318145316489971,0.0989871226043722,-0.0972842232209433));
#9970=CARTESIAN_POINT('',(0.0314250759475434,0.0992573949247396,-0.0956357242936957));
#9971=CARTESIAN_POINT('',(0.0311765115097456,0.0994232509656828,-0.0945394015369433));
#9972=CARTESIAN_POINT('',(0.0306915480626269,0.0997362969573844,-0.0923487597820871));
#9973=CARTESIAN_POINT('',(0.0304552963404411,0.0998833370025916,-0.0912545174339083));
#9974=CARTESIAN_POINT('',(0.029989859252347,0.100163726453944,-0.0890671084592078));
#9975=CARTESIAN_POINT('',(0.0297607309318047,0.100297018710479,-0.0879739574434335));
#9976=CARTESIAN_POINT('',(0.0293064335327328,0.100552857928834,-0.0857883102015629));
#9977=CARTESIAN_POINT('',(0.0290812700017391,0.100675385123942,-0.0846958305517637));
#9978=CARTESIAN_POINT('',(0.0286321957152862,0.100911892152638,-0.0825115104081786));
#9979=CARTESIAN_POINT('',(0.0284083762881534,0.101025811936554,-0.0814196421918621));
#9980=CARTESIAN_POINT('',(0.0277385580546127,0.101355583414706,-0.0781437583150078));
#9981=CARTESIAN_POINT('',(0.0272933230790491,0.101559819190169,-0.0759591359882783));
#9982=CARTESIAN_POINT('',(0.0264221186119552,0.101934153909407,-0.0715896211268081));
#9983=CARTESIAN_POINT('',(0.0259961669852756,0.102104315703895,-0.0694047003612094));
#9984=CARTESIAN_POINT('',(0.0251782661724038,0.102411151325891,-0.0650336109571874));
#9985=CARTESIAN_POINT('',(0.024786438820201,0.102547842822037,-0.0628474451408463));
#9986=CARTESIAN_POINT('',(0.02429890029903,0.102708474085645,-0.0599311646332232));
#9987=CARTESIAN_POINT('',(0.0241798876926546,0.102746828115741,-0.0592019771285043));
#9988=CARTESIAN_POINT('',(0.024064158675176,0.102783401033036,-0.0584726574584809));
#9989=CARTESIAN_POINT('',(0.0329620750148634,0.0981104919386881,-0.102320907107185));
#9990=CARTESIAN_POINT('',(0.0329483308870301,0.0981212955243124,-0.102275596181392));
#9991=CARTESIAN_POINT('',(0.0329345646477501,0.0981320984246271,-0.102230241142703));
#9992=CARTESIAN_POINT('',(0.0329106198102461,0.0981508625585058,-0.102151259696056));
#9993=CARTESIAN_POINT('',(0.0329004209063539,0.0981588378346634,-0.102117827429033));
#9994=CARTESIAN_POINT('',(0.0328798519403789,0.0981748660550918,-0.102051368526352));
#9995=CARTESIAN_POINT('',(0.0328694974876688,0.0981829221247205,-0.102017952569116));
#9996=CARTESIAN_POINT('',(0.0328487906134604,0.0981991314407218,-0.101947498066764));
#9997=CARTESIAN_POINT('',(0.0328384422663104,0.0982072601995262,-0.101911067488374));
#9998=CARTESIAN_POINT('',(0.0328178912201133,0.0982233320138684,-0.101839660561677));
#9999=CARTESIAN_POINT('',(0.0328076761534057,0.0982312961131274,-0.101804343074122));
#10000=CARTESIAN_POINT('',(0.032777157672535,0.0982550608684682,-0.101698227484834));
#10001=CARTESIAN_POINT('',(0.0327569734753205,0.0982707466311513,-0.101627063478766));
#10002=CARTESIAN_POINT('',(0.0327169532884186,0.0983017369647738,-0.101485447203263));
#10003=CARTESIAN_POINT('',(0.0326971143789158,0.0983170466686526,-0.101414908485302));
#10004=CARTESIAN_POINT('',(0.0326380510991101,0.0983624915132232,-0.101203550271224));
#10005=CARTESIAN_POINT('',(0.0325992738034793,0.0983921518117627,-0.101062864013069));
#10006=CARTESIAN_POINT('',(0.0324844963535,0.0984794451421033,-0.100641767236738));
#10007=CARTESIAN_POINT('',(0.0324100412103862,0.0985353927280108,-0.100362562959653));
#10008=CARTESIAN_POINT('',(0.0321913517767364,0.0986980150740764,-0.0995269894582781));
#10009=CARTESIAN_POINT('',(0.0320517305262383,0.0987995273550409,-0.09897275359076));
#10010=CARTESIAN_POINT('',(0.0317804592708346,0.0989930620912349,-0.0978673483487773));
#10011=CARTESIAN_POINT('',(0.0316488332581881,0.0990850653985147,-0.0973160662469026));
#10012=CARTESIAN_POINT('',(0.0312625422971112,0.0993502027211432,-0.0956647380411716));
#10013=CARTESIAN_POINT('',(0.0310160769947551,0.0995128499580406,-0.0945669920641708));
#10014=CARTESIAN_POINT('',(0.030535319721206,0.0998197890761889,-0.0923739363941781));
#10015=CARTESIAN_POINT('',(0.0303011746081692,0.0999639325677642,-0.0912787133208297));
#10016=CARTESIAN_POINT('',(0.0298399719211617,0.100238775312204,-0.0890896011392772));
#10017=CARTESIAN_POINT('',(0.0296129711737784,0.100369418139012,-0.0879957300152829));
#10018=CARTESIAN_POINT('',(0.0291629558336267,0.100620166818078,-0.0858088063543315));
#10019=CARTESIAN_POINT('',(0.0289399469127401,0.100740253058308,-0.0847157725722091));
#10020=CARTESIAN_POINT('',(0.0284952160762007,0.100972056080739,-0.0825304700223953));
#10021=CARTESIAN_POINT('',(0.0282735847010487,0.101083713929234,-0.0814381709488547));
#10022=CARTESIAN_POINT('',(0.0276103594695285,0.101406967255428,-0.0781610113039006));
#10023=CARTESIAN_POINT('',(0.0271695659954986,0.101607210407833,-0.0759755187322194));
#10024=CARTESIAN_POINT('',(0.0263070578129948,0.101974345244094,-0.071604279464728));
#10025=CARTESIAN_POINT('',(0.0258853616659637,0.102141297060573,-0.0694185063499681));
#10026=CARTESIAN_POINT('',(0.0250755607935428,0.102442462042794,-0.0650457075988685));
#10027=CARTESIAN_POINT('',(0.0246875789467879,0.102576691371913,-0.062858685570702));
#10028=CARTESIAN_POINT('',(0.0242047641260224,0.102734488865834,-0.0599412597837607));
#10029=CARTESIAN_POINT('',(0.024086898552974,0.10277217195916,-0.059211785668976));
#10030=CARTESIAN_POINT('',(0.0239722795809109,0.102808109931669,-0.0584821790211787));
#10031=CARTESIAN_POINT('',(0.032420173391562,0.098447705334611,-0.102463307434961));
#10032=CARTESIAN_POINT('',(0.0324067465707815,0.0984579080564383,-0.1024179792397));
#10033=CARTESIAN_POINT('',(0.0323933047538206,0.0984681074231828,-0.102372593728404));
#10034=CARTESIAN_POINT('',(0.0323699461701118,0.098485814572419,-0.102293512979365));
#10035=CARTESIAN_POINT('',(0.0323599887170063,0.0984933427890637,-0.102260067613534));
#10036=CARTESIAN_POINT('',(0.032339834953675,0.0985085031174639,-0.102193700598682));
#10037=CARTESIAN_POINT('',(0.0323296695665913,0.0985161383943365,-0.102160280493914));
#10038=CARTESIAN_POINT('',(0.0323094202923142,0.0985315393359779,-0.10208880885155));
#10039=CARTESIAN_POINT('',(0.0322993248712714,0.0985392764751457,-0.102051535269987));
#10040=CARTESIAN_POINT('',(0.0322792512421257,0.0985545545748294,-0.101978852879382));
#10041=CARTESIAN_POINT('',(0.0322692674357192,0.0985621197219976,-0.101943007541002));
#10042=CARTESIAN_POINT('',(0.0322394464936051,0.0985846934477503,-0.101835268376566));
#10043=CARTESIAN_POINT('',(0.0322197363521574,0.0985995948291343,-0.101762911916303));
#10044=CARTESIAN_POINT('',(0.0321806510861631,0.0986290210082184,-0.101619123409919));
#10045=CARTESIAN_POINT('',(0.032161274762878,0.0986435517342002,-0.101547580750913));
#10046=CARTESIAN_POINT('',(0.032103595033827,0.0986866734300513,-0.101333301751812));
#10047=CARTESIAN_POINT('',(0.0320657369266859,0.0987148044922403,-0.101190754744756));
#10048=CARTESIAN_POINT('',(0.0319536990338142,0.098797561208559,-0.100764410097685));
#10049=CARTESIAN_POINT('',(0.0318810410761264,0.0988505501332611,-0.100482220648156));
#10050=CARTESIAN_POINT('',(0.0316676974179712,0.0990044834244492,-0.0996384641082605));
#10051=CARTESIAN_POINT('',(0.0315315767405958,0.0991004497266562,-0.0990798265156816));
#10052=CARTESIAN_POINT('',(0.0312672250245873,0.0992832801984986,-0.09796683507518));
#10053=CARTESIAN_POINT('',(0.0311390207456349,0.0993701264220285,-0.0974123380676269));
#10054=CARTESIAN_POINT('',(0.0307629251289736,0.0996202729831614,-0.09575247184942));
#10055=CARTESIAN_POINT('',(0.0305231680678625,0.0997735564879679,-0.0946504331571332));
#10056=CARTESIAN_POINT('',(0.0300557797951512,0.100062683714681,-0.0924500990707256));
#10057=CARTESIAN_POINT('',(0.0298282934248574,0.100198383384945,-0.0913519204506622));
#10058=CARTESIAN_POINT('',(0.0293804193646895,0.100457064368667,-0.0891576775976052));
#10059=CARTESIAN_POINT('',(0.0291600876250292,0.100579991368244,-0.0880616385213227));
#10060=CARTESIAN_POINT('',(0.0287234498351398,0.100815921402402,-0.0858708740270264));
#10061=CARTESIAN_POINT('',(0.0285071497185541,0.100928905275216,-0.0847761739622126));
#10062=CARTESIAN_POINT('',(0.0280759057487391,0.101147026124838,-0.0825879196194762));
#10063=CARTESIAN_POINT('',(0.0278610500016311,0.101252107451699,-0.0814943271759071));
#10064=CARTESIAN_POINT('',(0.0272181970588623,0.101556416003605,-0.0782133371011355));
#10065=CARTESIAN_POINT('',(0.0267910701141914,0.101745064139229,-0.0760252295501476));
#10066=CARTESIAN_POINT('',(0.0259552470728537,0.102091296746143,-0.0716488027459391));
#10067=CARTESIAN_POINT('',(0.0255465717493181,0.102248933561624,-0.0694604625803918));
#10068=CARTESIAN_POINT('',(0.0247615186311684,0.102533643508422,-0.0650825071481164));
#10069=CARTESIAN_POINT('',(0.0243852665114707,0.102660728634439,-0.0628928979107899));
#10070=CARTESIAN_POINT('',(0.0239168509043218,0.102810302530875,-0.0599720050571212));
#10071=CARTESIAN_POINT('',(0.023802481127986,0.102846038420916,-0.0592416627482051));
#10072=CARTESIAN_POINT('',(0.0236912447077032,0.102880133512214,-0.0585111862627229));
#10073=CARTESIAN_POINT('',(0.0320379472085285,0.0986591510609626,-0.102559714112345));
#10074=CARTESIAN_POINT('',(0.0320247686151089,0.0986689698880552,-0.102514375571502));
#10075=CARTESIAN_POINT('',(0.0320115792699023,0.0986787846433862,-0.102468971032175));
#10076=CARTESIAN_POINT('',(0.0319886726873974,0.0986958215935023,-0.102389826721996));
#10077=CARTESIAN_POINT('',(0.0319789027301071,0.0987030649143797,-0.102356373706902));
#10078=CARTESIAN_POINT('',(0.0319590853730739,0.0987176610796613,-0.102290068262512));
#10079=CARTESIAN_POINT('',(0.0319490788728772,0.0987250202951131,-0.102256644036904));
#10080=CARTESIAN_POINT('',(0.0319292056066281,0.0987399105379345,-0.102184483213157));
#10081=CARTESIAN_POINT('',(0.0319193162224798,0.0987474067422329,-0.102146639207064));
#10082=CARTESIAN_POINT('',(0.0318996322895757,0.0987621888970026,-0.10207309333789));
#10083=CARTESIAN_POINT('',(0.0318898373056613,0.0987695028216415,-0.102036890517777));
#10084=CARTESIAN_POINT('',(0.0318605847351092,0.0987913277387644,-0.101928051990984));
#10085=CARTESIAN_POINT('',(0.0318412591146957,0.0988057386446866,-0.101854888431744));
#10086=CARTESIAN_POINT('',(0.0318029305798487,0.0988341837768905,-0.101709629624667));
#10087=CARTESIAN_POINT('',(0.031783927776488,0.0988482248912513,-0.101637407443586));
#10088=CARTESIAN_POINT('',(0.031727362395476,0.0988898861148675,-0.101421151683755));
#10089=CARTESIAN_POINT('',(0.0316902407827336,0.0989170560580296,-0.101277345638211));
#10090=CARTESIAN_POINT('',(0.0315803888756249,0.098996959972906,-0.100847450636));
#10091=CARTESIAN_POINT('',(0.0315091531663575,0.0990480849215827,-0.100563242234439));
#10092=CARTESIAN_POINT('',(0.0313000137520476,0.0991965431690966,-0.0997139526181188));
#10093=CARTESIAN_POINT('',(0.0311666113574457,0.0992890130251873,-0.0991523405953819));
#10094=CARTESIAN_POINT('',(0.0309075884472036,0.099465094378508,-0.098034224571375));
#10095=CARTESIAN_POINT('',(0.0307819964875234,0.0995486893751834,-0.0974775569116971));
#10096=CARTESIAN_POINT('',(0.0304136327705865,0.0997893883167878,-0.0958119280479064));
#10097=CARTESIAN_POINT('',(0.0301788958737138,0.0999367750961177,-0.0947069948936122));
#10098=CARTESIAN_POINT('',(0.0297214216062704,0.10021469675399,-0.0925017563690437));
#10099=CARTESIAN_POINT('',(0.0294988267589462,0.100345090184402,-0.0914015882146687));
#10100=CARTESIAN_POINT('',(0.0290606735725746,0.100593624676828,-0.089203894499463));
#10101=CARTESIAN_POINT('',(0.0288451703059866,0.100711712753728,-0.0881063989494276));
#10102=CARTESIAN_POINT('',(0.0284181611793089,0.100938357616785,-0.0859130566748777));
#10103=CARTESIAN_POINT('',(0.0282066612791687,0.101046895521012,-0.0848172397891271));
#10104=CARTESIAN_POINT('',(0.0277850196617471,0.101256457935601,-0.0826270100828309));
#10105=CARTESIAN_POINT('',(0.0275749643323184,0.1013574289016,-0.0815325537060041));
#10106=CARTESIAN_POINT('',(0.026946488552247,0.101649905494066,-0.0782490039673493));
#10107=CARTESIAN_POINT('',(0.0265289323849627,0.10183132428848,-0.0760591461077279));
#10108=CARTESIAN_POINT('',(0.0257117029337801,0.102164533680399,-0.0716792391490004));
#10109=CARTESIAN_POINT('',(0.025312052051211,0.102316371906912,-0.0694891729063449));
#10110=CARTESIAN_POINT('',(0.0245441044996639,0.102590839113066,-0.0651077387181651));
#10111=CARTESIAN_POINT('',(0.0241759349151916,0.102713477757103,-0.0629163785014479));
#10112=CARTESIAN_POINT('',(0.0237174295236185,0.102857931765095,-0.0599931307560549));
#10113=CARTESIAN_POINT('',(0.0236054648358645,0.102892455156697,-0.0592621980306531));
#10114=CARTESIAN_POINT('',(0.0234965549363798,0.102925402526269,-0.0585311293130753));
#10115=CARTESIAN_POINT('',(0.0312322490695541,0.0990522409368908,-0.102754891319384));
#10116=CARTESIAN_POINT('',(0.0312196304940034,0.0990613418959677,-0.102709538420965));
#10117=CARTESIAN_POINT('',(0.0312070007060213,0.0990704425436537,-0.102664104266685));
#10118=CARTESIAN_POINT('',(0.0311850615504293,0.0990862530508286,-0.102584854899163));
#10119=CARTESIAN_POINT('',(0.0311757067331808,0.0990929671048348,-0.102551392983855));
#10120=CARTESIAN_POINT('',(0.0311567520897838,0.0991064545219244,-0.102485197292686));
#10121=CARTESIAN_POINT('',(0.031147188303419,0.0991132572302094,-0.102451749964231));
#10122=CARTESIAN_POINT('',(0.0311281861429364,0.099127218259359,-0.102378201617235));
#10123=CARTESIAN_POINT('',(0.0311187283242628,0.0991343103059011,-0.102339218115079));
#10124=CARTESIAN_POINT('',(0.0310999061577907,0.0991482188028721,-0.10226394150359));
#10125=CARTESIAN_POINT('',(0.0310905408097901,0.0991550796707833,-0.102227020201175));
#10126=CARTESIAN_POINT('',(0.0310625715399834,0.0991755601987224,-0.102115973739364));
#10127=CARTESIAN_POINT('',(0.0310440936495481,0.0991891043249721,-0.102041192598192));
#10128=CARTESIAN_POINT('',(0.0310074489915355,0.0992157989797866,-0.101892984363952));
#10129=CARTESIAN_POINT('',(0.0309892821806635,0.0992289605673988,-0.101819398109042));
#10130=CARTESIAN_POINT('',(0.0309352078783381,0.0992679954100666,-0.101599174249969));
#10131=CARTESIAN_POINT('',(0.0308997243406491,0.0992934366655785,-0.101452841667977));
#10132=CARTESIAN_POINT('',(0.0307947304797686,0.099368196488743,-0.101015821453788));
#10133=CARTESIAN_POINT('',(0.030726659858313,0.0994159356774515,-0.100727558691119));
#10134=CARTESIAN_POINT('',(0.0305268518632517,0.0995544271166236,-0.0998671578875538));
#10135=CARTESIAN_POINT('',(0.0303994549931488,0.0996404988030061,-0.0992995719631525));
#10136=CARTESIAN_POINT('',(0.0301521815956945,0.099804189003118,-0.0981711606460508));
#10137=CARTESIAN_POINT('',(0.0300323320513611,0.0998817972937224,-0.0976101313477734));
#10138=CARTESIAN_POINT('',(0.0296809235080714,0.100105068072562,-0.0959329216691549));
#10139=CARTESIAN_POINT('',(0.0294571423608497,0.100241536005642,-0.0948221693751375));
#10140=CARTESIAN_POINT('',(0.0290212235280043,0.100498675460684,-0.0926070692641774));
#10141=CARTESIAN_POINT('',(0.0288092227960359,0.100619209173041,-0.0915028996674299));
#10142=CARTESIAN_POINT('',(0.0283920594649728,0.100848869535139,-0.0892982644159435));
#10143=CARTESIAN_POINT('',(0.02818694981444,0.100957945430159,-0.0881978385027217));
#10144=CARTESIAN_POINT('',(0.0277806137006174,0.101167283774767,-0.0859993089164705));
#10145=CARTESIAN_POINT('',(0.0275793931566712,0.101267527683974,-0.0849012441704181));
#10146=CARTESIAN_POINT('',(0.0271782693266071,0.101461113847019,-0.0827070389709953));
#10147=CARTESIAN_POINT('',(0.0269784486645659,0.101554406575569,-0.0816108438226477));
#10148=CARTESIAN_POINT('',(0.0263805674244483,0.101824774742937,-0.0783221330646956));
#10149=CARTESIAN_POINT('',(0.025983300301463,0.101992679042928,-0.0761287311825112));
#10150=CARTESIAN_POINT('',(0.0252053775901478,0.102301536119475,-0.071741754808389));
#10151=CARTESIAN_POINT('',(0.024824747979557,0.10244252754727,-0.0695481709239957));
#10152=CARTESIAN_POINT('',(0.0240927833672821,0.102697834254266,-0.0651596302196047));
#10153=CARTESIAN_POINT('',(0.0237415781948249,0.102812154641743,-0.0629646845711075));
#10154=CARTESIAN_POINT('',(0.0233038434270757,0.10294703176928,-0.060036607159783));
#10155=CARTESIAN_POINT('',(0.0231969168553947,0.102979287294455,-0.0593044629278819));
#10156=CARTESIAN_POINT('',(0.02309287827223,0.103010088091961,-0.0585721784368132));
#10157=CARTESIAN_POINT('',(0.0308093182178874,0.0992338459616621,-0.102853565125471));
#10158=CARTESIAN_POINT('',(0.0307970106319677,0.0992426132854667,-0.102808208275296));
#10159=CARTESIAN_POINT('',(0.0307846869545739,0.0992513849756077,-0.102762763662551));
#10160=CARTESIAN_POINT('',(0.0307632609169004,0.0992666408846471,-0.102683473262696));
#10161=CARTESIAN_POINT('',(0.0307541330324271,0.0992731109606979,-0.10265001018279));
#10162=CARTESIAN_POINT('',(0.0307357053720667,0.0992860521184427,-0.102583862047033));
#10163=CARTESIAN_POINT('',(0.0307264262413998,0.0992925729150765,-0.10255039528154));
#10164=CARTESIAN_POINT('',(0.0307079174599479,0.0993061158974425,-0.102476149451645));
#10165=CARTESIAN_POINT('',(0.0306986832535909,0.0993130460073439,-0.102436597871898));
#10166=CARTESIAN_POINT('',(0.0306803305528051,0.0993265781643162,-0.102360455312042));
#10167=CARTESIAN_POINT('',(0.0306712050349588,0.0993332375762629,-0.102323173489627));
#10168=CARTESIAN_POINT('',(0.03064394756326,0.0993531238571065,-0.102211019981098));
#10169=CARTESIAN_POINT('',(0.0306259303774509,0.0993662930062765,-0.102135429581149));
#10170=CARTESIAN_POINT('',(0.030590208383345,0.0993922204093736,-0.101985744355537));
#10171=CARTESIAN_POINT('',(0.0305725019926339,0.0994049930076537,-0.101911474500143));
#10172=CARTESIAN_POINT('',(0.0305197983754205,0.0994428646682881,-0.101689262060509));
#10173=CARTESIAN_POINT('',(0.030485212430504,0.0994675402100184,-0.101541663749354));
#10174=CARTESIAN_POINT('',(0.0303828791806004,0.0995400139888598,-0.101101073610814));
#10175=CARTESIAN_POINT('',(0.0303165446745723,0.0995862342407407,-0.100810778112991));
#10176=CARTESIAN_POINT('',(0.03012184480114,0.0997202418637667,-0.0999448064456338));
#10177=CARTESIAN_POINT('',(0.0299977240704093,0.0998034162163464,-0.0993742247981096));
#10178=CARTESIAN_POINT('',(0.0297568514653311,0.099961471688324,-0.0982406490065152));
#10179=CARTESIAN_POINT('',(0.0296401230875611,0.100036347539484,-0.0976774312644435));
#10180=CARTESIAN_POINT('',(0.0292979132571642,0.100251645569602,-0.0959944099713286));
#10181=CARTESIAN_POINT('',(0.0290800542109962,0.10038309484594,-0.0948807360140564));
#10182=CARTESIAN_POINT('',(0.0286557533067216,0.100630662672603,-0.0926606835837885));
#10183=CARTESIAN_POINT('',(0.0284494451907451,0.100746644424121,-0.0915545038616923));
#10184=CARTESIAN_POINT('',(0.0280435334251606,0.100967578894749,-0.0893463807878198));
#10185=CARTESIAN_POINT('',(0.0278439814878793,0.101072481754538,-0.088244482047207));
#10186=CARTESIAN_POINT('',(0.0274486768027404,0.101273798335295,-0.0860433445973832));
#10187=CARTESIAN_POINT('',(0.0272529299145234,0.101370193572783,-0.0849441494120646));
#10188=CARTESIAN_POINT('',(0.0268627120988056,0.101556360040509,-0.082747944931108));
#10189=CARTESIAN_POINT('',(0.0266683217479567,0.101646083658162,-0.0816508751975421));
#10190=CARTESIAN_POINT('',(0.0260866477018558,0.101906171170307,-0.0783595637030627));
#10191=CARTESIAN_POINT('',(0.0257000941550977,0.102067786909875,-0.0761643684083883));
#10192=CARTESIAN_POINT('',(0.0249428774875223,0.102365308222183,-0.0717738034675734));
#10193=CARTESIAN_POINT('',(0.0245722422996972,0.102501248165013,-0.0695784284062803));
#10194=CARTESIAN_POINT('',(0.023859150711034,0.102747631463776,-0.065186261177303));
#10195=CARTESIAN_POINT('',(0.023516825510264,0.102858077678014,-0.0629894819175386));
#10196=CARTESIAN_POINT('',(0.0230899484195891,0.102988495258977,-0.0600589312760492));
#10197=CARTESIAN_POINT('',(0.0229856541666048,0.103019694834486,-0.0593261663772317));
#10198=CARTESIAN_POINT('',(0.0228841596502548,0.103049496251977,-0.0585932588044469));
#10199=CARTESIAN_POINT('',(0.0301450499045694,0.0994764841423014,-0.103002037180365));
#10200=CARTESIAN_POINT('',(0.0301332553279166,0.0994848040867271,-0.102956681438832));
#10201=CARTESIAN_POINT('',(0.0301214259591744,0.0994931369186565,-0.102911230289425));
#10202=CARTESIAN_POINT('',(0.0301007905993902,0.0995076610249106,-0.102831901675431));
#10203=CARTESIAN_POINT('',(0.0300920290217397,0.0995138052072183,-0.102798443614523));
#10204=CARTESIAN_POINT('',(0.0300745825994029,0.0995259902289621,-0.102732354646068));
#10205=CARTESIAN_POINT('',(0.030065862592081,0.0995321174068501,-0.102698845869354));
#10206=CARTESIAN_POINT('',(0.030048179174117,0.0995451354212815,-0.102623561365447));
#10207=CARTESIAN_POINT('',(0.0300392678813488,0.0995518876401875,-0.102583171652715));
#10208=CARTESIAN_POINT('',(0.0300216554655353,0.0995649678399657,-0.102505746223114));
#10209=CARTESIAN_POINT('',(0.0300129231631878,0.0995713766195975,-0.102467928545099));
#10210=CARTESIAN_POINT('',(0.029986821924361,0.099590527571505,-0.102354130961558));
#10211=CARTESIAN_POINT('',(0.0299695300095863,0.0996032425176985,-0.10227734166229));
#10212=CARTESIAN_POINT('',(0.0299352813552422,0.099628225877477,-0.102125465795468));
#10213=CARTESIAN_POINT('',(0.0299183168766126,0.0996405145795662,-0.102050181120867));
#10214=CARTESIAN_POINT('',(0.0298678206883159,0.0996769353437472,-0.101825016479383));
#10215=CARTESIAN_POINT('',(0.0298346734100777,0.0997006531894767,-0.101675539621288));
#10216=CARTESIAN_POINT('',(0.029736607482108,0.099770252618081,-0.101229650065971));
#10217=CARTESIAN_POINT('',(0.029673072811127,0.0998145375814944,-0.10093633409151));
#10218=CARTESIAN_POINT('',(0.0294866031192484,0.0999428032466889,-0.100062083463092));
#10219=CARTESIAN_POINT('',(0.0293677569024824,0.100022225759102,-0.0994870473723676));
#10220=CARTESIAN_POINT('',(0.0291371987998071,0.100172938783283,-0.0983457879476064));
#10221=CARTESIAN_POINT('',(0.0290254983797615,0.100244232705732,-0.097779312557839));
#10222=CARTESIAN_POINT('',(0.0286981013869223,0.100449040527085,-0.0960876369385774));
#10223=CARTESIAN_POINT('',(0.0284897724755092,0.100573836557998,-0.0949696074087809));
#10224=CARTESIAN_POINT('',(0.0280841472675513,0.100808671986963,-0.0927421678031043));
#10225=CARTESIAN_POINT('',(0.0278869796623979,0.100918574581203,-0.0916329868997317));
#10226=CARTESIAN_POINT('',(0.0274991161082723,0.101127828507959,-0.0894196529002844));
#10227=CARTESIAN_POINT('',(0.0273084698335392,0.101227130881875,-0.088315551627184));
#10228=CARTESIAN_POINT('',(0.0269308242638795,0.101417663720348,-0.0861105110225617));
#10229=CARTESIAN_POINT('',(0.0267438307634422,0.101508875572958,-0.0850096221273923));
#10230=CARTESIAN_POINT('',(0.0263710376715038,0.101685035756615,-0.0828104201172968));
#10231=CARTESIAN_POINT('',(0.0261853152715609,0.101769939141155,-0.0817120377051831));
#10232=CARTESIAN_POINT('',(0.0256294852055164,0.102016133969348,-0.0784168120157803));
#10233=CARTESIAN_POINT('',(0.0252599795233985,0.102169242913431,-0.076218901621184));
#10234=CARTESIAN_POINT('',(0.0245356468233031,0.102451423273191,-0.0718228825586513));
#10235=CARTESIAN_POINT('',(0.0241808510792686,0.10258052299632,-0.0696247745769806));
#10236=CARTESIAN_POINT('',(0.0234976132699755,0.102814825626652,-0.0652270629765628));
#10237=CARTESIAN_POINT('',(0.0231693048688182,0.102920028017879,-0.063027474828337));
#10238=CARTESIAN_POINT('',(0.0227595359028202,0.103044412565685,-0.0600931332010021));
#10239=CARTESIAN_POINT('',(0.022659386458297,0.10307418395768,-0.0593594167873543));
#10240=CARTESIAN_POINT('',(0.0225618953410362,0.103102634012064,-0.0586255539133265));
#10241=CARTESIAN_POINT('',(0.0299183546058606,0.0995523380656169,-0.103051644272372));
#10242=CARTESIAN_POINT('',(0.0299067392392952,0.0995605176965532,-0.103006290059852));
#10243=CARTESIAN_POINT('',(0.029895080927545,0.0995687131845538,-0.10296083822542));
#10244=CARTESIAN_POINT('',(0.0298747132958873,0.099583009341431,-0.102881500644203));
#10245=CARTESIAN_POINT('',(0.0298660784532922,0.0995890514590008,-0.102848045364181));
#10246=CARTESIAN_POINT('',(0.0298489918180805,0.0996009962449579,-0.102781974259186));
#10247=CARTESIAN_POINT('',(0.0298404807615216,0.0996069981142148,-0.102748449448212));
#10248=CARTESIAN_POINT('',(0.0298230876396761,0.0996198582226758,-0.102672819646812));
#10249=CARTESIAN_POINT('',(0.0298142823405086,0.0996265614027353,-0.102632152542608));
#10250=CARTESIAN_POINT('',(0.0297969236083575,0.0996395092440807,-0.102554301691439));
#10251=CARTESIAN_POINT('',(0.0297883284145368,0.0996458430155419,-0.102516306035632));
#10252=CARTESIAN_POINT('',(0.0297626286959984,0.099664774576492,-0.102401962611176));
#10253=CARTESIAN_POINT('',(0.0297455851085304,0.0996773557128061,-0.10232477573667));
#10254=CARTESIAN_POINT('',(0.0297118441736448,0.0997020582210653,-0.102172173019922));
#10255=CARTESIAN_POINT('',(0.0296951363911931,0.0997142019893666,-0.102096551486131));
#10256=CARTESIAN_POINT('',(0.0296454037354668,0.0997501874142145,-0.101870406875189));
#10257=CARTESIAN_POINT('',(0.029612752987413,0.0997736173388238,-0.101720306528924));
#10258=CARTESIAN_POINT('',(0.0295161602068184,0.0998423497272783,-0.101272657939698));
#10259=CARTESIAN_POINT('',(0.0294535943329425,0.0998860461660701,-0.100978338921871));
#10260=CARTESIAN_POINT('',(0.0292699710025748,0.100012560145722,-0.10010133884831));
#10261=CARTESIAN_POINT('',(0.0291529479882729,0.100090830280081,-0.0995248230758915));
#10262=CARTESIAN_POINT('',(0.0289259562243916,0.100239279772027,-0.0983810106253242));
#10263=CARTESIAN_POINT('',(0.0288159937882184,0.100309465568331,-0.0978134525685347));
#10264=CARTESIAN_POINT('',(0.0284937156659618,0.100511021141807,-0.0961189002191702));
#10265=CARTESIAN_POINT('',(0.028288678406242,0.10063374563342,-0.094999422165814));
#10266=CARTESIAN_POINT('',(0.0278894995288755,0.100864609291718,-0.0927695251853107));
#10267=CARTESIAN_POINT('',(0.0276954848676924,0.10097261140844,-0.0916593455203496));
#10268=CARTESIAN_POINT('',(0.0273138432740442,0.101178209210978,-0.0894442768694523));
#10269=CARTESIAN_POINT('',(0.0271262653021578,0.10127575616673,-0.08833944209754));
#10270=CARTESIAN_POINT('',(0.0267547004832383,0.101462905998477,-0.0861331011680305));
#10271=CARTESIAN_POINT('',(0.026570719411084,0.101552490186026,-0.0850316477560293));
#10272=CARTESIAN_POINT('',(0.02620391985607,0.101725506059323,-0.0828314463876945));
#10273=CARTESIAN_POINT('',(0.0260211773836594,0.101808893653238,-0.0817326261378595));
#10274=CARTESIAN_POINT('',(0.0254742273573827,0.10205071856374,-0.0784360931324039));
#10275=CARTESIAN_POINT('',(0.0251105728167551,0.10220115057147,-0.0762372732804117));
#10276=CARTESIAN_POINT('',(0.0243975152842305,0.102478502582393,-0.0718394237185742));
#10277=CARTESIAN_POINT('',(0.0240481447506906,0.102605448941214,-0.069640396753424));
#10278=CARTESIAN_POINT('',(0.0233751228234478,0.102835948978755,-0.0652408187938906));
#10279=CARTESIAN_POINT('',(0.0230516059752709,0.102939501029169,-0.063040284119397));
#10280=CARTESIAN_POINT('',(0.0226476804403562,0.103061987375397,-0.0601046645141192));
#10281=CARTESIAN_POINT('',(0.0225489462366095,0.103091309467528,-0.0593706272989054));
#10282=CARTESIAN_POINT('',(0.0224528216874288,0.103119334439888,-0.0586364423212644));
#10283=CARTESIAN_POINT('',(0.0294567357384085,0.0996924192537466,-0.103150461991968));
#10284=CARTESIAN_POINT('',(0.0294454936273851,0.0997003383840202,-0.103105113256546));
#10285=CARTESIAN_POINT('',(0.0294341891670001,0.0997082787319622,-0.103059662937678));
#10286=CARTESIAN_POINT('',(0.0294143664850585,0.0997221508985586,-0.102980314075176));
#10287=CARTESIAN_POINT('',(0.0294059937611571,0.0997280032569891,-0.102946866454569));
#10288=CARTESIAN_POINT('',(0.0293896818158964,0.0997395038924836,-0.102880829766524));
#10289=CARTESIAN_POINT('',(0.0293816262579113,0.0997452759336942,-0.102847271083801));
#10290=CARTESIAN_POINT('',(0.0293648405646821,0.0997578585552908,-0.102770957388136));
#10291=CARTESIAN_POINT('',(0.0293562457770976,0.0997644819764382,-0.10272974210309));
#10292=CARTESIAN_POINT('',(0.0293394079075388,0.0997772020980816,-0.102651049692129));
#10293=CARTESIAN_POINT('',(0.0293310978230192,0.0997834043531228,-0.102612701683005));
#10294=CARTESIAN_POINT('',(0.029306230571665,0.0998019519858872,-0.102497277831143));
#10295=CARTESIAN_POINT('',(0.0292896965019175,0.0998143011053118,-0.102419304453393));
#10296=CARTESIAN_POINT('',(0.0292570022602921,0.099838512174884,-0.102265263424821));
#10297=CARTESIAN_POINT('',(0.0292408252234182,0.0998504006902688,-0.102188975146857));
#10298=CARTESIAN_POINT('',(0.029192670877573,0.0998856176615544,-0.101960890840499));
#10299=CARTESIAN_POINT('',(0.0291610448113517,0.099908537683227,-0.101809556444504));
#10300=CARTESIAN_POINT('',(0.029067492544394,0.0999757286192787,-0.101358426003264));
#10301=CARTESIAN_POINT('',(0.0290069294502269,0.100018369750161,-0.10106212096146));
#10302=CARTESIAN_POINT('',(0.0288291876614287,0.100141730748758,-0.100179676617921));
#10303=CARTESIAN_POINT('',(0.0287159298455079,0.100217910293114,-0.0996002302058697));
#10304=CARTESIAN_POINT('',(0.028496303458494,0.100362237568974,-0.0984513602870959));
#10305=CARTESIAN_POINT('',(0.0283899290500231,0.100430397556049,-0.0978816570667587));
#10306=CARTESIAN_POINT('',(0.0280782149814692,0.100625994120244,-0.0961814040185511));
#10307=CARTESIAN_POINT('',(0.0278799661417645,0.100744906034524,-0.0950590543091132));
#10308=CARTESIAN_POINT('',(0.0274940717319831,0.100968446208242,-0.0928242845595496));
#10309=CARTESIAN_POINT('',(0.0273065495424277,0.101072936468062,-0.0917121237384548));
#10310=CARTESIAN_POINT('',(0.0269377113580212,0.101271770334933,-0.0894936133516396));
#10311=CARTESIAN_POINT('',(0.0267564428325604,0.101366065525953,-0.0883873227260855));
#10312=CARTESIAN_POINT('',(0.0263973739414578,0.101546943738077,-0.0861784000748879));
#10313=CARTESIAN_POINT('',(0.0262195793109919,0.101633507858316,-0.0850758253957014));
#10314=CARTESIAN_POINT('',(0.0258650809446493,0.101800686073685,-0.0828736386462645));
#10315=CARTESIAN_POINT('',(0.0256884507652154,0.101881257703176,-0.0817739482394882));
#10316=CARTESIAN_POINT('',(0.0251597039935303,0.102114963248706,-0.0784748135399174));
#10317=CARTESIAN_POINT('',(0.0248080286377327,0.102260420907683,-0.0762741784174722));
#10318=CARTESIAN_POINT('',(0.0241180297549591,0.102528800640683,-0.071872667741489));
#10319=CARTESIAN_POINT('',(0.0237797411954876,0.102651745368664,-0.0696717990755535));
#10320=CARTESIAN_POINT('',(0.0231275666494724,0.10287518046391,-0.0652684764080644));
#10321=CARTESIAN_POINT('',(0.0228138170755616,0.10297566706396,-0.0630660404075192));
#10322=CARTESIAN_POINT('',(0.0224217928598969,0.103094628571878,-0.0601278523356755));
#10323=CARTESIAN_POINT('',(0.0223259401368826,0.103123116445987,-0.0593931702758751));
#10324=CARTESIAN_POINT('',(0.022232597169255,0.10315035225663,-0.0586583377589335));
#10325=CARTESIAN_POINT('',(0.0292218783205104,0.0997566360547608,-0.103199659927114));
#10326=CARTESIAN_POINT('',(0.0292108301931385,0.0997644350191279,-0.103154315138));
#10327=CARTESIAN_POINT('',(0.0291997084858744,0.0997722575930881,-0.103108867015634));
#10328=CARTESIAN_POINT('',(0.029180163026296,0.0997859337603197,-0.103029515823853));
#10329=CARTESIAN_POINT('',(0.0291719256555828,0.0997916984409231,-0.102996073077903));
#10330=CARTESIAN_POINT('',(0.0291560283004487,0.0998029951837058,-0.102930052967328));
#10331=CARTESIAN_POINT('',(0.0291482190670973,0.0998086627119178,-0.102896476474635));
#10332=CARTESIAN_POINT('',(0.0291317503820372,0.0998211257628923,-0.102819824271643));
#10333=CARTESIAN_POINT('',(0.0291232601493947,0.0998277184678417,-0.102778338254655));
#10334=CARTESIAN_POINT('',(0.0291066894224466,0.0998403432379823,-0.102699229803207));
#10335=CARTESIAN_POINT('',(0.0290985272926385,0.0998464889902668,-0.102660707462629));
#10336=CARTESIAN_POINT('',(0.029074090870975,0.099864872102484,-0.10254474915679));
#10337=CARTESIAN_POINT('',(0.0290578179576379,0.0998771230260476,-0.102466386942021));
#10338=CARTESIAN_POINT('',(0.0290256625832073,0.0999011235324477,-0.102311634622161));
#10339=CARTESIAN_POINT('',(0.0290097595300547,0.0999129017414495,-0.10223501653979));
#10340=CARTESIAN_POINT('',(0.0289624197675583,0.0999477856380838,-0.102005972741689));
#10341=CARTESIAN_POINT('',(0.0289313217374964,0.099970483705946,-0.101854027931671));
#10342=CARTESIAN_POINT('',(0.0288393364864901,0.100037000317656,-0.101401175089318));
#10343=CARTESIAN_POINT('',(0.0287798071147828,0.100079174729197,-0.101103887308347));
#10344=CARTESIAN_POINT('',(0.028605099745206,0.100201134631116,-0.100218748800994));
#10345=CARTESIAN_POINT('',(0.0284937834317554,0.10027637610525,-0.0996378517870925));
#10346=CARTESIAN_POINT('',(0.0282779550815813,0.100418844984149,-0.0984864780442524));
#10347=CARTESIAN_POINT('',(0.0281734302213187,0.100486087433393,-0.0979157125903808));
#10348=CARTESIAN_POINT('',(0.0278671598592689,0.100678977670388,-0.0962126362738894));
#10349=CARTESIAN_POINT('',(0.0276724068140148,0.100796148832893,-0.095088863787306));
#10350=CARTESIAN_POINT('',(0.0272933486151335,0.101016337848521,-0.092851679248392));
#10351=CARTESIAN_POINT('',(0.0271091650010584,0.101119216998879,-0.0917385362798777));
#10352=CARTESIAN_POINT('',(0.0267469063726158,0.101314943576808,-0.0895183192396803));
#10353=CARTESIAN_POINT('',(0.0265688780502968,0.101407742673889,-0.0884113064426826));
#10354=CARTESIAN_POINT('',(0.0262162224638373,0.10158573276145,-0.0862011027215031));
#10355=CARTESIAN_POINT('',(0.0260416009146755,0.101670904715199,-0.0850979714348145));
#10356=CARTESIAN_POINT('',(0.0256934083389564,0.101835390039147,-0.0828947989168229));
#10357=CARTESIAN_POINT('',(0.0255199095963611,0.101914661715067,-0.0817946763031235));
#10358=CARTESIAN_POINT('',(0.0250004832680668,0.102144618446388,-0.078494247565178));
#10359=CARTESIAN_POINT('',(0.0246549341245256,0.102287779077407,-0.0762927068722647));
#10360=CARTESIAN_POINT('',(0.0239767151995172,0.102552015570361,-0.0718893660774275));
#10361=CARTESIAN_POINT('',(0.0236440817097177,0.102673112336737,-0.0696875749470114));
#10362=CARTESIAN_POINT('',(0.0230025354862209,0.102893285617654,-0.0652823744468467));
#10363=CARTESIAN_POINT('',(0.0226937601502738,0.102992357338564,-0.0630789839096637));
#10364=CARTESIAN_POINT('',(0.0223077920242,0.103109692473531,-0.060139505703775));
#10365=CARTESIAN_POINT('',(0.0222134051065736,0.103137795491809,-0.0594044996898819));
#10366=CARTESIAN_POINT('',(0.0221214767337097,0.103164667281637,-0.058669341826436));
#10367=CARTESIAN_POINT('',(0.0285139987687412,0.0999297849381179,-0.103344828847402));
#10368=CARTESIAN_POINT('',(0.0285035463551073,0.0999372571256606,-0.103299499383586));
#10369=CARTESIAN_POINT('',(0.0284929854952883,0.0999447585427455,-0.103254061492835));
#10370=CARTESIAN_POINT('',(0.0284742894527408,0.099957897082113,-0.103174710189134));
#10371=CARTESIAN_POINT('',(0.0284664674213948,0.0999634224196577,-0.103141284582228));
#10372=CARTESIAN_POINT('',(0.0284518466703307,0.0999741745892081,-0.10307531811608));
#10373=CARTESIAN_POINT('',(0.0284447966052134,0.0999795680294198,-0.103041691343175));
#10374=CARTESIAN_POINT('',(0.0284293009364181,0.0999917329537043,-0.102964047019042));
#10375=CARTESIAN_POINT('',(0.0284211296837414,0.0999982583255903,-0.102921766194274));
#10376=CARTESIAN_POINT('',(0.0284053771543008,0.100010652035854,-0.102841437195515));
#10377=CARTESIAN_POINT('',(0.0283976687996176,0.100016657021877,-0.102802403689357));
#10378=CARTESIAN_POINT('',(0.0283745532485355,0.100034631047316,-0.102684878015088));
#10379=CARTESIAN_POINT('',(0.0283590800073535,0.100046640513053,-0.102605374938176));
#10380=CARTESIAN_POINT('',(0.0283285754345136,0.100070116103465,-0.102448535965069));
#10381=CARTESIAN_POINT('',(0.0283135119365943,0.100081616669796,-0.102370950456637));
#10382=CARTESIAN_POINT('',(0.028268668013708,0.100115658953482,-0.102139092037681));
#10383=CARTESIAN_POINT('',(0.0282391873058395,0.100137792776,-0.101985356352776));
#10384=CARTESIAN_POINT('',(0.028152001054283,0.100202584661751,-0.101527449986341));
#10385=CARTESIAN_POINT('',(0.0280956371372335,0.100243550198461,-0.101227278759854));
#10386=CARTESIAN_POINT('',(0.0279302187677559,0.100361859936585,-0.10033423457991));
#10387=CARTESIAN_POINT('',(0.0278248420703053,0.100434629304069,-0.0997490800097844));
#10388=CARTESIAN_POINT('',(0.0276206276132771,0.100572175147692,-0.0985903568521395));
#10389=CARTESIAN_POINT('',(0.0275217553498465,0.100636974206675,-0.0980164729575206));
#10390=CARTESIAN_POINT('',(0.0272321140223469,0.100822635942981,-0.096305107348925));
#10391=CARTESIAN_POINT('',(0.0270480289692114,0.100935130717955,-0.0951771562825273));
#10392=CARTESIAN_POINT('',(0.0266898149395481,0.101146296404971,-0.0929328784413408));
#10393=CARTESIAN_POINT('',(0.0265158018210099,0.101244825910604,-0.0918168496735948));
#10394=CARTESIAN_POINT('',(0.0261735714638529,0.101432152092825,-0.0895916171137603));
#10395=CARTESIAN_POINT('',(0.026005398516688,0.101520900493475,-0.0884824814331661));
#10396=CARTESIAN_POINT('',(0.0256722357291471,0.101691064139019,-0.0862685109497947));
#10397=CARTESIAN_POINT('',(0.0255072515258783,0.101772459867311,-0.0851637425486558));
#10398=CARTESIAN_POINT('',(0.0251781984541347,0.101929635986219,-0.0829576703150646));
#10399=CARTESIAN_POINT('',(0.0250141979730586,0.102005376845234,-0.0818562760061383));
#10400=CARTESIAN_POINT('',(0.0245230243096178,0.10222515074333,-0.0785520348281082));
#10401=CARTESIAN_POINT('',(0.0241960207532479,0.102362072784392,-0.0763478186132644));
#10402=CARTESIAN_POINT('',(0.0235534234006506,0.102615057701625,-0.0719390599178595));
#10403=CARTESIAN_POINT('',(0.0232378700153751,0.102731136626674,-0.0697345326205994));
#10404=CARTESIAN_POINT('',(0.0226283944930771,0.102942455664941,-0.0653237553936214));
#10405=CARTESIAN_POINT('',(0.0223346127916665,0.103037688112586,-0.0631175267391961));
#10406=CARTESIAN_POINT('',(0.0219668850027528,0.103150611604273,-0.0601742101782496));
#10407=CARTESIAN_POINT('',(0.0218769116321178,0.103177670826068,-0.059438240161851));
#10408=CARTESIAN_POINT('',(0.0217892415013752,0.103203555458773,-0.0587021139987953));
#10409=CARTESIAN_POINT('',(0.0280380651557966,0.100018759049873,-0.103438238827923));
#10410=CARTESIAN_POINT('',(0.0280280281744938,0.10002605914351,-0.103392924266577));
#10411=CARTESIAN_POINT('',(0.0280178578484227,0.100033389979769,-0.103347498091808));
#10412=CARTESIAN_POINT('',(0.0279997511847669,0.100046237806708,-0.10326815595438));
#10413=CARTESIAN_POINT('',(0.0279922183066366,0.100051635639983,-0.103234745146591));
#10414=CARTESIAN_POINT('',(0.0279784932347773,0.100062117123959,-0.103168819719736));
#10415=CARTESIAN_POINT('',(0.0279719769088598,0.100067382399605,-0.103135163739389));
#10416=CARTESIAN_POINT('',(0.0279571593435831,0.100079430748916,-0.103056890216625));
#10417=CARTESIAN_POINT('',(0.0279492074846271,0.100085944239746,-0.103014103476536));
#10418=CARTESIAN_POINT('',(0.0279340225282831,0.100098257939985,-0.102932998758391));
#10419=CARTESIAN_POINT('',(0.0279266298907609,0.100104207974577,-0.102893640763913));
#10420=CARTESIAN_POINT('',(0.0279044326338723,0.100122023452564,-0.10277511974672));
#10421=CARTESIAN_POINT('',(0.027889513847087,0.100133943466993,-0.102694891426855));
#10422=CARTESIAN_POINT('',(0.0278601550321469,0.100157213137556,-0.10253672639721));
#10423=CARTESIAN_POINT('',(0.0278456745697825,0.100168600568326,-0.102458526225123));
#10424=CARTESIAN_POINT('',(0.0278025635566402,0.100202294665646,-0.1022248793556));
#10425=CARTESIAN_POINT('',(0.02777420499751,0.100224189521319,-0.102070005370033));
#10426=CARTESIAN_POINT('',(0.0276903476321187,0.100288234377117,-0.101608886621919));
#10427=CARTESIAN_POINT('',(0.0276361791273009,0.100328652624446,-0.101306882360144));
#10428=CARTESIAN_POINT('',(0.0274771991494079,0.100445276896324,-0.100408811437154));
#10429=CARTESIAN_POINT('',(0.0273759342896695,0.100516861046189,-0.0998209484435595));
#10430=CARTESIAN_POINT('',(0.0271797526967062,0.100652007674095,-0.098657549154953));
#10431=CARTESIAN_POINT('',(0.0270847859942295,0.100715596561096,-0.0980816804563445));
#10432=CARTESIAN_POINT('',(0.0268066234543374,0.100897645538898,-0.0963650376973666));
#10433=CARTESIAN_POINT('',(0.026629888069611,0.101007762614844,-0.0952344248026005));
#10434=CARTESIAN_POINT('',(0.0262860109100098,0.10121430948792,-0.0929856266886562));
#10435=CARTESIAN_POINT('',(0.0261189809935649,0.101310595281291,-0.0918677578349252));
#10436=CARTESIAN_POINT('',(0.0257904816637402,0.101493571358481,-0.0896393259360034));
#10437=CARTESIAN_POINT('',(0.0256290548496121,0.101580213130738,-0.0885288353308406));
#10438=CARTESIAN_POINT('',(0.0253092165310208,0.10174629650305,-0.0863124594336534));
#10439=CARTESIAN_POINT('',(0.0251508105883188,0.101825718170466,-0.085206644901243));
#10440=CARTESIAN_POINT('',(0.0248348048589563,0.10197906630937,-0.0829987192776908));
#10441=CARTESIAN_POINT('',(0.0246772707579784,0.102052954485073,-0.0818965117122911));
#10442=CARTESIAN_POINT('',(0.0242053071057071,0.102267384454968,-0.0785898256543651));
#10443=CARTESIAN_POINT('',(0.0238908803495893,0.102401033862852,-0.0763838832641541));
#10444=CARTESIAN_POINT('',(0.0232723870504713,0.102648118419058,-0.0719716142977937));
#10445=CARTESIAN_POINT('',(0.0229683638615777,0.102761566916489,-0.0697653069881455));
#10446=CARTESIAN_POINT('',(0.0223804975288527,0.102968248469173,-0.0653508925096778));
#10447=CARTESIAN_POINT('',(0.0220967969533569,0.10306147223056,-0.0631428081733227));
#10448=CARTESIAN_POINT('',(0.0217413140402522,0.103172089826215,-0.0601969786170476));
#10449=CARTESIAN_POINT('',(0.0216543017510214,0.103198603694195,-0.0594603772041317));
#10450=CARTESIAN_POINT('',(0.0215694870137458,0.103223972759251,-0.0587236166179215));
#10451=CARTESIAN_POINT('',(0.0273624403998908,0.100110085352523,-0.103565497291293));
#10452=CARTESIAN_POINT('',(0.027353006853901,0.100117200649469,-0.103520210464939));
#10453=CARTESIAN_POINT('',(0.0273434203562973,0.100124345923834,-0.103474804819556));
#10454=CARTESIAN_POINT('',(0.0273262568128461,0.100136869041839,-0.103395473048553));
#10455=CARTESIAN_POINT('',(0.0273191562785448,0.100142127603949,-0.103362085724641));
#10456=CARTESIAN_POINT('',(0.0273065550789268,0.100152345150318,-0.103296257732718));
#10457=CARTESIAN_POINT('',(0.0273006718207058,0.100157499301331,-0.103262592149927));
#10458=CARTESIAN_POINT('',(0.027286811912592,0.100169485688919,-0.103183478954791));
#10459=CARTESIAN_POINT('',(0.0272792441427464,0.100176022547452,-0.103139998577545));
#10460=CARTESIAN_POINT('',(0.0272649259521485,0.100188314862174,-0.10305784258288));
#10461=CARTESIAN_POINT('',(0.0272579905973355,0.100194235784872,-0.103018048864504));
#10462=CARTESIAN_POINT('',(0.0272371395521433,0.100211969547239,-0.102898187841055));
#10463=CARTESIAN_POINT('',(0.0272230689915929,0.100223851886558,-0.102816975985894));
#10464=CARTESIAN_POINT('',(0.0271954280735467,0.100247009894655,-0.102657017879016));
#10465=CARTESIAN_POINT('',(0.0271818108082658,0.100258327287177,-0.102577988383167));
#10466=CARTESIAN_POINT('',(0.0271412666188315,0.100291795337539,-0.102341928007701));
#10467=CARTESIAN_POINT('',(0.0271145799501427,0.100313524081105,-0.102185515711015));
#10468=CARTESIAN_POINT('',(0.0270356746958782,0.100377017858665,-0.101720055972268));
#10469=CARTESIAN_POINT('',(0.0269847438463702,0.100416988076604,-0.101415578352251));
#10470=CARTESIAN_POINT('',(0.0268352591192556,0.100532173665965,-0.100510722078424));
#10471=CARTESIAN_POINT('',(0.0267400487634394,0.100602669561608,-0.0999192012131481));
#10472=CARTESIAN_POINT('',(0.0265556534669846,0.100735548574918,-0.098749489267899));
#10473=CARTESIAN_POINT('',(0.0264664057288163,0.100797961894736,-0.098170940784848));
#10474=CARTESIAN_POINT('',(0.0262050234024421,0.100976449590364,-0.0964471726626747));
#10475=CARTESIAN_POINT('',(0.026038992286321,0.101084159305165,-0.0953129656066169));
#10476=CARTESIAN_POINT('',(0.0257159471936353,0.10128598390539,-0.0930580629452948));
#10477=CARTESIAN_POINT('',(0.0255590387763671,0.101379950196343,-0.0919377084782897));
#10478=CARTESIAN_POINT('',(0.0252503997491152,0.101558405510424,-0.0897049544628851));
#10479=CARTESIAN_POINT('',(0.0250987092211573,0.101642845366226,-0.0885926331655714));
#10480=CARTESIAN_POINT('',(0.024798066345949,0.101804650503518,-0.0863730065553146));
#10481=CARTESIAN_POINT('',(0.0246491193289151,0.101881995160084,-0.085265777958384));
#10482=CARTESIAN_POINT('',(0.0243518430980373,0.102031306475041,-0.0830553475673478));
#10483=CARTESIAN_POINT('',(0.0242035756649659,0.10210323631277,-0.0819520409463232));
#10484=CARTESIAN_POINT('',(0.0237590992782563,0.102312018520453,-0.0786420429869481));
#10485=CARTESIAN_POINT('',(0.0234626121971417,0.102442214428904,-0.0764337499632524));
#10486=CARTESIAN_POINT('',(0.022878418940074,0.102683077760545,-0.07201668218909));
#10487=CARTESIAN_POINT('',(0.0225907604196771,0.102793755487259,-0.0698079323802505));
#10488=CARTESIAN_POINT('',(0.0220335069875935,0.102995558429505,-0.0653885134455079));
#10489=CARTESIAN_POINT('',(0.0217640576241129,0.10308667251289,-0.06317786927105));
#10490=CARTESIAN_POINT('',(0.0214258609839708,0.103194871333199,-0.0602285670288202));
#10491=CARTESIAN_POINT('',(0.0213430267734987,0.103220813442558,-0.0594910926007915));
#10492=CARTESIAN_POINT('',(0.0212622392225653,0.103245642229503,-0.0587534543772103));
#10493=CARTESIAN_POINT('',(0.0271436116966917,0.100133603392934,-0.103605789019051));
#10494=CARTESIAN_POINT('',(0.0271343759327054,0.100140669147882,-0.103560512322633));
#10495=CARTESIAN_POINT('',(0.0271249836911848,0.10014776416048,-0.10351511399713));
#10496=CARTESIAN_POINT('',(0.0271081445057026,0.100160197527974,-0.103435785076696));
#10497=CARTESIAN_POINT('',(0.0271011878375283,0.100165418237795,-0.103402405784219));
#10498=CARTESIAN_POINT('',(0.0270889239772879,0.10017557079719,-0.103336616270827));
#10499=CARTESIAN_POINT('',(0.0270832233080328,0.100180700946793,-0.10330295320168));
#10500=CARTESIAN_POINT('',(0.0270696724902116,0.100192685163691,-0.103223577350597));
#10501=CARTESIAN_POINT('',(0.0270622420585411,0.100199236702071,-0.103179876526627));
#10502=CARTESIAN_POINT('',(0.0270482153659326,0.100211538165261,-0.103097388666831));
#10503=CARTESIAN_POINT('',(0.0270414296576504,0.100217458135592,-0.103057458145436));
#10504=CARTESIAN_POINT('',(0.0270210220010019,0.100235190316055,-0.102937175758855));
#10505=CARTESIAN_POINT('',(0.0270072369550328,0.100247076027145,-0.10285565329995));
#10506=CARTESIAN_POINT('',(0.0269801684801737,0.100270229305103,-0.102695129903306));
#10507=CARTESIAN_POINT('',(0.0269668369910344,0.100281539750448,-0.102615839289643));
#10508=CARTESIAN_POINT('',(0.0269271428040957,0.100314981198058,-0.102379018919125));
#10509=CARTESIAN_POINT('',(0.0269010114579628,0.100336686242141,-0.102222121815099));
#10510=CARTESIAN_POINT('',(0.026823749774487,0.100400090088788,-0.101755294036432));
#10511=CARTESIAN_POINT('',(0.0267738886611713,0.100439972314568,-0.101450037633515));
#10512=CARTESIAN_POINT('',(0.0266275413032256,0.100554857608827,-0.100543044374844));
#10513=CARTESIAN_POINT('',(0.0265343298458742,0.100625104215654,-0.0999503711433307));
#10514=CARTESIAN_POINT('',(0.0263538186735238,0.100757446339179,-0.0987786709794062));
#10515=CARTESIAN_POINT('',(0.0262664536438081,0.10081957302198,-0.0981992784137763));
#10516=CARTESIAN_POINT('',(0.0260105906262363,0.100997179183935,-0.0964732658581129));
#10517=CARTESIAN_POINT('',(0.0258480735510152,0.101104277055074,-0.0953379266558966));
#10518=CARTESIAN_POINT('',(0.0255318590413246,0.101304890253361,-0.0930811009028032));
#10519=CARTESIAN_POINT('',(0.0253782650166206,0.101398255341218,-0.0919599632906456));
#10520=CARTESIAN_POINT('',(0.0250761223674673,0.101575533201112,-0.0897258474267358));
#10521=CARTESIAN_POINT('',(0.0249276129898557,0.101659396537548,-0.0886129492503556));
#10522=CARTESIAN_POINT('',(0.0246332358880298,0.10182007833,-0.0863922981695864));
#10523=CARTESIAN_POINT('',(0.0244873733970371,0.101896875918981,-0.0852846238705855));
#10524=CARTESIAN_POINT('',(0.02419619941389,0.102045121785087,-0.0830734040830046));
#10525=CARTESIAN_POINT('',(0.0240509484257351,0.102116533670946,-0.0819697510901594));
#10526=CARTESIAN_POINT('',(0.0236154123981081,0.102323822308826,-0.0786587079478718));
#10527=CARTESIAN_POINT('',(0.0233247505890733,0.102453106093794,-0.0764496708685033));
#10528=CARTESIAN_POINT('',(0.0227516808681088,0.102692327479409,-0.0720310807384686));
#10529=CARTESIAN_POINT('',(0.022469322025507,0.102802274532909,-0.0698215544465238));
#10530=CARTESIAN_POINT('',(0.0219219727120501,0.103002792408493,-0.0654005421529041));
#10531=CARTESIAN_POINT('',(0.0216571287459411,0.103093351584131,-0.0631890817730955));
#10532=CARTESIAN_POINT('',(0.0213245141855014,0.103200914911765,-0.0602386711739356));
#10533=CARTESIAN_POINT('',(0.0212430287899624,0.1032267068698,-0.059500918022841));
#10534=CARTESIAN_POINT('',(0.0211635410336994,0.103251393832083,-0.0587629995226255));
#10535=CARTESIAN_POINT('',(0.0267234202920015,0.100167988282804,-0.103681510466569));
#10536=CARTESIAN_POINT('',(0.0267145670800223,0.100174976985403,-0.103636255454001));
#10537=CARTESIAN_POINT('',(0.0267055595304478,0.100181993086821,-0.103590871966288));
#10538=CARTESIAN_POINT('',(0.0266893947765487,0.100194282986158,-0.10351154478651));
#10539=CARTESIAN_POINT('',(0.0266827230710108,0.100199443999501,-0.103478181363011));
#10540=CARTESIAN_POINT('',(0.0266710161009282,0.100209503996059,-0.103412484746856));
#10541=CARTESIAN_POINT('',(0.0266655918298136,0.100214606080585,-0.103378841798659));
#10542=CARTESIAN_POINT('',(0.0266526241485964,0.100226616776423,-0.103298979350271));
#10543=CARTESIAN_POINT('',(0.0266454946992769,0.100233210220837,-0.103254860438105));
#10544=CARTESIAN_POINT('',(0.0266320547670594,0.100245558134783,-0.103171749352296));
#10545=CARTESIAN_POINT('',(0.0266255578532912,0.100251491032492,-0.103131563987972));
#10546=CARTESIAN_POINT('',(0.02660601466471,0.100269263828669,-0.103010494879707));
#10547=CARTESIAN_POINT('',(0.0265928051733297,0.100281184053523,-0.102928388804293));
#10548=CARTESIAN_POINT('',(0.0265668733055865,0.100304384197873,-0.102766805946756));
#10549=CARTESIAN_POINT('',(0.026554103628416,0.100315709108108,-0.102687026892397));
#10550=CARTESIAN_POINT('',(0.0265160812303849,0.100349181879277,-0.102448784674116));
#10551=CARTESIAN_POINT('',(0.0264910473601101,0.100370894868061,-0.102290979468815));
#10552=CARTESIAN_POINT('',(0.0264170303231551,0.100434283239031,-0.101821589394242));
#10553=CARTESIAN_POINT('',(0.0263692668715873,0.100474097488878,-0.10151487635248));
#10554=CARTESIAN_POINT('',(0.0262290732498455,0.100588699418769,-0.100603884875652));
#10555=CARTESIAN_POINT('',(0.026139779407308,0.100658650255267,-0.100009054877352));
#10556=CARTESIAN_POINT('',(0.0259668616523062,0.100790311472999,-0.0988336352104001));
#10557=CARTESIAN_POINT('',(0.0258831727643585,0.100852054605722,-0.0982526635211415));
#10558=CARTESIAN_POINT('',(0.0256380755774765,0.101028450331374,-0.096522452097276));
#10559=CARTESIAN_POINT('',(0.0254823970222159,0.101134671312429,-0.0953849952112863));
#10560=CARTESIAN_POINT('',(0.0251794576156478,0.101333523419481,-0.0931245721510999));
#10561=CARTESIAN_POINT('',(0.0250322957783152,0.101426000870255,-0.0920019695126973));
#10562=CARTESIAN_POINT('',(0.0247427454839789,0.101601527933226,-0.0897653061032034));
#10563=CARTESIAN_POINT('',(0.0246003946346217,0.101684527498268,-0.088651328808247));
#10564=CARTESIAN_POINT('',(0.0243181353306796,0.101843519433344,-0.0864287612698184));
#10565=CARTESIAN_POINT('',(0.0241782318653367,0.101919490440105,-0.0853202531910055));
#10566=CARTESIAN_POINT('',(0.0238988357545144,0.102066121855448,-0.0831075569870494));
#10567=CARTESIAN_POINT('',(0.0237594011459998,0.102136746611233,-0.0820032562682213));
#10568=CARTESIAN_POINT('',(0.0233410896859771,0.102341765987884,-0.078690256194975));
#10569=CARTESIAN_POINT('',(0.0230616314334038,0.102469666625564,-0.0764798221589085));
#10570=CARTESIAN_POINT('',(0.0225099278180046,0.102706400763204,-0.0720583678373304));
#10571=CARTESIAN_POINT('',(0.0222377342529526,0.102815242329349,-0.0698473777622537));
#10572=CARTESIAN_POINT('',(0.0217093637288407,0.103013819010594,-0.0654233572045309));
#10573=CARTESIAN_POINT('',(0.0214533350709995,0.103103541643063,-0.0632103536050027));
#10574=CARTESIAN_POINT('',(0.0211313980995757,0.103210148430563,-0.0602578451790945));
#10575=CARTESIAN_POINT('',(0.0210524921257097,0.103235714523622,-0.0595195642972232));
#10576=CARTESIAN_POINT('',(0.0209754895213683,0.103260188269247,-0.0587811149607022));
#10577=CARTESIAN_POINT('',(0.0265221237413557,0.100178844668462,-0.103716927493886));
#10578=CARTESIAN_POINT('',(0.0265134552375767,0.100185805881978,-0.103671684033456));
#10579=CARTESIAN_POINT('',(0.0265046380826131,0.100192793356132,-0.103626308059567));
#10580=CARTESIAN_POINT('',(0.0264888234031016,0.100205029579361,-0.103546979754659));
#10581=CARTESIAN_POINT('',(0.0264822927636231,0.100210168765089,-0.10351362416483));
#10582=CARTESIAN_POINT('',(0.0264708050316212,0.100220201207748,-0.103447981991359));
#10583=CARTESIAN_POINT('',(0.0264654743465041,0.100225299235026,-0.103414356677988));
#10584=CARTESIAN_POINT('',(0.0264527805872698,0.100237338590764,-0.103334270377687));
#10585=CARTESIAN_POINT('',(0.0264458148190856,0.100243959265233,-0.103289953881478));
#10586=CARTESIAN_POINT('',(0.0264326701129509,0.100256344491233,-0.103206551532522));
#10587=CARTESIAN_POINT('',(0.0264263123011031,0.100262291274179,-0.103166248172359));
#10588=CARTESIAN_POINT('',(0.0264071900748403,0.100280106284655,-0.103044813838057));
#10589=CARTESIAN_POINT('',(0.0263942705894642,0.100292057662652,-0.102962434840865));
#10590=CARTESIAN_POINT('',(0.0263689027790427,0.100315309427527,-0.102800357982812));
#10591=CARTESIAN_POINT('',(0.0263564090720209,0.100326655762576,-0.102720351686146));
#10592=CARTESIAN_POINT('',(0.0263192082664401,0.100360186499632,-0.102481447849367));
#10593=CARTESIAN_POINT('',(0.0262947164339786,0.100381931160609,-0.102323219497672));
#10594=CARTESIAN_POINT('',(0.0262223001224455,0.100445394074725,-0.101852635584103));
#10595=CARTESIAN_POINT('',(0.0261755643362894,0.100485228404746,-0.10154524492784));
#10596=CARTESIAN_POINT('',(0.0260383863207451,0.100599847464206,-0.10063239287872));
#10597=CARTESIAN_POINT('',(0.0259510107011099,0.100669751960915,-0.10003655883596));
#10598=CARTESIAN_POINT('',(0.0257818012381187,0.100801269449527,-0.0988594085029892));
#10599=CARTESIAN_POINT('',(0.0256999052878648,0.100862915814445,-0.0982777020356722));
#10600=CARTESIAN_POINT('',(0.0254600531462544,0.101038983071672,-0.0965455368775512));
#10601=CARTESIAN_POINT('',(0.0253076980961831,0.101144939292563,-0.095407094809323));
#10602=CARTESIAN_POINT('',(0.0250112012836488,0.10134324226614,-0.0931449981386979));
#10603=CARTESIAN_POINT('',(0.0248671562889462,0.101435433552849,-0.0920217138663284));
#10604=CARTESIAN_POINT('',(0.0245837000785279,0.101610387795593,-0.0897838651908418));
#10605=CARTESIAN_POINT('',(0.0244443256666419,0.101693100361234,-0.0886693858397617));
#10606=CARTESIAN_POINT('',(0.0241679165147674,0.101851526272108,-0.0864459266410052));
#10607=CARTESIAN_POINT('',(0.024030886616932,0.101927217999994,-0.0853370306273023));
#10608=CARTESIAN_POINT('',(0.02375716426958,0.102073300869571,-0.0831236476578233));
#10609=CARTESIAN_POINT('',(0.0236205286671835,0.102143656667381,-0.08201904569713));
#10610=CARTESIAN_POINT('',(0.0232104986442496,0.102347900985677,-0.0787051342155254));
#10611=CARTESIAN_POINT('',(0.0229364168449746,0.102475330983993,-0.0764940475210225));
#10612=CARTESIAN_POINT('',(0.0223949522746225,0.102711220508722,-0.0720712518597603));
#10613=CARTESIAN_POINT('',(0.0221276226154235,0.102819687565656,-0.0698595747374821));
#10614=CARTESIAN_POINT('',(0.021608323585371,0.103017608654397,-0.0654341397906977));
#10615=CARTESIAN_POINT('',(0.0213565033551037,0.103107049881859,-0.0632204094399465));
#10616=CARTESIAN_POINT('',(0.021039660094418,0.10321333588568,-0.0602669118987983));
#10617=CARTESIAN_POINT('',(0.0209619842927238,0.103238826327413,-0.0595283820981439));
#10618=CARTESIAN_POINT('',(0.0208861666269241,0.103263228739917,-0.058789682291135));
#10619=CARTESIAN_POINT('',(0.0261374720639803,0.100190560198208,-0.103783225298562));
#10620=CARTESIAN_POINT('',(0.0261291570136555,0.100197483684948,-0.103738006038594));
#10621=CARTESIAN_POINT('',(0.0261207161567093,0.100204431519204,-0.103692644669928));
#10622=CARTESIAN_POINT('',(0.0261056341793463,0.100216592232635,-0.103613308048879));
#10623=CARTESIAN_POINT('',(0.0260993824386481,0.100221700833531,-0.103579967493853));
#10624=CARTESIAN_POINT('',(0.0260881867722505,0.100231700083943,-0.103514452718045));
#10625=CARTESIAN_POINT('',(0.0260829327694226,0.100236799539382,-0.103480879775432));
#10626=CARTESIAN_POINT('',(0.0260707432814712,0.100248917563151,-0.103400382051067));
#10627=CARTESIAN_POINT('',(0.0260641376416025,0.100255603967523,-0.103355689934702));
#10628=CARTESIAN_POINT('',(0.0260515881558495,0.100268085656025,-0.103271741438403));
#10629=CARTESIAN_POINT('',(0.0260454955365708,0.10027407094473,-0.103231219410444));
#10630=CARTESIAN_POINT('',(0.0260271876653723,0.100292002674316,-0.103109105975116));
#10631=CARTESIAN_POINT('',(0.0260148539945599,0.100304038097218,-0.103026214835826));
#10632=CARTESIAN_POINT('',(0.0259906044150578,0.100327436208465,-0.102863214367313));
#10633=CARTESIAN_POINT('',(0.0259786507754871,0.100338846802536,-0.102782784397417));
#10634=CARTESIAN_POINT('',(0.0259430588916304,0.100372557497138,-0.102542646766973));
#10635=CARTESIAN_POINT('',(0.0259196354522299,0.100394407973878,-0.10238362796525));
#10636=CARTESIAN_POINT('',(0.0258503701812659,0.100458146402333,-0.101910814220094));
#10637=CARTESIAN_POINT('',(0.0258056398111242,0.100498103716482,-0.101602160495695));
#10638=CARTESIAN_POINT('',(0.0256743498595554,0.100613001666539,-0.100685838940636));
#10639=CARTESIAN_POINT('',(0.0255907172885542,0.100682971373741,-0.100088131811984));
#10640=CARTESIAN_POINT('',(0.0254287216445471,0.100814507736055,-0.0989077550570761));
#10641=CARTESIAN_POINT('',(0.0253503088974509,0.100876109108181,-0.0983246787966215));
#10642=CARTESIAN_POINT('',(0.0251206351589358,0.101051953123093,-0.0965888716472714));
#10643=CARTESIAN_POINT('',(0.0249747130101933,0.101157653174747,-0.0954485936915179));
#10644=CARTESIAN_POINT('',(0.024690669545028,0.101355380604024,-0.0931833782355063));
#10645=CARTESIAN_POINT('',(0.0245526404083826,0.101447248857473,-0.0920588237419823));
#10646=CARTESIAN_POINT('',(0.024280932016948,0.101621536517286,-0.0898187665336003));
#10647=CARTESIAN_POINT('',(0.0241472880040222,0.101703904799109,-0.0887033517963056));
#10648=CARTESIAN_POINT('',(0.0238821302611866,0.101861641240786,-0.0864782313867241));
#10649=CARTESIAN_POINT('',(0.0237506210251336,0.101936987270428,-0.0853686126828468));
#10650=CARTESIAN_POINT('',(0.0234877885798832,0.102082384175642,-0.0831539507257975));
#10651=CARTESIAN_POINT('',(0.0233565199367876,0.10215240022567,-0.0820487879045659));
#10652=CARTESIAN_POINT('',(0.0229623558169146,0.102355666266265,-0.0787331775501868));
#10653=CARTESIAN_POINT('',(0.0226985564544866,0.102482506238366,-0.0765208710826031));
#10654=CARTESIAN_POINT('',(0.0221766494535809,0.102717340744003,-0.0720955633880527));
#10655=CARTESIAN_POINT('',(0.0219185974242587,0.10282534199304,-0.0698825970972941));
#10656=CARTESIAN_POINT('',(0.0214165858814476,0.10302245218728,-0.0654545041098313));
#10657=CARTESIAN_POINT('',(0.0211727770619993,0.103111547843979,-0.0632394059949687));
#10658=CARTESIAN_POINT('',(0.0208656245108207,0.103217442125279,-0.0602840447921846));
#10659=CARTESIAN_POINT('',(0.0207902885726388,0.103242840397316,-0.0595450458122397));
#10660=CARTESIAN_POINT('',(0.020716724306969,0.103267156084605,-0.0588058737422538));
#10661=CARTESIAN_POINT('',(0.0259541830880961,0.100191408878495,-0.103814093383479));
#10662=CARTESIAN_POINT('',(0.0259460367212219,0.100198322148811,-0.103768886770058));
#10663=CARTESIAN_POINT('',(0.0259377817264303,0.10020525899258,-0.103723532488705));
#10664=CARTESIAN_POINT('',(0.0259230823776014,0.10021739791386,-0.103644188661428));
#10665=CARTESIAN_POINT('',(0.0259169684391741,0.100222497774115,-0.10361085530366));
#10666=CARTESIAN_POINT('',(0.0259058452876006,0.10023249140814,-0.103545413506811));
#10667=CARTESIAN_POINT('',(0.0259005741578873,0.100237596355407,-0.103511875327652));
#10668=CARTESIAN_POINT('',(0.0258886148949074,0.100249764397579,-0.103431190120579));
#10669=CARTESIAN_POINT('',(0.0258822057391784,0.100256489305667,-0.103386320025531));
#10670=CARTESIAN_POINT('',(0.0258699562114053,0.100269030154381,-0.103302116742768));
#10671=CARTESIAN_POINT('',(0.0258639896367127,0.100275040069101,-0.103261494086924));
#10672=CARTESIAN_POINT('',(0.0258460750410546,0.10029304632018,-0.103139066909124));
#10673=CARTESIAN_POINT('',(0.0258340371447986,0.100305134645994,-0.103055936640499));
#10674=CARTESIAN_POINT('',(0.0258103416322871,0.100328627507081,-0.102892506732654));
#10675=CARTESIAN_POINT('',(0.0257986520243404,0.100340080948108,-0.10281188041241));
#10676=CARTESIAN_POINT('',(0.0257638472757955,0.100373913673945,-0.102571170841014));
#10677=CARTESIAN_POINT('',(0.025740950076154,0.100395838322261,-0.102411784883193));
#10678=CARTESIAN_POINT('',(0.025673234770027,0.10045977780982,-0.101937935562438));
#10679=CARTESIAN_POINT('',(0.025629481890344,0.100499838091871,-0.10162869662585));
#10680=CARTESIAN_POINT('',(0.0255010636357159,0.100614998001793,-0.100710766798164));
#10681=CARTESIAN_POINT('',(0.0254192553969996,0.100685079401002,-0.100112190984169));
#10682=CARTESIAN_POINT('',(0.0252607642787324,0.100816778653025,-0.0989303190916764));
#10683=CARTESIAN_POINT('',(0.0251840413014783,0.100878431945419,-0.098346608079134));
#10684=CARTESIAN_POINT('',(0.0249592994441712,0.101054381620645,-0.0966091133732668));
#10685=CARTESIAN_POINT('',(0.0248164857176969,0.101160090549484,-0.0954679850676027));
#10686=CARTESIAN_POINT('',(0.0245384510797732,0.101357792123759,-0.0932013250415266));
#10687=CARTESIAN_POINT('',(0.024403320006378,0.101449623777935,-0.0920761822079405));
#10688=CARTESIAN_POINT('',(0.0241372634572086,0.101623818197552,-0.089835102163742));
#10689=CARTESIAN_POINT('',(0.0240063724653348,0.101706129447585,-0.0887192542797423));
#10690=CARTESIAN_POINT('',(0.0237466141070367,0.101863742932602,-0.0864933646464828));
#10691=CARTESIAN_POINT('',(0.0236177510331577,0.101939022778634,-0.0853834113301727));
#10692=CARTESIAN_POINT('',(0.0233601328654149,0.102084282721398,-0.0831681574053837));
#10693=CARTESIAN_POINT('',(0.0232314312468961,0.102154228201848,-0.0820627350777759));
#10694=CARTESIAN_POINT('',(0.0228448488215624,0.102357291656167,-0.0787463375986686));
#10695=CARTESIAN_POINT('',(0.0225859536115997,0.102484012625859,-0.0765334642590293));
#10696=CARTESIAN_POINT('',(0.0220733616106784,0.102718637414352,-0.0721069863668621));
#10697=CARTESIAN_POINT('',(0.0218197216114781,0.102826547669633,-0.0698934182076495));
#10698=CARTESIAN_POINT('',(0.0213259228851901,0.10302350309705,-0.0654640820847344));
#10699=CARTESIAN_POINT('',(0.0210859155656647,0.103112534818408,-0.0632483432201293));
#10700=CARTESIAN_POINT('',(0.0207833582146796,0.103218358424646,-0.0602921078255274));
#10701=CARTESIAN_POINT('',(0.0207091315332702,0.103243740240639,-0.0595528886740028));
#10702=CARTESIAN_POINT('',(0.0206366353104791,0.103268040594711,-0.058813494900711));
#10703=CARTESIAN_POINT('',(0.0256104762543522,0.10018767224878,-0.103871163764215));
#10704=CARTESIAN_POINT('',(0.0256026437872884,0.100194574524308,-0.103825982490791));
#10705=CARTESIAN_POINT('',(0.0255947478326079,0.100201500219965,-0.103780641198725));
#10706=CARTESIAN_POINT('',(0.0255808296467479,0.100213619253028,-0.103701276573587));
#10707=CARTESIAN_POINT('',(0.0255749820287799,0.100218709726426,-0.103667956410642));
#10708=CARTESIAN_POINT('',(0.0255638536424781,0.100228691301593,-0.103602674496114));
#10709=CARTESIAN_POINT('',(0.0255584379473581,0.100233801749313,-0.10356921979088));
#10710=CARTESIAN_POINT('',(0.025546884514126,0.100246074750929,-0.103488194606759));
#10711=CARTESIAN_POINT('',(0.0255408920447441,0.100252883848235,-0.103442989020358));
#10712=CARTESIAN_POINT('',(0.0255292331939354,0.100265552301927,-0.10335831265093));
#10713=CARTESIAN_POINT('',(0.0255234997548069,0.100271614851342,-0.103317505680838));
#10714=CARTESIAN_POINT('',(0.025506325706626,0.100289781419158,-0.103194501561323));
#10715=CARTESIAN_POINT('',(0.0254948714794714,0.100301985326805,-0.103110926903596));
#10716=CARTESIAN_POINT('',(0.0254722486080286,0.100325685714548,-0.102946702256953));
#10717=CARTESIAN_POINT('',(0.0254610630140372,0.100337233426973,-0.102865713737618));
#10718=CARTESIAN_POINT('',(0.0254277621250411,0.100371336436467,-0.102623948873753));
#10719=CARTESIAN_POINT('',(0.0254058777784954,0.100393428010877,-0.102463884130624));
#10720=CARTESIAN_POINT('',(0.0253411419563802,0.100457826041015,-0.101988120579877));
#10721=CARTESIAN_POINT('',(0.0252992505982686,0.100498129711113,-0.101677802452642));
#10722=CARTESIAN_POINT('',(0.0251763061760514,0.100613927866544,-0.100756905443327));
#10723=CARTESIAN_POINT('',(0.0250979749274776,0.10068431081057,-0.100156726219118));
#10724=CARTESIAN_POINT('',(0.024946142533554,0.100816489917932,-0.0989720968587256));
#10725=CARTESIAN_POINT('',(0.0248726267380721,0.100878323626306,-0.0983872152401664));
#10726=CARTESIAN_POINT('',(0.0246572370660938,0.101054711273552,-0.0966466086235391));
#10727=CARTESIAN_POINT('',(0.0245203047582834,0.101160584513915,-0.0955039129289121));
#10728=CARTESIAN_POINT('',(0.0242536282168807,0.101358517719832,-0.0932345902834384));
#10729=CARTESIAN_POINT('',(0.0241239691860153,0.101450413042915,-0.0921083630765378));
#10730=CARTESIAN_POINT('',(0.0238685745044309,0.101624685578612,-0.089865398066711));
#10731=CARTESIAN_POINT('',(0.0237428719117607,0.101707010499788,-0.0887487520681243));
#10732=CARTESIAN_POINT('',(0.023493281801921,0.101864625116967,-0.086521445154326));
#10733=CARTESIAN_POINT('',(0.0233693981397659,0.101939891919791,-0.0854108753880756));
#10734=CARTESIAN_POINT('',(0.0231215850703434,0.102085109045619,-0.0831945312084496));
#10735=CARTESIAN_POINT('',(0.0229977070940438,0.102155025102816,-0.0820886310687574));
#10736=CARTESIAN_POINT('',(0.0226253626614937,0.102358005649155,-0.0787707831525952));
#10737=CARTESIAN_POINT('',(0.0223756655722107,0.102484686128938,-0.0765568633413058));
#10738=CARTESIAN_POINT('',(0.0218805294365212,0.102719247699776,-0.0721282220483086));
#10739=CARTESIAN_POINT('',(0.0216351493612349,0.102827134825168,-0.0699135396762097));
#10740=CARTESIAN_POINT('',(0.0211567164568,0.103024060845825,-0.0654818996148818));
#10741=CARTESIAN_POINT('',(0.0209238163398057,0.103113086064948,-0.0632649719827445));
#10742=CARTESIAN_POINT('',(0.0206298465911032,0.103218907673286,-0.0603071133316787));
#10743=CARTESIAN_POINT('',(0.0205576926112652,0.103244289536869,-0.0595674852369461));
#10744=CARTESIAN_POINT('',(0.0204871918365674,0.103268590386084,-0.058827679570264));
#10745=CARTESIAN_POINT('',(0.0254492327855409,0.100183475037388,-0.103897563815294));
#10746=CARTESIAN_POINT('',(0.0254415458221028,0.100190375756158,-0.103852395262239));
#10747=CARTESIAN_POINT('',(0.0254338237737222,0.100197300706734,-0.103807059837474));
#10748=CARTESIAN_POINT('',(0.0254203069321394,0.1002094212948,-0.103727681344286));
#10749=CARTESIAN_POINT('',(0.0254145883800032,0.100214510688075,-0.103694367165499));
#10750=CARTESIAN_POINT('',(0.0254033780106643,0.100224482628793,-0.103629172817336));
#10751=CARTESIAN_POINT('',(0.0253978313296107,0.100229590883396,-0.103595767226728));
#10752=CARTESIAN_POINT('',(0.0253864530431933,0.100241917511595,-0.103514588311164));
#10753=CARTESIAN_POINT('',(0.0253806825842605,0.100248772591435,-0.103469223931462));
#10754=CARTESIAN_POINT('',(0.0253693158010917,0.100261509019645,-0.103384327488289));
#10755=CARTESIAN_POINT('',(0.025363689552882,0.100267599072764,-0.103343436152396));
#10756=CARTESIAN_POINT('',(0.0253468635054209,0.100285850120841,-0.103220166696189));
#10757=CARTESIAN_POINT('',(0.0253356985627595,0.100298116253082,-0.103136385110715));
#10758=CARTESIAN_POINT('',(0.0253135962444369,0.100321928132865,-0.102971792196514));
#10759=CARTESIAN_POINT('',(0.0253026513642616,0.100333526506004,-0.102890636481));
#10760=CARTESIAN_POINT('',(0.0252700694456335,0.100367775502423,-0.102648384338357));
#10761=CARTESIAN_POINT('',(0.0252486734784726,0.100389958449134,-0.102488005433464));
#10762=CARTESIAN_POINT('',(0.0251853723471943,0.100454609775302,-0.102011356087218));
#10763=CARTESIAN_POINT('',(0.0251443678570812,0.100495050813898,-0.101700539966565));
#10764=CARTESIAN_POINT('',(0.0250240343076003,0.100611216324919,-0.100778273002643));
#10765=CARTESIAN_POINT('',(0.0249473615910974,0.100681783351209,-0.100177353080758));
#10766=CARTESIAN_POINT('',(0.0247986945053198,0.100814267918228,-0.0989914511285624));
#10767=CARTESIAN_POINT('',(0.0247267016082685,0.100876224502024,-0.0984060293000739));
#10768=CARTESIAN_POINT('',(0.0245157485431718,0.101052927964457,-0.0966639867499668));
#10769=CARTESIAN_POINT('',(0.0243815998412367,0.101158946101646,-0.0955205681863415));
#10770=CARTESIAN_POINT('',(0.0241202937702148,0.101357116594149,-0.0932500175837598));
#10771=CARTESIAN_POINT('',(0.0239932193049872,0.101449102522387,-0.0921232903062247));
#10772=CARTESIAN_POINT('',(0.0237428558552847,0.101623527805565,-0.0898794561415709));
#10773=CARTESIAN_POINT('',(0.0236195992610876,0.101705914485957,-0.0887624421968379));
#10774=CARTESIAN_POINT('',(0.0233747993532214,0.101863635944968,-0.0865344819317677));
#10775=CARTESIAN_POINT('',(0.023253259657825,0.10193894758434,-0.085423628021119));
#10776=CARTESIAN_POINT('',(0.0230100589726626,0.10208424280372,-0.0832067814540024));
#10777=CARTESIAN_POINT('',(0.0228884484562174,0.102154192263262,-0.0821006612034124));
#10778=CARTESIAN_POINT('',(0.022522792921892,0.102357270137702,-0.078782144587544));
#10779=CARTESIAN_POINT('',(0.0222774116656774,0.102484015399349,-0.0765677414397234));
#10780=CARTESIAN_POINT('',(0.0217904590608037,0.102718698687971,-0.0721380994525017));
#10781=CARTESIAN_POINT('',(0.0215489476818725,0.102826642615279,-0.0699229009902332));
#10782=CARTESIAN_POINT('',(0.021077707203414,0.103023674462322,-0.065490192575062));
#10783=CARTESIAN_POINT('',(0.0208481314143831,0.103112748636601,-0.063272713123017));
#10784=CARTESIAN_POINT('',(0.0205581768409168,0.103218629175827,-0.0603141003192728));
#10785=CARTESIAN_POINT('',(0.0204869918256581,0.103244025236718,-0.059574282179598));
#10786=CARTESIAN_POINT('',(0.0204174237891882,0.103268339732809,-0.058834285048174));
#10787=CARTESIAN_POINT('',(0.0252877729059422,0.100179404108458,-0.103924019459707));
#10788=CARTESIAN_POINT('',(0.025280230379663,0.100186302772584,-0.103878863781851));
#10789=CARTESIAN_POINT('',(0.0252726835409691,0.100193227035319,-0.103833534058197));
#10790=CARTESIAN_POINT('',(0.0252595786261585,0.100205351226987,-0.103754140281337));
#10791=CARTESIAN_POINT('',(0.0252539901367206,0.100210439589314,-0.103720831963327));
#10792=CARTESIAN_POINT('',(0.0252426710034618,0.10022039525039,-0.103655728816319));
#10793=CARTESIAN_POINT('',(0.0252369722515377,0.100225496191683,-0.10362237516236));
#10794=CARTESIAN_POINT('',(0.0252257631146097,0.100237874743312,-0.103541042929162));
#10795=CARTESIAN_POINT('',(0.0252202227813222,0.100244777578829,-0.103495518346263));
#10796=CARTESIAN_POINT('',(0.0252091519220438,0.100257582602774,-0.103410400827152));
#10797=CARTESIAN_POINT('',(0.0252036316584897,0.100263699728883,-0.103369425087438));
#10798=CARTESIAN_POINT('',(0.0251871523320986,0.100282034515826,-0.103245889853759));
#10799=CARTESIAN_POINT('',(0.0251762807518452,0.100294363540877,-0.103161900346409));
#10800=CARTESIAN_POINT('',(0.0251547027727217,0.100318287213804,-0.102996937847628));
#10801=CARTESIAN_POINT('',(0.0251439990913438,0.100329936064041,-0.102915614499687));
#10802=CARTESIAN_POINT('',(0.0251121378820262,0.100364330561277,-0.102672873770733));
#10803=CARTESIAN_POINT('',(0.0250912329221662,0.10038660490025,-0.102512179674362));
#10804=CARTESIAN_POINT('',(0.0250293736960698,0.100451509424956,-0.102034641670664));
#10805=CARTESIAN_POINT('',(0.0249892575801996,0.100492086989034,-0.101723326299496));
#10806=CARTESIAN_POINT('',(0.0248715407718876,0.100608617683016,-0.100799685733041));
#10807=CARTESIAN_POINT('',(0.0247965309207378,0.100679367493357,-0.100198023039344));
#10808=CARTESIAN_POINT('',(0.0246510345538639,0.100812154275431,-0.099010845242889));
#10809=CARTESIAN_POINT('',(0.0245805669999422,0.100874232109464,-0.0984248818325648));
#10810=CARTESIAN_POINT('',(0.0243740572055884,0.101051246508544,-0.0966813997394024));
#10811=CARTESIAN_POINT('',(0.0242426953727494,0.101157406217782,-0.0955372565838052));
#10812=CARTESIAN_POINT('',(0.0239867661017389,0.101355807608282,-0.0932654750967379));
#10813=CARTESIAN_POINT('',(0.0238622792461701,0.101447881073406,-0.0921382465587239));
#10814=CARTESIAN_POINT('',(0.0236169528897552,0.101622453157445,-0.0898935411878143));
#10815=CARTESIAN_POINT('',(0.0234961451171569,0.101704898720727,-0.088776158437233));
#10816=CARTESIAN_POINT('',(0.0232561410463944,0.101862721471488,-0.0865475432949901));
#10817=CARTESIAN_POINT('',(0.023136948122832,0.101938075272201,-0.0854364045771567));
#10818=CARTESIAN_POINT('',(0.0228983654025104,0.102083443404627,-0.0832190544505684));
#10819=CARTESIAN_POINT('',(0.0227790251220955,0.102153423762772,-0.0821127135765613));
#10820=CARTESIAN_POINT('',(0.0224200667914644,0.102356591729796,-0.0787935267440199));
#10821=CARTESIAN_POINT('',(0.022179006883268,0.102483397314761,-0.0765786392255562));
#10822=CARTESIAN_POINT('',(0.0217002487165886,0.102718194281423,-0.0721479944741439));
#10823=CARTESIAN_POINT('',(0.0214626114159663,0.102826191424518,-0.0699322788891993));
#10824=CARTESIAN_POINT('',(0.0209985736018456,0.103023322761072,-0.065498500047097));
#10825=CARTESIAN_POINT('',(0.0207723270020692,0.103112443138218,-0.0632804677351299));
#10826=CARTESIAN_POINT('',(0.0204863935778623,0.103218379443301,-0.0603210993892597));
#10827=CARTESIAN_POINT('',(0.0204161789781059,0.103243788952458,-0.059581090857076));
#10828=CARTESIAN_POINT('',(0.0203475450842381,0.103268116386869,-0.0588409019131358));
#10829=CARTESIAN_POINT('',(0.0249999999930136,0.102487814478332,-0.058637757810775));
#10830=CARTESIAN_POINT('',(0.0249999999930136,0.102487885088791,-0.0651227050308997));
#10831=CARTESIAN_POINT('',(0.0250000000015877,0.102339976160153,-0.074849543064001));
#10832=CARTESIAN_POINT('',(0.0249999999996826,0.101737238232697,-0.087806594885807));
#10833=CARTESIAN_POINT('',(0.025,0.101279593873924,-0.0942736648960308));
#10834=CARTESIAN_POINT('',(0.025,0.100964718576129,-0.0975));
#10835=CARTESIAN_POINT('',(0.0249999999875195,0.102487806712481,-0.0586374518800011));
#10836=CARTESIAN_POINT('',(0.025,0.100964718576129,-0.0975));
#10837=CARTESIAN_POINT('',(0.0254491632434659,0.102327357721408,-0.061118414143388));
#10838=CARTESIAN_POINT('',(0.0252929756611625,0.102384537195138,-0.060279778513154));
#10839=CARTESIAN_POINT('',(0.0251432168155012,0.102437902007259,-0.0594527875295641));
#10840=CARTESIAN_POINT('',(0.0250000518540632,0.102487780880961,-0.0586374411926181));
#10841=CARTESIAN_POINT('',(0.0248056400057338,0.100714240826377,-0.0998838376546321));
#10842=CARTESIAN_POINT('',(0.0249734246491366,0.100803619040438,-0.099098241197812));
#10843=CARTESIAN_POINT('',(0.025,0.100886597485312,-0.0983004591640853));
#10844=CARTESIAN_POINT('',(0.025,0.100964718576129,-0.0975));
#10845=CARTESIAN_POINT('',(0.0249510989226291,0.0891201452645262,0.0861313728125772));
#10846=CARTESIAN_POINT('',(0.032985581453632,0.0891201452645262,0.0861313728125772));
#10847=CARTESIAN_POINT('',(0.0249510989226291,0.0903307388895171,0.0824786048853579));
#10848=CARTESIAN_POINT('',(0.032985581453632,0.0903307388895171,0.0824786048853579));
#10849=CARTESIAN_POINT('',(0.0249510989226291,0.0927057448063433,0.0749397290523554));
#10850=CARTESIAN_POINT('',(0.032985581453632,0.0927057448063433,0.0749397290523554));
#10851=CARTESIAN_POINT('',(0.0249510989226291,0.0953954559135825,0.0642525221035651));
#10852=CARTESIAN_POINT('',(0.0329855814536319,0.0953954559135825,0.0642525221035651));
#10853=CARTESIAN_POINT('',(0.0249510989226291,0.0972770858403721,0.0545017911520374));
#10854=CARTESIAN_POINT('',(0.032985581453632,0.0972770858403721,0.0545017911520374));
#10855=CARTESIAN_POINT('',(0.0249510989226291,0.0989599649406366,0.043921283849016));
#10856=CARTESIAN_POINT('',(0.032985581453632,0.0989599649406366,0.043921283849016));
#10857=CARTESIAN_POINT('',(0.0249510989226291,0.100006283743716,0.0352382136445118));
#10858=CARTESIAN_POINT('',(0.032985581453632,0.100006283743716,0.0352382136445118));
#10859=CARTESIAN_POINT('',(0.0249510989226291,0.100610483510482,0.0292495856122149));
#10860=CARTESIAN_POINT('',(0.032985581453632,0.100610483510482,0.0292495856122149));
#10861=CARTESIAN_POINT('',(0.025,0.0859176591038704,0.095530092716217));
#10862=CARTESIAN_POINT('',(0.025,0.0897828598572913,0.0843121645380145));
#10863=CARTESIAN_POINT('',(0.025,0.0993273953001393,0.0571650452151719));
#10864=CARTESIAN_POINT('',(0.025,0.104977250117928,-0.0220677585177737));
#10865=CARTESIAN_POINT('',(0.025,0.102597518207092,-0.0792271939719303));
#10866=CARTESIAN_POINT('',(0.025,0.100933760404587,-0.0989859476685524));
#10867=CARTESIAN_POINT('',(0.025,0.100227743387222,-0.103607557713985));
#10868=CARTESIAN_POINT('',(0.025,0.100185596616335,-0.103883451828328));
#10869=CARTESIAN_POINT('',(0.025,0.100143449845447,-0.104159345942671));
#10870=CARTESIAN_POINT('',(0.025,0.10010130307456,-0.104435240057013));
#10871=CARTESIAN_POINT('',(0.0977604791666642,0.0202742275508698,-0.097431370633093));
#10872=CARTESIAN_POINT('',(0.0977604791666642,0.0540678121974147,-0.097431370633093));
#10873=CARTESIAN_POINT('',(0.0972616504939415,0.0202742275508699,-0.102297906755281));
#10874=CARTESIAN_POINT('',(0.0972616504939415,0.0540678121974148,-0.102297906755281));
#10875=CARTESIAN_POINT('',(0.0968689229982394,0.0202742275508698,-0.106522250867507));
#10876=CARTESIAN_POINT('',(0.0968689229982394,0.0540678121974147,-0.106522250867507));
#10877=CARTESIAN_POINT('',(0.0965131671359395,0.0202742275508698,-0.110297512742388));
#10878=CARTESIAN_POINT('',(0.0965131671359395,0.0540678121974147,-0.110297512742388));
#10879=CARTESIAN_POINT('',(0.0965131671359396,0.0233339052756911,-0.110297512742388));
#10880=CARTESIAN_POINT('',(0.0965438201572879,0.0233089683673514,-0.109972224545876));
#10881=CARTESIAN_POINT('',(0.0965744055911157,0.0232813298840584,-0.10964716255885));
#10882=CARTESIAN_POINT('',(0.0966049499321311,0.0232499619796638,-0.109322417759679));
#10883=CARTESIAN_POINT('',(0.0966049499321311,0.0232499619796638,-0.109322417759679));
#10884=CARTESIAN_POINT('',(0.0966049499321311,0.0371710198741424,-0.109322417759679));
#10885=CARTESIAN_POINT('',(0.0966049499321311,0.0217500380203362,-0.109322417759679));
#10886=CARTESIAN_POINT('',(0.0966049499321311,0.0217500380203363,-0.109322417759679));
#10887=CARTESIAN_POINT('',(0.0965744055911157,0.0217186701159417,-0.10964716255885));
#10888=CARTESIAN_POINT('',(0.0965438201572879,0.0216910316326484,-0.109972224545876));
#10889=CARTESIAN_POINT('',(0.0965131671359396,0.0216660947243088,-0.110297512742388));
#10890=CARTESIAN_POINT('',(0.0965131671359396,0.0538674549761898,-0.110297512742388));
#10891=CARTESIAN_POINT('',(0.0965193126249741,0.0538618108518844,-0.11023229714677));
#10892=CARTESIAN_POINT('',(0.0965254562854997,0.0538561702617892,-0.110167081073099));
#10893=CARTESIAN_POINT('',(0.0965315984077547,0.0538505329564463,-0.11010186457052));
#10894=CARTESIAN_POINT('',(0.,0.01,0.000282588250714533));
#10895=CARTESIAN_POINT('',(-0.0982403349401193,0.01,-0.00102553107864023));
#10896=CARTESIAN_POINT('',(-0.0880106560153928,0.01,-0.112466862836117));
#10897=CARTESIAN_POINT('',(-0.0880106560153928,0.01,-0.112466862836117));
#10898=CARTESIAN_POINT('',(-0.0898023860534156,0.01,-0.108257310785025));
#10899=CARTESIAN_POINT('',(-0.0905856560153928,0.01,-0.106417069451215));
#10900=CARTESIAN_POINT('',(-0.0925856560153928,0.01,-0.106417069451215));
#10901=CARTESIAN_POINT('',(-0.0925856560153928,0.01,-0.0130236922560729));
#10902=CARTESIAN_POINT('',(-0.0925856560153928,0.01,0.0788438766824005));
#10903=CARTESIAN_POINT('',(-0.0905856560153928,0.01,0.0788438766824005));
#10904=CARTESIAN_POINT('',(-0.0898023860534156,0.01,0.0806841180162109));
#10905=CARTESIAN_POINT('',(-0.0880106560153928,0.01,0.0848936700673022));
#10906=CARTESIAN_POINT('',(-0.0880106560153929,0.01,0.0848936700673022));
#10907=CARTESIAN_POINT('',(0.,0.01,0.000282588250714533));
#10908=CARTESIAN_POINT('',(0.0925856560153928,0.01,-0.0130236922560729));
#10909=CARTESIAN_POINT('',(0.0925856560153928,0.01,-0.106417069451215));
#10910=CARTESIAN_POINT('',(0.0925856560153928,0.01,0.0788438766824005));
#10911=CARTESIAN_POINT('',(0.0905856560153928,0.01,-0.106417069451215));
#10912=CARTESIAN_POINT('',(0.0898023860534156,0.01,-0.108257310785025));
#10913=CARTESIAN_POINT('',(0.0880106560153928,0.01,-0.112466862836117));
#10914=CARTESIAN_POINT('',(0.0880106560153928,0.01,-0.112466862836117));
#10915=CARTESIAN_POINT('',(0.0982403349401193,0.01,-0.00137550455660174));
#10916=CARTESIAN_POINT('',(0.0880106560153928,0.01,0.0848936700673022));
#10917=CARTESIAN_POINT('',(0.0880106560153929,0.01,0.0848936700673022));
#10918=CARTESIAN_POINT('',(0.0898023860534156,0.01,0.0806841180162109));
#10919=CARTESIAN_POINT('',(0.0905856560153928,0.01,0.0788438766824005));
#10920=CARTESIAN_POINT('',(7.55064134057955,0.0218864121016479,-7.40118736736545));
#10921=CARTESIAN_POINT('',(0.101324304938316,0.0562836490571499,-0.112529514536299));
#10922=CARTESIAN_POINT('',(0.100731496042931,0.056786092635585,-0.113135429457915));
#10923=CARTESIAN_POINT('',(0.100148868243349,0.0573130054623349,-0.113730948706578));
#10924=CARTESIAN_POINT('',(0.0995706046443427,0.0578499184095949,-0.114322417759676));
#10925=CARTESIAN_POINT('',(0.0995706046443401,0.013096923999508,-0.114322417759679));
#10926=CARTESIAN_POINT('',(0.100286557654288,0.0149947643928379,-0.11359011496631));
#10927=CARTESIAN_POINT('',(0.100866888516675,0.0169876920263744,-0.112997043680045));
#10928=CARTESIAN_POINT('',(0.101324304938316,0.0190665721930512,-0.112529514536299));
#10929=CARTESIAN_POINT('',(0.101324304938316,0.0562836490571499,0.0861313732589861));
#10930=CARTESIAN_POINT('',(0.101324304938316,0.0562836490571499,-0.114322417759679));
#10931=CARTESIAN_POINT('',(0.102114762126137,0.0479229909693508,0.0861313732589861));
#10932=CARTESIAN_POINT('',(0.102114762126137,0.0479229909693508,-0.114322417759679));
#10933=CARTESIAN_POINT('',(0.103701137373379,0.0311989674226739,0.0861313732589861));
#10934=CARTESIAN_POINT('',(0.103701137373379,0.0311989674226739,-0.114322417759679));
#10935=CARTESIAN_POINT('',(0.101351857089575,0.0164261489125501,0.0861313732589861));
#10936=CARTESIAN_POINT('',(0.101351857089575,0.0164261489125501,-0.114322417759679));
#10937=CARTESIAN_POINT('',(0.0982403349401193,0.0100000000000001,0.0861313732589861));
#10938=CARTESIAN_POINT('',(0.0982403349401193,0.0100000000000001,-0.114322417759679));
#10939=CARTESIAN_POINT('',(0.101324304938316,0.0562836490571499,1.06421674204618));
#10940=CARTESIAN_POINT('',(-7.55064134050923,0.0218864121016507,-7.40118736729665));
#10941=CARTESIAN_POINT('',(-0.101324304938316,0.0190665721930513,-0.112529514536299));
#10942=CARTESIAN_POINT('',(-0.100864681050472,0.0169776594663432,-0.112999299949683));
#10943=CARTESIAN_POINT('',(-0.100283019020145,0.0149853842202309,-0.113593734410087));
#10944=CARTESIAN_POINT('',(-0.09957060464434,0.0130969239995079,-0.114322417759679));
#10945=CARTESIAN_POINT('',(0.0250000000218887,0.102487798939311,0.0861313783061579));
#10946=CARTESIAN_POINT('',(0.0250000000218887,0.102487798939311,-0.114322417759679));
#10947=CARTESIAN_POINT('',(0.0271075638414674,0.101753524979314,0.0861313783061579));
#10948=CARTESIAN_POINT('',(0.0271075638414674,0.101753524979314,-0.114322417759679));
#10949=CARTESIAN_POINT('',(0.0310935088767821,0.0998520083852078,0.0861313783061579));
#10950=CARTESIAN_POINT('',(0.0310935088767821,0.0998520083852078,-0.114322417759679));
#10951=CARTESIAN_POINT('',(0.0363921520480145,0.0954781834813744,0.0861313783061579));
#10952=CARTESIAN_POINT('',(0.0363921520480145,0.0954781834813744,-0.114322417759679));
#10953=CARTESIAN_POINT('',(0.0410147524058846,0.089502206390647,0.0861313783061579));
#10954=CARTESIAN_POINT('',(0.0410147524058846,0.089502206390647,-0.114322417759679));
#10955=CARTESIAN_POINT('',(0.0442598816924536,0.0842244584268532,0.0861313783061579));
#10956=CARTESIAN_POINT('',(0.0442598816924536,0.0842244584268532,-0.114322417759679));
#10957=CARTESIAN_POINT('',(0.046481829430591,0.0803929837974921,0.0861313783061579));
#10958=CARTESIAN_POINT('',(0.046481829430591,0.0803929837974921,-0.114322417759679));
#10959=CARTESIAN_POINT('',(0.0484081662590596,0.077032293417992,0.0861313783061579));
#10960=CARTESIAN_POINT('',(0.0484081662590596,0.077032293417992,-0.114322417759679));
#10961=CARTESIAN_POINT('',(0.0504072142561095,0.074483162870671,0.0861313783061579));
#10962=CARTESIAN_POINT('',(0.0504072142561095,0.074483162870671,-0.114322417759679));
#10963=CARTESIAN_POINT('',(0.0537245281609442,0.0728564557618284,0.0861313783061579));
#10964=CARTESIAN_POINT('',(0.0537245281609442,0.0728564557618284,-0.114322417759679));
#10965=CARTESIAN_POINT('',(0.057236306006759,0.0721445747969087,0.0861313783061579));
#10966=CARTESIAN_POINT('',(0.057236306006759,0.0721445747969087,-0.114322417759679));
#10967=CARTESIAN_POINT('',(0.0616139741280727,0.0718529640920723,0.0861313783061579));
#10968=CARTESIAN_POINT('',(0.0616139741280727,0.0718529640920723,-0.114322417759679));
#10969=CARTESIAN_POINT('',(0.0681508119841125,0.0718467219730979,0.0861313783061579));
#10970=CARTESIAN_POINT('',(0.0681508119841125,0.0718467219730979,-0.114322417759679));
#10971=CARTESIAN_POINT('',(0.0768838422420131,0.0722483988216067,0.0861313783061579));
#10972=CARTESIAN_POINT('',(0.0768838422420131,0.0722483988216067,-0.114322417759679));
#10973=CARTESIAN_POINT('',(0.0858523007201843,0.0723967054833751,0.086131378306158));
#10974=CARTESIAN_POINT('',(0.0858523007201843,0.0723967054833751,-0.114322417759679));
#10975=CARTESIAN_POINT('',(0.0899107647791495,0.0713850653745165,0.0861313783061579));
#10976=CARTESIAN_POINT('',(0.0899107647791495,0.0713850653745165,-0.114322417759679));
#10977=CARTESIAN_POINT('',(0.0915554076770917,0.0696711749643161,0.086131378306158));
#10978=CARTESIAN_POINT('',(0.0915554076770917,0.0696711749643161,-0.114322417759679));
#10979=CARTESIAN_POINT('',(0.0921081653383503,0.0678246634272597,0.0861313783061579));
#10980=CARTESIAN_POINT('',(0.0921081653383503,0.0678246634272597,-0.114322417759679));
#10981=CARTESIAN_POINT('',(0.092294318708695,0.0657029610759308,0.0861313783061579));
#10982=CARTESIAN_POINT('',(0.092294318708695,0.0657029610759308,-0.114322417759679));
#10983=CARTESIAN_POINT('',(0.0925388643882804,0.0637939760329769,0.0861313783061579));
#10984=CARTESIAN_POINT('',(0.0925388643882804,0.0637939760329769,-0.114322417759679));
#10985=CARTESIAN_POINT('',(0.0933166868788822,0.0626640567051337,0.0861313783061579));
#10986=CARTESIAN_POINT('',(0.0933166868788822,0.0626640567051337,-0.114322417759679));
#10987=CARTESIAN_POINT('',(0.0945834610890471,0.062012530673807,0.0861313783061579));
#10988=CARTESIAN_POINT('',(0.0945834610890471,0.062012530673807,-0.114322417759679));
#10989=CARTESIAN_POINT('',(0.0960552816038042,0.0610859454388974,0.0861313783061579));
#10990=CARTESIAN_POINT('',(0.0960552816038042,0.0610859454388974,-0.114322417759679));
#10991=CARTESIAN_POINT('',(0.0976399308427163,0.0596715398765997,0.0861313783061579));
#10992=CARTESIAN_POINT('',(0.0976399308427163,0.0596715398765997,-0.114322417759679));
#10993=CARTESIAN_POINT('',(0.0993803467484488,0.0580154941200254,0.0861313783061579));
#10994=CARTESIAN_POINT('',(0.0993803467484488,0.0580154941200254,-0.114322417759679));
#10995=CARTESIAN_POINT('',(0.100654719492794,0.0568511656884542,0.0861313783061579));
#10996=CARTESIAN_POINT('',(0.100654719492794,0.0568511656884542,-0.114322417759679));
#10997=CARTESIAN_POINT('',(0.101324304938316,0.0562836490571499,0.0861313783061579));
#10998=CARTESIAN_POINT('',(0.101324304938316,0.0562836490571499,-0.114322417759679));
#10999=CARTESIAN_POINT('',(0.025,0.102487798946937,-0.0140955197273851));
#11000=CARTESIAN_POINT('',(-0.101324304938316,0.0562836490571499,0.08613137281259));
#11001=CARTESIAN_POINT('',(-0.101324304938316,0.0562836490571499,-0.114322417759679));
#11002=CARTESIAN_POINT('',(-0.102114762126137,0.0479229909693508,0.08613137281259));
#11003=CARTESIAN_POINT('',(-0.102114762126137,0.0479229909693508,-0.114322417759679));
#11004=CARTESIAN_POINT('',(-0.103701137373379,0.0311989674226738,0.08613137281259));
#11005=CARTESIAN_POINT('',(-0.103701137373379,0.0311989674226738,-0.114322417759679));
#11006=CARTESIAN_POINT('',(-0.101351857089575,0.0164261489125499,0.08613137281259));
#11007=CARTESIAN_POINT('',(-0.101351857089575,0.0164261489125499,-0.114322417759679));
#11008=CARTESIAN_POINT('',(-0.0982403349401192,0.00999999999999997,0.08613137281259));
#11009=CARTESIAN_POINT('',(-0.0982403349401192,0.00999999999999997,-0.114322417759679));
#11010=CARTESIAN_POINT('',(0.024999999752945,0.0838490750571453,0.086131372812575));
#11011=CARTESIAN_POINT('',(0.0332874264137134,0.0838490750571453,0.086131372812575));
#11012=CARTESIAN_POINT('',(0.024999999752945,0.0850962272464001,0.0824184283380252));
#11013=CARTESIAN_POINT('',(0.0332874264137134,0.0850962272464001,0.0824184283380252));
#11014=CARTESIAN_POINT('',(0.0249999997529452,0.0875301481317345,0.074852178786162));
#11015=CARTESIAN_POINT('',(0.0332874264137136,0.0875301481317345,0.074852178786162));
#11016=CARTESIAN_POINT('',(0.024999999752945,0.0902794302555787,0.0642129946892198));
#11017=CARTESIAN_POINT('',(0.0332874264137134,0.0902794302555787,0.0642129946892198));
#11018=CARTESIAN_POINT('',(0.0249999997529449,0.0922071138878559,0.0544729421447087));
#11019=CARTESIAN_POINT('',(0.0332874264137134,0.0922071138878559,0.0544729421447087));
#11020=CARTESIAN_POINT('',(0.0249999997529452,0.0939380975369348,0.0437750163827051));
#11021=CARTESIAN_POINT('',(0.0332874264137137,0.0939380975369348,0.0437750163827051));
#11022=CARTESIAN_POINT('',(0.0249999997529449,0.0950152549993063,0.0348967816130586));
#11023=CARTESIAN_POINT('',(0.0332874264137133,0.0950152549993063,0.0348967816130586));
#11024=CARTESIAN_POINT('',(0.0249999997529449,0.0956350200020611,0.0287547981528847));
#11025=CARTESIAN_POINT('',(0.0332874264137133,0.0956350200020611,0.0287547981528847));
#11026=CARTESIAN_POINT('',(0.025,0.0955904956249113,0.0291940035823041));
#11027=CARTESIAN_POINT('',(0.025,0.0950971492642921,0.0340381078787664));
#11028=CARTESIAN_POINT('',(0.025,0.0939639607582033,0.0436963220014565));
#11029=CARTESIAN_POINT('',(0.025,0.0916646306983861,0.0580608880926889));
#11030=CARTESIAN_POINT('',(0.025,0.0883366179090475,0.0722148351989252));
#11031=CARTESIAN_POINT('',(0.025,0.0854032216872031,0.0815044634486418));
#11032=CARTESIAN_POINT('',(0.025,0.0838490750571453,0.086131372812575));
#11033=CARTESIAN_POINT('',(0.0314526370607611,0.0929454519223001,-0.102003088515773));
#11034=CARTESIAN_POINT('',(0.0314300257971306,0.0929661747419362,-0.10191733014865));
#11035=CARTESIAN_POINT('',(0.0313958958140187,0.0929973359578171,-0.101788691381122));
#11036=CARTESIAN_POINT('',(0.0313501595794595,0.09303885589778,-0.10161719884158));
#11037=CARTESIAN_POINT('',(0.0313155801762575,0.093070126923277,-0.101488596727124));
#11038=CARTESIAN_POINT('',(0.0312773460484212,0.0931045697085209,-0.101345669882725));
#11039=CARTESIAN_POINT('',(0.0312246128555221,0.0931518622603109,-0.101145426487668));
#11040=CARTESIAN_POINT('',(0.0311468850393421,0.0932210900094868,-0.100844798229542));
#11041=CARTESIAN_POINT('',(0.0310280002935431,0.0933258695914117,-0.100371778121494));
#11042=CARTESIAN_POINT('',(0.0308678961758103,0.0934647932604905,-0.0997113384281021));
#11043=CARTESIAN_POINT('',(0.0306405047866185,0.0936580515616699,-0.0987332218178365));
#11044=CARTESIAN_POINT('',(0.0303468698222683,0.0939004683156169,-0.0974070992953575));
#11045=CARTESIAN_POINT('',(0.0299331845055233,0.0942292343643644,-0.0954424767247832));
#11046=CARTESIAN_POINT('',(0.0294010271638055,0.0946302436514221,-0.0927787010512701));
#11047=CARTESIAN_POINT('',(0.0286472689891658,0.0951598914607455,-0.0888325501176606));
#11048=CARTESIAN_POINT('',(0.0277470969107939,0.0957326835658364,-0.0839493945564976));
#11049=CARTESIAN_POINT('',(0.0264645992137055,0.0964570580378417,-0.0769661850363204));
#11050=CARTESIAN_POINT('',(0.0255298093275284,0.096900163242155,-0.071843544456481));
#11051=CARTESIAN_POINT('',(0.0249642802833065,0.0971423627454632,-0.0685827122212846));
#11052=CARTESIAN_POINT('',(0.031143458393415,0.0932289476923054,-0.102117193833613));
#11053=CARTESIAN_POINT('',(0.0311210469146861,0.0932487724451449,-0.102031312892691));
#11054=CARTESIAN_POINT('',(0.031087270933404,0.0932785359929134,-0.101902874510774));
#11055=CARTESIAN_POINT('',(0.0310419398270861,0.0933182590291022,-0.101731021027234));
#11056=CARTESIAN_POINT('',(0.0310077467296526,0.0933481034005188,-0.101602855561306));
#11057=CARTESIAN_POINT('',(0.0309696533863932,0.0933812333067086,-0.101457161499198));
#11058=CARTESIAN_POINT('',(0.0309172702641217,0.0934265829747848,-0.101254759830694));
#11059=CARTESIAN_POINT('',(0.0308399722739218,0.0934930470163407,-0.100949766317132));
#11060=CARTESIAN_POINT('',(0.0307219726203932,0.0935934449384844,-0.100472128621593));
#11061=CARTESIAN_POINT('',(0.0305631272019779,0.0937265145095871,-0.0998053746820541));
#11062=CARTESIAN_POINT('',(0.0303378284293554,0.093911390187575,-0.0988202839723065));
#11063=CARTESIAN_POINT('',(0.0300472184342242,0.0941430735583916,-0.0974864654055705));
#11064=CARTESIAN_POINT('',(0.029638355982525,0.0944569303747703,-0.0955134720117958));
#11065=CARTESIAN_POINT('',(0.0291131866647843,0.0948393460238966,-0.0928414870907913));
#11066=CARTESIAN_POINT('',(0.0283705198137469,0.0953439617803802,-0.088886920625866));
#11067=CARTESIAN_POINT('',(0.0274851867313467,0.0958892886428342,-0.0839969154753618));
#11068=CARTESIAN_POINT('',(0.0262257964736439,0.0965789051368682,-0.0770070646153436));
#11069=CARTESIAN_POINT('',(0.0253091149472834,0.0970011695911493,-0.0718791067693487));
#11070=CARTESIAN_POINT('',(0.0247546686896215,0.0972322544485995,-0.0686151178024079));
#11071=CARTESIAN_POINT('',(0.030746158685855,0.0935659835323037,-0.102235640743802));
#11072=CARTESIAN_POINT('',(0.0307240579692124,0.093584710703152,-0.102149662889974));
#11073=CARTESIAN_POINT('',(0.0306908231760591,0.0936127688391919,-0.102021375882081));
#11074=CARTESIAN_POINT('',(0.0306460519217861,0.0936503544210661,-0.101848853261183));
#11075=CARTESIAN_POINT('',(0.0306126006976491,0.0936783252128581,-0.10172189241949));
#11076=CARTESIAN_POINT('',(0.0305745959912911,0.0937100165106669,-0.10157252022673));
#11077=CARTESIAN_POINT('',(0.0305228558736838,0.0937529456213078,-0.101368380139765));
#11078=CARTESIAN_POINT('',(0.0304461064289918,0.0938162097368084,-0.101058108568115));
#11079=CARTESIAN_POINT('',(0.0303295393740031,0.0939112665651628,-0.100575991024826));
#11080=CARTESIAN_POINT('',(0.0301725476308403,0.0940373366466447,-0.0999021998123798));
#11081=CARTESIAN_POINT('',(0.0299504377865584,0.0942120482688379,-0.0989098076361785));
#11082=CARTESIAN_POINT('',(0.0296643544589504,0.0944307277155037,-0.0975675989768351));
#11083=CARTESIAN_POINT('',(0.0292627510516141,0.0947264047586535,-0.0955856218274038));
#11084=CARTESIAN_POINT('',(0.0287480823334332,0.0950860621487976,-0.0929046977794733));
#11085=CARTESIAN_POINT('',(0.0280221098778797,0.0955599008785465,-0.0889409270331196));
#11086=CARTESIAN_POINT('',(0.0271590639656789,0.0960713742551227,-0.0840433485858692));
#11087=CARTESIAN_POINT('',(0.0259340518245952,0.0967182610790581,-0.0770460705642077));
#11088=CARTESIAN_POINT('',(0.0250436264307248,0.0971152516680631,-0.0719124964853488));
#11089=CARTESIAN_POINT('',(0.0245048668785914,0.0973330238487427,-0.068645327871959));
#11090=CARTESIAN_POINT('',(0.030144421365846,0.0939830574532567,-0.102391826437993));
#11091=CARTESIAN_POINT('',(0.0301229988690166,0.0940003707199384,-0.102305421799513));
#11092=CARTESIAN_POINT('',(0.0300905687278891,0.0940263869462625,-0.102177870282358));
#11093=CARTESIAN_POINT('',(0.0300473100460217,0.0940610673508497,-0.102004066008191));
#11094=CARTESIAN_POINT('',(0.0300145808912725,0.0940870031161674,-0.101878919195345));
#11095=CARTESIAN_POINT('',(0.0299777742022849,0.0941164728773584,-0.101725624315526));
#11096=CARTESIAN_POINT('',(0.0299273814537702,0.0941564319759376,-0.101518338264638));
#11097=CARTESIAN_POINT('',(0.0298528984249848,0.0942152569990318,-0.101201525415152));
#11098=CARTESIAN_POINT('',(0.0297396380422848,0.0943035308148288,-0.100712783754696));
#11099=CARTESIAN_POINT('',(0.0295873753104801,0.0944204459842932,-0.100029728002122));
#11100=CARTESIAN_POINT('',(0.029372092016886,0.094582215704191,-0.0990273353814472));
#11101=CARTESIAN_POINT('',(0.0290952260425859,0.0947843646270319,-0.0976740344007262));
#11102=CARTESIAN_POINT('',(0.0287071170770308,0.0950572482017468,-0.0956801215834672));
#11103=CARTESIAN_POINT('',(0.0282106895161335,0.09538863400553,-0.0929875895359156));
#11104=CARTESIAN_POINT('',(0.0275118206502325,0.0958246866434826,-0.0890119697555354));
#11105=CARTESIAN_POINT('',(0.0266827607215195,0.0962950715392063,-0.0841049437352898));
#11106=CARTESIAN_POINT('',(0.0255075550501426,0.0968905918935363,-0.0770987403704511));
#11107=CARTESIAN_POINT('',(0.024653566841385,0.0972574087367464,-0.071958344528447));
#11108=CARTESIAN_POINT('',(0.0241363333299015,0.0974592483379075,-0.0686872476864644));
#11109=CARTESIAN_POINT('',(0.0294633399557442,0.0943637731384753,-0.102564512686391));
#11110=CARTESIAN_POINT('',(0.0294426682027967,0.0943798838374317,-0.102477487330101));
#11111=CARTESIAN_POINT('',(0.0294114671328817,0.0944038695714271,-0.102350926854299));
#11112=CARTESIAN_POINT('',(0.0293698965337719,0.0944360523438766,-0.102176205556933));
#11113=CARTESIAN_POINT('',(0.0293381432254852,0.0944600932391349,-0.1020514215718));
#11114=CARTESIAN_POINT('',(0.0293030341023201,0.094487590035543,-0.101894821680035));
#11115=CARTESIAN_POINT('',(0.0292544695356455,0.0945249511137415,-0.1016836565163));
#11116=CARTESIAN_POINT('',(0.0291830578290675,0.0945798913250552,-0.101360476441049));
#11117=CARTESIAN_POINT('',(0.0290741713040375,0.0946621711302623,-0.100864277158076));
#11118=CARTESIAN_POINT('',(0.0289280448421208,0.0947709856977488,-0.100171668070179));
#11119=CARTESIAN_POINT('',(0.0287213977376637,0.0949212374428403,-0.0991584718473247));
#11120=CARTESIAN_POINT('',(0.028455893111452,0.0951086416974597,-0.0977935184361003));
#11121=CARTESIAN_POINT('',(0.0280839630239628,0.0953611442966015,-0.095786886453023));
#11122=CARTESIAN_POINT('',(0.0276087735568644,0.0956672195689857,-0.0930821225157388));
#11123=CARTESIAN_POINT('',(0.0269405562707112,0.0960694202272535,-0.0890940035882517));
#11124=CARTESIAN_POINT('',(0.0261488196572918,0.0965029537025226,-0.0841770984357451));
#11125=CARTESIAN_POINT('',(0.0250271756741033,0.0970522531543438,-0.0771616153391983));
#11126=CARTESIAN_POINT('',(0.0242119325895689,0.0973917171985945,-0.0720136960109959));
#11127=CARTESIAN_POINT('',(0.0237176768139236,0.0975790095798672,-0.0687381032486329));
#11128=CARTESIAN_POINT('',(0.0286453219538287,0.0947179400033806,-0.102756889710241));
#11129=CARTESIAN_POINT('',(0.028625586225923,0.0947329218221383,-0.102670126637684));
#11130=CARTESIAN_POINT('',(0.0285961090372469,0.0947549934137376,-0.10254360093822));
#11131=CARTESIAN_POINT('',(0.0285561125003069,0.0947851793609431,-0.102368326782665));
#11132=CARTESIAN_POINT('',(0.0285266651654647,0.0948068052791611,-0.102245820408179));
#11133=CARTESIAN_POINT('',(0.0284925790279087,0.094833517291463,-0.102081806319497));
#11134=CARTESIAN_POINT('',(0.0284468294862467,0.0948682742419082,-0.101869292444994));
#11135=CARTESIAN_POINT('',(0.0283783000809546,0.0949206720102193,-0.101536733110182));
#11136=CARTESIAN_POINT('',(0.0282750957574281,0.0949976115514494,-0.10103462927988));
#11137=CARTESIAN_POINT('',(0.0281359232684635,0.095099892693795,-0.100330888835635));
#11138=CARTESIAN_POINT('',(0.0279397697952153,0.0952401280097472,-0.0993069134356495));
#11139=CARTESIAN_POINT('',(0.0276877467651739,0.0954147538475865,-0.0979292181255214));
#11140=CARTESIAN_POINT('',(0.0273353471339514,0.0956490736385432,-0.0959092639634174));
#11141=CARTESIAN_POINT('',(0.0268857605839146,0.0959322633766813,-0.093191272268002));
#11142=CARTESIAN_POINT('',(0.0262547211482038,0.0963032860634477,-0.0891897796407051));
#11143=CARTESIAN_POINT('',(0.0255083886501504,0.0967023301067009,-0.0842620933821298));
#11144=CARTESIAN_POINT('',(0.0244522060578724,0.0972077350419598,-0.0772364044615465));
#11145=CARTESIAN_POINT('',(0.0236844735938798,0.0975209307472879,-0.0720797149873228));
#11146=CARTESIAN_POINT('',(0.0232184116660932,0.0976942116293776,-0.0687987975430807));
#11147=CARTESIAN_POINT('',(0.0278281826325122,0.0949699050338431,-0.102927238705052));
#11148=CARTESIAN_POINT('',(0.0278092547208938,0.0949842490316171,-0.102839380100071));
#11149=CARTESIAN_POINT('',(0.0277820309338336,0.0950047213505043,-0.102714713123274));
#11150=CARTESIAN_POINT('',(0.0277437163589771,0.0950334749655522,-0.102538528951824));
#11151=CARTESIAN_POINT('',(0.0277163526531681,0.0950537870440025,-0.102415462062938));
#11152=CARTESIAN_POINT('',(0.0276844766109275,0.0950794036744811,-0.102250349155353));
#11153=CARTESIAN_POINT('',(0.0276411788925502,0.0951130013935591,-0.102032944935065));
#11154=CARTESIAN_POINT('',(0.0275766002397254,0.0951634297557907,-0.101695675939012));
#11155=CARTESIAN_POINT('',(0.0274792345242136,0.0952372815697848,-0.101185677243265));
#11156=CARTESIAN_POINT('',(0.0273481032471682,0.0953351197231938,-0.100473583143824));
#11157=CARTESIAN_POINT('',(0.0271633774176246,0.0954687650238156,-0.099439127391433));
#11158=CARTESIAN_POINT('',(0.0269262786433233,0.0956345708773125,-0.0980507687975457));
#11159=CARTESIAN_POINT('',(0.02659508689395,0.0958562674808471,-0.0960187433207371));
#11160=CARTESIAN_POINT('',(0.0261731430105833,0.0961232381748677,-0.093289393926802));
#11161=CARTESIAN_POINT('',(0.0255816761563132,0.096471984636034,-0.0892760619627841));
#11162=CARTESIAN_POINT('',(0.0248830110953368,0.0968461280437477,-0.0843390794357059));
#11163=CARTESIAN_POINT('',(0.0238944678199323,0.097319705311786,-0.0773045367713346));
#11164=CARTESIAN_POINT('',(0.0231748726368103,0.0976138873938697,-0.0721401110180535));
#11165=CARTESIAN_POINT('',(0.022737087825777,0.0977770417847513,-0.0688544450228912));
#11166=CARTESIAN_POINT('',(0.0270477883973635,0.0951265421349075,-0.103079516869901));
#11167=CARTESIAN_POINT('',(0.0270295348377832,0.0951405282874273,-0.102990732317554));
#11168=CARTESIAN_POINT('',(0.0270054023148863,0.0951598308802478,-0.102867440388489));
#11169=CARTESIAN_POINT('',(0.0269680769971536,0.095187690327797,-0.102691134411066));
#11170=CARTESIAN_POINT('',(0.0269440982652231,0.0952072510070019,-0.102565771060252));
#11171=CARTESIAN_POINT('',(0.0269139903266443,0.0952323716576269,-0.102399920930965));
#11172=CARTESIAN_POINT('',(0.0268736601590875,0.0952654526562756,-0.102178305987764));
#11173=CARTESIAN_POINT('',(0.026812710088832,0.0953150147255175,-0.101837121384346));
#11174=CARTESIAN_POINT('',(0.0267218017454411,0.0953872953266561,-0.1013203222745));
#11175=CARTESIAN_POINT('',(0.0265988189581046,0.0954827984917132,-0.10060113161515));
#11176=CARTESIAN_POINT('',(0.026426180353217,0.0956127296804726,-0.0995576054036709));
#11177=CARTESIAN_POINT('',(0.0262045084042432,0.0957733755302128,-0.0981600378759444));
#11178=CARTESIAN_POINT('',(0.0258953399983802,0.0959874245529369,-0.0961174849958987));
#11179=CARTESIAN_POINT('',(0.0255017873605486,0.0962443255580388,-0.093378191658792));
#11180=CARTESIAN_POINT('',(0.0249506464592078,0.0965790104195954,-0.0893544142667944));
#11181=CARTESIAN_POINT('',(0.0242999034550748,0.0969372519717373,-0.0844091550112878));
#11182=CARTESIAN_POINT('',(0.0233784647206257,0.0973904026458105,-0.0773666123008269));
#11183=CARTESIAN_POINT('',(0.0227057623191481,0.0976724763663499,-0.0721950915639653));
#11184=CARTESIAN_POINT('',(0.0222952713214605,0.0978291977447241,-0.0689050562565844));
#11185=CARTESIAN_POINT('',(0.0264988631741246,0.0951913031718987,-0.103177186917903));
#11186=CARTESIAN_POINT('',(0.0264814464930976,0.0952049630141984,-0.103088935445895));
#11187=CARTESIAN_POINT('',(0.0264591814030559,0.0952239407610981,-0.102965354663823));
#11188=CARTESIAN_POINT('',(0.0264229643956971,0.0952513695028482,-0.10278860641262));
#11189=CARTESIAN_POINT('',(0.02640187898193,0.0952700783783462,-0.102666394212293));
#11190=CARTESIAN_POINT('',(0.0263725800950363,0.0952957322137581,-0.102495621393925));
#11191=CARTESIAN_POINT('',(0.0263349746429561,0.0953283900741711,-0.102274115551869));
#11192=CARTESIAN_POINT('',(0.0262765815087332,0.0953782337383588,-0.101927450000371));
#11193=CARTESIAN_POINT('',(0.0261910031911947,0.0954498768413497,-0.101408267025503));
#11194=CARTESIAN_POINT('',(0.0260742888433609,0.0955448910348985,-0.10068321606758));
#11195=CARTESIAN_POINT('',(0.0259111290774876,0.0956734903850629,-0.0996345161965396));
#11196=CARTESIAN_POINT('',(0.0257013134440694,0.0958323040614265,-0.0982305143274736));
#11197=CARTESIAN_POINT('',(0.0254089949271322,0.0960433144909939,-0.0961814181324038));
#11198=CARTESIAN_POINT('',(0.0250368507609124,0.0962960975488648,-0.093435547791809));
#11199=CARTESIAN_POINT('',(0.0245157511157034,0.0966248281303675,-0.0894051556668337));
#11200=CARTESIAN_POINT('',(0.0239001093602619,0.0969762364019125,-0.0844545456508245));
#11201=CARTESIAN_POINT('',(0.02302705112002,0.0974205332510196,-0.0774069556811167));
#11202=CARTESIAN_POINT('',(0.022387516438148,0.09769743056803,-0.0722308723774527));
#11203=CARTESIAN_POINT('',(0.0219961780312064,0.0978514067412684,-0.0689380294496685));
#11204=CARTESIAN_POINT('',(0.0259900741712005,0.0952205702829912,-0.103261814986881));
#11205=CARTESIAN_POINT('',(0.0259739159209334,0.0952338762966024,-0.103174811460661));
#11206=CARTESIAN_POINT('',(0.0259525860927744,0.0952528848866533,-0.10305026806078));
#11207=CARTESIAN_POINT('',(0.0259185393521272,0.0952800704891486,-0.102872588265912));
#11208=CARTESIAN_POINT('',(0.0258994012010864,0.0952977008429493,-0.102757124484217));
#11209=CARTESIAN_POINT('',(0.0258711103132152,0.0953244312134892,-0.102578874743121));
#11210=CARTESIAN_POINT('',(0.0258362856805133,0.0953566819507965,-0.102359376968561));
#11211=CARTESIAN_POINT('',(0.0257808985514418,0.0954073815365474,-0.102005777990886));
#11212=CARTESIAN_POINT('',(0.025700800288765,0.0954787742711515,-0.101485822716233));
#11213=CARTESIAN_POINT('',(0.0255908370415052,0.0955741191346213,-0.10075464309034));
#11214=CARTESIAN_POINT('',(0.0254374399468081,0.0957023646456824,-0.0997017954412312));
#11215=CARTESIAN_POINT('',(0.0252398793891013,0.0958607003707704,-0.0982917215837218));
#11216=CARTESIAN_POINT('',(0.02496463260589,0.0960704855477059,-0.0962369854491898));
#11217=CARTESIAN_POINT('',(0.0246139192108086,0.0963214617199089,-0.0934851744792485));
#11218=CARTESIAN_POINT('',(0.0241223740089083,0.0966473462990414,-0.0894490174114286));
#11219=CARTESIAN_POINT('',(0.0235406095508804,0.0969953794511634,-0.084493678122578));
#11220=CARTESIAN_POINT('',(0.0227133312064658,0.0974352259393995,-0.0774417324566297));
#11221=CARTESIAN_POINT('',(0.0221044758728585,0.0977095992036682,-0.072261715859551));
#11222=CARTESIAN_POINT('',(0.0217306961251566,0.0978622409131199,-0.0689664663034039));
#11223=CARTESIAN_POINT('',(0.0256761481173664,0.095215315607382,-0.103312422668592));
#11224=CARTESIAN_POINT('',(0.0256609577166839,0.0952287115160735,-0.103224634583112));
#11225=CARTESIAN_POINT('',(0.02563952563776,0.0952475735507489,-0.103101423201207));
#11226=CARTESIAN_POINT('',(0.0256084012544582,0.095274778112453,-0.10292295738317));
#11227=CARTESIAN_POINT('',(0.0255877706811792,0.0952925325169444,-0.102807349860353));
#11228=CARTESIAN_POINT('',(0.0255620256738322,0.0953192227031073,-0.102630161851121));
#11229=CARTESIAN_POINT('',(0.0255281139525807,0.0953519901450196,-0.102408223402144));
#11230=CARTESIAN_POINT('',(0.0254763802845223,0.0954029594023586,-0.102054069295668));
#11231=CARTESIAN_POINT('',(0.0253994326859707,0.0954750477748195,-0.101531024611755));
#11232=CARTESIAN_POINT('',(0.0252951069196828,0.0955709427296529,-0.100797648904097));
#11233=CARTESIAN_POINT('',(0.0251484322226796,0.095699910901814,-0.0997413570064989));
#11234=CARTESIAN_POINT('',(0.0249599005421148,0.0958588460229582,-0.0983281649702685));
#11235=CARTESIAN_POINT('',(0.0246965209717517,0.0960692488086626,-0.0962696561840259));
#11236=CARTESIAN_POINT('',(0.0243606573244001,0.0963206725069548,-0.0935144454156861));
#11237=CARTESIAN_POINT('',(0.0238889479750855,0.0966469198286325,-0.0894746370775133));
#11238=CARTESIAN_POINT('',(0.0233293489991249,0.0969951089008935,-0.0845164763270463));
#11239=CARTESIAN_POINT('',(0.0225310518090917,0.0974350126581328,-0.0774618128142889));
#11240=CARTESIAN_POINT('',(0.0219409143985334,0.0977094705139337,-0.0722794792427929));
#11241=CARTESIAN_POINT('',(0.0215776850411582,0.0978621571421478,-0.0689828139624944));
#11242=CARTESIAN_POINT('',(0.025321379698856,0.0952059784061166,-0.103370318963802));
#11243=CARTESIAN_POINT('',(0.0253071066569624,0.0952193268802103,-0.103282894182936));
#11244=CARTESIAN_POINT('',(0.0252858365764974,0.0952382822551336,-0.103158958226011));
#11245=CARTESIAN_POINT('',(0.0252570859174844,0.0952653198882224,-0.102981779652906));
#11246=CARTESIAN_POINT('',(0.025235578737438,0.0952835532556274,-0.102862751716333));
#11247=CARTESIAN_POINT('',(0.0252111002197047,0.0953109802825716,-0.102682111445072));
#11248=CARTESIAN_POINT('',(0.0251788823522862,0.0953437052549871,-0.102461425793707));
#11249=CARTESIAN_POINT('',(0.0251297074257167,0.0953955192515237,-0.102103749873491));
#11250=CARTESIAN_POINT('',(0.0250563971021264,0.0954679264510978,-0.101580487332503));
#11251=CARTESIAN_POINT('',(0.024957039368992,0.0955646691271946,-0.100844035342567));
#11252=CARTESIAN_POINT('',(0.0248170746910295,0.0956943235569604,-0.0997855219870722));
#11253=CARTESIAN_POINT('',(0.0246371409452638,0.0958541016803032,-0.0983690170831364));
#11254=CARTESIAN_POINT('',(0.0243855316838118,0.0960652866094497,-0.096307221452534));
#11255=CARTESIAN_POINT('',(0.0240644939112529,0.0963174574165868,-0.0935484573210461));
#11256=CARTESIAN_POINT('',(0.0236131764276626,0.09664438063327,-0.0895050694818307));
#11257=CARTESIAN_POINT('',(0.0230770061895513,0.0969930777014492,-0.0845438972063572));
#11258=CARTESIAN_POINT('',(0.0223103833482332,0.0974334347486199,-0.077486333761443));
#11259=CARTESIAN_POINT('',(0.0217415418840017,0.097708230397346,-0.0723012977490564));
#11260=CARTESIAN_POINT('',(0.021390507301215,0.0978610951666856,-0.069002938396743));
#11261=CARTESIAN_POINT('',(0.0249988236535641,0.0971275155712728,-0.068781563626259));
#11262=CARTESIAN_POINT('',(0.0253304598705159,0.0969846642606607,-0.070688750820617));
#11263=CARTESIAN_POINT('',(0.0256715509145055,0.0968288103041152,-0.0725955937640519));
#11264=CARTESIAN_POINT('',(0.0260172478604138,0.0966598966810894,-0.074502117914005));
#11265=CARTESIAN_POINT('',(0.0249999989654779,0.0971270102528746,-0.068777819888232));
#11266=CARTESIAN_POINT('',(0.025,0.0971270088260935,-0.0687883283798899));
#11267=CARTESIAN_POINT('',(0.025,0.0971269882284111,-0.0735798851462725));
#11268=CARTESIAN_POINT('',(0.0250000000000004,0.0969376579872493,-0.0831605044444325));
#11269=CARTESIAN_POINT('',(0.0249999999999996,0.0964147602096167,-0.0927334656150762));
#11270=CARTESIAN_POINT('',(0.0249999999999996,0.0959394959880288,-0.0975));
#11271=CARTESIAN_POINT('',(0.025,0.0959394959880288,-0.0975));
#11272=CARTESIAN_POINT('',(0.025,0.0959394959880288,-0.0975));
#11273=CARTESIAN_POINT('',(0.025,0.0958671482345442,-0.0982255922894932));
#11274=CARTESIAN_POINT('',(0.0249809396538831,0.0957897298149552,-0.0989493110647629));
#11275=CARTESIAN_POINT('',(0.0248492257807554,0.0957064857446707,-0.0996645557297965));
#11276=CARTESIAN_POINT('',(-0.0925806183813695,0.0360055872328346,-0.114322417759679));
#11277=CARTESIAN_POINT('',(-0.0925806183813695,0.0360055872328346,-0.114082009784413));
#11278=CARTESIAN_POINT('',(-0.0928654084781114,0.0380358731693332,-0.114322417759679));
#11279=CARTESIAN_POINT('',(-0.0928654084781114,0.0380358731693332,-0.114082009784413));
#11280=CARTESIAN_POINT('',(-0.0928749383480083,0.0400068744399166,-0.114322417759679));
#11281=CARTESIAN_POINT('',(-0.0928749383480083,0.0400068744399166,-0.114082009784413));
#11282=CARTESIAN_POINT('',(-0.0925804480934137,0.0418446144712604,-0.114322417759679));
#11283=CARTESIAN_POINT('',(-0.0925804480934137,0.0418446144712604,-0.114082009784413));
#11284=CARTESIAN_POINT('',(0.0925806183813688,0.0360055872328302,-0.114322417759679));
#11285=CARTESIAN_POINT('',(0.0925806183813688,0.0360055872328302,-0.114054766406707));
#11286=CARTESIAN_POINT('',(0.0928654084781119,0.0380358731693337,-0.114322417759679));
#11287=CARTESIAN_POINT('',(0.0928654084781119,0.0380358731693337,-0.114054766406707));
#11288=CARTESIAN_POINT('',(0.0928749383480085,0.0400068744399219,-0.114322417759679));
#11289=CARTESIAN_POINT('',(0.0928749383480085,0.0400068744399219,-0.114054766406707));
#11290=CARTESIAN_POINT('',(0.0925804480934122,0.0418446144712697,-0.114322417759679));
#11291=CARTESIAN_POINT('',(0.0925804480934122,0.0418446144712697,-0.114054766406707));
#11292=CARTESIAN_POINT('',(0.025,0.097127010148309,0.0861313733883031));
#11293=CARTESIAN_POINT('',(0.025,0.097127010148309,-0.114322417759694));
#11294=CARTESIAN_POINT('',(0.0260812729612333,0.0966612160153839,0.0861313733883031));
#11295=CARTESIAN_POINT('',(0.0260812729612333,0.0966612160153839,-0.114322417759694));
#11296=CARTESIAN_POINT('',(0.0281439152336875,0.0955829707085589,0.0861313733883031));
#11297=CARTESIAN_POINT('',(0.0281439152336875,0.0955829707085589,-0.114322417759694));
#11298=CARTESIAN_POINT('',(0.0310075234178933,0.0934713075190016,0.0861313733883031));
#11299=CARTESIAN_POINT('',(0.0310075234178933,0.0934713075190016,-0.114322417759694));
#11300=CARTESIAN_POINT('',(0.0337057600510759,0.0907363528034953,0.0861313733883031));
#11301=CARTESIAN_POINT('',(0.0337057600510759,0.0907363528034953,-0.114322417759694));
#11302=CARTESIAN_POINT('',(0.0363726157561931,0.0872781645602241,0.0861313733883031));
#11303=CARTESIAN_POINT('',(0.0363726157561931,0.0872781645602241,-0.114322417759694));
#11304=CARTESIAN_POINT('',(0.0388538133017957,0.0834990198019397,0.0861313733883032));
#11305=CARTESIAN_POINT('',(0.0388538133017957,0.0834990198019397,-0.114322417759694));
#11306=CARTESIAN_POINT('',(0.0407326023967389,0.0803384462852823,0.0861313733883029));
#11307=CARTESIAN_POINT('',(0.0407326023967389,0.0803384462852823,-0.114322417759694));
#11308=CARTESIAN_POINT('',(0.0421157036806432,0.077951769662298,0.0861313733883032));
#11309=CARTESIAN_POINT('',(0.0421157036806432,0.077951769662298,-0.114322417759694));
#11310=CARTESIAN_POINT('',(0.0430858657180939,0.0762682138013644,0.0861313733883031));
#11311=CARTESIAN_POINT('',(0.0430858657180939,0.0762682138013644,-0.114322417759694));
#11312=CARTESIAN_POINT('',(0.0441507069599091,0.07453191367956,0.0861313733883032));
#11313=CARTESIAN_POINT('',(0.0441507069599091,0.07453191367956,-0.114322417759694));
#11314=CARTESIAN_POINT('',(0.0454431872849938,0.0727588739243527,0.0861313733883031));
#11315=CARTESIAN_POINT('',(0.0454431872849938,0.0727588739243527,-0.114322417759694));
#11316=CARTESIAN_POINT('',(0.0471093589898733,0.0710192706128418,0.0861313733883033));
#11317=CARTESIAN_POINT('',(0.0471093589898733,0.0710192706128418,-0.114322417759694));
#11318=CARTESIAN_POINT('',(0.049214050718885,0.0694921916063505,0.0861313733883031));
#11319=CARTESIAN_POINT('',(0.049214050718885,0.0694921916063505,-0.114322417759694));
#11320=CARTESIAN_POINT('',(0.0516745267686202,0.0683358253136091,0.0861313733883031));
#11321=CARTESIAN_POINT('',(0.0516745267686202,0.0683358253136091,-0.114322417759694));
#11322=CARTESIAN_POINT('',(0.05535640522857,0.0673253805249171,0.0861313733883031));
#11323=CARTESIAN_POINT('',(0.05535640522857,0.0673253805249171,-0.114322417759694));
#11324=CARTESIAN_POINT('',(0.0603300943169665,0.0668572634776184,0.0861313733883032));
#11325=CARTESIAN_POINT('',(0.0603300943169665,0.0668572634776184,-0.114322417759694));
#11326=CARTESIAN_POINT('',(0.0669238153139451,0.0668366567481062,0.0861313733883031));
#11327=CARTESIAN_POINT('',(0.0669238153139451,0.0668366567481062,-0.114322417759694));
#11328=CARTESIAN_POINT('',(0.0736533021206336,0.067084228987204,0.0861313733883033));
#11329=CARTESIAN_POINT('',(0.0736533021206336,0.067084228987204,-0.114322417759694));
#11330=CARTESIAN_POINT('',(0.0798931965270629,0.0673148947861637,0.0861313733883031));
#11331=CARTESIAN_POINT('',(0.0798931965270629,0.0673148947861637,-0.114322417759694));
#11332=CARTESIAN_POINT('',(0.084947415729364,0.0672773551839568,0.0861313733883032));
#11333=CARTESIAN_POINT('',(0.084947415729364,0.0672773551839568,-0.114322417759694));
#11334=CARTESIAN_POINT('',(0.0867142127522157,0.0669479829914728,0.0861313733883031));
#11335=CARTESIAN_POINT('',(0.0867142127522157,0.0669479829914728,-0.114322417759694));
#11336=CARTESIAN_POINT('',(0.0871398151707236,0.0668154802819263,0.0861313733883031));
#11337=CARTESIAN_POINT('',(0.0871398151707236,0.0668154802819263,-0.114322417759694));
#11338=CARTESIAN_POINT('',(0.025,0.0971270101483091,-0.0140955221856951));
#11339=CARTESIAN_POINT('',(0.0871398151707233,0.0668154802819264,0.0950626549222632));
#11340=CARTESIAN_POINT('',(0.0871398151707233,0.0668154802819266,0.0861313728125751));
#11341=CARTESIAN_POINT('',(0.0871398151707233,0.0668154802819266,-0.114322417759679));
#11342=CARTESIAN_POINT('',(0.0871691417915492,0.0666428848860176,0.0861313728125751));
#11343=CARTESIAN_POINT('',(0.0871691417915492,0.0666428848860176,-0.114322417759679));
#11344=CARTESIAN_POINT('',(0.0872295591415472,0.0661965409598671,0.0861313728125751));
#11345=CARTESIAN_POINT('',(0.0872295591415472,0.0661965409598671,-0.114322417759679));
#11346=CARTESIAN_POINT('',(0.0873196066136866,0.065302947007841,0.0861313728125751));
#11347=CARTESIAN_POINT('',(0.0873196066136866,0.065302947007841,-0.114322417759679));
#11348=CARTESIAN_POINT('',(0.0874440332324396,0.0642192489133344,0.0861313728125751));
#11349=CARTESIAN_POINT('',(0.0874440332324396,0.0642192489133344,-0.114322417759679));
#11350=CARTESIAN_POINT('',(0.0876422324159534,0.063125063604634,0.0861313728125751));
#11351=CARTESIAN_POINT('',(0.0876422324159534,0.063125063604634,-0.114322417759679));
#11352=CARTESIAN_POINT('',(0.0879545345723254,0.0620894007061717,0.0861313728125752));
#11353=CARTESIAN_POINT('',(0.0879545345723254,0.0620894007061717,-0.114322417759679));
#11354=CARTESIAN_POINT('',(0.0883391740605484,0.0611819529700615,0.086131372812575));
#11355=CARTESIAN_POINT('',(0.0883391740605484,0.0611819529700615,-0.114322417759679));
#11356=CARTESIAN_POINT('',(0.0888818908434134,0.0602891352319216,0.0861313728125749));
#11357=CARTESIAN_POINT('',(0.0888818908434134,0.0602891352319216,-0.114322417759679));
#11358=CARTESIAN_POINT('',(0.0897066868975024,0.059287205488849,0.0861313728125754));
#11359=CARTESIAN_POINT('',(0.0897066868975024,0.059287205488849,-0.114322417759679));
#11360=CARTESIAN_POINT('',(0.0907708273967957,0.0584199936734537,0.0861313728125748));
#11361=CARTESIAN_POINT('',(0.0907708273967957,0.0584199936734537,-0.11432241775968));
#11362=CARTESIAN_POINT('',(0.0917286929463934,0.0578511896973985,0.0861313728125752));
#11363=CARTESIAN_POINT('',(0.0917286929463934,0.0578511896973985,-0.114322417759679));
#11364=CARTESIAN_POINT('',(0.0922327107882661,0.0575736868649084,0.086131372812575));
#11365=CARTESIAN_POINT('',(0.0922327107882661,0.0575736868649084,-0.114322417759679));
#11366=CARTESIAN_POINT('',(0.092504370769357,0.057412734183524,0.0861313728125752));
#11367=CARTESIAN_POINT('',(0.092504370769357,0.057412734183524,-0.114322417759679));
#11368=CARTESIAN_POINT('',(0.092678904456235,0.0573016725055458,0.0861313728125756));
#11369=CARTESIAN_POINT('',(0.092678904456235,0.0573016725055458,-0.114322417759679));
#11370=CARTESIAN_POINT('',(0.0929953237232941,0.0570724745332841,0.0861313728125749));
#11371=CARTESIAN_POINT('',(0.0929953237232941,0.0570724745332841,-0.114322417759679));
#11372=CARTESIAN_POINT('',(0.0936948339063607,0.0564945203854097,0.0861313728125752));
#11373=CARTESIAN_POINT('',(0.0936948339063607,0.0564945203854097,-0.114322417759679));
#11374=CARTESIAN_POINT('',(0.0948225176803995,0.0554546426862392,0.086131372812575));
#11375=CARTESIAN_POINT('',(0.0948225176803995,0.0554546426862392,-0.114322417759679));
#11376=CARTESIAN_POINT('',(0.0959289476597808,0.0544036522432955,0.0861313728125752));
#11377=CARTESIAN_POINT('',(0.0959289476597808,0.0544036522432955,-0.114322417759679));
#11378=CARTESIAN_POINT('',(0.0965315984077548,0.053850532956446,0.0861313728125752));
#11379=CARTESIAN_POINT('',(0.0965315984077548,0.053850532956446,-0.114322417759679));
#11380=CARTESIAN_POINT('',(-0.0871398151707233,0.0668154802819266,0.086131372812575));
#11381=CARTESIAN_POINT('',(-0.0871398151707233,0.0668154802819266,-0.114322417759679));
#11382=CARTESIAN_POINT('',(-0.0871691417915492,0.0666428848860176,0.086131372812575));
#11383=CARTESIAN_POINT('',(-0.0871691417915492,0.0666428848860176,-0.114322417759679));
#11384=CARTESIAN_POINT('',(-0.0872295591415473,0.0661965409598672,0.086131372812575));
#11385=CARTESIAN_POINT('',(-0.0872295591415473,0.0661965409598672,-0.114322417759679));
#11386=CARTESIAN_POINT('',(-0.0873196066136866,0.0653029470078409,0.086131372812575));
#11387=CARTESIAN_POINT('',(-0.0873196066136866,0.0653029470078409,-0.114322417759679));
#11388=CARTESIAN_POINT('',(-0.0874440332324396,0.0642192489133345,0.086131372812575));
#11389=CARTESIAN_POINT('',(-0.0874440332324396,0.0642192489133345,-0.114322417759679));
#11390=CARTESIAN_POINT('',(-0.0876422324159534,0.0631250636046338,0.086131372812575));
#11391=CARTESIAN_POINT('',(-0.0876422324159534,0.0631250636046338,-0.114322417759679));
#11392=CARTESIAN_POINT('',(-0.0879545345723254,0.0620894007061717,0.086131372812575));
#11393=CARTESIAN_POINT('',(-0.0879545345723254,0.0620894007061717,-0.114322417759679));
#11394=CARTESIAN_POINT('',(-0.0883391740605485,0.0611819529700613,0.086131372812575));
#11395=CARTESIAN_POINT('',(-0.0883391740605485,0.0611819529700613,-0.114322417759679));
#11396=CARTESIAN_POINT('',(-0.0888818908434133,0.0602891352319218,0.086131372812575));
#11397=CARTESIAN_POINT('',(-0.0888818908434133,0.0602891352319218,-0.114322417759679));
#11398=CARTESIAN_POINT('',(-0.0897066868975027,0.0592872054888487,0.086131372812575));
#11399=CARTESIAN_POINT('',(-0.0897066868975027,0.0592872054888487,-0.114322417759679));
#11400=CARTESIAN_POINT('',(-0.0907708273967955,0.0584199936734539,0.086131372812575));
#11401=CARTESIAN_POINT('',(-0.0907708273967955,0.0584199936734539,-0.114322417759679));
#11402=CARTESIAN_POINT('',(-0.0917286929463936,0.0578511896973984,0.086131372812575));
#11403=CARTESIAN_POINT('',(-0.0917286929463936,0.0578511896973984,-0.114322417759679));
#11404=CARTESIAN_POINT('',(-0.0922327107882662,0.0575736868649084,0.0861313728125749));
#11405=CARTESIAN_POINT('',(-0.0922327107882662,0.0575736868649084,-0.114322417759679));
#11406=CARTESIAN_POINT('',(-0.092504370769357,0.057412734183524,0.0861313728125752));
#11407=CARTESIAN_POINT('',(-0.092504370769357,0.057412734183524,-0.114322417759679));
#11408=CARTESIAN_POINT('',(-0.092678904456235,0.0573016725055459,0.0861313728125749));
#11409=CARTESIAN_POINT('',(-0.092678904456235,0.0573016725055459,-0.114322417759679));
#11410=CARTESIAN_POINT('',(-0.0929953237232941,0.057072474533284,0.0861313728125748));
#11411=CARTESIAN_POINT('',(-0.0929953237232941,0.057072474533284,-0.114322417759679));
#11412=CARTESIAN_POINT('',(-0.0936948339063608,0.0564945203854097,0.0861313728125751));
#11413=CARTESIAN_POINT('',(-0.0936948339063608,0.0564945203854097,-0.114322417759679));
#11414=CARTESIAN_POINT('',(-0.0948225176803996,0.0554546426862391,0.0861313728125751));
#11415=CARTESIAN_POINT('',(-0.0948225176803996,0.0554546426862391,-0.114322417759679));
#11416=CARTESIAN_POINT('',(-0.0959289476597808,0.0544036522432955,0.0861313728125751));
#11417=CARTESIAN_POINT('',(-0.0959289476597808,0.0544036522432955,-0.114322417759679));
#11418=CARTESIAN_POINT('',(-0.0965315984077548,0.053850532956446,0.0861313728125751));
#11419=CARTESIAN_POINT('',(-0.0965315984077548,0.053850532956446,-0.114322417759679));
#11420=CARTESIAN_POINT('',(-9.82624264180779E-8,0.086484610160836,0.081131372812575));
#11421=CARTESIAN_POINT('',(-9.82624264180779E-8,0.086484610160836,0.081131372812575));
#11422=CARTESIAN_POINT('',(-3.66740193494808E-5,0.0501552651649888,0.081131372812575));
#11423=CARTESIAN_POINT('',(-0.0958347668181518,0.0225,0.081131372812575));
#11424=CARTESIAN_POINT('',(-0.0958347668181518,0.0225,0.081131372812575));
#11425=CARTESIAN_POINT('',(-3.66740193494808E-5,0.0501552651649888,0.081131372812575));
#11426=CARTESIAN_POINT('',(-0.0428733521965355,0.0815246581234929,0.081131372812575));
#11427=CARTESIAN_POINT('',(-0.0428733521965355,0.0815246581234929,0.081131372812575));
#11428=CARTESIAN_POINT('',(-0.0428733521965355,0.0804496581234929,0.081131372812575));
#11429=CARTESIAN_POINT('',(-3.66740193494808E-5,0.0501552651649888,0.081131372812575));
#11430=CARTESIAN_POINT('',(-0.0812207485579422,0.0697859813378066,0.081131372812575));
#11431=CARTESIAN_POINT('',(-0.0812207485579422,0.0697859813378066,0.081131372812575));
#11432=CARTESIAN_POINT('',(-0.0812207485579422,0.0687109813378066,0.081131372812575));
#11433=CARTESIAN_POINT('',(-3.66740193494808E-5,0.0501552651649888,0.081131372812575));
#11434=CARTESIAN_POINT('',(-0.0970477510812033,0.0541073219497872,0.081131372812575));
#11435=CARTESIAN_POINT('',(-0.0970477510812033,0.0541073219497872,0.081131372812575));
#11436=CARTESIAN_POINT('',(-0.0970477510812033,0.0530323219497872,0.081131372812575));
#11437=CARTESIAN_POINT('',(-3.66740193494808E-5,0.0501552651649888,0.081131372812575));
#11438=CARTESIAN_POINT('',(0.0970477510812033,0.0541073219497872,0.081131372812575));
#11439=CARTESIAN_POINT('',(0.0970477510812033,0.0541073219497872,0.081131372812575));
#11440=CARTESIAN_POINT('',(0.0970477510812033,0.0530323219497872,0.081131372812575));
#11441=CARTESIAN_POINT('',(-3.66740193494808E-5,0.0501552651649888,0.081131372812575));
#11442=CARTESIAN_POINT('',(0.0812207485579422,0.0697859813378066,0.081131372812575));
#11443=CARTESIAN_POINT('',(0.0812207485579422,0.0697859813378066,0.081131372812575));
#11444=CARTESIAN_POINT('',(0.0812207485579422,0.0687109813378066,0.081131372812575));
#11445=CARTESIAN_POINT('',(-3.66740193494808E-5,0.0501552651649888,0.081131372812575));
#11446=CARTESIAN_POINT('',(0.0428733521965355,0.0815246581234929,0.081131372812575));
#11447=CARTESIAN_POINT('',(0.0428733521965355,0.0815246581234929,0.081131372812575));
#11448=CARTESIAN_POINT('',(0.0428733521965355,0.0804496581234929,0.081131372812575));
#11449=CARTESIAN_POINT('',(-3.66740193494808E-5,0.0501552651649888,0.081131372812575));
#11450=CARTESIAN_POINT('',(-3.66740193494808E-5,0.0501552651649888,0.081131372812575));
#11451=CARTESIAN_POINT('',(0.0958347668181518,0.0225,0.081131372812575));
#11452=CARTESIAN_POINT('',(0.0958347668181518,0.0225,0.081131372812575));
#11453=CARTESIAN_POINT('',(0.0960781303298618,0.0563367695648638,-0.109322417759679));
#11454=CARTESIAN_POINT('',(0.0960781303298618,0.0563367695648638,-0.109322417759679));
#11455=CARTESIAN_POINT('',(0.0960781303298618,0.0552617695648638,-0.109322417759679));
#11456=CARTESIAN_POINT('',(2.1094237467878E-15,0.054455898361946,-0.109322417759679));
#11457=CARTESIAN_POINT('',(0.0428733521965355,0.0815246581234929,-0.109322417759679));
#11458=CARTESIAN_POINT('',(0.0428733521965355,0.0815246581234929,-0.109322417759679));
#11459=CARTESIAN_POINT('',(0.0428733521965355,0.0804496581234929,-0.109322417759679));
#11460=CARTESIAN_POINT('',(2.1094237467878E-15,0.054455898361946,-0.109322417759679));
#11461=CARTESIAN_POINT('',(0.0812207485579422,0.0697859813378066,-0.109322417759679));
#11462=CARTESIAN_POINT('',(0.0812207485579422,0.0697859813378066,-0.109322417759679));
#11463=CARTESIAN_POINT('',(0.0812207485579422,0.0687109813378066,-0.109322417759679));
#11464=CARTESIAN_POINT('',(2.1094237467878E-15,0.054455898361946,-0.109322417759679));
#11465=CARTESIAN_POINT('',(2.1094237467878E-15,0.054455898361946,-0.109322417759679));
#11466=CARTESIAN_POINT('',(0.0958347668181518,0.0225,-0.109322417759679));
#11467=CARTESIAN_POINT('',(0.0958347668181518,0.0225,-0.109322417759679));
#11468=CARTESIAN_POINT('',(-0.0958347668181518,0.0225,-0.109322417759679));
#11469=CARTESIAN_POINT('',(-0.0958347668181518,0.0225,-0.109322417759679));
#11470=CARTESIAN_POINT('',(2.1094237467878E-15,0.054455898361946,-0.109322417759679));
#11471=CARTESIAN_POINT('',(-0.0812207485579422,0.0697859813378066,-0.109322417759679));
#11472=CARTESIAN_POINT('',(-0.0812207485579422,0.0697859813378066,-0.109322417759679));
#11473=CARTESIAN_POINT('',(-0.0812207485579422,0.0687109813378066,-0.109322417759679));
#11474=CARTESIAN_POINT('',(2.1094237467878E-15,0.054455898361946,-0.109322417759679));
#11475=CARTESIAN_POINT('',(-0.0428733521965355,0.0815246581234929,-0.109322417759679));
#11476=CARTESIAN_POINT('',(-0.0428733521965355,0.0815246581234929,-0.109322417759679));
#11477=CARTESIAN_POINT('',(-0.0428733521965355,0.0804496581234929,-0.109322417759679));
#11478=CARTESIAN_POINT('',(2.1094237467878E-15,0.054455898361946,-0.109322417759679));
#11479=CARTESIAN_POINT('',(-0.0960781303298618,0.0563367695648638,-0.109322417759679));
#11480=CARTESIAN_POINT('',(-0.0960781303298618,0.0563367695648638,-0.109322417759679));
#11481=CARTESIAN_POINT('',(-0.0960781303298618,0.0552617695648638,-0.109322417759679));
#11482=CARTESIAN_POINT('',(2.1094237467878E-15,0.054455898361946,-0.109322417759679));
#11483=CARTESIAN_POINT('',(0.,0.0963880793544274,-0.109322417759679));
#11484=CARTESIAN_POINT('',(0.,0.0963880793544274,-0.109322417759679));
#11485=CARTESIAN_POINT('',(0.,0.0953130793544274,-0.109322417759679));
#11486=CARTESIAN_POINT('',(2.1094237467878E-15,0.054455898361946,-0.109322417759679));
#11487=CARTESIAN_POINT('',(0.025,0.11,0.));
#11488=CARTESIAN_POINT('',(0.025,0.100964718576128,-0.0975));
#11489=CARTESIAN_POINT('',(0.025,0.0992896443800946,-0.0975));
#11490=CARTESIAN_POINT('',(0.025,0.0976145701840617,-0.0975));
#11491=CARTESIAN_POINT('',(0.025,0.0959394959880287,-0.0975));
#11492=CARTESIAN_POINT('',(0.01,0.11,0.));
#11493=CARTESIAN_POINT('',(0.00999999999999998,0.0959423570079796,-0.0975));
#11494=CARTESIAN_POINT('',(0.00999999999999998,0.0976175199826167,-0.0975));
#11495=CARTESIAN_POINT('',(0.00999999999999998,0.0992926829572538,-0.0975));
#11496=CARTESIAN_POINT('',(0.00999999999999998,0.100967845931891,-0.0975));
#11497=CARTESIAN_POINT('',(-0.01,0.11,0.));
#11498=CARTESIAN_POINT('',(-0.00999999999999998,0.100967845931891,-0.0975));
#11499=CARTESIAN_POINT('',(-0.00999999999999998,0.0992926829572538,-0.0975));
#11500=CARTESIAN_POINT('',(-0.00999999999999998,0.0976175199826167,-0.0975));
#11501=CARTESIAN_POINT('',(-0.00999999999999998,0.0959423570079795,-0.0975));
#11502=CARTESIAN_POINT('',(-0.025,0.11,0.));
#11503=CARTESIAN_POINT('',(-0.025,0.0959394959879944,-0.0975));
#11504=CARTESIAN_POINT('',(-0.025,0.0976145701840396,-0.0975));
#11505=CARTESIAN_POINT('',(-0.025,0.0992896443800848,-0.0975));
#11506=CARTESIAN_POINT('',(-0.025,0.10096471857613,-0.0975));
#11507=CARTESIAN_POINT('',(0.025,0.0950404550799299,-0.0974999999999999));
#11508=CARTESIAN_POINT('',(0.025,0.10100005291543,-0.0974999999999999));
#11509=CARTESIAN_POINT('',(0.025,0.0950404550799299,-0.0986249999999999));
#11510=CARTESIAN_POINT('',(0.025,0.10100005291543,-0.0986249999999999));
#11511=CARTESIAN_POINT('',(0.025,0.0950404550799298,-0.0997499999999998));
#11512=CARTESIAN_POINT('',(0.025,0.10100005291543,-0.0997499999999998));
#11513=CARTESIAN_POINT('',(0.0242500000000001,0.0950404550799298,-0.1025));
#11514=CARTESIAN_POINT('',(0.0242500000000001,0.10100005291543,-0.1025));
#11515=CARTESIAN_POINT('',(0.0225000000000001,0.0950404550799298,-0.10425));
#11516=CARTESIAN_POINT('',(0.0225000000000001,0.10100005291543,-0.10425));
#11517=CARTESIAN_POINT('',(0.01975,0.0950404550799299,-0.105));
#11518=CARTESIAN_POINT('',(0.01975,0.10100005291543,-0.105));
#11519=CARTESIAN_POINT('',(0.018625,0.0950404550799299,-0.105));
#11520=CARTESIAN_POINT('',(0.018625,0.10100005291543,-0.105));
#11521=CARTESIAN_POINT('',(0.0175,0.0950404550799299,-0.105));
#11522=CARTESIAN_POINT('',(0.0175,0.10100005291543,-0.105));
#11523=CARTESIAN_POINT('',(0.0175,0.100105481391323,-0.105));
#11524=CARTESIAN_POINT('',(0.0175,0.0984289171488599,-0.105));
#11525=CARTESIAN_POINT('',(0.0175,0.0967523529063974,-0.105));
#11526=CARTESIAN_POINT('',(0.0175,0.0950757886639348,-0.105));
#11527=CARTESIAN_POINT('',(0.01,0.101003198275499,-0.0975));
#11528=CARTESIAN_POINT('',(0.01,0.0950404363203271,-0.0975));
#11529=CARTESIAN_POINT('',(0.01,0.101003198275499,-0.098625));
#11530=CARTESIAN_POINT('',(0.01,0.0950404363203271,-0.098625));
#11531=CARTESIAN_POINT('',(0.01,0.101003198275499,-0.09975));
#11532=CARTESIAN_POINT('',(0.01,0.095040436320327,-0.09975));
#11533=CARTESIAN_POINT('',(0.0107500000000001,0.101003198275499,-0.1025));
#11534=CARTESIAN_POINT('',(0.0107500000000001,0.095040436320327,-0.1025));
#11535=CARTESIAN_POINT('',(0.0125000000000002,0.101003198275499,-0.10425));
#11536=CARTESIAN_POINT('',(0.0125000000000002,0.095040436320327,-0.10425));
#11537=CARTESIAN_POINT('',(0.0152500000000002,0.101003198275499,-0.105));
#11538=CARTESIAN_POINT('',(0.0152500000000002,0.095040436320327,-0.105));
#11539=CARTESIAN_POINT('',(0.0163750000000002,0.101003198275499,-0.105));
#11540=CARTESIAN_POINT('',(0.0163750000000002,0.095040436320327,-0.105));
#11541=CARTESIAN_POINT('',(0.0175000000000002,0.101003198275499,-0.105));
#11542=CARTESIAN_POINT('',(0.0175000000000002,0.095040436320327,-0.105));
#11543=CARTESIAN_POINT('',(-0.0174999999999998,0.0950404550799923,-0.105));
#11544=CARTESIAN_POINT('',(-0.0174999999999998,0.101000052904885,-0.105));
#11545=CARTESIAN_POINT('',(-0.0186249999999998,0.0950404550799923,-0.105));
#11546=CARTESIAN_POINT('',(-0.0186249999999998,0.101000052904885,-0.105));
#11547=CARTESIAN_POINT('',(-0.0197499999999998,0.0950404550799923,-0.105));
#11548=CARTESIAN_POINT('',(-0.0197499999999998,0.101000052904885,-0.105));
#11549=CARTESIAN_POINT('',(-0.0224999999999998,0.0950404550799923,-0.10425));
#11550=CARTESIAN_POINT('',(-0.0224999999999998,0.101000052904885,-0.10425));
#11551=CARTESIAN_POINT('',(-0.0242499999999999,0.0950404550799923,-0.1025));
#11552=CARTESIAN_POINT('',(-0.0242499999999999,0.101000052904885,-0.1025));
#11553=CARTESIAN_POINT('',(-0.025,0.0950404550799923,-0.09975));
#11554=CARTESIAN_POINT('',(-0.025,0.101000052904885,-0.09975));
#11555=CARTESIAN_POINT('',(-0.025,0.0950404550799923,-0.098625));
#11556=CARTESIAN_POINT('',(-0.025,0.101000052904885,-0.098625));
#11557=CARTESIAN_POINT('',(-0.025,0.0950404550799923,-0.0975));
#11558=CARTESIAN_POINT('',(-0.025,0.101000052904885,-0.0975));
#11559=CARTESIAN_POINT('',(-0.0175,0.0950757886639343,-0.105));
#11560=CARTESIAN_POINT('',(-0.0175,0.096752352906395,-0.105));
#11561=CARTESIAN_POINT('',(-0.0175,0.0984289171488557,-0.105));
#11562=CARTESIAN_POINT('',(-0.0175,0.100105481391316,-0.105));
#11563=CARTESIAN_POINT('',(-0.0175,0.101003198275499,-0.105));
#11564=CARTESIAN_POINT('',(-0.0175,0.0950404363203266,-0.105));
#11565=CARTESIAN_POINT('',(-0.016375,0.101003198275499,-0.105));
#11566=CARTESIAN_POINT('',(-0.016375,0.0950404363203266,-0.105));
#11567=CARTESIAN_POINT('',(-0.01525,0.101003198275499,-0.105));
#11568=CARTESIAN_POINT('',(-0.01525,0.0950404363203266,-0.105));
#11569=CARTESIAN_POINT('',(-0.0125,0.101003198275499,-0.10425));
#11570=CARTESIAN_POINT('',(-0.0125,0.0950404363203266,-0.10425));
#11571=CARTESIAN_POINT('',(-0.01075,0.101003198275499,-0.1025));
#11572=CARTESIAN_POINT('',(-0.01075,0.0950404363203266,-0.1025));
#11573=CARTESIAN_POINT('',(-0.01,0.101003198275499,-0.09975));
#11574=CARTESIAN_POINT('',(-0.01,0.0950404363203266,-0.09975));
#11575=CARTESIAN_POINT('',(-0.01,0.101003198275499,-0.098625));
#11576=CARTESIAN_POINT('',(-0.01,0.0950404363203266,-0.098625));
#11577=CARTESIAN_POINT('',(-0.01,0.101003198275499,-0.0975));
#11578=CARTESIAN_POINT('',(-0.01,0.0950404363203266,-0.0975));
#11579=CARTESIAN_POINT('',(0.0880106560153928,0.0132,-0.112466862836117));
#11580=CARTESIAN_POINT('',(0.0880106560153928,0.0132,-0.112466862836117));
#11581=CARTESIAN_POINT('',(0.0880106560153928,0.0132,-0.112466862836117));
#11582=CARTESIAN_POINT('',(0.0898023860534156,0.0132,-0.108257310785025));
#11583=CARTESIAN_POINT('',(0.0898023860534156,0.0157,-0.108257310785025));
#11584=CARTESIAN_POINT('',(0.0880106560153928,0.0157,-0.112466862836117));
#11585=CARTESIAN_POINT('',(0.0905856560153928,0.0132,-0.106417069451215));
#11586=CARTESIAN_POINT('',(0.0925856560153928,0.0132,-0.106417069451215));
#11587=CARTESIAN_POINT('',(0.0925856560153928,0.0157,-0.106417069451215));
#11588=CARTESIAN_POINT('',(0.0905856560153928,0.0157,-0.106417069451215));
#11589=CARTESIAN_POINT('',(0.0905856560153928,0.0132,0.0788438766824005));
#11590=CARTESIAN_POINT('',(0.0898023860534156,0.0132,0.0806841180162109));
#11591=CARTESIAN_POINT('',(0.0898023860534156,0.0157,0.0806841180162109));
#11592=CARTESIAN_POINT('',(0.0905856560153928,0.0157,0.0788438766824005));
#11593=CARTESIAN_POINT('',(0.0925856560153928,0.0157,0.0788438766824005));
#11594=CARTESIAN_POINT('',(0.0925856560153928,0.0132,0.0788438766824005));
#11595=CARTESIAN_POINT('',(0.0880106560153929,0.0132,0.0848936700673022));
#11596=CARTESIAN_POINT('',(0.0880106560153929,0.0157,0.0848936700673022));
#11597=CARTESIAN_POINT('',(0.0880106560153928,0.0132,0.0848936700673022));
#11598=CARTESIAN_POINT('',(0.0880106560153928,0.0132,0.0848936700673022));
#11599=CARTESIAN_POINT('',(0.0925856560153928,0.0132,-0.0130236922560729));
#11600=CARTESIAN_POINT('',(0.0925856560153928,0.0157,-0.0130236922560729));
#11601=CARTESIAN_POINT('',(-0.0880106560153928,0.0132,-0.112466862836117));
#11602=CARTESIAN_POINT('',(-0.0880106560153928,0.0157,-0.112466862836117));
#11603=CARTESIAN_POINT('',(-0.0898023860534156,0.0157,-0.108257310785025));
#11604=CARTESIAN_POINT('',(-0.0898023860534156,0.0132,-0.108257310785025));
#11605=CARTESIAN_POINT('',(-0.0880106560153928,0.0132,-0.112466862836117));
#11606=CARTESIAN_POINT('',(-0.0880106560153928,0.0132,-0.112466862836117));
#11607=CARTESIAN_POINT('',(-0.0880106560153929,0.0132,0.0848936700673022));
#11608=CARTESIAN_POINT('',(-0.0880106560153929,0.0132,0.0848936700673022));
#11609=CARTESIAN_POINT('',(-0.0880106560153928,0.0132,0.0848936700673022));
#11610=CARTESIAN_POINT('',(-0.0898023860534156,0.0132,0.0806841180162109));
#11611=CARTESIAN_POINT('',(-0.0898023860534156,0.0157,0.0806841180162109));
#11612=CARTESIAN_POINT('',(-0.0880106560153928,0.0157,0.0848936700673022));
#11613=CARTESIAN_POINT('',(-0.0905856560153928,0.0132,0.0788438766824005));
#11614=CARTESIAN_POINT('',(-0.0925856560153928,0.0132,0.0788438766824005));
#11615=CARTESIAN_POINT('',(-0.0925856560153928,0.0157,0.0788438766824005));
#11616=CARTESIAN_POINT('',(-0.0905856560153928,0.0157,0.0788438766824005));
#11617=CARTESIAN_POINT('',(-0.0925856560153928,0.0132,-0.0130236922560729));
#11618=CARTESIAN_POINT('',(-0.0925856560153928,0.0132,-0.106417069451215));
#11619=CARTESIAN_POINT('',(-0.0925856560153928,0.0157,-0.106417069451215));
#11620=CARTESIAN_POINT('',(-0.0925856560153928,0.0157,-0.0130236922560729));
#11621=CARTESIAN_POINT('',(-0.0905856560153928,0.0132,-0.106417069451215));
#11622=CARTESIAN_POINT('',(-0.0905856560153928,0.0157,-0.106417069451215));
#11623=CARTESIAN_POINT('',(0.0982403349401193,0.0132,-0.00137550455660174));
#11624=CARTESIAN_POINT('',(0.0982403349401193,0.0157,-0.00137550455660174));
#11625=CARTESIAN_POINT('',(-0.0982403349401193,0.0132,-0.00102553107864023));
#11626=CARTESIAN_POINT('',(-0.0982403349401193,0.0157,-0.00102553107864023));
#11627=CARTESIAN_POINT('',(0.,0.0132,0.012850019101407));
#11628=CARTESIAN_POINT('',(0.,0.0132,0.012850019101407));
#11629=CARTESIAN_POINT('',(0.,0.0157,0.012850019101407));
#11630=CARTESIAN_POINT('',(0.,0.0132,0.012850019101407));
#11631=CARTESIAN_POINT('',(0.,0.0132,0.012850019101407));
#11632=CARTESIAN_POINT('',(0.,0.0157,0.012850019101407));
#11633=CARTESIAN_POINT('',(0.,0.0157,0.012850019101407));
#11634=CARTESIAN_POINT('',(0.,0.0157,0.012850019101407));
#11635=MECHANICAL_DESIGN_GEOMETRIC_PRESENTATION_REPRESENTATION('',(#2101),
#11636);
#11636=(
GEOMETRIC_REPRESENTATION_CONTEXT(3)
GLOBAL_UNCERTAINTY_ASSIGNED_CONTEXT((#11637))
GLOBAL_UNIT_ASSIGNED_CONTEXT((#11640,#11639,#11638))
REPRESENTATION_CONTEXT('Part 53','TOP_LEVEL_ASSEMBLY_PART')
);
#11637=UNCERTAINTY_MEASURE_WITH_UNIT(LENGTH_MEASURE(6.56908881329732E-5),
#11640,'DISTANCE_ACCURACY_VALUE','Maximum Tolerance applied to model');
#11638=(
NAMED_UNIT(*)
SI_UNIT($,.STERADIAN.)
SOLID_ANGLE_UNIT()
);
#11639=(
NAMED_UNIT(*)
PLANE_ANGLE_UNIT()
SI_UNIT($,.RADIAN.)
);
#11640=(
LENGTH_UNIT()
NAMED_UNIT(*)
SI_UNIT($,.METRE.)
);
#11641=PRODUCT_DEFINITION_SHAPE('','',#11642);
#11642=PRODUCT_DEFINITION('','',#11644,#11643);
#11643=PRODUCT_DEFINITION_CONTEXT('',#11650,'design');
#11644=PRODUCT_DEFINITION_FORMATION_WITH_SPECIFIED_SOURCE('','',#11646,
 .NOT_KNOWN.);
#11645=PRODUCT_RELATED_PRODUCT_CATEGORY('','',(#11646));
#11646=PRODUCT('Part 53','Part 53','Part 53',(#11648));
#11647=PRODUCT_CATEGORY('','');
#11648=PRODUCT_CONTEXT('',#11650,'mechanical');
#11649=APPLICATION_PROTOCOL_DEFINITION('international standard',
'ap242_managed_model_based_3d_engineering',2020,#11650);
#11650=APPLICATION_CONTEXT('managed model based 3d engineering');
ENDSEC;
END-ISO-10303-21;
