ISO-10303-21;
HEADER;
/* Generated by software containing ST-Developer
 * from STEP Tools, Inc. (www.steptools.com) 
 */
/* OPTION: using custom renumber hook */

FILE_DESCRIPTION(
/* description */ ('STEP AP242 Edition 2',
'CAx-IF Rec.Pracs.---Representation and Presentation of Product Manufa
cturing Information (PMI)---4.0---2014-10-13',
'CAx-IF Rec.Pracs.---3D Tessellated Geometry---0.4---2014-09-14','2;1',
'CAx-IF Rec.Pracs.---User Defined Attributes---1.5---2016-08-15'),
/* implementation_level */ '2;1');

FILE_NAME(
/* name */ 'Main chassis - Part 54',
/* time_stamp */ '2026-06-20T13:39:57Z',
/* author */ (''),
/* organization */ (''),
/* preprocessor_version */ 'ST-DEVELOPER v20',
/* originating_system */ 'ONSHAPE BY PTC INC, 1.216',
/* authorisation */ '  ');

FILE_SCHEMA (('AP242_MANAGED_MODEL_BASED_3D_ENGINEERING_MIM_LF { 1 0 10303 442 3 1 4 }'));
ENDSEC;

DATA;
#10=SHAPE_REPRESENTATION_RELATIONSHIP('','',#898,#11);
#11=ADVANCED_BREP_SHAPE_REPRESENTATION('',(#896),#2442);
#12=CYLINDRICAL_SURFACE('',#921,0.0372287280132528);
#13=CYLINDRICAL_SURFACE('',#922,0.0372287280132527);
#14=CYLINDRICAL_SURFACE('',#924,0.23368449338356);
#15=CYLINDRICAL_SURFACE('',#925,0.282663476069747);
#16=CYLINDRICAL_SURFACE('',#927,0.001075);
#17=CYLINDRICAL_SURFACE('',#928,0.001075);
#18=CYLINDRICAL_SURFACE('',#931,0.001075);
#19=CYLINDRICAL_SURFACE('',#934,0.001075);
#20=CYLINDRICAL_SURFACE('',#935,0.001075);
#21=CYLINDRICAL_SURFACE('',#936,0.001075);
#22=CYLINDRICAL_SURFACE('',#939,0.001075);
#23=CYLINDRICAL_SURFACE('',#942,0.001075);
#24=CYLINDRICAL_SURFACE('',#943,0.001075);
#25=CYLINDRICAL_SURFACE('',#946,0.001075);
#26=CYLINDRICAL_SURFACE('',#947,0.001075);
#27=CYLINDRICAL_SURFACE('',#948,0.001075);
#28=CYLINDRICAL_SURFACE('',#949,0.001075);
#29=CYLINDRICAL_SURFACE('',#952,0.001075);
#30=B_SPLINE_SURFACE_WITH_KNOTS('',3,1,((#1136,#1137),(#1138,#1139),(#1140,
#1141),(#1142,#1143),(#1144,#1145),(#1146,#1147),(#1148,#1149),(#1150,#1151),
(#1152,#1153),(#1154,#1155),(#1156,#1157)),.SURF_OF_LINEAR_EXTRUSION.,.F.,
 .F.,.F.,(4,1,1,1,1,1,1,1,4),(2,2),(-0.00244030076329178,0.00965482677728174,
0.0217499543178553,0.0338450818584288,0.0459402093990023,0.0701304644801494,
0.0943207195612964,0.14270122972359,0.191081739885885),(0.,1.),
 .UNSPECIFIED.);
#31=B_SPLINE_SURFACE_WITH_KNOTS('',3,1,((#1212,#1213),(#1214,#1215),(#1216,
#1217),(#1218,#1219),(#1220,#1221),(#1222,#1223),(#1224,#1225),(#1226,#1227),
(#1228,#1229),(#1230,#1231),(#1232,#1233)),.SURF_OF_LINEAR_EXTRUSION.,.F.,
 .F.,.F.,(4,1,1,1,1,1,1,1,4),(2,2),(0.00849122814115927,0.111960641628854,
0.163695348372701,0.215430055116549,0.267164761860396,0.29303211523232,
0.318899468604243,0.370634175348091,0.422368882091938),(0.,1.),
 .UNSPECIFIED.);
#32=B_SPLINE_SURFACE_WITH_KNOTS('',3,1,((#1532,#1533),(#1534,#1535),(#1536,
#1537),(#1538,#1539),(#1540,#1541),(#1542,#1543),(#1544,#1545),(#1546,#1547),
(#1548,#1549),(#1550,#1551),(#1552,#1553),(#1554,#1555),(#1556,#1557)),
 .SURF_OF_LINEAR_EXTRUSION.,.F.,.F.,.F.,(4,1,1,1,1,1,1,1,1,1,4),(2,2),(0.79613862114271,
0.810398268733647,0.824657916324584,0.83891756391552,0.846047387710989,
0.853177211506457,0.860307035301926,0.867436859097394,0.881696506688331,
0.895956154279267,0.910215801870204),(0.,1.),.UNSPECIFIED.);
#33=B_SPLINE_SURFACE_WITH_KNOTS('',3,1,((#1578,#1579),(#1580,#1581),(#1582,
#1583),(#1584,#1585),(#1586,#1587),(#1588,#1589),(#1590,#1591),(#1592,#1593),
(#1594,#1595),(#1596,#1597)),.SURF_OF_LINEAR_EXTRUSION.,.T.,.F.,.F.,(1,
3,1,1,1,1,1,1,3,1),(2,2),(-0.152451871497999,0.,0.136269795779927,0.256899260467907,
0.428999445145013,0.551841102260877,0.667658338964557,0.847548128502001,
1.,1.13626979577993),(0.,1.),.UNSPECIFIED.);
#34=B_SPLINE_SURFACE_WITH_KNOTS('',3,1,((#1682,#1683),(#1684,#1685),(#1686,
#1687),(#1688,#1689)),.SURF_OF_LINEAR_EXTRUSION.,.F.,.F.,.F.,(4,4),(2,2),
(0.7911439712948,1.00000000000001),(0.,1.),.PIECEWISE_BEZIER_KNOTS.);
#35=B_SPLINE_SURFACE_WITH_KNOTS('',3,1,((#1698,#1699),(#1700,#1701),(#1702,
#1703),(#1704,#1705),(#1706,#1707),(#1708,#1709),(#1710,#1711)),
 .SURF_OF_LINEAR_EXTRUSION.,.F.,.F.,.F.,(4,1,1,1,4),(2,2),(0.256707439187641,
0.478626510169361,0.700545581151082,0.922464652132802,1.14438372311452),
(0.,1.),.UNSPECIFIED.);
#36=B_SPLINE_SURFACE_WITH_KNOTS('',3,1,((#1731,#1732),(#1733,#1734),(#1735,
#1736),(#1737,#1738),(#1739,#1740),(#1741,#1742),(#1743,#1744)),
 .SURF_OF_LINEAR_EXTRUSION.,.F.,.F.,.F.,(4,1,1,1,4),(2,2),(0.709127123089251,
0.8785300008984,0.963231439802974,1.00558215925526,1.04793287870755),(0.,
1.),.UNSPECIFIED.);
#37=B_SPLINE_SURFACE_WITH_KNOTS('',3,1,((#1802,#1803),(#1804,#1805),(#1806,
#1807),(#1808,#1809),(#1810,#1811),(#1812,#1813),(#1814,#1815),(#1816,#1817),
(#1818,#1819),(#1820,#1821)),.SURF_OF_LINEAR_EXTRUSION.,.T.,.F.,.F.,(1,
3,1,1,1,1,1,1,3,1),(2,2),(-0.152451871497999,0.,0.136269795779927,0.256899260467907,
0.428999445145013,0.551841102260877,0.667658338964557,0.847548128502001,
1.,1.13626979577993),(0.,1.),.UNSPECIFIED.);
#38=B_SPLINE_SURFACE_WITH_KNOTS('',3,1,((#1862,#1863),(#1864,#1865),(#1866,
#1867),(#1868,#1869),(#1870,#1871),(#1872,#1873),(#1874,#1875),(#1876,#1877),
(#1878,#1879),(#1880,#1881),(#1882,#1883),(#1884,#1885),(#1886,#1887)),
 .SURF_OF_LINEAR_EXTRUSION.,.F.,.F.,.F.,(4,1,1,1,1,1,1,1,1,1,4),(2,2),(0.796138621142713,
0.81039826873365,0.824657916324588,0.838917563915525,0.846047387710994,
0.853177211506463,0.860307035301932,0.8674368590974,0.881696506688338,0.895956154279275,
0.910215801870213),(0.,1.),.UNSPECIFIED.);
#39=B_SPLINE_SURFACE_WITH_KNOTS('',3,1,((#1901,#1902),(#1903,#1904),(#1905,
#1906),(#1907,#1908),(#1909,#1910),(#1911,#1912),(#1913,#1914),(#1915,#1916),
(#1917,#1918),(#1919,#1920),(#1921,#1922),(#1923,#1924),(#1925,#1926),(#1927,
#1928),(#1929,#1930),(#1931,#1932),(#1933,#1934),(#1935,#1936),(#1937,#1938),
(#1939,#1940),(#1941,#1942),(#1943,#1944),(#1945,#1946),(#1947,#1948),(#1949,
#1950),(#1951,#1952),(#1953,#1954),(#1955,#1956)),
 .SURF_OF_LINEAR_EXTRUSION.,.F.,.F.,.F.,(4,1,1,1,1,1,1,1,1,1,1,1,1,1,1,
1,1,1,1,1,1,1,1,1,1,4),(2,2),(0.234464595253885,0.281123546851733,0.32778249844958,
0.374441450047428,0.421100401645275,0.467759353243123,0.51441830484097,
0.537747780639894,0.561077256438818,0.607736208036665,0.654395159634513,
0.677724635433437,0.70105411123236,0.724383587031284,0.747713062830208,
0.771042538629132,0.794372014428055,0.817701490226979,0.841030966025903,
0.852695703925365,0.864360441824827,0.88768991762375,0.911019393422674,
0.934348869221598,0.957678345020522,0.981007820819445),(0.,1.),
 .UNSPECIFIED.);
#40=B_SPLINE_SURFACE_WITH_KNOTS('',3,1,((#2000,#2001),(#2002,#2003),(#2004,
#2005),(#2006,#2007),(#2008,#2009),(#2010,#2011),(#2012,#2013),(#2014,#2015),
(#2016,#2017),(#2018,#2019),(#2020,#2021),(#2022,#2023),(#2024,#2025),(#2026,
#2027),(#2028,#2029),(#2030,#2031),(#2032,#2033),(#2034,#2035),(#2036,#2037),
(#2038,#2039),(#2040,#2041),(#2042,#2043),(#2044,#2045),(#2046,#2047),(#2048,
#2049),(#2050,#2051),(#2052,#2053),(#2054,#2055)),
 .SURF_OF_LINEAR_EXTRUSION.,.F.,.F.,.F.,(4,1,1,1,1,1,1,1,1,1,1,1,1,1,1,
1,1,1,1,1,1,1,1,1,1,4),(2,2),(0.234464595035504,0.281123546647075,0.327782498258647,
0.374441449870218,0.421100401481789,0.467759353093361,0.514418304704932,
0.537747780510718,0.561077256316504,0.607736207928075,0.654395159539646,
0.677724635345432,0.701054111151218,0.724383586957004,0.747713062762789,
0.771042538568575,0.794372014374361,0.817701490180146,0.841030965985932,
0.852695703888825,0.864360441791718,0.887689917597503,0.911019393403289,
0.934348869209075,0.95767834501486,0.981007820820646),(0.,1.),
 .UNSPECIFIED.);
#41=B_SPLINE_SURFACE_WITH_KNOTS('',3,1,((#2063,#2064),(#2065,#2066),(#2067,
#2068),(#2069,#2070),(#2071,#2072),(#2073,#2074),(#2075,#2076),(#2077,#2078),
(#2079,#2080),(#2081,#2082),(#2083,#2084),(#2085,#2086),(#2087,#2088),(#2089,
#2090),(#2091,#2092),(#2093,#2094),(#2095,#2096),(#2097,#2098),(#2099,#2100),
(#2101,#2102),(#2103,#2104)),.SURF_OF_LINEAR_EXTRUSION.,.F.,.F.,.F.,(4,
1,1,1,1,1,1,1,1,1,1,1,1,1,1,1,1,1,4),(2,2),(0.250701002375582,0.280198876549927,
0.309696750724273,0.339194624898618,0.368692499072963,0.398190373247308,
0.41293931033448,0.427688247421653,0.457186121595998,0.486683995770343,
0.516181869944688,0.53093080703186,0.545679744119033,0.575177618293378,
0.604675492467723,0.634173366642068,0.663671240816413,0.693169114990758,
0.722666989165103),(0.,1.),.UNSPECIFIED.);
#42=B_SPLINE_SURFACE_WITH_KNOTS('',3,1,((#2132,#2133),(#2134,#2135),(#2136,
#2137),(#2138,#2139)),.SURF_OF_LINEAR_EXTRUSION.,.F.,.F.,.F.,(4,4),(2,2),
(-6.21008721172461E-15,1.),(0.,1.),.PIECEWISE_BEZIER_KNOTS.);
#43=B_SPLINE_SURFACE_WITH_KNOTS('',3,1,((#2149,#2150),(#2151,#2152),(#2153,
#2154),(#2155,#2156),(#2157,#2158),(#2159,#2160),(#2161,#2162),(#2163,#2164),
(#2165,#2166)),.SURF_OF_LINEAR_EXTRUSION.,.F.,.F.,.F.,(4,1,1,1,1,1,4),(2,
2),(0.00849122814111353,0.101196990145032,0.19390275214895,0.240255633150909,
0.286608514152869,0.332961395154828,0.379314276156787),(0.,1.),
 .UNSPECIFIED.);
#44=B_SPLINE_SURFACE_WITH_KNOTS('',3,1,((#2212,#2213),(#2214,#2215),(#2216,
#2217),(#2218,#2219),(#2220,#2221),(#2222,#2223),(#2224,#2225),(#2226,#2227),
(#2228,#2229),(#2230,#2231)),.SURF_OF_LINEAR_EXTRUSION.,.F.,.F.,.F.,(4,
1,1,1,1,1,1,4),(2,2),(0.12700262518346,0.248296220835004,0.308943018660776,
0.369589816486547,0.430236614312319,0.490883412138091,0.551530209963863,
0.612177007789634),(0.,1.),.UNSPECIFIED.);
#45=B_SPLINE_SURFACE_WITH_KNOTS('',3,1,((#2232,#2233),(#2234,#2235),(#2236,
#2237),(#2238,#2239),(#2240,#2241),(#2242,#2243),(#2244,#2245),(#2246,#2247),
(#2248,#2249),(#2250,#2251),(#2252,#2253),(#2254,#2255),(#2256,#2257),(#2258,
#2259),(#2260,#2261),(#2262,#2263),(#2264,#2265),(#2266,#2267),(#2268,#2269),
(#2270,#2271),(#2272,#2273)),.SURF_OF_LINEAR_EXTRUSION.,.F.,.F.,.F.,(4,
1,1,1,1,1,1,1,1,1,1,1,1,1,1,1,1,1,4),(2,2),(0.2507010023756,0.280198876549944,
0.309696750724288,0.339194624898632,0.368692499072976,0.39819037324732,
0.412939310334492,0.427688247421664,0.457186121596008,0.486683995770352,
0.516181869944696,0.530930807031868,0.54567974411904,0.575177618293384,
0.604675492467728,0.634173366642072,0.663671240816416,0.69316911499076,
0.722666989165104),(0.,1.),.UNSPECIFIED.);
#46=B_SPLINE_SURFACE_WITH_KNOTS('',3,1,((#2303,#2304),(#2305,#2306),(#2307,
#2308),(#2309,#2310),(#2311,#2312),(#2313,#2314),(#2315,#2316),(#2317,#2318),
(#2319,#2320)),.SURF_OF_LINEAR_EXTRUSION.,.F.,.F.,.F.,(4,1,1,1,1,1,4),(2,
2),(0.0249817689881592,0.11301197459938,0.201042180210601,0.245057283016211,
0.289072385821821,0.333087488627432,0.377102591433042),(0.,1.),
 .UNSPECIFIED.);
#47=B_SPLINE_SURFACE_WITH_KNOTS('',3,1,((#2336,#2337),(#2338,#2339),(#2340,
#2341),(#2342,#2343)),.SURF_OF_LINEAR_EXTRUSION.,.F.,.F.,.F.,(4,4),(2,2),
(0.106546790183521,0.116221819780611),(0.,1.),.PIECEWISE_BEZIER_KNOTS.);
#48=B_SPLINE_SURFACE_WITH_KNOTS('',3,1,((#2350,#2351),(#2352,#2353),(#2354,
#2355),(#2356,#2357)),.SURF_OF_LINEAR_EXTRUSION.,.F.,.F.,.F.,(4,4),(2,2),
(0.407861727709238,0.419695789213007),(0.,1.),.PIECEWISE_BEZIER_KNOTS.);
#49=B_SPLINE_SURFACE_WITH_KNOTS('',3,1,((#2362,#2363),(#2364,#2365),(#2366,
#2367),(#2368,#2369),(#2370,#2371),(#2372,#2373),(#2374,#2375),(#2376,#2377),
(#2378,#2379)),.SURF_OF_LINEAR_EXTRUSION.,.F.,.F.,.F.,(4,1,1,1,1,1,4),(2,
2),(0.132030044921331,0.25231672941752,0.312460071665615,0.372603413913709,
0.432746756161804,0.492890098409898,0.613176782906087),(0.,1.),
 .UNSPECIFIED.);
#50=B_SPLINE_SURFACE_WITH_KNOTS('',3,1,((#2384,#2385),(#2386,#2387),(#2388,
#2389),(#2390,#2391),(#2392,#2393),(#2394,#2395),(#2396,#2397),(#2398,#2399),
(#2400,#2401),(#2402,#2403),(#2404,#2405)),.SURF_OF_LINEAR_EXTRUSION.,.F.,
 .F.,.F.,(4,1,1,1,1,1,1,1,4),(2,2),(0.0249817689881953,0.124234593982474,
0.173861006479614,0.223487418976754,0.273113831473893,0.297927037722463,
0.322740243971033,0.372366656468172,0.421993068965312),(0.,1.),
 .UNSPECIFIED.);
#51=ELLIPSE('',#905,1.71775701302942,0.23368449338356);
#52=ELLIPSE('',#906,1.71775701302942,0.23368449338356);
#53=ELLIPSE('',#907,2.07778942160756,0.282663476069747);
#54=LINE('',#1111,#82);
#55=LINE('',#1118,#83);
#56=LINE('',#1124,#84);
#57=LINE('',#1131,#85);
#58=LINE('',#1188,#86);
#59=LINE('',#1312,#87);
#60=LINE('',#1403,#88);
#61=LINE('',#1419,#89);
#62=LINE('',#1421,#90);
#63=LINE('',#1434,#91);
#64=LINE('',#1466,#92);
#65=LINE('',#1498,#93);
#66=LINE('',#1511,#94);
#67=LINE('',#1513,#95);
#68=LINE('',#1517,#96);
#69=LINE('',#1558,#97);
#70=LINE('',#1577,#98);
#71=LINE('',#1681,#99);
#72=LINE('',#1690,#100);
#73=LINE('',#1692,#101);
#74=LINE('',#1712,#102);
#75=LINE('',#1725,#103);
#76=LINE('',#1752,#104);
#77=LINE('',#1888,#105);
#78=LINE('',#2199,#106);
#79=LINE('',#2201,#107);
#80=LINE('',#2326,#108);
#81=LINE('',#2349,#109);
#82=VECTOR('',#967,1.);
#83=VECTOR('',#968,1.);
#84=VECTOR('',#973,1.);
#85=VECTOR('',#974,1.);
#86=VECTOR('',#979,1.);
#87=VECTOR('',#980,1.);
#88=VECTOR('',#987,1.);
#89=VECTOR('',#990,1.);
#90=VECTOR('',#991,1.);
#91=VECTOR('',#992,1.);
#92=VECTOR('',#993,1.);
#93=VECTOR('',#994,1.);
#94=VECTOR('',#995,1.);
#95=VECTOR('',#996,1.);
#96=VECTOR('',#999,1.);
#97=VECTOR('',#1014,1.);
#98=VECTOR('',#1017,1.);
#99=VECTOR('',#1020,1.);
#100=VECTOR('',#1021,1.);
#101=VECTOR('',#1022,1.);
#102=VECTOR('',#1023,1.);
#103=VECTOR('',#1024,1.);
#104=VECTOR('',#1025,1.);
#105=VECTOR('',#1028,1.);
#106=VECTOR('',#1029,1.);
#107=VECTOR('',#1032,1.);
#108=VECTOR('',#1035,1.);
#109=VECTOR('',#1038,1.);
#110=B_SPLINE_CURVE_WITH_KNOTS('',3,(#1105,#1106,#1107,#1108),
 .UNSPECIFIED.,.F.,.F.,(4,4),(0.0546647151663527,0.0673656497993604),
 .UNSPECIFIED.);
#111=B_SPLINE_CURVE_WITH_KNOTS('',3,(#1113,#1114,#1115,#1116),
 .UNSPECIFIED.,.F.,.F.,(4,4),(0.0142907740399306,0.0269917267070375),
 .UNSPECIFIED.);
#112=B_SPLINE_CURVE_WITH_KNOTS('',3,(#1126,#1127,#1128,#1129),
 .UNSPECIFIED.,.F.,.F.,(4,4),(0.00930944340210127,0.0723725289581936),
 .UNSPECIFIED.);
#113=B_SPLINE_CURVE_WITH_KNOTS('',3,(#1158,#1159,#1160,#1161,#1162,#1163,
#1164,#1165,#1166,#1167,#1168),.UNSPECIFIED.,.T.,.F.,(1,1,1,1,1,1,1,1,1,
1,1,1,1,1,1),(-0.00258396193175192,-0.00172264128783459,-0.000861320643917259,
7.01802709285885E-17,0.0008613206439174,0.00172264128783473,0.00258396193175206,
0.00344528257566939,0.00430660321958672,0.00516792386350405,0.00602924450742138,
0.00689056515133871,0.00775188579525604,0.00861320643917337,0.0094745270830907),
 .UNSPECIFIED.);
#114=B_SPLINE_CURVE_WITH_KNOTS('',3,(#1170,#1171,#1172,#1173,#1174,#1175,
#1176,#1177,#1178,#1179,#1180),.UNSPECIFIED.,.T.,.F.,(1,1,1,1,1,1,1,1,1,
1,1,1,1,1,1),(-0.00258396193175186,-0.00172264128783453,-0.000861320643917189,
1.47196168001604E-16,0.000861320643917484,0.00172264128783482,0.00258396193175216,
0.00344528257566949,0.00430660321958683,0.00516792386350417,0.0060292445074215,
0.00689056515133884,0.00775188579525618,0.00861320643917351,0.00947452708309085),
 .UNSPECIFIED.);
#115=B_SPLINE_CURVE_WITH_KNOTS('',3,(#1182,#1183,#1184,#1185,#1186),
 .UNSPECIFIED.,.F.,.F.,(4,1,4),(0.0622484870928626,0.0699632702593218,0.077678053425781),
 .UNSPECIFIED.);
#116=B_SPLINE_CURVE_WITH_KNOTS('',3,(#1190,#1191,#1192,#1193,#1194),
 .UNSPECIFIED.,.F.,.F.,(4,1,4),(0.,0.00625047839100978,0.0125009567820196),
 .UNSPECIFIED.);
#117=B_SPLINE_CURVE_WITH_KNOTS('',3,(#1196,#1197,#1198,#1199),
 .UNSPECIFIED.,.F.,.F.,(4,4),(0.0622459377670394,0.0652150317432491),
 .UNSPECIFIED.);
#118=B_SPLINE_CURVE_WITH_KNOTS('',3,(#1200,#1201,#1202,#1203,#1204,#1205,
#1206,#1207,#1208,#1209,#1210),.UNSPECIFIED.,.T.,.F.,(1,1,1,1,1,1,1,1,1,
1,1,1,1,1,1),(-0.00258396193175182,-0.00172264128783451,-0.000861320643917197,
1.11886302282795E-16,0.000861320643917421,0.00172264128783473,0.00258396193175204,
0.00344528257566935,0.00430660321958666,0.00516792386350397,0.00602924450742128,
0.00689056515133859,0.0077518857952559,0.00861320643917321,0.00947452708309052),
 .UNSPECIFIED.);
#119=B_SPLINE_CURVE_WITH_KNOTS('',3,(#1234,#1235,#1236,#1237,#1238,#1239,
#1240,#1241,#1242,#1243,#1244,#1245,#1246,#1247,#1248,#1249,#1250,#1251,
#1252,#1253,#1254,#1255,#1256,#1257,#1258,#1259,#1260,#1261,#1262,#1263,
#1264,#1265,#1266,#1267,#1268,#1269,#1270,#1271,#1272,#1273,#1274),
 .UNSPECIFIED.,.T.,.F.,(1,1,1,1,1,1,1,1,1,1,1,1,1,1,1,1,1,1,1,1,1,1,1,1,
1,1,1,1,1,1,1,1,1,1,1,1,1,1,1,1,1,1,1,1,1),(-0.0145848873825701,-0.00972325825504672,
-0.0048616291275233,6.97350206824216E-17,0.00486162912752347,0.00972325825504687,
0.0145848873825703,0.0194465165100937,0.0243081456376171,0.0291697747651405,
0.0316005893289022,0.0340314038926639,0.0364622184564256,0.0388930330201873,
0.0437546621477106,0.048616291275234,0.0534779204027575,0.0583395495302809,
0.0632011786578043,0.0656319932215659,0.0680628077853276,0.0704936223490893,
0.072924436912851,0.0777860660403744,0.0826476951678978,0.0875093242954212,
0.0899401388591829,0.0923709534229446,0.097232582550468,0.102094211677991,
0.106955840805515,0.111817469933038,0.116679099060562,0.121540728188085,
0.126402357315608,0.131263986443132,0.133694801006894,0.136125615570655,
0.140987244698179,0.145848873825702,0.150710502953225,0.155572132080749,
0.160433761208272,0.165295390335796,0.170157019463319),.UNSPECIFIED.);
#120=B_SPLINE_CURVE_WITH_KNOTS('',3,(#1276,#1277,#1278,#1279),
 .UNSPECIFIED.,.F.,.F.,(4,4),(0.,0.0121934816270952),.UNSPECIFIED.);
#121=B_SPLINE_CURVE_WITH_KNOTS('',3,(#1281,#1282,#1283,#1284),
 .UNSPECIFIED.,.F.,.F.,(4,4),(0.,0.00813518653597094),.UNSPECIFIED.);
#122=B_SPLINE_CURVE_WITH_KNOTS('',3,(#1286,#1287,#1288,#1289,#1290,#1291,
#1292,#1293),.UNSPECIFIED.,.F.,.F.,(4,1,1,1,1,4),(0.,0.300554437321495,
0.59550553394404,0.753717867956205,0.89262928913254,1.),.UNSPECIFIED.);
#123=B_SPLINE_CURVE_WITH_KNOTS('',3,(#1295,#1296,#1297,#1298,#1299,#1300,
#1301,#1302,#1303,#1304,#1305),.UNSPECIFIED.,.F.,.F.,(4,1,1,1,1,3,4),(0.,
0.300554437321495,0.59550553394404,0.753717867956205,0.89262928913254,1.,
1.01),.UNSPECIFIED.);
#124=B_SPLINE_CURVE_WITH_KNOTS('',3,(#1307,#1308,#1309,#1310),
 .UNSPECIFIED.,.F.,.F.,(4,4),(0.00643724376681324,0.0100686849885853),
 .UNSPECIFIED.);
#125=B_SPLINE_CURVE_WITH_KNOTS('',3,(#1314,#1315,#1316,#1317,#1318,#1319,
#1320,#1321,#1322,#1323,#1324,#1325,#1326,#1327,#1328,#1329,#1330,#1331,
#1332,#1333,#1334,#1335,#1336,#1337,#1338,#1339,#1340,#1341,#1342,#1343,
#1344,#1345,#1346),.UNSPECIFIED.,.F.,.F.,(4,1,1,1,1,1,1,1,1,1,1,1,1,1,1,
1,1,1,1,1,1,1,1,1,1,1,1,1,1,1,4),(0.0668244204153559,0.074098195872211,
0.0813719713290662,0.0886457467859213,0.0959195222427764,0.103193297699632,
0.110467073156487,0.117740848613342,0.125014624070197,0.132288399527052,
0.139562174983907,0.143199062712335,0.146835950440762,0.15047283816919,
0.154109725897617,0.157746613626045,0.159565057490259,0.161383501354473,
0.163201945218686,0.1650203890829,0.166838832947114,0.168657276811328,0.170475720675542,
0.171384942607648,0.172294164539755,0.173203386471862,0.174112608403969,
0.175931052268183,0.177749496132397,0.17956793999661,0.183204827725038),
 .UNSPECIFIED.);
#126=B_SPLINE_CURVE_WITH_KNOTS('',3,(#1348,#1349,#1350,#1351),
 .UNSPECIFIED.,.F.,.F.,(4,4),(0.102781910487238,0.116221819780611),
 .UNSPECIFIED.);
#127=B_SPLINE_CURVE_WITH_KNOTS('',3,(#1352,#1353,#1354,#1355,#1356,#1357,
#1358,#1359,#1360,#1361,#1362,#1363,#1364,#1365,#1366),.UNSPECIFIED.,.T.,
 .F.,(1,1,1,1,1,1,1,1,1,1,1,1,1,1,1,1,1,1,1),(-0.00205157495279438,-0.00153868121459577,
-0.00102578747639716,5.97913660930139E-17,0.00102578747639728,0.00153868121459588,
0.00205157495279449,0.0025644686909931,0.00307736242919171,0.00410314990558893,
0.00512893738198614,0.00564183112018475,0.00615472485838336,0.00666761859658197,
0.00718051233478058,0.0082062998111778,0.00923208728757501,0.00974498102577362,
0.0102578747639722),.UNSPECIFIED.);
#128=B_SPLINE_CURVE_WITH_KNOTS('',3,(#1368,#1369,#1370,#1371,#1372,#1373,
#1374,#1375,#1376,#1377,#1378,#1379,#1380,#1381,#1382),.UNSPECIFIED.,.T.,
 .F.,(1,1,1,1,1,1,1,1,1,1,1,1,1,1,1,1,1,1,1),(-0.0020511884283331,-0.00153839132124982,
-0.00102559421416654,1.96261557335472E-17,0.00102559421416658,0.00153839132124986,
0.00205118842833313,0.00256398553541641,0.00307678264249969,0.00410237685666625,
0.00512797107083281,0.00564076817791609,0.00615356528499936,0.00666636239208264,
0.00717915949916592,0.00820475371333248,0.00923034792749904,0.00974314503458231,
0.0102559421416656),.UNSPECIFIED.);
#129=B_SPLINE_CURVE_WITH_KNOTS('',3,(#1389,#1390,#1391,#1392,#1393,#1394,
#1395,#1396,#1397,#1398,#1399,#1400),.UNSPECIFIED.,.F.,.F.,(4,1,1,1,1,1,
1,1,1,4),(0.,0.144632997427473,0.275443720334165,0.415165920073793,0.518913592122785,
0.69549453166214,0.77866882522218,0.853429470020051,0.910480410670062,1.),
 .UNSPECIFIED.);
#130=B_SPLINE_CURVE_WITH_KNOTS('',3,(#1405,#1406,#1407,#1408,#1409,#1410,
#1411,#1412,#1413,#1414,#1415,#1416),.UNSPECIFIED.,.F.,.F.,(4,1,1,1,1,1,
1,1,1,4),(0.,0.144632997427473,0.275443720334165,0.415165920073793,0.518913592122785,
0.69549453166214,0.77866882522218,0.853429470020051,0.910480410670062,1.),
 .UNSPECIFIED.);
#131=B_SPLINE_CURVE_WITH_KNOTS('',3,(#1423,#1424,#1425,#1426,#1427,#1428,
#1429,#1430,#1431,#1432),.UNSPECIFIED.,.T.,.F.,(1,3,1,1,1,1,1,1,3,1),(-0.152451871497999,
0.,0.136269795779927,0.256899260467907,0.428999445145013,0.551841102260877,
0.667658338964557,0.847548128502001,1.,1.13626979577993),.UNSPECIFIED.);
#132=B_SPLINE_CURVE_WITH_KNOTS('',3,(#1436,#1437,#1438,#1439,#1440,#1441,
#1442,#1443),.UNSPECIFIED.,.F.,.F.,(4,1,1,1,1,4),(1.11886302282795E-16,
0.0028940818451038,0.0057881636902075,0.00868224553531119,0.010129286457863,
0.0115763273804149),.UNSPECIFIED.);
#133=B_SPLINE_CURVE_WITH_KNOTS('',3,(#1445,#1446,#1447,#1448,#1449,#1450,
#1451,#1452,#1453,#1454,#1455,#1456,#1457,#1458,#1459,#1460,#1461,#1462,
#1463,#1464),.UNSPECIFIED.,.F.,.F.,(4,1,1,1,1,1,1,1,1,1,1,1,1,1,1,1,1,4),
(0.0106410140680046,0.0192714623076212,0.0235866864274295,0.0279019105472378,
0.0322171346670461,0.0365323587868544,0.0408475829066627,0.045162807026471,
0.0494780311462793,0.0537932552660876,0.0581084793858959,0.0624237035057042,
0.0667389276255125,0.0710541517453208,0.073211763805225,0.0753693758651291,
0.0775269879250333,0.0796845999849374),.UNSPECIFIED.);
#134=B_SPLINE_CURVE_WITH_KNOTS('',3,(#1468,#1469,#1470,#1471,#1472,#1473,
#1474,#1475,#1476,#1477,#1478,#1479,#1480,#1481,#1482,#1483,#1484,#1485,
#1486,#1487),.UNSPECIFIED.,.F.,.F.,(4,1,1,1,1,1,1,1,1,1,1,1,1,1,1,1,1,4),
(0.0106408825073157,0.0192713302416444,0.0235865541088088,0.0279017779759732,
0.0322170018431375,0.0365322257103019,0.0408474495774663,0.0451626734446307,
0.0494778973117951,0.0537931211789594,0.0581083450461238,0.0624235689132882,
0.0667387927804526,0.0710540166476169,0.0732116285811991,0.0753692405147813,
0.0775268524483635,0.0796844643819457),.UNSPECIFIED.);
#135=B_SPLINE_CURVE_WITH_KNOTS('',3,(#1489,#1490,#1491,#1492,#1493,#1494,
#1495,#1496),.UNSPECIFIED.,.F.,.F.,(4,1,1,1,1,4),(3.37661150723213E-16,
0.00289408184510396,0.00578816369020758,0.00868224553531121,0.010129286457863,
0.0115763273804148),.UNSPECIFIED.);
#136=B_SPLINE_CURVE_WITH_KNOTS('',3,(#1500,#1501,#1502,#1503,#1504,#1505,
#1506,#1507,#1508,#1509),.UNSPECIFIED.,.T.,.F.,(1,3,1,1,1,1,1,1,3,1),(-0.152451871497999,
0.,0.136269795779927,0.256899260467907,0.428999445145013,0.551841102260877,
0.667658338964557,0.847548128502001,1.,1.13626979577993),.UNSPECIFIED.);
#137=B_SPLINE_CURVE_WITH_KNOTS('',3,(#1560,#1561,#1562,#1563,#1564,#1565,
#1566,#1567,#1568,#1569,#1570),.UNSPECIFIED.,.F.,.F.,(4,1,1,1,1,1,1,1,4),
(0.0695953567920405,0.0712016539575622,0.0728079511230839,0.0744142482886057,
0.0760205454541274,0.0776268426196491,0.0792331397851708,0.0808394369506925,
0.0824457341162142),.UNSPECIFIED.);
#138=B_SPLINE_CURVE_WITH_KNOTS('',3,(#1572,#1573,#1574,#1575),
 .UNSPECIFIED.,.F.,.F.,(4,4),(0.0138916291915892,0.0175080002842353),
 .UNSPECIFIED.);
#139=B_SPLINE_CURVE_WITH_KNOTS('',3,(#1598,#1599,#1600,#1601,#1602,#1603,
#1604,#1605,#1606,#1607,#1608,#1609,#1610,#1611,#1612,#1613,#1614,#1615,
#1616,#1617,#1618,#1619,#1620,#1621,#1622,#1623,#1624,#1625,#1626,#1627,
#1628,#1629,#1630,#1631,#1632,#1633,#1634,#1635,#1636,#1637,#1638,#1639),
 .UNSPECIFIED.,.T.,.F.,(1,1,1,1,1,1,1,1,1,1,1,1,1,1,1,1,1,1,1,1,1,1,1,1,
1,1,1,1,1,1,1,1,1,1,1,1,1,1,1,1,1,1,1,1,1,1),(-0.0145150455147283,-0.00967669700981882,
-0.00483834850490936,1.30185189290517E-16,0.00483834850490961,0.0096766970098191,
0.0120958712622738,0.0145150455147286,0.0193533940196381,0.0217725682720928,
0.0241917425245475,0.0266109167770023,0.029030091029457,0.0338684395343665,
0.038706788039276,0.0435451365441855,0.048383485049095,0.0532218335540044,
0.0580601820589139,0.0628985305638234,0.0677368790687329,0.0725752275736424,
0.0774135760785519,0.0822519245834613,0.0846710988359161,0.0870902730883708,
0.0895094473408256,0.0919286215932803,0.0967669700981898,0.101605318603099,
0.106443667108009,0.111282015612918,0.116120364117828,0.118539538370282,
0.120958712622737,0.123377886875192,0.125797061127647,0.130635409632556,
0.135473758137466,0.140312106642375,0.145150455147285,0.149988803652194,
0.154827152157104,0.159665500662013,0.164503849166923,0.166923023419377),
 .UNSPECIFIED.);
#140=B_SPLINE_CURVE_WITH_KNOTS('',3,(#1641,#1642,#1643,#1644,#1645,#1646,
#1647,#1648,#1649,#1650,#1651,#1652,#1653,#1654,#1655,#1656,#1657,#1658,
#1659,#1660,#1661,#1662,#1663,#1664,#1665,#1666,#1667,#1668,#1669,#1670,
#1671,#1672,#1673,#1674,#1675,#1676,#1677,#1678,#1679),.UNSPECIFIED.,.F.,
 .F.,(4,1,1,1,1,1,1,1,1,1,1,1,1,1,1,1,1,1,1,1,1,1,1,1,1,1,1,1,1,1,1,1,1,
1,1,1,4),(0.0269985558304578,0.0315623158068409,0.036126075783224,0.0406898357596071,
0.0452535957359902,0.0498173557123733,0.0543811156887564,0.0589448756651395,
0.0635086356415226,0.0680723956179057,0.0726361555942887,0.0771999155706718,
0.0817636755470549,0.0840455555352465,0.086327435523438,0.0886093155116296,
0.0908911954998211,0.0954549554762042,0.100018715452587,0.10458247542897,
0.109146235405354,0.113709995381737,0.11827375535812,0.120555635346311,
0.122837515334503,0.125119395322694,0.127401275310886,0.131965035287269,
0.136528795263652,0.141092555240035,0.145656315216418,0.150220075192801,
0.154783835169185,0.159347595145568,0.163911355121951,0.168475115098334,
0.173038875074717),.UNSPECIFIED.);
#141=B_SPLINE_CURVE_WITH_KNOTS('',3,(#1694,#1695,#1696,#1697),
 .UNSPECIFIED.,.F.,.F.,(4,4),(0.,0.00813518653638545),.UNSPECIFIED.);
#142=B_SPLINE_CURVE_WITH_KNOTS('',3,(#1715,#1716,#1717,#1718),
 .UNSPECIFIED.,.F.,.F.,(4,4),(2.94392336003208E-17,0.00955020586181233),
 .UNSPECIFIED.);
#143=B_SPLINE_CURVE_WITH_KNOTS('',3,(#1720,#1721,#1722,#1723),
 .UNSPECIFIED.,.F.,.F.,(4,4),(0.,0.000987562537238322),.UNSPECIFIED.);
#144=B_SPLINE_CURVE_WITH_KNOTS('',3,(#1727,#1728,#1729,#1730),
 .UNSPECIFIED.,.F.,.F.,(4,4),(0.,0.0105377783782626),.UNSPECIFIED.);
#145=B_SPLINE_CURVE_WITH_KNOTS('',3,(#1745,#1746,#1747,#1748,#1749,#1750),
 .UNSPECIFIED.,.F.,.F.,(4,1,1,4),(0.0577898239825101,0.0611920321475818,
0.0645942403126534,0.0713986566427967),.UNSPECIFIED.);
#146=B_SPLINE_CURVE_WITH_KNOTS('',3,(#1754,#1755,#1756,#1757,#1758,#1759),
 .UNSPECIFIED.,.F.,.F.,(4,1,1,4),(0.0577898239822974,0.0611920320870724,
0.0645942401918474,0.0713986564013975),.UNSPECIFIED.);
#147=B_SPLINE_CURVE_WITH_KNOTS('',3,(#1761,#1762,#1763,#1764,#1765,#1766,
#1767,#1768),.UNSPECIFIED.,.F.,.F.,(4,1,1,1,1,4),(0.,0.300554437321495,
0.59550553394404,0.753717867956205,0.89262928913254,1.),.UNSPECIFIED.);
#148=B_SPLINE_CURVE_WITH_KNOTS('',3,(#1769,#1770,#1771,#1772),
 .UNSPECIFIED.,.F.,.F.,(4,4),(0.0972670186685922,0.106439391091102),
 .UNSPECIFIED.);
#149=B_SPLINE_CURVE_WITH_KNOTS('',3,(#1774,#1775,#1776,#1777,#1778,#1779,
#1780,#1781,#1782,#1783,#1784,#1785,#1786,#1787,#1788),.UNSPECIFIED.,.F.,
 .F.,(4,1,1,1,1,1,1,1,1,1,1,1,4),(0.0234034283967077,0.0258825946244102,
0.0283617608521126,0.0333200933075175,0.0382784257629225,0.0432367582183274,
0.0531534231291372,0.0630700880399471,0.0729867529507569,0.0779450854061618,
0.0829034178615667,0.0928200827723766,0.102736747683186),.UNSPECIFIED.);
#150=B_SPLINE_CURVE_WITH_KNOTS('',3,(#1789,#1790,#1791,#1792,#1793,#1794,
#1795,#1796),.UNSPECIFIED.,.F.,.F.,(4,1,1,1,1,4),(0.0562004803835987,0.122951728924215,
0.189702977464831,0.256454226005447,0.289829850275755,0.323205474546064),
 .UNSPECIFIED.);
#151=B_SPLINE_CURVE_WITH_KNOTS('',3,(#1798,#1799,#1800,#1801),
 .UNSPECIFIED.,.F.,.F.,(4,4),(0.204897850913293,0.214026626666896),
 .UNSPECIFIED.);
#152=B_SPLINE_CURVE_WITH_KNOTS('',3,(#1822,#1823,#1824,#1825,#1826,#1827,
#1828,#1829,#1830,#1831,#1832,#1833,#1834,#1835,#1836,#1837,#1838,#1839,
#1840,#1841,#1842,#1843,#1844,#1845,#1846,#1847,#1848,#1849,#1850,#1851,
#1852,#1853,#1854,#1855,#1856,#1857,#1858,#1859,#1860,#1861),
 .UNSPECIFIED.,.F.,.F.,(4,1,1,1,1,1,1,1,1,1,1,1,1,1,1,1,1,1,1,1,1,1,1,1,
1,1,1,1,1,1,1,1,1,1,1,1,1,4),(0.130957752673782,0.135534522791027,0.140111292908273,
0.144688063025518,0.149264833142764,0.153841603260009,0.158418373377255,
0.1629951434945,0.167571913611746,0.172148683728991,0.176725453846237,0.179013838904859,
0.181302223963482,0.185878994080728,0.18816737913935,0.190455764197973,
0.195032534315219,0.199609304432464,0.204186074549709,0.208762844666955,
0.2133396147842,0.215627999842823,0.217916384901446,0.222493155018691,0.227069925135937,
0.231646695253182,0.236223465370428,0.240800235487673,0.243088620546296,
0.245377005604919,0.247665390663541,0.249953775722164,0.25453054583941,
0.259107315956655,0.263684086073901,0.268260856191146,0.272837626308392,
0.277414396425637),.UNSPECIFIED.);
#153=B_SPLINE_CURVE_WITH_KNOTS('',3,(#1890,#1891,#1892,#1893,#1894,#1895,
#1896,#1897,#1898,#1899,#1900),.UNSPECIFIED.,.F.,.F.,(4,1,1,1,1,1,1,1,4),
(0.0695920176954198,0.0711887534806248,0.0727854892658298,0.0743822250510349,
0.0759789608362399,0.0775756966214449,0.07917243240665,0.080769168191855,
0.08236590397706),.UNSPECIFIED.);
#154=B_SPLINE_CURVE_WITH_KNOTS('',3,(#1957,#1958,#1959,#1960,#1961,#1962,
#1963),.UNSPECIFIED.,.F.,.F.,(4,1,1,1,4),(0.0109880505539843,0.0344566514225081,
0.057925252291032,0.0813938531595559,0.10486245402808),.UNSPECIFIED.);
#155=B_SPLINE_CURVE_WITH_KNOTS('',3,(#1965,#1966,#1967,#1968,#1969,#1970,
#1971,#1972,#1973,#1974,#1975,#1976,#1977,#1978,#1979,#1980,#1981),
 .UNSPECIFIED.,.F.,.F.,(4,1,1,1,1,1,1,1,1,1,1,1,1,1,4),(0.00295618131782861,
0.00551208719962676,0.00806799308142492,0.0106238989632231,0.0119018519041222,
0.0131798048450212,0.0138187813154708,0.0144577577859203,0.0157357107268194,
0.0170136636677185,0.0182916166086175,0.0195695695495166,0.0208475224904157,
0.0221254754313148,0.0234034283722139),.UNSPECIFIED.);
#156=B_SPLINE_CURVE_WITH_KNOTS('',3,(#1983,#1984,#1985,#1986,#1987,#1988,
#1989,#1990,#1991,#1992,#1993,#1994,#1995,#1996,#1997,#1998,#1999),
 .UNSPECIFIED.,.F.,.F.,(4,1,1,1,1,1,1,1,1,1,1,1,1,1,4),(0.0234034283722139,
0.0264450485729192,0.0294866687736245,0.0355699091750352,0.0416531495764458,
0.0477363899778565,0.0538196303792672,0.0599028707806778,0.0720693515834992,
0.0781525919849098,0.0842358323863205,0.0903190727877311,0.0964023131891418,
0.108568793991963,0.120735274794784),.UNSPECIFIED.);
#157=B_SPLINE_CURVE_WITH_KNOTS('',3,(#2056,#2057,#2058,#2059,#2060,#2061,
#2062),.UNSPECIFIED.,.F.,.F.,(4,1,1,1,4),(0.0109880505539725,0.0344566514224935,
0.0579252522910146,0.0813938531595356,0.104862454028057),.UNSPECIFIED.);
#158=B_SPLINE_CURVE_WITH_KNOTS('',3,(#2105,#2106,#2107,#2108,#2109,#2110),
 .UNSPECIFIED.,.F.,.F.,(4,1,1,4),(0.0401986627767505,0.0616492484995936,
0.0830998342224368,0.126001005668123),.UNSPECIFIED.);
#159=B_SPLINE_CURVE_WITH_KNOTS('',3,(#2112,#2113,#2114,#2115,#2116,#2117,
#2118,#2119,#2120,#2121,#2122,#2123,#2124,#2125,#2126,#2127,#2128,#2129,
#2130,#2131),.UNSPECIFIED.,.F.,.F.,(4,1,1,1,1,1,1,1,1,1,1,1,1,1,1,1,1,4),
(0.,0.00593768518237009,0.0118753703647402,0.0178130555471103,0.0237507407294804,
0.0296884259118504,0.0356261110942205,0.0415637962765906,0.0475014814589607,
0.0593768518237009,0.065314537006071,0.0712522221884411,0.0771899073708112,
0.0831275925531813,0.0860964351443663,0.0890652777355513,0.0920341203267364,
0.0950029629179214),.UNSPECIFIED.);
#160=B_SPLINE_CURVE_WITH_KNOTS('',3,(#2140,#2141,#2142,#2143),
 .UNSPECIFIED.,.F.,.F.,(4,4),(0.,0.0047361022900791),.UNSPECIFIED.);
#161=B_SPLINE_CURVE_WITH_KNOTS('',3,(#2145,#2146,#2147,#2148),
 .UNSPECIFIED.,.F.,.F.,(4,4),(0.,0.00745733365631531),.UNSPECIFIED.);
#162=B_SPLINE_CURVE_WITH_KNOTS('',3,(#2167,#2168,#2169,#2170,#2171,#2172,
#2173,#2174,#2175,#2176,#2177,#2178,#2179,#2180,#2181),.UNSPECIFIED.,.T.,
 .F.,(1,1,1,1,1,1,1,1,1,1,1,1,1,1,1,1,1,1,1),(-0.00205158412883611,-0.00153868809662709,
-0.00102579206441806,0.,0.00102579206441806,0.00153868809662709,0.00205158412883611,
0.00256448016104514,0.00307737619325417,0.00410316825767223,0.00512896032209029,
0.00564185635429932,0.00615475238650834,0.00666764841871737,0.0071805444509264,
0.00820633651534446,0.00923212857976252,0.00974502461197155,0.0102579206441806),
 .UNSPECIFIED.);
#163=B_SPLINE_CURVE_WITH_KNOTS('',3,(#2183,#2184,#2185,#2186,#2187,#2188,
#2189,#2190,#2191,#2192,#2193,#2194,#2195,#2196,#2197),.UNSPECIFIED.,.T.,
 .F.,(1,1,1,1,1,1,1,1,1,1,1,1,1,1,1,1,1,1,1),(-0.00205119724894767,-0.00153839793671075,
-0.00102559862447383,0.,0.00102559862447383,0.00153839793671075,0.00205119724894767,
0.00256399656118458,0.0030767958734215,0.00410239449789533,0.00512799312236917,
0.00564079243460609,0.006153591746843,0.00666639105907992,0.00717919037131684,
0.00820478899579067,0.0092303876202645,0.00974318693250142,0.0102559862447383),
 .UNSPECIFIED.);
#164=B_SPLINE_CURVE_WITH_KNOTS('',3,(#2203,#2204,#2205,#2206),
 .UNSPECIFIED.,.F.,.F.,(4,4),(0.,0.0097186127883577),.UNSPECIFIED.);
#165=B_SPLINE_CURVE_WITH_KNOTS('',3,(#2208,#2209,#2210,#2211),
 .UNSPECIFIED.,.F.,.F.,(4,4),(0.102781910487239,0.106546790272208),
 .UNSPECIFIED.);
#166=B_SPLINE_CURVE_WITH_KNOTS('',3,(#2274,#2275,#2276,#2277,#2278,#2279),
 .UNSPECIFIED.,.F.,.F.,(4,1,1,4),(0.171741883485369,0.193078465297877,0.214415047110385,
0.257088210735402),.UNSPECIFIED.);
#167=B_SPLINE_CURVE_WITH_KNOTS('',3,(#2281,#2282,#2283,#2284,#2285,#2286,
#2287,#2288,#2289,#2290,#2291,#2292,#2293,#2294,#2295,#2296,#2297),
 .UNSPECIFIED.,.F.,.F.,(4,1,1,1,1,1,1,1,1,1,1,1,1,1,4),(0.109683693076749,
0.115389633515552,0.121095573954355,0.126801514393158,0.13250745483196,
0.143919335709566,0.155331216587172,0.161037157025975,0.166743097464778,
0.172449037903581,0.178154978342384,0.183860918781187,0.18956685921999,
0.195272799658793,0.200978740097596),.UNSPECIFIED.);
#168=B_SPLINE_CURVE_WITH_KNOTS('',3,(#2299,#2300,#2301,#2302),
 .UNSPECIFIED.,.F.,.F.,(4,4),(0.0218297286171891,0.0236106480770333),
 .UNSPECIFIED.);
#169=B_SPLINE_CURVE_WITH_KNOTS('',3,(#2321,#2322,#2323,#2324),
 .UNSPECIFIED.,.F.,.F.,(4,4),(2.77555756156289E-17,0.00701423370812079),
 .UNSPECIFIED.);
#170=B_SPLINE_CURVE_WITH_KNOTS('',3,(#2328,#2329,#2330,#2331),
 .UNSPECIFIED.,.F.,.F.,(4,4),(0.,0.0273366060447849),.UNSPECIFIED.);
#171=B_SPLINE_CURVE_WITH_KNOTS('',3,(#2332,#2333,#2334,#2335),
 .UNSPECIFIED.,.F.,.F.,(4,4),(0.,0.0273366076425321),.UNSPECIFIED.);
#172=B_SPLINE_CURVE_WITH_KNOTS('',3,(#2344,#2345,#2346,#2347),
 .UNSPECIFIED.,.F.,.F.,(4,4),(0.038946718859744,0.0488736478800949),
 .UNSPECIFIED.);
#173=B_SPLINE_CURVE_WITH_KNOTS('',3,(#2358,#2359,#2360,#2361),
 .UNSPECIFIED.,.F.,.F.,(4,4),(0.0952243915173893,0.0989353002892983),
 .UNSPECIFIED.);
#174=B_SPLINE_CURVE_WITH_KNOTS('',3,(#2380,#2381,#2382,#2383),
 .UNSPECIFIED.,.F.,.F.,(4,4),(0.0952321311915607,0.115661745982121),
 .UNSPECIFIED.);
#175=ORIENTED_EDGE('',*,*,#413,.T.);
#176=ORIENTED_EDGE('',*,*,#414,.F.);
#177=ORIENTED_EDGE('',*,*,#415,.F.);
#178=ORIENTED_EDGE('',*,*,#416,.F.);
#179=ORIENTED_EDGE('',*,*,#417,.F.);
#180=ORIENTED_EDGE('',*,*,#418,.T.);
#181=ORIENTED_EDGE('',*,*,#419,.T.);
#182=ORIENTED_EDGE('',*,*,#420,.F.);
#183=ORIENTED_EDGE('',*,*,#421,.T.);
#184=ORIENTED_EDGE('',*,*,#422,.T.);
#185=ORIENTED_EDGE('',*,*,#423,.F.);
#186=ORIENTED_EDGE('',*,*,#424,.T.);
#187=ORIENTED_EDGE('',*,*,#425,.T.);
#188=ORIENTED_EDGE('',*,*,#426,.F.);
#189=ORIENTED_EDGE('',*,*,#427,.T.);
#190=ORIENTED_EDGE('',*,*,#428,.T.);
#191=ORIENTED_EDGE('',*,*,#429,.T.);
#192=ORIENTED_EDGE('',*,*,#418,.F.);
#193=ORIENTED_EDGE('',*,*,#430,.T.);
#194=ORIENTED_EDGE('',*,*,#431,.T.);
#195=ORIENTED_EDGE('',*,*,#432,.T.);
#196=ORIENTED_EDGE('',*,*,#433,.F.);
#197=ORIENTED_EDGE('',*,*,#434,.F.);
#198=ORIENTED_EDGE('',*,*,#435,.F.);
#199=ORIENTED_EDGE('',*,*,#424,.F.);
#200=ORIENTED_EDGE('',*,*,#436,.F.);
#201=ORIENTED_EDGE('',*,*,#437,.T.);
#202=ORIENTED_EDGE('',*,*,#438,.T.);
#203=ORIENTED_EDGE('',*,*,#439,.T.);
#204=ORIENTED_EDGE('',*,*,#440,.F.);
#205=ORIENTED_EDGE('',*,*,#441,.F.);
#206=ORIENTED_EDGE('',*,*,#442,.F.);
#207=ORIENTED_EDGE('',*,*,#443,.F.);
#208=ORIENTED_EDGE('',*,*,#444,.F.);
#209=ORIENTED_EDGE('',*,*,#445,.F.);
#210=ORIENTED_EDGE('',*,*,#446,.T.);
#211=ORIENTED_EDGE('',*,*,#447,.T.);
#212=ORIENTED_EDGE('',*,*,#448,.F.);
#213=ORIENTED_EDGE('',*,*,#449,.T.);
#214=ORIENTED_EDGE('',*,*,#450,.T.);
#215=ORIENTED_EDGE('',*,*,#441,.T.);
#216=ORIENTED_EDGE('',*,*,#451,.T.);
#217=ORIENTED_EDGE('',*,*,#452,.T.);
#218=ORIENTED_EDGE('',*,*,#453,.F.);
#219=ORIENTED_EDGE('',*,*,#454,.F.);
#220=ORIENTED_EDGE('',*,*,#455,.F.);
#221=ORIENTED_EDGE('',*,*,#456,.F.);
#222=ORIENTED_EDGE('',*,*,#457,.F.);
#223=ORIENTED_EDGE('',*,*,#458,.F.);
#224=ORIENTED_EDGE('',*,*,#459,.T.);
#225=ORIENTED_EDGE('',*,*,#460,.T.);
#226=ORIENTED_EDGE('',*,*,#461,.T.);
#227=ORIENTED_EDGE('',*,*,#462,.T.);
#228=ORIENTED_EDGE('',*,*,#463,.T.);
#229=ORIENTED_EDGE('',*,*,#464,.T.);
#230=ORIENTED_EDGE('',*,*,#465,.F.);
#231=ORIENTED_EDGE('',*,*,#466,.F.);
#232=ORIENTED_EDGE('',*,*,#467,.F.);
#233=ORIENTED_EDGE('',*,*,#468,.F.);
#234=ORIENTED_EDGE('',*,*,#469,.F.);
#235=ORIENTED_EDGE('',*,*,#470,.F.);
#236=ORIENTED_EDGE('',*,*,#471,.T.);
#237=ORIENTED_EDGE('',*,*,#472,.T.);
#238=ORIENTED_EDGE('',*,*,#473,.T.);
#239=ORIENTED_EDGE('',*,*,#460,.F.);
#240=ORIENTED_EDGE('',*,*,#474,.T.);
#241=ORIENTED_EDGE('',*,*,#475,.F.);
#242=ORIENTED_EDGE('',*,*,#476,.T.);
#243=ORIENTED_EDGE('',*,*,#465,.T.);
#244=ORIENTED_EDGE('',*,*,#477,.F.);
#245=ORIENTED_EDGE('',*,*,#478,.T.);
#246=ORIENTED_EDGE('',*,*,#462,.F.);
#247=ORIENTED_EDGE('',*,*,#479,.F.);
#248=ORIENTED_EDGE('',*,*,#451,.F.);
#249=ORIENTED_EDGE('',*,*,#440,.T.);
#250=ORIENTED_EDGE('',*,*,#480,.T.);
#251=ORIENTED_EDGE('',*,*,#481,.F.);
#252=ORIENTED_EDGE('',*,*,#437,.F.);
#253=ORIENTED_EDGE('',*,*,#482,.T.);
#254=ORIENTED_EDGE('',*,*,#483,.T.);
#255=ORIENTED_EDGE('',*,*,#484,.T.);
#256=ORIENTED_EDGE('',*,*,#485,.T.);
#257=ORIENTED_EDGE('',*,*,#486,.F.);
#258=ORIENTED_EDGE('',*,*,#487,.F.);
#259=ORIENTED_EDGE('',*,*,#488,.F.);
#260=ORIENTED_EDGE('',*,*,#489,.T.);
#261=ORIENTED_EDGE('',*,*,#490,.T.);
#262=ORIENTED_EDGE('',*,*,#491,.F.);
#263=ORIENTED_EDGE('',*,*,#484,.F.);
#264=ORIENTED_EDGE('',*,*,#452,.F.);
#265=ORIENTED_EDGE('',*,*,#480,.F.);
#266=ORIENTED_EDGE('',*,*,#439,.F.);
#267=ORIENTED_EDGE('',*,*,#438,.F.);
#268=ORIENTED_EDGE('',*,*,#481,.T.);
#269=ORIENTED_EDGE('',*,*,#492,.T.);
#270=ORIENTED_EDGE('',*,*,#477,.T.);
#271=ORIENTED_EDGE('',*,*,#464,.F.);
#272=ORIENTED_EDGE('',*,*,#493,.F.);
#273=ORIENTED_EDGE('',*,*,#494,.F.);
#274=ORIENTED_EDGE('',*,*,#490,.F.);
#275=ORIENTED_EDGE('',*,*,#495,.T.);
#276=ORIENTED_EDGE('',*,*,#496,.T.);
#277=ORIENTED_EDGE('',*,*,#435,.T.);
#278=ORIENTED_EDGE('',*,*,#497,.F.);
#279=ORIENTED_EDGE('',*,*,#454,.T.);
#280=ORIENTED_EDGE('',*,*,#498,.T.);
#281=ORIENTED_EDGE('',*,*,#456,.T.);
#282=ORIENTED_EDGE('',*,*,#499,.F.);
#283=ORIENTED_EDGE('',*,*,#500,.F.);
#284=ORIENTED_EDGE('',*,*,#448,.T.);
#285=ORIENTED_EDGE('',*,*,#501,.T.);
#286=ORIENTED_EDGE('',*,*,#502,.T.);
#287=ORIENTED_EDGE('',*,*,#450,.F.);
#288=ORIENTED_EDGE('',*,*,#503,.T.);
#289=ORIENTED_EDGE('',*,*,#442,.T.);
#290=ORIENTED_EDGE('',*,*,#504,.F.);
#291=ORIENTED_EDGE('',*,*,#457,.T.);
#292=ORIENTED_EDGE('',*,*,#498,.F.);
#293=ORIENTED_EDGE('',*,*,#505,.F.);
#294=ORIENTED_EDGE('',*,*,#482,.F.);
#295=ORIENTED_EDGE('',*,*,#436,.T.);
#296=ORIENTED_EDGE('',*,*,#423,.T.);
#297=ORIENTED_EDGE('',*,*,#506,.T.);
#298=ORIENTED_EDGE('',*,*,#507,.F.);
#299=ORIENTED_EDGE('',*,*,#508,.F.);
#300=ORIENTED_EDGE('',*,*,#509,.F.);
#301=ORIENTED_EDGE('',*,*,#478,.F.);
#302=ORIENTED_EDGE('',*,*,#501,.F.);
#303=ORIENTED_EDGE('',*,*,#466,.T.);
#304=ORIENTED_EDGE('',*,*,#476,.F.);
#305=ORIENTED_EDGE('',*,*,#492,.F.);
#306=ORIENTED_EDGE('',*,*,#483,.F.);
#307=ORIENTED_EDGE('',*,*,#507,.T.);
#308=ORIENTED_EDGE('',*,*,#510,.T.);
#309=ORIENTED_EDGE('',*,*,#502,.F.);
#310=ORIENTED_EDGE('',*,*,#421,.F.);
#311=ORIENTED_EDGE('',*,*,#511,.T.);
#312=ORIENTED_EDGE('',*,*,#512,.F.);
#313=ORIENTED_EDGE('',*,*,#510,.F.);
#314=ORIENTED_EDGE('',*,*,#506,.F.);
#315=ORIENTED_EDGE('',*,*,#422,.F.);
#316=ORIENTED_EDGE('',*,*,#511,.F.);
#317=ORIENTED_EDGE('',*,*,#426,.T.);
#318=ORIENTED_EDGE('',*,*,#513,.T.);
#319=ORIENTED_EDGE('',*,*,#425,.F.);
#320=ORIENTED_EDGE('',*,*,#443,.T.);
#321=ORIENTED_EDGE('',*,*,#503,.F.);
#322=ORIENTED_EDGE('',*,*,#449,.F.);
#323=ORIENTED_EDGE('',*,*,#500,.T.);
#324=ORIENTED_EDGE('',*,*,#512,.T.);
#325=ORIENTED_EDGE('',*,*,#513,.F.);
#326=ORIENTED_EDGE('',*,*,#459,.F.);
#327=ORIENTED_EDGE('',*,*,#514,.T.);
#328=ORIENTED_EDGE('',*,*,#515,.F.);
#329=ORIENTED_EDGE('',*,*,#516,.F.);
#330=ORIENTED_EDGE('',*,*,#474,.F.);
#331=ORIENTED_EDGE('',*,*,#461,.F.);
#332=ORIENTED_EDGE('',*,*,#475,.T.);
#333=ORIENTED_EDGE('',*,*,#516,.T.);
#334=ORIENTED_EDGE('',*,*,#515,.T.);
#335=ORIENTED_EDGE('',*,*,#517,.F.);
#336=ORIENTED_EDGE('',*,*,#518,.F.);
#337=ORIENTED_EDGE('',*,*,#485,.F.);
#338=ORIENTED_EDGE('',*,*,#491,.T.);
#339=ORIENTED_EDGE('',*,*,#494,.T.);
#340=ORIENTED_EDGE('',*,*,#493,.T.);
#341=ORIENTED_EDGE('',*,*,#463,.F.);
#342=ORIENTED_EDGE('',*,*,#479,.T.);
#343=ORIENTED_EDGE('',*,*,#519,.T.);
#344=ORIENTED_EDGE('',*,*,#487,.T.);
#345=ORIENTED_EDGE('',*,*,#520,.F.);
#346=ORIENTED_EDGE('',*,*,#431,.F.);
#347=ORIENTED_EDGE('',*,*,#520,.T.);
#348=ORIENTED_EDGE('',*,*,#486,.T.);
#349=ORIENTED_EDGE('',*,*,#518,.T.);
#350=ORIENTED_EDGE('',*,*,#521,.T.);
#351=ORIENTED_EDGE('',*,*,#522,.F.);
#352=ORIENTED_EDGE('',*,*,#432,.F.);
#353=ORIENTED_EDGE('',*,*,#419,.F.);
#354=ORIENTED_EDGE('',*,*,#433,.T.);
#355=ORIENTED_EDGE('',*,*,#522,.T.);
#356=ORIENTED_EDGE('',*,*,#523,.F.);
#357=ORIENTED_EDGE('',*,*,#524,.F.);
#358=ORIENTED_EDGE('',*,*,#420,.T.);
#359=ORIENTED_EDGE('',*,*,#523,.T.);
#360=ORIENTED_EDGE('',*,*,#521,.F.);
#361=ORIENTED_EDGE('',*,*,#517,.T.);
#362=ORIENTED_EDGE('',*,*,#514,.F.);
#363=ORIENTED_EDGE('',*,*,#458,.T.);
#364=ORIENTED_EDGE('',*,*,#504,.T.);
#365=ORIENTED_EDGE('',*,*,#430,.F.);
#366=ORIENTED_EDGE('',*,*,#417,.T.);
#367=ORIENTED_EDGE('',*,*,#524,.T.);
#368=ORIENTED_EDGE('',*,*,#505,.T.);
#369=ORIENTED_EDGE('',*,*,#499,.T.);
#370=ORIENTED_EDGE('',*,*,#455,.T.);
#371=ORIENTED_EDGE('',*,*,#497,.T.);
#372=ORIENTED_EDGE('',*,*,#453,.T.);
#373=ORIENTED_EDGE('',*,*,#496,.F.);
#374=ORIENTED_EDGE('',*,*,#495,.F.);
#375=ORIENTED_EDGE('',*,*,#489,.F.);
#376=ORIENTED_EDGE('',*,*,#488,.T.);
#377=ORIENTED_EDGE('',*,*,#519,.F.);
#378=ORIENTED_EDGE('',*,*,#509,.T.);
#379=ORIENTED_EDGE('',*,*,#467,.T.);
#380=ORIENTED_EDGE('',*,*,#468,.T.);
#381=ORIENTED_EDGE('',*,*,#525,.T.);
#382=ORIENTED_EDGE('',*,*,#525,.F.);
#383=ORIENTED_EDGE('',*,*,#469,.T.);
#384=ORIENTED_EDGE('',*,*,#526,.T.);
#385=ORIENTED_EDGE('',*,*,#526,.F.);
#386=ORIENTED_EDGE('',*,*,#508,.T.);
#387=ORIENTED_EDGE('',*,*,#470,.T.);
#388=ORIENTED_EDGE('',*,*,#471,.F.);
#389=ORIENTED_EDGE('',*,*,#444,.T.);
#390=ORIENTED_EDGE('',*,*,#447,.F.);
#391=ORIENTED_EDGE('',*,*,#527,.F.);
#392=ORIENTED_EDGE('',*,*,#527,.T.);
#393=ORIENTED_EDGE('',*,*,#472,.F.);
#394=ORIENTED_EDGE('',*,*,#528,.F.);
#395=ORIENTED_EDGE('',*,*,#528,.T.);
#396=ORIENTED_EDGE('',*,*,#446,.F.);
#397=ORIENTED_EDGE('',*,*,#445,.T.);
#398=ORIENTED_EDGE('',*,*,#473,.F.);
#399=ORIENTED_EDGE('',*,*,#529,.F.);
#400=ORIENTED_EDGE('',*,*,#529,.T.);
#401=ORIENTED_EDGE('',*,*,#416,.T.);
#402=ORIENTED_EDGE('',*,*,#429,.F.);
#403=ORIENTED_EDGE('',*,*,#414,.T.);
#404=ORIENTED_EDGE('',*,*,#428,.F.);
#405=ORIENTED_EDGE('',*,*,#413,.F.);
#406=ORIENTED_EDGE('',*,*,#434,.T.);
#407=ORIENTED_EDGE('',*,*,#415,.T.);
#408=ORIENTED_EDGE('',*,*,#530,.T.);
#409=ORIENTED_EDGE('',*,*,#530,.F.);
#410=ORIENTED_EDGE('',*,*,#427,.F.);
#411=ORIENTED_EDGE('',*,*,#531,.F.);
#412=ORIENTED_EDGE('',*,*,#531,.T.);
#413=EDGE_CURVE('',#532,#532,#623,.F.);
#414=EDGE_CURVE('',#533,#533,#624,.T.);
#415=EDGE_CURVE('',#534,#534,#625,.T.);
#416=EDGE_CURVE('',#535,#535,#626,.T.);
#417=EDGE_CURVE('',#536,#537,#110,.T.);
#418=EDGE_CURVE('',#536,#538,#54,.T.);
#419=EDGE_CURVE('',#538,#539,#111,.T.);
#420=EDGE_CURVE('',#537,#539,#55,.T.);
#421=EDGE_CURVE('',#540,#541,#51,.F.);
#422=EDGE_CURVE('',#541,#542,#52,.F.);
#423=EDGE_CURVE('',#543,#542,#56,.T.);
#424=EDGE_CURVE('',#543,#544,#112,.T.);
#425=EDGE_CURVE('',#544,#545,#57,.T.);
#426=EDGE_CURVE('',#540,#545,#53,.T.);
#427=EDGE_CURVE('',#546,#546,#627,.F.);
#428=EDGE_CURVE('',#547,#547,#113,.T.);
#429=EDGE_CURVE('',#548,#548,#114,.T.);
#430=EDGE_CURVE('',#536,#549,#115,.T.);
#431=EDGE_CURVE('',#549,#550,#58,.T.);
#432=EDGE_CURVE('',#550,#551,#116,.T.);
#433=EDGE_CURVE('',#538,#551,#117,.T.);
#434=EDGE_CURVE('',#552,#552,#118,.T.);
#435=EDGE_CURVE('',#553,#553,#119,.T.);
#436=EDGE_CURVE('',#554,#543,#120,.T.);
#437=EDGE_CURVE('',#554,#555,#121,.T.);
#438=EDGE_CURVE('',#555,#556,#122,.F.);
#439=EDGE_CURVE('',#556,#557,#123,.F.);
#440=EDGE_CURVE('',#558,#557,#124,.T.);
#441=EDGE_CURVE('',#559,#558,#59,.F.);
#442=EDGE_CURVE('',#560,#559,#125,.T.);
#443=EDGE_CURVE('',#544,#560,#126,.T.);
#444=EDGE_CURVE('',#561,#561,#127,.T.);
#445=EDGE_CURVE('',#562,#562,#128,.T.);
#446=EDGE_CURVE('',#563,#563,#628,.F.);
#447=EDGE_CURVE('',#564,#564,#629,.F.);
#448=EDGE_CURVE('',#565,#566,#129,.T.);
#449=EDGE_CURVE('',#565,#567,#60,.F.);
#450=EDGE_CURVE('',#567,#559,#130,.T.);
#451=EDGE_CURVE('',#558,#568,#630,.T.);
#452=EDGE_CURVE('',#568,#569,#61,.T.);
#453=EDGE_CURVE('',#570,#569,#62,.F.);
#454=EDGE_CURVE('',#571,#570,#131,.F.);
#455=EDGE_CURVE('',#572,#571,#63,.F.);
#456=EDGE_CURVE('',#573,#572,#132,.T.);
#457=EDGE_CURVE('',#574,#573,#133,.T.);
#458=EDGE_CURVE('',#575,#574,#64,.F.);
#459=EDGE_CURVE('',#575,#576,#134,.T.);
#460=EDGE_CURVE('',#576,#577,#135,.T.);
#461=EDGE_CURVE('',#577,#578,#65,.F.);
#462=EDGE_CURVE('',#578,#579,#136,.F.);
#463=EDGE_CURVE('',#579,#580,#66,.F.);
#464=EDGE_CURVE('',#580,#581,#67,.T.);
#465=EDGE_CURVE('',#582,#581,#631,.T.);
#466=EDGE_CURVE('',#566,#582,#68,.F.);
#467=EDGE_CURVE('',#583,#583,#632,.T.);
#468=EDGE_CURVE('',#584,#584,#633,.T.);
#469=EDGE_CURVE('',#585,#585,#634,.T.);
#470=EDGE_CURVE('',#586,#586,#635,.T.);
#471=EDGE_CURVE('',#587,#587,#636,.F.);
#472=EDGE_CURVE('',#588,#588,#637,.F.);
#473=EDGE_CURVE('',#589,#589,#638,.F.);
#474=EDGE_CURVE('',#576,#590,#69,.T.);
#475=EDGE_CURVE('',#577,#590,#137,.F.);
#476=EDGE_CURVE('',#591,#582,#138,.T.);
#477=EDGE_CURVE('',#591,#581,#70,.F.);
#478=EDGE_CURVE('',#592,#592,#139,.T.);
#479=EDGE_CURVE('',#579,#578,#140,.T.);
#480=EDGE_CURVE('',#557,#568,#71,.T.);
#481=EDGE_CURVE('',#555,#593,#72,.T.);
#482=EDGE_CURVE('',#554,#594,#73,.T.);
#483=EDGE_CURVE('',#594,#593,#141,.T.);
#484=EDGE_CURVE('',#595,#596,#74,.T.);
#485=EDGE_CURVE('',#596,#597,#142,.T.);
#486=EDGE_CURVE('',#598,#597,#143,.T.);
#487=EDGE_CURVE('',#599,#598,#75,.T.);
#488=EDGE_CURVE('',#595,#599,#144,.T.);
#489=EDGE_CURVE('',#595,#600,#145,.T.);
#490=EDGE_CURVE('',#600,#601,#76,.T.);
#491=EDGE_CURVE('',#596,#601,#146,.T.);
#492=EDGE_CURVE('',#593,#591,#147,.F.);
#493=EDGE_CURVE('',#602,#580,#148,.T.);
#494=EDGE_CURVE('',#601,#602,#149,.F.);
#495=EDGE_CURVE('',#600,#603,#150,.F.);
#496=EDGE_CURVE('',#603,#569,#151,.T.);
#497=EDGE_CURVE('',#571,#570,#152,.T.);
#498=EDGE_CURVE('',#604,#573,#77,.F.);
#499=EDGE_CURVE('',#604,#572,#153,.T.);
#500=EDGE_CURVE('',#565,#605,#154,.T.);
#501=EDGE_CURVE('',#566,#606,#155,.T.);
#502=EDGE_CURVE('',#606,#605,#156,.T.);
#503=EDGE_CURVE('',#567,#560,#157,.T.);
#504=EDGE_CURVE('',#574,#607,#158,.T.);
#505=EDGE_CURVE('',#607,#604,#159,.T.);
#506=EDGE_CURVE('',#542,#608,#160,.T.);
#507=EDGE_CURVE('',#594,#608,#161,.T.);
#508=EDGE_CURVE('',#609,#609,#162,.T.);
#509=EDGE_CURVE('',#610,#610,#163,.T.);
#510=EDGE_CURVE('',#608,#605,#78,.T.);
#511=EDGE_CURVE('',#540,#611,#79,.T.);
#512=EDGE_CURVE('',#605,#611,#164,.T.);
#513=EDGE_CURVE('',#545,#611,#165,.T.);
#514=EDGE_CURVE('',#575,#612,#166,.T.);
#515=EDGE_CURVE('',#613,#612,#167,.T.);
#516=EDGE_CURVE('',#590,#613,#168,.T.);
#517=EDGE_CURVE('',#614,#612,#169,.T.);
#518=EDGE_CURVE('',#597,#614,#80,.T.);
#519=EDGE_CURVE('',#549,#599,#170,.T.);
#520=EDGE_CURVE('',#550,#598,#171,.T.);
#521=EDGE_CURVE('',#614,#615,#172,.F.);
#522=EDGE_CURVE('',#551,#615,#81,.T.);
#523=EDGE_CURVE('',#539,#615,#173,.T.);
#524=EDGE_CURVE('',#537,#607,#174,.T.);
#525=EDGE_CURVE('',#616,#616,#639,.T.);
#526=EDGE_CURVE('',#617,#617,#640,.T.);
#527=EDGE_CURVE('',#618,#618,#641,.T.);
#528=EDGE_CURVE('',#619,#619,#642,.T.);
#529=EDGE_CURVE('',#620,#620,#643,.T.);
#530=EDGE_CURVE('',#621,#621,#644,.T.);
#531=EDGE_CURVE('',#622,#622,#645,.T.);
#532=VERTEX_POINT('',#1098);
#533=VERTEX_POINT('',#1100);
#534=VERTEX_POINT('',#1102);
#535=VERTEX_POINT('',#1104);
#536=VERTEX_POINT('',#1109);
#537=VERTEX_POINT('',#1110);
#538=VERTEX_POINT('',#1112);
#539=VERTEX_POINT('',#1117);
#540=VERTEX_POINT('',#1120);
#541=VERTEX_POINT('',#1121);
#542=VERTEX_POINT('',#1123);
#543=VERTEX_POINT('',#1125);
#544=VERTEX_POINT('',#1130);
#545=VERTEX_POINT('',#1132);
#546=VERTEX_POINT('',#1135);
#547=VERTEX_POINT('',#1169);
#548=VERTEX_POINT('',#1181);
#549=VERTEX_POINT('',#1187);
#550=VERTEX_POINT('',#1189);
#551=VERTEX_POINT('',#1195);
#552=VERTEX_POINT('',#1211);
#553=VERTEX_POINT('',#1275);
#554=VERTEX_POINT('',#1280);
#555=VERTEX_POINT('',#1285);
#556=VERTEX_POINT('',#1294);
#557=VERTEX_POINT('',#1306);
#558=VERTEX_POINT('',#1311);
#559=VERTEX_POINT('',#1313);
#560=VERTEX_POINT('',#1347);
#561=VERTEX_POINT('',#1367);
#562=VERTEX_POINT('',#1383);
#563=VERTEX_POINT('',#1386);
#564=VERTEX_POINT('',#1388);
#565=VERTEX_POINT('',#1401);
#566=VERTEX_POINT('',#1402);
#567=VERTEX_POINT('',#1404);
#568=VERTEX_POINT('',#1418);
#569=VERTEX_POINT('',#1420);
#570=VERTEX_POINT('',#1422);
#571=VERTEX_POINT('',#1433);
#572=VERTEX_POINT('',#1435);
#573=VERTEX_POINT('',#1444);
#574=VERTEX_POINT('',#1465);
#575=VERTEX_POINT('',#1467);
#576=VERTEX_POINT('',#1488);
#577=VERTEX_POINT('',#1497);
#578=VERTEX_POINT('',#1499);
#579=VERTEX_POINT('',#1510);
#580=VERTEX_POINT('',#1512);
#581=VERTEX_POINT('',#1514);
#582=VERTEX_POINT('',#1516);
#583=VERTEX_POINT('',#1519);
#584=VERTEX_POINT('',#1521);
#585=VERTEX_POINT('',#1523);
#586=VERTEX_POINT('',#1525);
#587=VERTEX_POINT('',#1527);
#588=VERTEX_POINT('',#1529);
#589=VERTEX_POINT('',#1531);
#590=VERTEX_POINT('',#1559);
#591=VERTEX_POINT('',#1576);
#592=VERTEX_POINT('',#1640);
#593=VERTEX_POINT('',#1691);
#594=VERTEX_POINT('',#1693);
#595=VERTEX_POINT('',#1713);
#596=VERTEX_POINT('',#1714);
#597=VERTEX_POINT('',#1719);
#598=VERTEX_POINT('',#1724);
#599=VERTEX_POINT('',#1726);
#600=VERTEX_POINT('',#1751);
#601=VERTEX_POINT('',#1753);
#602=VERTEX_POINT('',#1773);
#603=VERTEX_POINT('',#1797);
#604=VERTEX_POINT('',#1889);
#605=VERTEX_POINT('',#1964);
#606=VERTEX_POINT('',#1982);
#607=VERTEX_POINT('',#2111);
#608=VERTEX_POINT('',#2144);
#609=VERTEX_POINT('',#2182);
#610=VERTEX_POINT('',#2198);
#611=VERTEX_POINT('',#2202);
#612=VERTEX_POINT('',#2280);
#613=VERTEX_POINT('',#2298);
#614=VERTEX_POINT('',#2325);
#615=VERTEX_POINT('',#2348);
#616=VERTEX_POINT('',#2409);
#617=VERTEX_POINT('',#2413);
#618=VERTEX_POINT('',#2419);
#619=VERTEX_POINT('',#2423);
#620=VERTEX_POINT('',#2428);
#621=VERTEX_POINT('',#2435);
#622=VERTEX_POINT('',#2439);
#623=CIRCLE('',#901,0.001075);
#624=CIRCLE('',#902,0.001075);
#625=CIRCLE('',#903,0.001075);
#626=CIRCLE('',#904,0.001075);
#627=CIRCLE('',#908,0.001075);
#628=CIRCLE('',#910,0.001075);
#629=CIRCLE('',#911,0.001075);
#630=CIRCLE('',#912,0.0372287280132527);
#631=CIRCLE('',#913,0.0372287280132528);
#632=CIRCLE('',#914,0.001075);
#633=CIRCLE('',#915,0.001075);
#634=CIRCLE('',#916,0.001075);
#635=CIRCLE('',#917,0.001075);
#636=CIRCLE('',#918,0.001075);
#637=CIRCLE('',#919,0.001075);
#638=CIRCLE('',#920,0.001075);
#639=CIRCLE('',#929,0.001075);
#640=CIRCLE('',#932,0.001075);
#641=CIRCLE('',#937,0.001075);
#642=CIRCLE('',#940,0.001075);
#643=CIRCLE('',#944,0.001075);
#644=CIRCLE('',#950,0.001075);
#645=CIRCLE('',#953,0.001075);
#646=EDGE_LOOP('',(#175));
#647=EDGE_LOOP('',(#176));
#648=EDGE_LOOP('',(#177));
#649=EDGE_LOOP('',(#178));
#650=EDGE_LOOP('',(#179,#180,#181,#182));
#651=EDGE_LOOP('',(#183,#184,#185,#186,#187,#188));
#652=EDGE_LOOP('',(#189));
#653=EDGE_LOOP('',(#190));
#654=EDGE_LOOP('',(#191));
#655=EDGE_LOOP('',(#192,#193,#194,#195,#196));
#656=EDGE_LOOP('',(#197));
#657=EDGE_LOOP('',(#198));
#658=EDGE_LOOP('',(#199,#200,#201,#202,#203,#204,#205,#206,#207));
#659=EDGE_LOOP('',(#208));
#660=EDGE_LOOP('',(#209));
#661=EDGE_LOOP('',(#210));
#662=EDGE_LOOP('',(#211));
#663=EDGE_LOOP('',(#212,#213,#214,#215,#216,#217,#218,#219,#220,#221,#222,
#223,#224,#225,#226,#227,#228,#229,#230,#231));
#664=EDGE_LOOP('',(#232));
#665=EDGE_LOOP('',(#233));
#666=EDGE_LOOP('',(#234));
#667=EDGE_LOOP('',(#235));
#668=EDGE_LOOP('',(#236));
#669=EDGE_LOOP('',(#237));
#670=EDGE_LOOP('',(#238));
#671=EDGE_LOOP('',(#239,#240,#241));
#672=EDGE_LOOP('',(#242,#243,#244));
#673=EDGE_LOOP('',(#245));
#674=EDGE_LOOP('',(#246,#247));
#675=EDGE_LOOP('',(#248,#249,#250));
#676=EDGE_LOOP('',(#251,#252,#253,#254));
#677=EDGE_LOOP('',(#255,#256,#257,#258,#259));
#678=EDGE_LOOP('',(#260,#261,#262,#263));
#679=EDGE_LOOP('',(#264,#265,#266,#267,#268,#269,#270,#271,#272,#273,#274,
#275,#276));
#680=EDGE_LOOP('',(#277));
#681=EDGE_LOOP('',(#278,#279));
#682=EDGE_LOOP('',(#280,#281,#282));
#683=EDGE_LOOP('',(#283,#284,#285,#286));
#684=EDGE_LOOP('',(#287,#288,#289));
#685=EDGE_LOOP('',(#290,#291,#292,#293));
#686=EDGE_LOOP('',(#294,#295,#296,#297,#298));
#687=EDGE_LOOP('',(#299));
#688=EDGE_LOOP('',(#300));
#689=EDGE_LOOP('',(#301));
#690=EDGE_LOOP('',(#302,#303,#304,#305,#306,#307,#308,#309));
#691=EDGE_LOOP('',(#310,#311,#312,#313,#314,#315));
#692=EDGE_LOOP('',(#316,#317,#318));
#693=EDGE_LOOP('',(#319,#320,#321,#322,#323,#324,#325));
#694=EDGE_LOOP('',(#326,#327,#328,#329,#330));
#695=EDGE_LOOP('',(#331,#332,#333,#334,#335,#336,#337,#338,#339,#340,#341,
#342));
#696=EDGE_LOOP('',(#343,#344,#345,#346));
#697=EDGE_LOOP('',(#347,#348,#349,#350,#351,#352));
#698=EDGE_LOOP('',(#353,#354,#355,#356));
#699=EDGE_LOOP('',(#357,#358,#359,#360,#361,#362,#363,#364));
#700=EDGE_LOOP('',(#365,#366,#367,#368,#369,#370,#371,#372,#373,#374,#375,
#376,#377));
#701=EDGE_LOOP('',(#378));
#702=EDGE_LOOP('',(#379));
#703=EDGE_LOOP('',(#380));
#704=EDGE_LOOP('',(#381));
#705=EDGE_LOOP('',(#382));
#706=EDGE_LOOP('',(#383));
#707=EDGE_LOOP('',(#384));
#708=EDGE_LOOP('',(#385));
#709=EDGE_LOOP('',(#386));
#710=EDGE_LOOP('',(#387));
#711=EDGE_LOOP('',(#388));
#712=EDGE_LOOP('',(#389));
#713=EDGE_LOOP('',(#390));
#714=EDGE_LOOP('',(#391));
#715=EDGE_LOOP('',(#392));
#716=EDGE_LOOP('',(#393));
#717=EDGE_LOOP('',(#394));
#718=EDGE_LOOP('',(#395));
#719=EDGE_LOOP('',(#396));
#720=EDGE_LOOP('',(#397));
#721=EDGE_LOOP('',(#398));
#722=EDGE_LOOP('',(#399));
#723=EDGE_LOOP('',(#400));
#724=EDGE_LOOP('',(#401));
#725=EDGE_LOOP('',(#402));
#726=EDGE_LOOP('',(#403));
#727=EDGE_LOOP('',(#404));
#728=EDGE_LOOP('',(#405));
#729=EDGE_LOOP('',(#406));
#730=EDGE_LOOP('',(#407));
#731=EDGE_LOOP('',(#408));
#732=EDGE_LOOP('',(#409));
#733=EDGE_LOOP('',(#410));
#734=EDGE_LOOP('',(#411));
#735=EDGE_LOOP('',(#412));
#736=FACE_BOUND('',#646,.T.);
#737=FACE_BOUND('',#647,.T.);
#738=FACE_BOUND('',#648,.T.);
#739=FACE_BOUND('',#649,.T.);
#740=FACE_BOUND('',#650,.T.);
#741=FACE_BOUND('',#651,.T.);
#742=FACE_BOUND('',#652,.T.);
#743=FACE_BOUND('',#653,.T.);
#744=FACE_BOUND('',#654,.T.);
#745=FACE_BOUND('',#655,.T.);
#746=FACE_BOUND('',#656,.T.);
#747=FACE_BOUND('',#657,.T.);
#748=FACE_BOUND('',#658,.T.);
#749=FACE_BOUND('',#659,.T.);
#750=FACE_BOUND('',#660,.T.);
#751=FACE_BOUND('',#661,.T.);
#752=FACE_BOUND('',#662,.T.);
#753=FACE_BOUND('',#663,.T.);
#754=FACE_BOUND('',#664,.T.);
#755=FACE_BOUND('',#665,.T.);
#756=FACE_BOUND('',#666,.T.);
#757=FACE_BOUND('',#667,.T.);
#758=FACE_BOUND('',#668,.T.);
#759=FACE_BOUND('',#669,.T.);
#760=FACE_BOUND('',#670,.T.);
#761=FACE_BOUND('',#671,.T.);
#762=FACE_BOUND('',#672,.T.);
#763=FACE_BOUND('',#673,.T.);
#764=FACE_BOUND('',#674,.T.);
#765=FACE_BOUND('',#675,.T.);
#766=FACE_BOUND('',#676,.T.);
#767=FACE_BOUND('',#677,.T.);
#768=FACE_BOUND('',#678,.T.);
#769=FACE_BOUND('',#679,.T.);
#770=FACE_BOUND('',#680,.T.);
#771=FACE_BOUND('',#681,.T.);
#772=FACE_BOUND('',#682,.T.);
#773=FACE_BOUND('',#683,.T.);
#774=FACE_BOUND('',#684,.T.);
#775=FACE_BOUND('',#685,.T.);
#776=FACE_BOUND('',#686,.T.);
#777=FACE_BOUND('',#687,.T.);
#778=FACE_BOUND('',#688,.T.);
#779=FACE_BOUND('',#689,.T.);
#780=FACE_BOUND('',#690,.T.);
#781=FACE_BOUND('',#691,.T.);
#782=FACE_BOUND('',#692,.T.);
#783=FACE_BOUND('',#693,.T.);
#784=FACE_BOUND('',#694,.T.);
#785=FACE_BOUND('',#695,.T.);
#786=FACE_BOUND('',#696,.T.);
#787=FACE_BOUND('',#697,.T.);
#788=FACE_BOUND('',#698,.T.);
#789=FACE_BOUND('',#699,.T.);
#790=FACE_BOUND('',#700,.T.);
#791=FACE_BOUND('',#701,.T.);
#792=FACE_BOUND('',#702,.T.);
#793=FACE_BOUND('',#703,.T.);
#794=FACE_BOUND('',#704,.T.);
#795=FACE_BOUND('',#705,.T.);
#796=FACE_BOUND('',#706,.T.);
#797=FACE_BOUND('',#707,.T.);
#798=FACE_BOUND('',#708,.T.);
#799=FACE_BOUND('',#709,.T.);
#800=FACE_BOUND('',#710,.T.);
#801=FACE_BOUND('',#711,.T.);
#802=FACE_BOUND('',#712,.T.);
#803=FACE_BOUND('',#713,.T.);
#804=FACE_BOUND('',#714,.T.);
#805=FACE_BOUND('',#715,.T.);
#806=FACE_BOUND('',#716,.T.);
#807=FACE_BOUND('',#717,.T.);
#808=FACE_BOUND('',#718,.T.);
#809=FACE_BOUND('',#719,.T.);
#810=FACE_BOUND('',#720,.T.);
#811=FACE_BOUND('',#721,.T.);
#812=FACE_BOUND('',#722,.T.);
#813=FACE_BOUND('',#723,.T.);
#814=FACE_BOUND('',#724,.T.);
#815=FACE_BOUND('',#725,.T.);
#816=FACE_BOUND('',#726,.T.);
#817=FACE_BOUND('',#727,.T.);
#818=FACE_BOUND('',#728,.T.);
#819=FACE_BOUND('',#729,.T.);
#820=FACE_BOUND('',#730,.T.);
#821=FACE_BOUND('',#731,.T.);
#822=FACE_BOUND('',#732,.T.);
#823=FACE_BOUND('',#733,.T.);
#824=FACE_BOUND('',#734,.T.);
#825=FACE_BOUND('',#735,.T.);
#826=PLANE('',#900);
#827=PLANE('',#909);
#828=PLANE('',#923);
#829=PLANE('',#926);
#830=PLANE('',#930);
#831=PLANE('',#933);
#832=PLANE('',#938);
#833=PLANE('',#941);
#834=PLANE('',#945);
#835=PLANE('',#951);
#836=PLANE('',#954);
#837=ADVANCED_FACE('',(#736,#737,#738,#739,#740,#741,#742),#826,.T.);
#838=ADVANCED_FACE('',(#743,#744,#745,#746),#30,.F.);
#839=ADVANCED_FACE('',(#747,#748,#749,#750),#31,.F.);
#840=ADVANCED_FACE('',(#751,#752,#753,#754,#755,#756,#757,#758,#759,#760),
#827,.T.);
#841=ADVANCED_FACE('',(#761),#32,.F.);
#842=ADVANCED_FACE('',(#762),#12,.T.);
#843=ADVANCED_FACE('',(#763,#764),#33,.F.);
#844=ADVANCED_FACE('',(#765),#13,.T.);
#845=ADVANCED_FACE('',(#766),#34,.T.);
#846=ADVANCED_FACE('',(#767),#35,.T.);
#847=ADVANCED_FACE('',(#768),#36,.F.);
#848=ADVANCED_FACE('',(#769),#828,.F.);
#849=ADVANCED_FACE('',(#770,#771),#37,.T.);
#850=ADVANCED_FACE('',(#772),#38,.T.);
#851=ADVANCED_FACE('',(#773),#39,.T.);
#852=ADVANCED_FACE('',(#774),#40,.F.);
#853=ADVANCED_FACE('',(#775),#41,.T.);
#854=ADVANCED_FACE('',(#776),#42,.F.);
#855=ADVANCED_FACE('',(#777,#778,#779,#780),#43,.T.);
#856=ADVANCED_FACE('',(#781),#14,.F.);
#857=ADVANCED_FACE('',(#782),#15,.F.);
#858=ADVANCED_FACE('',(#783),#44,.F.);
#859=ADVANCED_FACE('',(#784),#45,.F.);
#860=ADVANCED_FACE('',(#785),#46,.F.);
#861=ADVANCED_FACE('',(#786),#829,.F.);
#862=ADVANCED_FACE('',(#787),#47,.T.);
#863=ADVANCED_FACE('',(#788),#48,.F.);
#864=ADVANCED_FACE('',(#789),#49,.T.);
#865=ADVANCED_FACE('',(#790),#50,.T.);
#866=ADVANCED_FACE('',(#791,#792),#16,.F.);
#867=ADVANCED_FACE('',(#793,#794),#17,.F.);
#868=ADVANCED_FACE('',(#795),#830,.T.);
#869=ADVANCED_FACE('',(#796,#797),#18,.F.);
#870=ADVANCED_FACE('',(#798),#831,.T.);
#871=ADVANCED_FACE('',(#799,#800),#19,.F.);
#872=ADVANCED_FACE('',(#801,#802),#20,.F.);
#873=ADVANCED_FACE('',(#803,#804),#21,.F.);
#874=ADVANCED_FACE('',(#805),#832,.T.);
#875=ADVANCED_FACE('',(#806,#807),#22,.F.);
#876=ADVANCED_FACE('',(#808),#833,.T.);
#877=ADVANCED_FACE('',(#809,#810),#23,.F.);
#878=ADVANCED_FACE('',(#811,#812),#24,.F.);
#879=ADVANCED_FACE('',(#813),#834,.T.);
#880=ADVANCED_FACE('',(#814,#815),#25,.F.);
#881=ADVANCED_FACE('',(#816,#817),#26,.F.);
#882=ADVANCED_FACE('',(#818,#819),#27,.F.);
#883=ADVANCED_FACE('',(#820,#821),#28,.F.);
#884=ADVANCED_FACE('',(#822),#835,.F.);
#885=ADVANCED_FACE('',(#823,#824),#29,.F.);
#886=ADVANCED_FACE('',(#825),#836,.F.);
#887=CLOSED_SHELL('',(#837,#838,#839,#840,#841,#842,#843,#844,#845,#846,
#847,#848,#849,#850,#851,#852,#853,#854,#855,#856,#857,#858,#859,#860,#861,
#862,#863,#864,#865,#866,#867,#868,#869,#870,#871,#872,#873,#874,#875,#876,
#877,#878,#879,#880,#881,#882,#883,#884,#885,#886));
#888=STYLED_ITEM('',(#889),#896);
#889=PRESENTATION_STYLE_ASSIGNMENT((#890));
#890=SURFACE_STYLE_USAGE(.BOTH.,#891);
#891=SURFACE_SIDE_STYLE('',(#892));
#892=SURFACE_STYLE_FILL_AREA(#893);
#893=FILL_AREA_STYLE('',(#894));
#894=FILL_AREA_STYLE_COLOUR('',#895);
#895=COLOUR_RGB('',0.917647058823529,0.917647058823529,0.917647058823529);
#896=MANIFOLD_SOLID_BREP('Part 54',#887);
#897=SHAPE_DEFINITION_REPRESENTATION(#2447,#898);
#898=SHAPE_REPRESENTATION('Part 54',(#899),#2442);
#899=AXIS2_PLACEMENT_3D('',#1095,#955,#956);
#900=AXIS2_PLACEMENT_3D('',#1096,#957,#958);
#901=AXIS2_PLACEMENT_3D('',#1097,#959,#960);
#902=AXIS2_PLACEMENT_3D('',#1099,#961,#962);
#903=AXIS2_PLACEMENT_3D('',#1101,#963,#964);
#904=AXIS2_PLACEMENT_3D('',#1103,#965,#966);
#905=AXIS2_PLACEMENT_3D('',#1119,#969,#970);
#906=AXIS2_PLACEMENT_3D('',#1122,#971,#972);
#907=AXIS2_PLACEMENT_3D('',#1133,#975,#976);
#908=AXIS2_PLACEMENT_3D('',#1134,#977,#978);
#909=AXIS2_PLACEMENT_3D('',#1384,#981,#982);
#910=AXIS2_PLACEMENT_3D('',#1385,#983,#984);
#911=AXIS2_PLACEMENT_3D('',#1387,#985,#986);
#912=AXIS2_PLACEMENT_3D('',#1417,#988,#989);
#913=AXIS2_PLACEMENT_3D('',#1515,#997,#998);
#914=AXIS2_PLACEMENT_3D('',#1518,#1000,#1001);
#915=AXIS2_PLACEMENT_3D('',#1520,#1002,#1003);
#916=AXIS2_PLACEMENT_3D('',#1522,#1004,#1005);
#917=AXIS2_PLACEMENT_3D('',#1524,#1006,#1007);
#918=AXIS2_PLACEMENT_3D('',#1526,#1008,#1009);
#919=AXIS2_PLACEMENT_3D('',#1528,#1010,#1011);
#920=AXIS2_PLACEMENT_3D('',#1530,#1012,#1013);
#921=AXIS2_PLACEMENT_3D('',#1571,#1015,#1016);
#922=AXIS2_PLACEMENT_3D('',#1680,#1018,#1019);
#923=AXIS2_PLACEMENT_3D('',#1760,#1026,#1027);
#924=AXIS2_PLACEMENT_3D('',#2200,#1030,#1031);
#925=AXIS2_PLACEMENT_3D('',#2207,#1033,#1034);
#926=AXIS2_PLACEMENT_3D('',#2327,#1036,#1037);
#927=AXIS2_PLACEMENT_3D('',#2406,#1039,#1040);
#928=AXIS2_PLACEMENT_3D('',#2407,#1041,#1042);
#929=AXIS2_PLACEMENT_3D('',#2408,#1043,#1044);
#930=AXIS2_PLACEMENT_3D('',#2410,#1045,#1046);
#931=AXIS2_PLACEMENT_3D('',#2411,#1047,#1048);
#932=AXIS2_PLACEMENT_3D('',#2412,#1049,#1050);
#933=AXIS2_PLACEMENT_3D('',#2414,#1051,#1052);
#934=AXIS2_PLACEMENT_3D('',#2415,#1053,#1054);
#935=AXIS2_PLACEMENT_3D('',#2416,#1055,#1056);
#936=AXIS2_PLACEMENT_3D('',#2417,#1057,#1058);
#937=AXIS2_PLACEMENT_3D('',#2418,#1059,#1060);
#938=AXIS2_PLACEMENT_3D('',#2420,#1061,#1062);
#939=AXIS2_PLACEMENT_3D('',#2421,#1063,#1064);
#940=AXIS2_PLACEMENT_3D('',#2422,#1065,#1066);
#941=AXIS2_PLACEMENT_3D('',#2424,#1067,#1068);
#942=AXIS2_PLACEMENT_3D('',#2425,#1069,#1070);
#943=AXIS2_PLACEMENT_3D('',#2426,#1071,#1072);
#944=AXIS2_PLACEMENT_3D('',#2427,#1073,#1074);
#945=AXIS2_PLACEMENT_3D('',#2429,#1075,#1076);
#946=AXIS2_PLACEMENT_3D('',#2430,#1077,#1078);
#947=AXIS2_PLACEMENT_3D('',#2431,#1079,#1080);
#948=AXIS2_PLACEMENT_3D('',#2432,#1081,#1082);
#949=AXIS2_PLACEMENT_3D('',#2433,#1083,#1084);
#950=AXIS2_PLACEMENT_3D('',#2434,#1085,#1086);
#951=AXIS2_PLACEMENT_3D('',#2436,#1087,#1088);
#952=AXIS2_PLACEMENT_3D('',#2437,#1089,#1090);
#953=AXIS2_PLACEMENT_3D('',#2438,#1091,#1092);
#954=AXIS2_PLACEMENT_3D('',#2440,#1093,#1094);
#955=DIRECTION('',(0.,0.,1.));
#956=DIRECTION('',(1.,0.,0.));
#957=DIRECTION('',(0.,-0.136040482798807,-0.990703279009345));
#958=DIRECTION('',(0.,0.990703279009345,-0.136040482798807));
#959=DIRECTION('',(0.,-0.136040482798807,-0.990703279009345));
#960=DIRECTION('',(0.,0.990703279009345,-0.136040482798807));
#961=DIRECTION('',(0.,-0.136040482798807,-0.990703279009345));
#962=DIRECTION('',(0.,0.990703279009345,-0.136040482798807));
#963=DIRECTION('',(0.,-0.136040482798807,-0.990703279009345));
#964=DIRECTION('',(0.,0.990703279009345,-0.136040482798807));
#965=DIRECTION('',(0.,-0.136040482798807,-0.990703279009345));
#966=DIRECTION('',(0.,0.990703279009345,-0.136040482798807));
#967=DIRECTION('',(1.,0.,0.));
#968=DIRECTION('',(1.,0.,0.));
#969=DIRECTION('',(0.,-0.136040482798807,-0.990703279009345));
#970=DIRECTION('',(0.,0.990703279009345,-0.136040482798807));
#971=DIRECTION('',(0.,-0.136040482798807,-0.990703279009345));
#972=DIRECTION('',(0.,0.990703279009345,-0.136040482798807));
#973=DIRECTION('',(1.,0.,0.));
#974=DIRECTION('',(1.,0.,0.));
#975=DIRECTION('',(0.,-0.136040482798807,-0.990703279009345));
#976=DIRECTION('',(0.,-0.990703279009345,0.136040482798807));
#977=DIRECTION('',(0.,-0.136040482798807,-0.990703279009345));
#978=DIRECTION('',(0.,0.990703279009345,-0.136040482798807));
#979=DIRECTION('',(1.,0.,0.));
#980=DIRECTION('',(0.,1.,0.));
#981=DIRECTION('',(0.,0.,1.));
#982=DIRECTION('',(1.,0.,0.));
#983=DIRECTION('',(0.,0.,1.));
#984=DIRECTION('',(0.,-1.,0.));
#985=DIRECTION('',(0.,0.,1.));
#986=DIRECTION('',(0.,-1.,0.));
#987=DIRECTION('',(1.,0.,0.));
#988=DIRECTION('',(0.,0.,1.));
#989=DIRECTION('',(1.,0.,0.));
#990=DIRECTION('',(1.,0.,0.));
#991=DIRECTION('',(0.,1.,0.));
#992=DIRECTION('',(0.,1.,0.));
#993=DIRECTION('',(1.,0.,0.));
#994=DIRECTION('',(0.,1.,0.));
#995=DIRECTION('',(0.,1.,0.));
#996=DIRECTION('',(1.,0.,0.));
#997=DIRECTION('',(0.,0.,-1.));
#998=DIRECTION('',(-1.,0.,0.));
#999=DIRECTION('',(0.,1.,0.));
#1000=DIRECTION('',(0.,0.,1.));
#1001=DIRECTION('',(0.,-1.,0.));
#1002=DIRECTION('',(0.,0.,1.));
#1003=DIRECTION('',(0.,-1.,0.));
#1004=DIRECTION('',(0.,0.,1.));
#1005=DIRECTION('',(0.,-1.,0.));
#1006=DIRECTION('',(0.,0.,1.));
#1007=DIRECTION('',(0.,-1.,0.));
#1008=DIRECTION('',(0.,0.,1.));
#1009=DIRECTION('',(0.,-1.,0.));
#1010=DIRECTION('',(0.,0.,1.));
#1011=DIRECTION('',(0.,-1.,0.));
#1012=DIRECTION('',(0.,0.,1.));
#1013=DIRECTION('',(0.,-1.,0.));
#1014=DIRECTION('',(0.,0.,-1.));
#1015=DIRECTION('',(0.,0.,-1.));
#1016=DIRECTION('',(-1.,0.,0.));
#1017=DIRECTION('',(0.,0.,-1.));
#1018=DIRECTION('',(0.,0.,1.));
#1019=DIRECTION('',(1.,0.,0.));
#1020=DIRECTION('',(0.,0.,1.));
#1021=DIRECTION('',(1.,0.,0.));
#1022=DIRECTION('',(1.,0.,0.));
#1023=DIRECTION('',(1.,0.,0.));
#1024=DIRECTION('',(1.,0.,0.));
#1025=DIRECTION('',(1.,0.,0.));
#1026=DIRECTION('',(0.,1.,0.));
#1027=DIRECTION('',(1.,0.,0.));
#1028=DIRECTION('',(0.,0.,-1.));
#1029=DIRECTION('',(0.,1.,1.1327950141667E-16));
#1030=DIRECTION('',(0.,1.,1.1327950141667E-16));
#1031=DIRECTION('',(-0.988531126566981,0.,0.151017256657031));
#1032=DIRECTION('',(0.,1.,1.1327950141667E-16));
#1033=DIRECTION('',(0.,-1.,0.));
#1034=DIRECTION('',(0.,0.,-1.));
#1035=DIRECTION('',(0.,1.,0.));
#1036=DIRECTION('',(0.,-0.136040482798807,-0.990703279009345));
#1037=DIRECTION('',(0.,0.990703279009345,-0.136040482798807));
#1038=DIRECTION('',(0.,1.,1.1327950141667E-16));
#1039=DIRECTION('',(0.,0.,-1.));
#1040=DIRECTION('',(0.,1.,0.));
#1041=DIRECTION('',(0.,0.,-1.));
#1042=DIRECTION('',(0.,1.,0.));
#1043=DIRECTION('',(0.,0.,-1.));
#1044=DIRECTION('',(0.,-1.,0.));
#1045=DIRECTION('',(0.,0.,1.));
#1046=DIRECTION('',(1.,0.,0.));
#1047=DIRECTION('',(0.,0.,-1.));
#1048=DIRECTION('',(0.,1.,0.));
#1049=DIRECTION('',(0.,0.,-1.));
#1050=DIRECTION('',(0.,-1.,0.));
#1051=DIRECTION('',(0.,0.,1.));
#1052=DIRECTION('',(1.,0.,0.));
#1053=DIRECTION('',(0.,0.,-1.));
#1054=DIRECTION('',(0.,1.,0.));
#1055=DIRECTION('',(0.,0.,-1.));
#1056=DIRECTION('',(0.,1.,0.));
#1057=DIRECTION('',(0.,0.,-1.));
#1058=DIRECTION('',(0.,1.,0.));
#1059=DIRECTION('',(0.,0.,1.));
#1060=DIRECTION('',(0.,-1.,0.));
#1061=DIRECTION('',(0.,0.,1.));
#1062=DIRECTION('',(1.,0.,0.));
#1063=DIRECTION('',(0.,0.,-1.));
#1064=DIRECTION('',(0.,1.,0.));
#1065=DIRECTION('',(0.,0.,1.));
#1066=DIRECTION('',(0.,-1.,0.));
#1067=DIRECTION('',(0.,0.,1.));
#1068=DIRECTION('',(1.,0.,0.));
#1069=DIRECTION('',(0.,0.,-1.));
#1070=DIRECTION('',(0.,1.,0.));
#1071=DIRECTION('',(0.,0.,-1.));
#1072=DIRECTION('',(0.,1.,0.));
#1073=DIRECTION('',(0.,0.,1.));
#1074=DIRECTION('',(0.,-1.,0.));
#1075=DIRECTION('',(0.,0.,1.));
#1076=DIRECTION('',(1.,0.,0.));
#1077=DIRECTION('',(0.,0.136040482798807,0.990703279009345));
#1078=DIRECTION('',(0.,-0.990703279009345,0.136040482798807));
#1079=DIRECTION('',(0.,0.136040482798807,0.990703279009345));
#1080=DIRECTION('',(0.,-0.990703279009345,0.136040482798807));
#1081=DIRECTION('',(0.,0.136040482798807,0.990703279009345));
#1082=DIRECTION('',(0.,-0.990703279009345,0.136040482798807));
#1083=DIRECTION('',(0.,0.136040482798807,0.990703279009345));
#1084=DIRECTION('',(0.,-0.990703279009345,0.136040482798807));
#1085=DIRECTION('',(0.,0.136040482798807,0.990703279009345));
#1086=DIRECTION('',(0.,-0.990703279009345,0.136040482798807));
#1087=DIRECTION('',(0.,0.136040482798807,0.990703279009345));
#1088=DIRECTION('',(1.,0.,0.));
#1089=DIRECTION('',(0.,0.136040482798807,0.990703279009345));
#1090=DIRECTION('',(0.,-0.990703279009345,0.136040482798807));
#1091=DIRECTION('',(0.,-0.136040482798807,-0.990703279009345));
#1092=DIRECTION('',(0.,-0.990703279009345,0.136040482798807));
#1093=DIRECTION('',(0.,0.136040482798807,0.990703279009345));
#1094=DIRECTION('',(1.,0.,0.));
#1095=CARTESIAN_POINT('',(0.,0.,0.));
#1096=CARTESIAN_POINT('',(-0.753465888942636,0.0344068269222497,-0.212778183938284));
#1097=CARTESIAN_POINT('',(0.0354750229517322,0.0568697453918606,-0.215862726342072));
#1098=CARTESIAN_POINT('',(0.0354750229517322,0.0579347514167957,-0.216008969861081));
#1099=CARTESIAN_POINT('',(0.,0.0568697453918606,-0.215862726342072));
#1100=CARTESIAN_POINT('',(0.,0.0579347514167957,-0.216008969861081));
#1101=CARTESIAN_POINT('',(-0.0374385192918779,0.0792074058676998,-0.218930068683735));
#1102=CARTESIAN_POINT('',(-0.0374385192918779,0.0802724118926349,-0.219076312202743));
#1103=CARTESIAN_POINT('',(-0.0354750229517322,0.0568697453918606,-0.215862726342072));
#1104=CARTESIAN_POINT('',(-0.0354750229517322,0.0579347514167957,-0.216008969861081));
#1105=CARTESIAN_POINT('',(-0.0376511708179554,0.0641466865782851,-0.216861974667251));
#1106=CARTESIAN_POINT('',(-0.0375785901069911,0.068340359784539,-0.217437837632245));
#1107=CARTESIAN_POINT('',(-0.0375077401243026,0.07253406468671,-0.218013704949629));
#1108=CARTESIAN_POINT('',(-0.0374385192918779,0.0767277994245359,-0.218589576363959));
#1109=CARTESIAN_POINT('',(-0.0376511708179572,0.064146686578287,-0.216861974667237));
#1110=CARTESIAN_POINT('',(-0.0374385192918787,0.0767277994245368,-0.218589576363953));
#1111=CARTESIAN_POINT('',(-2.66960342720779E-10,0.0641466865783045,-0.216861974667254));
#1112=CARTESIAN_POINT('',(0.037651170817955,0.0641466865783045,-0.216861974667254));
#1113=CARTESIAN_POINT('',(0.0376511708179551,0.0641466865783045,-0.216861974667254));
#1114=CARTESIAN_POINT('',(0.0375785900689413,0.0683403619830322,-0.217437837934136));
#1115=CARTESIAN_POINT('',(0.0375077400887384,0.0725340668413577,-0.218013705245499));
#1116=CARTESIAN_POINT('',(0.0374385192918779,0.0767277994245358,-0.218589576363959));
#1117=CARTESIAN_POINT('',(0.0374385192918779,0.0767277994245356,-0.218589576363959));
#1118=CARTESIAN_POINT('',(1.11022302462516E-16,0.0767277994245356,-0.218589576363959));
#1119=CARTESIAN_POINT('',(0.274538098786677,0.277318639115167,-0.246134125024198));
#1120=CARTESIAN_POINT('',(0.0428596067933971,0.054792622497092,-0.215577500240561));
#1121=CARTESIAN_POINT('',(0.0429553077531358,0.0495928064421932,-0.214863478324038));
#1122=CARTESIAN_POINT('',(0.274538098786677,0.277318639115167,-0.246134125024198));
#1123=CARTESIAN_POINT('',(0.0435567529281558,0.0192208496390825,-0.210692889859678));
#1124=CARTESIAN_POINT('',(-0.753465888942636,0.0192208496390827,-0.210692889859678));
#1125=CARTESIAN_POINT('',(-0.0435567534649811,0.0192208496390826,-0.210692889859678));
#1126=CARTESIAN_POINT('',(-0.0435567534649811,0.0192208496390827,-0.210692889859678));
#1127=CARTESIAN_POINT('',(-0.0431189981470175,0.0400419817768812,-0.213551986956113));
#1128=CARTESIAN_POINT('',(-0.0427355639858778,0.0608641211992456,-0.216411222369924));
#1129=CARTESIAN_POINT('',(-0.0423926671576828,0.0816870123108632,-0.21927056100351));
#1130=CARTESIAN_POINT('',(-0.0423926671576803,0.0816870123108601,-0.219270561003531));
#1131=CARTESIAN_POINT('',(0.,0.081687012310864,-0.21927056100351));
#1132=CARTESIAN_POINT('',(0.0423926671576804,0.0816870123108604,-0.219270561003529));
#1133=CARTESIAN_POINT('',(0.323057078832562,0.326084751393855,-0.25283054523313));
#1134=CARTESIAN_POINT('',(0.0374385192918779,0.0792074058676998,-0.218930068683735));
#1135=CARTESIAN_POINT('',(0.0374385192918779,0.0802724118926349,-0.219076312202743));
#1136=CARTESIAN_POINT('',(-0.0390783464559221,0.0504344179061259,-0.209932126148639));
#1137=CARTESIAN_POINT('',(0.0390783459220016,0.0504344179061259,-0.209932126148639));
#1138=CARTESIAN_POINT('',(-0.0390783464559221,0.0506981416973108,-0.209986028060858));
#1139=CARTESIAN_POINT('',(0.0390783459220016,0.0506981416973108,-0.209986028060858));
#1140=CARTESIAN_POINT('',(-0.0390783464559221,0.0513595468890001,-0.210125316775966));
#1141=CARTESIAN_POINT('',(0.0390783459220017,0.0513595468890001,-0.210125316775966));
#1142=CARTESIAN_POINT('',(-0.0390783464559221,0.0522873556806117,-0.210356877067878));
#1143=CARTESIAN_POINT('',(0.0390783459220016,0.0522873556806117,-0.210356877067878));
#1144=CARTESIAN_POINT('',(-0.0390783464559221,0.0532234385106487,-0.210620813788912));
#1145=CARTESIAN_POINT('',(0.0390783459220017,0.0532234385106487,-0.210620813788912));
#1146=CARTESIAN_POINT('',(-0.0390783464559223,0.054455014796493,-0.211012387408638));
#1147=CARTESIAN_POINT('',(0.0390783459220014,0.054455014796493,-0.211012387408638));
#1148=CARTESIAN_POINT('',(-0.0390783464559221,0.0559728242960827,-0.211577855565634));
#1149=CARTESIAN_POINT('',(0.0390783459220017,0.0559728242960827,-0.211577855565634));
#1150=CARTESIAN_POINT('',(-0.0390783464559222,0.0583379194129582,-0.212645178957964));
#1151=CARTESIAN_POINT('',(0.0390783459220016,0.0583379194129582,-0.212645178957964));
#1152=CARTESIAN_POINT('',(-0.0390783464559221,0.0611538850049314,-0.214287970481054));
#1153=CARTESIAN_POINT('',(0.0390783459220017,0.0611538850049314,-0.214287970481054));
#1154=CARTESIAN_POINT('',(-0.0390783464559221,0.0631968312699438,-0.215944537873873));
#1155=CARTESIAN_POINT('',(0.0390783459220016,0.0631968312699438,-0.215944537873873));
#1156=CARTESIAN_POINT('',(-0.0390783464559221,0.0641466865783045,-0.216861974667254));
#1157=CARTESIAN_POINT('',(0.0390783459220016,0.0641466865783045,-0.216861974667254));
#1158=CARTESIAN_POINT('',(0.000860700721784384,0.0565862674474565,-0.21185959053172));
#1159=CARTESIAN_POINT('',(-1.44505237436094E-7,0.056229239134359,-0.211708914354057));
#1160=CARTESIAN_POINT('',(-0.000860122700834307,0.0565857113258094,-0.211859340736122));
#1161=CARTESIAN_POINT('',(-0.00118329880695695,0.0573771002577002,-0.212218266440165));
#1162=CARTESIAN_POINT('',(-0.00085662375533544,0.0581509676312525,-0.212604551601289));
#1163=CARTESIAN_POINT('',(-1.17961561889286E-6,0.0585017250211532,-0.212791769297903));
#1164=CARTESIAN_POINT('',(0.000855516621690843,0.0581525992698022,-0.212605387509614));
#1165=CARTESIAN_POINT('',(0.001183429089218,0.0573769837517419,-0.212218199956623));
#1166=CARTESIAN_POINT('',(0.000860700721784384,0.0565862674474565,-0.21185959053172));
#1167=CARTESIAN_POINT('',(-1.44505237436094E-7,0.056229239134359,-0.211708914354057));
#1168=CARTESIAN_POINT('',(-0.000860122700834307,0.0565857113258094,-0.211859340736122));
#1169=CARTESIAN_POINT('',(1.11022302462516E-16,0.0563481558851169,-0.211759098114011));
#1170=CARTESIAN_POINT('',(-0.0346143222299479,0.0565862674474567,-0.21185959053172));
#1171=CARTESIAN_POINT('',(-0.0354751674569696,0.0562292391343589,-0.211708914354057));
#1172=CARTESIAN_POINT('',(-0.0363351456525666,0.0565857113258095,-0.211859340736122));
#1173=CARTESIAN_POINT('',(-0.0366583217586889,0.0573771002577002,-0.212218266440165));
#1174=CARTESIAN_POINT('',(-0.0363316467070677,0.0581509676312526,-0.212604551601289));
#1175=CARTESIAN_POINT('',(-0.0354762025673511,0.0585017250211532,-0.212791769297903));
#1176=CARTESIAN_POINT('',(-0.0346195063300412,0.0581525992698022,-0.212605387509614));
#1177=CARTESIAN_POINT('',(-0.0342915938625143,0.057376983751742,-0.212218199956623));
#1178=CARTESIAN_POINT('',(-0.0346143222299479,0.0565862674474567,-0.21185959053172));
#1179=CARTESIAN_POINT('',(-0.0354751674569696,0.0562292391343589,-0.211708914354057));
#1180=CARTESIAN_POINT('',(-0.0363351456525666,0.0565857113258095,-0.211859340736122));
#1181=CARTESIAN_POINT('',(-0.035475022951732,0.056348155885117,-0.211759098114011));
#1182=CARTESIAN_POINT('',(-0.0376511708179572,0.064146686578287,-0.216861974667237));
#1183=CARTESIAN_POINT('',(-0.0378780114629675,0.0622833122610811,-0.215062197223877));
#1184=CARTESIAN_POINT('',(-0.0382858451809054,0.0579490154878464,-0.212095299389263));
#1185=CARTESIAN_POINT('',(-0.0385348234001393,0.0529951306686123,-0.210455504467759));
#1186=CARTESIAN_POINT('',(-0.0386149668568436,0.0504344179061265,-0.209932126148639));
#1187=CARTESIAN_POINT('',(-0.0386149668568436,0.0504344179061265,-0.209932126148639));
#1188=CARTESIAN_POINT('',(-0.0386149668568436,0.0504344179061265,-0.209932126148639));
#1189=CARTESIAN_POINT('',(0.0386149663229231,0.0504344179061262,-0.209932126148639));
#1190=CARTESIAN_POINT('',(0.0386149663229231,0.0504344179061262,-0.209932126148639));
#1191=CARTESIAN_POINT('',(0.038550238684079,0.0525025606718178,-0.21035482919455));
#1192=CARTESIAN_POINT('',(0.0383662466681014,0.0564856917066932,-0.211567297531406));
#1193=CARTESIAN_POINT('',(0.0380709867049861,0.060169008125716,-0.21365456072792));
#1194=CARTESIAN_POINT('',(0.0379028892638808,0.0618586469460131,-0.214918152262205));
#1195=CARTESIAN_POINT('',(0.0379028892638805,0.0618586469460131,-0.214918152262205));
#1196=CARTESIAN_POINT('',(0.0376511708179551,0.0641466865783045,-0.216861974667254));
#1197=CARTESIAN_POINT('',(0.0377387669940551,0.0634271309412511,-0.21616697742872));
#1198=CARTESIAN_POINT('',(0.037822814649322,0.0626635235372589,-0.215520076909506));
#1199=CARTESIAN_POINT('',(0.0379028897875095,0.061858646984774,-0.214918152291192));
#1200=CARTESIAN_POINT('',(0.0346143222299477,0.0565862674474566,-0.21185959053172));
#1201=CARTESIAN_POINT('',(0.0354751674569699,0.0562292391343589,-0.211708914354056));
#1202=CARTESIAN_POINT('',(0.0363351456525666,0.0565857113258097,-0.211859340736122));
#1203=CARTESIAN_POINT('',(0.0366583217586892,0.0573771002577004,-0.212218266440165));
#1204=CARTESIAN_POINT('',(0.0363316467070676,0.0581509676312527,-0.212604551601289));
#1205=CARTESIAN_POINT('',(0.0354762025673509,0.0585017250211533,-0.212791769297903));
#1206=CARTESIAN_POINT('',(0.034619506330041,0.0581525992698021,-0.212605387509614));
#1207=CARTESIAN_POINT('',(0.0342915938625143,0.0573769837517417,-0.212218199956623));
#1208=CARTESIAN_POINT('',(0.0346143222299477,0.0565862674474566,-0.21185959053172));
#1209=CARTESIAN_POINT('',(0.0354751674569699,0.0562292391343589,-0.211708914354056));
#1210=CARTESIAN_POINT('',(0.0363351456525666,0.0565857113258097,-0.211859340736122));
#1211=CARTESIAN_POINT('',(0.0354750229517322,0.056348155885117,-0.211759098114011));
#1212=CARTESIAN_POINT('',(-0.09957060464434,0.0099999999999989,-0.114322417759679));
#1213=CARTESIAN_POINT('',(-0.09957060464434,0.0845490452913459,-0.114322417759679));
#1214=CARTESIAN_POINT('',(-0.0924493084740123,0.0099999999999989,-0.121606338639239));
#1215=CARTESIAN_POINT('',(-0.0924493084740123,0.0845490452913459,-0.121606338639239));
#1216=CARTESIAN_POINT('',(-0.0818203374184454,0.0099999999999989,-0.132571403615485));
#1217=CARTESIAN_POINT('',(-0.0818203374184454,0.0845490452913459,-0.132571403615485));
#1218=CARTESIAN_POINT('',(-0.0690763924300154,0.0099999999999989,-0.148163105892001));
#1219=CARTESIAN_POINT('',(-0.0690763924300154,0.0845490452913459,-0.148163105892001));
#1220=CARTESIAN_POINT('',(-0.0605623892264238,0.0099999999999989,-0.160565331708956));
#1221=CARTESIAN_POINT('',(-0.0605623892264238,0.0845490452913459,-0.160565331708956));
#1222=CARTESIAN_POINT('',(-0.0546144173767401,0.0099999999999989,-0.171678912974028));
#1223=CARTESIAN_POINT('',(-0.0546144173767401,0.0845490452913459,-0.171678912974028));
#1224=CARTESIAN_POINT('',(-0.0507056842878878,0.0099999999999989,-0.181143960657194));
#1225=CARTESIAN_POINT('',(-0.0507056842878878,0.0845490452913459,-0.181143960657194));
#1226=CARTESIAN_POINT('',(-0.0474313804867675,0.0099999999999989,-0.191044207690056));
#1227=CARTESIAN_POINT('',(-0.0474313804867675,0.0845490452913459,-0.191044207690056));
#1228=CARTESIAN_POINT('',(-0.0444451809607685,0.0099999999999989,-0.204086287786129));
#1229=CARTESIAN_POINT('',(-0.0444451809607685,0.0845490452913459,-0.204086287786129));
#1230=CARTESIAN_POINT('',(-0.0429225290337028,0.0099999999999989,-0.214751232876985));
#1231=CARTESIAN_POINT('',(-0.0429225290337028,0.0845490452913459,-0.214751232876985));
#1232=CARTESIAN_POINT('',(-0.0423030145149742,0.0099999999999989,-0.220025978258478));
#1233=CARTESIAN_POINT('',(-0.0423030145149742,0.0845490452913459,-0.220025978258478));
#1234=CARTESIAN_POINT('',(-0.0850314132847214,0.0537564772953093,-0.129515233730413));
#1235=CARTESIAN_POINT('',(-0.0819484760622501,0.0554732109197535,-0.132905975578765));
#1236=CARTESIAN_POINT('',(-0.078774510471115,0.0565562577104835,-0.136503871164543));
#1237=CARTESIAN_POINT('',(-0.0756520799101556,0.0570961283116753,-0.140174228764007));
#1238=CARTESIAN_POINT('',(-0.0725489357232941,0.0571592732200044,-0.143980870745369));
#1239=CARTESIAN_POINT('',(-0.0695568667648982,0.0567278322324861,-0.147837760797578));
#1240=CARTESIAN_POINT('',(-0.0667051577231622,0.0557295450425191,-0.151724429794792));
#1241=CARTESIAN_POINT('',(-0.0645493746768692,0.0541688355535923,-0.154850243770271));
#1242=CARTESIAN_POINT('',(-0.0630688114676067,0.0522421180015113,-0.157095518283186));
#1243=CARTESIAN_POINT('',(-0.0621471742257375,0.0505235197198888,-0.158532795784896));
#1244=CARTESIAN_POINT('',(-0.0613757026350778,0.0485131988665943,-0.159765729716694));
#1245=CARTESIAN_POINT('',(-0.0605618517990917,0.0456531004852608,-0.161094030003972));
#1246=CARTESIAN_POINT('',(-0.0597897718119419,0.0418538244366893,-0.162390176858448));
#1247=CARTESIAN_POINT('',(-0.0591806066415611,0.037109437692714,-0.16343994713881));
#1248=CARTESIAN_POINT('',(-0.0589382936030505,0.0322300932090222,-0.163864486594289));
#1249=CARTESIAN_POINT('',(-0.0591780852560053,0.027314723492814,-0.163443912610626));
#1250=CARTESIAN_POINT('',(-0.0599389137691996,0.0234694612712885,-0.162132670651145));
#1251=CARTESIAN_POINT('',(-0.0609708314712071,0.0208331770500166,-0.16042099340004));
#1252=CARTESIAN_POINT('',(-0.0619220817842023,0.0191924120294642,-0.15888620456582));
#1253=CARTESIAN_POINT('',(-0.0630264793731861,0.0178035610801998,-0.157158581671501));
#1254=CARTESIAN_POINT('',(-0.0646069080670096,0.0162984060260819,-0.154763460111864));
#1255=CARTESIAN_POINT('',(-0.0668016361428568,0.0148809760067584,-0.15158962031295));
#1256=CARTESIAN_POINT('',(-0.0696027238186276,0.0137812640622035,-0.147778652081417));
#1257=CARTESIAN_POINT('',(-0.0720510105462992,0.0132085142615601,-0.1446234026415));
#1258=CARTESIAN_POINT('',(-0.0740787408073894,0.0130285690210116,-0.142104015073277));
#1259=CARTESIAN_POINT('',(-0.0761737999692441,0.0131088718825106,-0.139560690283414));
#1260=CARTESIAN_POINT('',(-0.0787664674438457,0.0137786263363564,-0.136514003081559));
#1261=CARTESIAN_POINT('',(-0.0818012555890593,0.015679380599451,-0.133073113641139));
#1262=CARTESIAN_POINT('',(-0.0845232975184098,0.0184182218788577,-0.130071804020942));
#1263=CARTESIAN_POINT('',(-0.0870024642525113,0.0217291950409362,-0.127394260247873));
#1264=CARTESIAN_POINT('',(-0.0891539173391579,0.0254139589685789,-0.12510684678527));
#1265=CARTESIAN_POINT('',(-0.0910007021319891,0.0295564637366951,-0.123165318557335));
#1266=CARTESIAN_POINT('',(-0.092365853246909,0.0340626203999424,-0.121741499752339));
#1267=CARTESIAN_POINT('',(-0.092904353234287,0.0381256911767911,-0.121182247743139));
#1268=CARTESIAN_POINT('',(-0.0927023794523704,0.0414161793364425,-0.121392036385622));
#1269=CARTESIAN_POINT('',(-0.092048873157065,0.0445682934531547,-0.122071787428885));
#1270=CARTESIAN_POINT('',(-0.0904868517508469,0.0480773979335646,-0.123702030755988));
#1271=CARTESIAN_POINT('',(-0.0879481042279484,0.0513129111496687,-0.126381996321788));
#1272=CARTESIAN_POINT('',(-0.0850314132847214,0.0537564772953093,-0.129515233730413));
#1273=CARTESIAN_POINT('',(-0.0819484760622501,0.0554732109197535,-0.132905975578765));
#1274=CARTESIAN_POINT('',(-0.078774510471115,0.0565562577104835,-0.136503871164543));
#1275=CARTESIAN_POINT('',(-0.0819333046674729,0.0553675964474677,-0.13294050120167));
#1276=CARTESIAN_POINT('',(-0.0456977052359895,0.0166255583154774,-0.198974424951374));
#1277=CARTESIAN_POINT('',(-0.0448586239040386,0.017489479668926,-0.20285662817705));
#1278=CARTESIAN_POINT('',(-0.0441581518408389,0.0183655595469491,-0.206764996171911));
#1279=CARTESIAN_POINT('',(-0.0435567534649811,0.0192208496390827,-0.210692889859678));
#1280=CARTESIAN_POINT('',(-0.0456977052359895,0.0166255583154774,-0.198974424951374));
#1281=CARTESIAN_POINT('',(-0.0456977052359895,0.0166255583154774,-0.198974424951374));
#1282=CARTESIAN_POINT('',(-0.0460519786722481,0.0144906566708,-0.197335297223652));
#1283=CARTESIAN_POINT('',(-0.0464057717139713,0.012272046591886,-0.195816508815403));
#1284=CARTESIAN_POINT('',(-0.0467630419205506,0.0100000000003474,-0.194375697896314));
#1285=CARTESIAN_POINT('',(-0.04676304184489,0.01,-0.194375697877319));
#1286=CARTESIAN_POINT('',(-0.101324304938316,0.0100000000000001,-0.112529514536299));
#1287=CARTESIAN_POINT('',(-0.0806303747430391,0.0100000000000001,-0.133680953372325));
#1288=CARTESIAN_POINT('',(-0.0396146980423946,0.0100000000000001,-0.175618400887934));
#1289=CARTESIAN_POINT('',(-0.0413255900145629,0.0100000000000001,-0.265018472551231));
#1290=CARTESIAN_POINT('',(-0.0314549252000715,0.0100000000000001,-0.290284953107758));
#1291=CARTESIAN_POINT('',(-0.0113648830065053,0.0100000000000001,-0.296856747590568));
#1292=CARTESIAN_POINT('',(-0.0033204355277121,0.0100000000000001,-0.296883374452591));
#1293=CARTESIAN_POINT('',(3.68642397464936E-19,0.0100000000000001,-0.296883374452591));
#1294=CARTESIAN_POINT('',(-0.0897855546704404,0.01,-0.124444023308451));
#1295=CARTESIAN_POINT('',(-0.101324304938316,0.01,-0.112529514536299));
#1296=CARTESIAN_POINT('',(-0.0806303747430391,0.01,-0.133680953372325));
#1297=CARTESIAN_POINT('',(-0.0396146980423946,0.01,-0.175618400887934));
#1298=CARTESIAN_POINT('',(-0.0413255900145629,0.01,-0.265018472551231));
#1299=CARTESIAN_POINT('',(-0.0314549252000715,0.01,-0.290284953107758));
#1300=CARTESIAN_POINT('',(-0.0113648830065053,0.01,-0.296856747590568));
#1301=CARTESIAN_POINT('',(-0.0033204355277121,0.01,-0.296883374452591));
#1302=CARTESIAN_POINT('',(3.68642397464936E-19,0.01,-0.296883374452591));
#1303=CARTESIAN_POINT('',(0.000309249654853353,0.01,-0.296883374452591));
#1304=CARTESIAN_POINT('',(0.000618499309706706,0.01,-0.296883374452591));
#1305=CARTESIAN_POINT('',(0.000927748964560058,0.01,-0.296883374452591));
#1306=CARTESIAN_POINT('',(-0.0982403349401193,0.01,-0.11568397218344));
#1307=CARTESIAN_POINT('',(-0.09957060464434,0.0130969239995079,-0.114322417759679));
#1308=CARTESIAN_POINT('',(-0.0991687104447416,0.0120315872591835,-0.114733489772668));
#1309=CARTESIAN_POINT('',(-0.0987244723113213,0.0109998768101391,-0.115188053120523));
#1310=CARTESIAN_POINT('',(-0.0982403349401186,0.00999999999999867,-0.115683972183437));
#1311=CARTESIAN_POINT('',(-0.09957060464434,0.0130969239995079,-0.114322417759679));
#1312=CARTESIAN_POINT('',(-0.0995706046443398,0.0472745226456729,-0.114322417759679));
#1313=CARTESIAN_POINT('',(-0.0995706046443398,0.0578499184096032,-0.114322417759679));
#1314=CARTESIAN_POINT('',(-0.0443048754257116,0.0841044187786738,-0.206124964830739));
#1315=CARTESIAN_POINT('',(-0.0447040936931531,0.0834381099421823,-0.203843330920444));
#1316=CARTESIAN_POINT('',(-0.0455743338701946,0.0819661173440635,-0.199325770019498));
#1317=CARTESIAN_POINT('',(-0.0471347186512388,0.0792375245365237,-0.192698841843105));
#1318=CARTESIAN_POINT('',(-0.0489722801523293,0.076193319994192,-0.186269703965081));
#1319=CARTESIAN_POINT('',(-0.0512540184451422,0.0739977173381514,-0.179747188641352));
#1320=CARTESIAN_POINT('',(-0.0540581953864425,0.0727572830811331,-0.173141257595809));
#1321=CARTESIAN_POINT('',(-0.0573882422077415,0.0721483713685844,-0.166502386253324));
#1322=CARTESIAN_POINT('',(-0.0610837693889961,0.0718854391660794,-0.160118611878178));
#1323=CARTESIAN_POINT('',(-0.0650988876634465,0.0718372430999519,-0.153961595593912));
#1324=CARTESIAN_POINT('',(-0.0693964077231706,0.0719296177096798,-0.14800412636928));
#1325=CARTESIAN_POINT('',(-0.073180425701186,0.0720709969532301,-0.14318321498416));
#1326=CARTESIAN_POINT('',(-0.0763103123532031,0.0721847588795528,-0.13939910606733));
#1327=CARTESIAN_POINT('',(-0.0787040390918447,0.0722566249268419,-0.13659427073326));
#1328=CARTESIAN_POINT('',(-0.0811403268289082,0.0722964509630244,-0.133818223760188));
#1329=CARTESIAN_POINT('',(-0.0836099725099866,0.0722722328949287,-0.131072646874947));
#1330=CARTESIAN_POINT('',(-0.0856880413245849,0.072153161653307,-0.128811140924197));
#1331=CARTESIAN_POINT('',(-0.0873629124080863,0.071915767125727,-0.127013051533595));
#1332=CARTESIAN_POINT('',(-0.088610458353552,0.0716260177947411,-0.125684796910486));
#1333=CARTESIAN_POINT('',(-0.0898272468314484,0.0711555943887198,-0.124398702672857));
#1334=CARTESIAN_POINT('',(-0.0910067548989219,0.0703455380446109,-0.123160229500749));
#1335=CARTESIAN_POINT('',(-0.0918767313483475,0.0688907037680008,-0.122251651330146));
#1336=CARTESIAN_POINT('',(-0.0921835763747136,0.0670488912012658,-0.121932010054903));
#1337=CARTESIAN_POINT('',(-0.0923133157537032,0.0655018622937386,-0.121796854998176));
#1338=CARTESIAN_POINT('',(-0.092504315435528,0.0642865032412681,-0.12159806548429));
#1339=CARTESIAN_POINT('',(-0.0927779018539018,0.0634231882851861,-0.121313494578254));
#1340=CARTESIAN_POINT('',(-0.0932782714778084,0.0628042904773204,-0.120793875315664));
#1341=CARTESIAN_POINT('',(-0.0940559034037114,0.0622563794332936,-0.119988055536817));
#1342=CARTESIAN_POINT('',(-0.0950860775188067,0.0617377398293482,-0.118923866410788));
#1343=CARTESIAN_POINT('',(-0.0962514407983585,0.060893409852048,-0.11772421463531));
#1344=CARTESIAN_POINT('',(-0.0977456330081895,0.0595821470688801,-0.116190021472147));
#1345=CARTESIAN_POINT('',(-0.0988354309155044,0.0585325211087393,-0.115074380203803));
#1346=CARTESIAN_POINT('',(-0.0995706046443337,0.0578499184096033,-0.114322417759685));
#1347=CARTESIAN_POINT('',(-0.0443048754257116,0.0841044187786737,-0.206124964830739));
#1348=CARTESIAN_POINT('',(-0.0423926671576802,0.08168701231086,-0.219270561003531));
#1349=CARTESIAN_POINT('',(-0.0429201660852429,0.0825072461108602,-0.21487186746444));
#1350=CARTESIAN_POINT('',(-0.0435415991123678,0.0833136466539104,-0.21048728304481));
#1351=CARTESIAN_POINT('',(-0.0443048754257116,0.0841044187786738,-0.206124964830739));
#1352=CARTESIAN_POINT('',(-0.0964400721990852,0.0234588082292536,-0.117530738185198));
#1353=CARTESIAN_POINT('',(-0.0958335767929254,0.0236518602760784,-0.118154301411722));
#1354=CARTESIAN_POINT('',(-0.0952330315128977,0.0234606109425112,-0.11877296253926));
#1355=CARTESIAN_POINT('',(-0.0948508712490255,0.023015820753163,-0.119167190050046));
#1356=CARTESIAN_POINT('',(-0.0947149033090702,0.0225042710743364,-0.119307551455645));
#1357=CARTESIAN_POINT('',(-0.0948481518697306,0.0219884784424094,-0.119169996761881));
#1358=CARTESIAN_POINT('',(-0.0952294114648437,0.0215413971725606,-0.118776693527528));
#1359=CARTESIAN_POINT('',(-0.0958322842608682,0.0213483705115879,-0.118155632107121));
#1360=CARTESIAN_POINT('',(-0.0964354007160747,0.0215385050682902,-0.117535538966767));
#1361=CARTESIAN_POINT('',(-0.0968183182329543,0.0219831708946689,-0.117142253065675));
#1362=CARTESIAN_POINT('',(-0.0969548498032535,0.0224966001384318,-0.117002093422826));
#1363=CARTESIAN_POINT('',(-0.0968208578176872,0.0230122400075673,-0.117139645807439));
#1364=CARTESIAN_POINT('',(-0.0964400721990852,0.0234588082292536,-0.117530738185198));
#1365=CARTESIAN_POINT('',(-0.0958335767929254,0.0236518602760784,-0.118154301411722));
#1366=CARTESIAN_POINT('',(-0.0952330315128977,0.0234606109425112,-0.11877296253926));
#1367=CARTESIAN_POINT('',(-0.0958347668181519,0.023575,-0.118153320991925));
#1368=CARTESIAN_POINT('',(-0.0966834926506306,0.0572955483957476,-0.117280651205322));
#1369=CARTESIAN_POINT('',(-0.0960769483564739,0.0574886498451819,-0.117903921572549));
#1370=CARTESIAN_POINT('',(-0.0954763139292567,0.0572973498930258,-0.118522279939677));
#1371=CARTESIAN_POINT('',(-0.0950941767707916,0.0568524724139986,-0.118916210992731));
#1372=CARTESIAN_POINT('',(-0.0949582861780039,0.056340996795763,-0.119056391705568));
#1373=CARTESIAN_POINT('',(-0.0950914951486709,0.0558253004874407,-0.118918976766311));
#1374=CARTESIAN_POINT('',(-0.095472741512455,0.0553781719948799,-0.118525959413701));
#1375=CARTESIAN_POINT('',(-0.0960757086429669,0.055185117781807,-0.117905197119226));
#1376=CARTESIAN_POINT('',(-0.0966788767688287,0.0553753356735346,-0.117285392350108));
#1377=CARTESIAN_POINT('',(-0.0970617386265866,0.0558200613551692,-0.116892358979248));
#1378=CARTESIAN_POINT('',(-0.0971981945262315,0.0563334153043946,-0.116752342857128));
#1379=CARTESIAN_POINT('',(-0.0970642402990287,0.0568489550089254,-0.116889791864506));
#1380=CARTESIAN_POINT('',(-0.0966834926506306,0.0572955483957476,-0.117280651205322));
#1381=CARTESIAN_POINT('',(-0.0960769483564739,0.0574886498451819,-0.117903921572549));
#1382=CARTESIAN_POINT('',(-0.0954763139292567,0.0572973498930258,-0.118522279939677));
#1383=CARTESIAN_POINT('',(-0.0960781303298618,0.0574117695648637,-0.117902939172529));
#1384=CARTESIAN_POINT('',(-0.0925856560153928,0.01,-0.114322417759679));
#1385=CARTESIAN_POINT('',(-0.0960781303298618,0.0563367695648638,-0.114322417759679));
#1386=CARTESIAN_POINT('',(-0.0960781303298618,0.0552617695648638,-0.114322417759679));
#1387=CARTESIAN_POINT('',(-0.0812207485579422,0.0697859813378066,-0.114322417759679));
#1388=CARTESIAN_POINT('',(-0.0812207485579422,0.0687109813378066,-0.114322417759679));
#1389=CARTESIAN_POINT('',(0.,0.104489498641917,-0.114322417759679));
#1390=CARTESIAN_POINT('',(0.00710866679004623,0.104689906227473,-0.114322417759679));
#1391=CARTESIAN_POINT('',(0.0209527872212567,0.105198307088065,-0.114322417759679));
#1392=CARTESIAN_POINT('',(0.036824494489504,0.097380801291297,-0.114322417759679));
#1393=CARTESIAN_POINT('',(0.0468166506257658,0.0796785397765721,-0.114322417759679));
#1394=CARTESIAN_POINT('',(0.0529063481056908,0.0695751823981236,-0.114322417759679));
#1395=CARTESIAN_POINT('',(0.085485527266924,0.0738135852791472,-0.114322417759679));
#1396=CARTESIAN_POINT('',(0.0926239018053776,0.0699823170611,-0.114322417759679));
#1397=CARTESIAN_POINT('',(0.0919913458576433,0.0629045202008107,-0.114322417759679));
#1398=CARTESIAN_POINT('',(0.0958116889842502,0.0617841257478328,-0.114322417759679));
#1399=CARTESIAN_POINT('',(0.0989905346383729,0.0582616691406502,-0.114322417759679));
#1400=CARTESIAN_POINT('',(0.101324304938316,0.0562836490571499,-0.114322417759679));
#1401=CARTESIAN_POINT('',(0.0320023512845276,0.0989117967238897,-0.114322417759679));
#1402=CARTESIAN_POINT('',(0.0995706046443398,0.0578499184095887,-0.114322417759679));
#1403=CARTESIAN_POINT('',(0.,0.0989117967238902,-0.114322417759679));
#1404=CARTESIAN_POINT('',(-0.0320023512845244,0.098911796723892,-0.114322417759679));
#1405=CARTESIAN_POINT('',(0.,0.104489498641917,-0.114322417759679));
#1406=CARTESIAN_POINT('',(-0.00710866679004623,0.104689906227473,-0.114322417759679));
#1407=CARTESIAN_POINT('',(-0.0209527872212567,0.105198307088065,-0.114322417759679));
#1408=CARTESIAN_POINT('',(-0.036824494489504,0.097380801291297,-0.114322417759679));
#1409=CARTESIAN_POINT('',(-0.0468166506257658,0.0796785397765721,-0.114322417759679));
#1410=CARTESIAN_POINT('',(-0.0529063481056908,0.0695751823981236,-0.114322417759679));
#1411=CARTESIAN_POINT('',(-0.0854855272669241,0.0738135852791473,-0.114322417759679));
#1412=CARTESIAN_POINT('',(-0.0926239018053776,0.0699823170611,-0.114322417759679));
#1413=CARTESIAN_POINT('',(-0.0919913458576433,0.0629045202008107,-0.114322417759679));
#1414=CARTESIAN_POINT('',(-0.0958116889842502,0.0617841257478328,-0.114322417759679));
#1415=CARTESIAN_POINT('',(-0.0989905346383729,0.0582616691406502,-0.114322417759679));
#1416=CARTESIAN_POINT('',(-0.101324304938316,0.0562836490571499,-0.114322417759679));
#1417=CARTESIAN_POINT('',(-0.0647323277057841,0.0262225339746564,-0.114322417759679));
#1418=CARTESIAN_POINT('',(-0.0982406487757194,0.01,-0.114322417759679));
#1419=CARTESIAN_POINT('',(0.,0.01,-0.114322417759679));
#1420=CARTESIAN_POINT('',(-0.0925856560153838,0.0100000000000001,-0.114322417759679));
#1421=CARTESIAN_POINT('',(-0.0925856560153838,0.045410785307736,-0.114322417759679));
#1422=CARTESIAN_POINT('',(-0.0925856560153815,0.036041693434594,-0.114322417759679));
#1423=CARTESIAN_POINT('',(-0.0819333046674728,0.0553675964474678,-0.114322417759679));
#1424=CARTESIAN_POINT('',(-0.0766929630701154,0.0577149669084965,-0.114322417759679));
#1425=CARTESIAN_POINT('',(-0.0651054994915319,0.0575090038237131,-0.114322417759679));
#1426=CARTESIAN_POINT('',(-0.059435559719833,0.0456743015690812,-0.114322417759679));
#1427=CARTESIAN_POINT('',(-0.0574608808220728,0.0195776631407627,-0.114322417759679));
#1428=CARTESIAN_POINT('',(-0.0706242515672195,0.0124819239831727,-0.114322417759679));
#1429=CARTESIAN_POINT('',(-0.0833997403465088,0.0130459271946247,-0.114322417759679));
#1430=CARTESIAN_POINT('',(-0.0981040331591431,0.0403137840709627,-0.114322417759679));
#1431=CARTESIAN_POINT('',(-0.0877959382704186,0.052741475098751,-0.114322417759679));
#1432=CARTESIAN_POINT('',(-0.0819333046674728,0.0553675964474678,-0.114322417759679));
#1433=CARTESIAN_POINT('',(-0.0925856560153838,0.0418119144405925,-0.114322417759679));
#1434=CARTESIAN_POINT('',(-0.0925856560153838,0.045410785307736,-0.114322417759679));
#1435=CARTESIAN_POINT('',(-0.0925856560153839,0.0573603849854099,-0.114322417759679));
#1436=CARTESIAN_POINT('',(-0.0871398151707232,0.0668154802819265,-0.114322417759679));
#1437=CARTESIAN_POINT('',(-0.0873014154354052,0.065864417361062,-0.114322417759679));
#1438=CARTESIAN_POINT('',(-0.0873902924848046,0.0639358060971922,-0.114322417759679));
#1439=CARTESIAN_POINT('',(-0.0881833568056438,0.0611092562951048,-0.114322417759679));
#1440=CARTESIAN_POINT('',(-0.0897209400971728,0.0591958992537457,-0.114322417759679));
#1441=CARTESIAN_POINT('',(-0.0912941637378984,0.0580715776441067,-0.114322417759679));
#1442=CARTESIAN_POINT('',(-0.0921768634202111,0.0576240595525059,-0.114322417759679));
#1443=CARTESIAN_POINT('',(-0.092585656015384,0.0573603849854099,-0.114322417759679));
#1444=CARTESIAN_POINT('',(-0.0871398151707233,0.0668154802819264,-0.114322417759679));
#1445=CARTESIAN_POINT('',(-0.0303892164154084,0.0938643619849646,-0.114322417759679));
#1446=CARTESIAN_POINT('',(-0.0326296714974396,0.0920415522340265,-0.114322417759679));
#1447=CARTESIAN_POINT('',(-0.035433034651381,0.0886741272854151,-0.114322417759679));
#1448=CARTESIAN_POINT('',(-0.0386305081373367,0.0838510408930935,-0.114322417759679));
#1449=CARTESIAN_POINT('',(-0.0408702935329425,0.0801316151171796,-0.114322417759679));
#1450=CARTESIAN_POINT('',(-0.0430102966888357,0.076344671341627,-0.114322417759679));
#1451=CARTESIAN_POINT('',(-0.0453210404069854,0.0726824252465022,-0.114322417759679));
#1452=CARTESIAN_POINT('',(-0.0485701755877126,0.0697126173558753,-0.114322417759679));
#1453=CARTESIAN_POINT('',(-0.0525865711550532,0.0679293276767067,-0.114322417759679));
#1454=CARTESIAN_POINT('',(-0.0568436032121273,0.0671610246350828,-0.114322417759679));
#1455=CARTESIAN_POINT('',(-0.0611835235675017,0.0668733033256927,-0.114322417759679));
#1456=CARTESIAN_POINT('',(-0.0655062552684378,0.0668405469179136,-0.114322417759679));
#1457=CARTESIAN_POINT('',(-0.069835659790117,0.0669422003443899,-0.114322417759679));
#1458=CARTESIAN_POINT('',(-0.0741642599266979,0.067103912474182,-0.114322417759679));
#1459=CARTESIAN_POINT('',(-0.0777717251791239,0.0672351327119336,-0.114322417759679));
#1460=CARTESIAN_POINT('',(-0.0806568889871831,0.0672897523725862,-0.114322417759679));
#1461=CARTESIAN_POINT('',(-0.0828201597892807,0.0672888010749992,-0.114322417759679));
#1462=CARTESIAN_POINT('',(-0.084982002366887,0.0671901920191624,-0.114322417759679));
#1463=CARTESIAN_POINT('',(-0.0864219832987587,0.0670389627244547,-0.114322417759679));
#1464=CARTESIAN_POINT('',(-0.0871398151707235,0.0668154802819263,-0.114322417759679));
#1465=CARTESIAN_POINT('',(-0.0303892164154084,0.0938643619849646,-0.114322417759679));
#1466=CARTESIAN_POINT('',(0.,0.0938643619849647,-0.114322417759679));
#1467=CARTESIAN_POINT('',(0.0303892164154109,0.0938643619849647,-0.114322417759679));
#1468=CARTESIAN_POINT('',(0.0303892164154098,0.0938643619849635,-0.114322417759679));
#1469=CARTESIAN_POINT('',(0.0326296725775072,0.092041551355295,-0.114322417759679));
#1470=CARTESIAN_POINT('',(0.0354330344562975,0.0886741274657963,-0.114322417759679));
#1471=CARTESIAN_POINT('',(0.0386305086403151,0.0838510401363563,-0.114322417759679));
#1472=CARTESIAN_POINT('',(0.0408702939958449,0.0801316143098207,-0.114322417759679));
#1473=CARTESIAN_POINT('',(0.0430102974646756,0.0763446699915675,-0.114322417759679));
#1474=CARTESIAN_POINT('',(0.04532104062677,0.0726824250580671,-0.114322417759679));
#1475=CARTESIAN_POINT('',(0.048570175907846,0.0697126171011655,-0.114322417759679));
#1476=CARTESIAN_POINT('',(0.0525865714805094,0.0679293276912134,-0.114322417759679));
#1477=CARTESIAN_POINT('',(0.0568436015060588,0.0671610248575938,-0.114322417759679));
#1478=CARTESIAN_POINT('',(0.0611835228024831,0.0668733033179426,-0.114322417759679));
#1479=CARTESIAN_POINT('',(0.0655062548817558,0.0668405469170065,-0.114322417759679));
#1480=CARTESIAN_POINT('',(0.0698356596091019,0.0669422003362039,-0.114322417759679));
#1481=CARTESIAN_POINT('',(0.074164259845782,0.0671039124715659,-0.114322417759679));
#1482=CARTESIAN_POINT('',(0.0777717251926119,0.0672351327125921,-0.114322417759679));
#1483=CARTESIAN_POINT('',(0.0806568890569777,0.0672897523738718,-0.114322417759679));
#1484=CARTESIAN_POINT('',(0.0828201598877358,0.0672888010725508,-0.114322417759679));
#1485=CARTESIAN_POINT('',(0.0849820024616851,0.0671901920158082,-0.114322417759679));
#1486=CARTESIAN_POINT('',(0.0864219833626566,0.0670389627045614,-0.114322417759679));
#1487=CARTESIAN_POINT('',(0.0871398151707234,0.0668154802819263,-0.114322417759679));
#1488=CARTESIAN_POINT('',(0.0871398151707234,0.0668154802819264,-0.114322417759679));
#1489=CARTESIAN_POINT('',(0.0871398151707232,0.0668154802819267,-0.114322417759679));
#1490=CARTESIAN_POINT('',(0.0873014154354052,0.0658644173610622,-0.114322417759679));
#1491=CARTESIAN_POINT('',(0.0873902924848046,0.0639358060971921,-0.114322417759679));
#1492=CARTESIAN_POINT('',(0.0881833568056437,0.0611092562951051,-0.114322417759679));
#1493=CARTESIAN_POINT('',(0.0897209400971727,0.0591958992537457,-0.114322417759679));
#1494=CARTESIAN_POINT('',(0.0912941637378983,0.0580715776441068,-0.114322417759679));
#1495=CARTESIAN_POINT('',(0.0921768634202107,0.0576240595525061,-0.114322417759679));
#1496=CARTESIAN_POINT('',(0.0925856560153836,0.0573603849854101,-0.114322417759679));
#1497=CARTESIAN_POINT('',(0.0925856560153837,0.0573603849854101,-0.114322417759679));
#1498=CARTESIAN_POINT('',(0.0925856560153838,0.0454107853077361,-0.114322417759679));
#1499=CARTESIAN_POINT('',(0.0925856560153838,0.0418119144406019,-0.114322417759679));
#1500=CARTESIAN_POINT('',(0.0819333046674728,0.0553675964474678,-0.114322417759679));
#1501=CARTESIAN_POINT('',(0.0766929630701154,0.0577149669084965,-0.114322417759679));
#1502=CARTESIAN_POINT('',(0.0651054994915319,0.0575090038237131,-0.114322417759679));
#1503=CARTESIAN_POINT('',(0.059435559719833,0.0456743015690812,-0.114322417759679));
#1504=CARTESIAN_POINT('',(0.0574608808220728,0.0195776631407627,-0.114322417759679));
#1505=CARTESIAN_POINT('',(0.0706242515672195,0.0124819239831727,-0.114322417759679));
#1506=CARTESIAN_POINT('',(0.0833997403465088,0.0130459271946247,-0.114322417759679));
#1507=CARTESIAN_POINT('',(0.0981040331591431,0.0403137840709627,-0.114322417759679));
#1508=CARTESIAN_POINT('',(0.0877959382704186,0.052741475098751,-0.114322417759679));
#1509=CARTESIAN_POINT('',(0.0819333046674728,0.0553675964474678,-0.114322417759679));
#1510=CARTESIAN_POINT('',(0.0925856560153809,0.0360416934345896,-0.114322417759679));
#1511=CARTESIAN_POINT('',(0.0925856560153838,0.0454107853077361,-0.114322417759679));
#1512=CARTESIAN_POINT('',(0.0925856560153838,0.0100000000000003,-0.114322417759679));
#1513=CARTESIAN_POINT('',(0.,0.01,-0.114322417759679));
#1514=CARTESIAN_POINT('',(0.0982406487757194,0.01,-0.114322417759679));
#1515=CARTESIAN_POINT('',(0.064732327705784,0.0262225339746565,-0.114322417759679));
#1516=CARTESIAN_POINT('',(0.09957060464434,0.013096923999508,-0.114322417759679));
#1517=CARTESIAN_POINT('',(0.0995706046443398,0.047274522645673,-0.114322417759679));
#1518=CARTESIAN_POINT('',(0.0960781303298618,0.0563367695648638,-0.114322417759679));
#1519=CARTESIAN_POINT('',(0.0960781303298618,0.0552617695648638,-0.114322417759679));
#1520=CARTESIAN_POINT('',(0.0428733521965355,0.0815246581234929,-0.114322417759679));
#1521=CARTESIAN_POINT('',(0.0428733521965355,0.0804496581234929,-0.114322417759679));
#1522=CARTESIAN_POINT('',(0.0812207485579422,0.0697859813378066,-0.114322417759679));
#1523=CARTESIAN_POINT('',(0.0812207485579422,0.0687109813378066,-0.114322417759679));
#1524=CARTESIAN_POINT('',(0.0958347668181518,0.0225,-0.114322417759679));
#1525=CARTESIAN_POINT('',(0.0958347668181518,0.021425,-0.114322417759679));
#1526=CARTESIAN_POINT('',(-0.0958347668181518,0.0225,-0.114322417759679));
#1527=CARTESIAN_POINT('',(-0.0958347668181518,0.021425,-0.114322417759679));
#1528=CARTESIAN_POINT('',(-0.0428733521965355,0.0815246581234929,-0.114322417759679));
#1529=CARTESIAN_POINT('',(-0.0428733521965355,0.0804496581234929,-0.114322417759679));
#1530=CARTESIAN_POINT('',(0.,0.0963880793544274,-0.114322417759679));
#1531=CARTESIAN_POINT('',(0.,0.0953130793544274,-0.114322417759679));
#1532=CARTESIAN_POINT('',(0.0871398151707232,0.0668154802819267,-0.114322417759678));
#1533=CARTESIAN_POINT('',(0.0871398151707232,0.0668154802819267,-0.120004840466425));
#1534=CARTESIAN_POINT('',(0.0871759491931017,0.0666028214169583,-0.114322417759678));
#1535=CARTESIAN_POINT('',(0.0871759491931017,0.0666028214169583,-0.120004840466425));
#1536=CARTESIAN_POINT('',(0.0872496831199451,0.0660245288070345,-0.114322417759678));
#1537=CARTESIAN_POINT('',(0.0872496831199451,0.0660245288070345,-0.120004840466425));
#1538=CARTESIAN_POINT('',(0.0873652534633337,0.0648405336530307,-0.114322417759678));
#1539=CARTESIAN_POINT('',(0.0873652534633337,0.0648405336530307,-0.120004840466425));
#1540=CARTESIAN_POINT('',(0.087536634993935,0.0636047148285981,-0.114322417759678));
#1541=CARTESIAN_POINT('',(0.087536634993935,0.0636047148285981,-0.120004840466425));
#1542=CARTESIAN_POINT('',(0.087843996181639,0.0624030545342581,-0.114322417759678));
#1543=CARTESIAN_POINT('',(0.087843996181639,0.0624030545342581,-0.120004840466425));
#1544=CARTESIAN_POINT('',(0.0882558337221351,0.0613231498942378,-0.114322417759678));
#1545=CARTESIAN_POINT('',(0.0882558337221351,0.0613231498942378,-0.120004840466425));
#1546=CARTESIAN_POINT('',(0.0889287549161836,0.0602010563481541,-0.114322417759678));
#1547=CARTESIAN_POINT('',(0.0889287549161836,0.0602010563481541,-0.120004840466425));
#1548=CARTESIAN_POINT('',(0.0899669226344194,0.0590193872715213,-0.114322417759678));
#1549=CARTESIAN_POINT('',(0.0899669226344194,0.0590193872715213,-0.120004840466425));
#1550=CARTESIAN_POINT('',(0.091225821812653,0.0581239774641258,-0.114322417759678));
#1551=CARTESIAN_POINT('',(0.091225821812653,0.0581239774641258,-0.120004840466425));
#1552=CARTESIAN_POINT('',(0.0921714648249116,0.0576117672103572,-0.114322417759678));
#1553=CARTESIAN_POINT('',(0.0921714648249116,0.0576117672103572,-0.120004840466425));
#1554=CARTESIAN_POINT('',(0.0924901206125925,0.0574227917576888,-0.114322417759678));
#1555=CARTESIAN_POINT('',(0.0924901206125925,0.0574227917576888,-0.120004840466425));
#1556=CARTESIAN_POINT('',(0.0926019885886748,0.0573497893896666,-0.114322417759678));
#1557=CARTESIAN_POINT('',(0.0926019885886748,0.0573497893896666,-0.120004840466425));
#1558=CARTESIAN_POINT('',(0.0871398151707233,0.0668154802819264,0.0950626549222632));
#1559=CARTESIAN_POINT('',(0.0871398151707233,0.0668154802819266,-0.119970949277319));
#1560=CARTESIAN_POINT('',(0.0871398151707233,0.0668154802819267,-0.119970949277319));
#1561=CARTESIAN_POINT('',(0.0872290488094542,0.0662903152689989,-0.119877382732404));
#1562=CARTESIAN_POINT('',(0.0873217464896082,0.0651885913503991,-0.119780254689546));
#1563=CARTESIAN_POINT('',(0.0875321864390117,0.0635756496404694,-0.119559846958049));
#1564=CARTESIAN_POINT('',(0.0879441854550234,0.0620138737122488,-0.119128891024867));
#1565=CARTESIAN_POINT('',(0.0886178036021939,0.0606410447863807,-0.118426038489371));
#1566=CARTESIAN_POINT('',(0.0894649984575106,0.0595442160384003,-0.117544962551022));
#1567=CARTESIAN_POINT('',(0.090449559867567,0.0586584458553369,-0.116524638180526));
#1568=CARTESIAN_POINT('',(0.0914974850928493,0.0579647807659597,-0.115442346821684));
#1569=CARTESIAN_POINT('',(0.0922331920572564,0.0575877271209418,-0.114684860557903));
#1570=CARTESIAN_POINT('',(0.0925856560153839,0.05736038498541,-0.114322417759679));
#1571=CARTESIAN_POINT('',(0.064732327705784,0.0262225339746565,-0.114596362509739));
#1572=CARTESIAN_POINT('',(0.0982403349401193,0.0100000000000001,-0.115683972183436));
#1573=CARTESIAN_POINT('',(0.0987258431988123,0.0110027080698044,-0.115186648871894));
#1574=CARTESIAN_POINT('',(0.0991698628277009,0.0120346419833041,-0.11473231107344));
#1575=CARTESIAN_POINT('',(0.09957060464434,0.013096923999508,-0.114322417759679));
#1576=CARTESIAN_POINT('',(0.0982403349401196,0.0100000000000001,-0.115683972183436));
#1577=CARTESIAN_POINT('',(0.0982406487757194,0.01,-0.115683972183436));
#1578=CARTESIAN_POINT('',(0.0819333046674728,0.0553675964474678,-0.164082737643961));
#1579=CARTESIAN_POINT('',(0.0819333046674728,0.0553675964474678,-0.114322417759679));
#1580=CARTESIAN_POINT('',(0.0766929630701154,0.0577149669084965,-0.164082737643961));
#1581=CARTESIAN_POINT('',(0.0766929630701154,0.0577149669084965,-0.114322417759679));
#1582=CARTESIAN_POINT('',(0.0651054994915319,0.0575090038237131,-0.164082737643961));
#1583=CARTESIAN_POINT('',(0.0651054994915319,0.0575090038237131,-0.114322417759679));
#1584=CARTESIAN_POINT('',(0.059435559719833,0.0456743015690812,-0.164082737643961));
#1585=CARTESIAN_POINT('',(0.059435559719833,0.0456743015690812,-0.114322417759679));
#1586=CARTESIAN_POINT('',(0.0574608808220728,0.0195776631407627,-0.164082737643961));
#1587=CARTESIAN_POINT('',(0.0574608808220728,0.0195776631407627,-0.114322417759679));
#1588=CARTESIAN_POINT('',(0.0706242515672195,0.0124819239831727,-0.164082737643961));
#1589=CARTESIAN_POINT('',(0.0706242515672195,0.0124819239831727,-0.114322417759679));
#1590=CARTESIAN_POINT('',(0.0833997403465088,0.0130459271946247,-0.164082737643961));
#1591=CARTESIAN_POINT('',(0.0833997403465088,0.0130459271946247,-0.114322417759679));
#1592=CARTESIAN_POINT('',(0.0981040331591431,0.0403137840709627,-0.164082737643961));
#1593=CARTESIAN_POINT('',(0.0981040331591431,0.0403137840709627,-0.114322417759679));
#1594=CARTESIAN_POINT('',(0.0877959382704186,0.052741475098751,-0.164082737643961));
#1595=CARTESIAN_POINT('',(0.0877959382704186,0.052741475098751,-0.114322417759679));
#1596=CARTESIAN_POINT('',(0.0819333046674728,0.0553675964474678,-0.164082737643961));
#1597=CARTESIAN_POINT('',(0.0819333046674728,0.0553675964474678,-0.114322417759679));
#1598=CARTESIAN_POINT('',(0.0787787543191802,0.0565546729631911,-0.136499048242511));
#1599=CARTESIAN_POINT('',(0.0819488758905998,0.0554739039877232,-0.132905514856333));
#1600=CARTESIAN_POINT('',(0.0850255701232576,0.0537552897707229,-0.129521899542176));
#1601=CARTESIAN_POINT('',(0.0874137202650219,0.0517693382207069,-0.126955731456289));
#1602=CARTESIAN_POINT('',(0.0891919785866015,0.049724949890262,-0.125068937742352));
#1603=CARTESIAN_POINT('',(0.0907778123205101,0.0474143706301696,-0.123398461056531));
#1604=CARTESIAN_POINT('',(0.0920286292804647,0.044634165251718,-0.122092869857992));
#1605=CARTESIAN_POINT('',(0.0926955081382205,0.0414604385824858,-0.12139917909125));
#1606=CARTESIAN_POINT('',(0.0928547633377335,0.039032265879968,-0.121233741155711));
#1607=CARTESIAN_POINT('',(0.0926932415558283,0.0365551760469341,-0.12140154922953));
#1608=CARTESIAN_POINT('',(0.0921599437560567,0.0333976098399707,-0.121956251131413));
#1609=CARTESIAN_POINT('',(0.0910186669965613,0.029608188705964,-0.123146628428713));
#1610=CARTESIAN_POINT('',(0.0892127358822056,0.025527911613095,-0.125044613150725));
#1611=CARTESIAN_POINT('',(0.0870254171069427,0.0217634574383548,-0.127369772882444));
#1612=CARTESIAN_POINT('',(0.0845908124197429,0.0184979241436863,-0.129998139788405));
#1613=CARTESIAN_POINT('',(0.0818459416346816,0.0157193206034332,-0.133023580926035));
#1614=CARTESIAN_POINT('',(0.0788717627943519,0.0138256050541064,-0.13639258035399));
#1615=CARTESIAN_POINT('',(0.0757065706679876,0.0129759510842465,-0.140108269754848));
#1616=CARTESIAN_POINT('',(0.0726120578506282,0.0130794343614787,-0.143901862703745));
#1617=CARTESIAN_POINT('',(0.0696301179929552,0.0137722014922667,-0.147741891966967));
#1618=CARTESIAN_POINT('',(0.0668283390997914,0.0148678408760976,-0.151552317979178));
#1619=CARTESIAN_POINT('',(0.0646247485873799,0.0162831391995947,-0.154736736761354));
#1620=CARTESIAN_POINT('',(0.0630300908923174,0.0177990709995395,-0.157152923332407));
#1621=CARTESIAN_POINT('',(0.0619239243836059,0.0191893978162039,-0.158883255860085));
#1622=CARTESIAN_POINT('',(0.0609696455623141,0.0208352642058991,-0.160422897906723));
#1623=CARTESIAN_POINT('',(0.0599370515845945,0.0234744632083143,-0.162135816472884));
#1624=CARTESIAN_POINT('',(0.0591757110875814,0.0273377539078221,-0.163448042359694));
#1625=CARTESIAN_POINT('',(0.0589381232931525,0.0322313374143924,-0.163864773740654));
#1626=CARTESIAN_POINT('',(0.0591836906484601,0.0371432806388447,-0.163434618883924));
#1627=CARTESIAN_POINT('',(0.0597893021778079,0.0418493798551016,-0.162390948750221));
#1628=CARTESIAN_POINT('',(0.0605672131398399,0.0456778576799015,-0.161085095576922));
#1629=CARTESIAN_POINT('',(0.0613825977431291,0.0485338442385237,-0.159754599581999));
#1630=CARTESIAN_POINT('',(0.0621561146455175,0.0505442259758463,-0.15851861604701));
#1631=CARTESIAN_POINT('',(0.0630848125021914,0.0522673783499812,-0.15707088268826));
#1632=CARTESIAN_POINT('',(0.0645680053591812,0.0541866877169796,-0.154822566152018));
#1633=CARTESIAN_POINT('',(0.0667364881374143,0.0557449608572411,-0.151680488690259));
#1634=CARTESIAN_POINT('',(0.0695722868280868,0.0567300615049107,-0.147817795846167));
#1635=CARTESIAN_POINT('',(0.0725571653019206,0.0571597480293301,-0.143970551551621));
#1636=CARTESIAN_POINT('',(0.0756595880479192,0.0570953701465168,-0.140165253966319));
#1637=CARTESIAN_POINT('',(0.0787787543191802,0.0565546729631911,-0.136499048242511));
#1638=CARTESIAN_POINT('',(0.0819488758905998,0.0554739039877232,-0.132905514856333));
#1639=CARTESIAN_POINT('',(0.0850255701232576,0.0537552897707229,-0.129521899542176));
#1640=CARTESIAN_POINT('',(0.0819333046674728,0.0553675964474678,-0.13294050120167));
#1641=CARTESIAN_POINT('',(0.092585656015381,0.03604169343459,-0.114322417759682));
#1642=CARTESIAN_POINT('',(0.0923762568120558,0.034532769498576,-0.114537745402265));
#1643=CARTESIAN_POINT('',(0.0916881883971467,0.0315896082932926,-0.115245538752999));
#1644=CARTESIAN_POINT('',(0.0901569898257284,0.0275305728024188,-0.116826356423768));
#1645=CARTESIAN_POINT('',(0.0882775931709669,0.0238158144756395,-0.118777968980802));
#1646=CARTESIAN_POINT('',(0.086088275866704,0.0204230337546457,-0.12107160123773));
#1647=CARTESIAN_POINT('',(0.0836856376421091,0.0174931044862043,-0.123619281333109));
#1648=CARTESIAN_POINT('',(0.0809733442564391,0.01505599701217,-0.126543426622094));
#1649=CARTESIAN_POINT('',(0.0780609185951295,0.0135173171695048,-0.12975386757043));
#1650=CARTESIAN_POINT('',(0.0749952217393172,0.0129344231252553,-0.133231951154519));
#1651=CARTESIAN_POINT('',(0.0720004266383462,0.0131889416493896,-0.136749582020524));
#1652=CARTESIAN_POINT('',(0.0691064036131358,0.0139398677739413,-0.140284952983682));
#1653=CARTESIAN_POINT('',(0.0663690315759426,0.0151095395700474,-0.143777083384379));
#1654=CARTESIAN_POINT('',(0.0642127230995123,0.0166103933165412,-0.146663114296537));
#1655=CARTESIAN_POINT('',(0.0626702676914573,0.0182085520197648,-0.1488039334473));
#1656=CARTESIAN_POINT('',(0.061613010103735,0.0196678912174812,-0.150307020727168));
#1657=CARTESIAN_POINT('',(0.0607302980292865,0.0213689115631872,-0.151590582481535));
#1658=CARTESIAN_POINT('',(0.0598026193010605,0.0240268423964151,-0.152965651074147));
#1659=CARTESIAN_POINT('',(0.0591447830858051,0.027749562593021,-0.153966005958534));
#1660=CARTESIAN_POINT('',(0.0589476598003083,0.032359948063738,-0.154268805358313));
#1661=CARTESIAN_POINT('',(0.0591779805552978,0.0370078750399208,-0.15391532376717));
#1662=CARTESIAN_POINT('',(0.0597334794838043,0.0414731459039483,-0.153071749919094));
#1663=CARTESIAN_POINT('',(0.0605895556786425,0.0458571353591968,-0.151795509727554));
#1664=CARTESIAN_POINT('',(0.0615935486710018,0.0492942230571623,-0.150332493393278));
#1665=CARTESIAN_POINT('',(0.0627405244701979,0.0516934708122323,-0.148707123012018));
#1666=CARTESIAN_POINT('',(0.0637589176178697,0.053199213493071,-0.147292995420541));
#1667=CARTESIAN_POINT('',(0.0649461127564148,0.0544208849362959,-0.145681564411997));
#1668=CARTESIAN_POINT('',(0.0666403767042341,0.055631890328696,-0.143435630841085));
#1669=CARTESIAN_POINT('',(0.0689679686831223,0.0565736645161161,-0.140456938374439));
#1670=CARTESIAN_POINT('',(0.0718451219722235,0.0570987295597981,-0.136935940651082));
#1671=CARTESIAN_POINT('',(0.0748390157120685,0.0571552853846654,-0.133412474955459));
#1672=CARTESIAN_POINT('',(0.077879521068129,0.0567545654228894,-0.129956465882606));
#1673=CARTESIAN_POINT('',(0.0809110953212278,0.0558869508563485,-0.126609384710799));
#1674=CARTESIAN_POINT('',(0.0839178036594275,0.0544497180000297,-0.123369090625336));
#1675=CARTESIAN_POINT('',(0.086721558672642,0.0524429974209694,-0.120403511688995));
#1676=CARTESIAN_POINT('',(0.0893323691301006,0.0497109071990251,-0.117679406079041));
#1677=CARTESIAN_POINT('',(0.0914715282940316,0.0461905555996058,-0.115468264081176));
#1678=CARTESIAN_POINT('',(0.0923465351957996,0.043322644931883,-0.114568308486845));
#1679=CARTESIAN_POINT('',(0.0925856560153839,0.0418119144406018,-0.114322417759679));
#1680=CARTESIAN_POINT('',(-0.0647323277057841,0.0262225339746564,-0.11459636250974));
#1681=CARTESIAN_POINT('',(-0.0982406487757194,0.01,-0.11568397218344));
#1682=CARTESIAN_POINT('',(-0.0473241983475134,0.0100000000312853,-0.194375697915933));
#1683=CARTESIAN_POINT('',(0.0473241984283133,0.0100000000312853,-0.194375697915933));
#1684=CARTESIAN_POINT('',(-0.0473241983475134,0.012219154765475,-0.195782967637671));
#1685=CARTESIAN_POINT('',(0.0473241984283133,0.012219154765475,-0.195782967637671));
#1686=CARTESIAN_POINT('',(-0.0473241983475134,0.0145325618961879,-0.197367471079079));
#1687=CARTESIAN_POINT('',(0.0473241984283133,0.0145325618961879,-0.197367471079079));
#1688=CARTESIAN_POINT('',(-0.0473241983475134,0.0166255583154774,-0.198974424951374));
#1689=CARTESIAN_POINT('',(0.0473241984283133,0.0166255583154774,-0.198974424951374));
#1690=CARTESIAN_POINT('',(0.,0.01,-0.194375697896093));
#1691=CARTESIAN_POINT('',(0.0467630419256898,0.01,-0.194375697897174));
#1692=CARTESIAN_POINT('',(-0.753465888942636,0.0166255583154774,-0.198974424951374));
#1693=CARTESIAN_POINT('',(0.0456977052359895,0.0166255583154774,-0.198974424951374));
#1694=CARTESIAN_POINT('',(0.0456977052359895,0.0166255583154774,-0.198974424951374));
#1695=CARTESIAN_POINT('',(0.0460519786722661,0.0144906566706911,-0.197335297223569));
#1696=CARTESIAN_POINT('',(0.0464057717140075,0.01227204659166,-0.195816508815247));
#1697=CARTESIAN_POINT('',(0.0467630419206051,0.0100000000000002,-0.194375697896094));
#1698=CARTESIAN_POINT('',(-0.0417051484471282,0.0233584896969238,-0.206214138710978));
#1699=CARTESIAN_POINT('',(0.0417051484471282,0.0233584896969238,-0.206214138710978));
#1700=CARTESIAN_POINT('',(-0.0417051484471282,0.0231613326802295,-0.205319402906948));
#1701=CARTESIAN_POINT('',(0.0417051484471282,0.0231613326802295,-0.205319402906948));
#1702=CARTESIAN_POINT('',(-0.0417051484471282,0.0227926410645896,-0.203655205711549));
#1703=CARTESIAN_POINT('',(0.0417051484471282,0.0227926410645896,-0.203655205711549));
#1704=CARTESIAN_POINT('',(-0.0417051484471282,0.0222679241185806,-0.201302996037991));
#1705=CARTESIAN_POINT('',(0.0417051484471283,0.0222679241185806,-0.201302996037991));
#1706=CARTESIAN_POINT('',(-0.0417051484471282,0.0217251781903156,-0.198873518749751));
#1707=CARTESIAN_POINT('',(0.0417051484471282,0.0217251781903156,-0.198873518749751));
#1708=CARTESIAN_POINT('',(-0.0417051484471282,0.0213137184087549,-0.197023497733121));
#1709=CARTESIAN_POINT('',(0.0417051484471282,0.0213137184087549,-0.197023497733121));
#1710=CARTESIAN_POINT('',(-0.0417051484471282,0.0211115285513018,-0.196114917208205));
#1711=CARTESIAN_POINT('',(0.0417051484471282,0.0211115285513018,-0.196114917208205));
#1712=CARTESIAN_POINT('',(-0.041210620995186,0.0211115285513019,-0.196114917208204));
#1713=CARTESIAN_POINT('',(-0.041210620995186,0.0211115285513019,-0.196114917208204));
#1714=CARTESIAN_POINT('',(0.041210620995186,0.0211115285513017,-0.196114917208204));
#1715=CARTESIAN_POINT('',(0.041210620995186,0.0211115285513019,-0.196114917208204));
#1716=CARTESIAN_POINT('',(0.0405198981244454,0.0217865946267604,-0.199148461506221));
#1717=CARTESIAN_POINT('',(0.0399158211741164,0.0224710230277825,-0.202199126291657));
#1718=CARTESIAN_POINT('',(0.0393796982898243,0.0231485784505884,-0.205263204898893));
#1719=CARTESIAN_POINT('',(0.0393796982898245,0.0231485784505883,-0.205263204898893));
#1720=CARTESIAN_POINT('',(0.039215558353636,0.0233584896969238,-0.206214138710978));
#1721=CARTESIAN_POINT('',(0.0392695546501515,0.0232886111652828,-0.205897016727493));
#1722=CARTESIAN_POINT('',(0.0393242618837705,0.0232186393240246,-0.205580038055673));
#1723=CARTESIAN_POINT('',(0.0393796982898245,0.0231485784505883,-0.205263204898893));
#1724=CARTESIAN_POINT('',(0.039215558353636,0.0233584896969238,-0.206214138710978));
#1725=CARTESIAN_POINT('',(-0.0392155591239164,0.0233584896969238,-0.206214138710978));
#1726=CARTESIAN_POINT('',(-0.0392155591239164,0.0233584896969238,-0.206214138710978));
#1727=CARTESIAN_POINT('',(-0.041210620995186,0.0211115285513019,-0.196114917208204));
#1728=CARTESIAN_POINT('',(-0.0404484715045905,0.0218564022008125,-0.199462155788785));
#1729=CARTESIAN_POINT('',(-0.0397917500179218,0.0226128159379347,-0.202830130261876));
#1730=CARTESIAN_POINT('',(-0.0392155591239163,0.0233584896969238,-0.206214138710978));
#1731=CARTESIAN_POINT('',(-0.043666271110929,0.0100000000000001,-0.188509313898918));
#1732=CARTESIAN_POINT('',(0.0436662695434582,0.0100000000000001,-0.188509313898918));
#1733=CARTESIAN_POINT('',(-0.043666271110929,0.0117897486762737,-0.189571416539223));
#1734=CARTESIAN_POINT('',(0.0436662695434582,0.0117897486762737,-0.189571416539223));
#1735=CARTESIAN_POINT('',(-0.0436662711109295,0.0146800482455188,-0.191401337547114));
#1736=CARTESIAN_POINT('',(0.0436662695434578,0.0146800482455188,-0.191401337547114));
#1737=CARTESIAN_POINT('',(-0.0436662711109287,0.0180104851411752,-0.19374816337229));
#1738=CARTESIAN_POINT('',(0.0436662695434585,0.0180104851411752,-0.19374816337229));
#1739=CARTESIAN_POINT('',(-0.0436662711109292,0.0198643476216511,-0.195154529752088));
#1740=CARTESIAN_POINT('',(0.043666269543458,0.0198643476216511,-0.195154529752088));
#1741=CARTESIAN_POINT('',(-0.0436662711109291,0.020687121821377,-0.195789067612001));
#1742=CARTESIAN_POINT('',(0.0436662695434581,0.020687121821377,-0.195789067612001));
#1743=CARTESIAN_POINT('',(-0.0436662711109291,0.0211115285513025,-0.196114917208205));
#1744=CARTESIAN_POINT('',(0.0436662695434581,0.0211115285513025,-0.196114917208205));
#1745=CARTESIAN_POINT('',(-0.0412106209951859,0.0211115285513022,-0.196114917208205));
#1746=CARTESIAN_POINT('',(-0.0413664161080614,0.0202203485953723,-0.195430690007482));
#1747=CARTESIAN_POINT('',(-0.0416890838565906,0.0184451551143729,-0.194055522311761));
#1748=CARTESIAN_POINT('',(-0.0423329980673781,0.0147728375712999,-0.191467044601451));
#1749=CARTESIAN_POINT('',(-0.0428228353834513,0.0119315207393664,-0.189655549291787));
#1750=CARTESIAN_POINT('',(-0.0431484892493419,0.01,-0.188509313898918));
#1751=CARTESIAN_POINT('',(-0.0431484892493419,0.01,-0.188509313898918));
#1752=CARTESIAN_POINT('',(-5.28754817707977E-12,0.01,-0.188509313898918));
#1753=CARTESIAN_POINT('',(0.0431484876818709,0.0100000001982295,-0.188509313580718));
#1754=CARTESIAN_POINT('',(0.0412106209951859,0.0211115285513021,-0.196114917208205));
#1755=CARTESIAN_POINT('',(0.0413664161053003,0.0202203486111664,-0.195430690019608));
#1756=CARTESIAN_POINT('',(0.0416890838480162,0.0184451551618613,-0.194055522347915));
#1757=CARTESIAN_POINT('',(0.0423329980473502,0.0147728376866898,-0.1914670446797));
#1758=CARTESIAN_POINT('',(0.0428228353544281,0.0119315209079399,-0.189655549398042));
#1759=CARTESIAN_POINT('',(0.0431484892147129,0.0100000002053917,-0.188509314020805));
#1760=CARTESIAN_POINT('',(0.,0.01,0.000282588250714533));
#1761=CARTESIAN_POINT('',(0.101324304938316,0.0100000000000001,-0.112529514536299));
#1762=CARTESIAN_POINT('',(0.0806303747430391,0.0100000000000001,-0.133680953372325));
#1763=CARTESIAN_POINT('',(0.0396146980423946,0.0100000000000001,-0.175618400887934));
#1764=CARTESIAN_POINT('',(0.0413255900145629,0.0100000000000001,-0.265018472551231));
#1765=CARTESIAN_POINT('',(0.0314549252000715,0.0100000000000001,-0.290284953107758));
#1766=CARTESIAN_POINT('',(0.0113648830065053,0.0100000000000001,-0.296856747590568));
#1767=CARTESIAN_POINT('',(0.0033204355277121,0.0100000000000001,-0.296883374452591));
#1768=CARTESIAN_POINT('',(-3.68642397464936E-19,0.0100000000000001,-0.296883374452591));
#1769=CARTESIAN_POINT('',(0.0861586583263387,0.0100000000000002,-0.12100227623623));
#1770=CARTESIAN_POINT('',(0.0882846028935379,0.0100000000000002,-0.118761966210836));
#1771=CARTESIAN_POINT('',(0.0904306423412203,0.01,-0.116538443450431));
#1772=CARTESIAN_POINT('',(0.0925856560154004,0.01,-0.114322417759662));
#1773=CARTESIAN_POINT('',(0.0861586583265428,0.01,-0.1210022762364));
#1774=CARTESIAN_POINT('',(0.0861586583265363,0.01,-0.121002276236407));
#1775=CARTESIAN_POINT('',(0.085613725510612,0.01,-0.121576523790448));
#1776=CARTESIAN_POINT('',(0.0844723094266578,0.0100000000000001,-0.122784524087805));
#1777=CARTESIAN_POINT('',(0.0821948111207751,0.0099999999999998,-0.125220552338462));
#1778=CARTESIAN_POINT('',(0.0793494399807216,0.0100000000000001,-0.128318694467138));
#1779=CARTESIAN_POINT('',(0.0759731586745801,0.01,-0.132106355957329));
#1780=CARTESIAN_POINT('',(0.0715574754621876,0.00999999999999982,-0.13724075108109));
#1781=CARTESIAN_POINT('',(0.0662289710614299,0.01,-0.143839473666123));
#1782=CARTESIAN_POINT('',(0.0602424860554121,0.0100000000000002,-0.152115943999167));
#1783=CARTESIAN_POINT('',(0.0556793299693774,0.00999999999999985,-0.159373588171984));
#1784=CARTESIAN_POINT('',(0.0523422247975134,0.00999999999999991,-0.165421870230492));
#1785=CARTESIAN_POINT('',(0.0492215822912436,0.00999999999999987,-0.171668946326568));
#1786=CARTESIAN_POINT('',(0.0459407504795368,0.0100000000000001,-0.179469587496217));
#1787=CARTESIAN_POINT('',(0.0439999716538085,0.01,-0.185512268400395));
#1788=CARTESIAN_POINT('',(0.0431484876818708,0.01,-0.188509313580719));
#1789=CARTESIAN_POINT('',(-0.0861586583328959,0.0099999999999999,-0.12100227622932));
#1790=CARTESIAN_POINT('',(-0.0816043706163138,0.0099999999999999,-0.125801562432286));
#1791=CARTESIAN_POINT('',(-0.072645736782611,0.0100000000000001,-0.135589642329125));
#1792=CARTESIAN_POINT('',(-0.0603887209769253,0.01,-0.151350511966624));
#1793=CARTESIAN_POINT('',(-0.0518038297556059,0.01,-0.165818602942148));
#1794=CARTESIAN_POINT('',(-0.0463148196171145,0.01,-0.178423551922283));
#1795=CARTESIAN_POINT('',(-0.0441133356228078,0.01,-0.185113250846132));
#1796=CARTESIAN_POINT('',(-0.0431484892493419,0.01,-0.188509313898918));
#1797=CARTESIAN_POINT('',(-0.0861586583555442,0.0100000000000002,-0.121002276205453));
#1798=CARTESIAN_POINT('',(-0.0861586583328921,0.0100000000000002,-0.121002276229324));
#1799=CARTESIAN_POINT('',(-0.0882854628432558,0.0100000000000002,-0.118761060000092));
#1800=CARTESIAN_POINT('',(-0.0904313163884334,0.0100000000000002,-0.116537750319822));
#1801=CARTESIAN_POINT('',(-0.0925856560153903,0.0100000000000002,-0.114322417759672));
#1802=CARTESIAN_POINT('',(-0.0819333046674728,0.0553675964474678,-0.164030688631514));
#1803=CARTESIAN_POINT('',(-0.0819333046674728,0.0553675964474678,-0.114322417759679));
#1804=CARTESIAN_POINT('',(-0.0766929630701154,0.0577149669084965,-0.164030688631514));
#1805=CARTESIAN_POINT('',(-0.0766929630701154,0.0577149669084965,-0.114322417759679));
#1806=CARTESIAN_POINT('',(-0.0651054994915319,0.0575090038237131,-0.164030688631514));
#1807=CARTESIAN_POINT('',(-0.0651054994915319,0.0575090038237131,-0.114322417759679));
#1808=CARTESIAN_POINT('',(-0.059435559719833,0.0456743015690812,-0.164030688631514));
#1809=CARTESIAN_POINT('',(-0.059435559719833,0.0456743015690812,-0.114322417759679));
#1810=CARTESIAN_POINT('',(-0.0574608808220728,0.0195776631407627,-0.164030688631514));
#1811=CARTESIAN_POINT('',(-0.0574608808220728,0.0195776631407627,-0.114322417759679));
#1812=CARTESIAN_POINT('',(-0.0706242515672195,0.0124819239831727,-0.164030688631514));
#1813=CARTESIAN_POINT('',(-0.0706242515672195,0.0124819239831727,-0.114322417759679));
#1814=CARTESIAN_POINT('',(-0.0833997403465088,0.0130459271946247,-0.164030688631514));
#1815=CARTESIAN_POINT('',(-0.0833997403465088,0.0130459271946247,-0.114322417759679));
#1816=CARTESIAN_POINT('',(-0.0981040331591431,0.0403137840709627,-0.164030688631514));
#1817=CARTESIAN_POINT('',(-0.0981040331591431,0.0403137840709627,-0.114322417759679));
#1818=CARTESIAN_POINT('',(-0.0877959382704186,0.052741475098751,-0.164030688631514));
#1819=CARTESIAN_POINT('',(-0.0877959382704186,0.052741475098751,-0.114322417759679));
#1820=CARTESIAN_POINT('',(-0.0819333046674728,0.0553675964474678,-0.164030688631514));
#1821=CARTESIAN_POINT('',(-0.0819333046674728,0.0553675964474678,-0.114322417759679));
#1822=CARTESIAN_POINT('',(-0.0925856560153853,0.041811914440593,-0.114322417759677));
#1823=CARTESIAN_POINT('',(-0.0923477917521434,0.043314706192025,-0.114567016355304));
#1824=CARTESIAN_POINT('',(-0.0914659605275533,0.0462084548895491,-0.115473983022596));
#1825=CARTESIAN_POINT('',(-0.0893226284366436,0.0497219492525435,-0.11768953762391));
#1826=CARTESIAN_POINT('',(-0.0867076103856744,0.0524578847264531,-0.120418024921609));
#1827=CARTESIAN_POINT('',(-0.0838627774601515,0.0544843081725703,-0.12342760895649));
#1828=CARTESIAN_POINT('',(-0.0808459321157034,0.0559109884649326,-0.12668039687807));
#1829=CARTESIAN_POINT('',(-0.0778212315085613,0.0567652953552843,-0.130022004306819));
#1830=CARTESIAN_POINT('',(-0.0748111795770302,0.0571561605909132,-0.133444818819366));
#1831=CARTESIAN_POINT('',(-0.0718067062304941,0.0570961850412562,-0.136981696992693));
#1832=CARTESIAN_POINT('',(-0.0689178524520863,0.0565596390148682,-0.140519587003497));
#1833=CARTESIAN_POINT('',(-0.0665975248564555,0.0556098373014576,-0.143491404547718));
#1834=CARTESIAN_POINT('',(-0.0649057729589991,0.0543857716611131,-0.145735679971031));
#1835=CARTESIAN_POINT('',(-0.0633310194492469,0.0527489360329891,-0.147874916502066));
#1836=CARTESIAN_POINT('',(-0.0620998047386086,0.0505329052059464,-0.149609476439689));
#1837=CARTESIAN_POINT('',(-0.0611803288848812,0.0478790197245821,-0.150935216466645));
#1838=CARTESIAN_POINT('',(-0.0604454195989944,0.0451161768810211,-0.152010102549889));
#1839=CARTESIAN_POINT('',(-0.0597313932337187,0.0414640386079533,-0.153074990795423));
#1840=CARTESIAN_POINT('',(-0.0591791162698103,0.0370012925293504,-0.153913571985697));
#1841=CARTESIAN_POINT('',(-0.058949625508064,0.0324464709647554,-0.154265835287523));
#1842=CARTESIAN_POINT('',(-0.0591372918690458,0.0277972032395934,-0.15397732912089));
#1843=CARTESIAN_POINT('',(-0.05979528665414,0.0240774758369677,-0.152977069369796));
#1844=CARTESIAN_POINT('',(-0.0606865960846394,0.0214731760268645,-0.151654876421133));
#1845=CARTESIAN_POINT('',(-0.0618711022627794,0.0191469392838216,-0.149930444889996));
#1846=CARTESIAN_POINT('',(-0.0637375337179155,0.0169538857815198,-0.147300792400446));
#1847=CARTESIAN_POINT('',(-0.066275479574817,0.0151614060724264,-0.143899583757363));
#1848=CARTESIAN_POINT('',(-0.0690446546785974,0.0139586723202176,-0.140361579594208));
#1849=CARTESIAN_POINT('',(-0.0719190374983869,0.0132059289547803,-0.13684746587632));
#1850=CARTESIAN_POINT('',(-0.0744050337342237,0.0129776810486808,-0.133923988753905));
#1851=CARTESIAN_POINT('',(-0.0764475350214123,0.0132080275119193,-0.131584084677122));
#1852=CARTESIAN_POINT('',(-0.0779510726389726,0.0136061667034901,-0.129888876883962));
#1853=CARTESIAN_POINT('',(-0.0794316745899321,0.0142413071414038,-0.128242994000547));
#1854=CARTESIAN_POINT('',(-0.0813783882769794,0.0154240542156779,-0.126106908665985));
#1855=CARTESIAN_POINT('',(-0.0836144464673587,0.0174166146487307,-0.123695360661749));
#1856=CARTESIAN_POINT('',(-0.0860777189563088,0.0204058447957187,-0.121082564590041));
#1857=CARTESIAN_POINT('',(-0.0882405024843861,0.0237544032835574,-0.11881674283565));
#1858=CARTESIAN_POINT('',(-0.0901361892721926,0.0274797574186778,-0.116847819662788));
#1859=CARTESIAN_POINT('',(-0.0916832945675504,0.0315695021962755,-0.11525057888689));
#1860=CARTESIAN_POINT('',(-0.0923755660200588,0.034527791673623,-0.114538455751731));
#1861=CARTESIAN_POINT('',(-0.0925856560153816,0.0360416934345944,-0.114322417759681));
#1862=CARTESIAN_POINT('',(-0.0871398151707233,0.0668154802819266,-0.114322417759678));
#1863=CARTESIAN_POINT('',(-0.0871398151707233,0.0668154802819266,-0.120004840466425));
#1864=CARTESIAN_POINT('',(-0.0871759491931017,0.0666028214169582,-0.114322417759678));
#1865=CARTESIAN_POINT('',(-0.0871759491931017,0.0666028214169582,-0.120004840466425));
#1866=CARTESIAN_POINT('',(-0.0872496831199452,0.0660245288070341,-0.114322417759678));
#1867=CARTESIAN_POINT('',(-0.0872496831199452,0.0660245288070341,-0.120004840466425));
#1868=CARTESIAN_POINT('',(-0.0873652534633338,0.0648405336530306,-0.114322417759679));
#1869=CARTESIAN_POINT('',(-0.0873652534633338,0.0648405336530306,-0.120004840466426));
#1870=CARTESIAN_POINT('',(-0.0875366349939351,0.0636047148285975,-0.114322417759678));
#1871=CARTESIAN_POINT('',(-0.0875366349939351,0.0636047148285975,-0.120004840466425));
#1872=CARTESIAN_POINT('',(-0.0878439961816392,0.0624030545342574,-0.114322417759678));
#1873=CARTESIAN_POINT('',(-0.0878439961816392,0.0624030545342574,-0.120004840466425));
#1874=CARTESIAN_POINT('',(-0.0882558337221355,0.061323149894237,-0.114322417759678));
#1875=CARTESIAN_POINT('',(-0.0882558337221355,0.061323149894237,-0.120004840466425));
#1876=CARTESIAN_POINT('',(-0.0889287549161842,0.0602010563481531,-0.114322417759678));
#1877=CARTESIAN_POINT('',(-0.0889287549161842,0.0602010563481531,-0.120004840466425));
#1878=CARTESIAN_POINT('',(-0.0899669226344203,0.0590193872715205,-0.114322417759678));
#1879=CARTESIAN_POINT('',(-0.0899669226344203,0.0590193872715205,-0.120004840466425));
#1880=CARTESIAN_POINT('',(-0.0912258218126535,0.0581239774641255,-0.114322417759678));
#1881=CARTESIAN_POINT('',(-0.0912258218126535,0.0581239774641255,-0.120004840466425));
#1882=CARTESIAN_POINT('',(-0.092171464824912,0.057611767210357,-0.114322417759678));
#1883=CARTESIAN_POINT('',(-0.092171464824912,0.057611767210357,-0.120004840466425));
#1884=CARTESIAN_POINT('',(-0.0924901206125927,0.0574227917576886,-0.114322417759678));
#1885=CARTESIAN_POINT('',(-0.0924901206125927,0.0574227917576886,-0.120004840466425));
#1886=CARTESIAN_POINT('',(-0.0926019885886749,0.0573497893896665,-0.114322417759678));
#1887=CARTESIAN_POINT('',(-0.0926019885886749,0.0573497893896665,-0.120004840466425));
#1888=CARTESIAN_POINT('',(-0.0871398151707232,0.0668154802819264,-0.119970949277319));
#1889=CARTESIAN_POINT('',(-0.0871398151707232,0.0668154802819264,-0.119970949277319));
#1890=CARTESIAN_POINT('',(-0.0871398151707233,0.0668154802819265,-0.119970949277319));
#1891=CARTESIAN_POINT('',(-0.0872296044022482,0.0662870454494447,-0.119876800161763));
#1892=CARTESIAN_POINT('',(-0.0873214230144033,0.0651928617220058,-0.119780594865342));
#1893=CARTESIAN_POINT('',(-0.0875300007441079,0.0635882094685143,-0.119562132885739));
#1894=CARTESIAN_POINT('',(-0.0879396708574742,0.0620291933071389,-0.119133618755998));
#1895=CARTESIAN_POINT('',(-0.0886025788947776,0.0606635137884676,-0.118441886952625));
#1896=CARTESIAN_POINT('',(-0.0894684949747979,0.0595394518828314,-0.117541327864913));
#1897=CARTESIAN_POINT('',(-0.0904403423195986,0.0586663883982975,-0.116534182398449));
#1898=CARTESIAN_POINT('',(-0.0914951504448144,0.0579654352422462,-0.115444744750548));
#1899=CARTESIAN_POINT('',(-0.0922318080596506,0.0575886198107162,-0.11468628373878));
#1900=CARTESIAN_POINT('',(-0.0925856560153837,0.05736038498541,-0.114322417759679));
#1901=CARTESIAN_POINT('',(0.0315247179618203,0.0992408761454737,-0.114322417759669));
#1902=CARTESIAN_POINT('',(0.0315247179618203,0.0992408761454737,-0.206675780113166));
#1903=CARTESIAN_POINT('',(0.0332119377923702,0.098104377545706,-0.114322417759669));
#1904=CARTESIAN_POINT('',(0.0332119377923702,0.098104377545706,-0.206675780113166));
#1905=CARTESIAN_POINT('',(0.0364003150740568,0.0954012595107325,-0.114322417759669));
#1906=CARTESIAN_POINT('',(0.0364003150740568,0.0954012595107325,-0.206675780113166));
#1907=CARTESIAN_POINT('',(0.0406206457345792,0.0900354146555198,-0.114322417759669));
#1908=CARTESIAN_POINT('',(0.0406206457345792,0.0900354146555198,-0.206675780113166));
#1909=CARTESIAN_POINT('',(0.044257786931277,0.0842853540842374,-0.114322417759669));
#1910=CARTESIAN_POINT('',(0.044257786931277,0.0842853540842374,-0.206675780113166));
#1911=CARTESIAN_POINT('',(0.0472293333874498,0.0790284522911411,-0.114322417759669));
#1912=CARTESIAN_POINT('',(0.0472293333874498,0.0790284522911411,-0.206675780113166));
#1913=CARTESIAN_POINT('',(0.0496940943405496,0.0750795044930895,-0.114322417759669));
#1914=CARTESIAN_POINT('',(0.0496940943405496,0.0750795044930895,-0.206675780113166));
#1915=CARTESIAN_POINT('',(0.0529614028067724,0.0729913271896741,-0.114322417759669));
#1916=CARTESIAN_POINT('',(0.0529614028067724,0.0729913271896741,-0.206675780113166));
#1917=CARTESIAN_POINT('',(0.0572723883993637,0.0721559338789296,-0.114322417759669));
#1918=CARTESIAN_POINT('',(0.0572723883993637,0.0721559338789296,-0.206675780113166));
#1919=CARTESIAN_POINT('',(0.0625272097908107,0.0717801848477919,-0.114322417759669));
#1920=CARTESIAN_POINT('',(0.0625272097908107,0.0717801848477919,-0.206675780113166));
#1921=CARTESIAN_POINT('',(0.0702412478568917,0.0719269726098787,-0.114322417759669));
#1922=CARTESIAN_POINT('',(0.0702412478568917,0.0719269726098787,-0.206675780113166));
#1923=CARTESIAN_POINT('',(0.0779664858382804,0.0722760693429494,-0.114322417759669));
#1924=CARTESIAN_POINT('',(0.0779664858382804,0.0722760693429494,-0.206675780113166));
#1925=CARTESIAN_POINT('',(0.0832408814860857,0.0723037641313246,-0.114322417759669));
#1926=CARTESIAN_POINT('',(0.0832408814860857,0.0723037641313246,-0.206675780113166));
#1927=CARTESIAN_POINT('',(0.0864997596833691,0.0721029485791736,-0.114322417759669));
#1928=CARTESIAN_POINT('',(0.0864997596833691,0.0721029485791736,-0.206675780113166));
#1929=CARTESIAN_POINT('',(0.0888995651448431,0.0715981580986283,-0.114322417759669));
#1930=CARTESIAN_POINT('',(0.0888995651448431,0.0715981580986283,-0.206675780113166));
#1931=CARTESIAN_POINT('',(0.0905700409447849,0.0707481709143014,-0.114322417759669));
#1932=CARTESIAN_POINT('',(0.0905700409447849,0.0707481709143014,-0.206675780113166));
#1933=CARTESIAN_POINT('',(0.0916087882863123,0.0695199585144223,-0.114322417759669));
#1934=CARTESIAN_POINT('',(0.0916087882863123,0.0695199585144223,-0.206675780113166));
#1935=CARTESIAN_POINT('',(0.0920954761895413,0.0678288007217891,-0.114322417759669));
#1936=CARTESIAN_POINT('',(0.0920954761895413,0.0678288007217891,-0.206675780113166));
#1937=CARTESIAN_POINT('',(0.0922785696016166,0.0659095976668274,-0.114322417759669));
#1938=CARTESIAN_POINT('',(0.0922785696016166,0.0659095976668274,-0.206675780113166));
#1939=CARTESIAN_POINT('',(0.0924519886459096,0.0644393098806261,-0.114322417759669));
#1940=CARTESIAN_POINT('',(0.0924519886459096,0.0644393098806261,-0.206675780113166));
#1941=CARTESIAN_POINT('',(0.0927566633053628,0.0635120575287038,-0.114322417759669));
#1942=CARTESIAN_POINT('',(0.0927566633053628,0.0635120575287038,-0.206675780113166));
#1943=CARTESIAN_POINT('',(0.0932272295969761,0.0628151072694815,-0.114322417759669));
#1944=CARTESIAN_POINT('',(0.0932272295969761,0.0628151072694815,-0.206675780113166));
#1945=CARTESIAN_POINT('',(0.094081172992726,0.0622439871491318,-0.114322417759669));
#1946=CARTESIAN_POINT('',(0.094081172992726,0.0622439871491318,-0.206675780113166));
#1947=CARTESIAN_POINT('',(0.0953641089255055,0.0615779781293111,-0.114322417759669));
#1948=CARTESIAN_POINT('',(0.0953641089255055,0.0615779781293111,-0.206675780113166));
#1949=CARTESIAN_POINT('',(0.0967441626419715,0.0604859889475133,-0.114322417759669));
#1950=CARTESIAN_POINT('',(0.0967441626419715,0.0604859889475133,-0.206675780113166));
#1951=CARTESIAN_POINT('',(0.0982396863487481,0.0591045614627377,-0.114322417759669));
#1952=CARTESIAN_POINT('',(0.0982396863487481,0.0591045614627377,-0.206675780113166));
#1953=CARTESIAN_POINT('',(0.0993238780966431,0.058074905315459,-0.114322417759669));
#1954=CARTESIAN_POINT('',(0.0993238780966431,0.058074905315459,-0.206675780113166));
#1955=CARTESIAN_POINT('',(0.0998904625763642,0.0575544485370383,-0.114322417759669));
#1956=CARTESIAN_POINT('',(0.0998904625763642,0.0575544485370383,-0.206675780113166));
#1957=CARTESIAN_POINT('',(0.0320023512845271,0.0989117967238901,-0.114322417759679));
#1958=CARTESIAN_POINT('',(0.0334893392868726,0.0978641089301132,-0.121931401734046));
#1959=CARTESIAN_POINT('',(0.0360706852067536,0.095605143626468,-0.137206248504947));
#1960=CARTESIAN_POINT('',(0.0390988483243828,0.0920132925553405,-0.16018692628284));
#1961=CARTESIAN_POINT('',(0.0417931287378396,0.0881959008131125,-0.183168458343539));
#1962=CARTESIAN_POINT('',(0.0434741158143303,0.0854909847632695,-0.198475931866378));
#1963=CARTESIAN_POINT('',(0.0443048754257117,0.0841044187786737,-0.206124964830739));
#1964=CARTESIAN_POINT('',(0.0443048754257117,0.0841044187786738,-0.206124964830739));
#1965=CARTESIAN_POINT('',(0.0995706046443493,0.0578499184095888,-0.114322417759669));
#1966=CARTESIAN_POINT('',(0.0990706395965319,0.0583141318026015,-0.114833800205188));
#1967=CARTESIAN_POINT('',(0.0980766203550189,0.0592564027992591,-0.115851134018983));
#1968=CARTESIAN_POINT('',(0.0965765650344937,0.0606418635287046,-0.117389721409234));
#1969=CARTESIAN_POINT('',(0.0952566656577253,0.0616292511159627,-0.118747918514289));
#1970=CARTESIAN_POINT('',(0.0941305120153048,0.0622303502228526,-0.119910964784042));
#1971=CARTESIAN_POINT('',(0.0934391729149865,0.0626645886319742,-0.120627004832703));
#1972=CARTESIAN_POINT('',(0.0929585388742182,0.0631827056573611,-0.1211258622935));
#1973=CARTESIAN_POINT('',(0.0925910330151718,0.0638839884182611,-0.121507796002765));
#1974=CARTESIAN_POINT('',(0.0923856205677265,0.0649388912723474,-0.121721599748083));
#1975=CARTESIAN_POINT('',(0.09225382319699,0.0662221099800478,-0.121858819935617));
#1976=CARTESIAN_POINT('',(0.0921136208502577,0.0675022153452249,-0.122004877272966));
#1977=CARTESIAN_POINT('',(0.0918585076894731,0.068757453859615,-0.122270794485664));
#1978=CARTESIAN_POINT('',(0.0913447501031254,0.0698423864400064,-0.122807153899631));
#1979=CARTESIAN_POINT('',(0.0906118660553983,0.0706212765734624,-0.123574593944112));
#1980=CARTESIAN_POINT('',(0.0900638902952127,0.0709709938398562,-0.124150714583406));
#1981=CARTESIAN_POINT('',(0.0897855546704404,0.0711178816088786,-0.124444023308451));
#1982=CARTESIAN_POINT('',(0.0897855546704404,0.0711178816088787,-0.124444023308451));
#1983=CARTESIAN_POINT('',(0.0897855546704404,0.0711178816088786,-0.124444023308451));
#1984=CARTESIAN_POINT('',(0.089123095802207,0.0714674850967666,-0.125142119235608));
#1985=CARTESIAN_POINT('',(0.0877296191496425,0.0718795165373451,-0.126618345205843));
#1986=CARTESIAN_POINT('',(0.084970289669823,0.0722456480274891,-0.129581053037597));
#1987=CARTESIAN_POINT('',(0.0815353375540353,0.0723135838105074,-0.133355357267427));
#1988=CARTESIAN_POINT('',(0.0775065347885297,0.0722305831777228,-0.137962906196714));
#1989=CARTESIAN_POINT('',(0.0736006723748821,0.0720856113929206,-0.142654346344133));
#1990=CARTESIAN_POINT('',(0.0698375805744987,0.0719473901364371,-0.147447056605804));
#1991=CARTESIAN_POINT('',(0.0650404147546981,0.071827810184643,-0.153991333365067));
#1992=CARTESIAN_POINT('',(0.0606168470662601,0.0718732987308773,-0.160799244881035));
#1993=CARTESIAN_POINT('',(0.0566565967639283,0.0722628249926241,-0.167925966639204));
#1994=CARTESIAN_POINT('',(0.0539378944177385,0.0728321194203839,-0.1734594018274));
#1995=CARTESIAN_POINT('',(0.0515949288996025,0.0738532909459886,-0.178942219259902));
#1996=CARTESIAN_POINT('',(0.0489610627367138,0.0760275688630076,-0.186154875716818));
#1997=CARTESIAN_POINT('',(0.0464983495755236,0.0803903606221067,-0.194893074646846));
#1998=CARTESIAN_POINT('',(0.0449686992973005,0.0829964742090318,-0.202331042609727));
#1999=CARTESIAN_POINT('',(0.0443048754257116,0.0841044187786738,-0.206124964830739));
#2000=CARTESIAN_POINT('',(-0.0315247179381298,0.0992408761614314,-0.114322417759679));
#2001=CARTESIAN_POINT('',(-0.0315247179381298,0.0992408761614314,-0.206675780113165));
#2002=CARTESIAN_POINT('',(-0.0332119377700514,0.0981043775632812,-0.114322417759679));
#2003=CARTESIAN_POINT('',(-0.0332119377700514,0.0981043775632812,-0.206675780113165));
#2004=CARTESIAN_POINT('',(-0.0364003150543307,0.0954012595320326,-0.114322417759679));
#2005=CARTESIAN_POINT('',(-0.0364003150543307,0.0954012595320326,-0.206675780113165));
#2006=CARTESIAN_POINT('',(-0.0406206457185995,0.0900354146789121,-0.114322417759679));
#2007=CARTESIAN_POINT('',(-0.0406206457185995,0.0900354146789121,-0.206675780113165));
#2008=CARTESIAN_POINT('',(-0.0442577869185389,0.0842853541057214,-0.114322417759679));
#2009=CARTESIAN_POINT('',(-0.0442577869185389,0.0842853541057214,-0.206675780113165));
#2010=CARTESIAN_POINT('',(-0.0472293333788216,0.0790284523073343,-0.114322417759679));
#2011=CARTESIAN_POINT('',(-0.0472293333788216,0.0790284523073343,-0.206675780113165));
#2012=CARTESIAN_POINT('',(-0.0496940943312725,0.0750795045033941,-0.114322417759679));
#2013=CARTESIAN_POINT('',(-0.0496940943312725,0.0750795045033941,-0.206675780113165));
#2014=CARTESIAN_POINT('',(-0.0529614027918818,0.0729913271953605,-0.114322417759679));
#2015=CARTESIAN_POINT('',(-0.0529614027918818,0.0729913271953605,-0.206675780113165));
#2016=CARTESIAN_POINT('',(-0.0572723883791043,0.0721559338812946,-0.114322417759679));
#2017=CARTESIAN_POINT('',(-0.0572723883791043,0.0721559338812946,-0.206675780113165));
#2018=CARTESIAN_POINT('',(-0.0625272097681206,0.0717801848479796,-0.114322417759679));
#2019=CARTESIAN_POINT('',(-0.0625272097681206,0.0717801848479796,-0.206675780113165));
#2020=CARTESIAN_POINT('',(-0.0702412478345922,0.0719269726088663,-0.114322417759679));
#2021=CARTESIAN_POINT('',(-0.0702412478345922,0.0719269726088663,-0.206675780113165));
#2022=CARTESIAN_POINT('',(-0.0779664858200534,0.0722760693423328,-0.114322417759679));
#2023=CARTESIAN_POINT('',(-0.0779664858200534,0.0722760693423328,-0.206675780113165));
#2024=CARTESIAN_POINT('',(-0.0832408814723528,0.0723037641316196,-0.114322417759679));
#2025=CARTESIAN_POINT('',(-0.0832408814723528,0.0723037641316196,-0.206675780113165));
#2026=CARTESIAN_POINT('',(-0.0864997596736679,0.0721029485804056,-0.114322417759679));
#2027=CARTESIAN_POINT('',(-0.0864997596736679,0.0721029485804056,-0.206675780113165));
#2028=CARTESIAN_POINT('',(-0.0888995651384883,0.0715981581007949,-0.114322417759679));
#2029=CARTESIAN_POINT('',(-0.0888995651384883,0.0715981581007949,-0.206675780113165));
#2030=CARTESIAN_POINT('',(-0.0905700409409825,0.0707481709173254,-0.114322417759679));
#2031=CARTESIAN_POINT('',(-0.0905700409409825,0.0707481709173254,-0.206675780113165));
#2032=CARTESIAN_POINT('',(-0.0916087882844219,0.0695199585182231,-0.114322417759679));
#2033=CARTESIAN_POINT('',(-0.0916087882844219,0.0695199585182231,-0.206675780113165));
#2034=CARTESIAN_POINT('',(-0.0920954761889443,0.0678288007261466,-0.114322417759679));
#2035=CARTESIAN_POINT('',(-0.0920954761889443,0.0678288007261466,-0.206675780113165));
#2036=CARTESIAN_POINT('',(-0.0922785696013178,0.0659095976706128,-0.114322417759679));
#2037=CARTESIAN_POINT('',(-0.0922785696013178,0.0659095976706128,-0.206675780113165));
#2038=CARTESIAN_POINT('',(-0.0924519886453817,0.064439309883479,-0.114322417759679));
#2039=CARTESIAN_POINT('',(-0.0924519886453817,0.064439309883479,-0.206675780113165));
#2040=CARTESIAN_POINT('',(-0.0927566633044492,0.0635120575305988,-0.114322417759679));
#2041=CARTESIAN_POINT('',(-0.0927566633044492,0.0635120575305988,-0.206675780113165));
#2042=CARTESIAN_POINT('',(-0.0932272295957122,0.062815107270542,-0.114322417759679));
#2043=CARTESIAN_POINT('',(-0.0932272295957122,0.062815107270542,-0.206675780113165));
#2044=CARTESIAN_POINT('',(-0.0940811729913717,0.0622439871497985,-0.114322417759679));
#2045=CARTESIAN_POINT('',(-0.0940811729913717,0.0622439871497985,-0.206675780113165));
#2046=CARTESIAN_POINT('',(-0.0953641089243797,0.0615779781300639,-0.114322417759679));
#2047=CARTESIAN_POINT('',(-0.0953641089243797,0.0615779781300639,-0.206675780113165));
#2048=CARTESIAN_POINT('',(-0.0967441626411931,0.0604859889482272,-0.114322417759679));
#2049=CARTESIAN_POINT('',(-0.0967441626411931,0.0604859889482272,-0.206675780113165));
#2050=CARTESIAN_POINT('',(-0.0982396863483561,0.059104561463111,-0.114322417759679));
#2051=CARTESIAN_POINT('',(-0.0982396863483561,0.059104561463111,-0.206675780113165));
#2052=CARTESIAN_POINT('',(-0.0993238780965614,0.0580749053155323,-0.114322417759679));
#2053=CARTESIAN_POINT('',(-0.0993238780965614,0.0580749053155323,-0.206675780113165));
#2054=CARTESIAN_POINT('',(-0.0998904625764517,0.0575544485369579,-0.114322417759679));
#2055=CARTESIAN_POINT('',(-0.0998904625764517,0.0575544485369579,-0.206675780113165));
#2056=CARTESIAN_POINT('',(-0.032002351284527,0.0989117967238901,-0.11432241775968));
#2057=CARTESIAN_POINT('',(-0.0334893392868726,0.0978641089301132,-0.121931401734046));
#2058=CARTESIAN_POINT('',(-0.0360706852067536,0.095605143626468,-0.137206248504947));
#2059=CARTESIAN_POINT('',(-0.0390988483243827,0.0920132925553406,-0.16018692628284));
#2060=CARTESIAN_POINT('',(-0.0417931287378395,0.0881959008131127,-0.183168458343539));
#2061=CARTESIAN_POINT('',(-0.0434741158143303,0.0854909847632696,-0.198475931866377));
#2062=CARTESIAN_POINT('',(-0.0443048754257116,0.0841044187786738,-0.206124964830738));
#2063=CARTESIAN_POINT('',(-0.030148346945582,0.0940576936823618,-0.114322417759679));
#2064=CARTESIAN_POINT('',(-0.030148346945582,0.0940576936823618,-0.198986227825413));
#2065=CARTESIAN_POINT('',(-0.0309920784820469,0.0933896432521531,-0.114322417759679));
#2066=CARTESIAN_POINT('',(-0.0309920784820469,0.0933896432521531,-0.198986227825413));
#2067=CARTESIAN_POINT('',(-0.0326154298326972,0.0919155017442622,-0.114322417759679));
#2068=CARTESIAN_POINT('',(-0.0326154298326972,0.0919155017442622,-0.198986227825413));
#2069=CARTESIAN_POINT('',(-0.0350283957837553,0.0890829502923368,-0.114322417759679));
#2070=CARTESIAN_POINT('',(-0.0350283957837553,0.0890829502923368,-0.198986227825413));
#2071=CARTESIAN_POINT('',(-0.0373427940457592,0.0858417110766292,-0.114322417759679));
#2072=CARTESIAN_POINT('',(-0.0373427940457592,0.0858417110766292,-0.198986227825413));
#2073=CARTESIAN_POINT('',(-0.0394960839837439,0.0824364173800258,-0.114322417759679));
#2074=CARTESIAN_POINT('',(-0.0394960839837439,0.0824364173800258,-0.198986227825413));
#2075=CARTESIAN_POINT('',(-0.0411360261410842,0.0796445344731511,-0.114322417759679));
#2076=CARTESIAN_POINT('',(-0.0411360261410842,0.0796445344731511,-0.198986227825413));
#2077=CARTESIAN_POINT('',(-0.0423458706453715,0.0775516304916217,-0.114322417759679));
#2078=CARTESIAN_POINT('',(-0.0423458706453715,0.0775516304916217,-0.198986227825413));
#2079=CARTESIAN_POINT('',(-0.0435116658125927,0.07554395331884,-0.114322417759679));
#2080=CARTESIAN_POINT('',(-0.0435116658125927,0.07554395331884,-0.198986227825413));
#2081=CARTESIAN_POINT('',(-0.0451820272675798,0.0729030296724788,-0.114322417759679));
#2082=CARTESIAN_POINT('',(-0.0451820272675798,0.0729030296724788,-0.198986227825413));
#2083=CARTESIAN_POINT('',(-0.0483943400751448,0.0697827859331594,-0.114322417759679));
#2084=CARTESIAN_POINT('',(-0.0483943400751448,0.0697827859331594,-0.198986227825413));
#2085=CARTESIAN_POINT('',(-0.052160315090078,0.0681033606439971,-0.114322417759679));
#2086=CARTESIAN_POINT('',(-0.052160315090078,0.0681033606439971,-0.198986227825413));
#2087=CARTESIAN_POINT('',(-0.0555421956696909,0.0673907687629397,-0.114322417759679));
#2088=CARTESIAN_POINT('',(-0.0555421956696909,0.0673907687629397,-0.198986227825413));
#2089=CARTESIAN_POINT('',(-0.0590588600340261,0.0669683795367775,-0.114322417759679));
#2090=CARTESIAN_POINT('',(-0.0590588600340261,0.0669683795367775,-0.198986227825413));
#2091=CARTESIAN_POINT('',(-0.0638042995962438,0.0668083974217567,-0.114322417759679));
#2092=CARTESIAN_POINT('',(-0.0638042995962438,0.0668083974217567,-0.198986227825413));
#2093=CARTESIAN_POINT('',(-0.0698023049082714,0.0669318577196311,-0.114322417759679));
#2094=CARTESIAN_POINT('',(-0.0698023049082714,0.0669318577196311,-0.198986227825413));
#2095=CARTESIAN_POINT('',(-0.0757092699178514,0.0671686183788044,-0.114322417759679));
#2096=CARTESIAN_POINT('',(-0.0757092699178514,0.0671686183788044,-0.198986227825413));
#2097=CARTESIAN_POINT('',(-0.0810516732721653,0.0673270149701993,-0.114322417759679));
#2098=CARTESIAN_POINT('',(-0.0810516732721653,0.0673270149701993,-0.198986227825413));
#2099=CARTESIAN_POINT('',(-0.0852805625496602,0.0672294549526163,-0.114322417759679));
#2100=CARTESIAN_POINT('',(-0.0852805625496602,0.0672294549526163,-0.198986227825413));
#2101=CARTESIAN_POINT('',(-0.0867595288976568,0.0669338747256453,-0.114322417759679));
#2102=CARTESIAN_POINT('',(-0.0867595288976568,0.0669338747256453,-0.198986227825413));
#2103=CARTESIAN_POINT('',(-0.0871398151707236,0.0668154802819263,-0.114322417759679));
#2104=CARTESIAN_POINT('',(-0.0871398151707236,0.0668154802819263,-0.198986227825413));
#2105=CARTESIAN_POINT('',(-0.0303892164154084,0.0938643619849646,-0.114322417759679));
#2106=CARTESIAN_POINT('',(-0.0315788185114556,0.0928965147302696,-0.121313241392714));
#2107=CARTESIAN_POINT('',(-0.0336299659784546,0.0908294502066142,-0.135321524746232));
#2108=CARTESIAN_POINT('',(-0.0370105262448911,0.0864616387787244,-0.163408931739426));
#2109=CARTESIAN_POINT('',(-0.0392172105260474,0.082900775795583,-0.184465863013172));
#2110=CARTESIAN_POINT('',(-0.0406898228960218,0.0803991755620992,-0.198481274683868));
#2111=CARTESIAN_POINT('',(-0.0406898228960218,0.0803991755620992,-0.198481274683869));
#2112=CARTESIAN_POINT('',(-0.0406898228960218,0.0803991755620992,-0.198481274683869));
#2113=CARTESIAN_POINT('',(-0.0410779856641229,0.0797397840676979,-0.196655926487153));
#2114=CARTESIAN_POINT('',(-0.041905484470272,0.0783225442151338,-0.19305382798435));
#2115=CARTESIAN_POINT('',(-0.0433061876540579,0.0758654116360403,-0.187828861649013));
#2116=CARTESIAN_POINT('',(-0.0449081741015679,0.0733906704767392,-0.182687125285438));
#2117=CARTESIAN_POINT('',(-0.0467922575259065,0.0712841762583574,-0.177511682668848));
#2118=CARTESIAN_POINT('',(-0.0489830893697102,0.0696223597256333,-0.172295525411012));
#2119=CARTESIAN_POINT('',(-0.0515104173829024,0.0683930992153694,-0.167008741208001));
#2120=CARTESIAN_POINT('',(-0.0543085662372806,0.0675983220576803,-0.161803128081233));
#2121=CARTESIAN_POINT('',(-0.058328443177311,0.0669957424804556,-0.155054599972111));
#2122=CARTESIAN_POINT('',(-0.062762388532747,0.0668293327638239,-0.148548328306011));
#2123=CARTESIAN_POINT('',(-0.0675301474706477,0.0668805719969466,-0.142255685086374));
#2124=CARTESIAN_POINT('',(-0.0712574870113824,0.0669934360434393,-0.137627164963365));
#2125=CARTESIAN_POINT('',(-0.0751011500166728,0.0671399293584301,-0.13309726511854));
#2126=CARTESIAN_POINT('',(-0.0783834570734523,0.0672516471728801,-0.129394393988015));
#2127=CARTESIAN_POINT('',(-0.0810483953739257,0.0672921026865537,-0.126467191827153));
#2128=CARTESIAN_POINT('',(-0.0830643382846067,0.067282077981754,-0.12428756106808));
#2129=CARTESIAN_POINT('',(-0.0850951619814554,0.0671797366385787,-0.122121985661291));
#2130=CARTESIAN_POINT('',(-0.0864574354022633,0.0670279254286848,-0.120686463271398));
#2131=CARTESIAN_POINT('',(-0.0871398151707233,0.0668154802819264,-0.119970949277319));
#2132=CARTESIAN_POINT('',(-0.0462460776988216,0.0192208496390827,-0.210692889859678));
#2133=CARTESIAN_POINT('',(0.0462460776988219,0.0192208496390827,-0.210692889859678));
#2134=CARTESIAN_POINT('',(-0.0462460776988216,0.0181542153666822,-0.20579440446361));
#2135=CARTESIAN_POINT('',(0.0462460776988219,0.0181542153666822,-0.20579440446361));
#2136=CARTESIAN_POINT('',(-0.0462460776988216,0.0175366555752069,-0.203068622538348));
#2137=CARTESIAN_POINT('',(0.0462460776988219,0.0175366555752069,-0.203068622538348));
#2138=CARTESIAN_POINT('',(-0.0462460776988216,0.0166255583154774,-0.198974424951374));
#2139=CARTESIAN_POINT('',(0.0462460776988219,0.0166255583154774,-0.198974424951374));
#2140=CARTESIAN_POINT('',(0.0435567529281558,0.0192208496390827,-0.210692889859678));
#2141=CARTESIAN_POINT('',(0.0437903468500398,0.0188886412132056,-0.209167232786099));
#2142=CARTESIAN_POINT('',(0.0440390111949764,0.0185545983267428,-0.207644446512445));
#2143=CARTESIAN_POINT('',(0.0443048754257118,0.0182183335241345,-0.206124964830739));
#2144=CARTESIAN_POINT('',(0.0443042205334632,0.0182182732850878,-0.206124853283007));
#2145=CARTESIAN_POINT('',(0.0456977052359895,0.0166255583154774,-0.198974424951374));
#2146=CARTESIAN_POINT('',(0.0451845368359782,0.0171539184658027,-0.201348716860845));
#2147=CARTESIAN_POINT('',(0.044723494597561,0.0176888645610103,-0.203732450488316));
#2148=CARTESIAN_POINT('',(0.0443048770937519,0.0182183314143992,-0.206124955297466));
#2149=CARTESIAN_POINT('',(0.0995706046443494,0.01,-0.114322417759669));
#2150=CARTESIAN_POINT('',(0.0995706046443494,0.0845490452913461,-0.114322417759669));
#2151=CARTESIAN_POINT('',(0.0931901182216219,0.01,-0.120848611470008));
#2152=CARTESIAN_POINT('',(0.0931901182216219,0.0845490452913461,-0.120848611470008));
#2153=CARTESIAN_POINT('',(0.0804863105370587,0.01,-0.133943486385909));
#2154=CARTESIAN_POINT('',(0.0804863105370587,0.0845490452913461,-0.133943486385909));
#2155=CARTESIAN_POINT('',(0.0663308590508605,0.01,-0.15148502965632));
#2156=CARTESIAN_POINT('',(0.0663308590508605,0.0845490452913461,-0.15148502965632));
#2157=CARTESIAN_POINT('',(0.0569974758251209,0.01,-0.166870961909113));
#2158=CARTESIAN_POINT('',(0.0569974758251209,0.0845490452913461,-0.166870961909113));
#2159=CARTESIAN_POINT('',(0.0512164414904335,0.01,-0.179230657641871));
#2160=CARTESIAN_POINT('',(0.0512164414904335,0.0845490452913461,-0.179230657641871));
#2161=CARTESIAN_POINT('',(0.0469497059742925,0.01,-0.192638946264967));
#2162=CARTESIAN_POINT('',(0.0469497059742925,0.0845490452913461,-0.192638946264967));
#2163=CARTESIAN_POINT('',(0.0450004263949058,0.01,-0.202062999002235));
#2164=CARTESIAN_POINT('',(0.0450004263949058,0.0845490452913461,-0.202062999002235));
#2165=CARTESIAN_POINT('',(0.0441873648203973,0.01,-0.20680327567064));
#2166=CARTESIAN_POINT('',(0.0441873648203973,0.0845490452913461,-0.20680327567064));
#2167=CARTESIAN_POINT('',(0.0952299144548723,0.0234588198865317,-0.118776174890621));
#2168=CARTESIAN_POINT('',(0.0958356592788978,0.0236518555724365,-0.118152158093998));
#2169=CARTESIAN_POINT('',(0.0964369417991933,0.023460613396159,-0.117533955787011));
#2170=CARTESIAN_POINT('',(0.0968194360149303,0.0230145591452871,-0.117141105318123));
#2171=CARTESIAN_POINT('',(0.0969546269713568,0.0225024920847959,-0.117002322284236));
#2172=CARTESIAN_POINT('',(0.0968206466316766,0.0219870423728658,-0.117139862433928));
#2173=CARTESIAN_POINT('',(0.0964383960025419,0.0215401575332858,-0.117532460780318));
#2174=CARTESIAN_POINT('',(0.0958346211473862,0.0213483583716846,-0.118153227206734));
#2175=CARTESIAN_POINT('',(0.0952323562387743,0.0215397674084874,-0.118773658185647));
#2176=CARTESIAN_POINT('',(0.0948504564078299,0.0219846423235984,-0.119167618302672));
#2177=CARTESIAN_POINT('',(0.0947146755384911,0.0224984073948181,-0.119307786443769));
#2178=CARTESIAN_POINT('',(0.0948494475907263,0.0230135035891496,-0.119168659731423));
#2179=CARTESIAN_POINT('',(0.0952299144548723,0.0234588198865317,-0.118776174890621));
#2180=CARTESIAN_POINT('',(0.0958356592788978,0.0236518555724365,-0.118152158093998));
#2181=CARTESIAN_POINT('',(0.0964369417991933,0.023460613396159,-0.117533955787011));
#2182=CARTESIAN_POINT('',(0.0958347668181518,0.023575,-0.118153320991925));
#2183=CARTESIAN_POINT('',(0.0954732005459513,0.0572955595319578,-0.11852548641086));
#2184=CARTESIAN_POINT('',(0.0960790281374012,0.0574886453938607,-0.117901782309598));
#2185=CARTESIAN_POINT('',(0.096680366691154,0.0572973521107791,-0.117283862522993));
#2186=CARTESIAN_POINT('',(0.0970628222585822,0.0568512678946894,-0.116891246830884));
#2187=CARTESIAN_POINT('',(0.0971979712365821,0.0563392991266159,-0.116752572074923));
#2188=CARTESIAN_POINT('',(0.097064064022917,0.0558239297537096,-0.116889972572828));
#2189=CARTESIAN_POINT('',(0.0966818715023225,0.0553769885178157,-0.117282316355755));
#2190=CARTESIAN_POINT('',(0.0960780427800079,0.0551851061868482,-0.117902796478062));
#2191=CARTESIAN_POINT('',(0.0954756880165673,0.0553765408458423,-0.118522924294589));
#2192=CARTESIAN_POINT('',(0.0950937977983163,0.055821465807154,-0.118916601943655));
#2193=CARTESIAN_POINT('',(0.0949580581836756,0.0563351399400379,-0.119056626761263));
#2194=CARTESIAN_POINT('',(0.0950927569556709,0.0568501613556339,-0.118917675651942));
#2195=CARTESIAN_POINT('',(0.0954732005459513,0.0572955595319578,-0.11852548641086));
#2196=CARTESIAN_POINT('',(0.0960790281374012,0.0574886453938607,-0.117901782309598));
#2197=CARTESIAN_POINT('',(0.096680366691154,0.0572973521107791,-0.117283862522993));
#2198=CARTESIAN_POINT('',(0.0960781303298618,0.0574117695648638,-0.117902939172529));
#2199=CARTESIAN_POINT('',(0.0443048754257117,-0.622154372471912,-0.206124964830739));
#2200=CARTESIAN_POINT('',(0.274538098786677,-0.622154372471877,-0.246134125024198));
#2201=CARTESIAN_POINT('',(0.0428592245486928,-0.622154372471912,-0.215577500838095));
#2202=CARTESIAN_POINT('',(0.0428596001749374,0.0823730227609268,-0.215577550421569));
#2203=CARTESIAN_POINT('',(0.0443048754257118,0.0841044187786738,-0.206124964830739));
#2204=CARTESIAN_POINT('',(0.0437552195035792,0.0835349623788948,-0.209266388190368));
#2205=CARTESIAN_POINT('',(0.043279416458199,0.082957482266391,-0.212418910581537));
#2206=CARTESIAN_POINT('',(0.0428592245486926,0.0823730230275445,-0.215577500838095));
#2207=CARTESIAN_POINT('',(0.323057078832562,0.0602094070142547,-0.25283054523313));
#2208=CARTESIAN_POINT('',(0.0423926671576804,0.0816870123108603,-0.219270561003529));
#2209=CARTESIAN_POINT('',(0.042540433783602,0.0819167818416779,-0.218038368730195));
#2210=CARTESIAN_POINT('',(0.0426956236034341,0.0821454648051647,-0.21680729264603));
#2211=CARTESIAN_POINT('',(0.0428592250759512,0.0823730230272287,-0.215577500839801));
#2212=CARTESIAN_POINT('',(-0.0448365339308201,0.0989117967238904,-0.114322417759677));
#2213=CARTESIAN_POINT('',(0.0448365339308205,0.0989117967238904,-0.114322417759677));
#2214=CARTESIAN_POINT('',(-0.0448365339308201,0.0981621559383589,-0.119766792274224));
#2215=CARTESIAN_POINT('',(0.0448365339308205,0.0981621559383589,-0.119766792274224));
#2216=CARTESIAN_POINT('',(-0.0448365339308201,0.0966107499850382,-0.130481959621835));
#2217=CARTESIAN_POINT('',(0.0448365339308205,0.0966107499850382,-0.130481959621835));
#2218=CARTESIAN_POINT('',(-0.0448365339308201,0.0939571988554573,-0.14777361855274));
#2219=CARTESIAN_POINT('',(0.0448365339308206,0.0939571988554573,-0.14777361855274));
#2220=CARTESIAN_POINT('',(-0.0448365339308201,0.0917410820060717,-0.161727592316874));
#2221=CARTESIAN_POINT('',(0.0448365339308206,0.0917410820060717,-0.161727592316874));
#2222=CARTESIAN_POINT('',(-0.0448365339308201,0.0893685341741826,-0.176123171742394));
#2223=CARTESIAN_POINT('',(0.0448365339308205,0.0893685341741826,-0.176123171742394));
#2224=CARTESIAN_POINT('',(-0.0448365339308201,0.0868972928773815,-0.190521723283362));
#2225=CARTESIAN_POINT('',(0.0448365339308205,0.0868972928773815,-0.190521723283362));
#2226=CARTESIAN_POINT('',(-0.0448365339308201,0.0843355475651341,-0.204926027777625));
#2227=CARTESIAN_POINT('',(0.0448365339308206,0.0843355475651341,-0.204926027777625));
#2228=CARTESIAN_POINT('',(-0.0448365339308201,0.0825769262885502,-0.214498191388903));
#2229=CARTESIAN_POINT('',(0.0448365339308205,0.0825769262885502,-0.214498191388903));
#2230=CARTESIAN_POINT('',(-0.0448365339308201,0.0816870123108443,-0.219270561003615));
#2231=CARTESIAN_POINT('',(0.0448365339308205,0.0816870123108443,-0.219270561003615));
#2232=CARTESIAN_POINT('',(0.0301483469455836,0.0940576936823606,-0.114322417759679));
#2233=CARTESIAN_POINT('',(0.0301483469455836,0.0940576936823606,-0.198986227825414));
#2234=CARTESIAN_POINT('',(0.0309920784820484,0.0933896432521518,-0.114322417759679));
#2235=CARTESIAN_POINT('',(0.0309920784820484,0.0933896432521518,-0.198986227825414));
#2236=CARTESIAN_POINT('',(0.0326154298326986,0.0919155017442608,-0.114322417759679));
#2237=CARTESIAN_POINT('',(0.0326154298326986,0.0919155017442608,-0.198986227825414));
#2238=CARTESIAN_POINT('',(0.0350283957837565,0.0890829502923352,-0.114322417759679));
#2239=CARTESIAN_POINT('',(0.0350283957837565,0.0890829502923352,-0.198986227825414));
#2240=CARTESIAN_POINT('',(0.0373427940457604,0.0858417110766274,-0.114322417759679));
#2241=CARTESIAN_POINT('',(0.0373427940457604,0.0858417110766274,-0.198986227825414));
#2242=CARTESIAN_POINT('',(0.0394960839837449,0.0824364173800242,-0.114322417759679));
#2243=CARTESIAN_POINT('',(0.0394960839837449,0.0824364173800242,-0.198986227825414));
#2244=CARTESIAN_POINT('',(0.0411360261410851,0.0796445344731497,-0.114322417759679));
#2245=CARTESIAN_POINT('',(0.0411360261410851,0.0796445344731497,-0.198986227825414));
#2246=CARTESIAN_POINT('',(0.0423458706453722,0.0775516304916205,-0.114322417759679));
#2247=CARTESIAN_POINT('',(0.0423458706453722,0.0775516304916205,-0.198986227825414));
#2248=CARTESIAN_POINT('',(0.0435116658125934,0.0755439533188389,-0.114322417759679));
#2249=CARTESIAN_POINT('',(0.0435116658125934,0.0755439533188389,-0.198986227825414));
#2250=CARTESIAN_POINT('',(0.0451820272675807,0.0729030296724776,-0.114322417759679));
#2251=CARTESIAN_POINT('',(0.0451820272675807,0.0729030296724776,-0.198986227825414));
#2252=CARTESIAN_POINT('',(0.0483943400751461,0.0697827859331586,-0.114322417759679));
#2253=CARTESIAN_POINT('',(0.0483943400751461,0.0697827859331586,-0.198986227825414));
#2254=CARTESIAN_POINT('',(0.0521603150900792,0.0681033606439966,-0.114322417759679));
#2255=CARTESIAN_POINT('',(0.0521603150900792,0.0681033606439966,-0.198986227825414));
#2256=CARTESIAN_POINT('',(0.0555421956696925,0.0673907687629395,-0.114322417759679));
#2257=CARTESIAN_POINT('',(0.0555421956696925,0.0673907687629395,-0.198986227825414));
#2258=CARTESIAN_POINT('',(0.0590588600340274,0.0669683795367774,-0.114322417759679));
#2259=CARTESIAN_POINT('',(0.0590588600340274,0.0669683795367774,-0.198986227825413));
#2260=CARTESIAN_POINT('',(0.0638042995962452,0.0668083974217567,-0.114322417759679));
#2261=CARTESIAN_POINT('',(0.0638042995962452,0.0668083974217567,-0.198986227825414));
#2262=CARTESIAN_POINT('',(0.0698023049082723,0.0669318577196312,-0.114322417759679));
#2263=CARTESIAN_POINT('',(0.0698023049082723,0.0669318577196312,-0.198986227825414));
#2264=CARTESIAN_POINT('',(0.0757092699178523,0.0671686183788044,-0.114322417759679));
#2265=CARTESIAN_POINT('',(0.0757092699178523,0.0671686183788044,-0.198986227825414));
#2266=CARTESIAN_POINT('',(0.0810516732721659,0.0673270149701994,-0.114322417759679));
#2267=CARTESIAN_POINT('',(0.0810516732721659,0.0673270149701994,-0.198986227825414));
#2268=CARTESIAN_POINT('',(0.0852805625496605,0.0672294549526163,-0.114322417759679));
#2269=CARTESIAN_POINT('',(0.0852805625496605,0.0672294549526163,-0.198986227825414));
#2270=CARTESIAN_POINT('',(0.0867595288976569,0.0669338747256453,-0.114322417759679));
#2271=CARTESIAN_POINT('',(0.0867595288976569,0.0669338747256453,-0.198986227825414));
#2272=CARTESIAN_POINT('',(0.0871398151707236,0.0668154802819264,-0.114322417759679));
#2273=CARTESIAN_POINT('',(0.0871398151707236,0.0668154802819264,-0.198986227825414));
#2274=CARTESIAN_POINT('',(0.030389216415411,0.0938643619849626,-0.114322417759694));
#2275=CARTESIAN_POINT('',(0.0315787157810384,0.0928965983106134,-0.121312637686458));
#2276=CARTESIAN_POINT('',(0.0336307986482643,0.0908285556611212,-0.135327527630948));
#2277=CARTESIAN_POINT('',(0.0370107671621036,0.0864611626162871,-0.16341171446278));
#2278=CARTESIAN_POINT('',(0.0392174437300321,0.0829003796403187,-0.184468082504136));
#2279=CARTESIAN_POINT('',(0.0406898228960219,0.0803991755620991,-0.198481274683869));
#2280=CARTESIAN_POINT('',(0.0406898228960218,0.0803991755620992,-0.198481274683868));
#2281=CARTESIAN_POINT('',(0.0858940396373648,0.0670702230191637,-0.12128132781031));
#2282=CARTESIAN_POINT('',(0.084592205733892,0.0672483836516711,-0.122655147324066));
#2283=CARTESIAN_POINT('',(0.0819532116563942,0.0673110260536025,-0.125469514469988));
#2284=CARTESIAN_POINT('',(0.0780333342624049,0.0672454239566809,-0.129774124770298));
#2285=CARTESIAN_POINT('',(0.0742028383816001,0.0671049872100684,-0.134138537503441));
#2286=CARTESIAN_POINT('',(0.0692301072920514,0.0669197234879287,-0.140062679743485));
#2287=CARTESIAN_POINT('',(0.0633116016019446,0.0667908646786565,-0.147696466204118));
#2288=CARTESIAN_POINT('',(0.0579119609820505,0.0670304458473945,-0.155707854476673));
#2289=CARTESIAN_POINT('',(0.0539588274833669,0.0676749254264762,-0.162426404413543));
#2290=CARTESIAN_POINT('',(0.0512635653350189,0.0684947685846195,-0.167504609750224));
#2291=CARTESIAN_POINT('',(0.0488466963428366,0.0697131087487941,-0.172607286545269));
#2292=CARTESIAN_POINT('',(0.0467112339878599,0.0713623204798775,-0.177721501260459));
#2293=CARTESIAN_POINT('',(0.0448499533889417,0.0734706956485776,-0.182862428874627));
#2294=CARTESIAN_POINT('',(0.0432706368045285,0.0759280796257813,-0.187955480947229));
#2295=CARTESIAN_POINT('',(0.0418919013228289,0.0783456811337286,-0.193112046635892));
#2296=CARTESIAN_POINT('',(0.0410739078611633,0.0797467112353924,-0.196675102489827));
#2297=CARTESIAN_POINT('',(0.0406898228960219,0.0803991755620992,-0.198481274683868));
#2298=CARTESIAN_POINT('',(0.085894039637365,0.0670702230191636,-0.12128132781031));
#2299=CARTESIAN_POINT('',(0.0871398151707233,0.0668154802819264,-0.119970949277319));
#2300=CARTESIAN_POINT('',(0.0867337094376988,0.0669419130925687,-0.120396774233576));
#2301=CARTESIAN_POINT('',(0.086312336674633,0.0670129775713865,-0.120839900811971));
#2302=CARTESIAN_POINT('',(0.0858940396373649,0.0670702230191636,-0.12128132781031));
#2303=CARTESIAN_POINT('',(0.0925856560154004,0.0100000000000001,-0.114322417759662));
#2304=CARTESIAN_POINT('',(0.0925856560154004,0.0808215706154719,-0.114322417759662));
#2305=CARTESIAN_POINT('',(0.0865214143696189,0.0100000000000001,-0.120558348159128));
#2306=CARTESIAN_POINT('',(0.0865214143696189,0.0808215706154719,-0.120558348159128));
#2307=CARTESIAN_POINT('',(0.0744591096337104,0.0100000000000004,-0.133223941196471));
#2308=CARTESIAN_POINT('',(0.0744591096337104,0.0808215706154722,-0.133223941196471));
#2309=CARTESIAN_POINT('',(0.0609272183851165,0.00999999999999996,-0.150508834843899));
#2310=CARTESIAN_POINT('',(0.0609272183851165,0.0808215706154718,-0.150508834843899));
#2311=CARTESIAN_POINT('',(0.0519208055191832,0.01,-0.165800720550738));
#2312=CARTESIAN_POINT('',(0.0519208055191832,0.0808215706154718,-0.165800720550738));
#2313=CARTESIAN_POINT('',(0.0462957756612638,0.01,-0.178133167334431));
#2314=CARTESIAN_POINT('',(0.0462957756612638,0.0808215706154718,-0.178133167334431));
#2315=CARTESIAN_POINT('',(0.0421066141563472,0.00999999999999996,-0.191463335320804));
#2316=CARTESIAN_POINT('',(0.0421066141563472,0.0808215706154717,-0.191463335320804));
#2317=CARTESIAN_POINT('',(0.0401860722997891,0.0100000000000001,-0.200654572389899));
#2318=CARTESIAN_POINT('',(0.0401860722997891,0.0808215706154719,-0.200654572389899));
#2319=CARTESIAN_POINT('',(0.0393796982898245,0.0100000000000001,-0.205263204898893));
#2320=CARTESIAN_POINT('',(0.0393796982898245,0.0808215706154719,-0.205263204898893));
#2321=CARTESIAN_POINT('',(0.0393796982898245,0.0791791466333855,-0.205263204898893));
#2322=CARTESIAN_POINT('',(0.039776455664076,0.079590224282783,-0.202995635618927));
#2323=CARTESIAN_POINT('',(0.0402106658402415,0.0799969943463466,-0.200734526514255));
#2324=CARTESIAN_POINT('',(0.0406898228960218,0.0803991755620992,-0.198481274683868));
#2325=CARTESIAN_POINT('',(0.0393796982898245,0.0791791466333854,-0.205263204898893));
#2326=CARTESIAN_POINT('',(0.0393796982898245,-0.728963546195858,-0.205263204898893));
#2327=CARTESIAN_POINT('',(-0.753465888942636,0.0350870293362438,-0.207824667543238));
#2328=CARTESIAN_POINT('',(-0.0386149668568436,0.0504344179061265,-0.209932126148639));
#2329=CARTESIAN_POINT('',(-0.0388047466282357,0.0414088816976614,-0.208692765858497));
#2330=CARTESIAN_POINT('',(-0.0390045456031495,0.0323835636198906,-0.207453435521425));
#2331=CARTESIAN_POINT('',(-0.0392155591239162,0.0233584896969238,-0.206214138710978));
#2332=CARTESIAN_POINT('',(0.0386149663229231,0.0504344179061262,-0.209932126148639));
#2333=CARTESIAN_POINT('',(0.0388047469370378,0.0414088841297273,-0.208692766192461));
#2334=CARTESIAN_POINT('',(0.0390045435980731,0.0323835608930143,-0.207453435146978));
#2335=CARTESIAN_POINT('',(0.039215558353636,0.0233584896969238,-0.206214138710979));
#2336=CARTESIAN_POINT('',(0.0379028892638808,0.0228123950414912,-0.214918152262205));
#2337=CARTESIAN_POINT('',(0.0379028892638808,0.0795153300424822,-0.214918152262205));
#2338=CARTESIAN_POINT('',(0.0383310630912997,0.0228123950414912,-0.211699561782947));
#2339=CARTESIAN_POINT('',(0.0383310630912997,0.0795153300424822,-0.211699561782947));
#2340=CARTESIAN_POINT('',(0.0388167536046396,0.0228123950414912,-0.208480576918388));
#2341=CARTESIAN_POINT('',(0.0388167536046396,0.0795153300424822,-0.208480576918388));
#2342=CARTESIAN_POINT('',(0.0393796982898246,0.0228123950414912,-0.205263204898893));
#2343=CARTESIAN_POINT('',(0.0393796982898246,0.0795153300424822,-0.205263204898893));
#2344=CARTESIAN_POINT('',(0.0379028892638808,0.0774101380519119,-0.214918152262205));
#2345=CARTESIAN_POINT('',(0.0383320777642294,0.0780074272728419,-0.211691934468007));
#2346=CARTESIAN_POINT('',(0.0388182617744318,0.0785974460324354,-0.208471957344534));
#2347=CARTESIAN_POINT('',(0.0393796982898246,0.0791791466333854,-0.205263204898893));
#2348=CARTESIAN_POINT('',(0.0379028892638807,0.0774101380519119,-0.214918152262205));
#2349=CARTESIAN_POINT('',(0.0379028892638807,-0.622154372471912,-0.214918152262205));
#2350=CARTESIAN_POINT('',(0.0379028897875097,0.0617653379993777,-0.214918152291192));
#2351=CARTESIAN_POINT('',(0.0379028897875097,0.0775034469985472,-0.214918152291192));
#2352=CARTESIAN_POINT('',(0.0377386933403025,0.0617653379993777,-0.216152416584089));
#2353=CARTESIAN_POINT('',(0.0377386933403025,0.0775034469985472,-0.216152416584089));
#2354=CARTESIAN_POINT('',(0.0375833443161869,0.0617653379993778,-0.217384000169319));
#2355=CARTESIAN_POINT('',(0.0375833443161869,0.0775034469985473,-0.217384000169319));
#2356=CARTESIAN_POINT('',(0.0374358799222483,0.0617653379993778,-0.218611540741846));
#2357=CARTESIAN_POINT('',(0.0374358799222483,0.0775034469985473,-0.218611540741846));
#2358=CARTESIAN_POINT('',(0.0374385192918779,0.0767277994245355,-0.218589576363959));
#2359=CARTESIAN_POINT('',(0.0375856960183952,0.076956229695828,-0.217365163615844));
#2360=CARTESIAN_POINT('',(0.0377401689636496,0.0771836848064824,-0.216141324327418));
#2361=CARTESIAN_POINT('',(0.0379028897858496,0.0774101380442349,-0.214918152303672));
#2362=CARTESIAN_POINT('',(-0.0411781007707732,0.0938643619849647,-0.114322417759679));
#2363=CARTESIAN_POINT('',(0.0411781007707743,0.0938643619849647,-0.114322417759679));
#2364=CARTESIAN_POINT('',(-0.0411781007707732,0.0931016591328635,-0.119831470037905));
#2365=CARTESIAN_POINT('',(0.0411781007707743,0.0931016591328635,-0.119831470037905));
#2366=CARTESIAN_POINT('',(-0.0411781007707732,0.091540978367473,-0.130576800225301));
#2367=CARTESIAN_POINT('',(0.0411781007707743,0.091540978367473,-0.130576800225301));
#2368=CARTESIAN_POINT('',(-0.0411781007707732,0.0888937476938597,-0.14779012198021));
#2369=CARTESIAN_POINT('',(0.0411781007707743,0.0888937476938597,-0.14779012198021));
#2370=CARTESIAN_POINT('',(-0.0411781007707732,0.0866900739132027,-0.161639570002907));
#2371=CARTESIAN_POINT('',(0.0411781007707743,0.0866900739132027,-0.161639570002907));
#2372=CARTESIAN_POINT('',(-0.0411781007707732,0.0843373732117784,-0.175888215442538));
#2373=CARTESIAN_POINT('',(0.0411781007707743,0.0843373732117784,-0.175888215442538));
#2374=CARTESIAN_POINT('',(-0.0411781007707732,0.0810721330514073,-0.194886455750566));
#2375=CARTESIAN_POINT('',(0.0411781007707743,0.0810721330514073,-0.194886455750566));
#2376=CARTESIAN_POINT('',(-0.0411781007707732,0.0784903108837108,-0.209142310521726));
#2377=CARTESIAN_POINT('',(0.0411781007707743,0.0784903108837108,-0.209142310521726));
#2378=CARTESIAN_POINT('',(-0.0411781007707732,0.0767277994245355,-0.218589576363959));
#2379=CARTESIAN_POINT('',(0.0411781007707743,0.0767277994245355,-0.218589576363959));
#2380=CARTESIAN_POINT('',(-0.0374385192918787,0.0767277994245368,-0.218589576363952));
#2381=CARTESIAN_POINT('',(-0.0382478877592115,0.0779840052319594,-0.211856167537872));
#2382=CARTESIAN_POINT('',(-0.0392725923965088,0.0792096209506834,-0.205145847768174));
#2383=CARTESIAN_POINT('',(-0.0406898228960219,0.0803991755620992,-0.198481274683869));
#2384=CARTESIAN_POINT('',(-0.0925856560153929,0.01,-0.11432241775967));
#2385=CARTESIAN_POINT('',(-0.0925856560153929,0.0808215706154717,-0.11432241775967));
#2386=CARTESIAN_POINT('',(-0.0857483084184785,0.01,-0.121353342023873));
#2387=CARTESIAN_POINT('',(-0.0857483084184785,0.0808215706154717,-0.121353342023873));
#2388=CARTESIAN_POINT('',(-0.0755534563380904,0.00999999999999969,-0.132084329159655));
#2389=CARTESIAN_POINT('',(-0.0755534563380904,0.0808215706154714,-0.132084329159655));
#2390=CARTESIAN_POINT('',(-0.0632824332992467,0.00999999999999988,-0.147594851430852));
#2391=CARTESIAN_POINT('',(-0.0632824332992467,0.0808215706154716,-0.147594851430852));
#2392=CARTESIAN_POINT('',(-0.0550550079562895,0.0100000000000001,-0.160044282166294));
#2393=CARTESIAN_POINT('',(-0.0550550079562895,0.0808215706154718,-0.160044282166294));
#2394=CARTESIAN_POINT('',(-0.0492891493533432,0.00999999999999977,-0.171265344303476));
#2395=CARTESIAN_POINT('',(-0.0492891493533432,0.0808215706154714,-0.171265344303476));
#2396=CARTESIAN_POINT('',(-0.0454951377198342,0.0100000000000001,-0.180850272828772));
#2397=CARTESIAN_POINT('',(-0.0454951377198342,0.0808215706154718,-0.180850272828772));
#2398=CARTESIAN_POINT('',(-0.0423243173973068,0.00999999999999981,-0.190834198171604));
#2399=CARTESIAN_POINT('',(-0.0423243173973068,0.0808215706154715,-0.190834198171604));
#2400=CARTESIAN_POINT('',(-0.0394391347694148,0.00999999999999973,-0.2037508058389));
#2401=CARTESIAN_POINT('',(-0.0394391347694148,0.0808215706154714,-0.2037508058389));
#2402=CARTESIAN_POINT('',(-0.037956593146107,0.0099999999999999,-0.21418504054662));
#2403=CARTESIAN_POINT('',(-0.037956593146107,0.0808215706154716,-0.21418504054662));
#2404=CARTESIAN_POINT('',(-0.0373508850958595,0.0099999999999999,-0.219325960179025));
#2405=CARTESIAN_POINT('',(-0.0373508850958595,0.0808215706154716,-0.219325960179025));
#2406=CARTESIAN_POINT('',(0.0960781303298618,0.0563367695648638,-0.109322417759679));
#2407=CARTESIAN_POINT('',(0.0428733521965355,0.0815246581234929,-0.109322417759679));
#2408=CARTESIAN_POINT('',(0.0428733521965355,0.0815246581234929,-0.119322417759679));
#2409=CARTESIAN_POINT('',(0.0428733521965355,0.0804496581234929,-0.119322417759679));
#2410=CARTESIAN_POINT('',(2.1094237467878E-15,0.054455898361946,-0.119322417759679));
#2411=CARTESIAN_POINT('',(0.0812207485579422,0.0697859813378066,-0.109322417759679));
#2412=CARTESIAN_POINT('',(0.0812207485579422,0.0697859813378066,-0.119322417759679));
#2413=CARTESIAN_POINT('',(0.0812207485579422,0.0687109813378066,-0.119322417759679));
#2414=CARTESIAN_POINT('',(2.1094237467878E-15,0.054455898361946,-0.119322417759679));
#2415=CARTESIAN_POINT('',(0.0958347668181518,0.0225,-0.109322417759679));
#2416=CARTESIAN_POINT('',(-0.0958347668181518,0.0225,-0.109322417759679));
#2417=CARTESIAN_POINT('',(-0.0812207485579422,0.0697859813378066,-0.109322417759679));
#2418=CARTESIAN_POINT('',(-0.0812207485579422,0.0697859813378066,-0.119322417759679));
#2419=CARTESIAN_POINT('',(-0.0812207485579422,0.0687109813378066,-0.119322417759679));
#2420=CARTESIAN_POINT('',(2.1094237467878E-15,0.054455898361946,-0.119322417759679));
#2421=CARTESIAN_POINT('',(-0.0428733521965355,0.0815246581234929,-0.109322417759679));
#2422=CARTESIAN_POINT('',(-0.0428733521965355,0.0815246581234929,-0.119322417759679));
#2423=CARTESIAN_POINT('',(-0.0428733521965355,0.0804496581234929,-0.119322417759679));
#2424=CARTESIAN_POINT('',(2.1094237467878E-15,0.054455898361946,-0.119322417759679));
#2425=CARTESIAN_POINT('',(-0.0960781303298618,0.0563367695648638,-0.109322417759679));
#2426=CARTESIAN_POINT('',(0.,0.0963880793544274,-0.109322417759679));
#2427=CARTESIAN_POINT('',(0.,0.0963880793544274,-0.119322417759679));
#2428=CARTESIAN_POINT('',(0.,0.0953130793544274,-0.119322417759679));
#2429=CARTESIAN_POINT('',(2.1094237467878E-15,0.054455898361946,-0.119322417759679));
#2430=CARTESIAN_POINT('',(-0.0354750229517322,0.0561895429778666,-0.220816242737119));
#2431=CARTESIAN_POINT('',(0.,0.0561895429778666,-0.220816242737119));
#2432=CARTESIAN_POINT('',(0.0354750229517322,0.0561895429778666,-0.220816242737119));
#2433=CARTESIAN_POINT('',(-0.0374385192918779,0.0785272034537057,-0.223883585078781));
#2434=CARTESIAN_POINT('',(-0.0374385192918779,0.0798876082816938,-0.213976552288688));
#2435=CARTESIAN_POINT('',(-0.0374385192918779,0.0788226022567588,-0.213830308769679));
#2436=CARTESIAN_POINT('',(-3.06052252985189E-10,0.0663201106721344,-0.212113503115153));
#2437=CARTESIAN_POINT('',(0.0374385192918779,0.0785272034537057,-0.223883585078781));
#2438=CARTESIAN_POINT('',(0.0374385192918779,0.0798876082816938,-0.213976552288688));
#2439=CARTESIAN_POINT('',(0.0374385192918779,0.0788226022567588,-0.213830308769679));
#2440=CARTESIAN_POINT('',(-3.06052252985189E-10,0.0663201106721344,-0.212113503115153));
#2441=MECHANICAL_DESIGN_GEOMETRIC_PRESENTATION_REPRESENTATION('',(#888),
#2442);
#2442=(
GEOMETRIC_REPRESENTATION_CONTEXT(3)
GLOBAL_UNCERTAINTY_ASSIGNED_CONTEXT((#2443))
GLOBAL_UNIT_ASSIGNED_CONTEXT((#2446,#2445,#2444))
REPRESENTATION_CONTEXT('Part 54','TOP_LEVEL_ASSEMBLY_PART')
);
#2443=UNCERTAINTY_MEASURE_WITH_UNIT(LENGTH_MEASURE(2.24140851467296E-5),
#2446,'DISTANCE_ACCURACY_VALUE','Maximum Tolerance applied to model');
#2444=(
NAMED_UNIT(*)
SI_UNIT($,.STERADIAN.)
SOLID_ANGLE_UNIT()
);
#2445=(
NAMED_UNIT(*)
PLANE_ANGLE_UNIT()
SI_UNIT($,.RADIAN.)
);
#2446=(
LENGTH_UNIT()
NAMED_UNIT(*)
SI_UNIT($,.METRE.)
);
#2447=PRODUCT_DEFINITION_SHAPE('','',#2448);
#2448=PRODUCT_DEFINITION('','',#2450,#2449);
#2449=PRODUCT_DEFINITION_CONTEXT('',#2456,'design');
#2450=PRODUCT_DEFINITION_FORMATION_WITH_SPECIFIED_SOURCE('','',#2452,
 .NOT_KNOWN.);
#2451=PRODUCT_RELATED_PRODUCT_CATEGORY('','',(#2452));
#2452=PRODUCT('Part 54','Part 54','Part 54',(#2454));
#2453=PRODUCT_CATEGORY('','');
#2454=PRODUCT_CONTEXT('',#2456,'mechanical');
#2455=APPLICATION_PROTOCOL_DEFINITION('international standard',
'ap242_managed_model_based_3d_engineering',2020,#2456);
#2456=APPLICATION_CONTEXT('managed model based 3d engineering');
ENDSEC;
END-ISO-10303-21;
